$version=1
!Code,Latitude,Longitude
1,-9.4,-38.2
4,-9.4,-38.2
5,-9.4,-38.2
6,-9.4,-38.2
7,-9.4,-38.2
8,-9.4,-38.2
9,-9.4,-38.2
10,-9.4,-38.2
11,-9.4,-38.2
14,-9.42,-38.21
21,-9.43,-40.83
22,-9.43,-40.83
28,-9.36,-38.21
29,-9.36,-38.21
33,-9.14,-38.31
34,-9.14,-38.31
35,-9.14,-38.31
44,-6.75,-43.56
46,-6.75,-43.56
47,-6.72,-43.56
48,-12.58,-39
50,-3.83,-49.64
52,-3.83,-49.64
54,-3.83,-49.64
63,-14.23,-39.46
68,-7.63,-45.21
69,-7.63,-45.21
70,-3.83,-49.64
71,-3.83,-49.64
72,-3.82,-49.65
73,-3.82,-49.65
74,-3.69,-38.87
77,-5.49,-47.44
80,-6.59,-47.47
86,-5.638734,-43.043168
87,-5.638734,-43.043168
88,-6.72,-43.56
89,-9.62,-37.79
95,-15.97,-39.59
96,-8.35,-35.02
97,-8.35,-35.02
98,-8.35,-35.02
99,-8.35,-35.02
100,-8.35,-35.02
101,-8.35,-35.02
102,-3.87,-38.62
103,-10.44,-40.19
104,-7.86,-35.01
108,-12.66,-38.27
109,-12.66,-38.27
110,-12.5,-38.21
111,-12.5,-38.21
112,-12.5,-38.21
115,-6.35,-47.38
120,-8,-38.63
121,-7.31,-38.94
122,-8.015,-38.64
125,-3.83,-38.54
127,-4.29,-41.75
128,-12.73,-38.48
129,-12.73,-38.48
130,-7.21,-34.92
131,-3.57,-44.54
137,-7.16,-34.86
138,-7.21,-34.92
139,-8.27,-35.02
140,-12.67,-38.32
141,-8.36,-35.03
142,-3.85,-38.58
145,-6.236667,-36.023333
147,-8.353333,-35.023333
148,-8.353333,-35.023333
149,-8.353333,-35.023333
150,-12.645,-38.33
151,-5.59,-36.91
152,-5.774995,-36.785004
160,-8.4,-34.96
161,-8.4,-34.96
162,-17.57,-39.73
166,-8.755,-48.49
167,-9.76,-48.37
169,-16.34,-39.55
170,-12.7,-38.57
172,-16.37,-39.57
174,-12.62,-38.34
176,-14.23,-39.46
180,-12.64,-38.34
181,-12.633325,-38.34
182,-12.626638,-38.34
183,-11.31,-41.81
186,-12.13,-44.95
188,-13.44,-41.37
190,-3.44,-51.9
191,-6.715,-48.805
192,-1.34,-47.57
193,-3.13,-51.78
194,-3.13,-51.78
195,-3.13,-51.78
196,-7.23,-35.89
197,-4.226429,-49.276429
198,-1.57,-48.73
199,-5.2,-49.02
200,-9.4,-38.2
202,-9.48,-40.48
203,-10.44,-40.19
204,-4.87,-43.41
205,-12.31,-42.34
206,-9.44,-40.83
207,-9.87,-39.86
208,-9.36,-38.2
209,-14.52,-40.38
210,-7.63,-45.21
211,-5.638725,-43.043164
212,-8.75,-38.34
213,-14.23,-39.72
214,-12.45,-39
215,-7.56,-46.02
216,-6,-40.28
217,-6.41,-38.88
218,-3.69,-38.87
219,-3.79,-38.52
220,-8,-38.63
221,-7.31,-38.94
222,-5.3,-38.91
223,-4.95,-38
224,-5.15,-37.35
225,-3.83,-38.54
226,-3.7,-40.38
227,-4.29,-41.75
228,-5.13,-42.8
229,-6.72,-43.56
230,-4.37,-44.33
231,-3.57,-44.54
232,-2.56,-44.26
233,-7.02,-37.96
234,-3.74,-38.58
235,-1.3,-47.79
236,-4.3,-42.99
237,-8.36,-42.23
238,-5.27,-44.48
239,-5.49,-47.44
240,-8.89,-36.29
241,-8.12,-35.04
242,-9.5,-35.84
243,-8.06,-34.93
245,-7.16,-35.01
246,-5.81,-35.24
247,-7.59,-35.09
248,-7.18,-34.89
249,-8.27,-35.03
250,-7.96,-34.89
251,-5.59,-36.91
252,-8.47,-35.4
253,-8.4,-35.02
254,-8.08,-34.98
255,-8.33,-36.22
256,-7.86,-35.34
257,-8.03,-38.65
258,-10.24,-36.56
259,-9.58,-35.79
260,-7.86,-35.02
261,-7.96,-34.89
262,-17.57,-39.73
263,-15.97,-39.58
264,-12.97,-39.22
265,-11.29,-37.72
266,-12.29,-38.97
267,-16.09,-39.41
268,-12.95,-38.44
269,-16.34,-39.55
270,-10.6,-38.37
271,-10.66,-37.46
272,-12.4,-38.36
273,-10.88,-37.15
274,-12.62,-38.34
275,-12.61,-39.03
276,-14.23,-39.46
277,-12.98,-38.48
278,-12.94,-38.42
279,-12.79,-38.42
280,-12.7,-38.48
281,-12.903333,-38.44
283,-11.31,-41.81
284,-12.62,-38.34
285,-13.31,-43.35
286,-12.13,-44.95
287,-8.1,-43.67
288,-13.44,-41.37
289,-12.72,-39.19
290,-6.24,-36
291,-1.34,-48.38
292,-1.34,-47.57
293,-1.41,-48.49
295,-7.11,-41.41
296,-9.34,-38.15
297,-3.82,-49.65
298,-1.57,-48.73
299,-5.2,-49.02
300,-9.41,-38.2
301,-9.38,-38.205
302,-9.385,-38.205
312,-4.95,-38
313,-3.83,-38.54
314,-3.69,-38.87
315,-6.35,-47.38
316,-3.586667,-38.863333
317,-7.31,-38.94
318,-7.31,-38.94
319,-6.41,-38.88
325,-3.83,-38.54
326,-3.69,-40.3
327,-3.68,-38.86
328,-5.26,-42.73
329,-6.147584,-43.286392
330,-3.68,-38.86
331,-3.57,-44.54
332,-2.72,-44.32
333,-5.38,-36.82
334,-3.68,-38.86
335,-12.7,-38.57
336,-8.4,-34.97
337,-12.626638,-38.34
338,-3.69,-38.87
339,-3.69,-38.87
341,-2.72,-44.32
342,-9.4,-35.84
343,-3.83,-38.54
344,-3.69,-38.87
345,-14.86,-39.27
346,-5.87,-35.32
347,-7.31,-38.94
348,-14.86,-39.27
349,-8.88,-36.4
352,-4.95,-38
353,-8.39,-35.05
355,-11.71,-41.4
357,-12.6266,-38.34
358,-7.31,-38.94
360,-5.3,-35.87
361,-3.71,-53.72
362,-3.14,-52.18
363,-4.07,-54.9
364,-6.06,-36.53
365,-3.9,-41.19
366,-8.98,-54.96
367,-7.09,-55.39
368,-8.98,-54.96
369,-6.41,-38.88
370,-7.09,-55.39
371,-7.09,-55.39
372,-12.23,-38.375
374,-12.54,-38.99
375,-12.59,-39
376,-14.21,-41.64
381,-12.66,-38.27
385,-13.31,-43.34
387,-13.8475,-46.045
388,-12.91,-38.46
390,-1.46,-48.45
392,-1.34,-47.57
393,-9.75,-48.37
394,-14.03,-42.62
397,-4.226429,-49.276429
398,-1.57,-48.73
399,-4.51,-49.335
402,-10.273333,-48.683333
407,-7.686667,-45.751667
412,-7.86,-35.02
413,-7.86,-35.02
414,-9.4,-40.5
415,-6.35,-47.38
422,-7.86,-35.02
423,-7.31,-38.94
424,-9.44,-40.49
428,-5.26,-42.73
429,-1.3,-47.79
430,-1.3,-47.79
431,-3.57,-44.54
432,-3.57,-44.54
433,-5.38,-36.82
434,-1.46,-48.45
436,-1.34,-47.57
438,-5.343333,-45.466667
439,-5.416667,-46.453333
445,-6.24,-36
452,-5.867492,-36.722506
453,-7.686667,-45.751667
454,-5.867492,-36.722506
459,-5.036667,-46.426667
462,-3.14,-52.18
463,-4.07,-54.9
472,-11.32,-38.38
476,-14.23,-39.46
483,-11.31,-41.81
485,-13.31,-43.35
490,-1.46,-48.45
491,-1.34,-48.38
492,-1.34,-47.57
493,-1.41,-48.49
494,-1.41,-48.49
498,-1.435,-48.26
499,-4.51,-49.335
500,-9.41,-38.2
502,-5.46,-49.15
503,-5.46,-49.15
504,-9.63,-37.8
505,-9.14,-38.31
506,-9.44,-40.83
511,-3.58,-38.87
516,-4.95,-38.93
521,-7.31,-38.94
523,-5.38,-35.89
525,-3.83,-38.54
526,-3.69,-40.3
528,-5.26,-42.73
529,-6.72,-43.56
531,-3.57,-44.54
532,-2.72,-44.32
536,-7.63,-45.21
537,-8.36,-42.23
538,-5.27,-44.48
539,-5.49,-47.44
540,-8.9,-36.3
541,-8.12,-35.04
542,-9.4,-35.84
543,-8.39,-35.05
544,-7.25,-35.98
546,-5.37,-44.36
549,-8.88,-36.4
555,-11.71,-41.4
559,-4.92,-47.4
560,-4.07,-54.9
561,-3.71,-53.71
563,-4.07,-54.9
564,-4.82,-44.35
565,-3.57,-44.54
566,-7.86,-35.02
570,-6.58,-47.46
571,-9.54,-48.52
572,-9.54,-48.52
573,-10.88,-37.15
574,-12.62,-38.34
581,-13.31,-43.34
582,-11.32,-38.38
584,-12.62,-38.34
585,-13.31,-43.34
586,-9.49,-40.52
587,-13.85,-46.18
588,-13.44,-41.37
589,-12.72,-39.19
590,-9.42,-38.2
591,-7.97,-48.46
592,-1.34,-47.57
593,-9.75,-48.37
594,-7.743333,-46.293333
595,-5.49,-47.44
596,-3.252857,-49.532857
597,-3.82,-49.65
598,-1.57,-48.73
599,-5.2,-49.02
600,-9.42,-38.2
601,-9.38,-38.24
602,-9.48,-40.48
603,-10.44,-40.19
604,-9.4,-38.22
605,-9.42,-38.2
606,-9.42,-38.2
607,-7.56,-46.02
608,-9.36,-38.2
609,-8.28,-35.04
611,-9.36,-38.2
612,-9.4,-38.22
613,-9.36,-38.2
615,-6.35,-47.38
616,-6,-40.28
617,-6.41,-38.88
618,-3.69,-38.87
619,-3.79,-38.52
620,-8,-38.63
621,-7.31,-38.94
622,-5.3,-38.91
623,-4.95,-38
624,-5.15,-37.35
625,-3.83,-38.54
626,-3.7,-40.38
627,-4.29,-41.75
628,-5.13,-42.8
629,-6.75,-43.57
630,-4.37,-44.33
631,-3.57,-44.54
632,-2.56,-44.26
633,-7.02,-37.96
634,-3.74,-38.58
635,-9.36,-38.2
636,-4.3,-42.99
637,-8.36,-42.23
638,-5.27,-44.48
639,-5.49,-47.44
640,-8.89,-36.29
641,-8.89,-36.29
642,-9.5,-35.84
643,-8.06,-34.93
644,-7.27,-35.91
645,-6.24,-36.04
646,-5.81,-35.24
647,-7.59,-35.09
648,-7.18,-34.89
649,-8.27,-35.03
650,-7.96,-34.89
651,-5.59,-36.91
652,-5.96,-36.66
653,-6.27,-36.55
654,-8.08,-34.98
655,-8.33,-36.22
656,-7.86,-35.34
657,-7.63,-45.21
658,-10.24,-36.56
659,-9.58,-35.79
660,-7.86,-35.02
661,-7.96,-34.89
662,-10.24,-36.56
663,-8.06,-34.93
664,-12.97,-39.22
665,-11.29,-37.72
666,-12.29,-38.97
668,-12.95,-38.45
669,-6.72,-43.56
670,-10.6,-38.37
671,-10.66,-37.46
672,-12.4,-38.36
673,-10.88,-37.15
674,-12.62,-38.34
675,-12.61,-39.03
676,-14.21,-41.64
677,-12.98,-38.48
678,-12.94,-38.42
679,-12.79,-38.42
680,-12.7,-38.48
681,-12.66,-38.27
683,-11.31,-41.81
684,-7.59,-35.09
685,-13.31,-43.35
686,-12.13,-44.95
687,-8.1,-43.67
688,-12.91,-38.46
689,-6.41,-38.88
690,-1.46,-48.45
691,-1.34,-48.38
692,-1.34,-47.57
693,-1.41,-48.49
694,-6.23,-36.03
695,-7.11,-41.41
696,-3.82,-49.65
697,-3.75,-49.69
698,-1.57,-48.73
699,-5.2,-49.02
700,-1.34,-48.38
701,-12.865,-38.42
703,-1.34,-48.38
708,-9.36,-38.2
709,-12.7,-38.57
710,-8.755,-48.49
711,-6.316667,-47.78
712,-7.143333,-48.12
713,-9.54,-48.52
714,-12.7,-38.48
715,-6.73,-47.95
716,-6,-40.28
717,-12.7,-38.48
718,-9.54,-48.52
731,-3.57,-44.54
732,-3.57,-44.54
733,-3.57,-44.54
735,-7.35,-48.205
736,-6.11,-47.695
738,-5.343333,-45.466667
739,-5.416667,-46.453333
741,-8.12,-35.04
745,-7.16,-35.01
746,-5.87,-35.32
752,-8.47,-35.4
755,-11.716667,-41.391667
757,-8.755,-48.49
759,-5.06,-48.21
762,-3.14,-52.18
763,-4.07,-54.9
765,-3.9,-41.19
770,-15.046667,-49.18
771,-11.006667,-48.846667
774,-10.273333,-48.683333
777,-13.4,-49.03
778,-13.4,-49.03
790,-1.46,-48.45
791,-1.34,-48.38
792,-1.34,-47.57
794,-14.03,-42.62
797,-3.82,-49.65
798,-1.57,-48.73
799,-5.2,-49.02
800,-1.3,-47.79
801,-2.52,-44.3
803,-1.34,-47.57
805,-5.41,-47.56
806,-5.375,-47.565
807,-5.34,-47.57
810,-2.72,-44.32
811,-2.72,-44.32
812,-2.72,-44.32
814,-2.52,-44.17
815,-6.35,-47.38
816,-6.35,-47.38
817,-6.35,-47.38
819,-3.8,-38.53
820,-3.9,-38.54
821,-7.31,-38.94
822,-3.9,-38.54
823,-3.9,-38.54
825,-3.83,-38.54
826,-3.8,-38.53
827,-4.29,-41.75
829,-6.529187,-43.468794
831,-3.57,-44.54
832,-3.57,-44.54
833,-7.02,-37.96
836,-9.75,-45.35
838,-5.153333,-45.453333
841,-8.12,-35.04
842,-11.363333,-44.99
846,-12.17,-44.81
851,-5.59,-36.91
852,-5.867514,-36.722491
854,-10.556667,-45.17
855,-12.73,-45.266667
857,-14.683333,-46.73
858,-5.867514,-36.722491
859,-5.06,-48.21
860,-13.29,-45.723333
862,-3.14,-52.18
863,-4.07,-54.9
872,-12.4,-38.36
874,-12.62,-38.34
875,-12.61,-39.03
876,-14.23,-39.46
877,-12.98,-38.48
885,-13.31,-43.35
886,-13.31,-43.35
890,-1.46,-48.45
891,-1.34,-48.38
892,-1.34,-47.57
893,-1.34,-47.57
897,-3.82,-49.65
898,-1.57,-48.73
899,-5.2,-49.02
900,-1.3,-47.79
901,-1.3,-47.79
909,-14.52,-40.38
910,-9.54,-48.52
911,-9.54,-48.52
912,-5.46,-49.15
913,-5.46,-49.15
914,-2.52,-44.17
915,-6.35,-47.38
916,-5.98,-49.89
917,-6.03,-50.14
918,-6.35,-47.38
919,-9.54,-48.52
920,-1.46,-48.45
923,-3.57,-44.54
930,-4.37,-44.33
931,-3.57,-44.54
933,-3.57,-44.54
934,-5.27,-44.48
935,-5.27,-44.48
936,-6.44,-50.02
938,-5.27,-44.48
939,-5.49,-47.44
940,-5.49,-47.44
941,-8.12,-35.04
942,-5.49,-47.44
944,-5.49,-47.44
945,-5.49,-47.44
947,-5.49,-47.44
948,-5.98,-49.89
949,-1.57,-48.73
950,-1.57,-48.73
951,-1.57,-48.73
952,-1.57,-48.73
953,-1.57,-48.73
954,-1.57,-48.73
955,-1.57,-48.73
956,-1.57,-48.73
969,-7.63,-45.21
972,-12.4,-38.36
974,-12.62,-38.34
976,-14.23,-39.46
977,-12.98,-38.48
978,-1.41,-48.49
984,-1.34,-48.38
985,-1.34,-48.38
986,-1.57,-48.73
987,-1.57,-48.73
988,-5.4,-49.115
989,-1.57,-48.73
990,-1.46,-48.45
991,-1.34,-48.38
992,-1.34,-47.57
993,-1.41,-48.49
994,-1.46,-48.45
995,-1.46,-48.45
996,-1.34,-48.38
999,-5.2,-49.02
1000,-5.2,-49.02
1001,-19.86,-50.35
1002,-21.12,-50.2
1003,-21.76,-48.99
1004,-21.3,-49.78
1005,-21.63,-47.01
1006,-22.52,-48.53
1007,-21.58,-46.62
1008,-21.6,-46.95
1009,-22.15,-48.75
1010,-1.34,-48.38
1013,-1.34,-47.57
1021,-23.525,-46.175
1022,-23.38,-46.4
1023,-23.59,-46.18
1024,-23.68,-46.12
1025,-23.2,-46.02
1026,-23.8,-45.41
1027,-23.22,-45.85
1028,-23.32,-46.4
1029,-23.68,-45.64
1030,-23.69,-45.45
1031,-23.619082,-45.430975
1032,-23.32,-45.73
1033,-23.21,-45.86
1034,-23.23,-45.82
1035,-23.32,-46.1
1036,-23.14,-45.92
1037,-23.18681,-45.916138
1038,-23.192463,-45.904936
1039,-23.76,-45.41
1040,-23.76,-45.71
1051,-23.523904,-46.26263
1052,-23.523856,-46.262634
1053,-23.78,-45.56
1054,-22.66,-44.93
1055,-23.75,-45.77
1056,-23.43,-46.26
1057,-23.62,-46.13
1058,-23.78,-45.61
1059,-23.63,-45.43
1060,-23.33,-46.4
1061,-23.81,-45.41
1062,-23.58,-45.34
1063,-23.55,-46.18
1064,-23.48,-46.56
1065,-23.45,-46.38
1066,-23.55,-46.18
1067,-23.2,-45.89
1068,-23.06,-45.59
1069,-22.87,-45.26
1070,-22.66,-44.93
1081,-18.5,-49.49
1082,-18.5,-49.49
1083,-18.5,-49.49
1084,-18.5,-49.49
1085,-18.5,-49.49
1091,-15.796338,-47.951858
1092,-15.841535,-48.025701
1151,-18.15,-47.95
1152,-18.5,-49.49
1153,-18.5,-49.49
1154,-17.41,-52.48
1155,-17.81,-49.23
1156,-18.44,-50.42
1157,-17.8,-50.91
1158,-17.62339,-51.658983
1159,-18.02,-50.35
1160,-18.15,-47.95
1161,-17.755,-50.91
1162,-18.37,-49.21
1163,-17.4,-50.39
1164,-17.8,-48.62
1166,-18.584,-51.072
1167,-17.63,-51.69
1168,-17.591356,-51.575593
1169,-17.35,-52.81
1170,-16.68,-49.28
1171,-16.79,-49.24
1172,-16.79,-49.24
1173,-16.67,-49.3
1174,-16.59,-50.33
1175,-16.66,-49.26
1176,-16.75,-49.25
1177,-16.73,-49.29
1178,-16.68,-49.24
1179,-16.427888,-49.632472
1180,-16.44,-51.08
1181,-16.58,-49.32
1182,-16.58,-49.26
1183,-16.58,-49.26
1184,-16.66,-49.36
1185,-16.79,-49.24
1186,-16.64,-49.18
1187,-16.78,-49.94
1188,-16.96,-48.94
1189,-17.31,-48.29
1190,-16.087859,-49.836715
1191,-16.74,-49.18
1192,-16.72,-49.35
1193,-16.013068,-50.812101
1194,-16.59,-50.33
1195,-16.81,-49.31
1196,-16.519472,-49.448118
1197,-16.64,-49.47
1198,-16.625,-49.0675
1199,-16.7,-49.11
1200,-18.2,-47.97
1201,-16.55,-49.025
1202,-16.72,-49.35
1203,-15.54,-47.37
1204,-16.15,-47.99
1205,-15.18,-48.29
1206,-15.77,-48.28
1207,-16.442709,-48.171151
1208,-17.81,-49.23
1209,-16.29,-48.94
1210,-15.92,-48.8
1211,-16.4,-48.94
1212,-16.36,-48.95
1213,-16.280909,-48.896364
1214,-16.43,-49.43
1216,-15.34,-49.11
1217,-15.729206,-50.496302
1218,-16.365,-47.7
1219,-13.55,-48.23
1220,-16.703333,-47.69
1221,-13.45,-49.16
1222,-13.55,-48.23
1223,-14.94,-49.52
1224,-15.991298,-48.037659
1225,-16.08,-48.02
1226,-16.29,-47.61
1227,-16.145,-48.135
1228,-14.48,-47.04
1229,-14.12,-46.63
1230,-16.23,-47.94
1231,-16.33,-48.9
1232,-16.19,-47.965
1233,-16.29,-47.688571
1234,-16.09,-47.95
1235,-14.94,-49.52
1236,-15.93,-48.29
1237,-16.79,-47.89
1238,-17.99,-48.54
1240,-18.37,-49.21
1241,-17.81,-49.23
1242,-15.77,-48.28
1244,-16.78,-49.94
1245,-16.59,-51.81
1246,-16.34,-51.44
1247,-18.07,-51.17
1248,-14.49,-48.47
1249,-17.94,-51.73
1250,-16.795,-49.925
1251,-16.81,-49.91
1252,-14.94,-49.52
1253,-14.58,-49.97
1254,-17.1,-47.62
1256,-16.49,-49.24
1257,-17.75,-50.94
1258,-16.75,-49.25
1262,-13.45,-49.16
1267,-16.73,-47.62
1268,-18.14,-48.27
1269,-18.06,-48.21
1270,-18.456667,-50.116667
1271,-18.43,-50.44
1272,-14.23,-46.27
1273,-16.285455,-48.918182
1274,-17.75,-50.94
1278,-16.39,-48.87
1279,-16.475,-48.9825
1291,-15.63,-56
1293,-15.59,-56.08
1295,-15.67,-56.13
1297,-15.59,-56.13
1299,-15.57,-56.083333
1300,-15.55,-56.04
1302,-15.63,-56.1
1304,-15.57,-56.08
1306,-15.65,-56.2
1307,-15.61,-56.074
1308,-15.463333,-55.446667
1309,-15.55,-55.18
1310,-15.57,-54.31
1311,-15.18,-54.12
1312,-14.45,-54.04
1315,-12.58,-55.76
1316,-15.98,-54.96
1317,-16.47,-54.6
1319,-16.47,-54.6
1320,-16.46,-54.64
1322,-17.31,-54.76
1323,-16.79,-54.04
1325,-17.25,-53.32
1326,-16.08,-56.57
1330,-12.58,-55.76
1331,-16.5,-52.62
1332,-15.88,-52.34
1333,-14.65,-52.36
1334,-14.08,-52.15
1335,-13.55,-52.26
1336,-12.6,-52.21
1337,-11.67,-51.39
1338,-10.65,-51.56
1339,-10.03,-51.12
1340,-16.24,-56.64
1341,-16.1,-57.67
1342,-15.64,-58.17
1343,-15.48,-58.34
1344,-15.38,-58.83
1345,-15.25,-59.33
1346,-14.52,-59.55
1347,-13.65,-59.78
1348,-10.65,-51.56
1350,-15.17,-53.66
1351,-14.74,-56.34
1353,-14.64,-56.27
1354,-14.741818,-56.87
1355,-14.74,-57.05
1356,-14.74,-57.05
1357,-14.355906,-57.705848
1358,-14.3,-57.96
1359,-14.43,-56.43
1361,-15.04,-57.18
1362,-14.853333,-57.173333
1363,-14.78,-57.29
1366,-15.23,-56.5
1367,-12.085,-58.405
1370,-13.67,-57.9
1371,-12.801429,-58.237143
1372,-13.54,-58.8
1373,-12.12,-58.02
1374,-11.603333,-58.103333
1375,-11.27,-57.52
1376,-11.42,-58.77
1377,-13.81,-55.28
1378,-13.52,-55.15
1379,-16.46,-54.56
1380,-13.83,-56.08
1381,-13.44,-56.73
1382,-13.01,-55.93
1383,-12.58,-55.76
1384,-11.89,-55.54
1385,-15.57,-56.083333
1386,-11.89,-55.54
1387,-11.84,-55.49
1388,-11.29,-58.74
1389,-11.333659,-55.310244
1390,-11.51,-54.87
1391,-10.81,-55.45
1392,-10.16,-54.93
1393,-9.89,-56.1
1394,-13.83,-56.08
1395,-9.97,-57.45
1396,-12.085,-58.405
1397,-12.24,-56.16
1398,-13.01,-55.93
1399,-10.34,-58.5
1400,-14.713626,-57.913392
1401,-15.031209,-58.061131
1402,-13.456842,-57.606842
1403,-15.269231,-58.766154
1404,-15.25,-58.895
1405,-15.31,-58.78
1406,-17.08,-54.87
1407,-17.59,-54.91
1408,-14.49,-59.53
1409,-13.85,-53.26
1410,-9.573981,-55.182524
1411,-13.428947,-57.318947
1412,-9.005243,-55.088447
1413,-9.35,-56.84
1417,-14.753762,-57.973197
1418,-10.038333,-56.89
1419,-11.98,-55.52
1420,-11.124634,-55.380976
1421,-19.46,-41.1
1423,-20.21,-42.85
1424,-18.79,-48.15
1425,-18.66,-48.44
1426,-18.45,-47.98
1427,-21.14,-45.04
1428,-19.71,-42.96
1429,-19.99,-47.76
1430,-20.02,-47.43
1431,-16.74,-42.57
1432,-21.29,-44.63
1433,-18.91,-48.04
1434,-16.3775,-43.6825
1435,-19.13,-47.7
1436,-19.12,-42.66
1437,-21.88,-43.54
1438,-19.49,-47.54
1440,-16.21,-47.32
1441,-19.65,-42.85
1442,-17.9,-40.2
1443,-19.17,-42.78
1444,-21.98,-43.36
1445,-19.02,-50.5
1446,-18.22,-45.26
1447,-15.536,-43.52
1448,-20.03,-48.22
1450,-20.58,-43.97
1452,-19.02,-42.12
1453,-21.3,-44.63
1454,-19.534507,-42.637447
1456,-20.28,-42.65
1480,-21.19,-43.75
1481,-21.47,-43.53
1482,-20,-43.99
1483,-20.33,-43.78
1484,-20.33,-43.78
1485,-19.79,-45.31
1486,-22.47,-45.52
1487,-20.01,-47.44
1488,-20.01,-47.44
1489,-21.71,-43.4
1491,-20.66,-43.82
1492,-20.19,-43.86
1493,-16.67,-43.82
1494,-19.42,-42.55
1496,-19.82,-44.1
1497,-19.82,-44.1
1498,-20.3,-43.76
1499,-20.3,-43.76
1500,-20.47,-45.79
1502,-19.34,-46.01
1503,-19.34,-46.01
1504,-20.07,-44.84
1505,-19.52,-44.32
1508,-19.93,-43.85
1509,-18.46,-47.99
1510,-16.73,-42.57
1511,-20.01,-47.44
1512,-19.13,-47.7
1514,-19.02,-50.49
1515,-18.21,-45.26
1516,-18.21,-45.26
1517,-20.04,-48.22
1518,-19.74,-43.91
1519,-17.59,-44.74
1521,-16.73,-42.57
1522,-16.83,-42.02
1523,-17.07,-47.11
1524,-17.34,-44.87
1525,-17.34,-44.87
1526,-20.04,-44.31
1527,-19.974,-44.102
1540,-19.98,-43.95
1545,-19.9,-43.98
1546,-19.94,-44.02
1547,-20,-43.99
1548,-19.96,-44.08
1549,-19.99,-44.19
1550,-19.96,-44.14
1551,-19.92,-44.18
1552,-19.98,-43.98
1553,-19.92,-43.95
1554,-19.93,-43.93
1555,-19.93,-44.07
1556,-19.83,-43.86
1557,-19.54,-44.08
1558,-19.9,-44.03
1559,-19.94,-43.96
1560,-19.9,-43.92
1561,-20,-44.03
1562,-19.82,-43.88
1563,-19.87,-43.94
1564,-19.56,-44.11
1565,-19.96,-43.83
1566,-19.82,-44.1
1567,-19.79,-44
1568,-19.83,-44.04
1569,-19.77,-44.12
1570,-19.7,-43.94
1571,-19.99,-43.87
1572,-19.83,-43.95
1573,-19.29,-44.39
1574,-19.6,-44.05
1575,-19.97,-44.09
1576,-19.91,-43.82
1577,-19.93,-43.91
1578,-19.95,-43.94
1579,-19.44,-44.24
1580,-19.47,-44.21
1581,-19.51,-44.27
1582,-19.52,-44.32
1583,-19.76,-43.84
1584,-19.78,-43.92
1585,-19.87,-43.91
1586,-19.78,-43.95
1587,-19.93,-43.85
1588,-19.97,-44.28
1589,-19.74,-43.91
1590,-19.69,-43.95
1591,-19.91,-43.46
1592,-19.68,-44.17
1593,-19.93,-43.97
1594,-19.96,-44.03
1595,-19.92,-44.12
1596,-20.21,-43.73
1597,-19.89,-43.37
1598,-19.48,-44.19
1599,-20.16,-43.95
1600,-19.11,-42.73
1607,-19.32,-46.06
1609,-19.81,-43.11
1610,-19.87,-43.74
1611,-16.85,-42.07
1612,-19.85,-43.44
1613,-19.82,-43.13
1614,-18.3,-41.75
1615,-19.77,-42.13
1616,-19.18,-41.48
1617,-18.55,-41.91
1618,-18.85,-41.98
1619,-18.85,-41.98
1620,-19.6,-43.29
1621,-19.57,-42.12
1622,-19.44,-42.56
1623,-19.44,-42.56
1624,-19.21,-42.35
1626,-19.6,-43.2
1627,-16.57,-41.49
1628,-16.44,-41.02
1629,-20.24,-42.03
1630,-19.42,-42.55
1631,-19.7,-43.05
1632,-18.55,-42.57
1633,-17.08,-41.49
1634,-18.85,-41.98
1635,-19.93,-43.85
1636,-17.87,-41.52
1637,-19.5,-41.02
1638,-19.68,-42.92
1640,-19.12,-42.67
1641,-17.865,-40.285
1644,-19.42,-42.55
1645,-19.01,-42.12
1646,-19.54,-42.64
1647,-16.83,-42.02
1648,-19.42,-42.55
1649,-18.8,-42.96
1650,-20.58,-43.97
1651,-19.48,-42.55
1652,-19.12,-42.72
1653,-19.165556,-42.727778
1654,-19.116667,-42.723333
1655,-20.7,-42.06
1656,-18.72,-42.26
1657,-19.09,-42.85
1659,-19.52,-42.77
1661,-18.76,-41.31
1666,-20.4,-43.52
1667,-21.19,-43.75
1668,-21.16,-43.97
1669,-20.91,-43.83
1670,-20.43,-43.89
1671,-21.18,-44.27
1672,-21.37,-43.57
1673,-21.71,-43.4
1674,-21.66,-43.43
1675,-20.66,-43.82
1677,-20.21,-43.5
1678,-20.39,-43.43
1679,-20.4,-43.51
1680,-20.3,-43.76
1681,-20.43,-42.9
1682,-20.115,-43.805
1683,-19.96,-43.83
1684,-21.44,-43.55
1685,-21.14,-44.25
1686,-20.326667,-42.77
1687,-21.51,-43.37
1688,-21.79,-43.51
1689,-21.98,-43.35
1690,-20.75,-42.88
1691,-20.49,-43.46
1692,-21.77,-43.4
1693,-21.75,-43.35
1694,-21.78,-43.34
1695,-21.47,-43.53
1696,-21.49,-43.4
1697,-21.85,-43.89
1699,-20.26,-43.79
1708,-15.92,-43.33
1710,-15.985882,-43.407647
1712,-18.65,-48.21
1713,-19.61,-46.94
1714,-19.72625,-47.0525
1715,-18.77,-49.07
1716,-20.59,-46.91
1717,-18.47,-47.21
1718,-18.98,-46.31
1719,-20.06,-48.94
1720,-19.51,-46.56
1721,-18.99,-47.48
1722,-19.326667,-48.116667
1723,-18.74,-47.5
1724,-19.14,-47.69
1725,-20.7,-46.59
1726,-22.56,-45.77
1727,-20.73,-46.87
1728,-18.59,-46.53
1729,-18.61,-46.47
1730,-19.37,-46.26
1731,-19.86,-47.45
1732,-20.91,-46.98
1733,-19.72,-47.92
1735,-19.74,-47.98
1736,-19.35,-48.09
1737,-19.98,-47.89
1738,-19.78,-47.91
1739,-18.91,-48.34
1740,-18.93,-48.26
1741,-18.91,-48.22
1742,-19.63,-46.98
1743,-18.71,-48.232
1744,-18.46,-47.99
1745,-19.936667,-47.846667
1746,-20.02,-47.44
1747,-18.91,-48.05
1748,-19.343333,-46.11
1749,-18.625,-48.07
1750,-18.81,-48.39
1751,-19.94,-47.81
1752,-19.67,-46.91
1760,-20.31,-45.58
1770,-20.3,-45.55
1771,-19.75,-45.25
1772,-20.15,-44.88
1773,-20.12,-44.93
1774,-20.13,-44.84
1775,-20.19,-45.71
1776,-20.05,-44.57
1777,-20.01,-44.43
1778,-19.87,-44.99
1779,-20.36,-45.66
1780,-20.47,-45.79
1781,-20.27,-45.21
1782,-19.86,-44.62
1783,-20.07,-44.84
1784,-20.1,-44.85
1785,-20.43,-44.78
1786,-20.1,-44.84
1800,-17.11,-43.82
1801,-17.07,-46.04
1802,-17.397476,-45.178213
1803,-18.37,-44.48
1804,-18.74,-44.4
1805,-18.23,-43.62
1806,-16.35,-43.67
1807,-17.64,-47.04
1808,-15.09,-44.09
1809,-15.82,-43.3
1810,-15.82,-43.3
1811,-15.91,-43.34
1812,-17.24,-44.45
1813,-17.75,-46.18
1814,-15.35,-43.69
1815,-15.11,-43.81
1816,-15.11,-43.97
1817,-16.67,-43.82
1818,-16.25,-44.18
1819,-15.09,-44.02
1820,-17.22,-46.86
1821,-17.01,-46.23
1822,-17.35,-44.92
1823,-16.18,-42.29
1824,-17.34,-44.87
1825,-17.31,-44.92
1826,-16.21,-47.32
1827,-18.21,-45.26
1828,-16.72,-46.82
1829,-16.4,-46.89
1830,-17.99,-46.89
1831,-17.59,-44.74
1833,-17.34,-44.87
1834,-16.72,-43.88
1838,-16.19,-47.03
1839,-18.033529,-45.905898
1840,-18.22,-45.99
1851,-22.6,-45.55
1858,-21.17,-46.46
1860,-21.45,-45.95
1861,-21.4,-45.98
1862,-22.08,-46.58
1863,-21.12,-45.57
1864,-22.28,-46.16
1865,-21.65,-46.41
1866,-22.47,-45.61
1868,-21.86,-45.28
1869,-21.97,-44.92
1871,-21.29,-46.7
1872,-22.44,-45.46
1873,-22.47,-45.52
1874,-21.29,-44.62
1875,-21.89,-45.59
1876,-21.26,-44.97
1877,-21.7,-45.91
1878,-22.32,-45.36
1879,-21.67,-44.61
1880,-21.38,-46.52
1881,-21.24,-45.22
1882,-22.28,-46.36
1883,-22.22,-45.93
1884,-22.29,-45.9
1885,-21.56,-45.73
1886,-21.926,-46.509333
1887,-21.8,-46.54
1888,-22.1,-45.05
1889,-22.03,-46.33
1890,-22.27,-45.71
1891,-21.71,-45.25
1892,-21.67,-45.33
1893,-21.38,-45.51
1894,-21.14,-45.04
1895,-21.3,-44.63
1896,-21.54,-45.43
1897,-21.6,-45.44
1898,-22.43,-46.56
1899,-22.56,-45.77
1900,-21.33,-44.62
1921,-22.29,-42.51
1922,-22.27,-42.57
1923,-22.06,-42.68
1924,-22.145,-42.6
1926,-22.23,-42.52
1927,-22.26,-42.68
1928,-22.27,-42.57
1930,-22.292855,-42.573398
1935,-22.33,-42.52
1941,-23,-44.45
1943,-23,-44.3
1945,-22.99,-44.24
1947,-22.94,-44.01
1950,-21.683112,-41.367262
1951,-21.77,-41.33
1952,-21.911421,-41.748594
1953,-21.73,-41.36
1954,-21.911421,-41.748594
1955,-21.77,-41.33
1958,-22.64,-43.29
1960,-22.7,-43.28
1961,-22.7,-43.28
1962,-21.155,-41.81
1963,-22.62,-43.21
1964,-21.36,-41.71
1966,-22.62,-43.21
1967,-21.503826,-41.55914
1969,-22.72,-43.24
1970,-21.095,-41.8
1971,-20.99,-41.71
1972,-21.2,-41.89
1973,-21.25,-41.76
1974,-21.11,-41.73
1978,-22.827875,-43.06675
1979,-22.315615,-42.233331
1980,-22.62,-42.27
1981,-22.65,-42.39
1982,-22.85,-42.32
1983,-22.855556,-42.316667
1984,-22.82,-42.11
1985,-22.85,-42.05
1986,-22.85,-42.05
1987,-22.62,-42
1989,-22.42,-42.01
1990,-22.4,-41.84
1991,-21.98,-42.29
1992,-21.92,-42.26
1993,-21.71,-41.28
1994,-21.64,-41.14
1995,-22.092841,-42.137189
1996,-22.23,-42.1
1997,-21.99,-42.29
1998,-22.29571,-42.636797
1999,-22.113333,-42.233333
2000,-22.4,-42.95
2001,-22.43,-43.17
2002,-22.578051,-42.184651
2003,-22.374314,-43.125393
2004,-22.334771,-43.148465
2005,-21.52,-41.08
2006,-22.76,-42.903333
2007,-22.745447,-42.902374
2008,-22.73,-42.79
2009,-21.69,-41.06
2010,-22.61634,-42.867123
2011,-22.6,-43.03
2012,-22.77,-42.98
2013,-22.69,-42.95
2014,-22.682875,-43.02675
2015,-21.545,-41.075
2016,-22.78,-43.04
2017,-21.57,-41.07
2018,-22.79,-42.97
2019,-22.43,-43.17
2020,-22.81,-43
2021,-22.76575,-43.0235
2022,-22.83,-43.04
2023,-22.86,-43.08
2024,-22.89,-43.11
2025,-22.9,-43.12
2026,-22.91,-43.06
2028,-22.86,-43
2029,-22.86,-43
2030,-22.49,-43.15
2031,-22.91,-43.1
2032,-22.827875,-43.06675
2033,-22.49,-44.45
2035,-22.48,-44.54
2036,-22.5,-44.64
2037,-22.2,-43.15
2038,-22.21,-43.16
2039,-22.23,-43.09
2041,-20.38,-51.37
2042,-20.78,-51.63
2043,-20.78,-51.63
2044,-20.67,-51.3
2045,-22.48,-52.96
2046,-23.19724,-45.994551
2048,-23.396663,-45.605969
2049,-20.38,-51.37
2056,-23.19,-46.02
2058,-23.41,-45.6
2070,-21.582819,-46.673357
2071,-21.77,-47.07
2072,-21.48,-47.01
2073,-21.62,-46.9
2074,-22.49,-52.96
2075,-23.61,-48.09
2076,-23.59,-48.06
2077,-22.7,-47
2078,-22.74,-46.9
2081,-23.59,-48.15
2082,-22.7,-47
2083,-22.72,-47
2084,-22.66,-47.05
2085,-22.707619,-47.008571
2086,-22.692857,-47.015714
2087,-22.71,-47.01
2088,-22.644752,-46.935957
2089,-22.644752,-46.935957
2090,-22.643514,-46.936961
2091,-21.694031,-42.638665
2092,-21.561355,-42.666203
2093,-21.52,-42.66
2094,-21.417031,-42.810313
2095,-21.49,-42.84
2096,-21.441053,-42.608947
2097,-21.39,-42.7
2098,-21.39,-42.68
2099,-21.37,-42.47
2100,-21.226667,-42.383333
2101,-21.12,-42.34
2102,-21.14,-42.37
2103,-21.31,-42.87
2104,-21.13,-42.9325
2105,-21.11,-42.96
2106,-21.11,-42.94
2107,-21.11,-42.84
2108,-21.11,-42.84
2109,-21.02,-42.84
2110,-20.87,-42.79
2111,-21.3,-43.2
2112,-21.17,-43.02
2113,-20.24,-42.025
2114,-20.24,-42.02
2115,-20.24,-42.14
2116,-20.286923,-42.353077
2117,-20.3,-42.33
2119,-20.210769,-42.369231
2120,-21.87,-42.67
2121,-21.340937,-42.959375
2122,-20.92,-42.66
2123,-21.463158,-42.426842
2124,-21.46,-43.12
2125,-21.48,-42.85
2126,-21.255,-42.87
2127,-21.2,-42.87
2128,-21,-42.51
2129,-21.17,-42.59
2130,-20.71,-41.71
2131,-20.93,-42.31
2132,-21.573846,-43.4
2133,-21.01,-42.45
2134,-21.675,-43.44
2135,-21.49,-43.46
2136,-21.457692,-43.35
2137,-21.309231,-43.19
2138,-21.291094,-42.890938
2141,-21.355469,-42.974688
2142,-21.1,-42.34
2143,-21.07,-42.926667
2144,-20.99,-43
2145,-20.165385,-42.384615
2147,-20.35,-42.36
2148,-20.38,-42.35
2149,-21.54,-42.46
2151,-20.12,-41.91
2153,-21.317344,-42.933438
2154,-20.35,-42.36
2155,-20.29,-42.34
2157,-20.35,-42.36
2158,-21.13,-42.91
2159,-20.27,-42.07
2161,-20.18,-42.37
2163,-21.35,-42.97
2164,-20.91,-42.66
2165,-21.45,-42.4
2167,-21.3,-42.91
2168,-21.37,-42.99
2169,-21.08,-42.34
2170,-20.12,-42.4
2173,-21.32,-42.95
2174,-21.11,-42.625
2191,-22.98,-49.88
2192,-23,-49.85
2193,-23.067143,-48.968571
2194,-23.02,-49.47
2195,-23.41,-49.08
2196,-22.988571,-48.984286
2197,-22.91,-49
2198,-23.1,-49.59
2199,-23.13,-49.04
2200,-22.963333,-49.166667
2201,-22.87,-49.22
2202,-23.45,-49.4
2203,-23.032857,-49.854286
2204,-23.430667,-49.099666
2206,-23.427601,-48.9587
2207,-23.43,-48.87
2208,-23.21,-49.61
2209,-23.27,-49.47
2210,-23.2,-49.76
2211,-23.02,-46.83
2212,-22.312,-46.708
2213,-23,-46.85
2214,-22.364,-46.696
2215,-22.99,-47.45
2216,-22.9,-47.12
2217,-23,-47.15
2218,-22.72,-46.78
2219,-22.71,-46.78
2220,-22.95,-47.12
2221,-22.76,-47.43
2222,-22.89,-47.12
2223,-22.92,-47.1
2224,-22.99,-47.5
2225,-22.724919,-47.3371
2226,-22.72,-47.59
2227,-22.89,-47.1
2228,-22.86,-47.19
2229,-22.65,-47.69
2230,-22.89,-47.03
2231,-22.76,-47.38
2232,-22.69,-47.65
2233,-22.8,-47.21
2234,-22.7,-47.35
2235,-22.88,-47.14
2236,-22.7,-47.31
2237,-22.73,-47.3
2238,-22.44,-46.83
2239,-22.74,-47.35
2240,-22.89,-47.19
2241,-22.95,-47.29
2242,-22.99,-47.12
2243,-22.84,-47.19
2244,-22.76,-47.32
2245,-22.73,-47.67
2246,-22.89,-47
2247,-22.7,-47.6
2248,-22.74,-47.16
2249,-22.19,-46.77
2250,-22.95,-47.15
2251,-22.76,-47.64
2252,-22.715067,-47.305017
2253,-22.85,-47.17
2254,-22.73,-47.13
2255,-22.76,-47.11
2256,-22.85,-47.59
2257,-23,-47.03
2258,-22.83,-47.67
2259,-22.56,-47.9
2260,-22.81,-47.26
2261,-22.821216,-47.037191
2262,-22.86,-47.05
2263,-22.69,-47.3
2264,-22.72,-47.34
2265,-22.94,-47.07
2266,-22.74,-47.59
2267,-22.97,-46.99
2268,-22.98,-47.1
2269,-22.7,-47.31
2270,-23,-47.04
2271,-22.8,-47.14
2272,-22.81,-47.19
2273,-22.96,-47
2274,-22.76,-47.34
2275,-22.88,-47.24
2276,-22.81,-47.22
2277,-22.957588,-47.147875
2278,-22.97,-47.16
2279,-22.44,-46.8
2280,-22.76,-47.11
2281,-22.68,-47.67
2282,-22.7,-47.75
2283,-22.75,-47.14
2284,-22.69,-47.66
2285,-22.73,-47.62
2286,-22.880766,-47.199961
2287,-22.7,-47.31
2288,-22.5,-46.62
2289,-22.92,-47.03
2290,-22.83,-47.28
2291,-22.77985,-47.088288
2292,-22.52,-46.65
2293,-22.61,-46.71
2294,-22.69,-46.72
2295,-22.73,-47.17
2296,-22.57,-46.53
2297,-23.04,-47.36
2298,-22.66,-47.61
2299,-22.82,-47.24
2300,-22.75,-47.14
2301,-22.77,-47.37
2302,-22.88,-47.2
2303,-22.836474,-47.057017
2304,-22.8775,-46.93
2305,-22.69,-47.66
2306,-22.76,-47.46
2307,-22.759563,-47.266555
2308,-22.76,-47.25
2309,-22.73,-47.13
2310,-22.76,-47.16
2311,-22.76,-47.39
2312,-22.67,-47.62
2313,-22.78,-47.32
2314,-22.96,-47.01
2315,-22.65,-47.19
2316,-22.74,-47.41
2317,-22.715,-47.53
2318,-22.88,-46.97
2319,-22.78,-47.01
2320,-22.73246,-47.373546
2321,-22.724172,-47.276238
2322,-22.72,-47.65
2323,-22.54,-47.8
2324,-23,-46.84
2325,-22.82,-47.19
2326,-22.773358,-47.227809
2327,-22.72,-47.32
2328,-21.12,-50.2
2329,-21.216723,-50.471265
2330,-20.81,-49.41
2331,-21.21,-50.87
2332,-21.28,-50.34
2333,-21.24,-50.45
2334,-20.73,-48.9
2335,-20.81,-49.52
2336,-22.35,-48.73
2337,-20.8,-49.35
2338,-21.42,-50.06
2339,-21.302488,-50.062007
2340,-20.83,-49.39
2341,-20.83,-49.36
2342,-21.024576,-49.771616
2343,-20.99,-49.26
2344,-20.79,-49.38
2345,-22.78,-47.32
2346,-22.670588,-47.594706
2347,-21.32,-50.34
2348,-22.66536,-47.640412
2349,-20.77,-49.4
2350,-22.704933,-47.309138
2351,-22.7756,-47.327108
2352,-22.46,-48.97
2354,-22.8,-47.32
2355,-21.54,-49.84
2356,-21.24,-50.45
2357,-22.46,-48.97
2358,-22.89,-48.43
2359,-22.29,-49.07
2360,-22.89,-48.46
2361,-22.41,-49.4
2362,-22.96,-48.54
2363,-22.35,-49.07
2364,-22.33,-49.03
2365,-22.226364,-49.903455
2366,-22.61,-48.8
2367,-21.69,-49.76
2368,-22.21,-49.96
2369,-22.1,-50.19
2370,-22.74,-48.57
2371,-22.36,-49.11
2372,-22.22,-49.67
2373,-22.63,-48.79
2374,-22.58,-48.82
2375,-22.16,-49.97
2376,-21.65,-49.76
2377,-21.705053,-49.082128
2378,-22.99,-48.57
2379,-22.925,-48.5
2380,-22.37,-48.76
2381,-22.35,-48.73
2382,-22.519125,-48.533421
2383,-22.49,-48.55
2384,-22.38,-48.39
2385,-22.31,-48.58
2386,-23.04,-47.36
2387,-21.705016,-49.082277
2388,-22.356116,-48.560847
2389,-22.490931,-48.520518
2390,-22.31,-48.55
2391,-22.748799,-47.135291
2392,-20.87,-49.5
2393,-22.565,-48.815
2394,-22.25,-48.72
2395,-21.0025,-48.23625
2396,-21.35,-50.29
2397,-21.38,-50.21
2398,-21.22,-50.43
2399,-21.81,-49.6
2400,-22.681765,-47.574118
2401,-22.195,-49.255
2402,-21.87,-49.57
2403,-21.75,-49.68
2404,-21.75,-49.68
2405,-22.1,-49.44
2406,-21.99,-49.45
2407,-21.302091,-50.532657
2408,-22.8,-47.06
2409,-21.246291,-50.477927
2410,-21.59,-50.59
2411,-21.31,-50.34
2412,-21.49,-50.31
2413,-21.25,-49.95
2414,-20.7475,-49.53
2415,-21.06,-49.68
2416,-20.78,-49.71
2417,-20.53,-49.32
2418,-20.39,-49.43
2419,-20.33,-49.19
2420,-20.52,-49.06
2421,-20.68,-48.864545
2422,-21.26,-50.63
2423,-20.63,-49.65
2424,-22.08,-48.73
2425,-22.28,-48.616667
2426,-22.14,-48.53
2427,-21.672,-49.788
2428,-22.51,-48.635
2429,-22.5,-48.71
2430,-22.52,-48.56
2431,-22.37,-48.76
2432,-22.28,-48.55
2433,-20.93,-48.49
2434,-20.930702,-48.467757
2435,-20.931404,-48.445514
2436,-22.693165,-47.687595
2437,-20.52,-48.6
2438,-20.33,-48.66
2439,-20.68,-48.54
2440,-20.32,-48.3
2441,-20.55,-48.56
2442,-20.88,-48.3
2443,-20.71,-48.52
2444,-20.59,-47.88
2445,-20.94,-48.53
2446,-22.356116,-48.560848
2447,-20.91,-48.64
2448,-21.28,-48.5
2449,-22.63,-47.57
2450,-22.949179,-47.146185
2451,-21.8,-48.17
2452,-22.77,-47
2453,-21.75,-48.12
2454,-21.81,-48.16
2455,-22.03,-47.91
2456,-22.69,-47.67
2457,-21.59,-48.38
2458,-21.92,-47.62
2459,-21.52,-48.39
2460,-21.793004,-48.477122
2461,-21.75,-48.84
2462,-21.27,-48.5
2463,-21.27,-48.34
2464,-21.402852,-48.436088
2465,-21.79,-48.21
2466,-21.62,-48.36
2467,-21.59,-48.08
2468,-22.03,-47.87
2469,-21.13,-48.46
2470,-21.76,-48.16
2471,-21.1,-48.67
2472,-22.35065,-48.726992
2473,-21.285714,-48.144286
2474,-21.95,-48.01
2475,-21.99,-47.9
2476,-21.22,-47.8
2477,-22.01,-47.93
2478,-22.07,-47.87
2479,-21.96,-48.61
2480,-21.41,-48.52
2481,-22.81,-47.06
2482,-21.6,-48.81
2483,-20.655,-47.945
2484,-21.24,-48.31
2485,-21.02,-47.76
2486,-22.786106,-47.328655
2487,-21.19,-48.15
2488,-20.9,-47.57
2489,-21,-47.66
2490,-21.29,-47.31
2491,-21.33,-47.73
2492,-20.52,-47.38
2493,-20.55,-47.37
2494,-21.14,-48.01
2495,-21.290511,-47.935879
2496,-21.11,-47.79
2497,-21.16,-47.84
2498,-20.45,-48.01
2499,-21.42,-47.33
2500,-21.19,-47.78
2501,-20.63,-47.29
2502,-20.505755,-47.78566
2503,-21,-48.21
2504,-21.34,-48.06
2505,-20.55,-47.43
2506,-21.18,-47.79
2507,-21.14,-47.88
2508,-21.48,-47.55
2509,-21.15,-47.81
2510,-20.298236,-47.897266
2511,-21.12,-47.82
2512,-21.44,-47.34
2513,-21.44,-47.35
2514,-22.77,-47.28
2515,-21.14,-47.97
2516,-20.7,-47.89
2517,-20.72,-48.05
2518,-21.03,-48.03
2519,-21.57,-47.92
2520,-22.83,-47.07
2521,-21.79,-48.22
2522,-20.453427,-47.863274
2523,-21.76,-48.4
2524,-21.75,-48.13
2525,-22.04,-47.89
2526,-20.822105,-47.580526
2527,-21.185,-48.68125
2528,-20.57,-48.57
2529,-21.98,-47.89
2530,-22.709705,-47.214689
2531,-20.565231,-47.75171
2532,-21.27,-47.82
2533,-20.88,-48.82
2534,-20.59,-48.678182
2535,-21.85,-48.49
2536,-20.270995,-47.637314
2537,-21.99,-48.39
2538,-21.480713,-48.479022
2539,-21.4,-48.48
2540,-21.27,-48.51
2541,-22.31,-48.58
2542,-21.055,-48.72375
2543,-22.1,-48.24
2544,-21.23,-48.81
2545,-20.245497,-47.643657
2546,-21.2,-47.81
2547,-21.02,-47.37
2548,-20.72,-47.75
2549,-20.307487,-47.788285
2550,-21.219231,-47.76
2551,-20.43,-47.83
2552,-20.04,-47.76
2553,-20.33,-47.8
2554,-20.19,-48.02
2555,-20.26,-47.48
2556,-20.475694,-47.80513
2557,-20.57,-47.87
2558,-20.64,-47.67
2559,-22.81,-47.05
2560,-21.21,-47.6
2561,-23.92,-46.31
2562,-23.86,-46.36
2563,-23.19317,-46.900971
2564,-23.19512,-46.90565
2565,-23.076667,-46.998014
2566,-23.075806,-46.993548
2567,-23.1,-47
2568,-23.06,-47.03
2569,-23.203473,-46.83297
2570,-23.535581,-47.43814
2571,-23.55,-47.43
2572,-23.19,-46.97
2573,-23.86,-46.42
2574,-23.92,-47.16
2575,-22.96,-46.91
2581,-23.85,-46.38
2582,-23.93,-46.28
2583,-23.184939,-46.947864
2584,-23.185671,-46.949619
2585,-23.869523,-46.430079
2586,-23.870332,-46.429013
2587,-22.828275,-47.214947
2588,-23.866191,-46.42341
2589,-23.866338,-46.426718
2590,-23.84,-46.39
2591,-23.95,-46.31
2592,-23.95,-46.31
2593,-23.945,-46.315
2594,-23.96,-46.305
2598,-23.12,-47.25
2599,-23.484361,-47.155991
2600,-23.500415,-47.151383
2601,-23.492427,-47.153681
2603,-23.267177,-47.766118
2604,-23.27,-47.68
2606,-23.3,-47.76
2608,-23.087158,-46.852958
2609,-23.1,-46.96
2610,-22.73,-47.42
2611,-20.38,-51.37
2612,-20.492387,-51.256266
2613,-20.78,-51.63
2614,-20.78,-51.63
2615,-20.67,-51.3
2616,-20.67,-51.3
2617,-19.86,-50.35
2618,-19.86,-50.35
2619,-19.86,-50.35
2620,-22.54,-52
2621,-22.54,-52
2622,-22.66,-51.36
2623,-22.66,-51.36
2624,-22.67,-50.35
2625,-22.67,-50.35
2626,-22.873333,-50.646667
2627,-22.713806,-50.397947
2628,-22.28,-49.1
2629,-22.28,-49.1
2630,-21.78,-48.26
2631,-21.78,-48.26
2632,-21.2,-47.69
2633,-21.2,-47.69
2634,-22.73,-47.42
2635,-22.73,-47.42
2636,-22.87,-47.29
2637,-22.87,-47.29
2638,-23.15,-46.99
2639,-23.15,-46.99
2641,-23.45,-47.41
2642,-23.45,-47.41
2643,-23.84,-46.8
2644,-23.84,-46.8
2645,-23.84,-46.8
2646,-23.84,-46.8
2647,-23.28,-47.12
2648,-23.28,-47.12
2649,-23.28,-47.12
2650,-23.28,-47.12
2651,-23.59,-46.25
2652,-23.59,-46.25
2653,-23.59,-46.25
2654,-23.59,-46.25
2655,-23.06,-45.59
2656,-23.06,-45.59
2657,-23.06,-45.59
2658,-23.06,-45.59
2659,-22.42,-47.07
2660,-22.42,-47.07
2661,-22.454027,-46.967316
2662,-22.546667,-45.826667
2663,-22.545,-52.915
2664,-23.5,-46.995
2665,-23.7,-46.855
2666,-23.56,-46.91
2667,-23.56,-46.91
2669,-22.63,-47.57
2670,-20.87,-49.5
2672,-23.54,-47.3
2673,-22.4,-47.46
2674,-22.4,-47.46
2675,-21.86,-49.84
2676,-21.86,-49.84
2677,-23.05,-46.56
2678,-23.05,-46.56
2680,-23.77,-46.37
2681,-23.18,-47.24
2682,-23.09289,-49.55786
2683,-20.8,-51.64
2684,-20.8,-51.64
2700,-20.235091,-50.568847
2701,-20.400424,-50.041725
2702,-20.114826,-50.021083
2703,-20.863068,-49.46251
2704,-21.227838,-49.296297
2705,-21.353824,-49.79988
2706,-21.135597,-50.054633
2707,-21.726455,-48.995673
2708,-21.283581,-50.68
2709,-21.277525,-50.025985
2710,-20.235074,-50.568831
2711,-21.1717,-49.688897
2716,-20.741453,-51.62952
2720,-22.92,-45.41
2732,-21.163785,-50.26613
2733,-21.15,-50.28
2744,-22.6,-52.88
2745,-22.6,-52.88
2746,-22.6,-52.88
2747,-21.733536,-50.459954
2748,-21.623056,-50.902735
2749,-21.886301,-51.281363
2750,-21.644397,-50.88028
2751,-21.534916,-51.504758
2752,-22.256028,-51.46775
2754,-22.6,-52.88
2755,-22.271082,-52.117096
2756,-23.15,-49.38
2757,-21.64,-51.16
2758,-21.64,-51.16
2761,-22.44,-50.59
2762,-22.44,-50.59
2765,-22.276626,-51.19563
2766,-22.313195,-50.946088
2769,-22.875554,-50.140123
2770,-23.08,-50.19
2771,-22.91,-50
2772,-22.91,-50
2773,-23.13,-49.73
2774,-23.13,-49.73
2775,-23.21,-49.23
2776,-23.21,-49.23
2777,-22.95,-48.44
2778,-22.95,-48.44
2779,-23.030684,-48.585067
2780,-23.087653,-47.851036
2781,-23.625159,-48.143153
2782,-23.518389,-48.021053
2784,-23.158137,-48.002013
2786,-23.06,-48.93
2787,-23.714329,-48.1809
2791,-22.801737,-50.178108
2800,-24.1,-49.31
2801,-24.03,-48.843333
2802,-23.99,-48.34
2803,-23.99,-48.34
2804,-24.454659,-47.865635
2805,-24.262392,-47.091337
2806,-24.032229,-46.692525
2808,-23.912067,-46.743576
2809,-23.90865,-46.249399
2810,-23.804592,-46.127119
2811,-23.768479,-45.522169
2812,-23.583124,-45.426665
2814,-23.294477,-46.685492
2815,-23.314802,-46.495291
2817,-24,-46.52
2818,-24,-46.52
2819,-24,-46.52
2820,-22.74,-47.11
2837,-22.385218,-48.573955
2838,-22.385218,-48.573955
2840,-23.38,-46.4
2841,-23.634276,-46.033204
2850,-22.9,-45.61
2852,-23.07,-47.86
2853,-20.546095,-51.093391
2854,-23.682826,-45.782945
2856,-22.87,-45.26
2868,-22.022964,-48.810961
2869,-22.136633,-48.847863
2870,-22.264276,-48.686436
2871,-22.518256,-48.506836
2872,-22.427823,-47.528343
2873,-22.0712,-47.963299
2874,-21.825607,-47.513075
2875,-21.691587,-47.020025
2876,-21.65101,-46.926925
2877,-21.608457,-46.78007
2878,-22.102639,-46.862312
2879,-22.379368,-46.977309
2881,-22.502211,-47.365991
2882,-22.962724,-46.709101
2884,-22.623863,-46.916025
2885,-22.65309,-46.963501
2886,-22.65309,-46.963501
2900,-23.49,-46.77
2901,-23.49,-46.77
2902,-23.48,-46.56
2903,-23.49,-46.77
2904,-23.48,-46.56
2905,-23.48,-46.56
2906,-23.56,-46.63
2907,-23.56,-46.63
2908,-23.56,-46.63
2909,-23.445,-46.485
2910,-23.475,-46.275
2911,-23.45,-46.38
2912,-23.45,-46.38
2913,-23.55,-46.18
2914,-23.55,-46.18
2915,-23.6,-46.47
2916,-23.6,-46.47
2917,-23.58,-46.52
2918,-23.58,-46.52
2919,-23.86,-46.42
2920,-23.86,-46.42
2921,-23.86,-46.42
2922,-23.86,-46.42
2923,-23.94,-46.26
2924,-23.94,-46.26
2926,-23.7,-46.52
2927,-23.7,-46.52
2929,-23.71,-46.68
2930,-23.71,-46.68
2932,-23.546667,-46.643333
2933,-23.66,-46.72
2934,-23.6,-46.69
2935,-23.6,-46.69
2936,-23.6,-46.69
2937,-23.53,-46.75
2938,-23.53,-46.75
2939,-23.45,-46.91
2940,-23.45,-46.91
2944,-23.54,-46.65
2945,-23.54,-46.65
2946,-23.5,-46.71
2947,-23.5,-46.71
2948,-23.7,-46.68
2949,-23.7,-46.68
2950,-23.71,-46.68
2952,-23.55,-46.18
2953,-23.55,-46.18
2954,-23.2,-45.89
2955,-23.2,-45.89
2956,-22.77,-45.09
2957,-22.87,-45.26
2958,-22.87,-45.26
2959,-22.66,-44.93
2960,-22.66,-44.93
2961,-22.6,-44.876
2962,-22.57,-44.838
2963,-22.57,-44.86
2964,-22.54,-44.8
2966,-23.87,-46.41
2967,-23.55,-46.18
2970,-23.87,-46.43
2971,-23.71,-46.68
2974,-22.28,-49.1
3010,-22.675,-44.395
3011,-23.21,-49.23
3012,-23.13,-49.73
3013,-22.9,-50
3014,-22.903111,-50.129869
3015,-22.877438,-50.412961
3016,-22.65,-51.36
3017,-22.54,-52
3019,-22.6,-52.87
3020,-22.94,-50.25
3021,-22.94,-50.52
3031,-22.06,-46.96
3032,-22.35,-47.4
3033,-22.39,-47.37
3034,-22.57,-47.18
3035,-22.34,-47.16
3036,-22.49,-47.46
3037,-22.58,-47.53
3038,-22.19,-47.4
3039,-22.55,-47.41
3040,-22.66,-47.32
3041,-22.59,-47.37
3042,-22.54,-47.37
3043,-22.56,-47.39
3044,-22.36,-46.97
3045,-22.24,-47.015
3046,-22.34,-46.94
3047,-22.44,-46.99
3048,-22.39,-46.98
3049,-22,-47.45
3050,-21.93,-47.36
3051,-21.85,-47.5
3052,-22.302912,-46.9213
3053,-22.44,-47.55
3054,-22.36,-47.55
3055,-22.4,-47.59
3056,-21.98,-46.81
3057,-21.82,-47.26
3058,-21.72,-47.47
3059,-22.6,-46.93
3060,-21.84,-46.91
3061,-22.525036,-47.212977
3062,-22.466645,-47.502963
3063,-22.662445,-47.318381
3064,-22.217865,-47.382362
3065,-22.36,-46.96
3082,-23.4,-46.3
3083,-23.1,-46.56
3084,-23.83,-46.14
3085,-23.79,-46.06
3086,-23.28,-47.12
3087,-23.19,-47.85
3088,-22.74,-45.63
3089,-23.29,-46.74
3090,-23.34,-46.74
3091,-23.99,-46.26
3092,-23.969836,-46.260029
3093,-23.97,-46.21
3094,-23.81,-45.41
3095,-23.07,-46.7
3096,-23.305007,-46.208405
3097,-23.31,-46.58
3098,-23.41,-45.6
3099,-23.242251,-47.267715
3100,-23.36,-46.26
3101,-23.44,-45.09
3102,-23.52,-45.2
3103,-23.25,-47.08
3104,-22.87,-45.26
3105,-23.22,-46.17
3106,-23.74,-45.87
3107,-23.21,-46.59
3108,-23.024998,-46.605032
3131,-19.86,-50.35
3132,-20.87,-51.34
3133,-21.12,-50.2
3134,-22.65,-51.36
3135,-20.08,-49.91
3136,-21.46,-51.53
3137,-20.27,-50.27
3138,-21.62,-51.15
3139,-20.4,-51.35
3140,-20.26,-50.56
3141,-20.21,-50.96
3142,-20.78,-51.63
3143,-21.12,-51.09
3144,-20.44,-50.76
3145,-20.61,-51.1
3146,-22.27,-51.48
3147,-22.49,-52.95
3148,-22.6,-52.88
3149,-20.68,-51.3
3150,-20.8,-50
3151,-20.578154,-50.166686
3152,-22.54,-52
3153,-20.79,-51.6
3154,-20.78,-51.74
3155,-20.775145,-51.697974
3156,-20.44,-49.99
3157,-20.400391,-50.041716
3158,-21.534642,-51.503977
3168,-20.43262,-50.984051
3169,-20.41,-51.03
3171,-20.862251,-51.715573
3174,-20.560944,-51.512646
3175,-20.6,-51.61
3178,-20.549762,-50.937029
3179,-20.524067,-51.203093
3180,-20.518072,-51.176006
3181,-23.49,-48.45
3182,-24.51,-48.88
3183,-23.8,-48.58
3184,-24.73,-48.14
3185,-25.01,-47.96
3186,-23.99,-48.34
3187,-23.99,-48.34
3188,-23.16,-47.75
3189,-23.23,-47.95
3190,-23.01,-48.01
3191,-24.19,-48.57
3192,-24.18,-46.82
3193,-24,-48.88
3194,-24.11,-49.37
3195,-24.33,-47.63
3196,-23.07,-47.86
3197,-24.1,-46.63
3198,-24.3,-47.03
3199,-24.52,-47.86
3200,-23.34,-47.86
3201,-23.32,-47.82
3202,-23.36,-47.88
3203,-23.08,-47.74
3204,-23.14,-47.74
3205,-23.71,-47.44
3206,-24.02,-46.5
3207,-24.691699,-47.972292
3208,-24.28,-47.45
3209,-24.15,-46.74
3212,-22.47,-47.51
3213,-23.78,-46
3214,-22.23,-47.79
3215,-22.406467,-47.579463
3230,-22.35,-47.4
3231,-16.5,-52.62
3232,-16.5,-52.62
3234,-16.5,-52.62
3235,-16.5,-52.62
3236,-16.5,-52.62
3237,-16.5,-52.62
3238,-16.485,-53.61
3239,-16.5,-52.62
3245,-17.12,-53.13
3251,-16.793333,-53.923333
3253,-16.47,-54.6
3254,-16.47,-54.6
3255,-16.47,-54.6
3256,-16.47,-54.6
3258,-16.47,-54.6
3259,-16.47,-54.6
3260,-16.47,-54.6
3261,-16.08,-55.225
3262,-16.47,-54.6
3263,-16.47,-54.6
3268,-15.63,-56
3269,-15.63,-56
3273,-15.63,-56
3274,-15.63,-56
3276,-15.63,-56
3280,-14.84,-57.91
3286,-15.38,-58.83
3287,-15.38,-58.83
3288,-15.38,-58.83
3289,-15.38,-58.83
3290,-11.29,-58.74
3291,-12.085,-58.405
3292,-14.73,-56.3
3293,-14.73,-56.3
3294,-15.38,-58.83
3295,-14.73,-56.3
3296,-14.73,-56.3
3297,-14.73,-56.3
3298,-15.38,-58.83
3300,-12.88,-58.07
3301,-12.88,-58.07
3302,-14.84,-57.91
3303,-15.71,-56.19
3304,-13.83,-56.08
3305,-13.83,-56.08
3306,-13.83,-56.08
3307,-13.01,-55.93
3308,-13.83,-56.08
3309,-13.83,-56.08
3310,-12.58,-55.76
3311,-12.58,-55.76
3312,-12.58,-55.76
3313,-11.98,-55.52
3314,-11.98,-55.52
3315,-15.38,-58.83
3316,-15.38,-58.83
3317,-11.98,-55.52
3318,-11.98,-55.52
3319,-15.38,-58.83
3320,-12.58,-55.76
3321,-12.58,-55.76
3322,-11.98,-55.52
3323,-16.485,-53.61
3324,-15.38,-58.83
3325,-11.98,-55.52
3326,-11.98,-55.52
3330,-11.98,-55.52
3331,-23.49,-46.77
3332,-23.6,-46.69
3333,-23.6,-46.69
3335,-23.54,-46.65
3336,-23.54,-46.65
3337,-23.84,-46.8
3338,-23.45,-46.91
3339,-23.51,-46.52
3340,-23.61,-46.58
3341,-23.56,-46.91
3342,-23.6,-46.47
3343,-23.53,-46.75
3344,-23.56,-46.63
3345,-23.56,-46.63
3346,-23.45,-46.38
3347,-23.48,-46.56
3348,-23.88,-46.74
3350,-23.7,-46.68
3351,-23.71,-46.68
3352,-23.5,-46.71
3353,-23.58,-46.52
3361,-23.316876,-46.922596
3362,-23.334858,-46.876272
3363,-23.32,-46.86
3364,-23.36,-46.85
3378,-23.48,-46.56
3379,-23.7,-46.52
3380,-23.7,-46.52
3381,-23.878687,-46.440164
3382,-23.86,-46.46
3383,-23.86,-46.46
3384,-23.88,-46.45
3385,-23.86,-46.46
3386,-23.7,-46.67
3387,-23.7,-46.67
3388,-23.86,-46.46
3389,-23.86,-46.46
3393,-23.71,-46.68
3394,-23.7,-46.68
3395,-23.7,-46.68
3400,-23.899437,-46.418719
3402,-23.878686,-46.440164
3403,-23.878686,-46.440164
3404,-23.899419,-46.418739
3405,-23.88,-46.45
3408,-23.88,-46.45
3409,-23.88,-46.45
3444,-20.37,-40.44
3487,-20.997,-41.0735
3518,-19.4775,-39.90125
3542,-19.78,-40.66
3545,-19.54,-40.68
3562,-19.5,-40.92
3563,-19.5,-40.92
3572,-19.04,-40.54
3579,-18.74,-40.45
3580,-18.74,-40.45
3581,-23.01,-44.46
3582,-23.01,-44.46
3583,-18.88,-44.78
3584,-25.41,-54.59
3585,-17.35,-47.49
3586,-20.15,-47.28
3587,-20.67,-46.32
3588,-20.3,-49.2
3589,-20.29,-47.06
3590,-20.29,-47.06
3591,-20.12,-48.57
3592,-18.42,-49.12
3593,-17.99,-48.53
3594,-13.83,-48.3
3595,-14.87,-55.79
3596,-22.53,-44.57
3598,-22.91,-43.77
3599,-12.24,-48.39
3600,-21.92,-42.79
3601,-22.91,-43.77
3602,-23.01,-44.47
3604,-20.67,-46.32
3605,-20.43,-43.32
3606,-20.15,-47.28
3607,-22.87,-43.71
3608,-22.87,-43.71
3609,-22.87,-43.71
3610,-22.87,-43.71
3616,-22.41,-41.99
3618,-22.477219,-42.067838
3621,-23.71,-46.27
3622,-23.67,-47.1
3623,-22.93,-43.26
3624,-22.93,-43.26
3628,-15.12,-48.93
3629,-20.19,-40.29
3630,-16.79,-49.23
3632,-16.79,-49.23
3633,-25.47,-54.54
3634,-25.42,-54.61
3636,-18.81,-44.59
3637,-25.445,-54.575
3638,-25.445,-54.575
3639,-25.47,-54.54
3640,-25.42,-54.61
3641,-25.44,-54.565
3642,-25.47,-54.54
3643,-25.47,-54.54
3644,-25.47,-54.54
3645,-25.47,-54.54
3646,-25.47,-54.54
3647,-25.47,-54.54
3648,-25.47,-54.54
3649,-25.47,-54.54
3650,-25.47,-54.54
3651,-24.95,-53.11
3652,-24.95,-53.11
3653,-24.95,-53.11
3654,-24.43,-51.68
3655,-24.43,-51.68
3656,-24.43,-51.68
3657,-24.43,-51.68
3658,-24.43,-51.68
3659,-24.43,-51.68
3660,-24.43,-51.68
3661,-24.19,-50.405
3662,-24.19,-50.405
3663,-24.19,-50.405
3664,-23.95,-49.13
3665,-23.83,-47.7
3666,-23.83,-47.7
3667,-23.83,-47.7
3668,-23.71,-46.27
3669,-23.71,-46.27
3670,-23.71,-46.27
3671,-23.696667,-46.425
3672,-23.71,-46.27
3673,-23.71,-46.27
3674,-23.71,-46.27
3675,-23.71,-46.27
3676,-23.71,-46.27
3677,-23.71,-46.27
3678,-23.71,-46.27
3679,-23.71,-46.27
3680,-23.71,-46.27
3681,-23.703333,-46.3475
3682,-23.703333,-46.3475
3683,-23.703333,-46.3475
3684,-23.703333,-46.3475
3688,-23.67,-47.1
3689,-23.67,-47.1
3690,-23.67,-47.1
3691,-23.67,-47.1
3692,-23.67,-47.1
3693,-23.67,-47.1
3694,-23.67,-47.1
3695,-23.67,-47.1
3696,-24.224,-48.034001
3697,-23.947,-47.567
3698,-23.947,-47.567
3699,-23.592,-47.472
3700,-22.77,-47
3701,-22.77,-47
3702,-22.77,-45.09
3703,-22.77,-47
3704,-22.77,-47
3705,-22.77,-47
3706,-22.77,-47
3707,-22.77,-47
3708,-22.77,-47
3709,-22.77,-47
3710,-22.77,-47
3711,-22.77,-47
3712,-22.77,-47
3713,-22.77,-47
3714,-22.77,-47
3717,-22.96,-46.91
3718,-22.96,-46.91
3720,-22.63,-45.04
3721,-22.63,-45.04
3722,-22.63,-45.04
3723,-22.63,-45.04
3724,-22.63,-45.04
3725,-22.63,-45.04
3726,-22.505443,-44.488228
3727,-22.773333,-43.46
3728,-22.67,-43.48
3729,-22.67,-43.48
3730,-22.67,-43.48
3731,-22.67,-43.48
3732,-22.67,-43.48
3733,-22.67,-43.48
3734,-22.67,-43.48
3735,-22.67,-43.48
3736,-22.67,-43.48
3737,-22.67,-43.48
3738,-22.67,-43.48
3739,-22.67,-43.48
3740,-22.67,-43.48
3741,-22.67,-43.48
3742,-22.67,-43.48
3743,-22.67,-43.48
3744,-22.67,-43.48
3745,-23.01,-44.46
3746,-22.983197,-44.246008
3747,-23.01,-44.46
3748,-22.75,-43.33
3749,-22.75,-43.33
3750,-22.75,-43.33
3751,-22.75,-43.33
3752,-22.75,-43.33
3753,-22.75,-43.33
3754,-22.75,-43.33
3755,-22.75,-43.33
3756,-22.75,-43.33
3757,-22.75,-43.33
3758,-22.75,-43.33
3759,-22.93,-43.26
3760,-22.93,-43.26
3761,-22.93,-43.26
3762,-22.93,-43.26
3763,-22.93,-43.26
3764,-22.93,-43.26
3765,-22.93,-43.26
3766,-22.93,-43.26
3767,-22.92,-43.42
3768,-22.92,-43.42
3769,-22.92,-43.42
3770,-22.92,-43.42
3772,-22.92,-43.42
3773,-22.92,-43.42
3774,-22.92,-43.42
3775,-22.92,-43.42
3776,-22.92,-43.42
3777,-22.92,-43.42
3778,-22.92,-43.42
3779,-22.87,-43.71
3780,-22.915986,-43.780039
3781,-22.87,-43.71
3782,-22.5,-44.52
3783,-22.73,-42.79
3784,-22.31,-41.87
3785,-21.72,-41.34
3786,-21.72,-41.34
3787,-21.72,-41.34
3788,-21.72,-41.34
3789,-21.72,-41.34
3790,-21.72,-41.34
3791,-21.72,-41.34
3792,-21.72,-41.34
3793,-22.223787,-41.779497
3794,-22.408935,-42.267488
3795,-20.37,-40.44
3796,-20.19,-40.29
3799,-20.37,-40.434286
3801,-20.19,-40.29
3802,-20.19,-40.29
3803,-20.19,-40.29
3804,-20.19,-40.29
3806,-22.92,-43.42
3807,-21.3,-44.63
3808,-20.67,-46.32
3809,-20.15,-47.28
3810,-20.29,-47.07
3811,-20.29,-47.07
3816,-21.8,-46.61
3817,-21.8,-46.61
3818,-21.8,-46.61
3819,-21.8,-46.61
3820,-21.8,-46.61
3821,-21.8,-46.61
3822,-21.8,-46.61
3823,-21.8,-46.61
3824,-21.8,-46.61
3827,-21.8,-46.61
3828,-21.8,-46.61
3829,-21.8,-46.61
3830,-21.8,-46.61
3831,-23.44,-46.59
3832,-21.8,-46.61
3833,-21.8,-46.61
3834,-23.5,-46.17
3835,-23.5,-46.17
3836,-23.5,-46.17
3837,-23.5,-46.17
3838,-23.5,-46.17
3839,-23.5,-46.17
3840,-23.525,-46.175
3841,-23.525,-46.175
3842,-20.12,-48.57
3843,-20.211915,-48.630213
3844,-17.76,-50.88
3845,-17.76,-50.88
3846,-21.647653,-41.408279
3847,-15.86,-48.07
3848,-20.38,-40.51
3849,-20.38,-40.51
3851,-20.12,-48.57
3852,-21.77,-48.25
3853,-20.3,-49.2
3854,-20.3,-49.2
3855,-20.3,-49.2
3856,-20.3,-49.2
3857,-15.86,-48.07
3858,-15.86,-48.07
3859,-21.64762,-41.408311
3860,-18.41,-49.11
3861,-18.41,-49.11
3862,-18.41,-49.11
3863,-18.41,-49.11
3864,-18.41,-49.11
3865,-18.41,-49.11
3866,-18.41,-49.11
3867,-18.41,-49.11
3868,-18.41,-49.11
3869,-18.41,-49.11
3870,-18.41,-49.11
3871,-18.41,-49.11
3872,-18.41,-49.11
3873,-18.41,-49.11
3874,-18.41,-49.11
3875,-15.93,-48.17
3876,-15.93,-48.17
3877,-15.93,-48.17
3878,-15.93,-48.17
3879,-15.93,-48.17
3880,-15.93,-48.17
3881,-15.93,-48.17
3882,-15.93,-48.17
3883,-15.93,-48.17
3884,-15.93,-48.17
3885,-15.93,-48.17
3886,-15.93,-48.17
3887,-15.93,-48.17
3888,-15.93,-48.17
3889,-15.93,-48.17
3890,-17.99,-48.54
3891,-17.99,-48.54
3892,-14.88,-48.235
3893,-14.88,-48.235
3894,-14.88,-48.235
3895,-13.83,-48.3
3896,-13.83,-48.3
3897,-13.83,-48.3
3898,-13.83,-48.3
3899,-13.83,-48.3
3900,-13.83,-48.3
3901,-13.83,-48.3
3902,-13.83,-48.3
3903,-13.83,-48.3
3904,-13.83,-48.3
3905,-13.83,-48.3
3906,-13.83,-48.3
3907,-13.83,-48.3
3908,-17.99,-48.54
3909,-16.79,-49.23
3910,-16.79,-49.23
3911,-16.79,-49.23
3912,-16.79,-49.23
3913,-16.79,-49.23
3914,-16.79,-49.23
3915,-16.79,-49.23
3916,-16.79,-49.23
3917,-16.79,-49.23
3918,-16.79,-49.23
3919,-15.86,-48.07
3920,-15.86,-48.07
3921,-15.86,-48.07
3922,-15.86,-48.07
3923,-15.86,-48.07
3924,-15.86,-48.07
3925,-15.86,-48.07
3926,-15.86,-48.07
3927,-15.86,-48.07
3928,-15.86,-48.07
3929,-15.86,-48.07
3930,-15.86,-48.07
3931,-15.86,-48.07
3932,-15.86,-48.07
3933,-15.86,-48.07
3934,-15.86,-48.07
3935,-15.86,-48.07
3936,-15.81,-47.95
3937,-15.806065,-47.950525
3938,-15.808018,-47.950256
3939,-15.808018,-47.950256
3940,-15.808018,-47.950256
3941,-15.808016,-47.950258
3942,-15.808018,-47.950256
3943,-15.808016,-47.950258
3944,-15.12,-48.93
3945,-15.86,-48.07
3946,-20.26,-47.18
3947,-15.12,-48.93
3948,-15.12,-48.93
3949,-15.12,-48.93
3950,-15.12,-48.93
3951,-17.99,-48.54
3952,-17.99,-48.54
3953,-14.47,-48.49
3954,-17.76,-50.88
3955,-17.76,-50.88
3956,-17.76,-50.88
3957,-17.76,-50.88
3958,-17.76,-50.88
3959,-17.76,-50.88
3960,-15.12,-48.93
3961,-14.47,-48.49
3962,-14.87,-55.79
3963,-13.55,-48.23
3964,-18.193333,-49.7
3965,-17.976667,-50.29
3966,-17.34,-51.46
3967,-16.92,-52.04
3968,-18.085,-49.995
3969,-17.13,-51.75
3970,-22.695,-43.215
3971,-22.696667,-43.27
3972,-22.645,-43.345
3973,-22.645,-43.345
3974,-22.73,-42.79
3975,-22.73,-42.79
3976,-22.73,-42.79
3977,-22.73,-42.79
3978,-16.39,-48.87
3979,-22.078246,-42.567333
3980,-17.285,-47.175
3981,-22.961186,-46.709233
3982,-21.8,-46.61
3983,-22.862879,-46.743138
3984,-15.808016,-47.950258
3985,-15.808016,-47.950258
3986,-21.8,-46.61
3987,-22.56,-45.77
3988,-22.296499,-51.07106
3989,-22.25,-51.17
3990,-17.76,-50.88
3991,-17.76,-50.88
3992,-22.260737,-51.686738
3993,-22.128569,-51.404449
3994,-21.899068,-51.285698
3995,-21.812704,-51.238853
3999,-21.90395,-51.811982
4002,-21.691285,-50.659714
4003,-21.602689,-50.918934
4004,-22.863132,-50.202306
4005,-22.863475,-50.203275
4006,-22.81175,-50.279264
4008,-22.688123,-50.516594
4009,-22.71402,-50.558258
4010,-22.44,-50.59
4012,-22.33599,-50.827465
4013,-22.316356,-50.708938
4014,-22.316116,-50.946819
4015,-22.88,-50.33
4016,-22.876601,-50.139023
4017,-22.872802,-50.111883
4019,-21.737515,-50.44079
4020,-21.77544,-50.253823
4021,-21.184535,-49.17435
4024,-21.142725,-49.051881
4027,-21.473735,-49.183097
4028,-21.224286,-49.422691
4029,-21.108186,-49.663856
4030,-21.066296,-49.717749
4049,-22.3,-41.87
4051,-22.3,-41.87
4057,-22.68,-43.87
4058,-22.69,-43.86
4059,-22.69,-43.86
4060,-22.69,-43.86
4061,-22.700295,-43.805461
4062,-22.69,-43.82
4063,-22.700795,-43.78317
4064,-23.37,-45.87
4065,-23.46,-46.025
4066,-21.84,-42.58
4067,-21.874875,-42.518508
4077,-22.516922,-43.83923
4078,-22.52,-43.81
4079,-22.48,-43.84
4080,-22.48,-43.84
4081,-22.4,-43.66
4082,-22.63,-43.9
4083,-22.63,-43.9
4089,-22.51,-44.09
4090,-22.5,-44.12
4091,-22.55,-44.15
4092,-22.55,-44.16
4093,-22.509213,-44.118651
4094,-22.53,-44.19
4095,-22.53,-44.2
4096,-22.503291,-44.406835
4097,-22.51,-44.24
4098,-22.49,-44.24
4100,-22.9,-43.19
4101,-22.77,-43.39
4102,-22.89,-43.26
4103,-22.93,-43.64
4104,-22.7,-43.72
4105,-22.8075,-43.575
4106,-22.8075,-43.575
4107,-22.76,-43.46
4109,-22.84,-43.61
4110,-22.88,-43.33
4111,-22.76,-43.45
4112,-22.82,-43.39
4113,-22.85,-43.36
4114,-22.77,-43.39
4115,-22.87,-43.55
4116,-22.89,-43.52
4118,-22.76,-43.48
4119,-22.794494,-43.428959
4120,-22.8,-43.42
4122,-22.867472,-43.355873
4129,-22.74,-43.56
4130,-22.69,-43.47
4131,-22.75,-43.4
4132,-22.86,-43.35
4133,-22.84,-43.37
4134,-22.72,-43.55
4135,-22.88,-43.33
4141,-22.84,-43.34
4142,-22.84,-43.34
4144,-22.81,-43.33
4145,-22.8,-43.33
4146,-22.77,-43.31
4147,-22.84,-43.34
4149,-22.79,-43.37
4151,-22.83,-43.31
4153,-22.81,-43.32
4155,-22.79,-43.31
4156,-22.806514,-43.3066
4157,-22.77,-43.33
4158,-22.837466,-43.33516
4163,-22.83,-43.28
4164,-22.85,-43.26
4165,-22.84,-43.24
4166,-22.8,-43.19
4167,-22.8,-43.2
4168,-22.82,-43.24
4169,-22.85,-43.23
4174,-22.867826,-43.29519
4175,-22.871658,-43.291359
4179,-22.86,-43.25
4180,-22.92,-43.57
4181,-22.87,-43.27
4182,-22.88,-43.26
4183,-22.84,-43.3
4185,-22.89,-43.25
4186,-22.89,-43.23
4187,-22.9,-43.22
4192,-22.59,-43.29
4193,-22.74,-43.35
4194,-22.72,-43.32
4195,-22.65,-43.3
4196,-22.6,-43.29
4197,-22.59,-43.28
4198,-22.12,-43.23
4199,-21.99,-42.9
4200,-22.195562,-43.173678
4201,-22.067798,-43.096827
4203,-22.82,-43.6
4204,-22.89,-43.48
4205,-22.91,-43.29
4206,-22.89,-43.31
4207,-21.88,-42.65
4209,-22.92,-43.24
4210,-22.91,-43.24
4211,-22.93,-43.26
4212,-22.94,-43.24
4213,-22.93,-43.22
4214,-22.94,-43.225714
4215,-22.92,-43.2
4217,-22.97,-43.38
4221,-22.9,-43.19
4222,-22.91,-43.18
4223,-22.91,-43.17
4224,-22.93,-43.18
4225,-22.95,-43.19
4226,-22.96,-43.18
4227,-22.95,-43.18
4228,-22.95,-43.18
4229,-22.96,-43.2
4230,-22.99,-43.19
4231,-22.97,-43.19
4232,-22.96,-43.18
4233,-22.96,-43.22
4234,-22.98,-43.22
4235,-22.969045,-43.222438
4236,-22.967134,-43.227314
4242,-22.99,-43.25
4243,-22.950835,-43.33996
4244,-23,-43.33
4245,-22.950835,-43.33996
4246,-22.96,-43.4
4247,-22.94,-43.33
4248,-22.96,-43.4
4249,-22.89,-43.37
4250,-22.91,-43.37
4251,-23.01,-43.47
4252,-23,-43.43
4253,-22.99,-43.38
4257,-22.872559,-43.499653
4260,-22.89,-43.43
4261,-22.86,-43.47
4262,-22.89,-43.48
4263,-22.87,-43.45
4264,-22.9,-43.56
4265,-22.9,-43.62
4266,-22.91,-43.68
4267,-22.89,-43.74
4268,-22.92,-43.57
4269,-22.94,-43.57
4270,-22.922441,-43.664453
4272,-22.89,-43.84
4274,-22.87,-43.61
4275,-22.89,-43.76
4277,-22.85,-43.23
4278,-22.67,-43.76
4279,-22.68375,-43.759999
4280,-22.7,-43.88
4281,-23.065,-50.745
4282,-22.67,-50.35
4283,-15.69,-55.85
4284,-15.69,-55.85
4285,-17.72,-50.86
4286,-16.47,-52.64
4287,-16.47,-52.64
4288,-22.72,-43.64
4289,-24.1,-49.31
4290,-22.49,-52.96
4291,-22.65,-43.77
4292,-19.01,-50.67
4293,-19.01,-50.67
4294,-12.965,-48.3
4295,-11.006667,-48.846667
4296,-10.273333,-48.683333
4297,-18.73,-50.99
4298,-13.77,-48.05
4299,-15.49,-47.903333
4300,-16.35,-47.83
4301,-16.35,-47.83
4302,-20.26,-47.18
4303,-16.62,-49.58
4304,-16.62,-49.58
4305,-14.63,-47.976667
4306,-16.35,-47.83
4307,-21.2,-47.69
4308,-22.75,-43.54
4309,-22.75,-43.54
4310,-22.75,-43.54
4311,-22.75,-43.54
4312,-22.75,-43.54
4313,-22.75,-43.54
4314,-13.07,-58.96
4315,-13.19,-59
4316,-20.26,-47.18
4317,-19.4,-40.11
4318,-15.516667,-47.28
4319,-18.81,-51.17
4320,-22.65,-42.86
4321,-23.06,-46.51
4322,-23.06,-46.51
4323,-18.79,-51.01
4324,-23.06,-46.51
4325,-22.75,-43.54
4326,-22.75,-43.54
4327,-19.12,-50.65
4328,-22.75,-43.54
4329,-19.14,-50.75
4330,-16.47,-52.64
4331,-19.14,-50.75
4332,-15.753068,-50.115434
4335,-18.1,-47.81
4336,-18.05,-47.67
4338,-21.61,-45.46
4339,-21.605,-45.45
4341,-19.12,-50.65
4342,-18.72,-51
4343,-18.53,-51.15
4344,-18.81,-51.17
4346,-16.47,-52.64
4347,-16.47,-52.64
4350,-18.73,-50.99
4360,-10.16,-59.46
4361,-10.16,-59.44
4364,-10.16,-59.46
4370,-16.186198,-48.128635
4371,-16.32,-48.19
4372,-16.388935,-47.881789
4373,-16.79,-47.93
4374,-23.88,-46.43
4380,-22.72,-43.64
4381,-22.77,-47.2
4382,-22.72338,-43.664937
4383,-22.72,-43.65
4384,-23.88,-46.43
4385,-22.52,-44.12
4386,-21.69,-43.45
4387,-21.69,-43.45
4388,-22.71,-43.25
4389,-22.71,-43.25
4390,-22.718,-43.266
4391,-22.71,-43.25
4392,-20.74,-51.65
4393,-20.74,-51.65
4394,-22.31,-41.87
4395,-15.6,-56.1
4396,-22.31,-41.87
4397,-19.99,-44.1
4398,-22.72,-43.64
4399,-22.71,-43.25
4400,-22.71,-43.25
4401,-22.716667,-43.263333
4402,-22.71,-43.25
4403,-22.546,-50.03
4404,-22.551643,-50.56627
4405,-20.37,-40.43
4406,-19.53,-39.8
4407,-22.49,-48.78
4408,-19.53,-39.8
4409,-20.37,-40.43
4410,-20.37,-40.43
4411,-20.37,-40.43
4412,-20.37,-40.43
4413,-20.37,-40.43
4414,-20.37,-40.43
4415,-20.37,-40.431429
4416,-20.37,-40.431429
4420,-20.37,-40.43
4421,-12.43,-55.65
4422,-13,-55.95
4423,-19.99,-44.1
4424,-18.79,-48.636667
4425,-18.76,-48.61
4431,-13.133333,-48.536667
4432,-12.436667,-48.773333
4433,-11.006667,-48.846667
4434,-10.273333,-48.683333
4435,-22.65,-42.86
4436,-22.65,-42.86
4437,-23.38,-47.46
4438,-23.38,-47.46
4439,-20.38,-43.55
4442,-19.42,-42.55
4443,-19.82,-43.13
4444,-19.82,-43.13
4445,-19.42,-42.55
4446,-20.58,-43.97
4447,-19.91,-43.46
4448,-19.97,-43.48
4449,-19.53,-42.64
4450,-16.67,-43.82
4460,-19.87,-43.74
4463,-19.93,-43.85
4464,-19.6,-43.29
4467,-20.58,-43.97
4470,-19.82,-43.13
4471,-19.6,-43.2
4472,-20.43,-43.32
4473,-20.19,-43.86
4474,-19.6,-43.2
4475,-19.53,-42.64
4476,-19.59,-43.03
4477,-19.85,-43.44
4480,-13.4,-48.14
4481,-13.4,-48.14
4482,-13.4,-48.14
4483,-23.07,-49.84
4484,-19.01,-50.67
4485,-12.8,-48.24
4486,-12.81,-48.24
4487,-22.03,-43.15
4488,-22.061187,-43.15782
4489,-22.01,-43.27
4490,-22.044949,-43.234255
4491,-22.02,-43.3
4492,-22.032476,-43.267125
4493,-22.092379,-43.165637
4494,-23.15,-49.38
4504,-12.23,-48.39
4505,-12.23,-48.39
4509,-18.99,-53.17
4531,-23.87,-46.41
4532,-23.54,-47.3
4533,-23.44,-47.08
4535,-23.54,-47.26
4536,-21.8,-46.61
4537,-22.91,-43.74
4538,-22.91,-43.74
4539,-22.91,-43.74
4540,-22.91,-43.74
4541,-22.91,-43.74
4581,-11.27,-55.45
4582,-11.29,-55.33
4583,-10.98,-55.77
4585,-9.19,-57.05
4586,-9.35,-56.84
4587,-9.35,-56.84
4588,-10.464878,-55.223659
4589,-9.35,-56.78
4590,-12.14,-55.226
4591,-13.15,-54.828
4592,-12.725,-54.88
4593,-12.725,-54.88
4594,-14.16,-54.43
4595,-15.315,-53.535
4596,-15.315,-53.535
4597,-15.315,-53.535
4598,-20.25,-49.22
4601,-21.19,-43.75
4602,-21.19,-43.75
4613,-18.46,-47.99
4614,-18.46,-47.99
4615,-18.46,-47.99
4616,-18.46,-47.99
4621,-18.85,-41.98
4622,-18.85,-41.98
4623,-18.85,-41.98
4624,-18.85,-41.98
4627,-19.44,-42.56
4628,-19.44,-42.56
4629,-19.42,-42.55
4630,-19.42,-42.55
4631,-22.47,-45.52
4632,-22.47,-45.52
4633,-22.47,-45.52
4634,-22.47,-45.52
4635,-21.295,-44.625
4636,-21.295,-44.625
4637,-21.295,-44.625
4638,-21.295,-44.625
4639,-20.01,-47.44
4640,-20.01,-47.44
4641,-20.01,-47.44
4642,-20.01,-47.44
4643,-20.01,-47.44
4644,-20.01,-47.44
4645,-20.015,-47.44
4646,-20.015,-47.44
4647,-20.015,-47.44
4648,-20.015,-47.44
4649,-21.71,-43.4
4650,-21.71,-43.4
4651,-21.71,-43.4
4652,-21.71,-43.4
4653,-21.71,-43.4
4654,-21.71,-43.4
4655,-20.66,-43.82
4656,-20.66,-43.82
4657,-20.66,-43.82
4658,-20.66,-43.82
4659,-19.42,-42.55
4660,-19.42,-42.55
4661,-19.42,-42.55
4662,-19.42,-42.55
4663,-19.42,-42.55
4664,-19.42,-42.55
4671,-19.82,-44.1
4672,-19.82,-44.1
4673,-19.82,-44.1
4674,-19.82,-44.1
4678,-19.82,-44.1
4680,-19.82,-44.1
4681,-20.3,-43.76
4682,-20.3,-43.76
4683,-20.3,-43.76
4684,-20.3,-43.76
4685,-20.3,-43.76
4686,-20.3,-43.76
4687,-20.3,-43.76
4688,-20.3,-43.76
4689,-17.34,-44.87
4690,-17.34,-44.87
4692,-20.47,-45.79
4694,-20.47,-45.79
4695,-20.07,-44.84
4696,-20.07,-44.84
4697,-20.07,-44.84
4698,-20.07,-44.84
4699,-19.34,-46.01
4700,-19.34,-46.01
4701,-19.34,-46.01
4702,-19.34,-46.01
4703,-19.93,-43.85
4704,-19.93,-43.85
4705,-19.93,-43.85
4706,-19.93,-43.85
4707,-19.93,-43.85
4708,-19.93,-43.85
4709,-19.93,-43.85
4710,-19.93,-43.85
4711,-19.93,-43.85
4712,-19.93,-43.85
4713,-20.3,-43.76
4714,-20.3,-43.76
4715,-18.21,-45.26
4716,-18.21,-45.26
4717,-18.21,-45.26
4718,-18.21,-45.26
4719,-18.21,-45.26
4720,-18.21,-45.26
4721,-19.93,-43.85
4722,-19.93,-43.85
4723,-17.59,-44.74
4724,-17.59,-44.74
4725,-17.59,-44.74
4726,-17.59,-44.74
4729,-20.07,-44.84
4730,-20.07,-44.84
4731,-21.47,-43.53
4732,-21.47,-43.53
4733,-19.137778,-42.728889
4734,-19.137778,-42.728889
4735,-17.34,-44.87
4736,-17.34,-44.87
4737,-17.34,-44.87
4738,-17.34,-44.87
4739,-19.52,-44.32
4740,-19.52,-44.32
4741,-19.34,-46.01
4742,-18.46,-47.99
4743,-18.46,-47.99
4744,-19.113333,-42.726667
4745,-16.83,-42.02
4746,-16.83,-42.02
4747,-17.07,-47.11
4748,-17.07,-47.11
4749,-20.33,-43.78
4750,-20.33,-43.78
4751,-19.74,-43.91
4752,-19.74,-43.91
4753,-19.74,-43.91
4754,-19.74,-43.91
4755,-16.73,-42.57
4756,-16.73,-42.57
4757,-16.73,-42.57
4758,-16.73,-42.57
4759,-16.83,-42.02
4760,-17.07,-47.11
4761,-17.07,-47.11
4762,-17.145,-46.985
4763,-16.83,-42.02
4764,-20.66,-43.82
4765,-20.66,-43.82
4881,-17.34,-44.87
4882,-17.34,-44.87
4902,-20,-43.99
4903,-20,-43.99
4938,-22.65,-43.77
4939,-22.65,-43.77
4941,-3.13,-51.78
4942,-3.12,-51.735
4943,-20.26,-47.18
4945,-3.11,-51.69
4946,-3.11,-51.69
4947,-22.65,-43.77
4948,-22.65,-43.77
4949,-3.12,-51.735
4986,-6.08,-49.68
4991,-20.37,-40.44
4992,-20.37,-40.44
4993,-20.37,-40.44
4994,-20.37,-40.44
4995,-20.37,-40.44
4996,-20.37,-40.44
4997,-20.37,-40.44
4998,-20.37,-40.44
5000,-13.133333,-48.536667
5001,-12.436667,-48.773333
5002,-11.74,-49.01
5003,-11.006667,-48.846667
5004,-12.16,-48.55
5005,-12.23,-48.39
5006,-11.95,-48.78
5007,-12.23,-48.39
5014,-14.47,-48.49
5015,-14.47,-48.49
5016,-15.12,-48.93
5017,-15.12,-48.93
5018,-14.47,-48.49
5019,-14.47,-48.49
5190,-9.27,-64.65
5191,-9.27,-64.65
5192,-8.8,-63.95
5193,-8.8,-63.95
5194,-8.8,-63.95
5195,-8.855,-63.955
5196,-8.855,-63.955
5197,-8.855,-63.955
5198,-8.91,-63.96
5199,-8.91,-63.96
5200,-9.09,-64.305
5201,-8.91,-63.96
5202,-21.83,-48.35
5203,-21.83,-48.35
5204,-21.83,-48.35
5205,-8.91,-63.96
5206,-21.83,-48.35
5210,-9.09,-64.305
5876,-8.4,-35.02
5885,-5.81,-35.24
6051,-27.51,-48.66
6053,-27.16,-48.58
6054,-27.206667,-48.66
6055,-27.22,-48.63
6056,-27.37,-48.63
6065,-27.6,-48.58
6067,-27.6,-48.59
6069,-27.57,-48.54
6072,-27.56,-48.5
6073,-27.59,-48.56
6074,-27.45,-48.45
6075,-27.67,-48.5
6076,-27.87,-48.61
6077,-27.67,-48.68
6078,-27.43,-48.41
6079,-27.16,-48.58
6081,-27.575714,-48.720001
6082,-27.59,-48.62
6083,-27.56,-48.64
6084,-27.68,-48.76
6085,-27.6,-48.545
6086,-27.59,-48.69
6087,-27.37,-48.870909
6088,-27.64,-48.69
6091,-27.26,-48.72
6095,-27.55,-49.01
6096,-27.6,-48.5
6097,-27.53,-49.01
6098,-26.19,-50.36
6099,-26.15,-50.35
6100,-26.2,-50.4
6101,-26.12,-50.32
6102,-26.38,-48.68
6104,-26.48,-48.74
6105,-26.25,-48.87
6106,-26.29,-48.81
6107,-26.26,-48.86
6108,-26.07,-48.86
6109,-26.26,-51.04
6110,-26.47,-49.03
6111,-26.47,-49
6112,-26.252857,-48.87381
6113,-26.258571,-48.871429
6114,-26.262857,-48.860476
6115,-26.08,-48.61
6119,-26.33,-49.1
6120,-26.47,-49.08
6121,-26.53,-49.14
6122,-26.616316,-49.122105
6123,-26.614545,-49.110909
6124,-26.489474,-49.153158
6125,-26.489473,-49.153158
6126,-26.26,-48.81
6130,-26.27,-48.9
6131,-26.35,-48.8
6132,-26.35,-48.8
6133,-26.39,-50.14
6135,-26.48,-48.74
6137,-26.38,-48.84
6142,-26.29,-48.89
6143,-26.29,-48.89
6144,-26.283333,-48.876667
6146,-26.32,-48.84
6151,-26.278571,-48.832857
6153,-26.272857,-48.844286
6154,-26.272857,-48.844286
6156,-26.27,-48.85
6157,-26.27,-48.85
6160,-26.27,-48.85
6161,-26.29,-48.87
6162,-26.25,-48.88
6163,-26.36,-48.86
6165,-26.14,-49.81
6166,-26.533636,-49.102727
6167,-26.52,-49.13
6168,-26.538947,-49.136316
6169,-26.39,-50.14
6170,-26.23,-48.53
6171,-26.23,-48.91
6172,-26.344063,-48.729194
6173,-26.18,-48.61
6174,-26.344063,-48.729194
6175,-26.22,-49.34
6176,-26.24,-49.5
6177,-26.344046,-48.72914
6178,-26.344046,-48.72914
6179,-26.246667,-49.21
6180,-26.23,-49.4
6181,-26.22,-49.34
6182,-26.226667,-49.216667
6183,-26.26,-48.63
6184,-26.332032,-48.692097
6185,-26.356042,-48.76613
6186,-26.29,-48.81
6187,-26.24,-48.585
6188,-26.25,-48.91
6189,-26.22,-48.54
6191,-26.24,-48.91
6192,-26.26,-48.88
6194,-26.473333,-49.053333
6195,-26.48,-49.05
6196,-26.45,-48.94
6197,-26.9,-49.09
6198,-26.96,-49.07
6199,-26.9,-49.08
6200,-26.95,-49.08
6201,-26.95,-49.08
6203,-26.95,-49.08
6204,-26.95,-49.08
6205,-26.88,-49.11
6206,-26.88,-49.11
6208,-26.86,-49.06
6209,-26.89875,-49.095
6210,-26.91625,-49.085
6211,-26.78,-49.09
6212,-26.78,-49.09
6213,-26.78,-49.09
6214,-26.78,-49.09
6215,-26.78,-49.09
6216,-26.78,-49.09
6217,-26.92,-49.12
6219,-26.95,-49.08
6220,-26.95,-49.08
6223,-27.06,-48.9
6224,-27.12,-48.94
6225,-27.07,-48.94
6226,-27.035,-49.01
6228,-27,-48.63
6229,-27.03,-48.6
6231,-26.88,-48.71
6232,-27.6,-49.545
6233,-27.293333,-49.642222
6235,-26.63,-48.71
6236,-26.59,-48.746667
6237,-26.653375,-48.757116
6238,-26.65,-49.34
6239,-26.85,-49.15
6240,-26.65,-49.36
6244,-26.93,-48.94
6249,-27.06,-49.51
6252,-26.9,-49.27
6255,-26.860109,-48.775669
6256,-27.14,-48.63
6257,-26.79,-49.42
6258,-27.245,-49.71
6259,-27.245,-49.71
6260,-27.245,-49.71
6262,-27.41,-49.6
6263,-27.02,-49.64
6265,-26.89,-48.72
6266,-26.89,-48.72
6268,-26.95,-48.74
6269,-26.95,-48.64
6270,-26.86,-48.68
6271,-26.47,-49.59
6272,-26.692222,-49.344444
6273,-26.54,-49.57
6274,-26.76,-49.17
6275,-26.89,-48.66
6276,-26.76,-48.69
6277,-27.02,-49.64
6279,-27.2,-49.65
6280,-27.176667,-49.684444
6281,-27.19,-49.63
6283,-27.2,-49.65
6284,-27.183334,-49.657222
6285,-27.183334,-49.657222
6286,-27.183333,-49.657222
6287,-27.183333,-49.657222
6289,-27.14,-49.99
6290,-27.3,-49.79
6293,-26.85,-49.26
6294,-26.85,-49.26
6295,-26.85,-49.26
6297,-27.38,-49.36
6298,-26.63,-48.71
6299,-27.36,-49.34
6300,-27.83,-50.26
6301,-27.79,-49.49
6302,-27.32,-50.51
6303,-27.385,-50.59
6304,-27.51,-50.12
6305,-27.46,-50.64
6309,-27.8,-50.36
6310,-27.8,-50.36
6312,-27.55,-50.36
6313,-27.55,-50.36
6314,-28.281764,-49.522456
6315,-28.11053,-49.913849
6316,-28.127196,-49.900515
6317,-27.496666,-50.126667
6318,-27.503333,-50.123333
6319,-27.483333,-50.29
6320,-27.49,-50.13
6321,-27.486667,-50.209998
6322,-27.486667,-50.21
6323,-27.48,-50.37
6325,-26.98,-50.41
6326,-27.26,-50.48
6327,-27.31,-50.54
6328,-28.27,-49.92
6330,-27.48,-50.12
6331,-27.276666,-50.499999
6332,-27.496667,-50.126667
6333,-27.276667,-50.5
6334,-27.293333,-50.52
6335,-28.27,-49.92
6336,-26.98,-50.41
6337,-27.635,-50.215
6339,-27.78,-50.3
6340,-27.646471,-50.681765
6341,-27.87,-50.39
6345,-26.79,-51.02
6346,-26.81,-50.93
6347,-26.81,-50.93
6348,-26.87,-51.79
6349,-26.81,-50.93
6350,-27.38,-51.21
6356,-27.35,-51.6
6357,-26.79,-51.03
6360,-26.87,-51.79
6361,-27.086827,-51.702459
6362,-27.086827,-51.702459
6363,-27.001033,-51.937599
6364,-26.97,-51.43
6365,-27.07,-51.67
6366,-26.97,-51.43
6367,-27.02,-50.92
6368,-26.877641,-51.838766
6373,-27.476176,-51.074412
6374,-27.52625,-50.93125
6375,-27.41875,-51.28375
6376,-27.402059,-51.331471
6377,-27.02,-51.14
6378,-26.79,-50.95
6384,-27.38,-51.59
6385,-27.01,-51.16
6386,-27.19,-51.5
6387,-27.296667,-51.566667
6388,-27.243332,-51.533332
6389,-27.02,-51.110001
6390,-27.02,-51.07
6391,-27.02,-51.15
6392,-27.02,-51.110001
6394,-27.243333,-51.533333
6395,-27.02,-50.92
6396,-27.02,-51.11
6397,-27.02,-51.11
6398,-27.12,-51.25
6399,-27.3,-51.57
6400,-27.14,-52.13
6401,-27.1325,-52.1075
6413,-27.11,-52.64
6414,-27.225,-52.010001
6415,-27.2225,-51.999999
6416,-27.2225,-51.999999
6417,-27.2225,-52.000001
6418,-27.2225,-52.000001
6422,-27.095714,-52.681429
6423,-27.098571,-52.697143
6424,-27.1,-52.7
6425,-27.1,-52.71
6426,-27.23,-52.03
6427,-27.22,-51.99
6430,-27.08,-52.64
6431,-27.08,-52.61
6433,-26.76,-52.26
6434,-26.81,-52.25
6435,-27.09,-52.14
6436,-27.16,-53.72
6437,-26.86,-52.24
6438,-26.76,-53.15
6439,-27.0275,-52.1625
6440,-27.125,-53.565
6441,-27.06,-53.15
6442,-26.81,-53.03
6443,-27.09,-53.41
6445,-26.61,-52.29
6452,-26.86,-52.14
6453,-26.86,-52.14
6454,-26.86,-52.14
6456,-26.8,-52.72
6462,-26.755714,-53.524999
6463,-26.755714,-53.524999
6464,-26.781429,-53.550001
6465,-26.73,-53.5
6466,-26.755714,-53.525001
6467,-26.755714,-53.525001
6468,-27.23,-52.03
6469,-27.09,-52.65
6470,-26.45,-53.51
6471,-26.36,-52.85
6472,-26.35,-52.84
6473,-27.088571,-52.657143
6474,-27.1,-52.69
6478,-27.15,-52.31
6479,-27.16,-52.32
6486,-27.03642,-52.362557
6489,-26.966904,-52.377926
6490,-26.86,-52.39
6491,-26.913451,-52.383963
6492,-26.913451,-52.383963
6493,-26.913451,-52.383963
6494,-26.913452,-52.383963
6495,-26.913452,-52.383963
6496,-26.913452,-52.383963
6501,-28.28,-49.15
6505,-28.312871,-49.11249
6509,-28.33,-49.04
6510,-28.370967,-49.054156
6518,-28.24,-48.67
6519,-28.12,-48.7
6520,-27.88,-48.695
6521,-28.59,-49.05
6522,-28.61,-49.03
6523,-28.53,-49.04
6525,-28.47,-48.78
6530,-28.38,-49.28
6531,-28.53,-49.06
6532,-28.47,-49.01
6533,-28.42,-48.94
6535,-28.67,-49.11
6536,-28.623333,-49.063333
6538,-28.23754,-49.174657
6539,-28.21,-48.68
6552,-28.95,-49.52
6553,-28.96,-49.44
6555,-28.75,-49.52
6556,-28.68,-49.41
6557,-28.735,-49.405
6558,-28.75,-49.52
6561,-28.69,-49.35
6563,-28.78,-49.36
6564,-28.81,-49.37
6565,-28.77,-49.37
6566,-28.763333,-49.386667
6571,-28.61,-49.32
6572,-28.75,-49.52
6574,-28.74,-49.43
6576,-28.72,-49.29
6577,-28.78,-49.27
6578,-28.4,-49.4
6579,-28.86,-49.47
6581,-28.49,-49.46
6583,-28.66,-49.21
6584,-28.67,-49.33
6585,-28.67,-49.32
6588,-28.66,-49.21
6589,-28.53,-49.33
6590,-29,-49.63
6593,-29.1,-49.64
6594,-28.59,-49.41
6595,-29.23,-49.76
6596,-28.53,-49.33
6601,-23.53,-51.45
6602,-23.03,-52.45
6603,-23.39,-51.24
6604,-25.59,-49.36
6605,-25.59,-49.36
6606,-23.39,-51.24
6607,-23.03,-52.45
6608,-25.51,-53.68
6609,-25.5,-53.67
6615,-25.43,-49.37
6616,-25.48,-49.21
6617,-25.53,-49.33
6618,-25.37,-49.28
6619,-25.59,-49.32
6623,-25.2,-49.32
6624,-25,-53.46
6625,-25.03,-53.53
6626,-25.03,-53.53
6627,-25.41,-49.53
6628,-25.41,-49.53
6629,-25.59,-49.35
6630,-24.513899,-53.479267
6649,-25.120974,-54.007313
6651,-23.85,-50.39
6652,-25.49,-54.54
6653,-25.52,-53.1
6654,-25.47,-54.48
6655,-25.47,-54.48
6662,-26.01,-51.67
6663,-25.25,-48.76
6664,-25.59,-49.35
6665,-24.1,-54.23
6673,-25.58,-49.37
6675,-26.43,-52.07
6676,-26.43,-52.07
6677,-26.43,-52.07
6678,-26.43,-52.07
6680,-23.29,-51.08
6688,-24.23,-49.69
6699,-23.28,-51.24
6708,-23.45,-51.99
6710,-23.804622,-52.149727
6715,-24.04,-50.69
6716,-24.06,-50.71
6720,-24.23,-49.69
6721,-25.43,-51.6
6722,-25.37,-50.67
6723,-24.562233,-50.159145
6724,-25.915466,-51.178807
6730,-26.21,-52.67
6731,-25.55,-48.56
6732,-25.04,-50.14
6733,-25.18,-50.1
6735,-26.43,-52.07
6747,-25.58,-49.36
6754,-23.44,-51.83
6755,-25.54,-53.5
6757,-25.79,-52.105
6758,-25.79,-52.1
6759,-25.57,-49.42
6761,-25.53,-49.13
6762,-25.67,-49.18
6763,-25.85,-50.4
6764,-25.36,-49.14
6768,-25.665601,-52.108659
6769,-25.665602,-52.108665
6770,-22.88,-52.18
6771,-22.955464,-52.213242
6775,-23.387733,-50.269931
6777,-25.18,-50.1
6778,-25.054998,-50.1425
6779,-25.475624,-49.301241
6780,-25.85,-50.4
6781,-25.18,-50.1
6782,-25.055001,-50.1425
6783,-22.936733,-51.930297
6785,-26.502892,-51.887607
6786,-26.520881,-52.425416
6787,-23.466329,-52.956607
6788,-25.18,-50.1
6789,-25.517937,-49.485216
6790,-25.18,-50.1
6791,-22.93,-51.95
6792,-24.79,-51.43
6794,-26.7,-51.92
6795,-24.165714,-49.655714
6796,-24.564239,-50.159127
6798,-25.36,-51.48
6799,-23.85,-50.39
6800,-26.58,-52.5
6801,-23.37,-52.91
6802,-25.204615,-49.190769
6803,-25.642028,-49.235678
6804,-25.04,-50.14
6805,-24.386111,-53.546938
6806,-23.784491,-52.768715
6807,-25.32629,-54.360966
6808,-23.314286,-51.194286
6809,-24.273737,-50.273875
6810,-26.21,-52.67
6811,-22.943469,-51.910601
6812,-24.13822,-53.595647
6814,-23.986619,-53.686443
6815,-26.06,-52.92
6816,-23.15,-50.486667
6818,-23.53,-51.45
6819,-23.539359,-51.515007
6820,-23.209431,-52.304181
6821,-23.374734,-51.295262
6822,-23.431577,-51.32842
6823,-24.23,-49.69
6824,-25.57,-49.323333
6825,-25.55,-49.326667
6826,-25.97,-51.6
6827,-23.29,-51.08
6828,-23.243386,-51.894237
6829,-25.35,-49.46
6833,-22.71,-51.78
6834,-23.08,-50.19
6839,-25.440195,-49.215866
6840,-23.15,-50.486667
6841,-24.721199,-50.152557
6844,-24.043362,-52.000141
6845,-25.416667,-49.136667
6846,-23.175,-51.275
6847,-23.810082,-51.887583
6850,-25.67,-49.18
6851,-25.43,-49.37
6854,-25.44,-49.25
6855,-24.451199,-50.002557
6856,-25.41,-49.53
6857,-26.21,-52.67
6858,-26.21,-52.67
6859,-24.673916,-50.136288
6860,-25.438601,-49.258103
6861,-25.46,-49.31
6862,-25.43,-49.37
6863,-25.48,-49.21
6864,-25.40039,-49.221733
6865,-25.4,-49.325
6867,-25.53,-49.33
6868,-25.37,-49.28
6870,-25.59,-49.32
6871,-25.440195,-49.215866
6872,-25.391563,-49.256929
6873,-25.491251,-49.292508
6874,-25.4493,-49.284052
6875,-25.495,-49.32
6876,-25.535,-49.265
6877,-25.406506,-49.260254
6878,-25.4,-49.325
6879,-25.575,-49.3225
6880,-25.4,-49.325
6881,-24.74,-50.12
6883,-25.445,-49.34
6885,-25.483751,-49.237505
6886,-25.4593,-49.234052
6888,-24.602603,-53.193133
6889,-25.389356,-49.265728
6890,-25.510624,-49.311241
6891,-23.562645,-53.003703
6893,-24.742869,-53.444725
6894,-25,-53.46
6895,-24.871436,-53.45239
6896,-25.2,-53.275
6897,-25.054346,-53.700759
6898,-25.767941,-49.063961
6899,-25.82,-49.07
6900,-23.777807,-52.422608
6901,-26.372664,-52.246253
6902,-25.41,-49.53
6903,-25.41,-49.53
6904,-25.41,-49.53
6906,-24.170719,-52.451537
6907,-24.11,-52.33
6908,-23.95312,-52.390944
6909,-24.120344,-52.410806
6910,-24.07,-52.37
6911,-24.011549,-52.380548
6912,-23.44,-51.985
6913,-25.56,-49.325
6914,-22.99,-51.82
6915,-22.897224,-51.998444
6916,-24.633155,-53.498876
6917,-23.22,-50.783333
6918,-25.53,-49.33
6919,-25.852005,-52.012115
6920,-25.436052,-51.41801
6921,-25.78,-53.52
6922,-25.29,-49.39
6923,-24.07,-52.37
6925,-25.53,-49.13
6926,-25.53,-49.13
6929,-24.573476,-53.59883
6930,-23.336463,-51.182361
6931,-25.704171,-53.04826
6932,-25.860768,-53.241376
6933,-25.2,-53.275
6934,-25.67,-49.18
6935,-24.786764,-53.529461
6936,-25.820384,-53.380688
6945,-25.53,-49.13
6951,-25.59,-49.32
6952,-23.686669,-51.477611
6953,-25.642429,-49.234814
6954,-25.86079,-53.241331
6955,-25.52,-53.1
6956,-25.52,-53.1
6957,-23.85,-50.39
6958,-23.07,-51.31
6959,-25.545,-49.3275
6960,-25.49,-54.54
6961,-25.49,-54.54
6962,-25.49,-54.54
6963,-25.49,-54.54
6964,-25.49,-54.54
6965,-25.52,-53.1
6966,-25.628255,-49.263592
6967,-24.573528,-53.598921
6968,-25.706434,-51.914048
6969,-25.7,-52
6970,-25.98,-52.22
6979,-26.01,-51.67
6980,-24.122116,-53.000177
6981,-25.25,-48.76
6982,-25.14,-48.87
6984,-24.1,-54.23
6985,-25.36,-49.14
6986,-25.55,-48.56
6987,-25.663799,-49.051987
6988,-25.71,-48.97
6989,-25.436245,-51.417824
6990,-25.482792,-51.446066
6991,-25.362732,-51.398059
6993,-25.25,-48.76
6994,-26.01,-51.67
6995,-24.13,-49.64
7000,-23.79,-53.29
7001,-25.535,-49.35
7002,-25.54,-49.37
7008,-26.121928,-51.778405
7009,-23.695835,-50.349957
7010,-25,-53.46
7011,-23.29,-51.08
7012,-25.243846,-50.437611
7013,-24.23,-49.69
7014,-25.497664,-51.036196
7015,-25.09,-50.32
7016,-25.49,-54.54
7017,-24.250007,-51.742833
7018,-23.298946,-51.251052
7020,-25.09,-50.32
7021,-25.43,-51.6
7022,-25.37,-50.67
7023,-24.78,-50.06
7024,-26.13,-51.15
7026,-24.201429,-49.671429
7027,-23.88,-50.335
7028,-24.23,-49.69
7041,-24.29,-50.6
7042,-24.25,-50.74
7050,-25.575,-49.3225
7051,-25.462534,-49.59753
7053,-25.4792,-52.20521
7054,-23.449411,-51.06706
7055,-23.28,-51.24
7056,-23.297143,-51.217143
7057,-23.392936,-51.124711
7058,-23.285,-51.16
7059,-23.331429,-51.171429
7060,-23.364704,-51.153531
7061,-23.310828,-52.72933
7062,-23.28,-51.24
7063,-24.118752,-53.913964
7070,-24.322088,-52.689775
7071,-24.333324,-52.67605
7072,-23.447569,-51.951099
7073,-23.576799,-51.775029
7074,-23.317891,-51.262103
7075,-23.508401,-51.802514
7076,-25.55,-48.56
7077,-24.402694,-54.111666
7078,-24.3251,-53.957917
7079,-25.162935,-54.182171
7080,-23.442703,-51.873249
7081,-23.45,-51.99
7082,-23.445,-51.91
7086,-25.406667,-48.746667
7088,-23.45,-51.99
7090,-25.070001,-50.145
7091,-25.18,-50.1
7096,-23.329694,-52.147035
7116,-26.305779,-51.855212
7117,-25.273154,-49.992595
7118,-24.119621,-53.912919
7119,-23.089175,-52.461145
7120,-25.52,-53.1
7121,-25.52,-53.1
7122,-26.21,-52.67
7124,-25.663746,-49.052017
7125,-25.421433,-48.645712
7126,-25.55,-48.56
7127,-25.464292,-48.617139
7128,-25.04,-50.14
7129,-25.18,-50.1
7130,-25.148984,-50.250218
7131,-25.124049,-50.115986
7132,-25.06803,-50.131991
7133,-25.164847,-50.175661
7134,-25.416665,-49.136667
7135,-26.291321,-52.458124
7136,-25.473333,-49.133333
7137,-24.73,-52.01
7139,-25.55,-48.56
7140,-24.23,-49.69
7141,-25.547746,-49.129084
7142,-25.252211,-51.008016
7144,-24.34088,-49.846381
7147,-25.06,-50.99
7148,-25.12,-52.39
7149,-24.07,-49.62
7150,-24.64,-53.1
7152,-25.416667,-49.136667
7153,-25.4996,-52.652606
7163,-25.545,-49.3275
7166,-25.56,-49.325
7167,-24.632509,-53.499301
7168,-23.336467,-51.182356
7169,-25.78,-53.52
7170,-25.43,-49.37
7171,-25.487498,-49.264985
7172,-25.281538,-49.346923
7173,-25.640232,-50.992665
7175,-25.435963,-51.417506
7177,-25.78,-53.52
7178,-25.178629,-50.343258
7179,-25.777836,-51.085698
7181,-25.715829,-49.057998
7182,-25.86084,-53.241374
7183,-25.860971,-53.241242
7185,-23.51,-49.69
7186,-20.81,-46.71
7187,-23.234165,-50.230043
7188,-23.44,-51.83
7189,-25.78,-53.52
7190,-25.54,-53.5
7191,-25.54,-53.5
7192,-25.567301,-51.73
7193,-25.65,-51.96
7194,-23.441352,-51.85163
7195,-25.79,-52.11
7196,-24.133333,-49.643333
7197,-24.78254,-54.146727
7198,-25.79,-52.105
7200,-23.542267,-50.310069
7202,-25.565463,-49.128225
7203,-25.473333,-49.133333
7204,-25.67,-49.18
7206,-25.85,-50.4
7207,-25.36,-49.14
7209,-24.130344,-52.375806
7210,-24.09,-52.3
7211,-25.666369,-51.499029
7212,-23.788037,-52.941127
7213,-23.75,-52.87
7221,-25.517433,-49.486615
7222,-24.197542,-50.330864
7223,-24.197778,-50.330994
7224,-24.360324,-53.668346
7225,-25.012543,-51.40662
7226,-24.062172,-50.332031
7227,-24.061921,-50.331896
7228,-24.53,-50.41
7229,-25.204616,-49.19077
7230,-25.102308,-48.905384
7231,-24.468736,-50.328826
7232,-24.92,-51.41
7233,-24.471104,-53.02536
7234,-24.462394,-52.941306
7235,-23.911295,-53.323555
7237,-23.82949,-53.185562
7238,-25.942726,-51.389386
7239,-26.010696,-51.215116
7240,-26.039035,-51.258467
7241,-22.78,-52.7
7242,-23.27,-52.49
7243,-22.965,-51.345
7244,-22.86,-51.38
7245,-23.179583,-52.475632
7246,-23.27,-52.49
7247,-23.43,-51.98
7251,-25.43,-49.37
7265,-25.85,-50.4
7299,-25.57,-49.08
7300,-25.57,-49.08
7301,-27.6,-51.33
7302,-27.57,-51.375
7303,-27.78,-51.19
7304,-27.77,-51.18
7305,-27.14,-53.04
7306,-27.14,-53.05
7307,-29.01,-51.54
7308,-29.02,-51.53
7309,-29.03,-51.52
7310,-29.01,-51.46
7311,-29.01,-51.38
7312,-29.035,-51.605
7313,-29.06,-51.67
7314,-27.14,-53.05
7361,-30.865,-55.52
7364,-29.81,-55.84
7365,-29.883333,-55.903333
7366,-30.06,-56.15
7367,-29.69,-51.07
7368,-29.83,-51.18
7369,-29.69,-51.07
7371,-29.853333,-51.176667
7372,-29.63,-52.16
7373,-29.63,-52.16
7374,-29.47,-51.98
7375,-29.88,-51.19
7377,-29.689091,-51.080909
7378,-30.38,-56.44
7379,-30.86,-55.54
7380,-30.86,-55.54
7381,-30.86,-55.54
7382,-29.89,-51.18
7383,-29.89,-51.18
7384,-29.78,-57.06
7385,-30.1,-57.33
7386,-29.78,-55.72
7387,-30.87,-55.5
7388,-29.9,-56.72
7389,-29.72,-51.15
7390,-29.71,-53.74
7393,-29.81,-51.13
7395,-29.65,-53.26
7403,-30.52,-53.48
7404,-29.87,-54.82
7405,-30,-52.91
7413,-29.71,-52.564
7414,-29.68,-52.78
7416,-29.69,-52.65
7418,-29.68,-51.09
7419,-29.687273,-51.112727
7420,-29.84,-51.18
7424,-29.92,-51.28
7426,-29.75,-51.953333
7427,-29.85,-51.4
7428,-29.870909,-51.266364
7431,-29.84,-51.18
7432,-29.48,-51.96
7434,-29.59,-53.43
7438,-29.49,-54.7
7439,-29.15,-56.07
7440,-29.44,-51.96
7442,-29.58,-51.36
7444,-29.66,-51.13
7445,-29.67,-51.46
7446,-29.577145,-51.207138
7447,-29.83,-51.41
7448,-29.87,-51.17
7449,-30.24,-54.92
7450,-29.96,-52.36
7451,-29.84,-51.17
7454,-29.21,-54.87
7455,-29.75,-52.42
7456,-29.65,-51.01
7457,-29.75,-52.42
7460,-28.67,-56.02
7469,-28.69,-56
7470,-29.78,-55.77
7472,-30.34,-54.33
7473,-29.85,-51.38
7474,-29.7,-52.44
7476,-30.17,-53.59
7478,-29.81,-51.85
7479,-29.635827,-53.617062
7480,-29.76,-52.43
7481,-29.81,-51.85
7483,-29.78,-52.41
7484,-29.95,-51.19
7485,-29.95,-51.18
7486,-29.92,-51.24
7487,-29.952,-51.2
7488,-29.936,-51.22
7489,-29.81,-51.14
7490,-29.97,-51.2
7491,-29.95,-51.19
7492,-29.7,-54.7
7493,-29.71,-52.564
7494,-29.6,-54.17
7496,-29.56,-55.13
7498,-29.38,-56.04
7506,-30.037411,-56.113115
7508,-29.863636,-51.345455
7514,-29.72,-51.15
7517,-29.7,-53.84
7519,-29.66,-53.79
7520,-30.09,-53.64
7522,-29.706667,-53.796667
7523,-29.71,-53.81
7525,-29.69,-51.06
7526,-29.860312,-51.154586
7531,-29.72,-51.15
7532,-29.66,-53.79
7533,-29.94,-51.71
7535,-29.88,-51.735
7536,-29.72,-51.15
7537,-29.55,-56.74
7540,-29.653333,-52.22
7541,-29.63,-52.2
7544,-29.71,-51.11
7545,-29.9,-51.15
7547,-29.71,-51.25
7548,-28.81,-55.56
7551,-29.43,-53.03
7562,-29.54,-52.52
7564,-29.48,-51.97
7566,-29.87,-51.39
7570,-29.870769,-51.124023
7571,-29.69,-51.07
7573,-29.76,-57.06
7574,-29.59,-51.11
7575,-29.65,-51.15
7576,-29.89,-51.18
7577,-29.47,-51.98
7578,-29.15,-56.07
7579,-29.97,-51.2
7580,-29.87,-51.39
7581,-29.81,-51.17
7582,-29.72,-51.15
7583,-29.75,-52.42
7584,-29.81,-51.18
7585,-29.68,-53.88
7587,-29.7,-54.7
7588,-29.81,-57
7589,-29.63,-52.16
7590,-29.79,-51.16
7591,-29.672217,-55.749335
7592,-29.76,-51.11
7593,-29.72,-51.15
7594,-29.607481,-53.681185
7595,-29.43,-54.6
7596,-28.69,-56
7598,-29.37,-54.5
7599,-29.75,-52.42
7600,-29.65,-52.8
7602,-29.75,-52.42
7603,-29.756667,-54.74
7604,-29.82,-51.39
7608,-29.88,-51.17
7610,-29.716667,-52.386667
7620,-29.46,-51.99
7624,-29.83,-51.42
7631,-29.44,-51.9
7632,-29.5,-51.36
7637,-29.73,-51.14
7638,-29.83,-51.42
7711,-26.39,-48.95
7712,-26.96,-48.7
7713,-26.8825,-48.945
7714,-23.027485,-54.711256
7715,-28.54,-49.1
7717,-26.86,-49.29
7718,-26.96,-48.7
7719,-27.53,-51.79
7720,-21.558161,-55.225779
7721,-27.59,-51.455
7722,-27.27,-52.41
7723,-27.54,-51.42
7724,-21.466121,-55.351835
7725,-27.76,-50.34
7726,-27.49,-48.73
7727,-28.54,-49.1
7728,-27.54,-51.42
7729,-28.13,-55.06
7730,-28.14,-55.05
7731,-26.97,-48.78
7732,-25.59,-49.32
7733,-26.78,-49.08
7734,-26.78,-49.08
7735,-26.78,-49.08
7736,-27.54,-51.42
7738,-26.97,-48.78
7739,-25.59,-49.32
7740,-27.49,-48.73
7741,-27.49,-48.73
7742,-27.49,-48.73
7743,-28.75,-49.52
7744,-27.57,-51.07
7745,-27.67,-48.51
7746,-27.67,-48.51
7747,-27.57,-51.07
7748,-25.97,-51.6
7749,-25.97,-51.6
7750,-29.88,-51.06
7751,-29.28,-51.2
7752,-29.82,-51.34
7753,-31.57,-53.69
7754,-20.546818,-54.43682
7755,-20.55,-54.75
7756,-23.132509,-54.643747
7757,-22.27,-54.99
7758,-20.57,-55.84
7759,-28.56,-49.41
7760,-24.43,-51.68
7762,-23.46,-51.14
7763,-23.46,-51.14
7765,-28.28,-54.33
7766,-25.63,-52.62
7770,-26.25,-48.9
7771,-22.23,-54.7
7772,-20.481966,-54.62
7776,-24.07,-52.37
7777,-26.25,-48.9
7778,-26.2,-50.4
7779,-27,-51.09
7780,-29.95,-51.62
7781,-28.99,-50.56
7782,-29.22,-51.32
7783,-28.79,-50.75
7784,-28.8,-50.73
7785,-29.04,-50.51
7790,-27.16,-49.61
7793,-27,-51.09
7794,-26.29,-48.89
7795,-26.29,-48.89
7796,-26.29,-48.89
7797,-27.07125,-52.66
7798,-26.845163,-48.803504
7799,-26.845163,-48.803504
7800,-28.45,-48.97
7802,-28.46,-48.97
7803,-28.45,-48.97
7804,-28.45,-48.97
7806,-27.76,-50.34
7808,-27.64,-48.69
7809,-27.64,-48.69
7812,-27.48,-52.72
7816,-29.676041,-54.814098
7818,-29.81,-57.01
7819,-29.81,-57.01
7820,-25.54,-53.01
7821,-25.54,-53.01
7822,-27.21,-51.91
7823,-28.56,-49.41
7824,-28.6,-49.41
7825,-28.6,-49.41
7826,-26.86,-52.39
7827,-27.039977,-52.432502
7828,-27.02375,-52.7
7829,-28.815556,-50.611111
7830,-28.54,-49.1
7831,-26.92125,-53.1075
7832,-27.226364,-51.267273
7833,-26.83013,-48.831357
7834,-26.845122,-48.80349
7845,-26.87,-49.02
7850,-30.81,-55.71
7878,-27.16,-49.61
7880,-27.139091,-51.291818
7882,-29.97,-51.6
7883,-29.93,-51.39
7884,-29.86,-52.01
7885,-29.6,-51.15
7886,-29.506204,-51.227905
7890,-26.29,-48.89
7898,-27.143494,-51.945793
7899,-26.80375,-53.2525
7900,-27.48,-48.5
7901,-27.48,-48.5
7903,-26.96,-48.7
7904,-26.86,-49.29
7905,-26.869116,-48.885562
7917,-27.55,-48.656667
7918,-27.61,-48.583333
7919,-26.845122,-48.80349
7921,-29.82,-51.34
7922,-28.28,-54.33
7923,-29.78,-50.05
7924,-29.89,-50.96
7926,-27.486667,-48.653333
7927,-27.483333,-48.576667
7928,-27.486667,-48.653333
7929,-27.483333,-48.576667
7945,-28.75,-49.52
7980,-26.39,-48.95
7981,-26.39,-48.95
7982,-26.00375,-49.04375
7983,-26.17125,-48.91125
7990,-26.44,-49.17
7991,-26.44,-49.17
8012,-29.18,-51.47
8013,-29.13,-51.52
8014,-29.2,-51.36
8015,-29.23,-51.33
8016,-29.156667,-51.496667
8017,-29.16875,-51.45625
8018,-29.16,-51.5
8019,-29.19125,-51.505
8020,-29.183333,-51.496667
8021,-29.18,-51.51
8022,-29.19,-51.51
8025,-29.27,-51.5
8026,-29.27,-51.47
8030,-29.13,-51.19
8031,-29.13,-51.19
8037,-29.13,-51.19
8039,-29.12,-51.11
8045,-29.17,-51.16
8050,-27.415,-52.725
8053,-29.14,-51.16
8054,-29.04,-51.17
8055,-29.11,-51.11
8056,-29.07,-51.093333
8057,-28.98,-51.06
8058,-29.24,-51.51
8059,-29.14,-51.16
8060,-29.14,-51.16
8061,-29.22,-51.32
8063,-29.15,-51.16
8064,-29.17,-51.17
8066,-29.16,-51.12
8085,-28.825238,-51.711905
8086,-28.767619,-51.780952
8087,-28.898095,-51.744762
8088,-28.929048,-51.752381
8089,-28.868,-51.522
8090,-28.39,-54.93
8091,-28.904,-51.496
8100,-29.905,-51.075
8101,-29.88,-51.06
8102,-29.93,-51.08
8103,-29.95,-51.03
8104,-29.95,-51
8105,-29.94,-50.97
8106,-29.89,-50.8
8107,-29.95,-51.02
8108,-29.943333,-51.033333
8109,-29.91,-51.09
8110,-29.95,-51.02
8111,-29.95,-50.97
8112,-29.91,-51.09
8120,-29.39,-50.75
8122,-29.926667,-50.976667
8130,-28.99,-50.56
8133,-29.54,-50.77
8134,-29.51,-50.77
8135,-29.35,-51.01
8136,-29.64,-50.87
8137,-29.64,-50.56
8138,-29.881111,-51.093252
8139,-29.833533,-51.068852
8140,-29.6,-50.8
8143,-29.35,-51.01
8155,-28.29,-53.88
8156,-27.77,-53.56
8180,-28.81,-51.61
8186,-28.71,-51.85
8187,-28.94,-51.77
8188,-28.96,-51.76
8189,-28.89,-51.46
8191,-28.94,-51.47
8197,-29.89,-50.96
8198,-29.94,-50.96
8200,-27.61,-53.57
8201,-29.88,-51.06
8202,-27.745,-54.015
8220,-27.14,-53.05
8224,-28.15,-54.72
8248,-29.08,-53.23
8256,-27.69,-53.565
8260,-28.3,-54.29
8261,-28.3,-54.29
8262,-28.3,-54.29
8280,-28.67,-52.86
8285,-27.88,-54.46
8288,-28.56,-52.55
8289,-28.28,-52.43
8290,-28.28,-52.43
8291,-28.24,-52.36
8292,-28.28,-52.43
8293,-28.28,-52.43
8294,-28.35,-52.21
8300,-27.48,-52.72
8301,-27.66,-52.31
8310,-27.864545,-52.137273
8317,-28.71,-51.93
8318,-28.22,-51.51
8319,-28.49,-50.91
8320,-27.63,-52.24
8321,-28.55,-52.08
8322,-28.09,-52.06
8323,-28.073333,-51.803333
8324,-27.94,-51.83
8325,-28.84,-51.9
8326,-28.84,-51.9
8327,-28.57,-51.99
8328,-28.55,-52.08
8329,-28.47,-52.21
8330,-28.46,-52.21
8331,-28.61,-53.62
8332,-28.61,-53.62
8333,-29.93,-50.92
8334,-28.41,-53.93
8335,-28.3,-54.24
8336,-28.29,-53.51
8339,-29.288198,-53.585358
8340,-29.24,-53.65
8341,-28.28,-53.51
8344,-29.38,-51.29
8345,-27.5,-53.22
8346,-27.76,-51.33
8348,-27.88,-53.31
8349,-27.94,-52.93
8350,-27.75,-53
8351,-27.845,-52.965
8352,-27.34,-53.06
8353,-29.45,-51.3
8354,-29.386,-50.794
8355,-29.38,-51.12
8356,-29.36,-50.85
8357,-29.4,-50.87
8358,-28.19,-51.52
8359,-29.382,-50.838
8360,-27.61,-51.75
8361,-22.426251,-54.83875
8362,-19.073,-53.1385
8363,-18.81,-52.62
8364,-19.06,-52.53
8365,-18.93,-52.69
8366,-20.45,-52.88
8367,-20.531364,-54.021364
8368,-20.45,-52.88
8371,-20.47,-54.53
8372,-20.47,-54.53
8373,-20.49,-54.74
8374,-23.51,-54.19
8375,-19.92,-54.38
8376,-18.98,-52.61
8378,-23.11,-55.22
8379,-22.39,-54.43
8380,-19.54,-54.03
8381,-19.7,-51.18
8382,-19.7,-51.18
8383,-21.46,-56.15
8384,-21.46,-56.15
8397,-20.09,-51.11
8403,-20.5,-55.81
8404,-20.625,-55.95
8406,-20.5,-55.81
8418,-20.75,-56.09
8419,-21.12,-56.48
8440,-19.54,-54.03
8441,-22.718774,-54.956266
8442,-22.674377,-54.883124
8443,-22.63,-54.81
8444,-22.674414,-54.88315
8450,-19.13,-51.71
8454,-20.43,-54.55
8456,-20.48,-54.65
8458,-20.48,-54.65
8461,-20.52,-54.58
8462,-20.52,-54.58
8463,-20.52,-54.58
8464,-20.52,-54.58
8465,-20.46,-54.62
8466,-20.46,-54.62
8469,-20.42,-54.58
8471,-20.42,-54.58
8477,-20.49,-54.74
8479,-20.49,-54.74
8482,-20.43,-54.66
8483,-20.43,-54.66
8486,-20.47,-54.59
8487,-20.47,-54.59
8488,-20.49,-54.61
8489,-20.49,-54.61
8490,-20.43,-54.62
8491,-20.43,-54.62
8492,-18.81,-52.62
8495,-21.7,-57.87
8497,-19.01,-57.62
8506,-19.01,-57.62
8508,-19.01,-57.62
8511,-18.5,-54.73
8515,-22.1,-54.53
8518,-22.24,-54.84
8519,-22.24,-54.84
8521,-22.26,-54.79
8523,-22.26,-54.79
8524,-22.22,-54.79
8526,-22.22,-54.79
8529,-22.27,-54.99
8531,-22.29,-54.17
8535,-22.23,-54.75
8536,-22.2975,-54.8125
8537,-22.23,-54.75
8541,-23.99,-54.253333
8542,-23.77,-54.3
8543,-23.77,-54.3
8544,-23.77,-54.3
8546,-22.36,-54.5
8554,-22.42,-54.22
8557,-23.67,-54.55
8561,-20.55,-54.75
8571,-22.289,-53.973
8572,-22.2995,-53.9115
8573,-22.31,-53.85
8574,-22.2995,-53.9115
8575,-22.31,-53.85
8582,-21.46,-56.15
8586,-20.54,-54.66
8587,-20.54,-54.66
8591,-21.65,-55.1
8593,-21.65,-55.1
8598,-20.68,-53.57
8605,-20.26,-56.35
8611,-22.26,-53.34
8612,-22.26,-53.34
8613,-22.26,-53.34
8615,-22.5,-54.86
8618,-23.07,-54.21
8627,-22.37,-55.25
8629,-21.315,-54.755
8630,-20.741481,-51.629562
8631,-20.741512,-51.62969
8634,-20.68,-53.57
8637,-22.5,-55.7
8639,-22.12,-55.51
8640,-22.5,-55.7
8641,-22.5,-55.7
8648,-19.7,-51.18
8655,-21.8,-54.55
8656,-21.8,-54.55
8666,-18.9,-54.84
8669,-21.8,-54.55
8676,-19.4,-54.56
8677,-19.4,-54.56
8678,-19.4,-54.56
8681,-22.23,-54.75
8682,-22.365,-54.805
8686,-21.69,-56.8
8688,-20.321947,-51.2367
8689,-20.38,-51.43
8691,-20.93,-54.95
8692,-20.93,-54.95
8693,-20.93,-54.95
8705,-21.62,-55.44
8709,-22.45375,-53.105
8712,-31.55,-53.66
8713,-31.55,-53.67
8714,-31.45,-53.78
8716,-29.88,-51.15
8717,-29.88,-51.15
8718,-27.53,-51.79
8719,-28.841111,-50.652222
8720,-28.25,-55.67
8721,-28.25,-55.67
8722,-28.83,-51.84
8723,-27.53,-51.79
8724,-27.64,-51.49
8725,-28.75,-51.84
8726,-28.77,-51.84
8728,-30.1,-53.65
8729,-28.79,-50.57
8730,-27.62,-50.98
8731,-27.64,-51
8733,-28.61,-51.4
8735,-27.5,-50.8
8736,-27.5,-50.81
8738,-28.96,-50.8
8740,-27.27,-52.41
8741,-27.27,-52.41
8742,-29.02,-50.73
8743,-28.9,-50.81
8744,-27.53,-51.42
8750,-27.35,-52.73
8759,-26.66,-52.54
8760,-26.735,-52.785
8771,-33.14,-52.99
8772,-33.47,-53.3
8773,-33.14,-52.99
8774,-33.14,-52.99
8780,-28.841111,-50.652222
8781,-28.81,-50.61
8800,-27.015,-49.4225
8801,-27.14,-49.52
8918,-29.76,-56.99
8920,-29.76,-56.99
8952,-27.275,-52.395
8954,-28.45,-48.97
8955,-28.45,-48.97
8956,-28.45,-48.97
8957,-28.45,-48.97
8960,-27.55,-52.74
8961,-27.48,-52.72
8970,-25.54,-53.01
8971,-25.54,-53.01
8972,-25.54,-53.01
8973,-25.54,-53.01
8974,-25.63,-52.61
8975,-27.28,-52.38
8976,-25.63,-52.62
8977,-27.275,-52.395
9001,-32.23,-53.09
9002,-29.78,-55.72
9010,-31.29,-54.07
9015,-29.69,-51.07
9020,-29.89,-51.18
9021,-29.89,-51.18
9023,-33.54,-53.37
9030,-30.83,-51.82
9033,-29.375455,-50.716364
9034,-29.375455,-50.716364
9035,-29.412727,-50.738182
9036,-29.363636,-50.710909
9037,-29.34,-50.7
9038,-29.35,-50.7
9039,-29.35,-50.7
9040,-31.57,-53.69
9045,-29.95,-51.19
9050,-29.87,-51.14
9051,-29.9,-51.1
9052,-29.21,-50.24
9060,-29.28,-51.2
9061,-28.346418,-53.803284
9062,-29.14,-51.16
9065,-29.13,-51.19
9066,-29.16,-51.12
9078,-29.876121,-51.108407
9079,-29.876121,-51.108407
9080,-29.876017,-51.108691
9081,-29.876017,-51.108691
9084,-29.95,-51.62
9086,-29.962,-51.63
9090,-29.45,-53.29
9091,-29.45,-53.29
9092,-29.45,-53.29
9095,-29.9,-50.77
9097,-30.01,-51.32
9100,-29.24,-51.51
9102,-30.01,-51.185
9110,-29.88,-51.07
9111,-29.88,-51.07
9116,-30.02,-51.1
9120,-30.13,-51.38
9130,-27.61,-53.57
9131,-27.745,-54.015
9137,-29.31,-50.68
9140,-29.26,-53.23
9141,-29.26,-53.24
9145,-29.26,-53.23
9150,-29.045457,-53.360765
9151,-29.07,-53.21
9152,-29.13,-53.32
9163,-32.55,-53.37
9165,-29.47,-51.98
9166,-29.47,-51.98
9167,-29.47,-51.98
9168,-29.47,-51.98
9169,-29.47,-51.98
9170,-30.86,-55.54
9171,-30.86,-55.54
9172,-30.86,-55.54
9173,-30.86,-55.54
9174,-29.47,-51.98
9177,-30.0528,-51.228
9178,-30.0528,-51.228
9179,-30.0528,-51.228
9180,-28.19,-51.52
9181,-30.0528,-51.228
9182,-30.0528,-51.228
9183,-30.0528,-51.228
9184,-29.15,-56.07
9186,-33.15,-52.99
9188,-28.39,-54.93
9190,-30.78,-50.64
9192,-29.9,-50.31
9193,-29.9,-50.31
9194,-29.9,-50.31
9195,-28.81,-51.61
9197,-30.142855,-51.125715
9198,-30.142855,-51.125715
9199,-30.142855,-51.125715
9204,-30.05,-51.23
9206,-30.06,-51.14
9208,-30.01,-51.14
9209,-29.97,-51.2
9210,-30.05,-51.2
9212,-30.05,-51.2
9213,-30.1,-51.22
9216,-30.06,-51.14
9217,-30.06,-51.14
9218,-30.06,-51.14
9219,-30.06,-51.14
9220,-29.97,-51.2
9221,-30.06,-51.14
9222,-29.97,-51.2
9223,-29.97,-51.2
9224,-29.97,-51.2
9225,-30.06,-51.14
9226,-29.97,-51.2
9228,-31.73,-52.41
9230,-31.73,-52.41
9231,-30.06,-51.14
9232,-31.55,-53.69
9233,-31.55,-53.68
9234,-31.55,-53.68
9241,-30.12,-51.16
9242,-30.12,-51.16
9243,-30.12,-51.16
9244,-29.97,-51.2
9245,-29.87,-51.39
9246,-29.97,-51.2
9247,-30.12,-51.16
9250,-29.02,-53.19
9251,-29.02,-53.19
9253,-29.02,-53.19
9254,-31.93,-52.74
9261,-32.08,-52.27
9262,-32.08,-52.27
9263,-32.08,-52.27
9264,-28.36,-53.9
9265,-28.3,-54.29
9266,-28.66,-53.65
9267,-28.66,-53.65
9268,-28.66,-53.65
9269,-29.82,-50.5
9271,-28.66,-53.65
9272,-28.69,-56
9273,-29.72,-51.15
9274,-28.66,-53.65
9275,-29.72,-51.15
9276,-29.72,-51.15
9277,-28.66,-53.65
9279,-29.75,-52.42
9280,-29.75,-52.42
9281,-29.75,-52.42
9282,-29.579136,-53.745309
9283,-29.65,-52.8
9284,-29.68,-53.88
9286,-29.68,-53.88
9288,-30.13,-51.38
9289,-30.13,-51.38
9290,-28.28,-52.43
9304,-27.88,-54.46
9305,-30.04,-51.12
9306,-29.7,-54.7
9310,-28.67,-52.86
9314,-29.66,-50.79
9315,-30,-51.194
9316,-30.05,-51.2
9317,-30.05,-51.2
9318,-30.05,-51.2
9319,-30.05,-51.2
9322,-28.4725,-52.605
9327,-28.18,-54.81
9328,-28.165,-54.765
9329,-30.1,-51.22
9330,-29.81,-57
9331,-29.89,-51.18
9332,-29.89,-51.18
9333,-29.89,-51.18
9334,-29.89,-51.18
9335,-29.72,-51.15
9336,-29.72,-51.15
9337,-29.72,-51.15
9338,-29.72,-51.15
9339,-29.72,-51.15
9340,-29.76,-57
9341,-29.72,-51.15
9342,-29.87,-51.39
9343,-29.87,-51.39
9344,-29.87,-51.39
9345,-29.63,-52.16
9346,-29.87,-51.39
9348,-29.63,-52.16
9349,-29.63,-52.16
9350,-30.04,-51.06
9353,-31.736667,-52.943333
9354,-29.99,-51.18
9355,-30,-51.14
9356,-29.78,-50.05
9357,-30.16,-51.15
9358,-30.02,-51.17
9359,-30.02,-51.17
9360,-31.29,-54.07
9361,-30.06,-51.21
9362,-30.03,-51.19
9363,-29.99,-51.178
9364,-30.83,-51.82
9365,-30.01,-51.21
9366,-30,-51.194
9367,-30,-51.2
9369,-30.05,-51.155
9370,-30.045,-51.185
9371,-30.04,-51.17
9372,-30.01,-51.32
9374,-30.01,-51.32
9375,-30.02,-51.1
9376,-30.13,-51.38
9377,-30.01,-51.03
9378,-29.69,-51.07
9379,-29.69,-51.07
9380,-30.053333,-51.106667
9381,-29.69,-51.07
9382,-30.166667,-50.873333
9383,-29.69,-51.07
9384,-30.05,-51.2
9385,-30.06,-51.17
9386,-30.08,-51.04
9387,-30.05,-51.09
9388,-30.1,-51.22
9389,-30.1,-51.22
9390,-29.96,-51.115
9391,-29.97,-51.12
9393,-30.1,-51.22
9394,-30.143333,-51.346667
9395,-30.05,-51.23
9396,-30.05,-51.23
9397,-30.05,-51.23
9398,-30.05,-51.23
9399,-30.05,-51.23
9400,-30.01,-51.14
9401,-29.69,-51.07
9406,-29.69,-51.07
9408,-30.24,-50.48
9409,-30.15,-51.22
9410,-30.12,-51.16
9411,-30.12,-51.16
9416,-31.76,-52.3
9417,-30.135,-51.19
9418,-30.01,-51.32
9419,-30.01,-51.32
9420,-31.76,-52.35
9421,-30.1,-51.22
9422,-30.1,-51.22
9423,-30.1,-51.22
9424,-31.66,-52.35
9425,-30.1,-51.22
9426,-30.1,-51.22
9428,-31.66,-52.35
9430,-30.17,-50.87
9431,-29.96,-51.61
9434,-30.06,-51.14
9435,-30.06,-51.14
9445,-29.97,-51.2
9446,-29.97,-51.2
9448,-29.97,-51.73
9449,-30,-51.14
9451,-30.13,-51.33
9452,-33.47,-53.3
9453,-30.17,-51.33
9455,-30.13,-51.33
9458,-29.72,-51.15
9459,-29.72,-51.15
9460,-29.97,-51.73
9461,-29.72,-51.15
9462,-29.72,-51.15
9463,-30.056667,-51.123333
9464,-30.05,-51.2
9465,-30.05,-51.2
9466,-30.05,-51.2
9467,-30.05,-51.2
9468,-29.89,-51.18
9469,-29.89,-51.18
9470,-30.04,-51.06
9471,-29.89,-51.18
9472,-29.89,-51.18
9473,-30.05,-51.23
9474,-30.05,-51.23
9475,-30.05,-51.23
9476,-30.05,-51.23
9477,-30.05,-51.23
9478,-30.05,-51.23
9479,-30.05,-51.23
9480,-30.05,-51.23
9481,-30.05,-51.23
9482,-30.05,-51.23
9483,-30.16,-50.88
9486,-30.142858,-51.125714
9487,-29.95,-51.19
9488,-29.95,-51.19
9489,-29.95,-51.19
9490,-29.95,-51.19
9491,-30.142858,-51.125714
9492,-29.69,-51.07
9493,-29.69,-51.07
9494,-29.69,-51.07
9495,-29.69,-51.07
9496,-30.01,-51.32
9497,-30.01,-51.32
9498,-29.97,-51.2
9499,-29.97,-51.2
9500,-30.142858,-51.125714
9501,-8.75,-63.45
9502,-8.79,-63.86
9503,-8.816667,-63.87
9504,-12.72,-60.26
9505,-10.01,-67.73
9506,-8.75,-63.46
9508,-8.77,-63.83
9509,-10.01,-67.73
9510,-8.8,-63.82
9511,-8.91,-63.96
9512,-8.77,-63.83
9513,-10.01,-67.73
9514,-8.77,-63.83
9515,-11.71,-61.78
9516,-12.11,-61.93
9517,-9.1775,-64.3775
9518,-12,-60.7
9519,-10.01,-67.73
9520,-9.93,-63.01
9521,-10.01,-67.73
9522,-9.26,-64.42
9523,-9.485,-64.47
9524,-9.71,-64.52
9525,-10.42,-62.45
9526,-10.86,-61.89
9527,-9.29,-64.56
9528,-10.86,-61.89
9530,-10.86,-61.89
9534,-11.61,-61.14
9535,-12.72,-60.26
9536,-11.16,-61.9
9537,-9.71,-65.17
9538,-10.01,-67.73
9539,-11.93,-62.13
9540,-10.04,-67.94
9541,-8.19,-70.55
9542,-10.01,-67.73
9543,-10.52,-68.225
9544,-10.04,-67.94
9551,-9.09,-68.64
9554,-8.19,-70.55
9559,-10.01,-67.8
9561,-8.8,-63.82
9562,-8.8,-63.82
9563,-8.8,-63.82
9564,-8.8,-63.82
9565,-9.93,-63.01
9566,-9.93,-63.01
9567,-9.93,-63.01
9568,-10.42,-62.45
9569,-10.86,-61.89
9570,-10.86,-61.89
9571,-10.86,-61.89
9572,-10.86,-61.89
9573,-7.69,-72.64
9574,-7.69,-72.64
9575,-11.61,-61.14
9576,-11.61,-61.14
9577,-12.72,-60.26
9578,-12.72,-60.26
9579,-11.95,-62.18
9580,-11.61,-61.14
9581,-8.19,-70.55
9582,-8.19,-70.55
9583,-9.93,-63.01
9587,-12.72,-60.26
9588,-12.72,-60.26
9590,-9.71,-65.17
9591,-10.76,-65.31
9592,-10.01,-67.73
9593,-10.01,-67.73
9597,-9.71,-65.17
9598,-10.42,-62.45
9599,-10.01,-67.73
9600,-10.01,-67.73
9601,-10.42,-62.45
9602,-10.42,-62.45
9603,-10.86,-61.89
9604,-9.93,-63.01
9605,-8.8,-63.82
9606,-8.8,-63.82
9607,-8.8,-63.82
9608,-9.93,-63.01
9609,-9.93,-63.01
9610,-9.93,-63.01
9611,-10.42,-62.45
9612,-10.42,-62.45
9613,-10.86,-61.89
9614,-10.86,-61.89
9615,-10.86,-61.89
9616,-10.86,-61.89
9617,-10.86,-61.89
9618,-11.61,-61.14
9619,-11.61,-61.14
9620,-11.61,-61.14
9621,-8.8,-63.82
9622,-12.72,-60.26
9623,-12.72,-60.26
9624,-10.42,-62.45
9625,-10.42,-62.45
9626,-8.91,-63.96
9627,-9.71,-65.17
9628,-9.71,-65.17
9629,-10.01,-67.73
9630,-10.01,-67.73
9631,-10.01,-67.73
9632,-10.86,-61.89
9633,-11.44,-61.47
9634,-11.61,-61.14
9635,-10.76,-65.31
9636,-9.71,-65.17
9637,-11.9,-61.016667
9638,-12.09,-61.21
9639,-8.8,-63.82
9640,-8.75,-63.83
9641,-8.78,-63.89
9642,-9.93,-63.01
9643,-10.01,-67.73
9644,-10.1,-63.29
9645,-10.42,-62.45
9646,-10.86,-61.89
9648,-11.522,-61.976
9649,-8.73,-63.88
9650,-8.733333,-63.873333
9651,-8.733333,-63.873333
9652,-12.72,-60.26
9653,-8.72,-63.91
9654,-12.84,-60.22
9655,-9.39,-62.58
9656,-9.44,-62
9657,-8.78,-63.9
9658,-10.01,-67.73
9659,-9.97,-67.79
9660,-9.96,-67.85
9661,-10.42,-62.45
9662,-10.27,-62.32
9663,-9.87,-62.18
9664,-11.9,-61.016667
9665,-10.04,-67.94
9666,-9.71,-65.17
9667,-9.71,-65.17
9677,-8.8,-63.82
9701,-5.624881,-47.532559
9702,-12.926667,-46.813333
9715,-30.005,-51.1625
9716,-30.005,-51.1625
9717,-30.005,-51.1625
9718,-30.005,-51.1625
9738,-11.7,-46.74
9739,-11.69,-46.7
9744,-11.68,-46.67
9745,-10.734893,-47.787557
9767,-11.686612,-46.738589
9768,-11.673226,-46.737178
9769,-11.643063,-46.772948
9770,-10.221143,-48.833997
9771,-11.379571,-47.293254
9772,-11.661533,-46.721473
9773,-6.662583,-47.621802
9774,-7.950805,-47.797052
9775,-6.755167,-47.763606
9777,-7.453511,-48.041497
9778,-12.04,-48.55
9779,-12.04,-48.55
9780,-10.573357,-48.467998
9781,-10.353893,-48.320151
9782,-10.26038,-48.323736
9783,-7.417023,-48.212993
9784,-12.657443,-49.13448
9785,-12.199774,-49.117921
9786,-11.801877,-49.049283
9787,-10.760708,-48.92816
9788,-10.30343,-48.701992
9789,-11.594434,-46.860189
9790,-10.753616,-47.795203
9791,-10.195638,-48.333324
9792,-10.2,-48.31
9793,-9.273275,-48.533238
9794,-8.749825,-48.489713
9795,-8.231843,-48.516422
9796,-7.599454,-48.372491
9797,-7.373782,-48.296996
9798,-7.321891,-48.278498
9799,-7.2,-48.24
9800,-6.588857,-47.627572
9805,-7.80458,-48.390477
9905,-9.87,-48.415
9924,-30.02,-51.1
9925,-30.02,-51.1
9926,-30.02,-51.1
9927,-30.02,-51.1
9998,-18.21,-45.26
9999,-18.21,-45.26
10000,-1.55,-52.77
10001,-1.55,-52.76
10002,-1.58,-55.72
10003,-1.58,-55.72
10005,-2.71,-58.28
10006,-2.71,-58.28
10007,-2.71,-58.28
10008,-3.11,-51.69
10009,-1.55,-52.77
10010,-2.71,-58.28
10011,-1.58,-55.72
10012,-2.92,-60.01
10013,-1.55,-52.77
10014,-2.71,-58.28
10015,-1.58,-55.72
10016,0.1,-51.12
10017,0.1,-51.12
10018,-0.81,-52.48
10019,-0.81,-52.48
10020,0.9,-51.26
10021,0.9,-51.26
10025,-2.71,-58.28
10026,0.9,-51.26
10027,-2.71,-58.28
10032,0.05,-51.17
10033,0.05,-51.17
10049,-0.01,-51.18
10050,0.205243,-51.168381
10051,0.205243,-51.168381
10052,0.085394,-51.142497
10053,0.325121,-51.19419
10054,-2.7375,-58.205
10055,-2.74,-58.18
10057,0.205256,-51.168352
10058,0.205256,-51.168352
10060,0.04,-51.08
10061,0.04,-51.08
10062,0.04,-51.08
10063,0.055063,-51.096045
10066,0.08,-51.07
10067,0.08,-51.07
10068,0.08,-51.07
10069,0.078375,-51.079351
10070,0.09268,-51.131285
10072,0,-51.09
10073,0,-51.09
10074,0,-51.09
10075,0.028173,-51.103053
10076,0,-51.09
10077,0.09268,-51.131285
10081,0.86,-51.2
10082,0.86,-51.2
10083,-0.65,-52.52
10084,-0.65,-52.52
10088,-0.83,-52.51
10093,0.056753,-51.122827
10094,0.056753,-51.122827
10096,0.05677,-51.122801
10099,0.1,-51.12
10102,0.051874,-51.066756
10103,0.04,-51.05
10104,0.04,-51.05
10106,0.045937,-51.058378
10108,-3.11,-59.92
10110,-2.92,-60.01
10111,-2.92,-60.01
10112,-3.08,-59.91
10113,-2.92,-60.01
10115,-2.74,-58.18
10116,-2.76,-58.18
10120,-2.92,-60.01
10121,-2.92,-60.01
10122,-2.92,-60.01
10123,-2.92,-60.01
10124,-2.92,-60.01
10125,-2.92,-60.01
10126,-2.92,-60.01
10128,-2.92,-60.01
10130,-2.92,-60.01
10131,-2.92,-60.01
10132,-2.92,-60.01
10133,-2.92,-60.01
10134,-2.92,-60.01
10135,-2.92,-60.01
10136,-2.92,-60.01
10146,-0.01,-51.18
10154,0.05506,-51.096049
10169,0.092692,-51.131263
10171,0.85,-51.3
10187,0.85,-51.29
10199,-0.82,-52.495
10206,-3.181429,-50.611429
10207,-3.181429,-50.611429
10208,-2.59,-52.05
10209,-2.59,-52.05
10210,-2.07,-52.41
10211,-2.07,-52.41
10212,-1.56,-53.753333
10213,-1.56,-53.753333
10214,-1.57,-54.736667
10215,-1.57,-54.736667
10216,-1.956667,-56.573333
10217,-1.956667,-56.573333
10218,-2.333333,-57.426667
10219,-2.333333,-57.426667
10220,-2.78,-58.856667
10221,-2.78,-58.856667
10222,-2.85,-59.433333
10223,-2.85,-59.433333
10300,-3.13,-60.03
10304,-3.11,-58.46
10306,-3.2,-60.17
10308,-3.05,-59.99
10310,-3.13,-59.97
10312,-2.7,-59.71
10313,-2.96,-60.01
10314,-3.11,-60
10315,-3.13,-60.03
10317,-3.13,-60.03
10325,-3.113333,-59.936667
10330,-3,-60.05
10331,-3.021429,-60.051429
10335,-3.12,-59.93
10336,-3.13,-59.973333
10344,-3.11,-59.94
10345,-3.05,-59.91
10350,-3.12,-60
10351,-3.12,-60
10360,-3.09,-59.99
10361,-3.02,-59.9
10362,-3.02,-59.9
10363,-3.02,-59.9
10364,-3.02,-59.9
10365,-3.02,-59.9
10366,-3.02,-59.9
10367,-3.02,-59.9
10368,-3.02,-59.9
10369,-3.02,-59.9
10370,-3.08,-60.03
10371,-3.02,-59.9
10377,-3.03,-59.97
10379,-3.08,-60.03
10380,-3.08,-60.07
10381,-3.12,-59.93
10382,-3.12,-59.93
10383,-3.12,-59.93
10384,-3.12,-59.93
10385,-3.12,-59.93
10386,-3.12,-59.93
10387,-3.12,-59.93
10388,-3.12,-59.93
10389,-3.12,-59.93
10390,-3.085,-60.07
10391,-3.09,-60.07
10393,-3.137074,-60.08877
10394,-3.1,-60.01
10395,-3.11,-60.02
10399,-3.12,-59.93
10400,-3.08,-59.99
10401,-3.08,-59.99
10405,-2.89,-60.03
10406,-2.89,-60.02
10407,-2.89,-60.02
10410,-1.92,-59.48
10411,-1.92,-59.48
10416,-2.05,-59.94
10419,-2.05,-59.93
10420,-3.12,-59.97
10421,-3.12,-59.97
10422,-3.08,-59.99
10423,-3.08,-59.99
10424,-3.08,-59.99
10425,-3.08,-59.99
10426,-3.08,-59.99
10427,-3.08,-59.99
10428,-3.08,-59.99
10429,-3.08,-59.99
10430,-3.03,-59.97
10435,-2.95,-60.02
10436,-2.94,-60.01
10437,-3,-59.98
10440,-3.1,-59.95
10444,-3.13,-59.973333
10445,-3.112,-59.938
10447,-3.11,-59.94
10450,-3.06,-59.95
10451,-3.09,-59.95
10460,-3.03,-60.02
10461,-2.99,-60.03
10466,-3.02,-60.06
10471,-2.98,-60.02
10472,-2.98,-60.02
10480,-3.280317,-60.652125
10485,-3.201222,-60.166311
10490,-3.07,-60.04
10492,-3.13,-59.98
10493,-3.13,-59.97
10500,-3.12,-59.93
10501,-3.12,-59.93
10503,-3.12,-59.93
10504,-3.12,-59.93
10505,-3.12,-59.93
10510,-3.02,-59.9
10511,-3.02,-59.9
10515,-2.96,-60.01
10520,-3.03,-59.94
10530,-3.07,-59.98
10533,-2.67,-56.74
10534,-2.67,-56.74
10540,-3.11,-60.05
10543,-2.67,-56.74
10545,-3.1,-60.02
10548,-2.67,-56.74
10550,-3.05,-59.9
10555,-3.01,-59.97
10557,-2.67,-56.74
10558,-2.67,-56.74
10566,-2.67,-56.74
10567,-2.67,-56.74
10569,-2.67,-56.74
10570,-2.67,-56.74
10571,-2.67,-56.74
10572,-2.67,-56.74
10575,-8.2,-63.47
10576,-7.53,-63.05
10577,-2.74,-58.03
10578,-3.03,-59.92
10700,-2.98,-60.05
10701,-3.08,-60.07
10722,-3.27,-60.65
10723,-3.09,-60.06
10724,-3.07,-60.06
10725,-3.08,-59.91
10726,-3.09,-60
10727,-3.01,-59.95
10728,-3.08,-60
10729,-2.99,-60
10730,-3.13,-59.95
10731,-3.01,-60.04
10733,-3.11,-60.04
10735,-3.14,-59.99
10736,-3,-60.01
10737,-3.07,-60
10755,-3.1,-59.96
10756,-2.96,-60.03
10757,-2.96,-60.03
10801,-3.02,-60.06
10802,-3.08,-59.96
10803,-3.06,-60.08
10804,-3.08,-60.07
10805,-3.11,-60.06
10806,-2.95,-60.02
10807,-2.72,-58.2
10808,-2.05,-59.95
10809,-3.106,-59.944
10998,-1.58,-55.72
10999,-1.58,-55.72
11000,-1.58,-55.72
11001,-3.55,-38.81
11002,-3.565,-38.84
11003,-3.58,-38.86
11004,-3.58,-38.86
11010,-3.59,-38.87
11011,-3.585,-38.87
11012,-9.025714,-43.844286
11013,-3.58,-38.87
11014,-5.03,-37.79
11015,-4.402857,-41.765714
11033,-7.565,-35.625
11050,-9.1,-44.31
11051,-9.75,-45.35
11089,-9.63,-37.8
11100,-5.09,-42.69
11110,-12.13,-38.93
11149,-10.82,-36.94
11150,-10.82,-36.94
11151,-10.82,-36.94
11188,-14.58,-45.88
11200,-10.79,-45.75
11201,-9.35,-37.29
11217,-7.19,-39.38
11218,-3.91,-38.65
11219,-3.93,-38.4
11220,-5.13,-38.45
11225,-3.6,-38.87
11229,-7.745,-34.99
11230,-7.745,-34.99
11231,-7.745,-34.99
11242,-9.79,-36.65
11244,-7.27,-35.91
11245,-6.88,-35.62
11246,-5.67,-35.45
11250,-10.28,-37.44
11253,-6.26,-36.55
11260,-11.28,-42.67
11261,-10.87,-41.34
11265,-5.58,-37.03
11273,-10.88,-37.15
11281,-9.06,-38.13
11282,-9.49,-40.52
11286,-12.17,-44.81
11287,-12.84,-45.49
11288,-12.15,-44.88
11388,-14.58,-45.88
11394,-13.98,-42.61
11461,-10.58,-40.61
11473,-11.32,-38.38
11500,-6.91,-36.98
11501,-9.35,-37.29
11517,-7.19,-39.38
11520,-5.13,-38.45
11525,-3.6,-38.87
11528,-5.14,-42.61
11546,-5.67,-35.45
11560,-11.28,-42.67
11561,-10.87,-41.34
11562,-11.28,-42.67
11563,-17.34,-40.18
11565,-5.58,-37.03
11566,-5.38,-35.89
11567,-7.34,-38.92
11570,-17.34,-40.18
11575,-10.24,-40.91
11576,-11.24,-43.42
11577,-13.41,-44.74
11578,-8.03,-38.65
11579,-8.28,-42.51
11580,-5.1,-40.62
11582,-9.49,-40.52
11583,-9.34,-38.15
11584,-13.56,-41.54
11594,-13.98,-42.61
11595,-14.42,-42.62
11612,-14.52,-40.38
11618,-3.91,-38.65
11619,-3.93,-38.4
11666,-5.18,-35.66
11673,-10.88,-37.15
11695,-14.42,-42.62
11697,-13.44,-41.37
11698,-13.44,-41.37
11760,-12.06,-38.39
11809,-7.86,-35.02
11810,-7.86,-35.02
11837,-15.53,-41.81
11922,-15.53,-41.81
12033,-8.88,-36.4
12094,-12.77,-38.48
12101,-8.09,-34.985
12102,-8.09,-34.985
12104,-7.86,-35.02
12200,-10.79,-45.75
12201,-8.03,-40.64
12202,-8.18,-34.99
12203,-8.5,-37
12244,-7.25,-35.98
12246,-5.74,-35.3
12249,-7.2,-34.9
12259,-9.53,-35.75
12312,-8.59,-41.43
12318,-10.6,-44.03
12319,-12.73,-45.266667
12320,-13.29,-45.723333
12321,-5.286089,-35.889728
12330,-5.67,-35.45
12331,-5.67,-35.45
12332,-5.74,-35.3
12333,-12.72,-39.19
12334,-11.71,-41.4
12335,-3.69,-40.3
12336,-8.1,-43.67
12338,-4.95,-38.93
12339,-5.58,-37.03
12340,-5.13,-38.45
12404,-9.4,-38.2
12405,-9.4,-38.2
12407,-9.4,-38.2
12501,-8.03,-40.64
12505,-12.5,-38.21
12513,-10.11,-36.28
12529,-6.529186,-43.468793
12546,-5.74,-35.3
12602,-8.18,-34.99
12699,-7.22,-34.93
12759,-3.6,-38.87
12901,-3.12,-41.76
12902,-2.94,-40.11
12903,-3.12,-41.76
12904,-3.12,-41.76
12905,-3.77,-41.03
12907,-2.94,-40.11
12911,-3.12,-41.76
12912,-3.77,-41.03
12913,-4.93,-37.68
12980,-5.1,-40.62
12998,-7.22,-34.93
12999,-7.22,-34.93
13001,-5.79,-50.51
13002,-6.58,-51.09
13003,-4.82,-44.36
13004,-6.44,-50.02
13005,-3.14,-52.18
13006,-3.14,-52.18
13007,-4.82,-44.36
13008,-4.83,-44.36
13009,-4.83,-44.36
13010,-6.26,-49.85
13011,-7.07,-49.92
13012,-5.2,-49.02
13013,-5.2,-49.02
13014,-2.62,-54.68
13015,-2.48,-54.73
13016,-4.82,-44.35
13017,-3.82,-49.65
13018,-2.62,-54.68
13020,-3.8,-43.41
13021,-2.59,-44.34
13022,-4.82,-44.35
13023,-2.36,-48.14
13024,-2.36,-48.14
13025,-2.36,-48.14
13026,-2.36,-48.14
13027,-2.36,-48.14
13029,-4.87,-44.35
13030,-3.14,-52.18
13031,-3.14,-52.18
13032,-4.81,-44.34
13033,-4.82,-44.36
13034,-0.81,-52.48
13036,-0.81,-52.48
13039,-4.87,-44.35
13040,-3.82,-49.65
13041,-2.72,-44.32
13042,-2.72,-44.32
13043,-2.72,-44.32
13044,-2.72,-44.32
13045,-2.72,-44.32
13046,-2.72,-44.32
13047,-2.72,-44.32
13048,-2.72,-44.32
13090,-1.55,-48.75
13096,-1.55,-48.75
13097,-1.55,-48.75
13098,-1.56,-48.74
13100,-2.68,-44.31
13101,-2.68,-44.31
13102,-2.68,-44.31
13103,-3.02,-44.3
13230,-2.22,-45.85
13231,-2.22,-45.85
13232,-2.22,-45.85
13233,-2.22,-45.85
13234,-4.88,-43.41
13363,-4.07,-54.9
13364,-2.62,-54.68
13410,-3.57,-44.56
13411,-3.57,-44.56
13412,-3.57,-44.56
13413,-3.57,-44.56
13414,-3.57,-44.56
13495,-1.41,-48.49
13499,-10.190182,-48.308092
13500,-10.18,-48.29
13501,-2.26,-56.06
13502,-3.11,-51.69
13503,-3.11,-51.69
13504,-3.11,-51.69
13505,-3.11,-51.69
13506,-3.11,-51.69
13510,-10.18509,-48.299045
13511,-10.18509,-48.299045
13512,-10.185091,-48.299046
13513,-10.185091,-48.299046
13514,-10.18509,-48.299045
13515,-10.185091,-48.299046
13550,-2.67,-56.74
13797,-3.82,-49.65
13800,-2.62,-54.68
13801,-2.62,-54.68
13802,-2.62,-54.68
13803,-2.62,-54.68
13804,-2.26,-56.06
13805,-2.26,-56.06
13806,-2.26,-56.06
13807,-2.26,-56.06
13810,-4.07,-54.9
13811,-4.07,-54.9
13995,-1.41,-48.49
14000,-1.58,-55.72
14002,-1.58,-55.72
14003,-1.58,-55.72
14004,-1.58,-55.72
14005,-1.58,-55.72
14102,-1.41,-48.36
14302,-1.41,-48.36
14303,-1.41,-48.36
14304,-1.41,-48.36
14305,-1.41,-48.36
14306,-1.41,-48.36
14307,-1.41,-48.36
14308,-1.41,-48.36
14311,-1.41,-48.49
14312,-1.41,-48.49
14400,-4.705,-47.46625
14401,-4.855,-47.45875
14450,-4.34,-47.54
14451,-4.34,-47.54
14480,-4,-45.71
14481,-4,-45.71
14483,-4,-45.71
14484,-4.68,-42.516667
14485,-5.36,-39.323333
14921,-16.58,-48.3
14965,-1.41,-48.36
14966,-1.41,-48.36
14968,-1.41,-48.36
14969,-1.41,-48.36
15029,-6.72,-43.56
15054,-5.13,-42.8
15055,-5.13,-42.8
15056,-5.26,-42.73
15100,-5.09,-42.69
15101,-2.942976,-41.741899
15115,-3.031487,-41.75095
15117,-3.031487,-41.75095
15203,-9.1,-44.31
15204,-7.56,-40.72
15205,-9.75,-45.35
15230,-7.56,-40.72
15301,-4.3,-42.99
15351,-8.4075,-42.245
15510,-5.3,-38.91
15511,-5.3,-38.91
16001,-6.145,-35.19
16002,-6.42,-35.06
16004,-6.27,-36.55
16005,-5.67,-36.88
16006,-5.63,-36.895
16013,-5.72,-37.51
16146,-6.24,-36.04
16400,-5.81,-35.24
16401,-5.87,-35.303333
16402,-5.87,-35.29
16403,-5.87,-35.3
16501,-7.02,-37.95
16502,-7.35,-35.03
16503,-6.99,-35.01
16504,-6.68,-35.15
16506,-7.63,-34.96
16645,-6.88,-35.62
17001,-8.78,-36.35
17002,-8.06,-37.97
17003,-8.51,-35.6
17004,-8.52,-35.49
17005,-8.65,-35.22
17006,-7.82,-35
17007,-8.5,-37
17008,-8.39,-35.09
17009,-8.59,-35.12
17010,-8.35,-35.35
17011,-8.64,-35.26
17012,-8.22,-35.27
17013,-8.4,-35.02
17014,-8.47,-35.4
17015,-7.56,-35
17016,-7.91,-35.28
17017,-8.175,-34.985
17018,-8.17,-34.98
17105,-9.48,-40.48
17230,-7.47,-40.76
17442,-29.594525,-51.298612
17447,-7.745,-34.99
17501,-9.53,-35.75
17502,-9.79,-36.65
17503,-9.31,-35.57
17504,-9.4,-38.2
17505,-9.49,-35.85
17506,-9.01,-36.06
17507,-9.92,-36.33
17508,-9.78,-36.09
17509,-9.29,-35.56
17510,-9.88,-36.15
17511,-10.12,-36.27
17512,-10.15,-36.54
18001,-10.47,-37.18
18002,-10.51,-37.05
18003,-10.76,-37.2
18004,-10.51,-37.05
18007,-10.28,-37.44
18501,-13.34,-44.63
18502,-12.45,-45.19
18503,-14.62375,-39.34125
18504,-11.32,-38.38
18506,-17.07,-40.11
18507,-17.08,-40.09
18508,-12.84,-45.49
18509,-17.07,-40.07
18510,-12.84,-45.49
18512,-9.5,-40.37
18513,-9.5,-40.37
18514,-12.44,-45.17
18515,-13.35,-39.1
18516,-11.93,-46.3
18517,-11.93,-46.27
18518,-11.92,-46.28
18519,-11.93,-46.31
18520,-11.93,-46.28
18521,-13.87,-40.24
18522,-14.23,-39.46
18523,-11.89,-46.77
18524,-11.850732,-46.556829
18525,-11.81,-46.78
18526,-11.966585,-46.601463
18527,-11.95,-46.76
18528,-12.058293,-46.710732
18529,-12.15,-46.82
18530,-12.84,-45.49
18531,-12.09,-45.81
18532,-11.891463,-46.333659
18533,-12.32,-38.37
18534,-13.84,-39.28
18535,-11.71,-46.75
18536,-12.95,-38.42
18537,-18.04,-39.92
18538,-12.86,-38.35
18552,-9.36,-38.2
18553,-14.21,-41.64
18554,-16.955,-39.64
18555,-11.439753,-46.605302
18556,-11.260158,-46.421273
18558,-11.07955,-46.236205
18560,-10.899302,-46.051507
18562,-10.900292,-46.052521
18564,-17.34,-40.18
18565,-11.62,-46.79
18567,-10.900124,-46.052349
18568,-11.62,-46.79
18570,-11.594432,-46.86019
18586,-9.49,-40.52
18596,-11.24,-43.42
18600,-15.917548,-39.531981
18601,-15.496731,-39.514031
18602,-15.073269,-39.495969
18603,-14.652452,-39.478019
18604,-16.09,-39.41
18612,-14.52,-40.38
18628,-16.34,-39.55
18629,-16.34,-39.55
18630,-16.34,-39.55
18636,-16.34,-39.55
18640,-12.223614,-45.021199
18641,-12.317921,-45.092926
18642,-12.365318,-45.128974
18643,-12.413158,-45.165359
18644,-12.270525,-45.056878
18645,-12.176703,-44.985521
18751,-12.55,-45.09
18752,-12.695,-45.29
18761,-12.06,-38.39
18763,-12.13,-38.93
18764,-14.30875,-39.43625
18765,-14.3875,-39.4125
18766,-12.84,-45.49
18797,-12.460998,-45.201745
19002,-3.8,-43.41
19013,-2.22,-45.85
19014,-9.41,-38.2
19069,-2.22,-45.85
19070,-4.3,-42.99
19071,-4.157143,-43.11
19072,-4.014286,-43.23
19074,-4.085714,-43.17
19075,-3.942857,-43.29
19090,-5.13,-42.8
19099,-4.88,-43.41
19110,-4.88,-43.41
19300,-4.96,-47.51
19301,-4.96,-47.51
19302,-4.9,-47.4
19310,-3.97,-45.68
19314,-4.124995,-45.460007
19315,-4.202511,-45.349984
19316,-4.202493,-45.35001
19317,-3.67,-45.37
19318,-4.28,-45.24
19319,-4.202511,-45.349984
19320,-4.202493,-45.35001
19322,-4.22,-44.78
19501,-7.07,-49.92
19507,-6.54,-49.41
19508,-6.1,-49.35
19509,-5.246667,-49.04
19510,-5.293333,-49.06
19511,-5.34,-49.08
19512,-5.34,-49.08
19513,-5.34,-49.08
19514,-5.34,-49.08
19515,-5.34,-49.08
19516,-5.34,-49.08
19519,-9.33,-50.39
19520,-9.33,-50.39
19521,-5.38,-48.88
19522,-9.68,-50.755
19523,-2.26,-56.06
19525,-6.8,-50.5
19529,-2.752,-54.386
19534,-2.82,-54.3
19535,-2.82,-54.3
19536,-2.82,-54.3
19537,-2.82,-54.3
19545,-7.09,-49.93
19546,-6.58,-51.09
19547,-6.085,-49.745
19549,-6.08,-49.88
19550,-6.5,-49.85
19561,-6.69,-50.795
19564,-6.09,-49.81
19566,-2.68,-54.84
19582,-8.75,-55.03
19586,-8.74,-54.96
19587,-8.691748,-55.052816
19588,-8.33,-55.11
19589,-7.05,-55.41
19658,-4.78,-48.09
19659,-5.2,-49.03
19660,-4.29,-47.57
19662,-5.05,-48.61
19664,-2.83,-47.92
19666,-3.75,-49.69
19699,-2.36,-48.14
19751,-1.6,-47.49
19752,-2.04,-47.54
19757,-2.98,-47.37
19760,-1.41,-48.36
19762,-2.36,-48.14
19766,-3.02,-47.37
19787,-1.51,-52.58
19822,-3.267143,-54.842857
19823,-3.267143,-54.842857
19825,-2.55,-54.705
19826,-3.051429,-54.788571
19874,-7.05,-55.41
19877,-7.05,-55.41
19878,-7.05,-55.41
19879,-7.05,-55.41
20501,-10.7,-47.79
20502,-10.228009,-48.32853
20504,-10.471297,-48.336717
20505,-11.56,-47.16
20506,-11.56,-47.16
20507,-6.97322,-47.828209
20508,-6.38,-48.06
20509,-6.38,-48.06
20510,-11.861944,-48.766842
20511,-11.74,-49.02
20512,-10.736142,-49.389632
20513,-10.61,-48.37
20514,-10.251715,-48.592246
20515,-10.19,-48.46
20516,-12.92,-46.96
20517,-5.759763,-47.625118
20518,-5.55,-47.56
20519,-5.932268,-47.557865
20520,-5.76,-47.51
20521,-5.931905,-47.850047
20522,-5.47,-47.88
20523,-5.47,-47.88
20524,-6.565952,-48.045024
20525,-7.2,-48.24
20530,-6.277041,-47.53848
20531,-6.31,-47.43
20532,-6.31,-47.43
20533,-6.43,-48.43
20534,-6.41,-48.53
20535,-6.57,-47.48
20536,-7.27,-48.26
20537,-7.2,-48.24
20538,-7.27,-48.26
20539,-7.21,-48.18
20540,-7.49,-47.87
20541,-7.62,-48.43
20542,-7.62,-48.43
20543,-8.82,-48.5
20544,-8.82,-48.5
20547,-8.98,-48.18
20548,-8.98,-48.18
20549,-8.82,-48.5
20551,-8.05,-48.5
20552,-8.05,-48.5
20553,-9.2,-48.13
20554,-9.2,-48.14
20555,-10.2,-48.31
20556,-10.2,-48.31
20557,-10.2,-48.31
20558,-10.26,-48.33
20559,-10.18,-48.36
20560,-10.18,-48.36
20561,-10.228008,-48.32853
20562,-10.33,-48.3
20563,-10.21,-48.88
20564,-10.18,-48.9
20565,-10.18,-48.9
20566,-10.712979,-48.217511
20567,-10.69,-48.4
20568,-10.69,-48.4
20570,-10.56,-48.92
20571,-10.56,-48.92
20573,-10.58,-49.19
20574,-10.58,-49.19
20575,-10.78,-49.61
20576,-10.78,-49.61
20577,-9.53,-48.59
20578,-9.53,-48.59
20579,-10.45,-48.32
20580,-10.734893,-47.787556
20581,-10.75,-47.53
20582,-10.735957,-48.035023
20583,-10.76,-48.1
20584,-10.76,-48.1
20585,-11.61,-46.83
20586,-11.61,-46.83
20587,-12.14,-49.17
20588,-12.49,-49.13
20589,-12.49,-49.13
20590,-11.762424,-49.289553
20591,-11.75,-49.1
20592,-11.75,-49.1
20593,-11.722969,-49.529821
20594,-11.8,-49.56
20595,-11.8,-49.56
20596,-11.606485,-49.739911
20597,-11.49,-49.95
20598,-12.92,-46.96
20599,-12.93,-46.74
20601,-8.050922,-48.703211
20602,-7.87,-48.89
20603,-10.26,-48.33
20604,-9.295,-50.175
20605,-9.26,-49.96
20610,-11.49,-49.95
20611,-10.692284,-49.169264
20612,-10.261715,-48.614746
20613,-10.23,-48.55
20614,-9.54,-48.54
20618,-12.015,-46.605
20619,-12.41,-46.42
20621,-11.97,-46.5
20630,-11.4,-46.89
20631,-11.51,-46.84
20659,-10.83,-46.17
20880,-12.578182,-47.691818
20881,-12.584545,-47.725455
20882,-12.61,-47.86
20883,-11.504668,-47.047815
20884,-11.7,-47.17
20885,-7.014066,-48.041441
20886,-7.087032,-48.120721
20887,-7.16,-48.2
20888,-11.487121,-48.921382
20889,-11.71,-49.1
20890,-8.503889,-48.498712
20891,-8.53,-48.49
20892,-11.54,-46.99
20894,-6.38,-48.59
20903,-6.43,-48.43
20904,-12.61,-47.86
20905,-5.66,-48.11
20906,-7.87,-48.89
20907,-8.849942,-48.389904
20908,-10.753616,-47.795202
20909,-12.015,-46.605
20910,-12.015,-46.605
21001,-1.57,-48.73
21002,-7.2,-34.9
21003,-7.2,-34.9
21004,-7.2,-34.9
21005,-1.57,-48.73
21006,-7.565,-35.625
21007,-2.72,-44.32
21009,-3.82,-49.65
21010,-3.75,-49.69
21011,-5.49,-47.44
21012,-6.44,-50.02
21013,-12.7,-38.48
21014,-9.79,-36.65
21015,-6.03,-50.14
21016,-6.21,-49.955
21017,-5.98,-49.89
21018,-2.7,-44.33
21019,-2.72,-44.32
21020,-7.07,-49.92
21022,-3.25,-47.74
21025,-12.79,-38.42
21026,-1.57,-48.73
21027,-5.46,-49.15
21030,-5.46,-49.15
21034,-8.75,-38.34
21035,-8,-38.63
21036,-9.87,-39.86
21037,-5.3,-38.91
21038,-3.7,-40.38
21039,-8.06,-34.93
21040,-8.27,-35.03
21041,-8.4,-35.02
21042,-12.4,-38.34
21043,-12.79,-38.42
21044,-12.77,-38.48
21045,-14.18,-39.73
21046,-9.5,-35.84
21047,-10.88,-37.15
21048,-5.03,-37.79
21049,-12.67,-38.28
21051,-8.37,-35.03
21052,-8.39,-35.03
21100,-12.62,-38.34
21101,-12.62,-38.34
21102,-12.62,-38.34
21110,-7.63,-34.96
21111,-3.6,-38.87
21116,-7.63,-34.96
21200,-10.88,-37.15
21201,-10.88,-37.15
21301,-2.465,-56.4
21302,-1.58,-55.72
21502,-22.15,-48.75
22001,-23.556172,-45.323749
22002,-23.556172,-45.323749
22003,-23.198936,-45.888713
22004,-23.200821,-45.884979
22051,-23.38,-46.4
22052,-22.92,-45.41
22801,-15.856397,-48.051615
22802,-15.773583,-48.09014
22803,-15.61,-48.13
22804,-15.78,-48.23
22805,-15.782711,-48.172029
22806,-15.803107,-48.165232
22807,-15.837701,-48.155078
22808,-15.84634,-48.046736
22810,-15.886161,-48.034795
22811,-15.785426,-48.114055
22812,-15.815274,-47.990283
22813,-15.789252,-47.954829
22814,-15.799493,-47.840764
22815,-15.761383,-47.919538
22816,-15.993963,-47.951552
22817,-15.64,-47.85
22818,-15.978127,-47.913461
22819,-15.699652,-47.89194
22820,-15.841478,-48.006216
22821,-15.819316,-47.888378
22822,-15.880387,-48.161904
22823,-15.954019,-48.06108
22824,-16.052402,-48.067269
22825,-15.987869,-47.833589
22827,-15.848489,-47.954388
22829,-15.70135,-47.670118
22831,-15.857535,-48.024493
22833,-15.868761,-48.00225
22835,-15.65,-47.76
22836,-15.63,-47.705
22837,-15.816576,-47.560088
22838,-15.76688,-47.520122
22839,-15.883824,-48.052073
22840,-15.795342,-47.580055
22841,-15.803668,-47.921585
22842,-15.801478,-47.913479
22843,-15.804715,-47.902905
22844,-15.789107,-48.001078
22845,-15.792597,-47.999233
22846,-15.79954,-47.995534
22847,-16.002139,-48.062783
22850,-15.774038,-47.600436
22854,-15.771488,-48.055837
22856,-15.80673,-47.928672
22857,-15.730738,-48.13292
22860,-15.798728,-47.879806
22861,-15.80493,-47.899171
22863,-15.790847,-47.938597
22864,-15.821162,-48.185713
22865,-15.78999,-47.672144
22866,-15.796887,-47.960354
22867,-15.815274,-47.990283
22869,-15.74678,-47.908379
22870,-15.770247,-47.932292
22872,-15.766324,-47.913935
22873,-15.805478,-47.850139
22874,-15.779934,-47.898083
22875,-15.773268,-47.901416
22876,-15.793624,-47.890325
22877,-15.751745,-47.867446
22878,-15.778186,-47.851082
22879,-15.753013,-47.856051
22880,-15.790847,-47.938597
22881,-15.81369,-47.807974
22882,-15.850287,-47.830742
22883,-15.715952,-47.85936
22884,-15.735989,-47.897722
22885,-15.734463,-47.895239
22886,-15.7,-47.91
22887,-15.751475,-47.897057
22888,-15.743785,-47.88462
22891,-15.823471,-47.819388
22892,-15.776772,-47.934146
22893,-15.776772,-47.934146
22894,-15.776772,-47.934146
22895,-15.838138,-47.816712
22896,-15.822955,-47.827241
22898,-15.888733,-47.806436
22899,-15.877593,-47.822932
22901,-15.83,-48.05
22902,-15.78,-48.13
22903,-15.84,-48.09
22904,-15.85,-48.03
22905,-15.81,-47.99
22907,-15.69,-48.21
22908,-15.88,-47.98
22909,-15.8,-48.08
22910,-15.815195,-47.990265
22911,-15.89,-48.13
22912,-15.88,-47.98
22913,-15.81,-47.91
22914,-15.8,-47.9
22915,-15.78,-47.89
22916,-15.76,-47.9
22917,-15.82,-47.89
22919,-15.73,-47.85
22920,-15.81,-47.95
22921,-15.78,-47.78
22922,-15.85,-47.85
22923,-15.8,-47.78
22924,-15.775004,-47.933633
22925,-15.79,-47.86
22926,-15.79,-47.92
22927,-15.64,-47.85
22928,-15.65,-47.76
22929,-15.61,-47.65
22930,-15.93,-47.54
22931,-15.71,-47.4
22932,-15.81,-47.87
22934,-15.68,-47.65
22936,-16.04,-47.96
22937,-15.795363,-47.57994
22938,-15.89,-48.06
22939,-16.03,-48.04
22940,-15.9,-47.79
22943,-15.84,-47.94
22944,-15.89,-47.82
22945,-15.71,-47.91
22947,-16,-48.06
22957,-15.815195,-47.990265
22959,-15.78,-47.9
22960,-15.79,-47.87
22961,-15.82,-47.89
22962,-15.81,-47.99
22963,-15.81,-47.95
22964,-15.82116,-48.185713
22966,-15.76,-47.92
22995,-15.784998,-47.89378
22996,-15.841674,-47.809257
22997,-15.74,-47.79
22998,-15.789037,-47.691789
23003,-15.755513,-47.874774
23004,-15.750197,-47.86682
23005,-15.752486,-47.879588
23006,-15.758827,-47.870025
23007,-15.749985,-47.866759
23043,-15.669784,-47.870963
23044,-15.669768,-47.870974
23045,-15.806896,-47.724361
23302,-16.4225,-47.74
23303,-16.3825,-47.75
23304,-17.8,-50.58
23305,-18.49625,-51.9975
23306,-17.34,-49.93
23307,-18,-49.43
23308,-15.08,-49.3
23309,-21.995,-43.335
23310,-18.68,-51.87
23313,-15.22,-48.99
23314,-17.27,-50.14
23315,-16.676667,-47.76
23318,-16.4,-48.93
23319,-16.58,-49.26
23321,-16.68,-49.24
23328,-18.15,-47.95
23329,-18.15,-47.95
23330,-16.285455,-48.918182
23334,-16.44,-51.24
23335,-18.74,-52.3
23336,-18.488,-50.274
23337,-18.73,-51.8
23338,-16.44,-51.4
23340,-16.79,-49.24
23341,-16.4,-48.94
23342,-18.465,-49.47
23343,-18.4175,-49.365
23344,-18.37,-49.26
23345,-17.3,-49.91
23347,-13.55,-48.23
23348,-16.61,-49.22
23349,-16.83,-49.21
23350,-15.73,-49.32
23351,-17.05,-53.145
23352,-16.476,-51.296
23353,-16.48,-51.42
23354,-16.508,-51.388
23355,-16.54,-51.48
23356,-17.99,-48.54
23357,-16.72,-49.35
23358,-16.4,-48.94
23359,-16.280909,-48.896364
23362,-17.725,-50.53
23363,-17.65,-50.48
23364,-17.765,-50.515
23365,-17.73,-50.45
23366,-17.97,-51.76
23367,-14.48,-48.48
23373,-17.36,-51.02
23374,-17.63,-51.69
23375,-17.45,-51.18
23377,-17.88,-51.71
23378,-17.905,-51.7
23379,-17.93,-51.69
23382,-18.4,-52.65
23384,-17.813333,-50.826667
23385,-17.82,-50.97
23387,-16.36,-49.49
23388,-16.04,-49.79
23389,-16.37,-49.67
23390,-16.11,-49.34
23391,-16.42,-49.376667
23392,-16.47,-49.95
23393,-16.59,-50.33
23394,-15.94,-49.27
23395,-16.5,-49.42
23396,-16.683333,-49.436667
23397,-16.4,-49.22
23398,-16.83,-49.54
23399,-15.95,-50.13
23400,-15.57,-49.93
23402,-16.59,-50.33
23403,-16.94,-50.45
23404,-16.83,-49.21
23405,-15.92,-48.8
23408,-16.013068,-50.812101
23412,-17.725593,-51.669322
23417,-16.65,-47.83
23418,-16.4,-47.8
23419,-16.48,-47.78
23503,-13.45,-49.16
23504,-13.24,-49.51
23505,-13.27,-50.15
23506,-16.15,-47.99
23507,-16.67,-49.3
23508,-14.52,-49.12
23509,-14.98,-48.91
23511,-13.45,-49.16
23633,-18.4775,-49.555
23770,-16.75,-49.25
23771,-17.58,-50.635
23772,-16.29,-47.845714
23773,-17.755,-50.91
23776,-17.82,-50.6
23777,-16.62,-49.26
23778,-16.29,-47.767143
23779,-15.93,-48.17
24000,-16.44,-51.08
24003,-15.26,-51.19
24004,-14.94,-51.08
24005,-15.59,-51.25
24006,-15.45,-50.75
24007,-15.87,-50.86
24008,-17.135,-48.615
24009,-16.725,-49.32
24010,-18.37125,-49.6475
24011,-12.923333,-46.886667
24012,-17.784,-50.916
24013,-14.73,-49.32
24014,-17.827797,-51.679661
24015,-15.795688,-50.087673
24016,-17.520678,-51.377797
24017,-17.772,-50.898
24094,-15.494603,-50.843152
24096,-15.589603,-50.623152
24099,-16.253333,-51.5
24100,-16.066667,-51.92
24201,-13.83,-56.08
24202,-13.83,-56.08
25661,-14.73,-56.3
25662,-14.73,-56.3
25696,-15.71,-56.19
25701,-11.95,-55.52
25702,-14.787661,-57.956199
25703,-14.79,-57.97
25704,-14.81922,-57.9254
25705,-14.83,-57.91
25706,-13.224,-58.026
25707,-13.122,-58.108
25708,-13.02,-58.19
25709,-10.17,-59.46
25710,-10.19,-59.46
25711,-15.66,-56
25712,-10.16,-59.45
25713,-15.87625,-55.2325
25714,-10.15,-59.46
25715,-15.70125,-55.7525
25716,-15.7725,-55.505
25717,-15.58,-55.95
25718,-13.78,-56.05
25719,-15.21,-59.01
25720,-9.80466,-55.024175
25721,-15.38,-58.83
25723,-15.036667,-58.773333
25724,-15.208333,-58.801667
25725,-15.813333,-57.99
25726,-15.7,-58.13
25727,-12.58,-55.71
25728,-12.55,-55.72
25729,-12.67,-55.865
25730,-9.933333,-59.38
25731,-16.47,-54.67
25732,-16.5,-54.64
25733,-9.696667,-59.3
25735,-13.04,-55.94
25736,-16.18,-55.02
25739,-16.09,-55.07
25740,-16.125,-55.025455
25741,-9.905,-57.635
25743,-13.495455,-58.952727
25760,-12.58,-55.76
25761,-12.58,-55.76
25762,-17.28,-54.93
25763,-16.03,-55.36
25765,-15.55,-55.18
25766,-15.556667,-54.89
25767,-15.55,-55.18
25768,-15.55,-55.18
25769,-15.84,-54.38
25770,-14.63,-53.91
25771,-15.02,-53.94
25772,-14.41,-56.67
25773,-13.78,-57.84
25774,-28.2,-53.44
25775,-14.61,-57.74
25776,-14.95,-58.06
25777,-14.51,-59.47
25778,-13.65,-59.9
25779,-13.54,-59.03
25780,-13.63,-59.06
25781,-12.57,-55.72
25782,-9.93,-59.92
25783,-9.46,-59.22
25784,-9.78,-54.99
25785,-9.84,-57.82
25786,-10.34,-58.5
25787,-14.36,-56.35
25788,-15.57,-54.31
25789,-12.39,-51.75
25795,-15.71,-56.19
25796,-15.71,-56.19
25797,-15.71,-56.19
25800,-16.011875,-55.184375
25801,-15.99675,-55.12975
25802,-15.998375,-55.124875
25803,-16,-55.12
25804,-15.98,-55.08
25805,-16.04075,-55.28775
25806,-16.1,-55.35
25807,-16.14,-54.972
25808,-16.22,-55.016
25809,-16.3,-55.06
25810,-16.22,-54.94
25811,-16.205,-54.829091
25812,-16.165,-54.927273
25813,-16.125,-55.025455
25814,-16.09,-55.07
25815,-16.1,-55.04
25816,-16.010375,-55.328875
25817,-15.98,-55.37
25818,-17.06,-53.27
26000,-15.33,-56.14
26001,-13.04,-55.22
26002,-11.45,-52.18
26003,-12.75,-56.51
26005,-11.256667,-51.71
26050,-9.67,-56.47
26094,-13.6,-56.2
26096,-13.8,-56.7
26098,-13.7,-56.79
26103,-12.53,-57.88
26104,-12.665714,-58.058571
26106,-14.42,-57.82
26107,-14.33,-57.62
26150,-15.33,-59.25
26160,-10.165,-59.45
26200,-16.7,-54.66
26201,-14.84,-58.62
26202,-14.938333,-58.696667
26203,-13.39,-59.39
26204,-13.474412,-59.288529
26205,-16.45,-55.32
26206,-16.46,-54.96
26207,-14.89,-58.87
26208,-14.963333,-58.821667
26209,-13.558824,-59.187059
26211,-12.75,-56.03
26212,-12.808,-56.204
26300,-15.61,-56.13
26308,-15.36,-55.45
26310,-15.38,-54.41
26314,-15.74,-55.53
26322,-9.63,-54.97
26323,-9.68,-54.96
26326,-17.93,-53.38
26330,-13.41,-58.6
26337,-16.67,-54.74
26338,-17.425,-54.595
26339,-17.54,-54.43
26340,-16.71,-54.75
26341,-16.616667,-54.696667
26361,-15.03,-57.21
26363,-14.76,-57.2
26372,-13.54,-59.03
26376,-11.31,-59.22
26378,-13.1,-54.82
26383,-12.79,-56.01
26384,-15.366667,-54.213333
26386,-13.82625,-56.31125
26387,-13.8225,-56.5425
26388,-13.84125,-56.61625
26390,-14.747273,-57.04
26391,-13.662059,-59.472647
26392,-9.83,-55.02
26395,-10.33,-56.98
26397,-10.34,-56.98
26398,-10.35,-56.99
26400,-14.76,-58.05
26401,-14.74,-58.1
26402,-13.32,-57.6
26403,-15.26,-58.72
26404,-15.12,-58.96
26405,-15.24,-58.73
26406,-17.09,-54.83
26407,-17.61,-54.83
26408,-14.46,-59.51
26409,-13.85,-53.26
26411,-13.39,-57.62
26412,-17.09,-54.83
26413,-15.35,-54.21
26414,-13.86,-59.43
26415,-13.81,-59.45
26416,-13.452727,-58.776364
26417,-13.86,-56.69
26419,-13.777353,-59.450882
26420,-15.167692,-58.748462
26421,-15.13,-58.73
26422,-15.103846,-58.749231
26423,-15.04,-58.75
26426,-15.295,-58.92
26428,-15.346,-58.744
26429,-15.29,-58.71
26430,-15.368,-58.692
26431,-15.39,-58.64
26432,-17.59,-53.35
26433,-15.48,-55.71
26434,-13.52,-52.29
26435,-14.73,-56.3
26436,-12.924001,-56.071999
26437,-12.924,-56.072
26438,-13.408421,-57.608421
26439,-13.36,-57.61
26441,-14.503333,-57.97
26442,-18.973333,-56.406667
26444,-13.44,-56.73
26445,-17.29,-53.28
26446,-13.27,-59.02
26447,-15.53,-55.86
26448,-15.57,-54.31
26449,-12.55,-55.72
26450,-15.665,-56.065
26451,-19.44,-42.56
26452,-19.44,-42.56
26453,-19.79,-45.31
26454,-19.9,-44.24
26455,-19.9,-44.24
26456,-19.9,-44.24
26457,-19.9,-44.24
26458,-19.9,-44.24
26459,-19.9,-44.24
26460,-19.54,-42.6
26461,-20.04,-44.17
26462,-19.82,-44.1
26463,-19.82,-44.1
26464,-19.82,-44.1
26465,-18.67,-44.09
26466,-18.67,-44.09
26469,-18.67,-44.09
26470,-18.67,-44.09
26471,-19.52,-44.32
26472,-19.52,-44.32
26473,-20,-43.99
26474,-20,-43.99
26475,-20,-43.99
26476,-19.82,-44.1
26477,-19.44,-42.56
26478,-20,-43.99
26479,-20.3,-43.76
26480,-20,-43.99
26481,-19.54,-42.64
26482,-18.85,-41.98
26483,-15.952941,-43.368824
26484,-15.952941,-43.368823
26485,-15.92,-43.33
26486,-15.92,-43.33
26487,-18.8,-49
26488,-20.3,-43.76
26490,-18.8,-49
26491,-19.54,-42.6
26492,-19.76,-44.1
26493,-15.92,-43.33
26494,-15.92,-43.33
26495,-15.92,-43.33
26496,-15.92,-43.33
26497,-15.92,-43.33
26498,-15.92,-43.33
26499,-17.07,-47.11
26500,-17.07,-47.11
26501,-18.8,-49
26502,-18.8,-49
26504,-20.01,-47.44
26510,-19.6,-43.33
26511,-19.6,-43.33
26512,-19.6,-43.33
26513,-19.6,-43.33
26515,-19.6,-43.33
26516,-19.6,-43.33
26543,-20.085957,-48.665106
26544,-19.96,-48.7
26570,-19.113333,-42.726667
26600,-18.46,-47.99
26601,-19.13,-47.7
26602,-20.04,-48.22
26603,-16.73,-42.57
26604,-19.39,-47.7
26605,-19.39,-47.7
26606,-17.07,-47.11
26656,-20.33,-43.78
26657,-20.33,-43.78
26666,-19.94,-44.02
26668,-19.96,-44.01
26700,-17.58,-44.64
26739,-19.4,-43.85
26740,-20.1,-43.98
26741,-20.14,-44.03
26742,-19.44,-44.35
26743,-19.49,-44.26
26744,-19.96,-44.05
26745,-19.97,-44.01
26746,-20.07,-44.12
26747,-19.39,-43.82
26748,-19.49,-44.31
26750,-20.1,-43.95
26787,-20.01,-44.09
26793,-19.95,-44.13
26798,-20.17,-43.97
26820,-19.97,-44
26825,-11.24,-43.42
26829,-19.95,-44.03
26832,-19.78,-43.95
26842,-17.72,-40.76
26843,-17.83,-40.37
26844,-16.73,-41.89
26845,-16.583333,-41.396667
26846,-16.48,-41.15
26847,-19.2,-43.05
26848,-19.74125,-43.14375
26894,-17.2,-42.58
26900,-19.44,-41.61
26901,-19.77,-41.79
26902,-19.61,-41.8
26904,-18.6,-41.85
26907,-20.05,-41.74
26908,-19.99,-41.72
26909,-19.81,-43.27
26910,-18.94,-42.49
26911,-18.95,-42.53
26912,-17.6,-40.99
26914,-19.6,-43.2
26915,-19.74125,-43.14375
26916,-19.81,-43.19
26917,-19.77,-43.03
26918,-19.81,-43.23
26919,-19.6,-43.2
26920,-19.68,-43.2
26928,-18.86,-41.96
26930,-19.6,-43.2
26932,-19.775625,-43.126875
26935,-19.775625,-43.126875
26936,-19.6,-43.2
26939,-19.53,-42.64
26941,-20.24,-42.03
26942,-20.72,-42.04
26943,-19.82,-42.32
26944,-19.57,-42.12
26945,-20.47,-43.09
26972,-20.72,-42.04
27001,-16.67,-43.82
27002,-16.67,-43.82
27003,-16.67,-43.82
27004,-16.67,-43.82
27005,-20.62,-42.14
27016,-16.7,-43.866667
27027,-20.336,-43.918
27032,-17.71,-42.5
27034,-19.670625,-43.171875
27051,-20.31,-47.08
27055,-17.66,-40.875
27057,-18.89,-42.68
27058,-19.07,-42.89
27059,-19,-42.95
27060,-19.04,-42.92
27061,-18.9,-42.955
27062,-21.694066,-42.638609
27063,-20.53,-43.69
27065,-20.4,-43.51
27077,-20.242,-43.946
27108,-18.85,-41.98
27109,-18.85,-41.98
27110,-18.85,-41.98
27111,-18.85,-41.98
27118,-20.35,-43.64
27145,-20.95,-43.8
27153,-20.55,-43.82
27154,-20.37,-43.77
27155,-20.44,-43.78
27156,-20.39,-43.84
27157,-20.48,-43.92
27171,-21.21,-43.78
27186,-21.7,-43.48
27203,-20.4,-42.7
27210,-20.72,-42.88
27212,-20.43,-43.89
27217,-20.34,-43.65
27226,-20.34,-42.56
27228,-21.22,-43.74
27231,-19.21,-46.11
27232,-18.87,-49.263333
27233,-18.88,-49.27
27234,-19.59,-47.07
27235,-19.9,-49.36
27236,-18.67,-48.16
27237,-19.02,-46.82
27238,-18.58,-49.51
27241,-19.343333,-46.11
27245,-19.53,-49.5
27252,-19.72,-50.19
27255,-19.31,-50.73
27257,-18.85,-50.12
27258,-18.8,-49
27260,-20.1,-48.72
27271,-18.86,-48.28
27273,-18.91,-48.3
27290,-18.8,-49
27300,-19.35,-48.23
27301,-19.81,-48.73
27302,-18.68,-48.5
27303,-19.52,-50.66
27304,-18.96,-49.45
27305,-19.7,-50.33
27306,-19.3,-47.46
27307,-19.02,-49.67
27308,-18.69,-49.01
27310,-19.92,-49.15
27311,-19.955,-49.1025
27314,-19.855,-48.955
27330,-18.99,-48.4
27337,-19.65,-48.97
27340,-18.87,-48.3
27352,-18.93,-48.7
27353,-19.3,-48.93
27354,-19.08,-48.76
27358,-18.82,-48.663333
27359,-18.79,-48.636667
27360,-18.76,-48.61
27361,-19.333333,-48.136667
27371,-18.9,-48.38
27373,-19.94,-47.93
27374,-18.44,-49.19
27375,-18.84,-48.09
27376,-19.39,-47.82
27377,-19.15,-47.856667
27378,-19.05,-47.895
27379,-19.15,-47.7
27380,-19.84,-47.89
27384,-18.81,-46.42
27390,-18.28,-46.86
27404,-18.64,-46.89
27408,-18.97,-48.34
27409,-20.13,-44.82
27411,-21.86,-44.51
27441,-19.86,-44.97
27462,-19.43,-43.83
27463,-22.165,-44.86
27499,-20.49,-45.98
27500,-20.09,-46.04
27501,-20.03,-45.55
27502,-20.07,-45.54
27503,-20.24,-44.75
27511,-20.056667,-44.66
27526,-20.063334,-44.750003
27548,-20.063333,-44.75
27549,-20.7,-46.57
27557,-20.27,-44.99
27562,-16.7,-43.84
27565,-16.68,-43.88
27571,-17.06,-46.14
27572,-16.362216,-46.548834
27573,-16.324467,-46.207985
27574,-16.286658,-45.866591
27575,-17.14,-46.82
27577,-17.836082,-45.045817
27579,-17.389154,-45.022749
27580,-17.42,-44.97
27581,-18.130615,-45.547573
27583,-16.896667,-44.13
27584,-16.73,-44.06
27585,-16.786667,-44.993333
27586,-16.66,-45.01
27587,-17.232488,-45.692749
27588,-17.23,-45.86
27590,-16.96,-46.48
27591,-17.45,-46.69
27592,-16.248898,-45.525636
27602,-19.07,-46.72
27608,-16.76,-43.9
27619,-16.19,-43.57
27620,-20.44,-45.45
27621,-16.36,-45.1
27630,-15.76,-43.05
27684,-19.64,-43.99
27687,-15.93,-44.31
27694,-16.46,-43.68
27695,-19.87,-44
27700,-17.06,-46.18
27701,-17.06,-46.18
27702,-15.2,-43.88
27704,-17.12,-46.66
27742,-17.55,-44.76
27743,-17.618184,-45.077807
27744,-17.81,-44.916667
27745,-17.507647,-44.816471
27746,-16.49,-47.28
27748,-17.1,-46.61
27750,-17.447647,-44.817647
27776,-19.98,-48.26
27777,-18.32,-44.02
27778,-18.36,-43.96
27779,-17.06,-46.18
27780,-16.68,-43.87
27782,-21.794,-46.517333
27850,-20,-43.99
27851,-18.78,-50.23
27852,-20,-43.99
27900,-21.29,-46.81
27901,-21.39,-46.25
27902,-22.49,-45.33
27903,-21.81,-46.14
27908,-21.6,-45.56
27910,-21.51,-45.4
27911,-22.31,-45.9
27913,-21.51,-45.4
27922,-21.51,-45.4
27923,-21.51,-45.4
27924,-21.19,-45.46
27928,-21.51,-45.4
27929,-21.51,-45.4
27930,-20.95,-45.82
27934,-20.47,-45.79
27935,-20.47,-45.79
27950,-21.47,-43.53
28251,-21.84,-41.16
28252,-21.07,-41.72
28253,-22.14,-42.1
28254,-21.84,-41.16
28255,-22.12,-42.31
28256,-22.21,-43.14
28257,-21.9,-42.05
28258,-21.94,-42.09
28259,-22.14,-42.35
28261,-22.72,-43.24
28262,-22.72,-43.24
28263,-22.52,-42.7
28265,-22.72,-43.25
28266,-22.72,-43.24
28267,-22.29,-41.73
28268,-22.99,-44.22
28269,-22.71,-43.25
28270,-23.01,-44.04
28271,-22.66,-42.87
28272,-22.72,-43.25
28273,-22.55,-42.98
28274,-21.94,-42.27
28275,-21.82,-41.02
28276,-22.23,-43.08
28277,-22.22,-43.17
28278,-22.88,-43.03
28279,-22.88,-43.03
28280,-22.432156,-43.137698
28281,-22.72,-42.95
28282,-22.83,-43.04
28283,-22.9,-43.12
28284,-22.94,-43.05
28285,-22.85,-43.1
28300,-22.76,-42.84
28301,-22.696667,-42.76
28302,-22.83,-42.835
28303,-22.9,-42.83
28304,-22.75,-42.72
28305,-22.71,-42.63
28306,-22.58,-42.72
28307,-22.48,-42.66
28308,-22.55,-42.98
28309,-22.85525,-43.0245
28310,-22.91,-42.94
28376,-21.788889,-41.252222
28377,-22.3,-41.72
28379,-21.797222,-41.165556
28403,-22.37,-41.79
28411,-22.37,-41.79
28426,-22.48,-42.01
28427,-22.62,-42
28428,-22.523225,-41.989702
28429,-22.52,-41.94
28430,-22.89,-42.47
28431,-22.87,-42.34
28432,-22.83,-42.24
28433,-22.96,-42.03
28434,-22.88,-42.03
28435,-22.78,-41.92
28436,-22.32,-41.75
28449,-22.835,-42.08
28455,-22.837778,-42.213333
28500,-22.48,-42.19
28502,-22.44,-44.38
28503,-22.49,-44.54
28504,-22.456545,-44.399818
28505,-22.456545,-44.399818
28508,-22.5,-44.52
28510,-22.49625,-44.5725
28511,-22.494,-44.532
28512,-22.488,-44.544
28513,-22.48875,-44.5575
28514,-22.439636,-44.369455
28515,-22.439636,-44.369455
28516,-22.432364,-44.348545
28517,-22.43,-44.36
28518,-22.43,-44.35
28519,-22.43,-44.32
28520,-22.42,-44.31
28521,-22.42,-44.34
28522,-22.432364,-44.348545
28523,-22.427455,-44.326182
28524,-22.427455,-44.326182
28528,-22.49,-44.56
28700,-21.57,-41.92
28701,-22.015,-42.1325
28702,-21.56,-42.17
28703,-21.511579,-42.298421
28710,-22.16,-42.43
28720,-22.4,-42.95
28721,-23,-44.46
28722,-23.03,-44.54
28723,-22.555476,-42.096727
28724,-21.85,-41.03
28725,-22.26,-42.32
28726,-22.26,-42.5
28727,-21.83,-41.28
28728,-21.64,-41.41
28729,-21.545,-41.41
28730,-21.45,-41.41
28731,-21.04,-41.98
28732,-21.65,-41.74
28733,-22.52,-43.17
28734,-22.5329,-42.00881
28735,-21.839444,-41.231111
28737,-21.89,-41.21
28750,-22.19,-42.89
28769,-21.445173,-47.000386
28771,-21.37,-46.95
28808,-22.670952,-47.038571
28809,-22.66,-47.05
28811,-23.59,-48.01
28812,-21.76,-47.07
28814,-21.57,-46.62
28816,-22.71,-47.01
28817,-23.59,-48.1
28818,-22.68,-47.01
28836,-23.63,-48.06
28913,-21.437082,-47.190077
28914,-21.419027,-47.176692
28915,-21.41,-47.17
29051,-20.35,-42.36
29052,-20.68,-42.62
29053,-21.11,-42.41
29054,-20.25,-41.89
29055,-21.45,-42.4
29056,-22.194276,-42.386993
29551,-23.16,-49.97
29552,-23.137818,-49.954727
29553,-23.1,-49.94
29554,-23.008,-49.776
29555,-23.06,-49.64
29556,-23.05,-49.7
29557,-22.94,-49.78
29559,-21.41,-47.17
29561,-22.76,-49.72
29562,-22.9,-49.62
29563,-23.02,-49.47
29566,-23.13,-49.335714
29567,-23.070001,-49.281428
29568,-23.01,-49.31
29569,-23.04,-49.212857
29570,-23.01,-49.197143
29571,-22.89,-49.24
29572,-23.04,-49.16
29574,-23.13,-49.04
29575,-23.13,-49.04
29576,-23.13,-49.04
29577,-23.13,-49.04
29578,-23.13,-49.04
29579,-23.13,-49.04
29580,-23.53,-49.25
29581,-23.09,-48.92
29582,-22.92,-49.71
29583,-22.974,-49.778
29584,-23.251094,-49.278495
29585,-23.424829,-49.150086
29586,-23.13,-49.04
29587,-23.04,-49.295714
29588,-22.95,-49.218571
29589,-23.16,-49.97
29590,-23.153455,-49.954182
29591,-23.162545,-49.937818
29592,-23.174182,-49.889273
29593,-23.058,-49.136
29594,-23.094,-49.088
29595,-23.425201,-49.047399
29596,-23.423174,-49.033413
29597,-22.87,-49.6
29600,-23.02,-49.16
29601,-23.037757,-49.0544
29602,-23.033118,-49.032883
29603,-23.19,-49.39
29604,-23.338276,-49.293362
29605,-23.4,-49.34
29606,-22.9,-49.64
29607,-23.43,-48.87
29608,-23.04,-49.16
29610,-23.475334,-49.164833
29611,-23.52,-49.23
29612,-23.42,-49.07
29618,-23.312189,-49.16699
29619,-22.9,-49.64
29620,-22.9,-49.64
29624,-21.57,-46.62
29851,-22.27,-48.11
29852,-22.669652,-47.671512
29853,-22.693218,-47.68717
29854,-22.88,-46.8
29855,-22.69,-47.6
29856,-21.19,-50.47
29857,-20.22,-47.65
29858,-22.336667,-48.083333
29859,-22.35,-48.11
29861,-21.19,-47.66
29862,-20.48306,-47.83631
29863,-20.49,-47.86
29864,-21.233333,-48.11
29865,-21.17,-48.12
29866,-21.18,-47.63
29867,-20.526486,-47.476362
29868,-20.916842,-47.49421
29869,-21.18,-47.82
29871,-22.32125,-49.06
29872,-22.482815,-48.948571
29873,-22.391818,-48.994545
29874,-21.89,-49.05
29875,-21.88,-49.23
29876,-21.81,-49.16
29877,-21.74,-49.36
29878,-21.67,-49.513333
29879,-20.830973,-49.390855
29880,-22.02,-48.92
29881,-21.89,-49.05
29882,-21.89,-49.05
29883,-22.7,-47.37
29884,-22.7,-47.36
29885,-21.248745,-48.392972
29886,-21.201419,-48.407201
29887,-21.2,-47.85
29888,-20.509459,-47.579088
29889,-20.52,-47.42
29890,-20.908421,-47.532105
29891,-20.727369,-47.666842
29892,-22.71,-47.13
29893,-22.93619,-47.317619
29894,-22.988571,-47.372857
29895,-22.690588,-47.504706
29896,-22.66,-47.52
29897,-22.826164,-47.220146
29898,-22.83,-47.2
29899,-22.84875,-46.905
29900,-20.48,-47.87
29901,-20.94234,-48.187872
29902,-20.94,-48.25
29903,-21.77,-48.12
29904,-21.75,-48.08
29905,-20.227305,-48.280071
29906,-20.28,-48.19
29907,-21.95,-50.2
29908,-21.8,-50.21
29909,-20.61,-48
29910,-21.196203,-47.954349
29911,-21.12,-47.96
29912,-21.158103,-47.957176
29914,-20.616842,-48.983155
29915,-20.69,-49.11
29916,-21.656,-49.814
29917,-21.64,-49.84
29918,-21.371426,-48.350544
29919,-21.355713,-48.325272
29920,-21.34,-48.3
29921,-21.32,-48.12
29922,-22.63625,-48.70625
29923,-22.63,-48.75
29924,-22.53875,-48.75875
29925,-22.49,-48.79
29926,-21.155,-48.755
29927,-21.21,-48.84
29928,-21.07,-48.695
29929,-21.04,-48.72
29930,-21.32,-48.12
29931,-21.097872,-48.068298
29932,-21.11,-48.08
29933,-20.506301,-48.236262
29934,-20.49315,-48.323131
29935,-20.48,-48.41
29936,-20.487411,-48.484701
29937,-20.529137,-48.5349
29938,-20.55,-48.56
29939,-20.413097,-48.319202
29940,-20.462544,-47.989521
29941,-20.43188,-48.172908
29942,-20.42,-48.21
29943,-20.635,-48.5525
29944,-20.647499,-48.54125
29945,-20.66,-48.53
29946,-22.379174,-48.551273
29947,-22.463339,-48.563018
29948,-22.463339,-48.563018
29949,-20.777572,-47.46733
29950,-20.75,-47.43
29951,-21.103383,-48.432829
29952,-21.15,-48.68
29953,-21.2,-48.69
29954,-21.946502,-48.478561
29955,-22.1,-48.48
29956,-21.207692,-47.67
29957,-21.193846,-47.65
29958,-21.18,-47.63
29962,-23.01,-47.53
29963,-22.90375,-46.915
29964,-22.63,-47.68
29965,-22.55,-48.81
29966,-22.91,-47.47
29967,-22.66,-47.21
29968,-20.9575,-48.22875
29969,-21,-48.29
29970,-22.48,-48.53
29971,-22.989524,-47.440952
29972,-22.612595,-47.711737
29973,-21.146266,-50.863012
29974,-21.098217,-50.851283
29975,-21.05,-50.84
29976,-21.207002,-50.028969
29977,-21.206938,-50.029021
29978,-21.186849,-49.452344
29979,-21.11,-49.32
29980,-21.67,-49.79
29981,-21.453213,-48.344022
29982,-21.41,-48.28
29983,-22.668322,-47.192407
29984,-22.665625,-47.198189
29985,-22.985,-47.11
29986,-22.99,-47.125
29987,-22.99,-47.14
29988,-22.9,-47.06
29989,-20.504904,-47.68744
29990,-20.397221,-47.883512
29991,-20.55,-47.81
29992,-20.44,-47.89
29993,-22.935169,-46.904045
29994,-22.983596,-46.846292
29995,-22.917072,-46.979063
29996,-22.912584,-46.952022
29997,-22.972,-46.972
29998,-22.972,-46.974
29999,-22.984,-47.034
30000,-22.984,-47.038
30001,-20.842647,-49.462059
30002,-22.93,-46.9
30003,-22.82,-46.88
30004,-21.125,-50.465
30005,-20.94,-50.5
30006,-22.23,-49.93
30007,-22.7,-47.36
30008,-22.932921,-46.850112
30009,-22.67,-47.6
30010,-22.335,-49.925
30011,-20.343972,-48.666738
30012,-20.3,-48.77
30013,-20.55,-47.81
30014,-22.28,-46.76
30015,-22.26,-46.72
30016,-21.89,-48.15
30017,-22.44,-49.92
30018,-21.8,-48.53
30019,-21.73,-48.68
30020,-22.89,-48.43
30021,-23.08,-48.38
30022,-23.1,-48.61
30023,-22.907273,-48.425455
30024,-22.89,-48.43
30025,-22.89,-48.43
30026,-22.681787,-47.650137
30027,-22.681772,-47.650253
30028,-22.665316,-47.640759
30029,-22.006667,-47.930476
30030,-21.9825,-47.94625
30031,-21.983333,-47.91381
30032,-21.75,-49.68
30033,-22.807131,-47.141239
30034,-22.80766,-47.140671
30035,-21.9975,-47.89875
30036,-21.965,-47.8875
30037,-21.88,-47.79
30038,-24.04,-49.46
30039,-22.0175,-47.97375
30040,-22.07,-48.06
30041,-22.824071,-47.155944
30042,-22.824298,-47.155701
30043,-22.85,-47.14
30044,-22.770563,-47.098272
30045,-22.962761,-47.160071
30046,-22.965996,-47.160721
30047,-22.969104,-47.174028
30048,-22.970398,-47.174289
30049,-22.96,-47.2
30050,-23.09,-48.27
30051,-22.523655,-48.901429
30052,-22.5,-48.94
30053,-22.606667,-48.803333
30054,-22.836474,-47.057017
30055,-22.819423,-47.051052
30056,-22.819423,-47.051052
30057,-20.509459,-47.579088
30058,-20.526486,-47.476362
30059,-21.19125,-47.78375
30060,-21.19125,-47.78375
30061,-21.19375,-47.75125
30062,-21.19375,-47.75125
30063,-22.367273,-49.058182
30064,-22.34375,-49.08
30065,-22.0075,-47.92875
30066,-21.05,-48.27
30067,-20.94,-48.25
30068,-22.965,-47.11
30069,-22.968794,-47.123937
30070,-22.719962,-47.332552
30071,-22.675882,-47.597059
30072,-22.985199,-47.162144
30073,-22.984552,-47.162014
30074,-23,-47.15
30075,-22.739113,-47.301726
30076,-22.756697,-47.265051
30077,-22.9,-47.2
30078,-22.762814,-47.253589
30079,-22.762559,-47.258249
30080,-22.804271,-47.23453
30081,-22.804186,-47.236083
30082,-22.793366,-47.218415
30083,-22.788597,-47.23598
30084,-22.802298,-47.21127
30085,-22.800504,-47.217871
30086,-22.813523,-47.205407
30087,-22.812927,-47.207602
30088,-22.720334,-47.332377
30089,-22.714964,-47.320566
30090,-22.716082,-47.320042
30091,-22.737209,-47.300705
30092,-22.762411,-47.268117
30093,-20.656667,-47.916667
30094,-22.749658,-47.396622
30095,-22.750291,-47.396126
30096,-22.758975,-47.379866
30097,-22.760873,-47.378379
30098,-22.767265,-47.362977
30099,-20.598584,-47.851885
30100,-20.548584,-47.825219
30101,-22.772326,-47.359011
30102,-22.772822,-47.339064
30103,-22.775601,-47.327108
30104,-22.814481,-47.27633
30105,-22.8106,-47.297108
30106,-22.820215,-47.245491
30107,-22.822474,-47.23343
30108,-22.826916,-47.216124
30111,-22.787572,-47.317025
30112,-22.780898,-47.321392
30113,-22.77909,-47.313884
30114,-22.776587,-47.315522
30115,-22.769697,-47.304628
30116,-22.768862,-47.305174
30117,-22.676667,-47.53
30118,-22.857072,-47.019063
30119,-22.857072,-47.019063
30120,-22.86,-46.99
30121,-21.355713,-48.290272
30122,-21.312857,-48.187143
30123,-21.34,-48.23
30124,-21.128611,-47.755378
30125,-21.127072,-47.753516
30126,-21.16,-47.75
30127,-21.045826,-47.726139
30128,-21.041218,-47.720548
30129,-20.988878,-47.663029
30130,-20.976583,-47.648132
30131,-20.852686,-47.542879
30132,-20.917884,-47.59195
30133,-20.847727,-47.529636
30134,-20.734993,-47.442357
30135,-20.639074,-47.364181
30136,-20.622258,-47.34982
30137,-20.549964,-47.34686
30138,-20.544359,-47.342072
30139,-20.84823,-49.435641
30140,-20.84823,-49.435641
30141,-20.83,-49.39
30142,-22.755335,-47.122732
30143,-22.754848,-47.123767
30144,-22.75,-47.13
30145,-22.897377,-47.187134
30146,-22.895815,-47.188579
30147,-22.89,-47.19
30148,-22.83,-47.07
30149,-22.340081,-48.658374
30150,-22.37,-48.69
30151,-22.340244,-48.705122
30152,-22.33,-48.73
30153,-22.895792,-47.192378
30154,-22.892297,-47.19647
30155,-22.24,-49.98
30156,-20.83,-49.36
30157,-22.88,-46.8
30158,-21.462888,-50.668327
30159,-21.33,-50.95
30160,-20.49,-49.54
30161,-20.565779,-49.637096
30164,-23.017865,-46.838764
30165,-21.643376,-49.769215
30166,-21.643378,-49.769214
30167,-21.596715,-49.778439
30168,-21.596727,-49.778438
30169,-21.4969,-49.806083
30170,-21.496902,-49.806082
30171,-21.162103,-47.847176
30172,-21.178326,-47.854568
30173,-21.204203,-47.874349
30174,-21.210812,-47.891414
30175,-21.163605,-47.883806
30176,-21.14,-47.88
30177,-22.874217,-47.253293
30178,-22.874242,-47.253365
30179,-22.872639,-47.229844
30180,-22.872742,-47.230135
30181,-21.41,-48.28
30182,-21.52,-48.39
30183,-21.026582,-49.339736
30184,-21.026582,-49.339736
30185,-23.05,-46.84
30186,-21.146,-47.794
30187,-21.14,-47.796
30188,-21.148,-47.802
30189,-21.164163,-47.832283
30190,-21.13,-47.808
30191,-20.794412,-49.376765
30192,-20.794412,-49.376765
30193,-20.845,-49.495
30194,-20.833333,-49.503333
30195,-20.82,-49.49
30196,-20.97,-48.47
30199,-21.209457,-47.732884
30200,-21.207778,-47.729144
30201,-21.211111,-47.736588
30203,-22.7,-47.3
30204,-22.7,-47.28
30205,-22.707915,-47.307741
30206,-22.709702,-47.295126
30207,-22.723491,-47.288663
30208,-22.474966,-46.710338
30209,-22.474966,-46.710338
30210,-22.47,-46.72
30214,-22.449747,-46.862686
30215,-22.449747,-46.862686
30216,-22.454841,-46.791063
30217,-22.454841,-46.791063
30219,-22.804456,-47.216135
30220,-22.802862,-47.222002
30221,-22.81,-47.21
30222,-22.905147,-47.179265
30223,-22.906338,-47.179025
30224,-22.89,-47.18
30225,-22.881076,-47.200834
30226,-22.880457,-47.199089
30227,-22.871241,-47.206904
30228,-22.871061,-47.206395
30229,-22.934775,-47.158483
30230,-22.937976,-47.158967
30231,-22.65038,-47.686952
30232,-22.669494,-47.672785
30233,-22.631487,-47.699345
30234,-22.576297,-47.755869
30235,-22.68,-47.72
30236,-22.776667,-47.97
30237,-22.69,-47.735
30238,-22.91625,-47.0325
30239,-22.91625,-47.0325
30240,-22.93875,-47.0375
30241,-22.93875,-47.0375
30242,-22.828024,-47.178649
30243,-22.828099,-47.178568
30244,-22.797323,-47.127765
30245,-22.798682,-47.126304
30246,-22.8,-47.13
30247,-22.746999,-47.146372
30248,-22.745624,-47.158871
30249,-22.75,-47.15
30250,-22.9,-47.19
30251,-22.689341,-47.189036
30252,-22.690036,-47.188272
30253,-22.69,-47.16
30254,-22.782321,-47.0844
30255,-22.782365,-47.084306
30256,-22.765745,-47.106008
30257,-22.765878,-47.105726
30258,-22.750128,-47.132469
30259,-22.747812,-47.149437
30260,-22.744549,-47.135734
30261,-22.745048,-47.134676
30262,-22.73485,-47.131911
30263,-22.735016,-47.131559
30264,-22.7,-47.14
30265,-22.726854,-47.122759
30266,-22.72995,-47.119431
30267,-22.7422,-47.153823
30268,-22.734888,-47.181762
30269,-22.7374,-47.161274
30270,-22.734963,-47.170587
30271,-22.73906,-47.177178
30272,-22.668554,-47.192152
30273,-22.711559,-47.212652
30274,-22.704885,-47.273281
30275,-22.70558,-47.272517
30276,-22.714959,-47.305122
30277,-22.71519,-47.304867
30278,-22.53,-46.65
30279,-22.51,-46.635
30280,-22.57,-46.68
30281,-22.636667,-46.713333
30282,-22.663333,-46.716667
30283,-22.7,-46.75
30286,-22.683333,-47.606667
30287,-22.693333,-47.613333
30288,-22.225455,-49.947818
30289,-22.224545,-49.924182
30290,-22.223636,-49.832545
30291,-21.06,-50.46
30292,-21.04,-50.46
30293,-21.190514,-50.428695
30294,-21.190514,-50.428695
30295,-21.17,-50.45
30296,-20.842647,-49.462059
30297,-20.815294,-49.424118
30298,-20.815294,-49.424118
30299,-20.793235,-49.400294
30300,-20.793235,-49.400294
30301,-22.92,-48.45
30302,-22.92,-48.45
30303,-22.92,-48.45
30304,-20.616842,-48.983158
30305,-20.508421,-48.991579
30306,-20.4,-49
30307,-21.46,-49.58
30308,-22.1,-50.19
30309,-22.1,-50.19
30310,-22.959091,-48.411818
30330,-21.000468,-48.528505
30331,-21.000468,-48.528505
30333,-20.94,-48.076667
30334,-20.94,-48.08
30340,-21.01,-47.99
30341,-22.63,-48.75
30342,-22.59275,-48.668947
30345,-21.91875,-49.905
30346,-21.783333,-49.843333
30347,-21.8,-49.93
30348,-22.09625,-49.945
30349,-22.076667,-49.923333
30350,-20.786667,-49.203333
30351,-20.748947,-49.231053
30352,-21.254974,-50.613883
30353,-21.254974,-50.613883
30354,-21.24,-50.65
30355,-21.4,-50.49
30356,-20.87,-49.57
30359,-20.63,-49.65
30362,-21.08,-49.68
30365,-20.9,-49.45
30366,-21.015,-49.315
30367,-21.04,-49.37
30368,-22.45167,-48.616509
30369,-22.45167,-48.616509
30370,-22.44,-48.67
30374,-21.213893,-47.764578
30375,-21.223905,-47.786935
30376,-20.460821,-47.306398
30377,-20.458959,-47.466664
30378,-20.496139,-47.47525
30379,-20.496139,-47.47525
30392,-23.063333,-47.011348
30400,-20.58,-47.78
30410,-22.519125,-48.573421
30411,-22.52,-48.64
30412,-22.445462,-48.998571
30414,-22.452731,-48.984286
30415,-22.467605,-48.962857
30416,-22.7,-47.36
30417,-20.920776,-47.602965
30418,-20.947232,-47.620038
30419,-20.920801,-47.602951
30440,-22.765811,-47.105868
30441,-22.786609,-47.110152
30442,-22.78838,-47.108255
30443,-22.784831,-47.11207
30444,-22.837094,-47.14791
30445,-22.837131,-47.147872
30446,-22.837055,-47.147953
30447,-22.852069,-47.246237
30448,-22.850115,-47.250394
30449,-22.854023,-47.242079
30450,-22.87,-47.29
30451,-22.87,-47.29
30452,-22.87,-47.29
30453,-22.87,-47.29
30454,-22.87423,-47.253329
30455,-22.819423,-47.051052
30456,-22.819423,-47.051052
30457,-22.871152,-47.206649
30465,-20.73725,-47.45569
30466,-20.692416,-47.417392
30467,-20.72,-47.46
30468,-20.577499,-48.576251
30470,-20.5775,-48.57625
30490,-22.73,-47.42
30497,-22.820488,-47.244152
30498,-22.816491,-47.265603
30499,-21.98,-47.951429
30500,-21.794335,-48.455707
30501,-21.804335,-48.392374
30503,-21.83,-48.49
30504,-21.77,-48.57
30505,-22.56,-47.9
30506,-20.15,-47.62
30507,-21.31125,-47.6425
30508,-21.308,-47.678
30509,-21.92,-48.44
30510,-21.92,-48.44
30511,-22.56,-47.9
30512,-22.34375,-49.08
30513,-21.184756,-50.364966
30514,-21.184756,-50.364966
30515,-21.2,-50.4
30516,-22.496393,-48.515787
30517,-22.496393,-48.515787
30518,-22.48,-48.52
30519,-22.367236,-48.755285
30520,-22.361707,-48.745854
30521,-22.364472,-48.750569
30522,-22.791197,-47.314214
30524,-20.616842,-48.983158
30526,-22.22,-49.67
30538,-20.748947,-49.23105
30539,-21.298718,-50.361455
30540,-21.40375,-47.5075
30541,-21.394,-47.614
30542,-22.818505,-47.254887
30543,-21.596752,-49.778431
30544,-21.461041,-50.491736
30545,-21.546813,-50.324366
30546,-21.504394,-50.406616
30549,-21.298703,-50.361374
30550,-21.298703,-50.361374
30560,-20.853801,-48.498505
30561,-20.92,-48.53
30562,-21.257238,-47.861429
30563,-21.273856,-47.898619
30564,-21.240546,-47.824134
30645,-20.893801,-48.301838
30646,-21.019362,-48.091489
30647,-21.085745,-48.056596
30649,-20.87,-48.16
30650,-23.22,-47.47
30651,-23.220099,-47.451499
30652,-23.220343,-47.45103
30653,-23.07,-47.01
30654,-23.48857,-47.160842
30655,-23.440483,-47.174632
30656,-23.464658,-47.167524
30657,-23.372227,-47.200411
30658,-23.531408,-47.180418
30659,-23.548902,-47.213161
30660,-23.4,-47.64
30661,-23.413548,-47.636774
30662,-23.129333,-47.246186
30663,-23.129146,-47.246163
30664,-23.129198,-47.246189
30665,-23.09,-47.2
30666,-23.14,-47.24
30667,-23.21,-47.51
30668,-23.21,-47.3
30669,-23.21,-47.29
30670,-23.21,-47.28
30671,-23.21,-47.3
30672,-23.31,-47.3
30673,-23.31,-47.3
30674,-23.43,-47.39
30675,-23.41,-47.382
30676,-23.15,-47
30677,-23.15,-46.87
30678,-23.09,-46.95
30679,-23.09,-46.95
30680,-23.45,-47.7
30681,-23.15,-46.99
30682,-23.25,-47.35
30683,-23.03,-46.98
30684,-23.07,-47
30685,-23.43,-47.09
30686,-23.147601,-47.240954
30687,-23.145162,-47.240648
30688,-23.14,-47.24
30689,-23.653205,-47.512639
30690,-23.653195,-47.512628
30691,-23.65,-47.56
30692,-23.975243,-46.455613
30693,-23.975243,-46.455613
30694,-23.97,-46.47
30695,-23.27,-47.26
30696,-23.139016,-47.242382
30697,-23.138077,-47.242264
30698,-23.115716,-47.210001
30699,-23.115716,-47.210001
30700,-23.12,-47.21
30701,-23.482484,-47.426289
30702,-23.478372,-47.427209
30703,-23.515013,-47.442533
30704,-23.506744,-47.444419
30705,-23.512462,-47.471344
30706,-23.506279,-47.467907
30707,-23.51,-47.5
30708,-23.51,-47.5
30709,-23.47,-47.55
30710,-23.45,-47.41
30711,-23.45,-47.41
30712,-23.43,-47.41
30713,-23.453333,-47.433333
30714,-23.43,-47.42
30715,-23.456667,-47.456667
30716,-23.42875,-47.42875
30717,-23.46,-47.48
30718,-23.43625,-47.44625
30719,-23.463333,-47.503333
30720,-23.46,-47.46
30721,-23.466667,-47.526667
30722,-23.502093,-47.459302
30723,-23.512546,-47.471368
30724,-23.5,-47.45
30725,-23.512412,-47.47147
30726,-23.482511,-47.426279
30727,-23.55,-47.43
30728,-23.55,-47.44
30729,-23.5,-47.46
30730,-23.43,-47.39
30731,-23.4,-47.6
30732,-23.35,-47.62
30733,-23.35,-47.62
30734,-23.42,-47.42
30735,-23.42,-47.45
30736,-23.656389,-47.465257
30737,-23.303832,-47.226516
30738,-23.339442,-47.158326
30739,-23.987148,-46.492565
30740,-23.987148,-46.492565
30741,-23.129432,-47.246195
30742,-23.129057,-47.246148
30743,-23.06,-46.994043
30744,-23.057419,-46.980645
30745,-23.029677,-46.942581
30746,-23.03,-46.944255
30747,-23.187138,-47.248275
30748,-23.187138,-47.248275
30749,-23.186851,-47.248087
30750,-23.925794,-46.252746
30751,-23.465,-47.505
30754,-23.137146,-47.220002
30755,-23.137146,-47.220002
30759,-23.137148,-47.220003
30760,-23.224877,-47.278397
30761,-23.17164,-46.97265
30762,-23.171886,-46.973231
30763,-23.18,-46.98
30764,-23.18,-46.98
30765,-23.193126,-46.901124
30766,-23.195089,-46.90578
30767,-23.201371,-46.854077
30768,-23.204546,-46.861691
30769,-23.205217,-46.844339
30770,-23.206223,-46.853647
30771,-23.21,-46.84
30772,-23.21,-46.84
30773,-23.21,-46.84
30774,-23.204162,-46.859052
30775,-23.204363,-46.838596
30776,-23.202074,-46.864564
30777,-23.203422,-46.833134
30778,-23.2,-46.82
30779,-23.202553,-46.827363
30780,-23.204177,-46.819148
30781,-23.2,-46.83
30782,-23.21,-46.81
30783,-23.2,-46.87
30784,-23.212261,-46.825907
30785,-23.205667,-46.817119
30786,-23.22,-46.79
30787,-23.21,-46.78
30788,-23.194228,-47.256398
30789,-23.194228,-47.256398
30790,-23.194564,-47.256739
30791,-23.20217,-47.265265
30792,-23.20217,-47.265265
30793,-23.201792,-47.264933
30794,-23.209665,-47.273643
30795,-23.209665,-47.273643
30796,-23.217376,-47.276131
30797,-23.217376,-47.276131
30798,-23.217204,-47.275995
30799,-23.224877,-47.278397
30800,-23.153781,-46.972473
30801,-23.158286,-46.968
30802,-23.157582,-46.954848
30803,-23.158,-46.956001
30804,-23.166321,-46.930694
30805,-23.162571,-46.934667
30806,-23.17,-46.92
30807,-23.17,-46.92
30808,-23.18,-46.9
30809,-23.17,-46.92
30810,-23.19,-46.88
30811,-23.153778,-46.972493
30812,-23.153763,-46.972554
30813,-23.17,-46.96
30814,-23.18,-46.95
30815,-23.172286,-46.956
30816,-23.166857,-46.958
30817,-23.17,-46.95
30818,-23.16,-46.95
30819,-23.17,-46.93
30820,-23.158962,-46.942086
30821,-23.157714,-46.944
30822,-23.15,-46.94
30823,-23.152988,-46.940694
30824,-23.152571,-46.941334
30825,-23.547255,-47.374243
30826,-23.547105,-47.374068
30827,-23.585756,-47.26953
30828,-23.585355,-47.269061
30829,-23.54995,-47.214402
30830,-23.534148,-47.183672
30831,-23.53,-47.19
30832,-23.54,-47.17
30833,-23.52,-47.14
30834,-23.50059,-47.163637
30835,-23.66,-47.22
30836,-23.66,-47.22
30837,-23.606021,-47.443197
30838,-23.605974,-47.443144
30839,-23.590408,-47.433278
30840,-23.590389,-47.433257
30841,-23.656408,-47.465279
30842,-23.63,-47.5
30843,-23.59,-47.42
30844,-23.575206,-47.436639
30845,-23.575196,-47.436628
30846,-23.56,-47.44
30847,-23.575204,-47.436638
30848,-23.575194,-47.436627
30849,-23.467638,-47.124066
30850,-23.932981,-46.358364
30851,-23.93,-46.35
30852,-23.833145,-46.367138
30853,-23.83,-46.36
30854,-23.87,-46.43
30855,-23.15,-46.94
30856,-23.85,-46.4
30857,-23.84274,-46.390822
30858,-23.842014,-46.389965
30859,-23.84,-46.39
30860,-23.838493,-46.380548
30861,-23.839435,-46.381413
30862,-23.84,-46.38
30863,-23.834246,-46.370274
30864,-23.83629,-46.374276
30865,-23.83,-46.36
30866,-23.849541,-46.396148
30867,-23.849863,-46.400959
30868,-23.85,-46.39
30869,-23.862058,-46.417808
30870,-23.863164,-46.423366
30871,-23.86,-46.41
30872,-23.874506,-46.434588
30873,-23.872729,-46.433415
30874,-23.87272,-46.433426
30875,-23.875473,-46.436066
30876,-23.87521,-46.4341
30877,-23.88,-46.44
30878,-23.867734,-46.428036
30879,-23.871734,-46.428036
30880,-23.88,-46.43
30881,-23.904805,-46.452335
30882,-23.904805,-46.452335
30883,-23.88,-46.45
30884,-23.88,-46.45
30885,-23.955729,-46.46684
30886,-23.955729,-46.46684
30887,-24,-46.43
30888,-24,-46.43
30889,-24.005716,-46.490856
30890,-24.005716,-46.490856
30891,-24.01,-46.48
30892,-24.02,-46.5
30893,-23.39,-47.38
30894,-23.920968,-46.404482
30895,-23.920573,-46.404132
30896,-23.920574,-46.404134
30897,-23.942527,-46.390215
30898,-23.941775,-46.389471
30899,-23.96,-46.4
30900,-23.96,-46.4
30901,-23.946614,-46.36616
30902,-23.94475,-46.364278
30903,-23.952204,-46.362054
30904,-23.947375,-46.35714
30905,-23.95,-46.35
30906,-23.95,-46.35
30907,-23.96,-46.37
30908,-23.87,-46.42
30909,-23.88,-46.42
30911,-23.904794,-46.404694
30912,-23.91162,-46.398816
30913,-23.89,-46.42
30914,-23.924967,-46.375337
30915,-23.923838,-46.378877
30916,-23.924987,-46.375114
30917,-23.926911,-46.379447
30918,-23.93,-46.38
30919,-23.93,-46.38
30920,-23.92,-46.37
30921,-23.96,-46.33
30922,-23.97,-46.3
30923,-23.94,-46.32
30924,-23.97,-46.3
30925,-23.941707,-46.3354
30926,-23.945127,-46.346194
30927,-23.94,-46.34
30928,-23.235309,-47.252636
30929,-23.248884,-47.226652
30930,-23.222045,-47.291546
30931,-23.22721,-47.281631
30932,-23.220783,-47.322006
30933,-23.222747,-47.31824
30934,-23.230297,-47.374501
30935,-23.23103,-47.37309
30936,-23.163802,-47.240477
30937,-23.158574,-47.230001
30938,-23.158574,-47.230001
30939,-23.162582,-47.240324
30940,-23.856575,-46.413973
30941,-23.854311,-46.409223
30942,-23.86,-46.42
30943,-23.849726,-46.401918
30944,-23.848622,-46.398445
30945,-23.85,-46.4
30946,-23.16,-46.94
30947,-23.039032,-46.967742
30948,-23.04,-46.972766
30949,-23.37,-47.354
30950,-23.376667,-47.356667
30951,-23.38,-46.4
30952,-23.15,-46.99
30953,-23.18,-47.24
30954,-20.295025,-50.52961
30955,-23.61,-46.58
30956,-23.51,-46.52
30957,-23.066274,-48.199027
30958,-23.066274,-48.199027
30959,-22.92,-45.41
30960,-22.697834,-47.369583
30961,-20.634082,-50.378345
30962,-24.454347,-47.865598
30963,-23.49,-46.77
30968,-23.597929,-48.066563
30969,-23.597929,-48.066563
30974,-20.741867,-51.476419
30975,-20.741867,-51.476419
30976,-20.776132,-51.583293
30977,-20.778141,-51.585133
30978,-20.772796,-51.620634
30979,-20.778824,-51.626147
30980,-20.762243,-51.64855
30981,-20.778323,-51.663286
30982,-20.791642,-51.638513
30984,-22.54,-48.81
30998,-23.342738,-49.111234
30999,-23.342738,-49.111234
31000,-21.596138,-50.385188
31001,-20.067299,-50.152219
31002,-20.19718,-50.00103
31003,-21.901066,-51.287083
31004,-21.901066,-51.287083
31007,-21.73554,-50.447624
31008,-21.73554,-50.447624
31009,-20.490318,-51.111197
31010,-20.538004,-51.06891
31011,-22.363604,-47.42563
31012,-22.363768,-47.425557
31013,-22.31828,-47.409805
31014,-22.318708,-47.409613
31015,-22.241233,-47.403799
31016,-22.24236,-47.403297
31017,-22.381284,-47.388538
31018,-22.381304,-47.388529
31019,-22.131337,-47.423874
31020,-22.13906,-47.42043
31021,-22.0165,-47.452405
31022,-21.981004,-47.45972
31023,-21.918077,-47.483337
31024,-21.906244,-47.485775
31025,-23.030723,-46.727095
31026,-23.030723,-46.727095
31027,-23.061564,-46.771865
31028,-23.061564,-46.771865
31029,-23.065504,-46.736016
31030,-23.065504,-46.736016
31031,-23.086619,-46.85322
31032,-23.086619,-46.85322
31033,-23.112386,-46.934319
31034,-23.112386,-46.934319
31035,-23.904869,-46.199036
31036,-23.904869,-46.199036
31037,-23.847785,-46.172144
31038,-23.847785,-46.172144
31039,-23.941512,-46.255627
31040,-23.941512,-46.255627
31041,-23.956244,-46.257761
31042,-23.956244,-46.257761
31043,-23.969516,-46.26027
31044,-23.969516,-46.26027
31045,-23.98188,-46.261925
31046,-23.98188,-46.261925
31047,-23.985749,-46.265787
31048,-23.985749,-46.265787
31049,-23.975268,-46.265248
31050,-23.975268,-46.265248
31051,-23.773596,-45.570795
31052,-23.773596,-45.570795
31053,-23.772309,-45.630214
31054,-23.772309,-45.630214
31055,-23.75768,-45.789328
31056,-23.75768,-45.789328
31057,-23.759708,-45.88814
31058,-23.759708,-45.88814
31059,-23.781439,-46.005082
31060,-23.781439,-46.005082
31061,-21.613894,-47.490767
31062,-21.613894,-47.490767
31063,-22.696787,-47.369353
31064,-22.696787,-47.369353
31065,-22.662227,-47.318135
31066,-22.662227,-47.318135
31067,-22.627654,-47.266544
31068,-22.627654,-47.266544
31069,-22.628204,-47.2679
31070,-22.628204,-47.2679
31071,-22.559318,-47.159243
31072,-22.559318,-47.159243
31073,-22.565982,-47.17213
31074,-22.565982,-47.17213
31075,-22.484612,-47.038792
31076,-22.484612,-47.038792
31077,-22.63405,-47.391287
31078,-22.63405,-47.391287
31079,-22.582214,-47.383873
31080,-22.582214,-47.383873
31081,-22.571065,-47.386946
31082,-22.571065,-47.386946
31083,-22.541386,-47.373276
31084,-22.541386,-47.373276
31085,-22.26794,-51.68838
31086,-22.26794,-51.68838
31087,-23.177625,-47.80986
31088,-23.177625,-47.80986
31089,-22.056769,-47.897444
31090,-22.056769,-47.897444
31091,-22.029025,-47.859182
31092,-22.029025,-47.859182
31093,-21.990347,-47.790067
31094,-21.990347,-47.790067
31095,-21.911969,-47.641047
31096,-21.911969,-47.641047
31097,-22.15582,-47.851936
31098,-22.15582,-47.851936
31099,-22.240151,-47.741142
31100,-23.295737,-47.031603
31101,-23.284868,-47.072931
31102,-21.4717,-51.295559
31104,-22.334854,-47.581132
31105,-22.334854,-47.581132
31107,-22.875194,-50.142815
31110,-22.634648,-46.91003
31111,-22.634648,-46.91003
31112,-22.638856,-46.875317
31113,-22.638856,-46.875317
31114,-20.285549,-50.314909
31115,-22.515641,-46.936455
31116,-22.515641,-46.936455
31117,-22.575794,-46.907009
31118,-22.575794,-46.907009
31119,-22.762194,-46.778066
31120,-22.762194,-46.778066
31121,-22.861266,-46.743668
31122,-22.861266,-46.743668
31123,-22.786084,-48.458947
31124,-22.786084,-48.458947
31125,-22.415292,-48.339775
31126,-22.387239,-48.323618
31127,-22.347661,-48.122433
31128,-22.26351,-48.073953
31129,-22.383711,-47.723212
31130,-22.37139,-47.71612
31131,-22.39326,-47.663316
31132,-22.38845,-47.66055
31133,-22.405388,-47.605499
31134,-22.403284,-47.604291
31135,-21.823642,-48.89567
31136,-21.823642,-48.89567
31137,-21.994449,-48.851477
31138,-21.994449,-48.851477
31139,-22.847759,-50.27428
31140,-22.775849,-50.284901
31141,-22.823726,-50.380234
31142,-22.868342,-50.33889
31143,-22.885868,-50.08458
31144,-22.859176,-50.139801
31145,-22.861888,-50.20608
31146,-22.240151,-47.741142
31147,-21.902106,-51.810673
31148,-21.902106,-51.810673
31149,-23.925593,-46.252383
31150,-23.925593,-46.252383
31151,-21.541437,-46.974847
31152,-21.534409,-47.000155
31153,-21.493305,-46.987615
31154,-21.472221,-47.063538
31155,-20.285549,-50.314909
31156,-20.367134,-50.150813
31157,-20.367134,-50.150813
31158,-20.395832,-50.067506
31159,-20.395832,-50.067506
31160,-20.453815,-49.939943
31161,-20.468891,-49.939437
31162,-20.521114,-49.788137
31163,-20.566384,-49.786598
31167,-20.397522,-50.810831
31168,-20.441472,-50.793239
31171,-22.14162,-51.40884
31172,-22.14162,-51.40884
31173,-21.778753,-51.226478
31174,-21.778753,-51.226478
31175,-21.688771,-50.671819
31176,-21.688771,-50.671819
31180,-23.76333,-45.709848
31181,-23.76333,-45.709848
31198,-22.70296,-46.811561
31199,-22.70296,-46.811561
31202,-20.334588,-50.682506
31203,-20.319948,-50.688385
31204,-22.26518,-51.902447
31205,-22.26518,-51.902447
31500,-22.47,-50.49
31501,-22.455,-50.54
32300,-21.051238,-49.764548
32301,-21.051238,-49.764548
32303,-20.938041,-49.559044
32304,-20.938041,-49.559044
32307,-20.68623,-49.583225
32308,-20.6864,-49.633053
32353,-23.691535,-46.165703
32354,-23.691535,-46.165703
32355,-23.641414,-45.984804
32356,-23.641414,-45.984804
32357,-23.607138,-46.138268
32358,-23.607138,-46.138268
32360,-23.523858,-46.26264
32361,-23.523858,-46.26264
32362,-23.457657,-46.27529
32363,-23.457657,-46.27529
32364,-23.419127,-46.303233
32365,-23.419127,-46.303233
32366,-23.222474,-46.034681
32367,-23.222474,-46.034681
32368,-23.268073,-46.133797
32369,-23.268073,-46.133797
32370,-23.305006,-46.208431
32371,-23.305006,-46.208431
32372,-23.32,-46.257002
32373,-23.32,-46.257002
32374,-23.334986,-46.305722
32375,-23.334986,-46.305722
32376,-23.324948,-46.400239
32377,-23.324948,-46.400239
32378,-23.244036,-46.151899
32379,-23.244036,-46.151899
32380,-23.270182,-46.089493
32381,-23.270182,-46.089493
32384,-22.649626,-50.487402
32385,-22.649626,-50.487402
32386,-22.547126,-50.547903
32387,-22.547126,-50.547903
32388,-22.377793,-50.6492
32389,-22.395535,-50.708698
32390,-22.319078,-50.82709
32391,-22.349149,-50.826933
32392,-22.310547,-50.948475
32393,-22.321856,-50.948421
32394,-22.291017,-51.070018
32395,-22.294775,-51.069992
32396,-23.035,-49.8275
32397,-23.054286,-49.811429
32398,-22.975,-49.9025
32399,-22.974286,-49.911429
32401,-21.298637,-50.361551
32402,-21.298637,-50.361551
32403,-22.61749,-47.003173
32404,-22.61749,-47.003173
32405,-22.702866,-46.986699
32406,-22.702866,-46.986699
32407,-22.698893,-46.949855
32408,-22.698893,-46.949855
32411,-23.506026,-48.936714
32412,-23.506026,-48.936714
32413,-23.765342,-48.618905
32414,-23.765342,-48.618905
32415,-23.062586,-49.418133
32416,-23.048669,-49.353581
32417,-23.399708,-46.334411
32418,-23.399708,-46.334411
32419,-22.18753,-47.419222
32420,-22.19047,-47.417906
32421,-21.853421,-47.441072
32422,-21.850636,-47.443857
32423,-23.174683,-45.943563
32424,-23.176567,-45.939829
32500,-22.41341,-47.158645
32501,-22.41341,-47.158645
32502,-22.480137,-47.245861
32503,-22.480137,-47.245861
32504,-21.774829,-47.126333
32505,-21.778012,-47.12315
32506,-21.812355,-47.236882
32507,-21.820843,-47.228394
32508,-21.874312,-47.376058
32509,-21.882668,-47.367702
32510,-21.742141,-47.07212
32511,-21.743202,-47.071058
32512,-21.057347,-51.056792
32513,-21.109513,-50.987475
32514,-20.905569,-51.217902
32515,-20.925204,-51.191718
32516,-20.789434,-51.256732
32517,-20.795951,-51.248075
32518,-23.900965,-46.302602
32519,-23.900965,-46.302602
32520,-23.874126,-46.348497
32521,-23.874126,-46.348497
32522,-23.861381,-46.382828
32523,-23.861381,-46.382828
32524,-23.305367,-46.721507
32525,-23.303747,-46.729045
32526,-23.297024,-46.733879
32527,-23.323897,-46.748297
32528,-23.319559,-46.768474
32529,-23.32635,-46.782795
32530,-23.314979,-46.835643
32531,-23.323202,-46.799616
32532,-23.319406,-46.817272
32533,-21.589419,-49.110606
32534,-23.284286,-47.046426
32535,-23.297565,-46.731357
32536,-23.265364,-47.093868
32537,-23.26679,-47.069389
32538,-21.341866,-49.957525
32539,-21.35079,-49.954331
32540,-21.251617,-50.012736
32541,-21.278366,-50.003134
32542,-24.309599,-47.458172
32543,-24.309599,-47.458172
32544,-24.364625,-47.651254
32545,-24.364625,-47.651254
32546,-22.189002,-46.844754
32547,-22.189002,-46.844754
32548,-22.274396,-46.901928
32549,-22.274396,-46.901928
32550,-22.331211,-46.939783
32551,-22.331211,-46.939783
32552,-23.056593,-47.970607
32553,-23.056593,-47.970607
32554,-23.025528,-48.090195
32555,-23.025528,-48.090195
32556,-23.776501,-48.221355
32557,-23.776501,-48.221355
32558,-23.928094,-46.745367
32559,-23.928094,-46.745367
32560,-24.118577,-46.757216
32561,-24.118577,-46.757216
32562,-24.173519,-46.839124
32563,-24.173519,-46.839124
32564,-24.22196,-46.940152
32565,-24.22196,-46.940152
32566,-21.853335,-49.883505
32567,-21.863212,-50.000156
32568,-21.635291,-49.086778
32569,-23.65504,-45.435286
32570,-23.668737,-45.436928
32571,-20.43777,-51.299639
32572,-20.43777,-51.299639
32573,-20.645192,-51.593536
32574,-20.773447,-51.668919
32575,-20.72971,-51.674127
32576,-20.805134,-51.708162
32577,-23.205097,-46.605285
32578,-23.205097,-46.605285
32579,-23.15546,-46.580893
32580,-23.15546,-46.580893
32581,-23.105801,-46.556506
32582,-23.105801,-46.556506
32583,-23.111934,-46.528848
32584,-23.111934,-46.528848
32585,-23.022207,-46.605387
32586,-23.022207,-46.605387
32587,-22.023522,-46.856763
32588,-22.036932,-46.849915
32589,-21.937697,-46.854653
32590,-21.977927,-46.834108
32591,-21.809569,-46.897191
32592,-21.802619,-46.89311
32593,-21.277204,-50.383145
32594,-21.277204,-50.383145
32595,-21.252911,-50.448088
32596,-21.252911,-50.448088
32597,-21.241612,-50.510881
32598,-21.241612,-50.510881
32599,-23.538611,-47.996523
32600,-23.538611,-47.996523
32601,-23.427926,-47.913024
32602,-23.427926,-47.913024
32603,-23.351185,-47.846025
32604,-23.351185,-47.846025
32605,-23.305653,-47.80507
32606,-23.305653,-47.80507
32607,-23.265757,-47.809171
32608,-23.265757,-47.809171
32609,-23.224464,-47.856347
32610,-23.224464,-47.856347
32611,-23.122552,-47.78701
32612,-23.122552,-47.78701
32613,-22.991362,-46.658009
32614,-22.991362,-46.658009
32615,-23.022828,-46.607527
32616,-23.022828,-46.607527
32617,-21.335694,-49.241391
32618,-21.321224,-49.250461
32619,-23.240952,-45.747996
32620,-23.240952,-45.747996
32621,-23.72795,-45.433503
32622,-23.733087,-45.434119
32625,-23.290094,-45.70159
32626,-23.290094,-45.70159
32627,-23.202762,-45.722396
32628,-23.202762,-45.722396
32629,-22.51856,-47.036734
32630,-22.51856,-47.036734
32631,-24.065001,-49.076674
32632,-24.065001,-49.076674
32633,-21.234402,-49.455949
32634,-21.21216,-49.390732
32635,-21.253775,-49.647954
32636,-21.237457,-49.647013
32637,-22.397835,-51.4368
32638,-22.348836,-51.462681
32639,-22.512368,-47.408749
32640,-22.512368,-47.408749
32641,-22.522894,-47.451526
32642,-22.522894,-47.451526
32643,-22.498442,-47.465088
32644,-22.498442,-47.465088
32645,-22.466611,-47.50288
32646,-22.466611,-47.50288
32647,-22.447238,-47.515521
32648,-22.447238,-47.515521
32649,-22.557594,-47.480486
32650,-22.557594,-47.480486
32951,-20.2,-49.36
32952,-20.138166,-49.650146
32953,-23.34,-46.77
32954,-23.331337,-46.803187
32955,-22.447268,-47.515028
32956,-23.024998,-46.605032
32957,-22.545,-51.91
32958,-22.55,-51.82
32959,-21.222321,-51.521989
32960,-20.91,-51.54
32961,-20.076339,-49.940295
32962,-20.11,-49.76
32963,-23.07,-46.7
32964,-22.030227,-46.853343
32965,-21.71,-47.29
32966,-22.628676,-47.268465
32967,-21.912229,-47.484559
32968,-22.391056,-47.660647
32969,-23.13,-46.47
32970,-24,-46.27
32971,-23.321727,-46.806526
32972,-23.321727,-46.806526
32973,-23.79,-46.06
32974,-23.31,-46.75
32975,-21.37,-51.9
32976,-19.96,-50.43
32977,-19.98,-50.32
32978,-19.98,-49.72
32979,-20.03,-49.44
32980,-20.3,-49.77
32981,-20.69,-50.59
32982,-24.065,-49.076667
32983,-23.122549,-47.787002
32984,-23.056583,-47.970586
32985,-23.393965,-47.896512
32986,-24.23,-46.89
32987,-24.71,-47.92
32988,-24.71,-47.59
32989,-24.51,-48.88
32990,-24.32,-49.18
32991,-23.7,-49.52
32992,-24.28,-47.27
32993,-22.57707,-46.905853
32994,-20.7,-50.08
32995,-20.64,-50.4
32996,-20.42,-50.07
32997,-24.016118,-46.606257
32998,-20.806395,-51.704543
32999,-23.168418,-47.803242
33000,-22.36,-46.97
33001,-22.339096,-47.573685
33002,-23.99,-46.26
33003,-22.381291,-47.38852
33004,-22.628676,-47.268465
33005,-22.57111,-47.386996
33006,-22.340701,-47.57094
33007,-23.297332,-46.732485
33008,-23.526646,-48.337201
33009,-20.543668,-49.787354
33010,-23.32,-47.82
33011,-22.566783,-47.173774
33012,-22.518755,-47.036565
33014,-20.783286,-51.637043
33015,-21.85,-47.5
33016,-22.155725,-47.852067
33017,-22.407353,-47.571706
33018,-23.956523,-46.258277
33019,-22.514473,-46.937443
33020,-22.57,-47.46
33021,-23.941923,-46.255317
33022,-24.693252,-47.973013
33023,-22.571047,-47.386977
33024,-22.340701,-47.57094
33025,-24,-46.27
33026,-21.35,-51.36
33027,-23.266097,-47.081549
33028,-22.407353,-47.571706
33031,-21.34,-51.37
33032,-23.065921,-46.735826
33033,-23.244036,-46.151899
33034,-20.792703,-51.252377
33035,-20.42,-50.01
33037,-22.512539,-47.408895
33053,-24.57304,-47.918812
33054,-24.57304,-47.918812
33055,-24.692711,-47.972141
33056,-24.692711,-47.972141
33057,-24.810577,-48.024009
33058,-24.810577,-48.024009
33061,-23.505391,-45.204583
33062,-23.505391,-45.204583
33071,-20.72,-51.28
33072,-22.511915,-51.437257
33073,-21.842213,-47.32431
33074,-23.155467,-46.580706
33075,-20.443465,-50.053906
33076,-23.320005,-46.256944
33078,-20.77,-51.26
33079,-22.53,-51.49
33080,-21.84,-47.36
33081,-20.58,-49.94
33083,-22.17,-47.34
33084,-20.53,-51.23
33085,-20.73,-50.96
33086,-21,-51.8
33087,-20.137537,-50.619416
33088,-20.04,-50.67
33089,-21.422321,-51.676989
33090,-21.31,-51.85
33093,-20.669931,-50.949042
33094,-20.73,-50.95
33095,-20.443465,-50.053906
33096,-20.35,-50.18
33097,-21.864494,-47.302029
33098,-21.89,-47.31
33099,-20.58,-49.94
33100,-22.33,-51.88
33101,-22.12,-51.76
33102,-21.916849,-46.842404
33103,-21.97,-46.8
33104,-22.036678,-47.44338
33105,-21.99,-47.45
33106,-22.406348,-52.50555
33107,-22.35,-52.52
33108,-21.273888,-51.47561
33109,-21.1,-51.48
33110,-20.35,-50.18
33111,-21.1,-51.41
33112,-22.19,-47.43
33113,-23.4,-46.3
33114,-21.852098,-47.442469
33115,-23.538019,-48.192786
33116,-23.49,-48.12
33117,-19.987523,-50.449622
33118,-21.187076,-51.443029
33123,-21.49,-51.36
33130,-20.78,-51.74
33131,-20.772468,-51.695533
33132,-20.777827,-51.700435
33133,-20.774917,-51.63551
33137,-20.23,-50.34
33159,-23.15,-47.79
33165,-24.283965,-47.273166
33166,-24.283965,-47.273166
33200,-23.249817,-46.645315
33201,-23.249817,-46.645315
33335,-22.57,-47.18
33336,-20.395847,-50.067515
33337,-20.79,-51.6
33338,-20.27,-50.27
33339,-24,-48.88
33340,-21.534642,-51.503977
33341,-22.482545,-47.483806
33342,-22.482593,-47.484013
33343,-22.482593,-47.484013
33344,-23.290325,-47.05218
33349,-24.624782,-47.791866
33350,-24.624782,-47.791866
33352,-22.449357,-47.414793
33353,-22.449357,-47.414793
33354,-22.40575,-47.589037
33355,-23.393953,-47.896503
33356,-23.393953,-47.896503
33357,-22.405004,-47.591078
33358,-22.405807,-47.591537
33359,-22.406508,-47.579096
33360,-22.406809,-47.579269
33361,-22.406881,-47.574443
33362,-22.406981,-47.574501
33363,-22.450455,-47.413587
33364,-22.450455,-47.413587
33365,-22.450223,-47.414772
33366,-22.450223,-47.414772
33367,-22.525113,-47.21299
33368,-22.525113,-47.21299
33369,-23.76881,-45.455224
33370,-23.770522,-45.45543
33371,-23.563281,-48.224385
33372,-23.560799,-48.233989
33373,-23.526628,-48.337186
33374,-22.416202,-47.565001
33375,-20.831502,-51.678103
33376,-20.806395,-51.704543
33377,-23.249825,-46.64515
33378,-20.831116,-51.677865
33379,-20.831116,-51.677865
33380,-22.415674,-47.566065
33381,-22.416376,-47.566468
33382,-20.794302,-51.700606
33383,-20.820759,-51.70884
33384,-20.761276,-51.687313
33385,-20.840817,-51.712086
33386,-22.567591,-47.175333
33387,-22.567591,-47.175333
33388,-22.338038,-47.575583
33389,-22.338038,-47.575583
33390,-22.34125,-47.569908
33391,-22.34125,-47.569908
33397,-22.372551,-47.407066
33398,-20.49926,-51.406308
33399,-23.316556,-46.889937
33400,-22.341596,-47.908351
33401,-22.325425,-47.899579
33402,-22.357586,-47.918099
33403,-22.372537,-47.407035
33404,-22.372476,-47.407063
33405,-20.499459,-51.40661
33406,-20.499459,-51.40661
33407,-23.327627,-46.856371
33408,-23.305261,-46.924314
33409,-22.49,-47.46
33410,-22.271204,-51.904861
33411,-20.327296,-50.685521
33412,-24.016109,-46.606261
33413,-24.016109,-46.606261
33467,-23.63,-46.42
33468,-23.51,-46.85
34201,-23.38,-47.03
34202,-23.39,-46.99
34452,-23.45,-46.91
34700,-23.86,-46.46
34751,-20.76,-41.7
35000,-19.5,-40.92
35001,-20.08,-40.58
35002,-20.06,-40.64
35003,-20.21,-40.27
35004,-19.83,-40.07
35005,-19.819024,-40.099599
35006,-19.619421,-40.631704
35007,-19.708993,-40.599516
35008,-20.33,-40.37
35009,-20.33,-40.37
35010,-20.33,-40.37
35011,-19.84,-40.08
35012,-20.32,-40.3
35013,-20.51,-41.28
35014,-20.85,-41.09
35015,-20.85,-41.09
35016,-20.85,-41.09
35017,-19.97,-41.08
35018,-20.21,-40.27
35019,-20.21,-40.27
35020,-20.34,-40.41
35021,-20.584348,-41.294783
35022,-20.16,-40.24
35023,-20.34,-40.36
35024,-20.28,-40.39
35025,-19.727557,-40.506845
35026,-20.25,-40.23
35027,-19.48,-40.11
35028,-20.7,-41.09
35029,-19.93,-40.41
35030,-19.896667,-40.456667
35032,-20.661578,-40.602047
35033,-20.18,-40.2
35034,-20.8,-41.38
35035,-20.38,-40.32
35036,-20.955667,-40.881167
35037,-21.04,-40.84
35038,-20.78,-41.12
35039,-19.89,-40.87
35040,-18.874118,-40.283529
35041,-18.9,-40.09
35042,-19.649269,-40.375594
35043,-19.746121,-40.414172
35044,-19.76,-40.38
35045,-18.905,-40.025
35046,-19.95,-40.345
35047,-19,-39.87
35048,-20.21,-40.27
35049,-19.81,-40.846667
35050,-19.39,-40.07
35051,-20.716631,-40.694819
35052,-20.21,-40.27
35053,-18.792353,-40.480588
35054,-18.72,-40.41
35055,-20.63,-40.53
35056,-18.72,-40.41
35057,-20.34,-40.36
35058,-20.872333,-41.111167
35059,-18.41,-40.22
35060,-20.83,-40.73
35061,-20.230438,-40.291752
35062,-20.260146,-40.300584
35063,-20.29,-40.31
35064,-20.26,-40.3
35065,-20.84,-41.14
35066,-20.67,-40.52
35067,-20.03,-40.593333
35068,-18.71,-39.88
35069,-20.77,-40.58
35070,-20.46,-41.48
35071,-19.49,-40.14
35072,-20.04,-40.75
35073,-19.94,-40.59
35074,-20.164,-40.528
35075,-20.09,-40.55
35076,-20.27,-40.25
35077,-20.27,-40.25
35078,-20.27,-40.24
35079,-20.475991,-40.551557
35080,-20.74,-41.17
35081,-20.76,-41.53
35082,-20.84,-41.15
35083,-21.06,-41.36
35084,-20.913333,-41.536667
35085,-20.21,-40.27
35086,-20.21,-40.27
35087,-19.718463,-40.389923
35088,-19.718463,-40.389923
35089,-18.756176,-40.445294
35090,-20.92,-41.72
35091,-20.899,-41.0845
35092,-18.756176,-40.445294
35093,-20.36,-40.3
35094,-20.363198,-40.626311
35095,-20.33,-40.64
35096,-20.658316,-40.752409
35097,-20.6,-40.81
35098,-20.621739,-41.413913
35099,-20.62,-41.48
35100,-19.46,-39.76
35101,-20.21,-40.33
35102,-20.8,-40.62
35104,-20.185109,-40.280438
35105,-20.13,-40.3
35106,-18.72,-40.16
35107,-18.66,-40.79
35108,-20.869,-41.091167
35109,-21.13,-41.37
35110,-21.2,-41.38
35111,-20.7,-41.52
35112,-20.66087,-41.466957
35113,-19.34,-40.05
35114,-19.33,-40.07
35115,-19.5,-40.13
35116,-19.5,-40.92
35117,-19.84,-40.08
35122,-20.25,-40.323333
35123,-20.25,-40.323333
35124,-19.8375,-40.1225
35125,-19.787073,-40.158798
35126,-19.84,-40.07
35127,-20.246667,-40.253333
35128,-20.246667,-40.253333
35129,-20.26,-40.25
35130,-19.83,-40.26
35131,-19.86,-40.08
35132,-20.12,-40.93
35133,-20.2,-41.11
35134,-20.07,-41.12
35135,-19.82,-40.37
35136,-19.94,-40.7
35137,-18.93,-40.28
35138,-18.91,-39.96
35139,-20.18,-40.22
35140,-20.39,-40.39
35141,-19.978,-41.012
35142,-19.974,-41.046
35143,-19.84,-40.08
35144,-18.32,-39.96
35145,-20.396397,-40.612623
35146,-20.35,-40.66
35149,-18.384,-40.062
35152,-18.71,-39.88
35154,-20.173333,-40.226667
35155,-20.18,-40.24
35156,-20.92,-41.22
35157,-20.95,-41.11
35158,-20.903333,-41.16
35159,-20.63,-41.21
35160,-20.46,-41.2
35161,-20.41,-41.27
35162,-20.34,-41.12
35163,-20.77,-41.06
35164,-20.33,-40.31
35165,-20.21,-40.33
35166,-20.8,-40.62
35167,-19.5,-40.13
35168,-19.5,-40.13
35169,-18.422,-40.006
35170,-19.34,-40.03
35171,-19.77,-40.39
35188,-20.7,-41.08
35190,-20.77,-40.99
35351,-15.81,-47.71
35353,-15.93,-48.17
35354,-15.93,-48.17
35355,-15.808018,-47.950256
35356,-15.93,-48.17
35357,-15.93,-48.17
35358,-15.86,-48.07
35359,-15.86,-48.07
35360,-15.808016,-47.950258
35361,-16.79,-49.24
35362,-22.908395,-43.818016
35363,-20.43,-43.32
35364,-20.29,-47.07
35365,-20.29,-47.07
35366,-20.29,-47.07
35367,-20.29,-47.07
35368,-16.79,-49.23
35369,-16.79,-49.23
35370,-16.37,-48.756667
35371,-17.99,-48.54
35372,-17.99,-48.54
35374,-21.84,-41.16
35375,-13.83,-48.3
35376,-13.83,-48.3
35377,-21.84,-41.065
35378,-17.99,-48.54
35379,-17.99,-48.54
35380,-20.19,-40.29
35381,-20.19,-40.29
35382,-20.19,-40.29
35383,-20.19,-40.29
35384,-20.19,-40.29
35385,-20.19,-40.29
35440,-22.75,-43.54
35445,-22.75,-43.54
35501,-22.73,-42.79
35502,-22.73,-42.79
35503,-22.443606,-42.028918
35504,-22.443609,-42.028902
35505,-22.443606,-42.028918
35506,-22.443609,-42.028902
35507,-22.443606,-42.028918
35508,-22.443609,-42.028902
35556,-22.86,-43.08
35797,-20.19,-40.29
35798,-20.19,-40.29
36649,-25.47,-54.54
36650,-25.47,-54.54
36702,-21.72,-41.34
36719,-21.72,-41.34
36721,-21.665449,-41.387706
36722,-21.665509,-41.387647
36723,-21.665449,-41.387706
36724,-21.665509,-41.387647
37300,-18.41,-49.11
37301,-13.83,-48.3
37351,-22.77,-50.11
37352,-21.662316,-50.599454
37353,-21.49,-51.03
37390,-21.409644,-49.208894
37391,-21.452911,-49.181784
37392,-21.430099,-49.195694
37550,-21.87,-51.26
37560,-21.56,-50.96
37561,-21.581126,-50.940827
37730,-22.74,-50.6
37731,-22.73902,-50.533258
37732,-22.79,-50.55
37900,-21.1,-48.93
37901,-21.508556,-49.212444
37902,-21.51,-49.21
37903,-21.487222,-49.185833
37904,-21.49,-49.19
37906,-21.15,-49.61
37907,-22.020073,-51.347272
37908,-22.006845,-51.34274
37909,-22.006845,-51.34274
38000,-21.330115,-49.244866
38010,-22.993487,-46.65755
38040,-22.886,-43.732
38041,-22.886,-43.732
38042,-22.80585,-43.423251
38043,-22.78314,-43.434667
38051,-22.88,-43.25
38052,-22.969045,-43.222438
38053,-22.927037,-43.251111
38054,-22.795301,-43.418714
38055,-22.771325,-43.399678
38056,-22.925484,-43.24
38057,-22.978095,-43.411428
38058,-22.93,-43.25
38059,-22.960952,-43.392381
38060,-22.883223,-43.454236
38061,-22.91,-43.21
38062,-22.928889,-43.246667
38063,-22.92963,-43.228889
38064,-22.91,-43.3825
38065,-22.93,-43.23
38066,-22.91,-43.76
38067,-22.91,-43.75
38068,-22.926667,-43.226667
38069,-22.925161,-43.22
38070,-22.6,-43.866667
38071,-22.624615,-43.866154
38072,-22.516923,-43.839231
38073,-22.553846,-43.838461
38074,-22.881969,-43.643875
38075,-22.88261,-43.643348
38076,-23,-43.32
38077,-22.93,-43.85
38078,-21.875477,-42.514136
38079,-21.87494,-42.51425
38080,-21.874862,-42.51638
38081,-22.875906,-43.601624
38082,-22.919197,-43.834008
38084,-22.98,-43.4
38086,-22.87783,-43.600044
38087,-22.880881,-43.546783
38088,-22.874518,-43.498044
38089,-22.882674,-43.47735
38090,-22.881927,-43.477963
38091,-22.897741,-43.434745
38092,-22.897834,-43.434669
38093,-22.926667,-43.52
38094,-22.92748,-43.601484
38095,-22.916143,-43.708164
38096,-22.916143,-43.708164
38097,-22.775124,-43.324988
38098,-22.84238,-43.326144
38099,-22.816145,-43.328531
38100,-22.93,-43.228571
38101,-22.93,-43.228571
38102,-22.99,-43.25
38103,-22.820918,-43.332671
38105,-22.82057,-43.309005
38106,-22.974492,-43.266819
38107,-22.796054,-43.329449
38108,-22.805373,-43.314963
38109,-22.852397,-43.334849
38110,-22.87,-43.27
38111,-22.8,-43.35
38112,-22.6975,-43.76
38113,-22.875751,-43.550997
38114,-22.878786,-43.551713
38115,-22.837196,-43.334547
38116,-22.816458,-43.322188
38117,-22.825714,-43.295714
38118,-22.85258,-43.335257
38119,-22.837743,-43.335772
38120,-22.815015,-43.33224
38121,-22.815194,-43.320415
38122,-22.817656,-43.312929
38123,-22.781905,-43.311905
38124,-22.782171,-43.315533
38125,-22.782171,-43.315533
38126,-22.868095,-43.264762
38127,-22.865238,-43.265238
38128,-22.794762,-43.318095
38129,-22.834286,-43.294286
38130,-22.873478,-43.295571
38131,-22.874973,-43.294076
38132,-22.883261,-43.32087
38133,-22.882609,-43.321522
38134,-22.883478,-43.281821
38135,-22.883723,-43.281576
38136,-22.887826,-43.26394
38137,-22.887908,-43.263859
38138,-22.835275,-43.389983
38139,-22.806359,-43.429036
38140,-22.787781,-43.450809
38141,-22.855632,-43.36009
38142,-22.839423,-43.374398
38143,-22.812637,-43.403104
38144,-22.778489,-43.444914
38145,-22.76283,-43.481638
38146,-22.86158,-43.355515
38147,-22.837269,-43.380672
38148,-22.810226,-43.416502
38149,-22.773409,-43.478834
38150,-22.845702,-43.370072
38151,-22.809634,-43.404344
38152,-22.771729,-43.45208
38153,-22.760576,-43.490693
38154,-22.781135,-43.482139
38155,-22.787045,-43.47738
38156,-22.837591,-43.378196
38157,-22.776988,-43.478268
38158,-22.736667,-43.572857
38159,-22.72,-43.618571
38160,-22.703333,-43.732857
38161,-22.785663,-43.476089
38162,-22.837944,-43.38497
38163,-22.7832,-43.422958
38164,-22.72,-43.65
38165,-22.7683,-43.40074
38166,-22.71875,-43.659997
38167,-22.71875,-43.660001
38168,-22.707892,-43.730132
38169,-22.978095,-43.411428
38170,-22.995238,-43.438572
38171,-22.995238,-43.438572
38172,-22.997619,-43.434286
38173,-22.997619,-43.434286
38174,-22.952381,-43.400952
38175,-22.952381,-43.400952
38176,-22.960952,-43.392381
38177,-22.960476,-43.396191
38178,-22.960476,-43.396191
38179,-22.91,-43.395
38180,-22.91,-43.395
38181,-22.9,-43.3825
38182,-22.9,-43.3825
38183,-22.958014,-43.333062
38184,-22.958014,-43.333062
38185,-22.983205,-43.329225
38186,-22.983205,-43.329225
38187,-22.974492,-43.266819
38188,-22.991603,-43.324612
38189,-22.991603,-43.324612
38190,-22.7287,-43.330885
38191,-22.72962,-43.331766
38192,-22.69607,-43.312639
38193,-22.698859,-43.315298
38194,-22.639603,-43.287082
38195,-22.646956,-43.294129
38196,-22.458549,-43.168689
38197,-22.509075,-43.217137
38198,-22.541838,-43.240695
38199,-22.560904,-43.258925
38200,-22.58,-44
38201,-22.89,-43.73
38203,-22.81,-43.35
38204,-22.821711,-43.333634
38205,-21.915268,-42.687784
38206,-21.939348,-42.677736
38207,-22.063482,-42.864807
38208,-21.991041,-42.89484
38209,-22.533258,-44.184157
38210,-22.533258,-44.184157
38211,-22.539775,-44.162472
38212,-22.539775,-44.162472
38213,-22.536067,-44.143258
38214,-22.536067,-44.143258
38215,-22.518427,-44.117303
38216,-22.518427,-44.117303
38217,-22.509213,-44.118652
38218,-22.51443,-44.282278
38219,-22.498481,-44.416076
38220,-22.583634,-43.279642
38221,-22.577316,-43.273586
38222,-22.882,-43.724
38223,-22.882,-43.724
38224,-22.870995,-43.309901
38225,-22.8325,-43.575
38226,-22.8325,-43.575
38227,-22.52,-44.12
38228,-22.509213,-44.118652
38229,-22.51,-44.226667
38231,-22.711838,-43.735197
38232,-22.711838,-43.735197
38233,-22.712087,-43.724051
38234,-22.849393,-43.575857
38235,-22.890294,-43.542261
38236,-22.811489,-43.344166
38237,-22.593333,-43.983333
38238,-22.89087,-43.387174
38239,-22.808929,-43.343633
38240,-22.593333,-43.983333
38241,-22.891087,-43.386957
38242,-22.802749,-43.348863
38243,-22.801773,-43.34866
38244,-22.895714,-43.748571
38245,-22.895714,-43.748571
38246,-22.891905,-43.752857
38247,-22.891905,-43.752857
38248,-22.905238,-43.752857
38249,-22.905238,-43.752857
38250,-22.89,-43.75
38251,-22.883503,-43.454006
38254,-22.91,-43.3825
38255,-22.91,-43.3825
38256,-22.772018,-43.329816
38260,-22.79,-43.35
38261,-22.79639,-43.352347
38262,-22.796762,-43.352424
38263,-22.99,-43.25
38264,-22.8,-43.36
38265,-22.797536,-43.358409
38266,-22.797396,-43.35838
38267,-22.62,-43.29
38268,-22.572595,-43.248524
38269,-22.592011,-43.267087
38270,-22.917407,-43.242222
38271,-22.917097,-43.24
38272,-22.922222,-43.246667
38273,-22.92129,-43.24
38274,-22.949047,-43.415715
38275,-22.949047,-43.415715
38276,-22.949047,-43.415714
38277,-22.260665,-43.016558
38278,-22.260989,-43.016721
38279,-22.93619,-43.410476
38280,-22.93619,-43.410476
38281,-22.93619,-43.410476
38282,-22.73669,-43.602465
38283,-22.73669,-43.602465
38284,-22.736691,-43.602463
38285,-22.890373,-43.301213
38286,-22.890373,-43.301213
38287,-22.910124,-43.283738
38288,-22.910124,-43.283738
38450,-22.68,-43.87
38451,-22.69,-43.86
38800,-22.75,-43.54
38832,-17.07,-47.11
38851,-19.04,-57.62
38852,-20.89,-54.93
38853,-18.91,-52.39
38854,-17.79,-52.09
38855,-19.65,-51.4
38856,-20.32,-51.42
38857,-21.54,-53.82
38858,-22.42,-53.57
38859,-20.57,-55.84
38860,-20.55,-54.75
38861,-18.49,-50.58
38862,-17.3,-49.91
38863,-16.47,-52.64
38864,-16.47,-52.64
38865,-17.095,-51.75
38866,-17.095,-51.75
38867,-17.095,-51.75
38868,-17.72,-50.86
38869,-22.77,-47
38870,-22.77,-47
38871,-18.53,-51.15
38872,-14.16,-54.43
38873,-13.52,-52.29
38874,-20.87,-48.16
38875,-18.723333,-39.883333
38876,-20.32,-51.42
38877,-16.43,-49.43
38878,-21.84,-41.16
38879,-14.12,-46.63
38880,-23.29,-46.16
38881,-23.29,-46.16
38882,-21.84,-41.16
38883,-21.84,-41.16
38884,-17.916667,-49.75
38885,-22.448348,-48.52255
38886,-22.636116,-48.287515
38888,-19.4,-40.11
38900,-15.92,-43.33
38901,-15.92,-43.33
38902,-18.8,-49
38903,-18.8,-49
38904,-18.95,-48.09
38905,-18.95,-48.09
38906,-19.71,-47
38907,-19.71,-47
38908,-19.263333,-47.596667
38909,-18.8,-49
38910,-18.8,-49
38911,-15.29,-43.72
38912,-17.45,-45.12
38913,-17.45,-45.12
38921,-18.81,-41.97
38925,-20.9,-43.655
38927,-20.73,-42.87
38928,-17.72,-42.45
38929,-16.16,-43.57
38930,-21.66,-46.845
38931,-21.66,-46.845
38932,-19.39,-47.7
38940,-14.929283,-42.914279
38950,-22.335,-42.8775
38951,-21.83,-41.35
38952,-22.36,-41.87
38954,-21.84,-41.02
38969,-15.29,-43.72
38970,-15.29,-43.72
38971,-15.29,-43.72
38972,-15.29,-43.72
38974,-19.9,-41.45
38975,-17.01,-41.48
38976,-17.01,-41.48
38984,-18.81,-41.97
38985,-18.81,-41.97
38986,-18.81,-41.97
38987,-18.81,-41.97
38988,-18.81,-41.97
38989,-17.72,-50.86
38990,-17.72,-50.86
38991,-17.72,-50.86
38992,-17.72,-50.86
38993,-22.8,-43.36
38994,-22.795845,-43.362803
38995,-22.795799,-43.362793
38996,-17.72,-50.86
38997,-15.29,-43.72
38998,-15.29,-43.72
39001,-19.77,-40.39
39010,-16.878333,-43.621667
39040,-11.678633,-48.136028
39041,-11.675899,-48.608084
39050,-11.62,-46.79
39051,-11.62,-46.79
39060,-21.47,-42.7
39061,-21.47,-42.7
39062,-21.47,-42.7
39063,-21.47,-42.7
39064,-21.47,-42.7
39065,-21.47,-42.7
39111,-19.77,-40.39
39112,-18.75,-39.89
39113,-20.86,-40.88
39151,-15.58,-55.95
39212,-18.75,-39.89
39311,-19.77,-40.39
39313,-20.86,-40.88
39320,-20.86,-40.88
39321,-20.86,-40.88
39322,-20.86,-40.88
39323,-20.86,-40.88
39467,-19.39,-47.7
39468,-19.39,-47.7
39479,-17.07,-47.11
39511,-19.77,-40.39
39514,-20.86,-40.88
39551,-15.58,-55.95
39813,-15.75,-45.97
39816,-5.37,-44.36
39841,-19.27,-52.86
39842,-19.27,-52.86
39849,-20.44,-54.49
39850,-20.44,-54.49
39851,-17.935,-51.71
39852,-17.95,-51.725
39853,-18.57,-52.475
39854,-17.945,-51.07
39855,-22.01,-43.32
39856,-17.27,-50.86
39857,-18.5,-51.65
39858,-18.52,-51.55
39859,-14.6,-58.21
39860,-22.23,-44.67
39861,-19.26,-43.61
39862,-17.05,-53.145
39863,-16.26,-55.46
39864,-9.54,-54.73
39865,-20.85,-42.33
39870,-18.64875,-51.2125
39871,-18.5675,-51.435
39872,-18.53375,-51.5425
39901,-20.82,-45.06
39902,-16.19,-47.17
39904,-18.95,-49.38
40201,-21.92,-42.79
40202,-21.999123,-42.678666
40203,-21.13,-41.71
40320,-19.404,-52.63
40321,-19.47,-52.54
40322,-18.79875,-52.415
40323,-18.79,-52.38
40324,-18.81375,-52.315
40325,-18.82,-52.18
40330,-20.255,-53.03
40331,-20.06,-53.18
40332,-19.156,-53.107
40334,-19.04,-53
40335,-19.203,-52.9935
40336,-19.25,-52.88
40337,-19.338,-52.72
40338,-19.34,-52.67
40339,-18.54,-53.13
40341,-18.56,-53.13
40343,-19.405,-54.525
40344,-19.41,-54.49
40345,-20.68,-53.57
40346,-20.68,-53.57
40347,-18.8075,-52.45
40348,-19.98,-53.27
40349,-19.87,-53.37
40350,-19.53,-52.52
40351,-18.46,-39.95
40352,-18.422,-40.006
40353,-19.34,-40.03
40354,-20.13,-40.3
40355,-19.34,-40.01
40356,-20.13,-40.3
40357,-20.12,-40.29
40358,-20.13,-40.3
40360,-19.25,-44.98
40361,-19.84,-40.075
40362,-19.84,-40.07
40363,-19.84,-40.07
40364,-19.84,-40.07
40366,-17.26,-47.69
40367,-17.95,-49.85
40369,-19.92,-49.16
40375,-22.54,-48.81
40376,-22.54,-48.82
40388,-19.31,-50.72
40390,-18.75,-48.61
40400,-22.652,-49.47
40401,-22.47,-50.78
40402,-22.94,-47.6
40403,-22.560845,-50.603149
40404,-22.57,-50.64
40405,-19.92,-49.16
40410,-22.25,-50.65
40411,-19.97,-44.1
40412,-18.91,-48.34
40414,-19.06,-46.73
40415,-19.81,-50.78
40416,-19.71,-50.33
40417,-20.23,-43.97
40419,-20.09,-46.04
40440,-21.84,-41.04
40441,-21.84,-41.04
40444,-21.84,-41.01
40445,-21.84,-41.01
40448,-22.36,-41.87
40449,-19.53,-39.8
40450,-19.53,-39.8
40451,-19.5125,-39.83375
40467,-22.71,-43.25
40468,-22.71,-43.25
40469,-22.71,-43.25
40590,-17.69,-51.62
40604,-17.62,-54.76
40606,-21.655,-54.625
40607,-21.51,-54.7
40608,-22.1645,-53.9065
40609,-22.04,-53.84
40610,-22.718752,-54.956249
40613,-21.7,-55.51
40614,-21.78,-55.58
40615,-22.337979,-54.928019
40616,-22.337987,-54.928012
40617,-22.405996,-54.866004
40618,-22.61,-54.68
40619,-22.28,-55.04
40620,-22.29,-55.09
40621,-20.546818,-54.436824
40622,-20.546819,-54.436831
40629,-21.7,-54.56
40630,-22.337987,-54.928012
40632,-18.49,-49.64
40649,-15.6,-56.1
40651,-22.5,-44.52
40652,-22.5,-44.52
40654,-22.74,-47.11
40655,-22.87,-43.71
40656,-22.87,-43.71
40657,-22.52,-44.12
40658,-15.12,-48.93
40659,-15.12,-48.93
40660,-15.12,-48.93
40661,-22.74,-47.11
40662,-23.86,-46.42
40663,-14.16,-48.34
40664,-14.47,-48.49
40665,-14.94,-49.52
40666,-23.86,-46.42
40667,-23.15,-46.99
40668,-23.44,-47.08
40669,-19.48,-42.55
40670,-19.48,-42.55
40671,-20.33,-43.78
40672,-17.07,-47.11
40673,-23.77,-46.37
40674,-22.92,-45.41
40675,-23.45,-46.91
40676,-23.47,-46.84
40680,-16.73,-42.57
40689,-19.6,-43.33
40700,-20.58,-43.97
41131,-20.38,-43.55
41132,-20.38,-43.55
41133,-20.38,-43.55
41134,-20.38,-43.55
41135,-20.38,-43.55
41136,-20.38,-43.55
41137,-20.38,-43.55
41138,-20.38,-43.55
41139,-20.38,-43.55
41140,-20.38,-43.55
41148,-3.21,-56
41149,-3.21,-56
41150,-3.21,-56
41151,-3.21,-56
41152,-3.21,-56
41153,-3.71,-53.72
41155,-3.21,-56
41159,-3.21,-56
41160,-4.895,-51.7
41162,-4.895,-51.7
41171,-11.28,-55.39
41172,-11.135,-55.55
41173,-9.18,-57.02
41174,-9.35,-56.84
41175,-9.34,-56.77
41176,-14.16,-54.43
41201,-5.37,-44.36
41202,-16.58,-48.3
41203,-16.58,-48.3
41951,-8.87,-63.89
41952,-8.87,-63.89
41953,-12.85,-60.47
41954,-12.605,-60.365
41955,-9.45,-62.03
41956,-12.98,-60.68
41957,-12.49,-60.47
41958,-8.87,-63.89
41959,-8.87,-63.89
41960,-8.87,-63.89
41961,-14.05,-59.545
41962,-14.05,-59.545
41963,-14.05,-59.545
41964,-8.87,-63.89
41965,-8.91,-63.96
41966,-8.91,-63.96
41967,-8.91,-63.96
41968,-8.91,-63.96
41969,-8.8,-63.95
41970,-8.8,-63.95
41971,-8.8,-63.906667
41972,-10.86,-61.89
41973,-10.86,-61.89
41989,-8.91,-63.96
41990,-8.91,-63.96
41991,-8.91,-63.96
41992,-8.91,-63.96
41995,-9.93,-63.01
41996,-10.86,-61.89
42000,-12,-62.17
42151,-9.91,-67.82
42152,-10.04,-67.94
42153,-10.04,-67.94
42154,-10.07,-67.06
42155,-10.04,-67.94
42156,-10.93,-69.56
42157,-8.83,-69.26
42158,-8.18,-70.36
42159,-8.15,-70.78
42160,-7.62,-72.68
42161,-10.04,-67.94
42162,-8.19,-70.55
42163,-11.03,-68.72
42164,-9.99,-67.84
42165,-10.04,-67.395
42166,-8.19,-70.55
42167,-8.19,-70.55
42168,-8.19,-70.55
42169,-7.69,-72.64
42170,-7.69,-72.64
42171,-7.69,-72.64
42172,-7.69,-72.64
42541,-20.89,-54.93
42544,-18.91,-52.39
42545,-18.91,-52.39
42546,-18.69,-52.5
42547,-18.5925,-51.345
42548,-18.725,-52.76
42549,-19.269,-52.3965
42550,-19.089,-52.1915
42551,-19.258,-52.393
42552,-17.79,-52.09
42553,-16.93,-51.686774
42554,-17.51,-52.83871
42555,-17.19,-52.397419
42556,-17.79,-52.09
42557,-17.74,-51.855
42558,-16.34,-51.333548
42559,-19.65,-51.4
42562,-21.54,-53.82
42563,-21.730833,-53.995
42564,-21.535833,-54.175
42565,-21.601667,-53.97
42566,-22.42,-53.57
42567,-22.375,-53.695
42568,-22.365,-53.455
42569,-22.43,-53.575
42571,-18.49,-50.58
42572,-18.52,-50.505
42573,-18.46,-50.51
42574,-17.3,-49.91
42575,-17.32,-49.92
42576,-17.49,-50.005
42579,-18.91,-52.39
42580,-18.47,-52.61
42582,-18.54,-53.13
42583,-19.28,-52.4
42584,-18.92,-51.99
42585,-19.2,-52.35
42586,-17.52,-52.04
42587,-17.83,-53.28
42588,-17.72,-53.02
42589,-17.79,-52.09
42593,-21.86,-54.02
42594,-21.47,-54.38
42596,-22.33,-53.82
42597,-22.31,-53.34
42598,-22.44,-53.58
42600,-18.55,-50.43
42601,-18.43,-50.44
42602,-17.34,-49.93
42603,-17.68,-50.1
42606,-18.6,-51.19
42608,-17.33,-50.5
42610,-13.41,-46.37
42611,-13.4,-46.39
42612,-18.8,-52.91
42613,-18.855,-52.65
43267,-26.771111,-49.302222
43268,-26.771111,-49.302222
43351,-26.5,-48.73
43360,-26.31,-48.83
43361,-26.306,-48.826
43362,-26.308,-48.828
43363,-26.308,-48.828
43400,-27.29,-49.78
43860,-26.97,-51.43
43862,-27.292705,-51.56546
43863,-27.324348,-51.619135
43864,-27.351959,-51.669658
43865,-27.37145,-51.699719
43866,-27.391009,-51.72988
43867,-27.410484,-51.759909
43868,-27.296771,-51.568661
44017,-27.15,-52.05
44151,-28.28776,-49.133219
44152,-28.262619,-49.153971
44153,-28.262548,-49.154025
44154,-28.65,-49.1
44155,-28.47,-49.02
44641,-25.23,-49.32
44642,-25.23,-49.32
44643,-25.23,-49.32
44644,-25.23,-49.32
44651,-25.58,-49.37
44652,-25.58,-49.37
44653,-25.58,-49.37
44654,-25.1,-50.15
44655,-25.23,-49.32
44656,-25.23,-49.32
44657,-24.564239,-50.159127
44658,-25.108354,-53.941272
44659,-25.4393,-49.254052
44660,-24.139067,-53.595
44662,-25.48,-52.19
44665,-25.43,-52.09
44668,-23.44,-51.83
44669,-23.44,-51.83
44672,-25.31,-51.97
44675,-22.7,-52.05
44680,-25.63,-49.8
44681,-25.573751,-49.630002
44682,-25.57375,-49.63
44683,-25.573751,-49.630002
44684,-25.57375,-49.63
44686,-26.24,-52.43
44690,-25.5175,-49.46
44693,-24.1,-49.62
44695,-24.48,-50.38
44700,-23.53,-51.45
44701,-23.53,-51.45
44702,-23.53,-51.45
44703,-23.53,-51.45
44704,-25.97,-51.6
44705,-25.97,-51.6
44706,-25.97,-51.6
44707,-25.97,-51.6
44708,-25.41,-49.53
44709,-25.41,-49.53
44710,-25.41,-49.53
44711,-25.41,-49.53
44712,-25,-53.46
44713,-25,-53.46
44714,-25,-53.46
44715,-25,-53.46
44716,-25,-53.46
44717,-25,-53.46
44718,-25.67,-49.18
44719,-25.67,-49.18
44720,-25.67,-49.18
44721,-25.67,-49.18
44722,-25.43,-49.37
44723,-25.43,-49.37
44724,-25.43,-49.37
44725,-25.43,-49.37
44726,-25.53,-49.33
44727,-25.53,-49.33
44728,-25.53,-49.33
44729,-25.53,-49.33
44730,-24.07,-52.37
44731,-24.07,-52.37
44732,-24.07,-52.37
44733,-24.07,-52.37
44736,-25.53,-49.13
44737,-25.53,-49.13
44738,-25.52,-53.1
44739,-25.52,-53.1
44740,-25.52,-53.1
44741,-25.52,-53.1
44742,-25.49,-54.54
44743,-25.49,-54.54
44744,-25.49,-54.54
44745,-25.49,-54.54
44746,-23.85,-50.39
44747,-23.85,-50.39
44748,-23.85,-50.39
44749,-23.85,-50.39
44750,-25.25,-48.76
44751,-25.25,-48.76
44752,-25.25,-48.76
44753,-25.25,-48.76
44754,-24.1,-54.23
44755,-24.1,-54.23
44756,-24.1,-54.23
44757,-24.1,-54.23
44758,-23.29,-51.08
44759,-23.29,-51.08
44760,-23.29,-51.08
44761,-23.29,-51.08
44762,-23.29,-51.08
44763,-23.29,-51.08
44764,-24.23,-49.69
44765,-24.23,-49.69
44766,-24.23,-49.69
44767,-24.23,-49.69
44768,-24.23,-49.69
44769,-24.23,-49.69
44770,-23.28,-51.24
44771,-23.28,-51.24
44772,-23.28,-51.24
44773,-23.28,-51.24
44774,-23.28,-51.24
44775,-23.28,-51.24
44776,-23.45,-51.99
44777,-23.45,-51.99
44778,-23.45,-51.99
44779,-23.45,-51.99
44780,-23.45,-51.99
44781,-23.45,-51.99
44782,-26.21,-52.67
44783,-26.21,-52.67
44784,-26.21,-52.67
44785,-26.21,-52.67
44786,-25.55,-48.56
44787,-25.55,-48.56
44788,-25.55,-48.56
44789,-25.55,-48.56
44790,-25.37,-49.28
44791,-25.37,-49.28
44792,-25.37,-49.28
44793,-25.37,-49.28
44794,-23.44,-51.83
44795,-23.44,-51.83
44796,-25.36,-49.14
44797,-25.36,-49.14
44798,-25.36,-49.14
44799,-25.36,-49.14
44800,-25.48,-49.21
44801,-25.48,-49.21
44802,-25.48,-49.21
44803,-25.48,-49.21
44804,-25.59,-49.32
44805,-25.59,-49.32
44806,-25.59,-49.32
44807,-25.59,-49.32
44808,-23.79,-53.29
44809,-23.79,-53.29
44810,-23.79,-53.29
44811,-23.79,-53.29
44812,-25.18,-50.1
44813,-25.18,-50.1
44814,-25.18,-50.1
44815,-25.18,-50.1
44816,-25.04,-50.14
44817,-25.04,-50.14
44818,-25.04,-50.14
44819,-25.04,-50.14
44820,-25.18,-50.1
44821,-25.18,-50.1
44822,-25.054998,-50.1425
44823,-25.055001,-50.1425
44824,-25.85,-50.4
44825,-25.85,-50.4
44826,-25.85,-50.4
44827,-25.41,-49.53
44828,-25.41,-49.53
44829,-25.41,-49.53
44830,-25.41,-49.53
44831,-25.41,-49.53
44832,-25.41,-49.53
44833,-25.03,-53.53
44834,-25.03,-53.53
44835,-25.03,-53.53
44836,-25.03,-53.53
44837,-25.03,-53.53
44838,-25.03,-53.53
44839,-25.53,-49.13
44840,-25.53,-49.13
44841,-25.46,-49.31
44842,-25.46,-49.31
44843,-25.46,-49.31
44844,-25.46,-49.31
44845,-25.46,-49.31
44846,-25.46,-49.31
44847,-25.57,-49.08
44848,-25.57,-49.08
44849,-25.48,-49.21
44850,-23.79,-53.29
44851,-23.03,-52.45
44852,-23.03,-52.45
44853,-23.03,-52.45
44854,-23.03,-52.45
44855,-23.79,-53.29
44856,-23.44,-51.83
44857,-23.44,-51.83
44858,-23.44,-51.83
44859,-23.44,-51.83
44860,-23.622307,-51.989873
44861,-23.622296,-51.989828
44862,-23.39,-51.24
44863,-23.39,-51.24
44864,-23.622307,-51.989873
44865,-23.622296,-51.989828
44866,-23.79,-53.29
44868,-25.55,-48.56
44869,-25.55,-48.56
44870,-25.57,-49.08
44871,-25.57,-49.08
44872,-25.49,-54.54
44873,-25.49,-54.54
44874,-23.45,-51.99
44875,-23.45,-51.99
44880,-25.32629,-54.360966
44881,-25.55,-48.56
44882,-23.317891,-51.262103
44883,-25.105098,-51.403228
44884,-25.022543,-51.41662
44885,-25.47,-54.48
44886,-25.022543,-51.39162
44887,-24.94,-51.43
44888,-24.94,-51.38
44889,-25.47,-54.48
44892,-25.41,-49.53
44893,-25.41,-49.53
44900,-24.88,-53.45
44901,-24.88,-53.45
44902,-24.88,-53.45
44903,-24.88,-53.45
44904,-24.88,-53.45
44905,-24.88,-53.45
44906,-23.14,-47.77
44907,-23.14,-47.77
44908,-23.14,-47.77
44909,-23.14,-47.77
44910,-23.14,-47.77
44911,-23.14,-47.77
44912,-23.14,-47.77
44913,-23.14,-47.77
44914,-24.335,-53.37
44915,-24.88,-53.45
44916,-24.88,-53.45
44920,-25.78,-53.52
44921,-25.78,-53.52
44922,-25.78,-53.52
44923,-25.78,-53.52
44924,-25.78,-53.52
44925,-25.27,-54.1
44926,-25.216249,-54.140946
44927,-25.216532,-54.141151
44928,-24.1,-54.23
44929,-24.1,-54.23
44930,-24.68,-50.4
44931,-24.574496,-50.36446
44932,-25.216249,-54.140946
44933,-25.216532,-54.141151
44934,-25.78,-53.52
44935,-25.78,-53.52
45000,-25.09,-50.32
45001,-25.09,-50.32
45002,-25.09,-50.32
45003,-25.09,-50.32
45004,-25.09,-50.32
45005,-25.09,-50.32
45006,-25.43,-51.6
45007,-25.43,-51.6
45008,-25.43,-51.6
45009,-25.43,-51.6
45010,-25.43,-51.6
45011,-25.43,-51.6
45012,-25.37,-50.67
45013,-25.37,-50.67
45014,-25.37,-50.67
45015,-25.37,-50.67
45016,-26.022714,-51.164353
45017,-26.022705,-51.164324
45018,-26.022714,-51.164353
45019,-26.022705,-51.164324
45020,-24.670914,-50.109409
45021,-24.671357,-50.109572
45022,-24.670914,-50.109409
45023,-24.671357,-50.109572
45052,-26.561446,-51.763803
45053,-26.58,-51.69
45054,-26.68,-51.73
45055,-25.82,-52.08
45056,-25.99,-52.75
45057,-24.57,-51.56
45058,-24.28,-49.7
45059,-23.16,-53.88
45060,-23.75,-50.91
45061,-25.49,-52.22
45062,-24.54,-53.2
45064,-26.03,-51.19
45065,-22.93,-51.95
45066,-25.42,-48.92
45067,-23.829057,-53.186517
45068,-25.57,-48.62
45069,-24.73,-53.89
45070,-25.666364,-51.499036
45071,-26.61,-52.53
45072,-24.237143,-49.687143
45073,-24.696667,-51.666667
45074,-23.829384,-53.185316
45075,-26.372643,-52.246248
45076,-25,-48.62
45077,-25.56,-49.325
45078,-26.68,-51.78
45080,-23.346693,-51.94212
45081,-23.446758,-51.938132
45090,-23.57,-52.43
45091,-23.599271,-52.280787
45103,-25.504178,-49.205004
45104,-25.663746,-49.052017
45119,-24.56249,-50.158493
45120,-24.3,-51.35
45121,-25.48,-49.34
45171,-25.492062,-49.207458
45172,-25.492029,-49.207453
45173,-25.492062,-49.207458
45174,-25.492029,-49.207453
45191,-25.48998,-49.305398
45192,-25.490016,-49.305334
45193,-25.48998,-49.305398
45194,-25.490016,-49.305334
45220,-25.421433,-48.645712
45601,-25.464295,-48.617136
45602,-25.208531,-50.386365
45603,-24.40215,-52.85084
45604,-25.510204,-49.236302
45610,-25.105086,-51.40324
45611,-25.18,-50.1
45613,-25.18,-50.1
45614,-25.53,-49.33
45615,-23.781168,-52.595314
45616,-25.095951,-50.124014
45617,-25.782466,-53.144826
45618,-24.212611,-54.094015
45619,-25.11053,-50.243788
45620,-23.548721,-51.580011
45621,-25.963069,-51.196934
45623,-25.216104,-50.974009
45624,-25.18,-50.94
45625,-23.199944,-52.595634
45626,-25.59,-49.32
45627,-23.448381,-51.964099
45628,-24.88088,-50.146381
45629,-25.656014,-49.207839
45630,-25.366445,-49.884883
45631,-23.17036,-52.590003
45632,-25.073561,-50.189332
45633,-26.21,-52.67
45634,-25.140857,-50.287926
45635,-23.44919,-51.977039
45636,-25.15197,-50.108009
45637,-23.94881,-53.505285
45638,-22.897225,-51.998464
45639,-23.22,-50.783333
45640,-23.31072,-52.730005
45641,-25.65,-53.31
45642,-25.573262,-49.373953
45643,-24.490003,-51.876417
45644,-25.4792,-52.205212
45645,-25.507148,-48.588568
45646,-24.88,-53.45
45647,-25.500131,-49.270767
45648,-25.520483,-49.201769
45649,-25.510204,-49.236302
45650,-25.512278,-49.203373
45651,-25.55,-49.85
45652,-25.459523,-49.777774
46000,-27.77,-51.18
46001,-27.57,-51.375
46151,-29.47,-51.99
46152,-29.47,-51.99
46153,-29.41,-55.68
46154,-29.76,-52.43
46155,-29.79,-51.11
46156,-29.73,-52.478
46157,-29.73,-52.45
46158,-29.76,-51.14
46159,-29.39,-51.94
46160,-29.94,-57.08
46161,-29.885,-53.76
46162,-29.68,-53.84
46163,-29.577142,-51.207145
46164,-29.62,-51.14
46165,-29.588573,-51.178567
46166,-29.588573,-51.178567
46167,-29.588573,-51.178567
46168,-29.58857,-51.178575
46169,-29.58857,-51.178575
46170,-29.58857,-51.178575
46171,-29.550355,-51.263245
46172,-29.550355,-51.263245
46173,-29.55034,-51.263176
46174,-29.55034,-51.263176
46175,-29.550355,-51.263245
46176,-29.55034,-51.263176
46179,-29.626131,-51.392156
46180,-29.66,-51.45
46182,-28.61,-51.34
46185,-28.66,-52.7
46200,-29.75,-52.42
46201,-29.75,-52.42
46202,-29.75,-52.42
46203,-29.75,-52.42
46204,-29.75,-52.42
46205,-28.69,-55.93
46268,-29.545,-53.94
46553,-29.86,-51.26
46555,-29.7,-52.3
46556,-29.78,-52.42
46557,-30.33,-54.35
46559,-29.86,-51.19
46560,-29.85,-51.15
46562,-29.54,-51.5
46563,-29.58,-54.45
46564,-30.02,-56.43
46851,-26.82,-53.02
46852,-26.82,-53.02
46853,-26.2,-50.4
46854,-22.23,-54.7
46855,-26.2,-50.4
46856,-26.78,-49.08
46857,-26.78,-49.08
46858,-26.78,-49.08
46859,-26.78,-49.08
46860,-26.78,-49.08
46861,-26.78,-49.08
46862,-26.78,-49.08
46863,-26.78,-49.08
46864,-26.78,-49.08
46865,-26.78,-49.08
46866,-26.78,-49.08
46867,-26.78,-49.08
46868,-26.78,-49.08
46869,-26.78,-49.08
46870,-27.54,-51.42
46871,-27.54,-51.42
46872,-27.54,-51.42
46873,-27.54,-51.42
46874,-27.54,-51.42
46875,-27.54,-51.42
46876,-27.54,-51.42
46877,-27.54,-51.42
46878,-27.54,-51.42
46879,-27.54,-51.42
46880,-26.2,-50.4
46881,-26.2,-50.4
46882,-26.2,-50.4
46883,-26.2,-50.4
46884,-26.2,-50.4
46885,-26.2,-50.4
46886,-29.28,-51.2
46887,-29.28,-51.2
46888,-29.28,-51.2
46889,-29.28,-51.2
46890,-29.28,-51.2
46891,-29.28,-51.2
46892,-25.59,-49.32
46893,-25.59,-49.32
46894,-25.59,-49.32
46895,-25.59,-49.32
46896,-25.59,-49.32
46897,-25.59,-49.32
46898,-22.27,-54.99
46899,-22.27,-54.99
46900,-22.27,-54.99
46901,-22.27,-54.99
46902,-22.27,-54.99
46903,-22.27,-54.99
46904,-29.22,-51.32
46905,-29.22,-51.32
46906,-27.582858,-48.669996
46907,-27.582857,-48.670001
46908,-27.582858,-48.669996
46909,-27.582857,-48.670001
46910,-27.582858,-48.669996
46911,-27.582857,-48.670001
46912,-29.88,-51.065
46913,-29.88,-51.065
46914,-29.88,-51.065
46915,-29.88,-51.065
46916,-29.88,-51.065
46917,-29.88,-51.065
46918,-29.88,-51.065
46919,-29.88,-51.065
46920,-26.97,-48.78
46921,-26.97,-48.78
46922,-26.97,-48.78
46923,-26.97,-48.78
46924,-26.97,-48.78
46925,-26.97,-48.78
46926,-26.97,-48.78
46927,-26.97,-48.78
46928,-27.54,-51.42
46929,-27.54,-51.42
46930,-27.49,-48.73
46931,-27.49,-48.73
46932,-27.49,-48.73
46933,-27.49,-48.73
46934,-22.27,-54.99
46935,-22.27,-54.99
46936,-28.67,-52.86
46937,-28.67,-52.86
46938,-27.49,-48.73
46939,-27.49,-48.73
46940,-27.49,-48.73
46941,-27.49,-48.73
46942,-26.87,-49.02
46943,-29.82,-51.34
46944,-29.82,-51.34
46945,-28.28,-54.33
46946,-28.28,-54.33
46947,-29.1,-51.27
46948,-29.1,-51.27
46949,-28.078182,-51.939091
46950,-20.57,-55.84
46951,-23.68,-54.5
46952,-27.382857,-48.805714
46953,-27.531429,-48.782857
46954,-23.353774,-54.605617
46955,-23.353725,-54.605635
46956,-23.353774,-54.605617
46957,-23.353725,-54.605635
46970,-20.455954,-54.62
46977,-27.14,-53.05
46978,-27.14,-53.05
46991,-27.155006,-52.421249
46992,-27.155006,-52.421249
46993,-27.154975,-52.421252
46994,-27.154975,-52.421252
47001,-26.29,-48.89
47002,-26.29,-48.89
47003,-26.29,-48.89
47004,-26.29,-48.89
47005,-26.29,-48.89
47006,-26.29,-48.89
47007,-26.29,-48.89
47008,-26.29,-48.89
47009,-26.29,-48.89
47010,-26.29,-48.89
47011,-26.29,-48.89
47012,-26.29,-48.89
47013,-26.29,-48.89
47014,-26.29,-48.89
47015,-28.45,-48.97
47016,-28.45,-48.97
47017,-28.45,-48.97
47018,-28.45,-48.97
47019,-28.45,-48.97
47020,-28.45,-48.97
47021,-28.45,-48.97
47022,-28.45,-48.97
47023,-28.45,-48.97
47024,-28.45,-48.97
47025,-23.46,-51.14
47026,-23.46,-51.14
47027,-23.46,-51.14
47028,-23.46,-51.14
47029,-23.46,-51.14
47030,-23.46,-51.14
47031,-27.64,-48.69
47032,-27.64,-48.69
47033,-27.64,-48.69
47034,-27.64,-48.69
47035,-27.64,-48.69
47036,-27.64,-48.69
47037,-27.64,-48.69
47038,-27.64,-48.69
47039,-27.48,-52.72
47040,-27.48,-52.72
47041,-27.48,-52.72
47042,-27.48,-52.72
47043,-25.54,-53.01
47044,-25.54,-53.01
47045,-28.28,-54.33
47046,-28.28,-54.33
47047,-28.28,-54.33
47048,-28.28,-54.33
47049,-28.6,-49.41
47050,-28.6,-49.41
47051,-28.6,-49.41
47052,-28.6,-49.41
47053,-28.6,-49.41
47054,-28.6,-49.41
47055,-28.6,-49.41
47056,-28.6,-49.41
47057,-28.67,-52.86
47058,-28.67,-52.86
47059,-28.67,-52.86
47060,-28.67,-52.86
47061,-26.86,-52.39
47062,-26.86,-52.39
47063,-26.86,-52.39
47064,-26.86,-52.39
47065,-26.86,-52.39
47066,-26.86,-52.39
47067,-26.86,-52.39
47068,-26.86,-52.39
47069,-26.29,-48.89
47070,-26.29,-48.89
47071,-29.95,-51.62
47072,-29.95,-51.62
47073,-29.95,-51.62
47074,-29.95,-51.62
47075,-20.57,-55.84
47076,-20.57,-55.84
47077,-20.57,-55.84
47078,-20.57,-55.84
47079,-29.674062,-55.281147
47080,-29.674138,-55.281547
47081,-29.674062,-55.281147
47082,-29.674138,-55.281547
47083,-25.97,-51.6
47084,-25.97,-51.6
47085,-26.25,-48.9
47086,-26.25,-48.9
47087,-29.78,-50.05
47088,-29.78,-50.05
47089,-29.78,-50.05
47090,-29.78,-50.05
47091,-29.78,-50.05
47092,-29.78,-50.05
47093,-27.49,-48.73
47094,-27.49,-48.73
47095,-27.49,-48.73
47096,-27.49,-48.73
47097,-27.49,-48.73
47098,-27.49,-48.73
47099,-27.67,-48.51
47100,-27.67,-48.51
47101,-29.89,-50.96
47102,-29.89,-50.96
47103,-26.25,-48.9
47104,-26.25,-48.9
47105,-26.25,-48.9
47106,-26.25,-48.9
47107,-26.25,-48.9
47108,-26.25,-48.9
47109,-29.82,-51.34
47110,-29.82,-51.34
47111,-29.82,-51.34
47112,-29.82,-51.34
47113,-29.82,-51.34
47114,-29.82,-51.34
47115,-28.45,-48.97
47116,-28.45,-48.97
47117,-27.14,-53.05
47118,-27.14,-53.05
47120,-31.93,-52.34
47121,-31.93,-52.34
47123,-27.14,-53.05
47124,-27.14,-53.05
47125,-27.14,-53.05
47126,-27.14,-53.05
47127,-26.39,-48.95
47128,-26.39,-48.95
47129,-26.39,-48.95
47130,-26.39,-48.95
47131,-26.39,-48.95
47132,-26.39,-48.95
47133,-26.44,-49.17
47134,-26.44,-49.17
47135,-26.44,-49.17
47136,-26.44,-49.17
47137,-26.44,-49.17
47138,-26.44,-49.17
47141,-26.0875,-48.9775
47142,-26.0875,-48.9775
47143,-26.0875,-48.9775
47144,-26.0875,-48.9775
47147,-26.96,-48.7
47148,-26.96,-48.7
47149,-26.96,-48.7
47150,-26.96,-48.7
47151,-26.96,-48.7
47152,-26.96,-48.7
47153,-26.86,-49.29
47154,-26.86,-49.29
47155,-26.86,-49.29
47156,-26.86,-49.29
47157,-26.86,-49.29
47158,-26.86,-49.29
47159,-26.87625,-48.9825
47160,-26.87625,-48.9825
47161,-26.87625,-48.9825
47162,-26.87625,-48.9825
47165,-26.96,-48.7
47166,-26.96,-48.7
47167,-26.96,-48.7
47168,-26.96,-48.7
47169,-26.96,-48.7
47170,-26.96,-48.7
47171,-26.39,-48.95
47172,-26.39,-48.95
47173,-26.39,-48.95
47174,-26.39,-48.95
47175,-26.39,-48.95
47176,-26.39,-48.95
47177,-26.86324,-48.841147
47178,-26.863233,-48.841124
47179,-26.86324,-48.841147
47180,-26.863233,-48.841124
47181,-22.23,-54.7
47182,-22.23,-54.7
47183,-22.23,-54.7
47184,-22.23,-54.7
47185,-22.23,-54.7
47186,-22.23,-54.7
47187,-21.512174,-55.288761
47188,-21.512242,-55.288669
47189,-21.512174,-55.288761
47190,-21.512242,-55.288669
47191,-20.468951,-54.62
47192,-20.468932,-54.62
47193,-20.468951,-54.62
47194,-20.468932,-54.62
47195,-29.89,-50.96
47196,-29.89,-50.96
47197,-29.89,-50.96
47198,-29.89,-50.96
47200,-26.857318,-48.796719
48001,-27.67,-48.51
48002,-27.67,-48.51
48352,-28.56,-52.56
48353,-27.585,-53.575
48354,-28.323134,-53.914627
48355,-29.12,-53.37
48356,-27.56,-53.58
48357,-28.31,-53.9
48370,-29.66,-50.79
48381,-29.51,-52.02
48382,-29.23,-51.383333
48383,-29.19625,-51.37875
48384,-29.20375,-51.495
48385,-29.93,-50.94
48386,-29.656667,-52.47
48387,-29.64,-50.49
48389,-29.38,-56.04
48390,-29.32,-51.5
48558,-29.41,-50.93
48561,-27.89,-54.47
48949,-29.1,-51.26
49051,-19.04,-57.62
49052,-21.6,-53.89
49053,-20.54,-53.83
49055,-23.05,-54.19
49056,-20.09,-51.11
49057,-20.45,-53.78
49059,-19.635,-56.985
49060,-20.55,-54.75
49061,-20.55,-54.75
49062,-20.55,-54.75
49063,-20.55,-54.75
49064,-20.55,-54.75
49065,-21.886667,-54.94
49066,-22.31,-53.85
49067,-20.81,-56.145
49068,-19.4,-51.32
49070,-19.41,-51.403333
49071,-22.664376,-54.883124
49072,-22.61,-54.81
49073,-21.78,-54.97
49074,-20.48,-53.68
49075,-22.33,-54.81
49080,-22.45,-53.3
49081,-22.50125,-53.095
49082,-20.915,-54.925
49083,-20.9,-54.9
49084,-23.88,-54.276667
50201,-31.57,-53.69
50202,-19.55,-52.51
50203,-25.97,-52.15
50204,-24.335,-53.37
50205,-24.335,-53.37
50206,-24.118752,-53.913964
50207,-24.1,-54.23
50208,-31.57,-53.69
50209,-31.57,-53.69
50210,-30.79,-55.75
50211,-30.79,-55.75
50212,-30.1,-50.44
50213,-30.05,-51.53
50214,-30.05,-51.53
50215,-30.1,-50.44
50216,-29.91,-50.32
50217,-24.75,-52.47
50220,-29.16,-56.06
50221,-24,-52.23
50222,-30.05,-51.53
50223,-28.37,-53.88
50224,-28.56,-51.41
50225,-28.56,-51.31
50229,-24.72,-50.13
50234,-26.46,-53.32
50236,-26.69,-52.9
50237,-30.79,-55.75
50238,-27.53,-49.1
50239,-30.79,-55.75
50241,-25.81,-52.9
50242,-27.040021,-52.432498
50243,-27.039915,-52.432508
50244,-27.57,-51.03
50245,-25.39,-51.39
50246,-28.42,-54.3
50247,-26.82,-53.02
50248,-26.82,-53.02
50249,-27.27,-51.55
50250,-27.281355,-51.557734
50251,-30.12,-51.13
50252,-30.12,-51.13
50255,-26.09,-51.88
50256,-26.81,-49.35
50263,-27.14,-53.05
50264,-29.36,-54.01
50265,-29.41,-54
50266,-29.42,-54.05
50267,-29.45,-54.09
50268,-28.59,-52.58
50269,-28.6,-51.4
50270,-28.564,-51.286
50273,-28.35,-54
50274,-28.336269,-53.929254
50280,-31.93,-52.34
50281,-31.57,-53.69
50282,-33.47,-53.3
50304,-27.5,-49.04
50305,-27.32,-49.05
50306,-27.04,-49.57
50307,-26.77,-49.43
50308,-27.26,-50.48
50309,-27.82,-50.33
50310,-26.3,-49.15
50312,-27.1,-51.28
50313,-27.06,-52.47
50315,-26.76,-53.67
50316,-26.77,-52.23
50317,-27.11,-52.48
50318,-26.71,-53.39
50320,-26.66,-53.66
50321,-26.79,-53.39
50322,-26.77,-52.32
50323,-27.01,-52.43
50324,-26.96,-52.34
50325,-28.08,-49.15
50326,-28.07,-49.09
50327,-27.01,-50.16
50328,-27.46,-50.52
50329,-27.72,-50.66
50330,-27.31,-51.52
50331,-26.7,-51.82
50332,-26.71,-52.89
50333,-27.36,-51.69
50334,-27.43,-51.79
50335,-26.68,-53.28
50338,-26.95,-52.3
50339,-27.12,-51.41
50340,-26.58,-53.43
50341,-27.46,-48.98
50342,-27.4,-49.03
50343,-27.52,-49.08
50350,-27.52,-53.14
50351,-27.48,-49.021818
50352,-27.465,-49.02
50353,-27.05,-49.54
50354,-26.798,-49.392
50355,-27.81,-50.345
50356,-27.11,-51.265
50357,-27.045284,-52.440511
50358,-27.095,-52.545
50359,-26.785714,-53.469999
50360,-26.868451,-52.348963
50361,-27.030568,-52.411023
50362,-26.99821,-52.351278
50363,-28.18,-49.15
50364,-27.683235,-50.670882
50365,-27.075,-50.075
50366,-27.385,-50.53
50440,-26.78,-49.4
50450,-27.12,-52.77
50451,-26.72,-53.34
50452,-27.5,-49.06
50453,-27.37,-49.24
50460,-26.826,-49.354
50500,-18.9,-52.44
50501,-18.895,-52.445
50502,-18.89,-52.45
50503,-18.9,-52.45
50504,-18.9,-52.46
50505,-19.65,-51.4
50506,-19.65,-51.4
50507,-19.65,-51.4
50508,-19.65,-51.4
50509,-19.65,-51.4
50510,-19.65,-51.4
50511,-19.65,-51.4
50512,-19.65,-51.4
50513,-19.65,-51.4
50637,-19.65,-51.4
50638,-19.65,-51.4
50639,-19.65,-51.4
50640,-19.65,-51.4
50641,-19.65,-51.4
50642,-19.65,-51.4
50643,-19.65,-51.4
50644,-19.65,-51.4
50645,-19.65,-51.4
50646,-19.65,-51.4
50647,-19.65,-51.4
50648,-21.54,-53.82
50649,-21.54,-53.82
50650,-21.54,-53.82
50651,-21.54,-53.82
50652,-21.54,-53.82
50653,-21.54,-53.82
50654,-21.54,-53.82
50655,-21.54,-53.82
50656,-21.54,-53.82
50657,-21.54,-53.82
50658,-21.54,-53.82
50659,-20.32,-51.42
50660,-20.32,-51.42
50661,-20.32,-51.42
50662,-21.54,-53.82
50663,-21.54,-53.82
50664,-21.54,-53.82
50665,-21.54,-53.82
50666,-21.54,-53.82
50667,-21.54,-53.82
50668,-21.54,-53.82
50669,-21.54,-53.82
50805,-19.27,-52.86
50806,-19.27,-52.86
50807,-19.27,-52.86
50808,-19.27,-52.86
50809,-19.27,-52.86
50810,-19.27,-52.86
50811,-19.27,-52.86
50812,-19.27,-52.86
50813,-19.27,-52.86
50814,-19.27,-52.86
50815,-19.27,-52.86
51001,-30.12,-51.16
51002,-29.96,-51.12
51003,-30.045,-51.185
51004,-30.04,-51.17
51005,-30.02,-51.17
51006,-29.75,-52.42
51007,-29.75,-52.42
51008,-29.75,-52.42
51016,-29.95,-51.085
51020,-29.44,-51.9
51021,-29.44,-51.9
51022,-29.44,-51.9
51023,-29.44,-51.9
51024,-29.44,-51.9
51025,-29.44,-51.9
51026,-29.44,-51.9
51027,-29.966,-51.615
51028,-29.966,-51.615
51029,-29.966,-51.615
51031,-30.83,-55.76
51032,-30.8,-55.76
51033,-30.78,-55.69
51034,-30.85,-55.75
51036,-29.966,-51.615
51052,-30.46,-50.39
51053,-30.45,-50.39
51054,-30.45,-50.42
51055,-30.44,-50.41
51073,-31.93,-52.34
51074,-31.93,-52.34
51075,-31.93,-52.34
51100,-29.88,-51.065
51101,-29.88,-51.065
51102,-29.88,-51.065
51103,-29.88,-51.065
51104,-30.06,-51.14
51105,-30.06,-51.14
51351,-30.02,-51.19
51353,-30.05,-51.2
51354,-30.05,-51.2
51355,-30,-51.07
51356,-30.05,-51.2
51357,-30.096667,-50.99
51358,-30.17,-50.87
51360,-30,-51.14
51362,-30.07,-51.24
51364,-30.11,-51.17
51366,-30.085,-51.155
51367,-30.12,-51.16
51369,-30.01,-51.16
51420,-30.13,-51.325
51421,-30.13,-51.32
51438,-30.02,-51.21
51439,-30.04,-51.06
51440,-30.03,-51.13
51444,-31.71,-52.36
51446,-33.27,-53.1
51455,-30.06,-51.14
51456,-30.316552,-50.464138
51457,-30.81,-51.81
51458,-30.469655,-50.432414
51459,-30.624828,-50.536207
51461,-30.81,-51.81
51462,-30.393103,-50.448276
51478,-29.97,-51.19
51501,-29.88,-50.66
51504,-29.992528,-50.272666
51505,-30.116265,-50.261335
51506,-30.24,-50.25
51508,-29.88,-50.26
51510,-29.920661,-50.253333
51511,-29.961329,-50.24667
51512,-29.970791,-50.213999
51513,-29.980265,-50.181335
51514,-29.98,-50.19
51515,-29.99,-50.14
51518,-29.869091,-50.21
51519,-29.858182,-50.16
51520,-29.847273,-50.11
51521,-29.87,-50.09
51523,-29.777998,-50.043994
51524,-29.776003,-50.03801
51525,-29.773997,-50.03199
51526,-29.772002,-50.026006
51527,-29.77,-50.02
51530,-29.723727,-50.028727
51531,-29.667454,-50.007454
51532,-29.68,-49.99
51534,-29.598636,-50.003637
51535,-29.548454,-49.943454
51536,-29.55,-49.89
51538,-29.78,-50.05
51539,-29.538363,-49.998363
51540,-29.58,-50.06
51542,-29.496727,-49.936728
51543,-29.403363,-49.868363
51544,-29.34,-49.73
51548,-30.055,-51.225
51549,-29.37,-49.82
51550,-29.94,-50.12
51551,-29.813636,-50.08
51555,-30.18,-50.22
51584,-30.03,-51.16
51585,-30.04,-51.21
51586,-30.02,-51.16
51588,-29.99,-51.17
51591,-30.07,-51.12
51593,-30.09,-51.07
51594,-30.24,-51.08
51595,-30.07,-51.19
51596,-29.98,-51.13
51597,-30.12,-51.22
51598,-30.11,-51.35
51599,-30.05,-51.22
51600,-29.18,-51.47
51601,-30.0556,-51.226
51602,-30.0552,-51.212
51603,-30.165715,-51.121429
51611,-30.05,-51.23
51612,-30.05,-51.23
51613,-30.05,-51.23
51614,-30.05,-51.23
51615,-30.05,-51.23
51650,-31.77,-52.35
51693,-29.31,-49.8
51698,-29.31,-49.8
51699,-30.1,-50.44
51702,-28.24,-52.47
51703,-28.81,-51.61
51704,-29.15,-51.15
51705,-30.12,-51.13
51706,-30.12,-51.13
51707,-30.12,-51.13
51708,-30.12,-51.13
51709,-30.12,-51.13
51710,-30.12,-51.13
51711,-24.243333,-50.74
51712,-24.24,-50.74
51713,-24.24,-50.74
51714,-29.87,-51.39
51715,-29.87,-51.39
51716,-29.87,-51.39
51717,-29.87,-51.39
51718,-29.87,-51.39
51719,-29.87,-51.39
51720,-29.87,-51.39
51721,-29.15,-51.15
51722,-25.58,-49.36
51723,-30.13,-51.38
51782,-29.95,-51.62
51785,-29.95,-51.62
52205,0.37,-60.5
52206,2.94,-60.72
52207,2.94,-60.72
52208,2.94,-60.72
52209,2.94,-60.72
52210,2.94,-60.72
52211,2.94,-60.72
52212,2.94,-60.72
52213,2.94,-60.72
52214,2.94,-60.72
52215,2.94,-60.72
52216,2.94,-60.72
52217,2.94,-60.72
52220,2.96,-60.67
52221,2.97,-60.68
52222,2.97,-60.68
52223,2.97,-60.68
52227,2.82,-60.68
52228,2.83,-60.71
52229,2.76,-60.72
52230,2.87,-60.76
52231,2.85,-60.73
52232,2.79,-60.72
52236,2.883636,-60.840909
52240,3.01,-61.16
52242,2.94,-60.72
52243,2.94,-60.72
52244,2.88,-60.5
52248,3.1,-59.95
52252,2.43,-60.92
52256,1.82,-61.12
52260,1.22,-60.38
52264,0.95,-59.91
52268,0.905,-59.6
52270,0.86,-59.29
52274,0.95,-60.42
52276,0.95,-60.42
52277,0.945,-60.415
52278,0.94,-60.41
52280,2.914545,-60.753636
52281,2.93,-60.71
52282,2.93,-60.71
52290,2.856,-60.532
52292,2.832,-60.564
52293,2.73,-60.68
52294,2.91,-60.48
52298,0.954,-59.926
52299,0.958,-59.942
52300,0.96,-59.95
52301,0.96,-59.95
52305,2.892,-60.704
52310,2.916,-60.712
52340,3.04,-60.764
52341,3.14,-60.808
52342,3.18,-60.83
52343,3.2,-60.83
52350,2.955,-60.71
52351,2.97,-60.7
52420,2.82,-60.61
55024,-9.692686,-48.568399
55025,-9.845372,-48.596797
55040,-8.88,-36.4
55041,-11.28,-42.67
55042,-13.98,-42.61
55043,-15.92,-43.33
55045,-5.41,-36.062857
55046,-13.44,-41.37
55047,-9.49,-40.52
55049,-9.14,-38.31
55050,-5.3,-35.87
55051,-5.3,-35.87
55052,-5.3,-35.87
55053,-13.31,-43.34
55054,-13.31,-43.34
55055,-13.31,-43.34
55056,-13.31,-43.34
55057,-13.31,-43.34
55060,-4.95,-38
55061,-4.95,-38
55062,-4.95,-38
55071,-13.31,-43.34
55072,-13.31,-43.34
55083,-10.87,-41.34
55084,-9.41,-38.2
55085,-8.59,-41.43
55086,-6.91,-36.98
55087,-3.77,-41.03
55088,-7.25,-35.98
55089,-10.24,-40.91
55090,-8.03,-40.64
55101,-5.58,-37.03
55102,-11.23,-41.57
55103,-11.256667,-41.65
55104,-13.31,-43.34
55105,-11.28,-42.67
55106,-4.93,-37.68
55107,-5.41,-36.062857
55108,-9.49,-40.52
55109,-9.14,-38.31
55110,-8.36,-42.23
55111,-10.87,-41.34
55112,-11.283333,-41.73
55113,-4.95,-38.93
55114,-17.72,-50.86
55115,-13.85,-46.18
55116,-6.91,-36.98
55117,-12.17,-44.81
55118,-3.77,-41.03
55123,-8.03,-39.32
55124,-8.02,-39.33
55129,-8.026286,-39.221797
55150,-2.83,-41.71
55151,-2.886487,-41.72595
55152,-2.82,-41.74
55153,-2.84,-41.71
55154,-2.84,-41.73
55155,-2.84,-41.7
55156,-2.843907,-41.725627
55157,-2.875627,-41.722509
55158,-4.103012,-41.469272
55220,-2.82,-41.78
55221,-2.889784,-41.75914
55412,-3.07744,-40.098857
55417,-3.03,-39.62
55431,-2.93,-40.11
55434,-3.365,-40
55435,-3.09,-41.55
55436,-3.1,-41.56
55437,-3.07875,-41.4
55438,-3.04625,-41.09
55463,-5.286518,-35.887579
55464,-5.285249,-35.887655
55465,-5.286365,-35.886194
55483,-6,-40.27
55518,-4.95,-38.93
55519,-4.95,-38.93
55520,-4.95,-38.93
55762,-3.43,-38.96
55763,-3.56,-38.915
55764,-3.44,-38.99
55765,-3.565,-38.93
55782,-3.51,-38.92
55803,-2.836596,-41.77638
55805,-2.8,-41.79
55806,-3.6,-38.895
56064,-4.745,-37.85
56069,-4.54,-37.7
56072,-4.56,-37.69
56074,-4.36,-37.88
56075,-4.59,-37.64
56076,-4.13,-38.15
56077,-4.19,-38.08
56078,-4.755,-37.845
56079,-4.655,-37.94
56080,-4.77,-37.82
56081,-3.98,-38.345
56082,-4.01,-38.31
56095,-5.27,-37.97
56096,-3.71,-38.47
56097,-3.5,-38.93
56098,-3.93,-38.4
56100,-4.93,-37.68
56101,-4.93,-37.68
56102,-5.72,-37.51
56259,-4.95,-36.96
56261,-4.85,-37.29
56262,-4.85,-37.29
56263,-4.85,-37.29
56264,-4.85,-37.29
56265,-4.85,-37.29
56287,-5.05,-37.155
56307,-4.85,-37.29
56392,-10.16,-41.19
56393,-10.25,-41.46
56394,-10.297277,-41.241817
56395,-10.434545,-41.293636
56396,-10.410909,-41.402727
56397,-10.571822,-41.345454
56409,-7.482,-42.946
56467,-5.09,-36.34
56468,-5.34,-36.625
56469,-5.08,-36.41
56470,-5.335,-36.66
56471,-5.55,-37.03
56472,-5.57,-36.97
56593,-5.303881,-35.913758
56624,-5.45,-35.96
56739,-5.45,-36.22
56764,-5.286016,-35.883293
56765,-5.286016,-35.883293
56766,-5.284678,-35.885045
56767,-5.286344,-35.886128
56768,-5.286016,-35.883293
56769,-5.286016,-35.883293
56770,-5.284678,-35.885045
56771,-5.286344,-35.886128
56787,-10.58,-44.43
56788,-10.58,-44.43
56789,-10.58,-44.43
56790,-10.58,-44.43
56797,-10.58,-44.43
56799,-10.58,-44.43
56809,-5.41,-36.062857
56823,-12.17,-44.81
56824,-12.17,-44.81
56825,-12.17,-44.81
56845,-9.39,-38.15
56846,-9.39,-38.15
56848,-9.39,-38.15
56850,-9.36,-38.18
56851,-9.36,-38.18
56852,-9.36,-38.18
56861,-5.816,-36.752
56867,-5.286365,-35.886194
56868,-5.285249,-35.887655
56869,-5.286518,-35.887579
56877,-5.19,-37.55
56878,-5.19,-37.55
56879,-5.19,-37.55
56883,-12.18,-44.8
56884,-12.18,-44.8
56885,-12.18,-44.8
56892,-12.31,-42.34
56893,-12.31,-42.34
57465,-5.31,-35.39
57466,-5.525,-35.345
57467,-5.42,-35.95
57473,-5.3,-35.38
57474,-5.52,-35.34
57482,-5.618,-35.562
57485,-5.496,-35.824
57700,-6.06,-36.53
57725,-6.8025,-36.409062
57757,-6.34,-36.32
57758,-6.29,-36.33
57759,-6.28,-36.31
57760,-6.25,-36.27
57761,-6.21,-36.25
57762,-6.17,-36.29
57763,-6.13,-36.24
57764,-6.11,-36.21
57765,-6.09,-36.17
57766,-6.05,-36.14
57767,-6.04,-36.13
57768,-6.2475,-36.267187
57851,-6.55,-34.97
57852,-6.55,-34.97
57853,-6.56,-34.97
57854,-6.58,-34.97
57855,-6.57,-34.97
57856,-6.56,-34.97
57857,-6.58,-34.97
57858,-6.58,-34.98
57859,-6.57,-34.98
57860,-6.56,-35.01
57861,-6.49,-34.97
57862,-6.56,-34.97
57863,-6.591304,-34.976957
57864,-6.875652,-34.993478
57865,-7.5,-35.5
57867,-7.49,-35.49
57868,-7.53,-35.363333
57869,-7.56,-35.226667
57870,-6.88,-36.76
57871,-6.88,-36.82
57872,-6.84,-36.79
57873,-6.942,-36.602
57874,-7.106,-36.256
57875,-6.926667,-37.2
57876,-6.973333,-37.58
57877,-6.713333,-34.983333
57878,-6.936667,-34.996667
58008,-8.84,-36.76
58015,-8.19,-36.75
58016,-8.18,-36.74
58017,-8.248,-36.796
58018,-8.374,-36.898
58050,-8.335714,-36.228571
58051,-8.341429,-36.237143
58052,-8.33,-36.24
58053,-8.35,-36.24
58054,-8.35,-36.24
58098,-8.02886,-39.015399
58099,-8.060295,-39.194403
58100,-8.27,-35.6
58101,-8.28,-35.6
58102,-8.29,-35.6
58103,-8.17,-35.39
58108,-8.08,-39.34
58109,-8.09,-39.35
58110,-8.08,-39.36
58111,-8.077574,-39.311101
58112,-8.060293,-39.194415
58117,-8.09,-39.34
58118,-8.088613,-39.319197
58119,-8.074454,-39.256798
58121,-10.16,-38.3
58139,-8.671563,-38.403125
58150,-10.81,-36.93
58151,-10.845,-37.04
58171,-8.29,-42.37
58172,-8.313333,-42.323333
58173,-8.336667,-42.276667
58174,-8.55,-42.29
58175,-8.5025,-42.275
58176,-8.455,-42.26
58208,-7.56,-40.72
58217,-7.48,-40.76
58227,-7.39,-40.68
58259,-6.92,-37.56
58260,-6.91,-37.56
58261,-6.936,-37.64
58262,-6.978,-37.8
58285,-7.9,-38.036667
58286,-7.95,-38.333333
58300,-7.88,-37.98
58301,-7.89,-37.94
58302,-7.9,-37.94
58326,-7.88,-37.99
58411,-7.37,-38.78
58417,-8.85,-38.23
58418,-8.85,-38.23
58419,-8.86,-38.23
58420,-8.86,-38.24
58435,-8.86,-38.23
58436,-8.86,-38.23
58437,-8.87,-38.23
58438,-8.87,-38.24
58439,-8.87,-38.24
58440,-8.87,-38.24
58441,-8.844687,-38.249375
58457,-8.09,-39.34
58458,-8.1,-39.34
58617,-9.52,-40.89
58618,-9.5,-40.88
58619,-9.513333,-40.848889
58620,-9.496667,-40.664444
58626,-9.5,-40.91
58633,-9.38,-41.81
58634,-9.43,-41.145
58666,-9.55,-40.9
58691,-9.66,-40.69
58758,-8.29,-42.35
58759,-8.29,-42.35
58760,-8.29,-42.35
58761,-8.29,-42.35
58762,-8.29,-42.35
58763,-8.42,-35.96
58764,-8.375,-36.09
58766,-8.29,-42.35
58767,-7.54,-35.29
58845,-7.484286,-38.983571
58920,-6.465413,-35.675664
59016,-12.02,-41.45
59017,-12.03,-41.46
59018,-11.91,-41.501429
59019,-11.61,-41.655714
59020,-11.98,-41.44
59100,-10.44,-40.19
59101,-10.44,-40.19
59102,-10.44,-40.19
59103,-10.44,-40.19
59104,-10.44,-40.19
59105,-10.44,-40.19
59153,-12.31,-42.34
59173,-10.99,-42.36
59174,-11.096667,-42.176667
59175,-11.203333,-41.993333
59188,-11.8,-42.624286
59190,-12.32,-42.61
59219,-12.32,-42.61
59220,-12.32,-42.61
59221,-12.32,-42.61
59421,-12.58,-44.11
59453,-14.15,-42.73
59455,-14.09,-42.675
59901,-7.02,-37.96
59902,-7.02,-37.96
59903,-7.02,-37.96
59904,-7.02,-37.96
59905,-6.93,-38.168
59906,-6.84,-38.376
59907,-6.79,-38.48
59908,-6.8,-38.48
60021,-15.29,-43.72
60022,-18.82,-46.67
60023,-18.82,-46.69
60024,-18.76875,-46.6875
60025,-18.66625,-46.7025
60026,-15.49,-44.39
60029,-15.92,-43.33
60032,-15.91,-43.39
60033,-15.91,-43.39
60034,-15.91,-43.39
60036,-17.34,-44.87
60038,-15.93,-48.17
60047,-20.227068,-50.085572
60049,-19.86,-50.35
60060,-15.92,-43.38
60061,-15.92,-43.38
60062,-15.92,-43.38
60063,-15.92,-43.38
60064,-15.92,-43.38
60065,-15.83,-43.45
60066,-15.83,-43.45
60067,-15.83,-43.45
60068,-15.83,-43.45
60091,-14.887861,-42.802867
60092,-14.846423,-42.691413
60093,-14.823217,-42.630721
60094,-14.828217,-42.640721
60095,-14.8,-42.57
60096,-14.81,-42.59
60141,-17.796577,-44.904589
60142,-17.79689,-44.904888
60143,-17.794633,-44.903524
60144,-17.794633,-44.903524
60157,-18.69,-44.09
60158,-18.69,-44.09
60159,-18.69,-44.09
60160,-18.69,-44.09
60161,-18.69,-44.09
60162,-18.69,-44.09
60163,-19.83875,-47.1775
60167,-18.5025,-46.9175
60168,-18.4475,-47.0125
60169,-18.42,-47.06
60170,-18.42,-47.06
60171,-16.49,-43.68
60172,-16.48,-43.68
60175,-17.68,-44.75
60176,-17.68,-44.75
60177,-17.69,-44.76
60178,-17.582941,-44.789412
60185,-17.658235,-44.762353
60207,-15.75,-45.97
60208,-15.75,-45.97
60209,-15.75,-45.97
60210,-15.75,-45.97
60211,-15.75,-45.97
60212,-15.75,-45.97
60213,-15.75,-45.97
60214,-15.75,-45.97
60215,-15.75,-45.97
60216,-15.75,-45.97
60217,-15.75,-45.97
60267,-15.92,-43.33
60268,-15.92,-43.33
60269,-15.92,-43.33
60270,-15.92,-43.33
60271,-15.92,-43.33
60272,-16.14,-43.4575
60273,-16.24,-43.52375
60274,-16.26,-43.51875
60275,-16.34,-43.59
60276,-16.38,-43.58
60288,-15.75,-45.97
60289,-15.75,-45.97
60290,-15.75,-45.97
60291,-15.75,-45.97
60292,-15.75,-45.97
60293,-15.75,-45.97
60294,-15.75,-45.97
60295,-15.75,-45.97
60296,-15.75,-45.97
60297,-15.75,-45.97
60298,-15.75,-45.97
60301,-17.46,-44.82
60302,-17.46,-44.84
60303,-17.46,-44.83
60304,-17.452941,-44.822941
60305,-17.458235,-44.828235
60341,-18.66,-44.1
60342,-18.66,-44.1
60343,-18.66,-44.1
60344,-18.66,-44.1
60345,-18.66,-44.1
60346,-18.66,-44.1
60347,-18.66,-44.1
60350,-18.095769,-45.15393
60351,-18.100511,-45.159702
60352,-18.005342,-45.069905
60360,-18.056007,-45.117994
60361,-18.083579,-45.142604
60362,-18.080268,-45.139528
60363,-18.087811,-45.147814
60364,-18.089193,-45.149113
60365,-18.07981,-45.140323
60366,-18.101015,-45.158803
60700,-20.765603,-51.529258
70663,-23.508859,-47.162397
70664,-23.505035,-47.15834
70665,-23.512177,-47.166904
70666,-23.508859,-47.162397
70667,-23.508859,-47.162397
70680,-23.247471,-47.269228
70681,-23.247471,-47.269228
70682,-23.438387,-47.584194
70683,-23.436129,-47.578064
70684,-23.440645,-47.590323
70685,-23.186851,-47.248087
70686,-23.186456,-47.247665
70687,-23.186456,-47.247665
71000,-28.41,-53.93
71001,-28.3,-54.29
71002,-28.39,-54.93
71003,-28.74,-49.43
71004,-29.63,-52.16
71005,-27.88,-54.46
71006,-28.74,-49.43
71007,-27.88,-54.46
71008,-28.28,-53.51
71009,-28.61,-53.62
71010,-28.41,-53.93
71011,-28.28,-53.51
71012,-28.346418,-53.803284
71013,-28.335672,-53.873134
71014,-29.87,-51.39
71015,-29.44,-51.9
71016,-29.44,-51.9
71017,-14.94,-49.52
71018,-28.605,-49.365
71019,-28.346418,-53.803284
71020,-21.8,-46.61
71021,-28.57125,-52.7325
71022,-28.56625,-52.6525
80000,-15.05,-48.905
80001,-15.015,-48.8975
80002,-15.015,-48.8875
80003,-14.98,-48.89
80004,-14.98,-48.87
80005,-15.08,-48.82
80006,-15.093333,-48.856667
80007,-15.106667,-48.893333
80008,-20.636667,-51.3
80009,-20.62,-51.3
80010,-20.661667,-51.333333
80011,-20.66,-51.34
80012,-20.66,-51.34
80013,-20.661667,-51.333333
80014,-20.666667,-51.313333
80015,-20.663333,-51.326667
80016,-20.653333,-51.3
80017,-21.509851,-51.532708
80018,-21.485151,-51.561737
80019,-21.46,-51.59
80020,-19.684999,-51.433749
80021,-19.699999,-51.451874
80022,-19.704999,-51.449374
80023,-19.704999,-51.460937
80024,-19.709999,-51.460937
80025,-19.717499,-51.459687
80026,-19.712499,-51.454687
80027,-19.71,-51.47
80028,-19.72,-51.47
80029,-19.73,-51.47
80030,-19.72,-51.46
80031,-30.173333,-50.316667
80032,-30.036667,-50.313333
80033,-30.31,-50.32
80034,-29.96,-50.263333
80035,-30.08,-50.17
80036,-30.02,-50.216667
80037,-32.21,-52.21
80038,-32.123333,-52.25
80039,-32.166667,-52.23
80040,-32.4,-52.35
80041,-32.186667,-52.296667
80042,-32.293333,-52.323333
80043,-29.77,-50.08
80044,-29.7725,-50.0725
80045,-29.775,-50.065
80046,-29.7775,-50.0575
80047,-29.775,-50.065
80048,-17.323333,-44.873333
80049,-17.306667,-44.876667
80050,-17.29,-44.88
80051,-17.41,-44.9
80052,-17.382,-44.884
80053,-17.396,-44.892
80054,-17.396,-44.882
80055,-17.41,-44.88
80056,-17.396,-44.892
80057,-17.41,-44.9
80058,-30.91182,-55.813133
80059,-31.023837,-55.864284
80060,-31.08,-55.89
80061,-30.990503,-55.890951
80062,-31.03,-55.93
80063,-30.937997,-55.811995
80064,-30.99237,-55.810502
80065,-31.02,-55.81
80066,-30.967253,-55.838526
80067,-30.967673,-55.838569
80068,-30.950586,-55.851859
80069,-30.951006,-55.851903
80070,-30.965608,-55.811231
80071,-30.96474,-55.811004
80072,-28.369316,-49.560136
80073,-28.368527,-49.556029
80074,-28.369316,-49.560136
80075,-28.368527,-49.556029
80076,-28.45,-49.6
80077,-28.395685,-49.570686
80078,-28.339548,-49.544535
80079,-15.16,-48.8275
80080,-15.18,-48.77875
80081,-15.18,-48.77375
80082,-15.2,-48.73
80083,-15.2,-48.72
80084,-16.59875,-50.32375
80085,-16.60375,-50.32875
80086,-16.5975,-50.3275
80087,-16.6,-50.32
80088,-16.61,-50.33
80089,-16.53,-50.18
80090,-16.55,-50.23
80091,-16.57,-50.28
80092,-17.2,-46.6
80093,-17.2,-46.59
80094,-17.133748,-46.860007
80095,-17.177186,-46.686256
80096,-17.182186,-46.681256
80097,-17.183436,-46.663756
80098,-17.183436,-46.658756
80099,-17.164373,-46.742506
80100,-17.166873,-46.727506
80101,-17.19,-46.63
80102,-17.2,-46.62
80103,-16.336667,-47.79
80104,-16.323333,-47.75
80105,-16.31,-47.71
80106,-21.89,-49.87
80107,-21.88,-49.86
80108,-21.87,-49.85
80109,-15.341248,-43.759999
80110,-15.358124,-43.777499
80111,-15.375624,-43.782499
80112,-15.374061,-43.783749
80113,-15.39,-43.79
80114,-15.359061,-43.788749
80115,-15.36,-43.8
80116,-15.320911,-43.641624
80117,-15.31808,-43.648384
80118,-15.314158,-43.648148
80119,-15.312332,-43.653394
80120,-15.315278,-43.654927
80121,-15.310606,-43.658243
80122,-15.304006,-43.68089
80123,-15.324719,-43.632523
80124,-15.315341,-43.654822
80125,-15.31789,-43.648866
80126,-15.325464,-43.630805
80127,-15.312931,-43.660255
80128,-15.31948,-43.644917
80129,-15.316641,-43.62816
80130,-15.310637,-43.6582
80131,-15.312167,-43.653877
80132,-15.317077,-43.644088
80133,-15.309311,-43.661806
80134,-15.313324,-43.646176
80135,-15.33,-43.62
80136,-15.33,-43.62
80137,-15.32,-43.61
80138,-15.32,-43.64
80139,-15.392811,-43.791249
80140,-15.41,-43.8
80141,-15.392811,-43.796249
80142,-15.41,-43.81
80143,-15.370835,-43.689078
80144,-15.383612,-43.706359
80145,-15.39,-43.71
80146,-15.39,-43.72
80147,-17.36,-44.9
80148,-17.356875,-44.893125
80149,-17.39,-44.89
80150,-17.376875,-44.890625
80151,-17.35375,-44.88625
80152,-17.36375,-44.89125
80153,-17.3525,-44.8825
80154,-17.351875,-44.883125
80155,-17.35,-44.88
80156,-17.361875,-44.900625
80157,-17.36,-44.91
80158,-17.182672,-47.080626
80159,-17.24,-47.07
80160,-17.24,-47.05
80161,-17.220755,-47.07357
80162,-17.220755,-47.060237
80163,-17.182498,-47.092133
80164,-17.14544,-47.094125
80165,-17.1475,-47.11875
80166,-17.17,-47.12
80167,-17.22,-47.09
80168,-17.19,-47.13
80169,-17.202499,-47.076827
80170,-17.1575,-47.12375
80171,-17.202499,-47.07016
80172,-17.125,-47.1175
80173,-17.20151,-47.07714
80174,-17.20151,-47.070473
80175,-15.980588,-43.391764
80176,-15.975294,-43.375882
80177,-15.97,-43.36
80178,-15.777499,-45.925001
80179,-15.788749,-45.905001
80180,-15.793749,-45.900001
80181,-15.794374,-45.892501
80182,-15.794374,-45.897501
80183,-15.801874,-45.885001
80184,-15.801874,-45.890001
80185,-15.8,-45.88
80186,-15.8,-45.89
80187,-15.81,-45.87
80188,-15.81,-45.88
80189,-15.849641,-45.952168
80190,-15.84991,-45.996792
80191,-15.84991,-45.971792
80192,-15.84491,-45.965542
80193,-15.85491,-45.965542
80194,-15.849821,-45.973584
80195,-15.849821,-45.961084
80196,-15.85,-46.02
80197,-15.85,-45.97
80198,-15.84,-45.97
80199,-15.86,-45.97
80200,-15.658182,-46.020455
80201,-15.566364,-46.070909
80202,-15.543182,-46.080455
80203,-15.548182,-46.070455
80204,-15.548182,-46.080455
80205,-15.548182,-46.080455
80206,-15.553182,-46.070455
80207,-15.558182,-46.080455
80208,-15.563182,-46.080455
80209,-15.568182,-46.075455
80210,-15.568182,-46.070455
80211,-15.573182,-46.070455
80212,-15.52,-46.09
80213,-15.53,-46.07
80214,-15.53,-46.09
80215,-15.53,-46.09
80216,-15.54,-46.07
80217,-15.55,-46.09
80218,-15.56,-46.09
80219,-15.57,-46.08
80220,-15.57,-46.07
80221,-15.58,-46.07
80222,-15.705827,-45.952913
80223,-15.699129,-45.952565
80224,-15.735163,-45.969131
80225,-15.732458,-45.967394
80226,-15.73187,-45.96945
80227,-15.730458,-45.971394
80228,-15.708506,-45.955253
80229,-15.731425,-45.963722
80230,-15.725425,-45.975722
80231,-15.7,-45.95
80232,-15.69,-45.95
80233,-15.72,-45.98
80234,-15.7345,-45.975478
80235,-15.7345,-45.975478
80236,-15.737175,-45.973155
80237,-15.732434,-45.97774
80238,-15.732434,-45.97774
80239,-15.73,-45.98
80240,-15.73,-45.98
80241,-15.734891,-45.975492
80242,-15.734456,-45.975527
80243,-15.720506,-45.959253
80244,-15.711406,-45.955703
80245,-15.714255,-45.957127
80246,-15.714587,-45.957294
80247,-15.75,-45.96
80248,-15.74,-45.95
80249,-15.741199,-45.963096
80250,-15.740584,-45.959268
80251,-15.740932,-45.960387
80252,-15.740584,-45.961268
80253,-15.740582,-45.960213
80254,-15.740452,-45.954695
80255,-15.740452,-45.960695
80256,-15.745223,-45.96712
80257,-15.746668,-45.965352
80258,-15.746974,-45.966429
80259,-15.746668,-45.967352
80260,-15.746708,-45.966339
80261,-15.74847,-45.962713
80262,-15.74847,-45.968713
80263,-15.75,-45.97
80264,-15.731393,-45.969401
80265,-15.741481,-45.968451
80266,-15.74,-45.96
80267,-15.73,-45.96
80268,-15.735129,-45.964565
80269,-15.832003,-43.459745
80270,-15.846504,-43.439495
80271,-15.841504,-43.426995
80272,-15.93826,-43.460597
80273,-15.942485,-43.485429
80274,-15.93943,-43.473312
80275,-15.923333,-43.383333
80276,-15.931256,-43.425501
80277,-15.936401,-43.460277
80278,-15.933164,-43.469849
80279,-15.93,-43.48
80280,-15.952,-43.483956
80281,-15.96,-43.5
80282,-15.952121,-43.506975
80283,-15.96,-43.53
80284,-15.94038,-43.503678
80285,-15.94,-43.52
80286,-15.935726,-43.513865
80287,-15.94,-43.54
80288,-15.944323,-43.484515
80289,-15.940757,-43.487421
80290,-15.935754,-43.446977
80291,-15.931739,-43.489478
80292,-15.92827,-43.488723
80293,-15.942477,-43.485432
80294,-15.93953,-43.473988
80295,-15.924259,-43.5051
80296,-15.92,-43.52
80297,-15.930611,-43.462216
80298,-15.929659,-43.476745
80299,-15.929273,-43.474393
80300,-15.838253,-43.459745
80301,-15.940173,-43.463501
80302,-15.943996,-43.467994
80303,-15.926667,-43.436667
80304,-15.940151,-43.463551
80305,-15.939908,-43.457414
80306,-15.844004,-43.439495
80307,-15.838253,-43.449745
80308,-15.830753,-43.438495
80309,-15.830753,-43.433495
80310,-15.837003,-43.449745
80311,-15.933333,-43.458333
80312,-15.82,-43.45
80313,-15.94,-43.48
80314,-15.92,-43.5
80315,-15.82,-43.44
80316,-15.83,-43.46
80317,-15.82,-43.48
80318,-15.923333,-43.468333
80319,-15.83,-43.48
80320,-15.83,-43.46
80321,-15.863005,-43.408993
80322,-15.939826,-43.456704
80323,-15.295,-43.7
80324,-15.3,-43.68
80325,-15.3,-43.68
80326,-15.305,-43.66
80327,-15.31,-43.64
80328,-16.665,-49.6725
80329,-16.65,-49.645
80330,-16.68,-49.72
80331,-16.68,-49.7
80332,-16.665,-49.6825
80333,-6.104217,-36.646989
80334,-6.104217,-36.646989
80335,-6.111325,-36.645483
80336,-6.097108,-36.648494
80337,-6.09,-36.65
80338,-6.053333,-36.536667
80339,-6.046667,-36.543333
80340,-6.046667,-36.513333
80341,-6.033333,-36.496667
80342,-6.02,-36.48
80343,-6.05,-36.506667
80344,-6.04,-36.483333
80345,-6.075,-36.575
80346,-6.096667,-36.623333
80347,-6.068333,-36.571667
80348,-6.118333,-36.671667
80349,-6.05,-36.56
80350,-6.14,-36.72
80351,-6.028333,-36.481667
80352,-5.985556,-36.421111
80353,-6.039444,-36.493889
80354,-5.942778,-36.360556
80355,-6.03,-36.46
80356,-6.08,-36.53
80357,-5.9,-36.3
80358,-6.04,-36.55
80359,-6.08,-36.58
80360,-6.01,-36.47
80361,-8.936071,-36.757553
80362,-8.92,-36.78
80363,-8.908213,-36.73266
80364,-8.72,-36.76
80365,-8.91,-36.74
80366,-8.909404,-36.740887
80367,-8.76,-36.73
80368,-8.98,-36.76
80369,-8.81,-36.5725
80370,-8.765,-36.66625
80371,-8.785,-36.65125
80372,-8.91,-36.75
80373,-8.85,-36.75
80374,-8.845,-36.755
80375,-8.825,-36.755
80376,-8.81,-36.75
80377,-8.32,-36.21
80378,-8.323333,-36.213333
80379,-8.326667,-36.216667
80380,-5.17,-36.03
80381,-5.159681,-35.797783
80382,-5.157341,-35.793892
80383,-5.159681,-35.797783
80384,-5.15367,-35.796946
80385,-5.15,-35.8
80386,-5.162021,-35.801674
80387,-5.15867,-35.786946
80388,-5.16,-35.78
80389,-5.360823,-35.951877
80390,-5.395219,-35.986068
80391,-5.43,-36.02
80392,-5.163904,-35.994063
80393,-5.13,-36.02
80394,-5.231874,-35.94285
80395,-5.190571,-36.00073
80396,-5.210417,-35.972409
80397,-5.211142,-35.971459
80398,-5.197082,-35.969075
80399,-5.197808,-35.968126
80400,-5.400219,-35.981068
80401,-5.44,-36.01
80402,-7.076667,-36.116667
80403,-6.903333,-36.253333
80404,-6.73,-36.39
80405,-7.093333,-36.14
80406,-6.936667,-36.3
80407,-6.78,-36.46
80408,-7.18,-35.98
80409,-7.11,-35.98
80410,-7.04,-35.98
80411,-5.88,-36.21
80412,-6,-36.14
80413,-6.12,-36.07
80414,-6.184267,-36.607812
80415,-6.178773,-36.61152
80416,-6.189563,-36.604253
80417,-6.179124,-36.611806
80418,-6.173173,-36.615319
80419,-6.178781,-36.611519
80420,-6.184201,-36.607859
80421,-6.15,-36.63
80422,-6.17,-36.62
80423,-6.16161,-36.622642
80424,-6.174568,-36.615898
80425,-6.205286,-36.593152
80426,-6.29,-36.52
80427,-6.283333,-36.53
80428,-6.276667,-36.54
80429,-6.203333,-36.573333
80430,-6.136667,-36.596667
80431,-6.07,-36.62
80432,-7.59,-40.72
80433,-7.54,-40.73
80434,-7.575,-40.72
80435,-7.55,-40.725
80436,-7.39,-40.69
80437,-7.41,-40.69
80438,-7.43,-40.7
80439,-7.39,-40.685
80440,-8.92,-41.6
80441,-9.040339,-41.735924
80442,-9.05,-41.75
80443,-9.05,-41.76
80444,-8.795186,-41.557872
80445,-8.811422,-41.574753
80446,-8.829164,-41.564328
80447,-8.813952,-41.563239
80448,-8.800856,-41.568933
80449,-8.821271,-41.591693
80450,-8.837966,-41.585606
80451,-8.821269,-41.579424
80452,-8.864408,-41.619074
80453,-8.875496,-41.629517
80454,-8.852717,-41.611167
80455,-8.82547,-41.588839
80456,-8.848297,-41.607734
80457,-8.904875,-41.58736
80458,-8.915508,-41.630411
80459,-8.94,-41.59
80460,-8.95,-41.66
80461,-9.01,-41.72
80462,-8.873272,-41.587164
80463,-8.878302,-41.598951
80464,-8.829481,-41.570033
80465,-8.856301,-41.58626
80466,-8.77041,-41.545136
80467,-8.851642,-41.583059
80468,-9.05,-41.73
80469,-9.08,-41.75
80470,-9.01,-41.74
80471,-8.870617,-41.563314
80472,-8.804225,-41.595934
80473,-8.819117,-41.614416
80474,-8.880058,-41.593954
80475,-8.810055,-41.559428
80476,-8.786667,-41.566667
80477,-8.983333,-41.703333
80478,-9.18,-41.84
80479,-8.817281,-41.575646
80480,-9.045169,-41.745462
80481,-9.047585,-41.747731
80482,-9.047585,-41.752731
80483,-9.052669,-41.737962
80484,-9.051335,-41.733981
80485,-9.066335,-41.743981
80486,-9.025169,-41.732962
80487,-9.017585,-41.726481
80488,-9.017585,-41.736481
80489,-8.885529,-41.633231
80490,-8.919011,-41.665801
80491,-8.91,-41.65
80492,-8.96,-41.7
80493,-8.91,-41.56
80494,-8.8,-41.62
80495,-8.82,-41.64
80496,-5.043678,-37.791021
80497,-5.05,-37.79
80498,-5.037355,-37.792041
80500,-5.29817,-37.061729
80501,-5.115978,-37.055911
80502,-5.54,-37.04
80503,-5.550501,-37.03875
80504,-5.562002,-37.035
80505,-5.276968,-37.088536
80506,-5.284108,-37.124144
80507,-5.24,-37.08
80508,-5.12,-37.01
80509,-5.14,-37.04
80513,-5.739036,-36.517325
80514,-5.173728,-37.047897
80515,-5.213751,-37.059414
80516,-5.237514,-37.060373
80517,-5.136859,-37.069214
80518,-5.12,-37.03
80519,-5.276324,-37.099028
80520,-5.279211,-37.108427
80521,-5.271579,-37.101964
80522,-5.276957,-37.100506
80523,-5.163916,-37.057997
80524,-5.17058,-37.058268
80525,-5.791494,-36.47056
80526,-5.261134,-37.097344
80527,-5.29,-37.14
80528,-5.27,-37.11
80529,-5.89,-36.38
80530,-5.789933,-36.475656
80531,-5.68,-36.28
80532,-5.7,-36.26
80533,-5.684763,-36.347391
80534,-5.839867,-36.427127
80535,-5.197062,-37.064246
80536,-5.201062,-37.056246
80537,-5.206448,-37.059673
80538,-5.199709,-37.060056
80539,-5.28,-37.13
80540,-5.216816,-37.109632
80541,-5.247443,-37.105004
80542,-5.216816,-37.133632
80543,-5.2,-37.15
80544,-5.2,-37.11
80545,-5.234957,-37.117322
80546,-5.234957,-37.109322
80547,-5.64,-36.28
80548,-5.77,-36.29
80549,-5.668513,-36.351141
80550,-5.733513,-36.356141
80551,-5.688816,-36.559397
80552,-5.23413,-37.113253
80553,-5.236658,-37.113302
80554,-5.09,-37
80555,-5.694763,-36.337391
80556,-5.689176,-36.415294
80557,-5.09,-37.11
80558,-5.768513,-36.342391
80559,-5.753513,-36.342391
80560,-5.8,-36.27
80561,-5.77,-36.27
80562,-5.792953,-36.471145
80563,-5.696676,-36.422794
80564,-5.736676,-36.415294
80565,-5.561001,-37.0375
80566,-5.556001,-37.035
80567,-5.551001,-37.0375
80568,-5.570501,-37.03875
80569,-5.563001,-37.0375
80570,-5.543001,-37.0325
80571,-5.555501,-37.03875
80572,-5.535501,-37.03875
80573,-5.58,-37.04
80574,-5.57,-37.04
80575,-5.53,-37.03
80576,-5.56,-37.04
80577,-5.52,-37.04
80578,-5.167666,-37.059247
80579,-5.166433,-37.058471
80580,-5.275691,-37.100315
80581,-5.12,-37.02
80582,-5.161728,-37.071897
80583,-5.127228,-37.059661
80584,-5.12,-37.08
80585,-5.208669,-37.071276
80586,-5.18008,-37.077052
80587,-5.1559,-37.069773
80588,-5.193484,-37.069139
80589,-5.244396,-37.066792
80590,-5.28,-37.12
80591,-5.27,-37.13
80592,-5.20265,-37.070036
80593,-5.219073,-37.067858
80594,-5.202957,-37.069976
80595,-5.221317,-37.067692
80596,-5.09,-37.11
80597,-5.09,-37.11
80598,-5.204133,-37.073067
80599,-5.229846,-37.067142
80600,-5.242924,-37.065691
80601,-5.248377,-37.064954
80602,-5.19893,-37.067772
80603,-5.211649,-37.069269
80604,-5.229082,-37.067298
80605,-5.240138,-37.065872
80606,-5.63,-36.97
80607,-5.613333,-36.99
80608,-5.596667,-37.01
80609,-5.53,-37.06
80610,-5.535029,-37.056465
80611,-5.540059,-37.052929
80612,-5.619173,-37.032327
80613,-5.619294,-37.038133
80614,-5.62,-37.03
80615,-5.62,-37.04
80616,-5.625783,-37.045732
80617,-5.624165,-37.044103
80618,-5.618138,-37.035996
80619,-5.617702,-37.035685
80620,-5.622674,-37.042601
80621,-5.628058,-37.048013
80622,-5.627522,-37.047484
80623,-5.625803,-37.045753
80624,-5.624196,-37.044134
80625,-5.617288,-37.035347
80626,-5.618349,-37.034649
80627,-5.618593,-37.036263
80628,-5.61814,-37.035983
80629,-5.617708,-37.035683
80630,-5.64,-37.06
80631,-5.634021,-37.053999
80632,-5.615815,-37.035701
80633,-5.63,-37.05
80634,-5.62875,-37.048731
80635,-3.300642,-39.349741
80636,-3.3,-39.35
80637,-3.267309,-39.369741
80638,-3.25,-39.38
80639,-3.284619,-39.359482
80640,-3.301285,-39.349482
80641,-3.297952,-39.349482
80642,-3.301285,-39.349482
80643,-3.284618,-39.359482
80644,-3.32,-39.38
80645,-3.313976,-39.369741
80646,-3.297952,-39.349482
80647,-3.240974,-39.272917
80648,-3.26,-39.24
80649,-3.24,-39.25
80650,-3.613333,-38.893333
80651,-3.626667,-38.916667
80652,-3.64,-38.94
80653,-3.33,-39.26
80654,-3.307951,-39.359482
80655,-3.307952,-39.359482
80656,-3.293976,-39.349741
80657,-3.443751,-39.063748
80658,-3.379375,-39.169375
80659,-3.354689,-39.214686
80660,-3.339689,-39.229686
80661,-3.26,-39.29
80662,-3.56,-38.883333
80663,-3.58,-38.876667
80664,-3.2,-39.37
80665,-3.241948,-39.295835
80666,-3.301927,-39.349223
80667,-3.54,-38.89
80668,-3.29,-39.35
80669,-3.250974,-39.292918
80670,-3.220974,-39.332917
80671,-3.351875,-39.151875
80672,-3.3,-39.29
80673,-9.04,-38.103333
80674,-9.03,-38.09
80675,-9.05,-38.116667
80676,-9.05,-38.116667
80677,-9.07,-38.15
80678,-9.055,-38.12
80679,-9.05,-38.11
80680,-3.94,-38.4
80681,-3.95,-38.4
80682,-3.96,-38.4
80683,-8,-38.57
80684,-8,-38.59
80685,-8,-38.61
80686,-7.969157,-38.625094
80687,-7.974578,-38.622547
80688,-7.98,-38.62
80689,-7.96249,-38.628428
80690,-7.96249,-38.628428
80691,-7.86,-38.82
80692,-7.914,-38.752
80693,-7.882,-38.796
80694,-7.887,-38.796
80695,-7.887,-38.786
80696,-7.85,-38.84
80697,-7.86,-38.84
80698,-7.969157,-38.625094
80699,-7.963735,-38.627642
80700,-7.961245,-38.629214
80701,-7.96,-38.63
80702,-7.933809,-38.671071
80703,-7.920382,-38.682581
80704,-7.912382,-38.678581
80705,-7.88,-38.69
80706,-7.9,-38.7
80707,-7.923215,-38.67475
80708,-7.919363,-38.683948
80709,-7.927215,-38.67675
80710,-7.927285,-38.676706
80711,-7.904715,-38.696953
80712,-7.89,-38.71
80713,-7.923285,-38.674706
80714,-7.91943,-38.683906
80715,-7.326667,-38.95
80716,-7.343333,-38.96
80717,-7.36,-38.97
80718,-5.332875,-38.82035
80719,-5.31324,-38.861811
80720,-5.31324,-38.861811
80721,-5.31324,-38.861811
80722,-5.332894,-38.821337
80723,-5.332894,-38.819337
80724,-5.332875,-38.82035
80725,-5.329365,-38.822987
80726,-5.322327,-38.828272
80727,-5.336442,-38.820672
80728,-5.34,-38.81
80729,-5.336442,-38.814672
80730,-5.34,-38.82
80731,-7.67,-45.17
80732,-7.661979,-45.178685
80733,-7.645972,-45.196025
80734,-7.653958,-45.18737
80735,-7.653958,-45.190703
80736,-7.65397,-45.18736
80737,-7.65397,-45.190693
80738,-7.661979,-45.185352
80739,-7.67,-45.18
80740,-4.605369,-37.647341
80741,-4.607684,-37.65867
80742,-4.45,-37.84
80743,-4.439024,-37.836746
80744,-4.444512,-37.838373
80745,-4.48815,-37.763271
80746,-4.479075,-37.716635
80747,-4.47,-37.67
80748,-4.603579,-37.644894
80749,-4.603579,-37.644894
80750,-4.61,-37.67
80751,-4.6,-37.64
80752,-4.60179,-37.642447
80753,-4.86,-38.01
80754,-4.89,-38.006667
80755,-4.92,-38.003333
80756,-4.434512,-37.853373
80757,-4.43,-37.87
80758,-7.626667,-45.213333
80759,-7.623333,-45.216667
80760,-7.62,-45.22
80761,-5.08,-37.04
80762,-5.045047,-37.077117
80763,-5.045058,-37.077125
80764,-5.051538,-37.111538
80765,-4.993846,-36.973846
80766,-4.97,-36.9
80767,-4.96,-36.91
80768,-5.07,-37.02
80769,-5.01,-36.92
80770,-5.040483,-36.965918
80771,-5.031449,-36.937753
80772,-5.043816,-36.972584
80773,-4.97,-36.91
80774,-5.032529,-37.048563
80775,-5.02,-37.02
80776,-5.057574,-37.10568
80777,-5.003785,-37.057838
80778,-5.010769,-37.010769
80779,-5.03,-36.96
80780,-4.95,-37.01
80781,-5.47,-36.7
80782,-5.2425,-36.53125
80783,-5.53,-36.805
80784,-5.41,-36.595
80785,-5.35,-36.49
80786,-5.12441,-36.383187
80787,-5.13,-36.45
80788,-5.117205,-36.376593
80789,-5.166252,-36.298127
80790,-5.176252,-36.278127
80791,-5.11,-36.37
80792,-5.12,-36.16
80793,-5.1,-36.2
80794,-5.2325,-36.39625
80795,-5.47,-36.7
80796,-5.355002,-36.612502
80797,-5.19,-36.36
80798,-5.17,-36.41
80799,-5.17,-36.3
80800,-5.424,-36.685
80801,-5.258,-36.46
80802,-5.214,-36.38
80803,-5.214,-36.39
80804,-5.224,-36.41
80805,-5.214,-36.435
80806,-5.17,-36.32
80807,-2.82,-40.23
80808,-2.84,-40.07
80809,-2.94,-39.86
80810,-2.936923,-40.056211
80811,-2.95,-39.89
80812,-2.893522,-40.013105
80813,-2.958734,-40.084429
80814,-2.85,-39.97
80815,-2.873522,-40.186439
80816,-2.926923,-40.142877
80817,-2.980519,-40.099315
80818,-2.965521,-39.889398
80819,-2.95276,-39.874699
80820,-2.95776,-39.889699
80821,-3.1252,-39.818045
80822,-3.230399,-39.966091
80823,-3.001593,-39.733692
80824,-3,-39.73
80825,-2.91433,-41.035653
80826,-3.09,-39.68
80827,-3.2375,-39.825
80828,-2.918659,-41.031306
80829,-3.385,-39.97
80830,-3.2275,-39.785
80831,-3.07,-39.6
80832,-2.91,-41.04
80833,-3.02,-39.67
80834,-3.562812,-40.342843
80835,-3.003187,-39.737383
80836,-4.29,-41.83
80837,-4.29,-41.87
80838,-4.29,-41.79
80839,-2.669268,-42.620204
80840,-2.659756,-42.620068
80841,-2.649634,-42.635102
80842,-2.669634,-42.625102
80843,-2.7,-42.55
80844,-2.698262,-42.567636
80845,-2.63,-42.65
80846,-2.67,-42.63
80847,-2.67,-42.6
80848,-2.696524,-42.585272
80849,-2.698048,-42.600544
80850,-2.693262,-42.587636
80851,-2.64,-42.64
80852,-2.69,-42.59
80853,-2.728351,-42.596157
80854,-8.536996,-41.815512
80855,-8.696701,-41.553987
80856,-8.69,-41.48
80857,-8.76,-41.47
80858,-8.7,-41.45
80859,-8.71,-41.49
80860,-8.51,-41.47
80861,-8.56,-41.58
80862,-8.536318,-41.743309
80863,-8.53566,-41.671021
80864,-8.666701,-41.543987
80865,-8.654201,-41.565237
80866,-8.664201,-41.570237
80867,-8.52257,-41.53422
80868,-8.54757,-41.58922
80869,-8.633462,-41.637848
80870,-8.618462,-41.650348
80871,-8.535258,-41.598188
80872,-8.27,-42.15
80873,-8.193809,-42.556425
80874,-8.196905,-42.553212
80875,-8.151905,-42.568212
80876,-8.2,-42.55
80877,-8.11,-42.58
80878,-8.33,-42.203333
80879,-8.3,-42.176667
80880,-8.61,-41.736
80881,-8.62,-41.55
80882,-8.54,-41.852
80883,-8.58,-41.701
80884,-8.61,-41.741
80885,-8.68,-41.63
80886,-8.68,-41.62
80888,-6.96,-38
80889,-6.95,-37.99
80890,-6.966923,-37.983846
80891,-6.964615,-37.989231
80892,-6.983846,-37.977692
80893,-6.95,-37.99
80894,-6.981095,-37.986732
80895,-6.985548,-37.988366
80896,-6.99,-37.99
80897,-6.37,-38.865
80898,-6.38265,-38.954374
80899,-6.371325,-38.957187
80900,-6.36,-38.96
80901,-6.36,-38.86
80902,-6.34,-38.86
80903,-6.36,-38.865
80904,-6.38,-38.87
80905,-3.791583,-38.932847
80906,-3.798058,-38.923734
80907,-3.8,-38.92
80908,-3.8,-38.92
80909,-3.8,-38.93
80910,-3.798705,-38.925823
80911,-3.796115,-38.927468
80912,-8.106667,-43.68
80913,-8.113333,-43.69
80914,-8.12,-43.7
80915,-11.285913,-38.791163
80916,-11.277728,-38.799041
80917,-11.26,-38.8
80918,-11.322728,-38.804041
80919,-11.221478,-38.782791
80920,-11.251478,-38.782791
80921,-11.295456,-38.798081
80922,-11.252956,-38.785581
80923,-11.35,-38.81
80924,-11.19,-38.78
80925,-11.25,-38.78
80926,-15.14,-44.7
80927,-11.073333,-43.17
80928,-7.006667,-41.64
80929,-4.933333,-37.69
80930,-4.936667,-37.7
80931,-4.94,-37.71
80932,-6.920094,-36.980635
80933,-6.924707,-36.985864
80934,-6.920012,-36.98064
80935,-6.915479,-36.975422
80936,-6.795808,-36.749106
80937,-6.911591,-36.98008
80938,-6.99,-36.89
80939,-7.013543,-36.801911
80940,-6.91161,-36.980087
80941,-6.96763,-36.863979
80942,-6.987335,-36.833369
80943,-6.980945,-36.834032
80944,-6.975787,-36.845259
80945,-6.98,-36.81
80946,-6.980452,-36.822031
80947,-6.971277,-36.855452
80948,-6.97545,-36.845944
80949,-6.807534,-36.775907
80950,-6.912864,-36.938698
80951,-6.912888,-36.938834
80952,-7.04,-36.77
80953,-6.96,-37.02
80954,-6.87,-36.76
80955,-6.882694,-36.801917
80956,-6.95,-37.01
80957,-6.915776,-36.897547
80958,-6.964287,-36.898956
80959,-6.895364,-36.843698
80960,-6.977155,-36.894544
80961,-6.887694,-36.831917
80962,-6.890488,-36.908265
80963,-6.865258,-36.919215
80964,-6.84,-36.93
80965,-6.789313,-36.74397
80966,-6.764652,-36.706977
80967,-6.802695,-36.754854
80968,-6.795963,-36.749379
80969,-6.807582,-36.775938
80970,-6.826087,-36.808319
80971,-6.91,-36.96
80972,-6.967155,-36.884544
80973,-6.97,-36.87
80974,-6.997155,-36.919563
80975,-7.018567,-36.939737
80976,-7.008567,-36.919737
80977,-7.04,-36.96
80978,-7.02,-36.92
80979,-6.98,-36.78
80980,-6.973514,-36.804436
80981,-6.945022,-36.901838
80982,-6.972619,-36.818593
80983,-6.961441,-36.846684
80984,-6.98,-36.8
80985,-6.95713,-36.862092
80986,-6.962173,-36.845301
80987,-6.966622,-36.829642
80988,-6.965782,-36.83616
80989,-6.908469,-36.965141
80990,-6.910734,-36.98004
80991,-6.911714,-36.980081
80992,-6.917782,-36.980497
80993,-6.912196,-36.980128
80994,-6.88,-36.82
80995,-6.9,-36.96
80996,-6.91,-36.98
80997,-6.971091,-36.855712
80998,-6.911815,-36.980099
80999,-6.867994,-36.894061
81000,-6.786363,-36.707475
81001,-6.74,-36.67
81002,-6.911974,-36.980099
81003,-6.77,-36.66
81004,-6.913377,-36.980205
81005,-6.936159,-36.996466
81006,-6.91,-36.97
81007,-14.13,-41.61
81008,-13.97,-41.55
81009,-14.05,-41.58
81010,-3.876667,-41.196667
81011,-3.853333,-41.203333
81012,-3.906849,-41.043312
81013,-3.83,-41.21
81014,-3.903425,-41.036656
81015,-3.903425,-41.031656
81016,-4.0375,-41.1025
81017,-3.9,-41.03
81018,-3.9,-41.02
81019,-4.09875,-41.07125
81020,-4.11375,-41.04625
81021,-4.16,-41.04
81022,-4.19,-40.99
81023,-3.95,-41.12
81024,-3.916667,-41.166667
81025,-3.933333,-41.143333
81026,-3.87,-41.17
81027,-3.89,-41.185
81028,-3.88,-41.1775
81029,-3.89,-41.1875
81030,-3.89,-41.19
81031,-11.48,-42.15
81032,-11.354537,-42.449853
81033,-11.481508,-42.205318
81034,-11.52,-42.14
81035,-11.43,-42.15
81036,-11.39,-42.16
81037,-11.462325,-42.202747
81038,-11.409112,-42.213362
81039,-11.388042,-42.211001
81040,-11.423544,-42.303887
81041,-11.37754,-42.308999
81042,-11.406414,-42.342903
81043,-11.445319,-42.265448
81044,-11.442518,-42.260086
81045,-11.426606,-42.296994
81046,-11.372815,-42.346636
81047,-11.390362,-42.271554
81048,-11.384194,-42.266566
81049,-11.380377,-42.302131
81054,-11.01,-42.6
81055,-11.5,-42.57
81056,-11.51,-42.57
81057,-11.458491,-42.593004
81058,-11.074696,-42.577897
81059,-11.151041,-42.617979
81060,-11.001202,-42.570963
81061,-10.97,-42.56
81062,-11.09,-42.62
81063,-11.484242,-42.581503
81064,-11.06,-42.63
81065,-10.92,-42.55
81066,-10.96,-42.52
81067,-10.98,-42.53
81068,-10.966219,-42.563403
81069,-11.008395,-42.544302
81070,-11.04,-42.63
81071,-11.001793,-42.541128
81072,-11.053933,-42.648401
81073,-11.078933,-42.643401
81074,-11.036816,-42.55865
81075,-11.043202,-42.562094
81076,-11.08974,-42.586034
81077,-11.056316,-42.568469
81078,-11.075095,-42.578105
81079,-11.063933,-42.648401
81080,-11.053933,-42.648401
81081,-11.038933,-42.633401
81082,-11.081294,-42.597067
81083,-11.036963,-42.584287
81084,-11.01259,-42.57681
81085,-11.032057,-42.581777
81086,-11.061128,-42.591468
81087,-11.038627,-42.584905
81088,-11.060541,-42.591326
81090,-11.411988,-42.616005
81091,-11.473491,-42.598004
81092,-11.435991,-42.603004
81093,-11.496742,-42.589003
81094,-11.511742,-42.589003
81095,-11.067866,-42.666803
81096,-11.063933,-42.648401
81097,-11.447992,-42.596503
81098,-11.058933,-42.653401
81099,-11.447992,-42.596503
81100,-11.479242,-42.581503
81101,-11.52,-42.58
81102,-11.057949,-42.56917
81103,-11.05,-42.64
81104,-11.55,-42.58
81105,-11.038933,-42.633401
81106,-11.46,-42.59
81107,-11.46,-42.59
81108,-12.59,-44.105
81109,-12.62,-44.09
81110,-12.604401,-44.083653
81111,-12.612201,-44.086826
81112,-12.6,-44.1
81113,-10.949458,-41.232918
81114,-10.791876,-41.281251
81115,-10.777638,-41.482345
81116,-10.78155,-41.478853
81117,-10.776097,-41.477885
81118,-10.773369,-41.486301
81119,-10.794376,-41.271251
81120,-10.76,-41.28
81121,-10.77,-41.25
81122,-10.77,-41.27
81123,-10.77,-41.22
81124,-10.775939,-41.280626
81125,-10.780939,-41.265626
81126,-10.782189,-41.270626
81127,-10.782189,-41.245626
81128,-10.8,-41.49
81129,-10.82,-41.44
81130,-10.800651,-41.481276
81131,-10.77,-41.46
81132,-10.76,-41.51
81133,-11.04,-41.29
81134,-11.04,-41.26
81135,-10.772983,-41.469048
81136,-10.76677,-41.498031
81137,-11.018014,-41.286286
81138,-11.018014,-41.271286
81139,-10.805176,-41.464283
81140,-10.952077,-41.290132
81141,-10.798053,-41.472184
81142,-10.80144,-41.468474
81143,-10.791225,-41.475826
81144,-10.777457,-41.482637
81145,-10.801632,-41.468175
81146,-11.18,-40.74
81147,-10.818752,-41.297501
81148,-11.0263,-41.068615
81149,-10.74,-41.21
81150,-10.754681,-41.227617
81151,-10.812502,-41.452266
81152,-10.832594,-41.305092
81153,-11.103149,-40.904309
81154,-10.801163,-41.47277
81155,-10.95138,-41.310093
81156,-10.950687,-41.330047
81157,-10.95,-41.35
81158,-10.794893,-41.269908
81159,-10.769298,-41.245158
81160,-10.758198,-41.2378
81161,-10.770463,-41.248632
81162,-10.783241,-41.259812
81163,-10.771053,-41.249176
81164,-10.782824,-41.259476
81165,-10.734002,-41.218824
81166,-10.71,-41.2
81167,-11.006764,-41.282536
81168,-11.021764,-41.282536
81169,-10.996034,-41.282571
81170,-10.993534,-41.285071
81171,-11.02,-41.28
81172,-11.05,-41.28
81173,-11.063099,-41.280082
81174,-11.102441,-41.310316
81175,-10.671681,-41.568758
81176,-10.67084,-41.574379
81177,-10.66084,-41.569379
81178,-10.66084,-41.539379
81179,-10.65,-41.57
81180,-10.65,-41.51
81181,-10.518451,-41.495311
81182,-10.498451,-41.441977
81183,-10.47,-41.53
81184,-10.44,-41.45
81185,-10.566902,-41.460622
81186,-10.556902,-41.433954
81187,-10.67,-41.58
81188,-10.566516,-41.460746
81189,-10.556516,-41.434079
81190,-10.45,-41.44
81191,-10.979631,-41.317392
81192,-11.099502,-41.310828
81193,-11.13,-41.31
81194,-10.48,-41.5
81195,-10.532297,-41.433089
81196,-10.547297,-41.463089
81197,-11.10562,-41.304794
81198,-11.060376,-41.280739
81199,-11.072516,-41.28672
81200,-11.14,-41.3
81201,-11.08,-41.27
81202,-11.1,-41.28
81203,-10.614743,-41.42613
81204,-11.075831,-41.309637
81205,-11.038927,-41.313086
81206,-11.073971,-41.310725
81207,-11.075895,-41.308732
81208,-11.07003,-41.310648
81209,-11.020785,-41.300986
81210,-11.045505,-41.290405
81211,-11.049449,-41.292426
81212,-11.042783,-41.292474
81213,-11.048162,-41.291178
81214,-4.778047,-37.327318
81215,-4.76,-37.34
81216,-4.76,-37.3
81217,-4.7675,-37.3575
81218,-4.74,-37.38
81219,-4.8225,-37.3125
81220,-4.796095,-37.314635
81221,-4.795,-37.335
81222,-4.796095,-37.301302
81223,-4.795,-37.335
81224,-4.814063,-37.301979
81225,-4.778047,-37.300651
81226,-4.796068,-37.30131
81227,-4.796068,-37.314644
81228,-5.15,-35.97
81229,-5.167876,-35.65781
81230,-5.153938,-35.658905
81231,-5.180907,-35.658357
81232,-5.180907,-35.658357
81233,-5.196654,-35.668659
81234,-5.196648,-35.670655
81235,-5.134768,-35.949194
81236,-5.193314,-35.667322
81237,-5.193307,-35.667318
81238,-5.21,-35.68
81239,-5.19664,-35.670651
81240,-5.119537,-35.928388
81241,-5.099768,-35.919194
81242,-5.094768,-35.964194
81243,-5.08,-35.91
81244,-5.20332,-35.675325
81245,-5.189982,-35.665989
81246,-5.2,-35.67
81247,-5.07,-36
81248,-5.181815,-35.656714
81249,-5.14,-35.66
81250,-5.245353,-35.489323
81251,-5.241784,-35.483108
81252,-5.24,-35.48
81253,-5.243569,-35.486216
81254,-5.243569,-35.486216
81255,-10.565,-40.605
81256,-10.55,-40.6
81257,-10.595,-40.635
81258,-10.61,-40.66
81259,-2.89,-39.97
81260,-2.89,-39.98
81261,-2.911429,-40.029287
81262,-2.914286,-40.002857
81263,-2.917143,-39.97643
81264,-2.900714,-39.999643
81265,-2.900714,-40.004643
81266,-2.92,-39.95
81267,-5.89,-36.14
81268,-5.82,-36.11
81269,-5.764343,-36.10008
81270,-5.850469,-36.133107
81271,-5.808469,-36.115107
81272,-5.75094,-36.116237
81273,-5.76741,-36.118032
81274,-5.761519,-36.11416
81275,-5.76141,-36.110032
81276,-5.779108,-36.122273
81277,-5.813997,-36.126157
81278,-5.803812,-36.123223
81279,-5.799997,-36.120157
81280,-5.764755,-36.113985
81281,-5.807635,-36.123173
81282,-5.731538,-36.120323
81283,-5.782343,-36.12408
81284,-5.8,-36.13
81289,-5.8,-35.91
81290,-5.87,-35.95
81291,-5.77,-35.94
81292,-5.767656,-35.946987
81293,-5.816617,-35.982738
81294,-5.761719,-35.97394
81295,-5.699677,-36.041633
81296,-5.721714,-35.990634
81297,-5.731166,-35.944939
81298,-5.74,-35.9
81299,-5.736105,-35.982914
81300,-5.763003,-36.016158
81301,-5.717069,-36.01342
81302,-5.753865,-36.006943
81303,-5.719501,-36.056661
81304,-5.73617,-36.032804
81305,-5.658779,-36.122645
81306,-5.717922,-36.012375
81307,-5.73649,-36.031862
81312,-5.77,-36.09
81313,-5.552206,-35.444508
81314,-5.551103,-35.447254
81315,-5.55,-35.45
81316,-5.28,-35.79
81317,-5.51,-36
81318,-5.3,-35.89
81319,-5.3,-35.97
81320,-5.32,-35.94
81321,-5.4,-35.85
81322,-5.359413,-35.892976
81323,-5.36451,-35.900813
81324,-5.364576,-35.900778
81325,-5.352484,-35.882659
81326,-5.352669,-35.882695
81327,-5.370941,-35.906927
81328,-5.370943,-35.906911
81329,-5.370941,-35.906927
81330,-5.370943,-35.906911
81331,-5.359696,-35.994426
81332,-5.361871,-35.923846
81333,-5.325191,-35.875348
81334,-5.34,-36.03
81335,-5.27,-35.86
81336,-5.369827,-35.874314
81337,-5.08,-35.97
81338,-5.26,-35.83
81339,-5.347353,-36.0172
81340,-5.369853,-36.0422
81341,-5.343678,-36.023605
81342,-5.338678,-36.033605
81343,-5.359928,-36.071105
81344,-5.389928,-36.061105
81345,-5.35,-36.1
81346,-5.41,-36.08
81347,-5.302754,-35.843539
81348,-5.26138,-35.816757
81349,-5.291378,-35.816762
81350,-5.235691,-35.803382
81351,-5.21,-35.79
81352,-5.345941,-35.934427
81353,-5.342971,-35.942206
81354,-5.332971,-35.937206
81355,-5.34,-35.95
81356,-5.435471,-35.968456
81357,-5.465471,-35.978456
81358,-5.420941,-35.956927
81359,-5.45,-35.98
81360,-5.284984,-35.857659
81361,-5.373314,-35.886878
81362,-5.272584,-35.843847
81363,-5.257584,-35.853847
81364,-5.42177,-35.898461
81365,-5.23,-35.85
81366,-5.47,-35.91
81367,-5.316381,-35.897188
81368,-5.332681,-35.904418
81369,-5.36,-36
81370,-5.319788,-35.959139
81371,-5.349788,-35.974139
81372,-5.33951,-35.948313
81373,-5.42,-35.85
81374,-5.367484,-35.862659
81375,-5.383834,-35.856347
81376,-5.393834,-35.856347
81377,-5.306647,-35.870211
81378,-5.346647,-35.860211
81379,-5.288437,-35.865127
81380,-5.368437,-35.845127
81381,-5.39,-35.83
81382,-5.243314,-35.906878
81383,-5.16177,-35.938461
81384,-5.29,-35.79
81385,-5.296378,-35.816762
81386,-5.23,-35.79
81387,-5.37,-35.86
81388,-5.245691,-35.803382
81389,-5.33,-36.05
81390,-5.38,-35.87
81391,-5.349099,-35.911593
81392,-5.093431,-35.88633
81393,-5.093431,-35.88633
81394,-5.091715,-35.888165
81395,-5.09,-35.89
81396,-5.09,-35.8
81397,-5.31,-35.833333
81398,-5.32,-35.796667
81399,-5.293333,-35.833333
81400,-5.286667,-35.796667
81401,-5.28,-35.76
81402,-5.096715,-35.873165
81403,-5.33,-35.76
81404,-5.1,-35.86
81405,-5.26,-35.9
81406,-5.35,-35.88
81407,-5.328329,-35.884255
81408,-5.271552,-35.913502
81409,-5.352776,-35.854751
81410,-5.265776,-35.906749
81411,-5.260776,-35.911749
81412,-5.255776,-35.921749
81413,-5.25,-35.91
81414,-5.24,-35.93
81415,-5.42,-35.9
81416,-5.381293,-35.904584
81417,-5.342587,-35.909171
81418,-5.25847,-36.035937
81419,-5.24,-36.08
81420,-5.276941,-35.991878
81421,-5.26847,-36.025937
81422,-5.26,-36.06
81423,-5.38,-35.8
81424,-14.06,-42.573333
81425,-14.102852,-42.609358
81426,-14.096426,-42.604679
81428,-14.09,-42.6
81429,-14.12868,-42.681483
81430,-14.13434,-42.685742
81431,-14.14,-42.69
81432,-14.19,-42.5
81433,-14.12,-42.48
81434,-14.138099,-42.478715
81435,-14.16405,-42.489358
81436,-14.09,-42.526667
81437,-14.02,-42.626667
81438,-14.01,-42.633333
81439,-13.98,-42.636667
81440,-13.93,-42.653333
81441,-13.88,-42.67
81442,-14.08,-42.623333
81443,-14.13,-42.626667
81444,-14.18,-42.63
81445,-14.09,-42.63
81446,-14.15,-42.64
81447,-14.21,-42.65
81448,-14.076667,-42.613333
81449,-14.123333,-42.606667
81450,-14.17,-42.6
81451,-13.99,-42.62
81452,-13.95,-42.62
81453,-14,-42.64
81454,-13.91,-42.62
81455,-14.045136,-42.650494
81456,-14.023561,-42.61696
81457,-14.36846,-42.569007
81458,-14.110338,-42.630971
81459,-14.02,-42.67
81460,-13.98,-42.67
81461,-14.067121,-42.623919
81462,-14.066912,-42.623975
81463,-14.353839,-42.576029
81464,-14.065136,-42.650494
81465,-14.54,-42.58
81466,-14.33,-42.57
81467,-14.25,-42.55
81468,-14.020194,-42.653989
81469,-13.930156,-42.676979
81470,-13.84,-42.7
81471,-13.74125,-42.58125
81472,-13.89,-42.69
81473,-13.66,-42.57
81474,-14.088333,-42.53
81475,-14.09,-42.51
81476,-13.74625,-42.58625
81477,-13.67,-42.58
81478,-14.033333,-42.58
81479,-13.888834,-42.692537
81480,-13.889417,-42.691268
81481,-14.138333,-42.54
81482,-14.19,-42.53
81483,-14.086667,-42.55
81484,-13.8225,-42.5925
81485,-14.38,-42.62
81486,-14.308571,-42.562857
81487,-14.41,-42.65
81488,-14.55,-42.58
81489,-14.56,-42.58
81490,-14.31,-42.56
81491,-14.29,-42.56
81492,-14.43,-42.65
81493,-14.364286,-42.591429
81494,-14.474,-42.604
81495,-14.528,-42.588
81496,-14.400952,-42.634286
81497,-14.417619,-42.644286
81498,-14.27,-42.54
81499,-14.41,-42.65
81500,-14.412857,-42.632857
81501,-14.34,-42.59
81502,-14.45,-42.6
81503,-14.453333,-42.61
81504,-14.46,-42.59
81505,-14.486667,-42.6
81506,-14.47,-42.58
81507,-14.38,-42.6075
81508,-14.52,-42.59
81509,-14.415,-42.62
81510,-14.36,-42.59875
81511,-14.4275,-42.625
81512,-14.44,-42.63
81513,-14.49,-42.58
81514,-14.47,-42.59
81515,-14.36,-42.60375
81516,-14.34,-42.6
81517,-14.3975,-42.615
81518,-14.38,-42.61
81519,-11.639817,-41.367024
81520,-11.545,-41.32772
81521,-11.606962,-41.347046
81522,-11.583366,-41.333938
81523,-11.579852,-41.329367
81524,-11.591766,-41.337445
81525,-11.594199,-41.338548
81526,-11.54,-41.3
81527,-11.582621,-41.355518
81528,-11.606405,-41.355891
81529,-11.577852,-41.344378
81530,-11.587201,-41.351998
81531,-11.59487,-41.353002
81532,-11.597732,-41.354418
81533,-11.58,-41.36
81534,-11.559108,-41.314309
81535,-11.567602,-41.327386
81536,-11.55,-41.32
81537,-11.51,-41.31
81538,-11.07,-41.32
81539,-11.103294,-41.328988
81541,-11.08,-41.31
81542,-10.970332,-41.228825
81543,-10.955166,-41.229413
81544,-10.980166,-41.224413
81545,-10.99,-41.22
81546,-11.66,-41.36
81547,-11.84,-41.47
81548,-11.121647,-41.329494
81549,-11.14,-41.33
81550,-12.099338,-41.499892
81551,-12.1,-41.5
81552,-12.098014,-41.499677
81553,-12.098676,-41.499784
81554,-12.098676,-41.499784
81555,-11.6675,-41.36
81556,-11.66375,-41.36
81557,-11.62875,-41.32
81558,-11.59,-41.28
81559,-11.8125,-41.44875
81560,-11.8325,-41.43375
81561,-10.94,-41.23
81562,-11.785,-41.4275
81563,-11.88,-41.44
81564,-11.99,-41.51
81565,-11.981514,-41.490455
81566,-11.985757,-41.500228
81567,-11.086647,-41.324494
81568,-11.091647,-41.319494
81569,-11.7,-41.37
81570,-11.741667,-41.381667
81571,-11.711667,-41.376667
81572,-11.723333,-41.383333
81573,-11.76,-41.38
81575,-9.764497,-41.018094
81576,-9.772249,-41.014047
81577,-9.78,-41.01
81578,-9.748995,-41.006187
81579,-9.772249,-41.034047
81580,-9.78,-41.05
81581,-9.87,-41.1
81582,-9.766154,-41.014615
81583,-9.86,-41.06
81584,-9.89,-41.12
81585,-9.29,-41.04
81586,-9.26,-41.02
81587,-9.371429,-40.922857
81588,-9.302857,-41.015714
81589,-9.29,-41.08
81590,-9.672308,-40.969231
81591,-9.810769,-41.063077
81592,-9.533333,-40.44
81593,-9.506667,-40.46
81594,-9.520899,-40.480907
81595,-9.53,-40.48
81596,-10.013832,-40.9356
81597,-10.02,-40.93
81598,-9.511797,-40.481813
81599,-9.511813,-40.481817
81600,-9.502718,-40.482725
81601,-9.516362,-40.486363
81602,-10.02,-40.94
81603,-10.007664,-40.931201
81604,-9.53,-40.49
81605,-10.013832,-40.9306
81606,-9.56,-40.42
81607,-10.356884,-40.43831
81608,-10.336884,-40.43831
81609,-10.46,-40.49
81610,-10.36,-40.44
81611,-10.393129,-40.456445
81612,-10.424349,-40.472135
81613,-10.3,-40.44
81614,-10.355325,-40.437465
81615,-10.437682,-40.478801
81616,-10.44,-40.48
81617,-10.408697,-40.464269
81618,-10.415364,-40.467603
81619,-10.408725,-40.464283
81620,-10.415392,-40.467616
81621,-10.358442,-40.439155
81622,-10.318442,-40.439155
81623,-10.356884,-40.43831
81624,-10.336884,-40.43831
81625,-12.31,-42.345
81626,-12.31,-42.35
81628,-12.24,-42.38
81629,-12.275,-42.36
81631,-11.194434,-42.539971
81632,-11.197212,-42.629974
81633,-11.12,-42.69
81634,-11.155823,-42.569983
81635,-11.191632,-42.449963
81636,-11.12,-42.68
81637,-11.2,-42.72
81638,-11.172327,-42.459986
81639,-11.1825,-41.765
81640,-11.13625,-41.7675
81641,-11.10125,-41.7175
81642,-11.09,-41.77
81643,-11.02,-41.67
81644,-11.22466,-42.239984
81645,-13.32,-43.36
81646,-13.316667,-43.356667
81647,-13.313333,-43.353333
81648,-13.32,-43.3
81649,-13.316667,-43.316667
81650,-13.32,-43.35
81651,-13.313333,-43.333333
81652,-13.3,-43.32
81653,-13.34,-43.35
81654,-13.32,-43.35
81655,-13.33,-43.35
81656,-13.313333,-43.35
81657,-13.316667,-43.35
81658,-13.313333,-43.35
81659,-13.303333,-43.33
81660,-13.306667,-43.34
81661,-13.336667,-43.296667
81662,-13.363333,-43.253333
81663,-13.39,-43.21
81664,-13.323333,-43.316667
81665,-13.336667,-43.293333
81666,-13.35,-43.27
81667,-12.173983,-44.783557
81668,-12.18195,-44.73067
81669,-12.095637,-44.986653
81670,-12.138823,-44.884814
81671,-12.096468,-44.984242
81672,-12.06,-45.09
81673,-12.074567,-45.047757
81674,-12.088514,-45.00731
81675,-12.084265,-45.011832
81676,-12.108265,-44.957832
81677,-12.066823,-45.046814
81678,-12.177967,-44.757113
81679,-12.05,-45.08
81680,-12.1,-44.99
81681,-12.07,-45.03
81682,-12.04,-45.07
81683,-9.55,-40.43
81684,-9.53,-40.46
81685,-9.51,-40.49
81686,-7.465,-40.75
81687,-7.475,-40.755
81688,-7.45,-40.74
81689,-7.47,-40.75
81690,-7.64,-40.65
81691,-7.56,-40.67
81692,-7.750234,-40.655685
81693,-7.870372,-40.652005
81694,-7.72037,-40.679976
81695,-7.69,-40.69
81697,-7.679544,-40.669131
81698,-7.756743,-40.665742
81699,-7.779144,-40.663726
81700,-7.800009,-40.661897
81701,-7.75035,-40.670001
81702,-7.729216,-40.668255
81703,-7.754726,-40.665928
81704,-7.77984,-40.663683
81705,-7.677503,-40.652618
81706,-7.623164,-40.664476
81707,-7.720975,-40.657164
81708,-7.778461,-40.654311
81709,-7.714623,-40.65526
81710,-7.686602,-40.658947
81711,-7.718818,-40.657282
81712,-7.751155,-40.655646
81713,-7.63,-40.67
81714,-7.332544,-40.553481
81715,-7.397632,-40.580444
81717,-7.3,-40.54
81719,-7.397632,-40.580444
81720,-8.005177,-40.578017
81721,-7.897971,-40.652405
81722,-7.782571,-40.671286
81723,-7.790801,-40.695127
81724,-7.768298,-40.655601
81725,-7.783298,-40.645601
81726,-7.848525,-40.666077
81727,-7.816961,-40.651221
81728,-7.75,-40.67
81729,-7.77,-40.71
81730,-7.72,-40.66
81731,-7.75,-40.64
81732,-7.374579,-40.578266
81733,-7.351526,-40.576089
81734,-8.033833,-40.686853
81735,-7.34,-40.59
81736,-8.032561,-40.691238
81737,-8.035069,-40.682466
81738,-8.033823,-40.686823
81739,-8.033823,-40.679354
81740,-8.033833,-40.679315
81741,-7.999543,-40.581939
81742,-8.001014,-40.573105
81743,-8.002466,-40.564382
81744,-8.018462,-40.628462
81745,-7.38,-40.57
81746,-8.02,-40.61
81747,-8.01,-40.64
81748,-8,-40.61
81749,-8.016154,-40.626154
81750,-8.009231,-40.619231
81751,-8.005163,-40.578085
81752,-7.34,-40.56
81753,-7.391755,-40.576963
81754,-7.385877,-40.573481
81755,-8.031282,-40.65812
81756,-8.032561,-40.676201
81757,-8.031282,-40.710598
81758,-8.037535,-40.681233
81759,-7.81362,-40.672507
81760,-7.812851,-40.680319
81761,-7.829633,-40.673133
81766,-7.831686,-40.67322
81767,-8.03,-40.73
81768,-8.04,-40.68
81769,-8.018936,-40.615953
81770,-8.007897,-40.591964
81771,-7.989782,-40.580968
81772,-8.001233,-40.542186
81773,-7.98,-40.58
81774,-8,-40.52
81775,-8.00099,-40.572991
81778,-7.365088,-40.566963
81779,-5.39,-36.094286
81780,-5.38,-36.11
81781,-5.4,-36.078571
81782,-5.4,-36.078571
81783,-10.015812,-45.295202
81784,-10.11,-45.28
81785,-9.9922,-45.302406
81786,-9.994136,-45.304343
81787,-10.076664,-45.286242
81788,-10.072549,-45.294084
81789,-10.077852,-45.287429
81790,-10.11,-45.29
81791,-10.11,-45.28
81792,-10.1,-45.28
81793,-10.11,-45.28
81794,-10.072549,-45.28604
81795,-10.013698,-45.298199
81796,-10.015812,-45.300313
81797,-10.035709,-45.293694
81798,-10.03978,-45.293119
81799,-10.019384,-45.297167
81800,-9.994136,-45.300609
81801,-10.039452,-45.297437
81802,-10.042101,-45.295441
81803,-10.11,-45.27
81804,-10.077852,-45.279176
81805,-10.021564,-45.299348
81806,-10.039452,-45.291331
81807,-10.042101,-45.28896
81808,-10.021564,-45.294211
81809,-9.935678,-45.31382
81810,-10.065702,-45.287237
81811,-10.153469,-38.641809
81812,-10.152089,-38.631109
81813,-10.150703,-38.620358
81814,-10.149689,-38.612492
81815,-10.155244,-38.65557
81816,-10.153623,-38.643002
81817,-10.152022,-38.630587
81818,-10.15084,-38.62142
81819,-10.143114,-38.561506
81820,-10.162625,-38.712806
81821,-10.17,-38.77
81822,-10.156557,-38.675753
81823,-10.17,-38.79
81824,-18.86,-49.018
81825,-18.875,-49.024
81826,-18.88,-49.024
81827,-18.885,-49.024
81828,-18.89,-49.03
81829,-18.9,-49.03
81830,-18.91,-49.03
81831,-19.76875,-46.87875
81832,-19.78,-46.83
81833,-19.79,-46.84
81834,-19.7475,-46.9175
81835,-19.76375,-46.87375
81836,-15.34,-43.62
81837,-15.438,-43.57
81838,-19.87,-50.37
81839,-19.87,-50.37
81840,-19.88,-50.56
81841,-19.88,-50.38
81842,-19.942519,-50.419787
81843,-19.897504,-50.389926
81844,-19.91251,-50.45988
81845,-20.21354,-50.062788
81846,-20.2,-50.04
81847,-19.77,-47.04
81848,-17.559343,-44.683277
81849,-17.554325,-44.693456
81850,-17.56427,-44.673326
81851,-17.553384,-44.696887
81852,-17.549104,-44.704085
81853,-17.550193,-44.698177
81854,-17.529167,-44.740522
81855,-17.5,-44.81
81856,-17.514602,-44.775218
81857,-17.522553,-44.748494
81858,-17.49,-44.8
81859,-17.506323,-44.774154
81860,-17.5321,-44.731008
81861,-17.532121,-44.730929
81862,-17.541247,-44.714349
81863,-17.541375,-44.714095
81864,-17.5467,-44.713423
81865,-17.539576,-44.72199
81866,-17.54,-44.73
81867,-17.53,-44.74
81868,-17.55433,-44.693432
81869,-17.55941,-44.683134
81870,-16.257083,-43.492917
81871,-16.257083,-43.492917
81872,-16.464167,-43.535833
81873,-16.249583,-43.485417
81874,-16.249583,-43.485417
81875,-16.459167,-43.530833
81876,-16.05,-43.45
81877,-16.05,-43.45
81878,-16.04,-43.44
81879,-16.04,-43.44
81880,-20.777801,-51.529628
81881,-20.79,-51.53
81882,-20.79,-51.52
81883,-20.777801,-51.524628
81884,-14.8,-43.64
81885,-14.78,-43.63
81886,-14.77,-43.63
81887,-14.79,-43.64
81888,-15.716038,-45.951939
81889,-15.412578,-45.080887
81890,-15.22368,-44.537536
81891,-15.18872,-44.440414
81892,-15.305085,-44.773309
81893,-15.387162,-45.077322
81894,-15.187007,-44.532892
81895,-15.136212,-44.432134
81896,-15.266794,-44.767513
81897,-15.060356,-44.064545
81898,-15.046422,-44.036085
81899,-15.02675,-44.062169
81900,-14.965499,-44.022008
81901,-15.300983,-44.761634
81902,-15.261947,-44.75569
81903,-14.9,-43.6
81904,-14.9,-43.62
81905,-14.87,-43.6
81906,-14.79,-43.6
81907,-15.371826,-45.090415
81908,-15.158702,-44.554705
81909,-15.115821,-44.453841
81910,-15.24893,-44.784759
81911,-15.367799,-45.090261
81912,-15.149888,-44.553315
81913,-15.112996,-44.45566
81914,-15.245413,-44.785519
81915,-14.977631,-44.093122
81916,-14.950288,-44.047793
81917,-14.958277,-44.087462
81918,-14.953824,-44.053663
81919,-15.244176,-44.773063
81920,-15.240806,-44.77392
81921,-17.384786,-45.153365
81922,-17.318936,-45.187056
81923,-17.286486,-45.182263
81924,-17.293153,-45.195596
81925,-17.299819,-45.202263
81926,-17.293153,-45.20893
81927,-17.286486,-45.215597
81928,-17.352179,-45.170048
81929,-17.352179,-45.170048
81930,-17.352179,-45.170048
81931,-17.352179,-45.170048
81932,-17.302972,-45.184526
81933,-17.306305,-45.191193
81934,-17.309639,-45.194526
81935,-17.306305,-45.19786
81936,-17.302972,-45.201193
81937,-17.302972,-45.184526
81938,-17.306305,-45.191193
81939,-17.309639,-45.194526
81940,-17.306305,-45.19786
81941,-17.302972,-45.201193
81942,-17.27,-45.18
81943,-17.28,-45.2
81944,-17.29,-45.21
81945,-17.28,-45.22
81946,-17.27,-45.23
81947,-17.395245,-45.173096
81948,-17.37183,-45.210953
81949,-17.358497,-45.210953
81950,-17.345163,-45.204286
81951,-17.383578,-45.191985
81952,-17.376912,-45.191985
81953,-17.370245,-45.188651
81954,-17.38366,-45.191905
81955,-17.376993,-45.191905
81956,-17.370326,-45.188572
81957,-17.36,-45.23
81958,-17.34,-45.23
81959,-17.32,-45.22
81960,-16.3,-43.67
81961,-7.38125,-38.8025
81962,-7.355,-38.75875
81963,-7.39625,-38.8325
81964,-7.36,-38.7675
81965,-7.3825,-38.805
81966,-7.35,-38.75
81967,-7.355,-38.76375
81968,-7.38,-38.8
81969,-7.35,-38.76
81970,-7.41,-38.86
81971,-5.42,-36.22
81972,-5.42625,-36.22
81973,-5.33,-36.19
81974,-5.42125,-36.22
81975,-5.4325,-36.22
81976,-5.41,-36.22
81977,-5.62,-36.25
81978,-5.58,-36.17
81979,-5.57,-36.2
81980,-5.53,-36.23
81981,-5.603858,-36.232085
81982,-5.583858,-36.192085
81983,-5.575432,-36.21834
81984,-5.784537,-35.921832
81985,-5.722268,-36.015916
81986,-5.66,-36.11
81987,-5.42,-36.21
81988,-5.48,-36.22
81989,-5.37,-36.2
81990,-5.722268,-35.990916
81991,-5.66,-36.06
81992,-5.436667,-36.216667
81993,-5.49,-36.23
81994,-5.727268,-36.010916
81995,-5.67,-36.1
81996,-5.587716,-36.21417
81997,-5.562716,-36.21667
81998,-5.566358,-36.208335
81999,-5.546358,-36.223335
82000,-5.253034,-37.970993
82001,-5.25,-37.97
82002,-5.247034,-37.976993
82003,-5.260045,-37.971991
82004,-5.256052,-37.97199
82005,-5.255079,-37.972984
82006,-5.254052,-37.97399
82007,-5.255079,-37.972984
82008,-5.24,-37.98
82010,-7.437143,-38.984286
82011,-7.413571,-38.987143
82012,-7.413571,-38.982143
82013,-7.39,-38.99
82014,-7.39,-38.98
82015,-12.31375,-42.6175
82016,-12.32625,-42.62375
82017,-12.32125,-42.61875
82018,-12.31,-42.62
82021,-12.31875,-42.6175
82022,-12.32,-42.62
82023,-12.33,-42.63
82024,-12.32,-42.62
82025,-12.3175,-42.615
82026,-12.3225,-42.6175
82027,-12.73074,-42.033752
82028,-12.729236,-42.03996
82029,-12.72,-42.04
82030,-12.764156,-42.045917
82031,-12.756068,-42.053654
82032,-12.686703,-42.048252
82033,-12.737441,-42.037858
82034,-12.73819,-42.039843
82035,-12.74311,-42.039902
82036,-12.72013,-42.04413
82037,-12.78,-42.05
82038,-12.78,-42.06
82039,-12.66,-42.05
82040,-12.748642,-42.04193
82041,-12.742719,-42.039796
82042,-12.727669,-42.04173
82043,-12.732602,-42.047267
82044,-12.712888,-42.046573
82045,-12.720773,-42.044072
82046,-9.69,-40.68
82047,-9.682873,-40.681975
82048,-9.677769,-40.681687
82049,-9.670427,-40.681975
82050,-9.682655,-40.681687
82051,-9.68,-40.68
82052,-9.67,-40.68
82053,-9.69,-40.68
82054,-9.673196,-40.684448
82055,-9.670972,-40.685491
82056,-9.672474,-40.684448
82057,-9.669618,-40.685491
82058,-9.668906,-40.686481
82059,-9.675763,-40.683946
82060,-9.675567,-40.683362
82061,-9.67322,-40.684444
82062,-9.671012,-40.685476
82063,-9.666824,-40.686481
82064,-9.670853,-40.683946
82065,-9.675329,-40.683362
82066,-9.672455,-40.684444
82067,-9.669645,-40.685476
82068,-30.132,-50.95
82069,-30.224,-50.84
82070,-30.28,-50.8
82071,-30.26,-50.77
82072,-26.771654,-51.792598
82073,-26.726663,-51.773558
82074,-26.735335,-51.776834
82075,-26.726663,-51.773558
82076,-26.6,-51.72
82077,-26.726663,-51.773558
82078,-26.701501,-51.762626
82079,-26.735335,-51.776834
82080,-26.735335,-51.776834
82081,-30.83,-55.723333
82082,-30.84,-55.73
82083,-30.85,-55.69
82084,-30.8,-55.71
82085,-30.836667,-55.696667
82086,-30.803333,-55.71
82087,-30.82,-55.716666
82088,-30.823333,-55.703334
82089,-30.806667,-55.71
82090,-30.846662,-55.71
82091,-30.816,-55.694
82092,-30.836666,-55.72
82093,-30.863333,-55.73
82094,-30.82,-55.716667
82095,-30.823333,-55.703333
82096,-30.806667,-55.71
82097,-30.846673,-55.71
82098,-30.816,-55.694
82099,-30.836667,-55.72
82100,-30.92,-55.71
82101,-30.89,-55.74
82102,-30.88,-55.68
82103,-30.883338,-55.71
82104,-30.822,-55.678
82105,-30.77,-55.66
82106,-30.883327,-55.71
82107,-33.17,-52.92
82108,-33.1,-52.88
82109,-33.08,-52.85
82110,-33.136058,-52.963758
82111,-33.13588,-52.96373
82112,-33.111804,-52.890768
82113,-33.09602,-52.870409
82114,-33.131797,-52.937438
82115,-33.127956,-52.911184
82116,-33.148858,-52.915573
82117,-33.118471,-52.900768
82118,-33.109353,-52.890409
82119,-33.52,-53.27
82120,-33.57,-53.28
82121,-33.625469,-53.360279
82122,-33.570429,-53.326781
82123,-33.536839,-53.288734
82124,-33.625469,-53.360279
82125,-33.553507,-53.292067
82126,-33.570429,-53.326781
82127,-33.536839,-53.288734
82128,-33.553507,-53.292067
82129,-33.546506,-53.31414
82130,-33.545617,-53.298314
82131,-33.52842,-53.279367
82132,-33.561754,-53.286034
82133,-33.585988,-53.33721
82134,-33.665156,-53.383426
82135,-33.62,-53.34
82136,-33.68,-53.41
82137,-33.520378,-53.313434
82138,-33.508219,-53.307053
82139,-33.69,-53.38
82140,-33.495213,-53.306723
82141,-33.508151,-53.30702
82142,-33.49526,-53.306736
82143,-33.545403,-53.320107
82144,-33.595214,-53.33339
82145,-29.968775,-50.308047
82146,-29.950626,-50.298418
82147,-29.955704,-50.29572
82148,-29.965442,-50.294713
82149,-29.955442,-50.28138
82150,-29.948775,-50.298047
82151,-29.945442,-50.298047
82152,-29.955442,-50.29138
82153,-29.96,-50.28
82154,-29.93,-50.3
82155,-29.99,-50.29
82156,-29.94,-50.3
82157,-29.96,-50.25
82158,-30,-50.33
82159,-4.10853,-41.485899
82160,-4.10853,-41.485899
82161,-4.105653,-41.477628
82162,-4.107341,-41.481875
82163,-4.107048,-41.481812
82164,-4.107341,-41.481875
82165,-4.11,-41.49
82166,-4.11,-41.49
82167,-4.125575,-41.446818
82168,-4.131575,-41.452818
82169,-4.115713,-41.45952
82170,-4.12155,-41.453498
82171,-4.122153,-41.454624
82172,-4.12355,-41.455498
82173,-4.13,-41.44
82174,-4.14,-41.45
82175,-4.1074,-41.48196
82176,-4.122715,-41.454394
82177,-5.808,-36.696
82178,-5.8,-36.64
82179,-17.63,-44.75
82180,-17.621089,-45.009143
82181,-17.624056,-44.975709
82182,-17.624178,-44.97499
82183,-17.627089,-44.942495
82184,-17.620722,-44.975709
82185,-17.620845,-44.97499
82186,-17.620422,-44.942495
82187,-17.63,-44.91
82188,-17.62,-44.91
82189,-8.52208,-37.842331
82190,-6.417493,-35.757994
82191,-7.464128,-36.794629
82192,-6.417493,-35.757994
82193,-7.46416,-36.794661
82194,-9.58,-38.89
82195,-6.44,-35.78
82196,-6.428747,-35.768997
82197,-6.40624,-35.746992
82198,-4.09,-41.44
82199,-4.194286,-41.548571
82200,-4.298571,-41.657143
82201,-16.1,-45.61
82202,-17.68,-44.8
82203,-17.883526,-44.896225
82204,-17.886482,-44.897601
82205,-17.934234,-44.965963
82206,-17.952128,-44.992885
82207,-17.916531,-44.941419
82208,-17.933499,-44.964559
82209,-17.912712,-44.935554
82210,-17.85,-44.85
82211,-17.86,-44.86
82212,-8.85,-44.17
82213,-8.967143,-43.952857
82214,-8.908571,-44.061429
82215,-7.25,-43.15
82216,-7.366,-43.048
82217,-11.8,-42.592857
82218,-11.8,-42.561429
82219,-11.8,-42.53
82220,-18.2,-45.27
82221,-18.148109,-45.477646
82222,-18.165631,-45.407599
82223,-18.165704,-45.40727
82224,-18.182816,-45.338799
83000,-5.14,-37.02
83001,-5.05,-37.04
83002,-5.02,-37.06
