! NUM ...........Latitude ..........Longitude
    1 -9.4919440000000002          -35.848889
    2 -13.836944000000001 -39.277500000000003
    3          -13.836974          -39.277566
    4 -13.851069000000001 -39.280233000000003
    5          -13.984937 -39.477066999999998
  103 -8.6310749999999992          -35.197592
  104 -8.5091090000000005 -35.597729999999999
  105 -8.3476320000000008 -35.342401000000002
  106 -8.3531860000000009 -35.402714000000003
  332          -12.351191 -42.338524999999997
  333 -9.5175479999999997 -40.886394000000003
  334          -12.312699 -42.350988000000001
  335          -12.278703 -42.362603999999997
  336 -14.155455999999999 -42.638219999999997
  337 -13.882300000000001 -42.663049999999998
  338          -14.183147 -42.622748999999999
  339 -14.176944000000001 -42.654063000000001
  340 -13.895694000000001 -42.676889000000003
  341 -14.014749999999999 -42.633861000000003
  342 -14.185150999999999 -42.591073000000002
  343          -13.860574          -42.657342
  344 -13.987944000000001 -42.638944000000002
  345 -13.862944000000001 -42.672666999999997
  346 -14.202139000000001 -42.658898999999998
  347          -14.201708 -42.618310000000001
  348          -14.164028 -42.600555999999997
  349 -14.218915000000001 -42.641387999999999
  350             -14.185             -42.503
  351 -9.8745919999999998 -41.095714999999998
  352 -14.219443999999999 -42.506999999999998
  353 -9.8638440000000003 -41.104174999999998
  354 -9.8746930000000006 -41.093010999999997
  355 -14.119464000000001 -42.614083000000001
  356          -13.964266 -42.638863000000001
  357          -14.129593 -42.559654999999999
  358          -14.088509 -42.682707999999998
  359          -14.102598 -42.610657000000003
  360          -14.147273 -42.711851000000003
  361           -9.498583 -40.878999999999998
  362 -11.664249999999999 -41.362000000000002
  363          -11.733361 -41.372999999999998
  364 -11.796462999999999 -41.393383999999998
  365 -14.338138000000001 -42.591090999999999
  366          -14.346057 -42.613683999999999
  367          -14.419889 -42.628720000000001
  368          -14.452802 -42.640996000000001
  369          -14.391171          -42.593854
  370          -14.292691 -42.585268999999997
  371          -14.377552 -42.609386000000001
  372          -14.133706 -42.602358000000002
  373 -14.029151000000001          -42.616076
  374 -14.152324999999999 -42.681592000000002
  375 -14.172033000000001 -42.700223999999999
  376          -14.468862 -42.583559000000001
  377          -14.529235          -42.586731
  378          -13.917985 -42.620446000000001
  379 -14.495723999999999 -42.582859999999997
  380          -14.476963          -42.585251
  381          -13.910024 -42.624172000000002
  382 -14.508400999999999 -42.586651000000003
  383 -10.627701999999999 -40.685535000000002
  384 -10.583277000000001 -40.637447000000002
  385 -10.569561999999999 -40.628582999999999
  386 -10.556679000000001 -40.568676000000004
  387          -14.163217 -42.484490000000001
  388           -10.51956 -40.611384000000001
  389 -13.837918999999999 -42.648637999999998
  390          -11.822457 -41.459062000000003
  391 -9.8867940000000001          -41.120331
  392 -9.8497050000000002 -41.056519000000002
  393          -11.893431 -41.458331000000001
  394 -11.856718000000001 -41.474221999999997
  395 -11.184106999999999 -42.705312999999997
  396 -14.114634000000001 -42.474949000000002
  397          -11.163795 -42.670648999999997
  398 -14.141481000000001 -42.478267000000002
  399 -9.8627640000000003 -41.083416999999997
  400           -11.86162 -41.416144000000003
  401 -11.071039000000001          -42.678815
  402          -14.277823 -42.543458999999999
  403 -14.315912000000001 -42.572139999999997
  404          -13.894795 -42.702697999999998
  405 -14.325692999999999          -42.571852
  406          -13.907722 -42.705021000000002
  407 -14.549962000000001 -42.580643999999999
  408          -14.556181          -42.582048
  409 -13.915585999999999 -42.697781999999997
  410          -14.259561 -42.554319999999997
  411          -14.445209 -42.691718999999999
  412 -14.331822000000001 -42.612802000000002
  413 -14.412775999999999 -42.659942000000001
  414 -14.431882999999999 -42.691893999999998
  415          -14.419038 -42.641928999999998
  416          -14.283559 -42.593245000000003
  417 -14.270170999999999 -42.575490000000002
  418 -14.320176999999999 -42.610275000000001
  419          -14.481477 -42.640872000000002
  420 -14.503057999999999 -42.651364000000001
  421 -9.2705509999999993 -41.050094000000001
  422          -14.108207 -42.474611000000003
  423 -9.3148020000000002 -41.117485000000002
  424 -10.606096000000001 -40.654496999999999
  425          -14.470953 -42.665526999999997
  426 -9.8477499999999996          -41.053891
  427 -9.8717469999999992 -41.063110000000002
  428          -10.664992 -41.604517999999999
  429          -10.679477 -41.520631000000002
  430 -10.669916000000001 -41.509506999999999
  431          -10.640248 -41.507582999999997
  432 -10.649883000000001          -41.596086
  433 -10.638643999999999 -41.614341000000003
  434          -10.586323 -41.490183000000002
  435          -10.646925 -41.564666000000003
  436 -10.652818999999999 -41.497253999999998
  437          -10.694148 -41.568716000000002
  438          -10.650271 -41.587366000000003
  439 -12.015582999999999 -41.446261999999997
  440          -11.984325 -41.444549000000002
  441 -12.032425999999999 -41.456539999999997
  442 -10.673446999999999 -41.604745000000001
  443 -10.697722000000001 -41.582321999999998
  444 -13.931228000000001 -41.560865999999997
  445 -13.970133000000001          -41.550179
  446          -14.009508 -41.533276999999998
  447          -13.835063 -42.703777000000002
  448 -14.044055999999999 -42.654293000000003
  449 -13.826610000000001 -42.704284999999999
  450           -14.32898 -42.572302000000001
  451          -13.994598 -42.690783000000003
  452 -13.863557999999999 -42.690897999999997
  453 -13.829375000000001 -42.690823000000002
  454          -13.841875 -42.690564999999999
  455 -14.015459999999999 -42.663302999999999
  456 -13.979888000000001 -42.665188999999998
  457          -14.254035 -42.549050000000001
  458          -14.016968 -42.676409999999997
  459 -14.535572999999999 -42.575839000000002
  460 -11.170555999999999 -42.681320999999997
  461 -11.047473999999999 -42.687598999999999
  462 -11.177424999999999          -42.736905
  463          -11.134978 -42.653472999999998
  464          -11.212712 -42.699851000000002
  465 -11.106515999999999          -42.671498
  466          -11.090365 -42.683008000000001
  467 -11.122780000000001 -42.684069999999998
  468 -11.131074999999999 -42.696798000000001
  469          -11.115297 -42.669899999999998
  470          -10.057509 -40.978679999999997
  471          -10.036946 -40.958618000000001
  472          -10.022876 -40.928364000000002
  473 -14.005466999999999 -42.667040999999998
  474          -14.266978 -42.536433000000002
  475 -13.980840000000001 -42.678781000000001
  476 -9.7660239999999998 -41.022669999999998
  477          -11.095466 -41.305669999999999
  478           -11.09014          -41.315365
  479          -11.048995 -41.325203000000002
  480          -11.056587 -41.315486999999997
  481 -11.083843999999999           -41.30106
  482 -11.068103000000001          -41.318787
  483          -11.076978 -41.321587000000001
  484 -11.098865999999999 -41.315866999999997
  485          -14.451362 -42.650472000000001
  486 -10.004918999999999 -40.933793999999999
  487 -10.065803000000001 -40.980929000000003
  488 -10.029237999999999 -40.951968999999998
  489 -9.9863219999999995 -40.910739999999997
  490 -11.987674999999999 -41.525857000000002
  491 -11.974740000000001 -41.522136000000003
  492 -11.986171000000001          -41.491425
  493          -12.131297 -41.496662000000001
  494           -12.11018 -41.506776000000002
  495 -11.190137999999999 -38.781705000000002
  496 -11.329454999999999 -38.804538000000001
  497          -11.420052          -38.812891
  498          -11.227957 -38.792009999999998
  499 -11.256467000000001 -38.811247999999999
  500          -11.285933           -38.79907
  501          -11.298496 -38.801333999999997
  502          -10.387003 -40.458851000000003
  503          -11.078763          -41.268079
  504          -10.289825 -40.434052999999999
  505          -11.761353 -41.389287000000003
  506 -13.706918999999999 -42.600118000000002
  507 -13.625203000000001 -42.550866999999997
  508 -11.624949000000001          -41.352131
  509          -10.322671 -40.436722000000003
  510           -10.31053          -40.440365
  511 -10.410982000000001 -40.466442999999998
  512          -10.265075          -40.430619
  513          -10.243095 -40.424477000000003
  514          -10.344756 -40.437753999999998
  515 -10.367827999999999 -40.442233000000002
  516 -11.099361999999999          -41.280884
  517          -11.130735 -41.287331999999999
  518          -11.126474 -41.303339999999999
  519 -11.035394999999999 -42.632111000000002
  520 -11.081227999999999 -42.618001999999997
  521          -10.502903          -41.540087
  522 -10.489782999999999 -41.511547999999998
  523 -10.422969999999999 -41.428507000000003
  524 -10.421148000000001           -41.39573
  525          -10.522943 -41.493617999999998
  526          -10.449551 -41.448067999999999
  527 -10.672349000000001 -41.570450999999998
  528           -10.59761 -41.494658999999999
  529          -10.701005 -41.595077000000003
  530          -10.624528          -41.602795
  531 -10.646763999999999          -41.533369
  532 -11.598539000000001 -41.339426000000003
  533          -11.607504          -41.315742
  534 -11.587414000000001 -41.228529000000002
  535          -11.578676          -41.303424
  536 -11.558337999999999 -41.301727999999997
  537          -11.530592 -41.320241000000003
  538          -11.507978 -41.294581999999998
  539 -11.499193999999999 -41.291092999999996
  540 -11.516939000000001 -41.280067000000003
  541          -11.559025 -41.330043000000003
  542 -11.526127000000001 -41.331713999999998
  543 -10.465446999999999 -41.493467000000003
  544          -10.459999 -41.393160999999999
  545          -10.402464 -41.493504000000001
  546          -10.405412 -41.448644999999999
  547          -10.402737 -41.446361000000003
  548 -10.506686999999999          -41.486767
  549          -10.462586 -41.394038999999999
  550 -10.511030999999999 -41.454514000000003
  551          -10.446783 -41.500832000000003
  552          -10.489091 -41.434454000000002
  553 -10.440797999999999 -41.467599999999997
  554          -10.462954 -41.514052999999997
  555           -10.42029 -41.478639000000001
  556 -10.440901999999999 -41.572307000000002
  557          -10.480451 -41.576878999999998
  558 -10.509423999999999 -41.611685999999999
  559          -10.941143 -42.561033999999999
  560 -10.990149000000001 -42.516522000000002
  561 -10.991699000000001 -42.500641999999999
  562          -11.586931 -41.338952999999997
  563 -11.583424000000001 -41.356796000000003
  564 -11.006360000000001          -41.227128
  565 -10.913016000000001 -41.221426999999998
  566          -10.939695 -41.228897000000003
  567 -10.958197999999999 -41.233434000000003
  568 -10.976119000000001 -41.219949999999997
  569 -9.5028649999999999 -40.914228000000001
  570          -10.898042 -42.538646999999997
  571 -10.911538999999999 -42.546207000000003
  572           -10.97171 -42.561779999999999
  573 -10.987372000000001 -42.560892000000003
  574          -10.976181 -42.510154999999997
  575          -12.015487 -41.495448000000003
  576           -12.06263 -41.486265000000003
  577          -13.649829 -42.577156000000002
  578 -9.8050840000000008 -41.022708999999999
  579 -9.8160299999999996 -41.038888999999998
  580 -9.8355409999999992 -41.042696999999997
  581 -12.084231000000001 -41.493625999999999
  582 -9.9698449999999994 -40.881554999999999
  583          -11.359969 -38.804076999999999
  584 -9.7891510000000004 -41.012894000000003
  585 -14.412675999999999 -42.649760999999998
  586          -14.415362 -42.641123999999998
  587 -9.5494500000000002 -40.895798999999997
  588          -11.120358 -41.324219999999997
  589 -14.408796000000001 -42.648645999999999
  590 -11.139889999999999 -41.308487999999997
  591          -10.442022          -40.461658
  592          -10.428616 -40.506891000000003
  593          -10.473618 -40.523963999999999
  594 -9.2602089999999997 -41.016812999999999
  595 -9.7501029999999993 -40.975326000000003
  596 -9.6741820000000001 -41.110137999999999
  597 -11.388814999999999 -42.147151000000001
  598 -11.374534000000001 -42.177213000000002
  599          -11.409485 -42.159433999999997
  600          -11.454006 -42.169218999999998
  601 -11.488277999999999 -42.134037999999997
  602          -11.381257 -42.175581000000001
  603 -11.500621000000001 -42.145344000000001
  604 -11.443460999999999 -42.159581000000003
  605 -11.427509000000001 -42.157871999999998
  606 -11.520879000000001 -42.144103999999999
  607          -11.126576 -41.326419000000001
  608          -11.132785 -41.328628000000002
  609 -11.142658000000001          -41.331553
  610 -11.149369999999999 -41.333033999999998
  611 -11.159387000000001 -41.336069999999999
  612 -9.0316010000000002 -41.700589999999998
  613           -9.073836 -41.714804000000001
  614          -10.786071 -41.442222000000001
  615          -10.805149 -41.436270999999998
  616          -10.827251 -41.451138999999998
  617          -10.818598 -41.486888999999998
  618          -10.785192          -41.493496
  619 -10.766795999999999 -41.530109000000003
  620 -10.759436000000001 -41.498429000000002
  621          -10.754813 -41.478788999999999
  622 -13.658327999999999 -42.576016000000003
  623           -13.68371 -42.593857999999997
  624          -13.640561          -42.547984
  625 -13.677156999999999 -42.573217999999997
  626 -10.189228999999999 -38.775069999999999
  627 -10.146644999999999 -38.771320000000003
  628          -11.025392 -42.641050999999997
  629          -11.035961 -42.614519999999999
  630          -11.060369 -42.630623999999997
  631 -11.083933999999999 -42.626629999999999
  632 -11.107348999999999          -42.629241
  633          -11.066169 -42.603001999999996
  634 -10.982196999999999 -42.610101999999998
  635 -10.997407000000001 -42.624201999999997
  636          -11.018552 -42.676492000000003
  637 -11.021879999999999 -42.603709000000002
  638 -11.141336000000001 -42.633912000000002
  639          -11.023761 -42.589030999999999
  640 -3.4952779999999999 -38.933889000000001
  641 -4.1936309999999999 -38.076560000000001
  642 -2.8150979999999999 -40.234875000000002
  643           -2.851343 -39.965936999999997
  644 -4.1255559999999996          -38.150278
  645           -2.905097 -41.039248000000001
  646 -4.5358330000000002 -37.695278000000002
  647           -4.589143 -37.637664000000001
  648           -3.017865 -39.674070999999998
  649 -3.4314740000000001 -38.961967000000001
  650 -4.3630560000000003 -37.883889000000003
  651 -4.4699999999999998 -37.670000000000002
  652 -4.4670500000000004          -37.757717
  653 -3.5447600000000001 -38.888742999999998
  654 -3.5102890000000002 -38.916392000000002
  655 -4.4471970000000001 -37.759557000000001
  656 -2.8852600000000002 -39.983902999999998
  657 -2.8855469999999999          -39.972099
  658           -3.027409 -39.620907000000003
  659 -2.9158909999999998 -39.954438000000003
  660            -3.54216 -38.878402999999999
  661           -3.436744 -38.985368000000001
  662           -3.369945 -39.262098000000002
  663 -3.3220649999999998 -39.267054000000002
  664 -3.3187639999999998 -39.239595999999999
  665            -3.34782 -39.265248999999997
  666           -3.214709 -39.328842000000002
  667 -3.3218000000000001 -39.267145999999997
  668 -3.0660229999999999 -39.596929000000003
  669 -4.5633889999999999 -37.688471999999997
  670 -3.0811829999999998 -39.594861000000002
  671 -3.5283099999999998           -38.89846
  672 -3.8780969999999999 -41.175094999999999
  673 -3.8944299999999998 -41.196945999999997
  674 -3.8795269999999999          -41.153371
  675 -3.8530069999999998 -41.183383999999997
  676           -3.888773 -41.185625999999999
  677           -3.193587 -39.374642999999999
  678 -3.2216670000000001 -39.289999999999999
  679 -3.2631519999999998 -39.215887000000002
  680 -3.2010700000000001 -39.364714999999997
  681 -3.0665559999999998 -39.702587999999999
  682           -3.098249 -39.678552000000003
  683 -3.0984120000000002          -39.666283
  684 -3.9466130000000001 -41.123035000000002
  685 -4.4274290000000001 -37.870857000000001
  686 -3.2470159999999999 -39.250230000000002
  687 -3.2602959999999999 -39.248342999999998
  688 -3.2732610000000002 -39.224673000000003
  689           -4.656561 -37.612293000000001
  690 -4.5921019999999997 -37.713946999999997
  691 -4.4998360000000002 -37.809334999999997
  692 -4.5944729999999998          -37.682026
  693 -4.6228109999999996 -37.690356999999999
  694 -4.6006090000000004 -37.648884000000002
  695 -4.4242759999999999 -37.879665000000003
  696 -4.4329869999999998 -37.816218999999997
  697 -4.4512130000000001 -37.867730000000002
  698 -2.9664899999999998 -39.879474000000002
  699 -2.9211290000000001 -39.861651000000002
  700 -2.9475709999999999 -39.836863999999998
  701 -2.9225469999999998 -39.840651999999999
  702 -3.9238900000000001 -41.028187000000003
  703           -3.866123 -41.038181999999999
  704 -3.9321320000000002          -41.026646
  705           -3.867378 -41.020257999999998
  706           -3.888423 -41.040104999999997
  707 -3.0007670000000002 -39.730654999999999
  708 -2.9975149999999999 -39.733696000000002
  709           -2.929141          -39.875664
  710 -2.9481419999999998 -39.901166000000003
  711 -2.9288270000000001 -39.875745999999999
  712           -2.953983 -39.877386000000001
  713           -2.981204 -39.892791000000003
  714           -4.747573 -37.307518999999999
  715 -3.2479650000000002 -39.294314999999997
  716 -3.2532369999999999          -39.280946
  717 -3.2792240000000001 -39.306116000000003
  718 -3.2596769999999999 -39.281585999999997
  719 -3.2706529999999998          -39.396262
  720           -3.275989          -39.351267
  721 -3.2624650000000002 -39.348202000000001
  722           -3.220148 -39.396182000000003
  723           -3.245552 -39.407350000000001
  724 -3.2322009999999999 -39.401971000000003
  725 -2.8414419999999998 -40.066142999999997
  726 -4.7359109999999998          -37.323718
  727 -4.7659529999999997 -37.291429999999998
  728           -4.781288 -37.290725000000002
  729 -4.7552659999999998 -37.336272000000001
  730 -3.2666780000000002 -39.329877000000003
  731 -3.2882449999999999 -39.332754999999999
  732 -3.3043960000000001 -39.352150000000002
  733           -3.307674 -39.390253999999999
  734 -3.3173620000000001 -39.369535999999997
  735 -3.2275079999999998 -39.372869999999999
  736 -3.3157230000000002 -39.324384000000002
  737 -3.3380399999999999 -39.329405000000001
  753 -6.4938890000000002 -34.971944000000001
  754           -6.557296 -35.014693999999999
  755 -6.5746739999999999          -34.976039
  756 -6.5575960000000002 -34.972057999999997
  757           -6.547517 -34.968012000000002
  758 -6.5757969999999997 -34.971814999999999
  759 -6.5565899999999999 -34.966430000000003
  760 -6.5473660000000002 -34.973711000000002
  761 -6.5559760000000002 -34.969042999999999
  762 -6.5701099999999997 -34.967368999999998
  763 -6.5814079999999997 -34.974651999999999
  764           -6.582255          -34.978462
  765 -6.8833510000000002 -36.763736999999999
  766           -6.879041 -36.818430999999997
  767 -6.8409129999999996 -36.791068000000003
  768 -6.9728849999999998          -36.879275
  769 -6.9968529999999998 -36.893951000000001
  770 -7.0015970000000003 -36.898279000000002
  771           -7.033728 -36.935487000000002
  772           -7.003914 -36.913088999999999
  773 -6.8825099999999999          -36.791359
  774 -6.9786080000000004          -36.853932
  775 -6.9742499999999996 -36.761794999999999
  776 -6.9689379999999996 -36.793166999999997
  777 -6.9613290000000001 -36.785884000000003
  778 -7.0482339999999999 -36.952410999999998
  779 -7.0291930000000002 -36.962448000000002
  780 -7.0507960000000001 -36.967891999999999
  781 -6.8721490000000003 -36.759354999999999
  782 -6.8435819999999996 -36.735548999999999
  783 -6.9239930000000003 -36.860748000000001
  784 -6.8711919999999997            -36.8262
  785 -6.8823619999999996           -36.84149
  786 -6.9731259999999997          -36.801434
  787 -7.0088090000000003 -36.783302999999997
  788 -7.0018739999999999 -36.800131999999998
  789 -6.9749869999999996 -36.834491999999997
  790 -7.0377650000000003 -36.804841000000003
  791 -6.9332750000000001 -36.788773999999997
  792 -7.4953349999999999 -35.495520999999997
  793 -8.1750000000000007 -35.388888999999999
  794 -8.2789979999999996 -35.596375999999999
  795 -8.2946790000000004 -35.595565999999998
  796 -8.2681609999999992 -35.596404999999997
  797 -9.0187369999999998 -38.056015000000002
  798 -9.0624819999999993 -38.118580000000001
  799 -9.0671929999999996 -38.144782999999997
  800 -8.8464919999999996 -36.730237000000002
  801 -8.8680620000000001 -36.747064000000002
  802 -8.8450860000000002 -36.769663000000001
  803 -8.7969039999999996 -36.733769000000002
  804 -8.8098829999999992          -36.748739
  805 -8.8337769999999995 -36.760182999999998
  806 -8.8025479999999998 -36.757917999999997
  807 -8.9113340000000001 -36.747708000000003
  808 -8.8951899999999995 -36.725701999999998
  809 -8.9030810000000002          -36.757925
  810 -8.9138099999999998 -36.729573000000002
  811 -7.7441870000000002 -40.620812999999998
  812 -7.7481739999999997 -40.629634000000003
  813 -7.7283299999999997 -40.658408999999999
  814 -7.7598770000000004 -40.673321000000001
  815 -8.1876519999999999 -36.750988999999997
  816 -8.1772639999999992          -36.737648
  817 -7.4855960000000001 -35.493658000000003
  818 -8.7263199999999994 -36.699933000000001
  819 -8.7093039999999995 -36.733656000000003
  820 -8.7576509999999992 -36.714149999999997
  821 -8.7650799999999993 -36.748080000000002
  822 -8.7098870000000002 -36.762816999999998
  823 -8.7810450000000007 -36.758324000000002
  824 -8.7502399999999998          -36.750124
  825 -8.7045410000000007 -36.775685000000003
  826 -8.9155719999999992 -36.775604000000001
  827 -8.9209610000000001 -36.782240999999999
  828 -7.7265980000000001 -40.594144999999997
  829 -8.0036690000000004 -40.517674999999997
  830           -7.996804 -40.513187000000002
  831 -9.0364590000000007 -38.099877999999997
  832 -9.0166889999999995 -38.074717999999997
  833           -2.826247 -41.707085999999997
  834 -2.8427820000000001 -41.697595999999997
  835 -2.8206509999999998 -41.741757999999997
  836 -2.8398219999999998 -41.726996999999997
  837 -2.8371400000000002 -41.707362000000003
  838 -7.3069610000000003 -40.554980999999998
  839 -7.3305790000000002 -40.579478000000002
  840 -7.3529159999999996 -40.600464000000002
  841            -7.30002 -40.554186000000001
  842 -7.3033979999999996 -40.536354000000003
  843 -7.3047079999999998 -40.530014000000001
  844 -7.3301090000000002           -40.58999
  845 -7.5696820000000002 -40.703175999999999
  846           -7.594595 -40.730361000000002
  847           -7.553312          -40.725524
  848 -7.5976860000000004 -40.732492000000001
  849 -7.5265899999999997 -40.744204000000003
  850 -7.5108959999999998 -40.734437999999997
  851 -7.4829590000000001          -40.799782
  852 -7.4588210000000004 -40.723669999999998
  853 -7.4386760000000001 -40.708269000000001
  854 -7.4103519999999996 -40.710881000000001
  855 -7.4859809999999998          -40.754044
  856 -7.4777810000000002 -40.767392000000001
  857 -7.4516619999999998 -40.744132999999998
  858 -7.4513340000000001 -40.686371999999999
  859 -7.3708879999999999 -40.674174000000001
  860 -7.4377279999999999          -40.746451
  861 -7.4236579999999996          -40.671529
  862 -7.4130180000000001 -40.668571999999998
  863 -7.3858180000000004 -40.697761999999997
  864 -7.4092919999999998 -40.695115999999999
  865 -7.3723450000000001 -40.707174999999999
  866 -2.8166030000000002 -41.782221999999997
  867 -7.7429569999999996 -40.675218000000001
  868 -7.7725520000000001 -40.678575000000002
  869 -7.7252099999999997          -40.679302
  870 -7.7139689999999996 -40.676155000000001
  871 -7.7707050000000004 -40.677723999999998
  872 -7.5550079999999999 -40.725679999999997
  873 -7.7409249999999998 -40.724352000000003
  874 -7.6881459999999997 -40.688344000000001
  875 -7.7835010000000002 -40.657393999999996
  876 -8.7176679999999998 -41.644612000000002
  877 -8.5197870000000009          -41.558436
  878 -8.5441660000000006 -41.575102000000001
  879 -8.5764169999999993 -41.577824999999997
  880 -8.6001779999999997 -41.590750999999997
  881 -8.4625070000000004 -41.445061000000003
  882 -8.4891079999999999 -41.451647000000001
  883 -8.5306230000000003          -41.480508
  884 -8.5608000000000004 -41.498353000000002
  885 -8.5952260000000003 -41.479528999999999
  886 -8.6328969999999998 -41.497109000000002
  887 -8.6670730000000002 -41.509757999999998
  888 -8.7616479999999992 -41.430295000000001
  889 -8.7664410000000004 -41.408723999999999
  890 -8.7087769999999995 -41.518101000000001
  891 -8.7220259999999996 -41.474074000000002
  892 -8.7325870000000005 -41.558987999999999
  893 -8.7159250000000004 -41.420879999999997
  894 -8.7388689999999993 -41.399901999999997
  895 -8.7461800000000007 -41.471572000000002
  896 -8.7817699999999999 -41.451974999999997
  897 -8.8065630000000006 -41.465111999999998
  898 -8.0065010000000001 -40.637838000000002
  899 -7.9895329999999998 -40.583424000000001
  900 -8.0031060000000007 -40.611469999999997
  901 -8.0213730000000005          -40.617756
  902 -7.9956620000000003 -40.634906999999998
  903 -8.0173229999999993          -40.658524
  904           -8.012105          -40.631653
  905           -2.799801 -41.791986000000001
  906 -8.6756030000000006 -41.634492000000002
  907 -8.6136619999999997 -41.551391000000002
  908 -8.5933910000000004 -41.541984999999997
  909 -8.6982929999999996 -41.635722000000001
  910 -8.6537900000000008 -41.565364000000002
  911 -8.6841349999999995 -41.623735000000003
  912 -8.6329820000000002 -41.560774000000002
  913 -8.6674150000000001 -41.630802000000003
  914 -7.7916999999999996           -40.72804
  915 -8.7645999999999997 -41.657532000000003
  916 -8.8055880000000002 -41.650384000000003
  917 -8.8822469999999996 -41.622504999999997
  918           -8.829936 -41.590798999999997
  919 -8.8903499999999998 -41.583227000000001
  920 -8.9439430000000009 -41.571762999999997
  921 -8.9453029999999991 -41.545126000000003
  922 -8.8997569999999993 -41.591133999999997
  923 -8.8974910000000005 -41.555461999999999
  924 -8.9155359999999995 -41.557554000000003
  925 -8.9436359999999997 -41.639409000000001
  926 -8.9630189999999992 -41.676440999999997
  927 -8.6350379999999998 -41.601694000000002
  928 -8.9352029999999996 -41.604469999999999
  929 -8.8263590000000001 -41.626930999999999
  930 -9.0506139999999995 -41.772818999999998
  931 -9.0051009999999998          -41.727449
  932 -9.0062549999999995 -41.748460000000001
  933 -9.0224340000000005 -41.750008999999999
  934 -9.0396619999999999 -41.752749000000001
  935 -9.0526499999999999 -41.736395999999999
  936 -9.0711829999999996 -41.734972999999997
  937 -9.0982099999999999 -41.760939999999998
  938 -9.0536460000000005 -41.773324000000002
  939 -9.0043509999999998 -41.717691000000002
  940 -7.9856939999999996 -40.580235000000002
  941 -8.0417489999999994          -40.666452
  942            -7.97051 -40.599595999999998
  943 -7.9957399999999996 -40.769658999999997
  944 -8.0472009999999994 -40.684192000000003
  945 -8.0378760000000007          -40.741439
  946 -7.9868550000000003 -40.560209999999998
  947 -8.0357500000000002 -40.676378999999997
  950 -5.3097009999999996 -35.386704999999999
  951 -5.1243059999999998 -36.383305999999997
  952 -5.0943529999999999 -36.362875000000003
  953 -5.0919480000000004 -36.337656000000003
  954 -5.1856039999999997 -36.360264999999998
  955           -5.165934           -36.31926
  956 -5.1739550000000003 -36.302371999999998
  957 -5.1673200000000001          -36.406751
  958 -5.2431669999999997          -35.898826
  959 -5.2688370000000004 -35.903573999999999
  960 -5.3436669999999999 -35.878306000000002
  961 -5.3628330000000002          -35.818973
  962 -5.3054880000000004 -35.913245000000003
  963 -5.2403009999999997          -35.926969
  964 -5.2394439999999998 -35.913531999999996
  965           -5.267487 -35.910234000000003
  966 -5.3743610000000004 -35.868250000000003
  967           -5.382028 -35.880889000000003
  968 -5.4187110000000001          -35.953975
  969 -5.1278379999999997 -36.453648000000001
  970 -4.9686170000000001 -36.900936999999999
  971 -5.2329189999999999 -35.931755000000003
  972           -5.082579 -36.407401999999998
  973 -5.2597060000000004 -35.921711000000002
  974 -4.9639749999999996 -36.914720000000003
  975 -5.1008690000000003 -36.202046000000003
  976 -5.1189920000000004 -36.163198999999999
  977 -4.9466510000000001 -36.964137000000001
  978           -5.269819 -35.858905999999998
  979 -5.3290649999999999 -35.991588999999998
  980 -5.3919220000000001 -35.833056999999997
  981 -5.3200609999999999          -35.932223
  982 -5.4483800000000002 -35.956094999999998
  983 -5.0970250000000004 -36.020350999999998
  984 -5.3651169999999997 -35.861853000000004
  985 -5.3972749999999996 -35.874876999999998
  986 -5.2323490000000001 -35.826610000000002
  987 -5.3827619999999996 -36.008791000000002
  988 -5.2812000000000001 -35.980424999999997
  989 -5.2622289999999996 -35.814450999999998
  990 -6.0338890000000003 -36.543999999999997
  991 -5.1106040000000004          -35.927906
  992 -5.2528610000000002 -35.942999999999998
  993 -5.2839080000000003          -35.875473
  994 -5.3044739999999999 -35.869160000000001
  995            -5.30701 -35.888680000000001
  996 -6.0166269999999997 -36.483497999999997
  997 -5.3596370000000002 -35.998721000000003
  998           -5.295299 -35.895721000000002
  999 -5.0529520000000003 -35.978442999999999
 1000 -6.0236109999999998 -36.472000000000001
 1001           -6.048889 -36.545999999999999
 1002 -5.2286130000000002 -35.880811999999999
 1003 -5.2550739999999996 -35.843646999999997
 1004 -5.0544950000000002 -35.968677999999997
 1005 -5.2981230000000004          -35.916401
 1006           -6.030278             -36.488
 1007 -5.0773809999999999 -35.839810999999997
 1008 -5.0806019999999998 -35.825786000000001
 1009 -5.0825100000000001 -35.810000000000002
 1010 -5.0903409999999996 -35.798000000000002
 1011 -5.0904119999999997 -35.781999999999996
 1012 -5.0946400000000001 -35.767000000000003
 1013 -5.0971469999999997 -35.752000000000002
 1014 -5.0726760000000004 -35.887999999999998
 1015 -5.0872450000000002             -35.887
 1016 -5.1071869999999997 -35.889000000000003
 1017 -6.1013890000000002 -36.578684000000003
 1018 -6.0249370000000004 -36.512036999999999
 1019 -5.3041669999999996 -35.381999999999998
 1020 -6.0566120000000003 -36.580618999999999
 1021 -5.3898099999999998 -35.846271000000002
 1022 -5.4119910000000004 -35.848331000000002
 1023 -5.4268219999999996          -35.853386
 1024 -5.4215309999999999 -35.852567999999998
 1025 -5.0880179999999999 -35.902239999999999
 1026 -5.0548469999999996 -36.011893999999998
 1027 -5.1054040000000001 -35.901724000000002
 1028 -5.0661519999999998 -36.012362000000003
 1029 -5.4307730000000003          -35.893051
 1030 -5.4143660000000002 -35.900111000000003
 1031           -5.128717 -35.653832999999999
 1032           -5.487279 -35.900089000000001
 1033 -5.1520390000000003 -35.662987999999999
 1034 -4.9437509999999998 -36.991753000000003
 1035 -5.4720560000000003 -35.916155000000003
 1036 -5.1282639999999997 -35.688648000000001
 1037 -5.1356590000000004 -35.620747000000001
 1038 -6.0042730000000004          -36.435274
 1039 -6.1353109999999997          -36.721995
 1040 -5.4421609999999996 -35.923309000000003
 1041 -5.5230050000000004 -35.428528999999997
 1042 -5.5694319999999999 -35.447288999999998
 1043 -5.5375529999999999 -35.446717999999997
 1044 -5.5777780000000003 -35.463999999999999
 1045 -5.5211110000000003 -35.469000000000001
 1046 -5.4799290000000003 -36.004401999999999
 1047           -5.360131 -35.835540000000002
 1048 -4.9977210000000003 -36.914709000000002
 1049 -4.9456680000000004 -37.003583999999996
 1050 -4.9618140000000004 -37.035454000000001
 1051 -5.4643569999999997 -35.935276000000002
 1052 -5.0251020000000004 -36.914616000000002
 1053 -5.0123499999999996 -36.914574000000002
 1054 -4.9876670000000001 -36.928750000000001
 1055 -5.3219630000000002 -36.060634999999998
 1056 -5.3697699999999999 -36.031680000000001
 1057 -5.3022489999999998 -36.038106999999997
 1058 -5.3449289999999996 -36.040038000000003
 1059 -5.4183019999999997          -35.986131
 1060 -6.0462990000000003 -36.555132999999998
 1061 -6.0753880000000002          -36.530172
 1062 -5.3251600000000003 -35.942619999999998
 1063 -5.3356310000000002 -35.966898999999998
 1064           -5.354349 -35.933546999999997
 1065 -5.2337009999999999 -35.789924999999997
 1066 -5.2262069999999996 -35.785231000000003
 1067 -5.2779319999999998 -35.780901999999998
 1068            -5.29366 -35.789316999999997
 1069 -5.2798299999999996          -35.800559
 1070 -5.2941950000000002 -35.746599000000003
 1071 -5.1074780000000004 -35.870285000000003
 1072 -5.1033460000000002 -35.852148999999997
 1073            -5.49282 -36.003630000000001
 1074           -5.263725 -35.763804999999998
 1075 -5.4948779999999999 -35.987853999999999
 1076 -5.0836699999999997 -35.862347999999997
 1077 -4.9881489999999999 -36.964564000000003
 1078           -5.035704 -36.964416999999997
 1079 -5.0147750000000002 -36.964481999999997
 1080 -5.0656109999999996 -36.964323999999998
 1081 -5.3386769999999997          -36.112924
 1082 -5.3712140000000002 -36.090347999999999
 1083 -6.0535319999999997 -36.455571999999997
 1084 -6.0427540000000004 -36.463999999999999
 1085 -6.0005459999999999 -36.449834000000003
 1086 -5.4115099999999998 -36.083222999999997
 1087 -5.3814099999999998 -35.804864000000002
 1088 -5.3662679999999998 -36.110467999999997
 1089 -5.3868590000000003 -36.110487999999997
 1090 -5.1525550000000004 -35.764592999999998
 1091 -5.1812740000000002 -35.780588999999999
 1092 -5.1318900000000003 -35.809781000000001
 1093 -5.2036189999999998 -35.790953000000002
 1094 -5.9142080000000004 -36.309224999999998
 1095 -5.8869069999999999          -36.288677
 1096 -5.0827720000000003 -35.955184000000003
 1097 -5.0820740000000004 -35.941930999999997
 1098 -5.0643140000000004 -35.901412999999998
 1099 -5.2568669999999997 -36.057487000000002
 1100 -5.2298390000000001 -36.102927999999999
 1101           -5.495552 -36.190837999999999
 1102 -5.4593889999999998 -36.197944999999997
 1103 -5.9107390000000004 -36.152157000000003
 1104           -5.419886 -36.016571999999996
 1105 -5.3256699999999997 -35.734084000000003
 1106           -5.326568 -35.754347000000003
 1107 -5.0206850000000003          -36.998939
 1108 -5.0126809999999997 -37.039569999999998
 1109 -5.1273970000000002          -35.932606
 1110 -5.1506559999999997 -35.932358999999998
 1111 -5.0742900000000004 -36.030687999999998
 1112           -5.160202 -35.979694000000002
 1113 -5.1593260000000001 -35.993490999999999
 1114 -5.1560639999999998 -35.999367999999997
 1115           -5.538735 -35.995790999999997
 1116 -5.8694540000000002 -36.137569999999997
 1117 -5.8084040000000003 -36.102336000000001
 1118 -5.7851309999999998          -36.072595
 1119 -5.0741779999999999 -37.015357000000002
 1120 -5.0754020000000004 -37.042988999999999
 1121 -5.5185459999999997 -36.229852999999999
 1122 -5.5397350000000003 -36.229771999999997
 1123 -5.6474260000000003 -36.246881000000002
 1124           -5.644228 -36.247131000000003
 1125 -5.5883620000000001 -36.261552999999999
 1126 -6.0975520000000003 -36.629387999999999
 1127 -5.5075479999999999 -36.216738999999997
 1128 -5.4398470000000003 -36.222003000000001
 1129 -6.0916319999999997 -36.647978999999999
 1130 -6.1549899999999997 -36.620690000000003
 1131           -6.148638          -36.629334
 1132 -5.8458930000000002 -36.115260999999997
 1133           -5.426336 -36.020209999999999
 1134 -5.3246120000000001 -36.506188000000002
 1135 -5.3611550000000001 -36.472254999999997
 1136 -5.4091170000000002 -36.492483999999997
 1137 -5.3503879999999997 -36.469318999999999
 1138 -5.3150979999999999          -36.489182
 1139 -5.3562450000000004 -36.497401000000004
 1140 -5.9137320000000004 -36.156221000000002
 1141           -5.859159 -36.186751999999998
 1142 -5.8201790000000004 -36.237760999999999
 1143           -5.575647 -36.150936000000002
 1144 -5.5928789999999999 -36.153162000000002
 1145 -5.5614710000000001 -36.177446000000003
 1146 -5.4345400000000001 -36.012723000000001
 1147 -5.4508580000000002 -36.012335999999998
 1148           -5.098039 -37.078051000000002
 1149 -5.1271449999999996 -37.036780999999998
 1150 -5.0973059999999997 -37.105339000000001
 1151 -5.1056629999999998 -37.036847000000002
 1152           -5.171754 -37.092818999999999
 1153 -5.1028560000000001 -37.062373999999998
 1154           -5.100949 -37.015138999999998
 1155 -5.1294079999999997 -36.976990000000001
 1156 -5.2398379999999998 -37.075494999999997
 1157 -5.1055400000000004 -36.977065000000003
 1158 -5.1599820000000003 -35.783316999999997
 1159 -5.1458320000000004 -35.798929999999999
 1160 -5.1769150000000002 -36.011282999999999
 1161 -5.1800800000000002 -36.028651000000004
 1162 -5.1529429999999996 -36.042181999999997
 1163 -5.1288369999999999 -36.015025999999999
 1164 -5.6105330000000002          -36.105134
 1165 -5.6324079999999999 -36.110743999999997
 1166 -5.6512669999999998 -36.100557999999999
 1167 -5.6759209999999998 -36.101751999999998
 1168 -5.6789389999999997 -36.118088999999998
 1169 -5.6875359999999997 -36.124395999999997
 1170 -5.8731799999999996 -36.266348999999998
 1171           -5.921951 -36.212569000000002
 1172           -5.339594 -35.767448999999999
 1173 -5.3262609999999997 -35.793987000000001
 1174 -5.2595599999999996          -35.497214
 1175 -5.2418279999999999 -35.487993000000003
 1176           -5.242394 -35.461523999999997
 1177 -5.2248450000000002 -35.478883000000003
 1178 -5.4841360000000003 -36.229323000000001
 1179 -5.1327499999999997 -37.022066000000002
 1180           -5.143599 -37.022032000000003
 1181 -5.1395999999999997 -37.062353000000002
 1182 -5.1602209999999999 -37.062108000000002
 1183 -5.1762940000000004 -37.079192999999997
 1184 -5.7780339999999999 -35.964875999999997
 1185 -5.8193960000000002 -35.922873000000003
 1186 -5.8504569999999996          -35.941907
 1187           -5.783067 -35.905185000000003
 1188 -5.7591760000000001 -35.886164999999998
 1189 -5.7269030000000001          -35.904007
 1190 -5.7709429999999999 -35.920926999999999
 1191 -5.0760079999999999 -36.993043999999998
 1192 -5.0491330000000003 -36.994470999999997
 1193 -5.1293249999999997 -37.005195999999998
 1194 -5.4923840000000004 -36.255313000000001
 1195           -5.522824 -36.276651999999999
 1196 -5.1869420000000002 -37.113208999999998
 1197 -5.1876860000000002 -37.135654000000002
 1198 -5.1994389999999999 -37.153585999999997
 1199           -5.225149 -37.154682999999999
 1200 -5.2346729999999999 -37.134225999999998
 1201 -5.2719719999999999 -37.113855999999998
 1202 -5.2881869999999997 -37.129871999999999
 1203 -5.2920660000000002 -37.154088999999999
 1204 -5.8908230000000001          -35.960822
 1205 -5.7030620000000001 -36.128692999999998
 1206           -5.703182          -36.064923
 1207           -6.760554          -36.665799
 1208           -6.711182 -36.644489999999998
 1209 -6.7166709999999998 -36.637537999999999
 1210 -5.7616959999999997 -36.095880000000001
 1211 -5.7926739999999999 -36.116480000000003
 1212 -5.8092319999999997          -36.149569
 1213 -5.0922070000000001 -37.105544000000002
 1214           -6.783093 -36.724096000000003
 1215 -6.7870549999999996 -36.666457999999999
 1216 -6.7879040000000002 -36.671236999999998
 1217 -6.7253080000000001          -36.653126
 1218 -5.7358289999999998 -36.294815999999997
 1219 -5.6095350000000002 -36.271394000000001
 1220 -5.6227819999999999 -36.279099000000002
 1221 -5.6426959999999999 -36.276696999999999
 1222           -5.772335 -36.251220000000004
 1223 -5.6649580000000004 -36.277819000000001
 1224 -5.8298050000000003 -36.271712000000001
 1225 -5.6813630000000002 -36.286456999999999
 1226           -5.718826 -36.286090999999999
 1227           -5.711894 -36.204771999999998
 1318          -10.809968 -36.929259999999999
 1319 -8.9962300000000006 -36.124341999999999
 1320          -13.338903 -44.633046999999998
 1321 -12.440829000000001 -45.165557999999997
 1322 -17.072399000000001 -40.106022000000003
 1323 -17.074798000000001          -40.069347
 1324 -17.075420999999999 -40.085557000000001
 1325          -13.346237          -39.103192
 1513           -7.023352 -37.948165000000003
 1514 -8.5948619999999991 -35.390681000000001
 1515 -8.5180559999999996 -35.488610999999999
 1516 -8.6533329999999999 -35.218333000000001
 1576 -5.6690750000000003 -36.880481000000003
 1749 -10.289167000000001 -36.528722000000002
 1751 -12.325297000000001 -42.624141999999999
 1752          -12.311736 -42.619103000000003
 1753          -12.325008 -42.628082999999997
 1754          -12.314786 -42.618414000000001
 1755 -12.317386000000001 -42.605407999999997
 1756 -12.328022000000001 -42.637960999999997
 1757 -12.318849999999999 -42.623786000000003
 1758          -12.324831          -42.613408
 1759          -12.587325 -44.106878000000002
 1760 -12.592599999999999 -44.104635999999999
 1761          -12.593394 -44.099533999999998
 1762          -12.598967 -44.103780999999998
 1763          -12.601495 -44.104146999999998
 1764 -12.603460999999999 -44.093291999999998
 1765          -12.604236 -44.115749999999998
 1766 -13.300210999999999 -43.323529000000001
 1767 -13.297807000000001 -43.324128999999999
 1768 -12.032014999999999 -45.072177000000003
 1769          -12.034879 -45.070669000000002
 1770 -12.037895000000001 -45.069311999999996
 1771 -12.049201999999999          -45.070217
 1772 -14.149252000000001 -42.727026000000002
 1773          -12.609038 -44.085143000000002
 1774          -12.614065 -44.089618999999999
 1775 -12.639431999999999          -44.084806
 1776 -13.322730999999999 -43.295141000000001
 1777 -13.322730999999999 -43.295141000000001
 1778 -9.5319029999999998 -40.487845999999998
 1779 -9.5319029999999998 -40.487845999999998
 1780 -9.5319029999999998 -40.487845999999998
 1781 -9.5319029999999998 -40.487845999999998
 1782 -10.990005999999999 -42.360371000000001
 1783 -13.327171999999999 -43.357191999999998
 1784 -13.320766000000001 -43.342866999999998
 1785          -13.320314 -43.372303000000002
 1786 -9.3811520000000002 -41.812091000000002
 1787 -7.9716670000000001 -38.619166999999997
 1788 -7.9755560000000001 -38.608888999999998
 1789 -13.316257999999999 -43.353366999999999
 1790 -9.6591780000000007 -40.678185999999997
 1791 -9.6627829999999992 -40.677064000000001
 1792 -9.6687919999999998 -40.675764000000001
 1793 -9.6744059999999994 -40.675772000000002
 1794 -9.6802080000000004          -40.674692
 1795 -9.6869859999999992 -40.673138999999999
 1796 -9.6812500000000004 -40.660792000000001
 1797 -9.6866029999999999 -40.664408000000002
 1798 -9.6910530000000001 -40.662241999999999
 1799 -9.6921859999999995          -40.673136
 1800 -9.6949830000000006 -40.664802999999999
 1801 -9.6985419999999998 -40.671283000000003
 1802 -9.7021420000000003 -40.671308000000003
 1803 -9.6671250000000004          -40.689394
 1804 -9.6727500000000006 -40.687255999999998
 1805 -9.6759190000000004 -40.689886000000001
 1806 -9.6795170000000006 -40.688256000000003
 1807 -9.6827579999999998 -40.691057999999998
 1808 -9.6866439999999994 -40.687807999999997
 1809           -9.690258 -40.686321999999997
 1810 -9.6936859999999996          -40.691378
 1811 -9.6958529999999996 -40.682861000000003
 1812 -9.5264059999999997 -40.481135999999999
 1813 -9.5215580000000006 -40.465488999999998
 1814 -9.5360220000000009 -40.486125000000001
 1815 -9.5454249999999998 -40.477818999999997
 1816          -12.913667          -38.336278
 1817           -6.003889 -40.274721999999997
 1818 -5.0413389999999998 -37.786538999999998
 1819 -5.0521250000000002 -37.789999999999999
 1820 -5.0445080000000004 -37.792872000000003
 1821 -5.0439999999999996 -37.797175000000003
 1822           -3.955333 -38.394979999999997
 1823 -3.9621219999999999 -38.397643000000002
 1824 -3.9693870000000002 -38.393920000000001
 1825 -5.2618749999999999 -37.968938999999999
 1826 -5.2458359999999997 -37.972503000000003
 1827 -5.2589629999999996 -37.977291999999998
 1828 -5.2473080000000003 -37.977471999999999
 1829 -5.2566420000000003 -37.981444000000003
 1830 -5.2379110000000004 -37.977091999999999
 1831           -5.235506          -37.983283
 1832 -5.2468690000000002 -37.968882999999998
 1833 -5.2608689999999996          -37.973056
 1834 -3.7923749999999998 -38.918219000000001
 1835 -3.7951169999999999 -38.918208999999997
 1836 -3.7978580000000002 -38.918208999999997
 1837 -3.8006000000000002 -38.918208999999997
 1838 -3.8033290000000002 -38.918216000000001
 1839 -3.8060809999999998 -38.920077999999997
 1840           -3.804989          -38.937503
 1841 -3.7993969999999999 -38.935639000000002
 1842 -3.3192140000000001 -39.375332999999998
 1843 -3.3147190000000002 -39.394002999999998
 1844 -7.3818279999999996 -38.998550000000002
 1845 -7.3859170000000001 -38.988193000000003
 1846 -7.3890469999999997          -38.990268
 1847           -7.390593 -38.981079999999999
 1848 -7.3841799999999997           -38.97683
 1849 -4.7863889999999998 -37.305556000000003
 1965 -6.9567319999999997 -37.997796999999998
 1966 -6.9472170000000002 -37.993844000000003
 1967 -6.9571199999999997          -37.989652
 1968 -6.9494740000000004 -37.983058999999997
 1969 -6.9480820000000003          -37.995987
 1970 -6.9522870000000001 -37.995980000000003
 1971 -6.9629539999999999          -38.001866
 1972 -6.9170410000000002 -37.560174000000004
 1973 -6.9097540000000004 -37.560141999999999
 1974 -6.9498119999999997 -38.002406000000001
 1975 -6.7929589999999997 -38.483975000000001
 1976 -6.8014749999999999 -38.476736000000002
 1977           -6.831925 -36.928880999999997
 1978 -6.8457059999999998 -36.929913999999997
 1979 -7.0873330000000001           -34.84675
 1980 -7.1674100000000003           -34.82441
 1981 -7.1638099999999998 -34.823889999999999
 1982 -9.0700610000000008 -38.147117000000001
 1983 -9.0711359999999992 -38.145986000000001
 1984 -8.0803720000000006 -39.344524999999997
 1985 -8.0833329999999997 -39.355471999999999
 1986 -8.0854750000000006 -39.353402000000003
 1987 -7.8933609999999996 -38.696446999999999
 1988 -7.8980059999999996 -38.703249999999997
 1989 -8.4159970000000008 -35.958002999999998
 1990 -7.9797219999999998 -38.622500000000002
 1991 -7.9647860000000001 -38.630674999999997
 1992 -7.9538859999999998 -38.629643999999999
 1993 -7.9474140000000002          -38.622847
 1994 -7.8558570000000003 -38.827818000000001
 1995 -7.8593770000000003 -38.812793999999997
 1996 -7.8635989999999998 -38.832241000000003
 1997 -7.8648150000000001 -38.822279999999999
 1998 -7.8443110000000003          -38.833019
 1999 -7.8559530000000004 -38.845377999999997
 2000 -7.8517440000000001          -38.837978
 2001 -7.8516219999999999          -38.817214
 2002 -7.8637750000000004 -38.844731000000003
 2003 -7.8840000000000003 -38.694732000000002
 2004 -7.8853220000000004 -38.705413999999998
 2005           -7.875686 -38.843414000000003
 2006 -7.4874999999999998 -34.991110999999997
 2007 -7.4874999999999998 -34.997222000000001
 2008 -7.9222219999999997          -34.904722
 2009 -7.5066670000000002          -37.269472
 2010 -8.2666219999999999 -35.979033000000001
 2011 -7.7832280000000003 -35.238860000000003
 2012 -7.3463260000000004 -40.554699999999997
 2013 -7.3326650000000004 -40.572204999999997
 2014           -7.346787 -40.541404999999997
 2015 -7.3728309999999997 -40.549022000000001
 2016 -7.3949809999999996 -40.583565999999998
 2017 -7.4039970000000004 -40.596089999999997
 2018 -7.3791200000000003 -40.563701999999999
 2019 -8.2096070000000001 -42.539430000000003
 2020 -8.2165309999999998 -42.538181000000002
 2021 -8.1941220000000001 -42.559562999999997
 2022 -8.1897909999999996 -42.564261000000002
 2023 -8.1799520000000001 -42.560890999999998
 2024 -7.9272200000000002 -42.612720000000003
 2025 -8.1774380000000004 -42.563882999999997
 2026          -10.091574          -45.264353
 2027 -10.096507000000001 -45.274419000000002
 2028 -10.099102999999999 -45.281511000000002
 2029          -10.120498          -45.296937
 2030 -10.107653000000001          -45.299664
 2031          -10.114633 -45.300600000000003
 2032          -10.128441 -45.298515999999999
 2033 -10.123428000000001 -45.293117000000002
 2034 -8.5504010000000008 -42.292656999999998
 2035 -8.2889479999999995          -42.369667
 2036 -8.2785360000000008 -42.163539999999998
 2037 -8.2801080000000002 -42.152163999999999
 2038 -8.2686119999999992 -42.155439000000001
 2039 -8.2664349999999995 -42.142811000000002
 2040 -8.2733059999999998 -42.143424000000003
 2041           -8.280265 -42.137523999999999
 2042 -10.112921999999999          -45.291508
 2043 -10.123400999999999 -45.288710999999999
 2044          -10.120272 -45.283904999999997
 2045          -10.110925 -45.279170999999998
 2046          -10.111742 -45.265914000000002
 2047          -10.116078 -45.273811000000002
 2048          -10.106964 -45.269972000000003
 2049             -10.119 -45.281044000000001
 2050          -10.105762 -45.278829000000002
 2051          -10.097996 -45.263916999999999
 2052 -5.2076739999999999 -42.752656000000002
 2053           -6.091558 -35.235399999999998
 2054 -5.3785829999999999 -36.821086000000001
 2055 -4.9758719999999999 -36.905180000000001
 2056 -5.5460039999999999 -37.026389999999999
 2057 -4.9616009999999999 -36.906692999999997
 2058 -4.9642660000000003 -36.910499999999999
 2059 -5.1215549999999999 -37.030306000000003
 2060 -5.1218240000000002 -37.020873000000002
 2061 -5.2567940000000002 -37.126396999999997
 2062 -5.2779559999999996          -37.127153
 2063           -5.278842 -37.125574999999998
 2064 -5.2833610000000002 -37.119585999999998
 2065 -5.8194790000000003          -35.237544
 2066 -5.8855560000000002 -35.278888999999999
 2067 -5.8894440000000001 -35.302778000000004
 2068 -5.8502780000000003 -35.207222000000002
 2096          -10.946208 -37.075418999999997
 2129          -14.229056 -39.462046999999998
 2130           -13.86835 -40.235759000000002
 2131          -12.452378 -45.190691999999999
 2178          -10.150639 -36.542000000000002
 2179 -9.0110659999999996 -36.057388000000003
 2180 -9.2907089999999997 -35.556584999999998
 2181 -10.123386999999999 -36.274220999999997
 2182 -9.9163910000000008 -36.333972000000003
 2183 -9.7770460000000003          -36.085369
 2184 -10.112253000000001 -36.275181000000003
 2186          -12.643082 -38.337170999999998
 2187          -18.042462 -39.919660999999998
 2188 -12.860336999999999 -38.352079000000003
 2189 -9.4978449999999999 -40.365932999999998
 2190 -16.374009999999998          -39.570535
 2191 -12.091666999999999          -45.805833
 2192 -12.499601999999999          -38.207352
 2193           -3.584714          -38.855933
 2308            -6.98691 -35.014335000000003
 2309 -7.3532780000000004 -35.029670000000003
 2310 -7.5083869999999999 -34.875880000000002
 2311 -6.6831940000000003 -35.148972999999998
 2312 -6.9572229999999999 -35.135553999999999
 2313 -7.2175830000000003 -34.956468999999998
 2314 -8.2238889999999998 -35.271777999999998
 2315            -7.90578          -35.284675
 2316 -7.4176200000000003          -35.244135
 2317 -8.3936770000000003 -35.089700999999998
 2318 -7.8175499999999998 -35.001334999999997
 2319           -8.247052          -37.012127
 2320 -8.3859440000000003 -35.030002000000003
 2321 -8.1720500000000005 -34.977733000000001
 2322 -7.5508329999999999 -35.275556000000002
 2323 -4.8547219999999998          -42.886111
 2350 -6.4161339999999996 -35.055728999999999
 2351 -6.2266399999999997 -35.198025000000001
 2375            -10.5061 -37.054833000000002
 2376 -10.764709999999999          -37.204535
 2377          -10.468123 -37.181534999999997
 2378            -10.5061 -37.054833000000002
 2515           -4.722906          -37.411676
 2516 -4.7468529999999998 -37.354084999999998
 2517 -4.7402240000000004 -37.388280999999999
 2518 -5.0522210000000003 -37.042712000000002
 2519 -5.0244119999999999 -37.056071000000003
 2520               -7.25 -35.979999999999997
 2521 -8.1547520000000002 -39.281336000000003
 2522               -7.25 -35.979999999999997
 2523 -8.1547520000000002 -39.281336000000003
 2524               -7.25 -35.979999999999997
 2525 -8.1547520000000002 -39.281336000000003
 2526               -7.25 -35.979999999999997
 2527 -8.1547520000000002 -39.281336000000003
 2528               -7.25 -35.979999999999997
 2529 -8.1547520000000002 -39.281336000000003
 2530               -7.25 -35.979999999999997
 2531 -8.1547520000000002 -39.281336000000003
 2532               -7.25 -35.979999999999997
 2533 -8.1547520000000002 -39.281336000000003
 2534               -7.25 -35.979999999999997
 2535 -8.1547520000000002 -39.281336000000003
 2536               -7.25 -35.979999999999997
 2537 -8.1547520000000002 -39.281336000000003
 2538               -7.25 -35.979999999999997
 2539 -8.1547520000000002 -39.281336000000003
 2540               -7.25 -35.979999999999997
 2541 -8.1547520000000002 -39.281336000000003
 2542               -7.25 -35.979999999999997
 2543 -8.1547520000000002 -39.281336000000003
 2544               -7.25 -35.979999999999997
 2545 -8.1547520000000002 -39.281336000000003
 2546               -7.25 -35.979999999999997
 2547 -8.1547520000000002 -39.281336000000003
 2548               -7.25 -35.979999999999997
 2549 -8.1547520000000002 -39.281336000000003
 2550               -7.25 -35.979999999999997
 2551 -8.1547520000000002 -39.281336000000003
 2552               -7.25 -35.979999999999997
 2553 -8.1547520000000002 -39.281336000000003
 2554               -7.25 -35.979999999999997
 2555 -8.1547520000000002 -39.281336000000003
 2556               -7.25 -35.979999999999997
 2557 -8.1547520000000002 -39.281336000000003
 2558               -7.25 -35.979999999999997
 2559 -8.1547520000000002 -39.281336000000003
 2560               -7.25 -35.979999999999997
 2561 -8.1547520000000002 -39.281336000000003
 2562               -7.25 -35.979999999999997
 2563 -8.1547520000000002 -39.281336000000003
 2564               -7.25 -35.979999999999997
 2565 -8.1547520000000002 -39.281336000000003
 2566               -7.25 -35.979999999999997
 2567 -8.1547520000000002 -39.281336000000003
 2568               -7.25 -35.979999999999997
 2569 -8.1547520000000002 -39.281336000000003
 2570               -7.25 -35.979999999999997
 2571 -8.1547520000000002 -39.281336000000003
 2572               -7.25 -35.979999999999997
 2573 -8.1547520000000002 -39.281336000000003
 2574               -7.25 -35.979999999999997
 2575 -8.1547520000000002 -39.281336000000003
 2576               -7.25 -35.979999999999997
 2577 -8.1547520000000002 -39.281336000000003
 2578               -7.25 -35.979999999999997
 2579 -8.1547520000000002 -39.281336000000003
 2580               -7.25 -35.979999999999997
 2581 -8.1547520000000002 -39.281336000000003
 2582               -7.25 -35.979999999999997
 2583 -8.1547520000000002 -39.281336000000003
 2584               -7.25 -35.979999999999997
 2585 -8.1547520000000002 -39.281336000000003
 2586               -7.25 -35.979999999999997
 2587 -8.1547520000000002 -39.281336000000003
 2588               -7.25 -35.979999999999997
 2589 -8.1547520000000002 -39.281336000000003
 2590               -7.25 -35.979999999999997
 2591 -8.1547520000000002 -39.281336000000003
 2592 -7.0451589999999999 -36.753521999999997
 2593           -7.034211 -35.981265999999998
 2594 -7.0457599999999996 -35.980660999999998
 2595 -7.0364050000000002 -35.964441999999998
 2596           -7.028454          -35.954653
 2597 -6.7860500000000004 -36.469017999999998
 2598 -6.8130930000000003 -36.457709999999999
 2599           -6.737921          -36.377378
 2600           -6.737546 -36.403658999999998
 2601 -6.7165569999999999 -36.394233999999997
 2602 -6.7911409999999997 -36.392947999999997
 2603 -6.7632349999999999 -36.440578000000002
 2604 -6.7274139999999996 -36.465355000000002
 2605 -6.7154720000000001 -36.429963000000001
 2606 -6.7003190000000004          -36.397917
 2607 -6.6973159999999998 -36.414520000000003
 2608 -6.6849730000000003 -36.394257000000003
 2609           -6.727633 -36.376655999999997
 2610 -6.7056630000000004 -36.369560999999997
 2611 -6.7589079999999999 -36.434064999999997
 2612 -6.7640630000000002 -36.370494000000001
 2613 -6.7541820000000001 -36.403551999999998
 2614 -6.7789599999999997 -36.432132000000003
 2615 -6.7638020000000001 -36.406103999999999
 2616 -6.7516319999999999 -36.366157999999999
 2617 -6.7030510000000003 -36.327789000000003
 2618 -6.7205269999999997 -36.336027999999999
 2619 -6.6799910000000002 -36.351432000000003
 2620 -7.0394459999999999 -36.791369000000003
 2621 -7.0260150000000001 -36.753632000000003
 2622 -6.0853429999999999 -36.667257999999997
 2623           -6.078964 -36.674022000000001
 2624 -6.0657589999999999          -36.618285
 2625 -6.8062870000000002 -36.659582999999998
 2626 -6.7395360000000002 -36.657634999999999
 2627 -6.7547490000000003 -36.662979999999997
 2628 -6.4036619999999997 -35.751190000000001
 2629 -5.6808529999999999          -36.302985
 2630           -5.887454 -36.388162999999999
 2631 -5.8989549999999999 -36.379733999999999
 2632 -5.8782019999999999          -36.359724
 2633 -5.8169959999999996 -36.281951999999997
 2634 -5.7992350000000004 -36.267980000000001
 2635 -5.7543129999999998 -36.305402000000001
 2636 -6.3408259999999999 -36.323141999999997
 2637 -6.2948490000000001 -36.326711000000003
 2638 -6.2839470000000004 -36.310186000000002
 2639           -6.251385 -36.270890999999999
 2640 -6.2109360000000002          -36.254531
 2641 -6.1665700000000001 -36.290080000000003
 2642 -6.1299049999999999 -36.237704999999998
 2643 -6.1083959999999999 -36.212592999999998
 2644 -6.0885280000000002 -36.169485000000002
 2645 -6.0526650000000002 -36.141818999999998
 2646 -6.0373279999999996 -36.132378000000003
 2647 -6.1888529999999999          -36.617739
 2648 -6.4537740000000001 -35.789616000000002
 2649 -6.4252440000000002          -35.772154
 2650 -5.3799999999999999 -35.890000000000001
 2651 -5.4500000000000002 -36.219999999999999
 2652 -8.1547520000000002 -39.281336000000003
 2653 -8.1547520000000002 -39.281336000000003
 2654 -5.3799999999999999 -35.890000000000001
 2655 -5.4500000000000002 -36.219999999999999
 2656 -8.1547520000000002 -39.281336000000003
 2657 -8.1547520000000002 -39.281336000000003
 2658 -5.3799999999999999 -35.890000000000001
 2659 -5.4500000000000002 -36.219999999999999
 2660 -8.1547520000000002 -39.281336000000003
 2661 -8.1547520000000002 -39.281336000000003
 2662 -5.3799999999999999 -35.890000000000001
 2663 -5.4500000000000002 -36.219999999999999
 2664 -8.1547520000000002 -39.281336000000003
 2665 -8.1547520000000002 -39.281336000000003
 2666 -5.3799999999999999 -35.890000000000001
 2667 -5.4500000000000002 -36.219999999999999
 2668 -8.1547520000000002 -39.281336000000003
 2669 -8.1547520000000002 -39.281336000000003
 2670 -5.3799999999999999 -35.890000000000001
 2671 -5.4500000000000002 -36.219999999999999
 2672 -8.1547520000000002 -39.281336000000003
 2673 -8.1547520000000002 -39.281336000000003
 2674 -5.3799999999999999 -35.890000000000001
 2675 -5.4500000000000002 -36.219999999999999
 2676 -8.1547520000000002 -39.281336000000003
 2677 -8.1547520000000002 -39.281336000000003
 2678 -5.3799999999999999 -35.890000000000001
 2679 -5.4500000000000002 -36.219999999999999
 2680 -8.1547520000000002 -39.281336000000003
 2681 -8.1547520000000002 -39.281336000000003
 2682 -5.3799999999999999 -35.890000000000001
 2683 -5.4500000000000002 -36.219999999999999
 2684 -8.1547520000000002 -39.281336000000003
 2685 -8.1547520000000002 -39.281336000000003
 2686 -5.3799999999999999 -35.890000000000001
 2687 -5.4500000000000002 -36.219999999999999
 2688 -8.1547520000000002 -39.281336000000003
 2689 -8.1547520000000002 -39.281336000000003
 2690 -5.3799999999999999 -35.890000000000001
 2691 -5.4500000000000002 -36.219999999999999
 2692 -8.1547520000000002 -39.281336000000003
 2693 -8.1547520000000002 -39.281336000000003
 2694 -5.3799999999999999 -35.890000000000001
 2695 -5.4500000000000002 -36.219999999999999
 2696 -8.1547520000000002 -39.281336000000003
 2697 -8.1547520000000002 -39.281336000000003
 2698 -5.3799999999999999 -35.890000000000001
 2699 -5.4500000000000002 -36.219999999999999
 2700 -8.1547520000000002 -39.281336000000003
 2701 -8.1547520000000002 -39.281336000000003
 2702 -5.3799999999999999 -35.890000000000001
 2703 -5.4500000000000002 -36.219999999999999
 2704 -8.1547520000000002 -39.281336000000003
 2705 -8.1547520000000002 -39.281336000000003
 2706 -5.3799999999999999 -35.890000000000001
 2707 -5.4500000000000002 -36.219999999999999
 2708 -8.1547520000000002 -39.281336000000003
 2709 -8.1547520000000002 -39.281336000000003
 2710 -5.3799999999999999 -35.890000000000001
 2711 -5.4500000000000002 -36.219999999999999
 2712 -8.1547520000000002 -39.281336000000003
 2713 -8.1547520000000002 -39.281336000000003
 2714 -5.3799999999999999 -35.890000000000001
 2715 -5.4500000000000002 -36.219999999999999
 2716 -8.1547520000000002 -39.281336000000003
 2717 -8.1547520000000002 -39.281336000000003
 2718 -5.3799999999999999 -35.890000000000001
 2719 -5.4500000000000002 -36.219999999999999
 2720 -8.1547520000000002 -39.281336000000003
 2721 -8.1547520000000002 -39.281336000000003
 2722 -5.3799999999999999 -35.890000000000001
 2723 -5.4500000000000002 -36.219999999999999
 2724 -8.1547520000000002 -39.281336000000003
 2725 -8.1547520000000002 -39.281336000000003
 2726 -5.3799999999999999 -35.890000000000001
 2727 -5.4500000000000002 -36.219999999999999
 2728 -8.1547520000000002 -39.281336000000003
 2729 -8.1547520000000002 -39.281336000000003
 2730 -5.3799999999999999 -35.890000000000001
 2731 -5.4500000000000002 -36.219999999999999
 2732 -8.1547520000000002 -39.281336000000003
 2733 -8.1547520000000002 -39.281336000000003
 2734 -5.3799999999999999 -35.890000000000001
 2735 -5.4500000000000002 -36.219999999999999
 2736 -8.1547520000000002 -39.281336000000003
 2737 -8.1547520000000002 -39.281336000000003
 2738 -5.3799999999999999 -35.890000000000001
 2739 -5.4500000000000002 -36.219999999999999
 2740 -8.1547520000000002 -39.281336000000003
 2741 -8.1547520000000002 -39.281336000000003
 2742 -5.3799999999999999 -35.890000000000001
 2743 -5.4500000000000002 -36.219999999999999
 2744 -8.1547520000000002 -39.281336000000003
 2745 -8.1547520000000002 -39.281336000000003
 2746 -5.3799999999999999 -35.890000000000001
 2747 -5.4500000000000002 -36.219999999999999
 2748 -8.1547520000000002 -39.281336000000003
 2749 -8.1547520000000002 -39.281336000000003
 2750 -5.3799999999999999 -35.890000000000001
 2751 -5.4500000000000002 -36.219999999999999
 2752 -8.1547520000000002 -39.281336000000003
 2753 -8.1547520000000002 -39.281336000000003
 2754 -5.3799999999999999 -35.890000000000001
 2755 -5.4500000000000002 -36.219999999999999
 2756 -8.1547520000000002 -39.281336000000003
 2757 -8.1547520000000002 -39.281336000000003
 2758 -5.3799999999999999 -35.890000000000001
 2759 -5.4500000000000002 -36.219999999999999
 2760 -8.1547520000000002 -39.281336000000003
 2761 -8.1547520000000002 -39.281336000000003
 2762 -5.3799999999999999 -35.890000000000001
 2763 -5.4500000000000002 -36.219999999999999
 2764 -8.1547520000000002 -39.281336000000003
 2765 -8.1547520000000002 -39.281336000000003
 2766 -5.3799999999999999 -35.890000000000001
 2767 -5.4500000000000002 -36.219999999999999
 2768 -8.1547520000000002 -39.281336000000003
 2769 -8.1547520000000002 -39.281336000000003
 2770 -5.3799999999999999 -35.890000000000001
 2771 -5.4500000000000002 -36.219999999999999
 2772 -8.1547520000000002 -39.281336000000003
 2773 -8.1547520000000002 -39.281336000000003
 2774 -5.3799999999999999 -35.890000000000001
 2775 -5.4500000000000002 -36.219999999999999
 2776 -8.1547520000000002 -39.281336000000003
 2777 -8.1547520000000002 -39.281336000000003
 2778 -5.3799999999999999 -35.890000000000001
 2779 -5.4500000000000002 -36.219999999999999
 2780 -8.1547520000000002 -39.281336000000003
 2781 -8.1547520000000002 -39.281336000000003
 2782 -5.3799999999999999 -35.890000000000001
 2783 -5.4500000000000002 -36.219999999999999
 2784 -8.1547520000000002 -39.281336000000003
 2785 -8.1547520000000002 -39.281336000000003
 2786 -5.3799999999999999 -35.890000000000001
 2787 -5.4500000000000002 -36.219999999999999
 2788 -8.1547520000000002 -39.281336000000003
 2789 -8.1547520000000002 -39.281336000000003
 2790 -5.3799999999999999 -35.890000000000001
 2791 -5.4500000000000002 -36.219999999999999
 2792 -8.1547520000000002 -39.281336000000003
 2793 -8.1547520000000002 -39.281336000000003
 2794 -5.2217960000000003 -35.658458000000003
 2795 -5.2026389999999996 -35.638807999999997
 2796 -5.1989099999999997 -35.691550999999997
 2797           -5.584803 -36.234791999999999
 2798 -5.5832800000000002 -36.216473000000001
 2799 -5.5568479999999996 -36.199047999999998
 2800 -5.5752430000000004 -36.192846000000003
 2801 -5.5520110000000003 -36.252161999999998
 2802 -5.3309860000000002 -36.189132999999998
 2803 -5.3671340000000001 -36.203814999999999
 2804 -5.6789259999999997 -36.016185999999998
 2805 -5.6773290000000003 -36.047949000000003
 2806 -5.7010420000000002 -36.033397000000001
 2807 -5.7094930000000002 -36.038466999999997
 2808 -5.7248489999999999 -36.053941999999999
 2809 -5.5804869999999998 -36.113520999999999
 2810 -5.5908910000000001 -36.114536000000001
 2811 -5.5841349999999998 -36.090760000000003
 2815 -2.9399999999999999 -40.109999999999999
 2816 -2.9399999999999999 -40.109999999999999
 2817 -2.9399999999999999 -40.109999999999999
 2818 -2.9399999999999999 -40.109999999999999
 2819 -2.9399999999999999 -40.109999999999999
 2820 -2.9399999999999999 -40.109999999999999
 2821 -2.9399999999999999 -40.109999999999999
 2822 -2.9399999999999999 -40.109999999999999
 2823 -2.9399999999999999 -40.109999999999999
 2824 -2.9399999999999999 -40.109999999999999
 2825 -2.9399999999999999 -40.109999999999999
 2826 -2.9399999999999999 -40.109999999999999
 2827 -2.9399999999999999 -40.109999999999999
 2828 -2.9399999999999999 -40.109999999999999
 2829 -2.9399999999999999 -40.109999999999999
 2830 -2.9399999999999999 -40.109999999999999
 2831 -2.9399999999999999 -40.109999999999999
 2832 -2.9399999999999999 -40.109999999999999
 2833 -2.9399999999999999 -40.109999999999999
 2834 -2.9399999999999999 -40.109999999999999
 2835 -2.9399999999999999 -40.109999999999999
 2836 -2.9399999999999999 -40.109999999999999
 2837 -2.9399999999999999 -40.109999999999999
 2838 -2.9399999999999999 -40.109999999999999
 2839 -2.9399999999999999 -40.109999999999999
 2840 -2.9399999999999999 -40.109999999999999
 2841 -2.9399999999999999 -40.109999999999999
 2842 -2.9399999999999999 -40.109999999999999
 2843 -2.9399999999999999 -40.109999999999999
 2844 -2.9399999999999999 -40.109999999999999
 2845 -2.9399999999999999 -40.109999999999999
 2846 -2.9399999999999999 -40.109999999999999
 2847 -2.9399999999999999 -40.109999999999999
 2848 -2.9399999999999999 -40.109999999999999
 2849 -2.9399999999999999 -40.109999999999999
 2850 -2.9399999999999999 -40.109999999999999
 2851 -8.0299999999999994 -40.640000000000001
 2852              -10.24 -40.909999999999997
 2853 -8.5899999999999999              -41.43
 2854 -8.0299999999999994 -40.640000000000001
 2855              -10.24 -40.909999999999997
 2856 -8.5899999999999999              -41.43
 2857 -8.0299999999999994 -40.640000000000001
 2858              -10.24 -40.909999999999997
 2859 -8.5899999999999999              -41.43
 2860 -8.0299999999999994 -40.640000000000001
 2861              -10.24 -40.909999999999997
 2862 -8.5899999999999999              -41.43
 2863 -8.0299999999999994 -40.640000000000001
 2864              -10.24 -40.909999999999997
 2865 -8.5899999999999999              -41.43
 2866 -8.0299999999999994 -40.640000000000001
 2867              -10.24 -40.909999999999997
 2868 -8.5899999999999999              -41.43
 2869 -8.0299999999999994 -40.640000000000001
 2870              -10.24 -40.909999999999997
 2871 -8.5899999999999999              -41.43
 2872 -8.0299999999999994 -40.640000000000001
 2873              -10.24 -40.909999999999997
 2874 -8.5899999999999999              -41.43
 2875 -8.0299999999999994 -40.640000000000001
 2876              -10.24 -40.909999999999997
 2877 -8.5899999999999999              -41.43
 2878 -8.0299999999999994 -40.640000000000001
 2879              -10.24 -40.909999999999997
 2880 -8.5899999999999999              -41.43
 2881 -8.0299999999999994 -40.640000000000001
 2882              -10.24 -40.909999999999997
 2883 -8.5899999999999999              -41.43
 2884 -8.0299999999999994 -40.640000000000001
 2885              -10.24 -40.909999999999997
 2886 -8.5899999999999999              -41.43
 2887 -8.0299999999999994 -40.640000000000001
 2888              -10.24 -40.909999999999997
 2889 -8.5899999999999999              -41.43
 2890 -8.0299999999999994 -40.640000000000001
 2891              -10.24 -40.909999999999997
 2892 -8.5899999999999999              -41.43
 2893 -8.0299999999999994 -40.640000000000001
 2894              -10.24 -40.909999999999997
 2895 -8.5899999999999999              -41.43
 2896 -8.0299999999999994 -40.640000000000001
 2897              -10.24 -40.909999999999997
 2898 -8.5899999999999999              -41.43
 2899 -8.0299999999999994 -40.640000000000001
 2900              -10.24 -40.909999999999997
 2901 -8.5899999999999999              -41.43
 2902 -8.0299999999999994 -40.640000000000001
 2903              -10.24 -40.909999999999997
 2904 -8.5899999999999999              -41.43
 2905 -8.0299999999999994 -40.640000000000001
 2906              -10.24 -40.909999999999997
 2907 -8.5899999999999999              -41.43
 2908 -8.0299999999999994 -40.640000000000001
 2909              -10.24 -40.909999999999997
 2910 -8.5899999999999999              -41.43
 2911 -8.0299999999999994 -40.640000000000001
 2912              -10.24 -40.909999999999997
 2913 -8.5899999999999999              -41.43
 2914 -8.0299999999999994 -40.640000000000001
 2915              -10.24 -40.909999999999997
 2916 -8.5899999999999999              -41.43
 2917 -8.0299999999999994 -40.640000000000001
 2918              -10.24 -40.909999999999997
 2919 -8.5899999999999999              -41.43
 2920 -8.0299999999999994 -40.640000000000001
 2921              -10.24 -40.909999999999997
 2922 -8.5899999999999999              -41.43
 2923 -8.0299999999999994 -40.640000000000001
 2924              -10.24 -40.909999999999997
 2925 -8.5899999999999999              -41.43
 2926 -8.0299999999999994 -40.640000000000001
 2927              -10.24 -40.909999999999997
 2928 -8.5899999999999999              -41.43
 2929 -8.0299999999999994 -40.640000000000001
 2930              -10.24 -40.909999999999997
 2931 -8.5899999999999999              -41.43
 2932 -8.0299999999999994 -40.640000000000001
 2933              -10.24 -40.909999999999997
 2934 -8.5899999999999999              -41.43
 2935 -8.0299999999999994 -40.640000000000001
 2936              -10.24 -40.909999999999997
 2937 -8.5899999999999999              -41.43
 2938 -8.0299999999999994 -40.640000000000001
 2939              -10.24 -40.909999999999997
 2940 -8.5899999999999999              -41.43
 2941 -8.0299999999999994 -40.640000000000001
 2942              -10.24 -40.909999999999997
 2943 -8.5899999999999999              -41.43
 2944 -8.0299999999999994 -40.640000000000001
 2945              -10.24 -40.909999999999997
 2946 -8.5899999999999999              -41.43
 2947 -8.0299999999999994 -40.640000000000001
 2948              -10.24 -40.909999999999997
 2949 -8.5899999999999999              -41.43
 2950 -8.0299999999999994 -40.640000000000001
 2951              -10.24 -40.909999999999997
 2952 -8.5899999999999999              -41.43
 2953 -8.0299999999999994 -40.640000000000001
 2954              -10.24 -40.909999999999997
 2955 -8.5899999999999999              -41.43
 2956 -8.0299999999999994 -40.640000000000001
 2957              -10.24 -40.909999999999997
 2958 -8.5899999999999999              -41.43
 2959 -9.2861229999999999 -41.037818000000001
 2960 -7.5667660000000003 -40.664535000000001
 2961 -7.5115879999999997          -40.689059
 2962 -8.9647400000000008 -41.699531999999998
 2963 -8.9702269999999995 -41.730559999999997
 2964           -7.720135 -40.715319999999998
 2965           -7.699249 -40.699328999999999
 2966 -7.6583269999999999 -40.668894999999999
 2967 -7.6584440000000003 -40.647832000000001
 2968 -7.6436019999999996 -40.665430000000001
 2969           -7.633724 -40.645198999999998
 2970 -7.6163610000000004 -40.659968999999997
 2971 -7.5947040000000001 -40.669744999999999
 2972 -8.9524779999999993 -41.669894999999997
 2973 -9.6600000000000001 -40.689999999999998
 2974              -10.16 -38.299999999999997
 2975              -13.56 -41.539999999999999
 2976 -9.1400000000000006 -38.310000000000002
 2977 -9.6600000000000001 -40.689999999999998
 2978              -10.16 -38.299999999999997
 2979              -13.56 -41.539999999999999
 2980 -9.1400000000000006 -38.310000000000002
 2981 -9.6600000000000001 -40.689999999999998
 2982              -10.16 -38.299999999999997
 2983              -13.56 -41.539999999999999
 2984 -9.1400000000000006 -38.310000000000002
 2985 -9.6600000000000001 -40.689999999999998
 2986              -10.16 -38.299999999999997
 2987              -13.56 -41.539999999999999
 2988 -9.1400000000000006 -38.310000000000002
 2989 -9.6600000000000001 -40.689999999999998
 2990              -10.16 -38.299999999999997
 2991              -13.56 -41.539999999999999
 2992 -9.1400000000000006 -38.310000000000002
 2993 -9.6600000000000001 -40.689999999999998
 2994              -10.16 -38.299999999999997
 2995              -13.56 -41.539999999999999
 2996 -9.1400000000000006 -38.310000000000002
 2997 -9.6600000000000001 -40.689999999999998
 2998              -10.16 -38.299999999999997
 2999              -13.56 -41.539999999999999
 3000 -9.1400000000000006 -38.310000000000002
 3001 -9.6600000000000001 -40.689999999999998
 3002              -10.16 -38.299999999999997
 3003              -13.56 -41.539999999999999
 3004 -9.1400000000000006 -38.310000000000002
 3005 -9.6600000000000001 -40.689999999999998
 3006              -10.16 -38.299999999999997
 3007              -13.56 -41.539999999999999
 3008 -9.1400000000000006 -38.310000000000002
 3009 -9.6600000000000001 -40.689999999999998
 3010              -10.16 -38.299999999999997
 3011              -13.56 -41.539999999999999
 3012 -9.1400000000000006 -38.310000000000002
 3013 -9.6600000000000001 -40.689999999999998
 3014              -10.16 -38.299999999999997
 3015              -13.56 -41.539999999999999
 3016 -9.1400000000000006 -38.310000000000002
 3017 -9.6600000000000001 -40.689999999999998
 3018              -10.16 -38.299999999999997
 3019              -13.56 -41.539999999999999
 3020 -9.1400000000000006 -38.310000000000002
 3021 -9.6600000000000001 -40.689999999999998
 3022              -10.16 -38.299999999999997
 3023              -13.56 -41.539999999999999
 3024 -9.1400000000000006 -38.310000000000002
 3025 -9.6600000000000001 -40.689999999999998
 3026              -10.16 -38.299999999999997
 3027              -13.56 -41.539999999999999
 3028 -9.1400000000000006 -38.310000000000002
 3029 -9.6600000000000001 -40.689999999999998
 3030              -10.16 -38.299999999999997
 3031              -13.56 -41.539999999999999
 3032 -9.1400000000000006 -38.310000000000002
 3033 -9.6600000000000001 -40.689999999999998
 3034              -10.16 -38.299999999999997
 3035              -13.56 -41.539999999999999
 3036 -9.1400000000000006 -38.310000000000002
 3037 -9.6600000000000001 -40.689999999999998
 3038              -10.16 -38.299999999999997
 3039              -13.56 -41.539999999999999
 3040 -9.1400000000000006 -38.310000000000002
 3041 -9.6600000000000001 -40.689999999999998
 3042              -10.16 -38.299999999999997
 3043              -13.56 -41.539999999999999
 3044 -9.1400000000000006 -38.310000000000002
 3045 -9.6600000000000001 -40.689999999999998
 3046              -10.16 -38.299999999999997
 3047              -13.56 -41.539999999999999
 3048 -9.1400000000000006 -38.310000000000002
 3049 -9.6600000000000001 -40.689999999999998
 3050              -10.16 -38.299999999999997
 3051              -13.56 -41.539999999999999
 3052 -9.1400000000000006 -38.310000000000002
 3053 -9.6600000000000001 -40.689999999999998
 3054              -10.16 -38.299999999999997
 3055              -13.56 -41.539999999999999
 3056 -9.1400000000000006 -38.310000000000002
 3057 -9.6600000000000001 -40.689999999999998
 3058              -10.16 -38.299999999999997
 3059              -13.56 -41.539999999999999
 3060 -9.1400000000000006 -38.310000000000002
 3061 -9.6600000000000001 -40.689999999999998
 3062              -10.16 -38.299999999999997
 3063              -13.56 -41.539999999999999
 3064 -9.1400000000000006 -38.310000000000002
 3065 -9.6600000000000001 -40.689999999999998
 3066              -10.16 -38.299999999999997
 3067              -13.56 -41.539999999999999
 3068 -9.1400000000000006 -38.310000000000002
 3069 -9.6600000000000001 -40.689999999999998
 3070              -10.16 -38.299999999999997
 3071              -13.56 -41.539999999999999
 3072 -9.1400000000000006 -38.310000000000002
 3073 -9.6600000000000001 -40.689999999999998
 3074              -10.16 -38.299999999999997
 3075              -13.56 -41.539999999999999
 3076 -9.1400000000000006 -38.310000000000002
 3077 -9.6600000000000001 -40.689999999999998
 3078              -10.16 -38.299999999999997
 3079              -13.56 -41.539999999999999
 3080 -9.1400000000000006 -38.310000000000002
 3081 -9.6600000000000001 -40.689999999999998
 3082              -10.16 -38.299999999999997
 3083              -13.56 -41.539999999999999
 3084 -9.1400000000000006 -38.310000000000002
 3085 -9.6600000000000001 -40.689999999999998
 3086              -10.16 -38.299999999999997
 3087              -13.56 -41.539999999999999
 3088 -9.1400000000000006 -38.310000000000002
 3089 -9.6600000000000001 -40.689999999999998
 3090              -10.16 -38.299999999999997
 3091              -13.56 -41.539999999999999
 3092 -9.1400000000000006 -38.310000000000002
 3093 -9.6600000000000001 -40.689999999999998
 3094              -10.16 -38.299999999999997
 3095              -13.56 -41.539999999999999
 3096 -9.1400000000000006 -38.310000000000002
 3097 -9.6600000000000001 -40.689999999999998
 3098              -10.16 -38.299999999999997
 3099              -13.56 -41.539999999999999
 3100 -9.1400000000000006 -38.310000000000002
 3101 -9.6600000000000001 -40.689999999999998
 3102              -10.16 -38.299999999999997
 3103              -13.56 -41.539999999999999
 3104 -9.1400000000000006 -38.310000000000002
 3105 -9.6600000000000001 -40.689999999999998
 3106              -10.16 -38.299999999999997
 3107              -13.56 -41.539999999999999
 3108 -9.1400000000000006 -38.310000000000002
 3109 -9.6600000000000001 -40.689999999999998
 3110              -10.16 -38.299999999999997
 3111              -13.56 -41.539999999999999
 3112 -9.1400000000000006 -38.310000000000002
 3113 -9.6600000000000001 -40.689999999999998
 3114              -10.16 -38.299999999999997
 3115              -13.56 -41.539999999999999
 3116 -9.1400000000000006 -38.310000000000002
 3117 -11.279999999999999 -42.670000000000002
 3118              -13.98 -42.609999999999999
 3119 -10.869999999999999 -41.340000000000003
 3120 -11.279999999999999 -42.670000000000002
 3121              -13.98 -42.609999999999999
 3122 -10.869999999999999 -41.340000000000003
 3123 -11.279999999999999 -42.670000000000002
 3124              -13.98 -42.609999999999999
 3125 -10.869999999999999 -41.340000000000003
 3126 -11.279999999999999 -42.670000000000002
 3127              -13.98 -42.609999999999999
 3128 -10.869999999999999 -41.340000000000003
 3129 -11.279999999999999 -42.670000000000002
 3130              -13.98 -42.609999999999999
 3131 -10.869999999999999 -41.340000000000003
 3132 -11.279999999999999 -42.670000000000002
 3133              -13.98 -42.609999999999999
 3134 -10.869999999999999 -41.340000000000003
 3135 -11.279999999999999 -42.670000000000002
 3136              -13.98 -42.609999999999999
 3137 -10.869999999999999 -41.340000000000003
 3138 -11.279999999999999 -42.670000000000002
 3139              -13.98 -42.609999999999999
 3140 -10.869999999999999 -41.340000000000003
 3141 -11.279999999999999 -42.670000000000002
 3142              -13.98 -42.609999999999999
 3143 -10.869999999999999 -41.340000000000003
 3144 -11.279999999999999 -42.670000000000002
 3145              -13.98 -42.609999999999999
 3146 -10.869999999999999 -41.340000000000003
 3147 -11.279999999999999 -42.670000000000002
 3148              -13.98 -42.609999999999999
 3149 -10.869999999999999 -41.340000000000003
 3150 -11.279999999999999 -42.670000000000002
 3151              -13.98 -42.609999999999999
 3152 -10.869999999999999 -41.340000000000003
 3153 -11.279999999999999 -42.670000000000002
 3154              -13.98 -42.609999999999999
 3155 -10.869999999999999 -41.340000000000003
 3156 -11.279999999999999 -42.670000000000002
 3157              -13.98 -42.609999999999999
 3158 -10.869999999999999 -41.340000000000003
 3159 -11.279999999999999 -42.670000000000002
 3160              -13.98 -42.609999999999999
 3161 -10.869999999999999 -41.340000000000003
 3162 -11.279999999999999 -42.670000000000002
 3163              -13.98 -42.609999999999999
 3164 -10.869999999999999 -41.340000000000003
 3165 -11.279999999999999 -42.670000000000002
 3166              -13.98 -42.609999999999999
 3167 -10.869999999999999 -41.340000000000003
 3168 -11.279999999999999 -42.670000000000002
 3169              -13.98 -42.609999999999999
 3170 -10.869999999999999 -41.340000000000003
 3171 -11.279999999999999 -42.670000000000002
 3172              -13.98 -42.609999999999999
 3173 -10.869999999999999 -41.340000000000003
 3174 -11.279999999999999 -42.670000000000002
 3175              -13.98 -42.609999999999999
 3176 -10.869999999999999 -41.340000000000003
 3177 -11.279999999999999 -42.670000000000002
 3178              -13.98 -42.609999999999999
 3179 -10.869999999999999 -41.340000000000003
 3180 -11.279999999999999 -42.670000000000002
 3181              -13.98 -42.609999999999999
 3182 -10.869999999999999 -41.340000000000003
 3183 -11.279999999999999 -42.670000000000002
 3184              -13.98 -42.609999999999999
 3185 -10.869999999999999 -41.340000000000003
 3186 -11.279999999999999 -42.670000000000002
 3187              -13.98 -42.609999999999999
 3188 -10.869999999999999 -41.340000000000003
 3189 -11.279999999999999 -42.670000000000002
 3190              -13.98 -42.609999999999999
 3191 -10.869999999999999 -41.340000000000003
 3192 -11.279999999999999 -42.670000000000002
 3193              -13.98 -42.609999999999999
 3194 -10.869999999999999 -41.340000000000003
 3195 -11.279999999999999 -42.670000000000002
 3196              -13.98 -42.609999999999999
 3197 -10.869999999999999 -41.340000000000003
 3198 -11.279999999999999 -42.670000000000002
 3199              -13.98 -42.609999999999999
 3200 -10.869999999999999 -41.340000000000003
 3201 -11.279999999999999 -42.670000000000002
 3202              -13.98 -42.609999999999999
 3203 -10.869999999999999 -41.340000000000003
 3204 -11.279999999999999 -42.670000000000002
 3205              -13.98 -42.609999999999999
 3206 -10.869999999999999 -41.340000000000003
 3207 -11.279999999999999 -42.670000000000002
 3208              -13.98 -42.609999999999999
 3209 -10.869999999999999 -41.340000000000003
 3210 -11.279999999999999 -42.670000000000002
 3211              -13.98 -42.609999999999999
 3212 -10.869999999999999 -41.340000000000003
 3213 -11.279999999999999 -42.670000000000002
 3214              -13.98 -42.609999999999999
 3215 -10.869999999999999 -41.340000000000003
 3216 -11.279999999999999 -42.670000000000002
 3217              -13.98 -42.609999999999999
 3218 -10.869999999999999 -41.340000000000003
 3219 -11.279999999999999 -42.670000000000002
 3220              -13.98 -42.609999999999999
 3221 -10.869999999999999 -41.340000000000003
 3222 -11.279999999999999 -42.670000000000002
 3223              -13.98 -42.609999999999999
 3224 -10.869999999999999 -41.340000000000003
 3225          -10.925449          -42.553317
 3226          -10.948055 -42.529456000000003
 3227 -10.930044000000001 -42.537075999999999
 3228          -14.770982 -42.567222000000001
 3229          -14.797983 -42.572139999999997
 3230          -14.819882 -42.562683999999997
 3231           -14.83093 -42.584904999999999
 3232          -10.956298 -42.562181000000002
 3233 -10.986126000000001 -42.539620999999997
 3234 -10.971194000000001 -42.536918999999997
 3235          -14.114559 -42.499764999999996
 3236           -14.07436 -42.512327999999997
 3237          -14.075353 -42.526282999999999
 3238 -14.792289999999999 -42.601323000000001
 3239 -14.815075999999999 -42.596215000000001
 3240          -11.469077          -42.165827
 3241 -11.540411000000001 -42.115968000000002
 3242 -11.526787000000001 -42.118470000000002
 3243           -14.17986 -42.533023999999997
 3244          -14.206851          -42.532677
 3245 -11.432522000000001 -42.137430000000002
 3246 -11.062931000000001 -41.279851000000001
 3247 -10.779928999999999 -41.213388000000002
 3248          -10.741721 -41.206938999999998
 3249          -10.705543 -41.207470999999998
 3250 -10.668627000000001 -41.185073000000003
 3251 -11.370329999999999 -42.607185999999999
 3252          -11.409454 -42.621164999999998
 3253 -11.416828000000001 -42.606723000000002
 3254          -11.418595 -42.591878999999999
 3255          -11.499369 -42.588436999999999
 3256 -11.527604999999999          -42.576138
 3257          -11.549194 -42.594802000000001
 3258          -11.536571 -42.554903000000003
 3259          -11.507018          -42.598799
 3260 -11.512358000000001 -42.579062999999998
 3261          -11.522653 -42.548115000000003
 3262 -11.568015000000001 -42.587063000000001
 3263 -11.587319000000001 -42.588408999999999
 3264 -11.595007000000001 -42.589286999999999
 3265 -11.472982999999999 -42.617024999999998
 3266          -11.462932 -42.572862000000001
 3267 -11.465930999999999 -42.558608999999997
 3268 -11.466635999999999          -42.536068
 3269 -11.485924000000001 -42.567892000000001
 3270 -11.529063000000001           -42.62359
 3271          -11.495872 -42.546258000000002
 3272          -11.566132 -42.560769000000001
 3273            -11.5397          -42.527479
 3274 -11.603908000000001 -42.556013999999998
 3275 -12.619196000000001 -42.057721999999998
 3276          -12.639631 -42.054029999999997
 3277          -12.660166 -42.052829000000003
 3278          -12.681609 -42.049684999999997
 3279          -12.701997 -42.046680000000002
 3280 -12.722416000000001 -42.043233000000001
 3281 -12.746328999999999 -42.033211999999999
 3282          -12.770904 -42.030745000000003
 3283 -12.847697999999999 -42.067419000000001
 3284          -12.868041 -42.064430000000002
 3285          -12.250904 -42.374215999999997
 3286          -12.224532 -42.378039999999999
 3287          -11.051634 -41.263103999999998
 3288 -11.033739000000001 -41.237690000000001
 3289          -11.006496          -41.256456
 3290          -11.032149 -41.259469000000003
 3291          -11.044646          -41.289828
 3292 -11.019489999999999 -41.294006000000003
 3293          -11.024283 -41.298461000000003
 3294 -11.048367000000001 -41.305554999999998
 3295 -12.757721999999999 -42.026221999999997
 3296 -8.8800000000000008 -36.399999999999999
 3297 -8.8800000000000008 -36.399999999999999
 3298 -8.8800000000000008 -36.399999999999999
 3299 -8.8800000000000008 -36.399999999999999
 3300 -8.8800000000000008 -36.399999999999999
 3301 -8.8800000000000008 -36.399999999999999
 3302 -8.8800000000000008 -36.399999999999999
 3303 -8.8800000000000008 -36.399999999999999
 3304 -8.8800000000000008 -36.399999999999999
 3305 -8.8800000000000008 -36.399999999999999
 3306 -8.8800000000000008 -36.399999999999999
 3307 -8.8800000000000008 -36.399999999999999
 3308 -8.8800000000000008 -36.399999999999999
 3309 -8.8800000000000008 -36.399999999999999
 3310 -8.8800000000000008 -36.399999999999999
 3311 -8.8800000000000008 -36.399999999999999
 3312 -8.8800000000000008 -36.399999999999999
 3313 -8.8800000000000008 -36.399999999999999
 3314 -8.8800000000000008 -36.399999999999999
 3315 -8.8800000000000008 -36.399999999999999
 3316 -8.8800000000000008 -36.399999999999999
 3317 -8.8800000000000008 -36.399999999999999
 3318 -8.8800000000000008 -36.399999999999999
 3319 -8.8800000000000008 -36.399999999999999
 3320 -8.8800000000000008 -36.399999999999999
 3321 -8.8800000000000008 -36.399999999999999
 3322 -8.8800000000000008 -36.399999999999999
 3323 -8.8800000000000008 -36.399999999999999
 3324 -8.8800000000000008 -36.399999999999999
 3325 -8.8800000000000008 -36.399999999999999
 3326 -8.8800000000000008 -36.399999999999999
 3327 -8.8800000000000008 -36.399999999999999
 3328 -8.8800000000000008 -36.399999999999999
 3329 -8.8800000000000008 -36.399999999999999
 3330 -8.8800000000000008 -36.399999999999999
 3331 -8.8800000000000008 -36.399999999999999
 3332 -8.9683220000000006 -36.734335999999999
 3333 -8.9837869999999995          -36.788086
 3334               -3.77 -41.030000000000001
 3335               -3.77 -41.030000000000001
 3336               -3.77 -41.030000000000001
 3337               -3.77 -41.030000000000001
 3338               -3.77 -41.030000000000001
 3339               -3.77 -41.030000000000001
 3340               -3.77 -41.030000000000001
 3341               -3.77 -41.030000000000001
 3342               -3.77 -41.030000000000001
 3343               -3.77 -41.030000000000001
 3344               -3.77 -41.030000000000001
 3345               -3.77 -41.030000000000001
 3346               -3.77 -41.030000000000001
 3347               -3.77 -41.030000000000001
 3348               -3.77 -41.030000000000001
 3349               -3.77 -41.030000000000001
 3350               -3.77 -41.030000000000001
 3351               -3.77 -41.030000000000001
 3352               -3.77 -41.030000000000001
 3353               -3.77 -41.030000000000001
 3354               -3.77 -41.030000000000001
 3355               -3.77 -41.030000000000001
 3356               -3.77 -41.030000000000001
 3357               -3.77 -41.030000000000001
 3358               -3.77 -41.030000000000001
 3359               -3.77 -41.030000000000001
 3360               -3.77 -41.030000000000001
 3361               -3.77 -41.030000000000001
 3362               -3.77 -41.030000000000001
 3363               -3.77 -41.030000000000001
 3364               -3.77 -41.030000000000001
 3365               -3.77 -41.030000000000001
 3366               -3.77 -41.030000000000001
 3367               -3.77 -41.030000000000001
 3368               -3.77 -41.030000000000001
 3369               -3.77 -41.030000000000001
 3370          -12.278694          -43.323667
 4453 -8.0943059999999996 -39.337130999999999
 4454 -8.0917999999999992 -39.338751999999999
 4455 -8.1043889999999994 -39.340667000000003
 4456 -8.0250000000000004 -39.320556000000003
 4457 -8.0237499999999997          -39.328944
 4458 -8.0150079999999999 -40.610328000000003
 4459 -7.3548580000000001 -38.766196999999998
 4460 -7.3544470000000004          -38.748531
 4461           -7.363067 -38.765528000000003
 4462 -7.3433669999999998 -38.733347000000002
 4463 -7.3527500000000003 -38.742975000000001
 4464 -7.4032419999999997 -38.856369000000001
 4465 -7.3961579999999998 -38.845714000000001
 4466 -7.4248640000000004 -38.881135999999998
 4467 -7.4218390000000003 -38.867547000000002
 4468 -7.3600000000000003 -38.969999999999999
 4469 -7.3600000000000003 -38.969999999999999
 4470 -7.3600000000000003 -38.969999999999999
 4471 -7.3600000000000003 -38.969999999999999
 4472 -7.3600000000000003 -38.969999999999999
 4473 -6.3328610000000003 -38.852860999999997
 4474 -6.3385559999999996 -38.867638999999997
 4489          -12.054008 -45.075600000000001
 4490 -12.060992000000001 -45.074967000000001
 4491          -12.063233 -45.087305999999998
 4492 -12.057403000000001 -45.086114000000002
 4493          -12.054219 -45.093442000000003
 4494          -12.047494 -45.092908000000001
 4495          -12.046664 -45.081913999999998
 4496 -3.6345079999999998          -38.941803
 4497 -3.6374559999999998 -38.928663999999998
 4507 -4.0995030000000003 -41.483294000000001
 4508 -4.1142279999999998 -41.497577999999997
 4509 -4.1177390000000003 -41.491703000000001
 4510 -4.0995030000000003 -41.483294000000001
 4511 -4.1062279999999998 -41.484278000000003
 4512 -4.1098030000000003 -41.492758000000002
 4513 -4.1203830000000004 -41.434964000000001
 4514 -4.1265609999999997 -41.445517000000002
 4515 -4.1281970000000001 -41.454278000000002
 4516 -4.1342939999999997 -41.452838999999997
 4517 -4.1444359999999998 -41.455182999999998
 4518 -4.1415670000000002 -41.445328000000003
 4519 -7.6578559999999998 -45.187007999999999
 4520 -7.6661359999999998 -45.179493999999998
 4521 -7.6821390000000003 -45.174053000000001
 4522 -7.6757780000000002 -45.178972000000002
 4523 -7.6678670000000002          -45.172542
 4524 -7.6759719999999998 -45.165272000000002
 4525 -7.6768390000000002 -45.170949999999998
 4526 -7.6301500000000004 -45.218102999999999
 4527 -7.6081469999999998 -45.225914000000003
 4528 -7.6314859999999998 -45.213025000000002
 4529 -8.8480559999999997 -44.188056000000003
 4530 -8.8480559999999997 -44.176943999999999
 4531 -8.8480559999999997 -44.165556000000002
 4532 -8.8538890000000006 -44.157221999999997
 4533 -8.8613890000000008 -44.176667000000002
 4534 -8.8647220000000004 -44.165832999999999
 4535 -3.0910760000000002 -41.548788999999999
 4536 -3.0964830000000001 -41.555112999999999
 4537 -2.9024999999999999 -41.781944000000003
 4538 -8.3344679999999993          -36.238813
 4539           -8.345542 -36.238335999999997
 4540 -8.3525010000000002 -36.237279999999998
 4541 -8.3305439999999997 -36.199814000000003
 4542 -8.3429470000000006 -36.199508000000002
 4543 -8.3429559999999992 -36.193139000000002
 4544 -8.3049920000000004 -36.221502999999998
 4545 -8.3195750000000004 -36.223894000000001
 4546 -8.3035530000000008 -36.215833000000003
 4678 -6.9993869999999996 -36.587535000000003
 4679 -6.9993869999999996 -36.587535000000003
 4680 -6.8915689999999996 -36.964171999999998
 4681 -6.9016789999999997 -36.956966999999999
 4682 -6.9064180000000004 -36.958672999999997
 4683 -6.9088269999999996 -36.959480999999997
 4684 -6.9011839999999998 -36.965181000000001
 4685 -6.9018689999999996 -36.973013000000002
 4686 -6.9052949999999997 -36.973033999999998
 4687 -6.9097710000000001          -36.978296
 4688 -6.9180599999999997 -36.970999999999997
 4689 -6.9613440000000004 -37.023865000000001
 4690 -6.9448030000000003 -37.011527999999998
 4691 -6.9468249999999996          -37.011367
 4692 -6.9603919999999997 -37.023057999999999
 4693 -6.9631080000000001 -37.029668999999998
 4694 -6.9580859999999998 -37.032063999999998
 4695 -6.9140670000000002 -37.016835999999998
 4696 -6.9165559999999999 -37.010610999999997
 4697 -7.7033329999999998 -36.863610999999999
 4698 -7.8783560000000001 -37.982778000000003
 4699 -7.8900110000000003            -37.9358
 4700             -7.8956 -37.944600000000001
 4701 -7.8786899999999997 -37.985100000000003
 4702 -8.5838889999999992 -37.621943999999999
 4703 -8.5882439999999995 -37.622328000000003
 4704 -8.5844439999999995          -37.616667
 4705 -8.5847219999999993 -37.607778000000003
 4706 -8.5855720000000009          -37.616678
 4707 -8.5837810000000001 -37.612428000000001
 4708 -8.5855560000000004 -37.612499999999997
 4709 -8.5999999999999996 -37.607778000000003
 4710 -8.5844439999999995 -37.604444000000001
 4711 -4.6009830000000003 -37.642122000000001
 4712 -5.3258830000000001          -38.823186
 4713 -5.3322609999999999 -38.821652999999998
 4714 -5.3348440000000004          -38.814408
 4715 -5.3399830000000001 -38.815874999999998
 4716 -5.3390079999999998 -38.807274999999997
 4717           -5.345675          -38.806894
 4718 -5.3474279999999998 -38.801091999999997
 4719 -5.3493560000000002 -38.796377999999997
 4720 -4.8678309999999998 -38.007297000000001
 4721 -4.8643559999999999 -37.998649999999998
 4722 -4.8575749999999998          -38.009867
 4723 -4.9371390000000002 -37.715710999999999
 4724 -4.9391749999999996          -37.707881
 4725 -4.8613359999999997 -38.010174999999997
 4726           -5.645842 -37.061096999999997
 4727 -5.6413140000000004 -37.059136000000002
 4728 -5.6370750000000003 -37.062347000000003
 4729 -5.6418749999999998 -37.048141999999999
 4730 -5.6329940000000001 -37.031550000000003
 4731 -5.6261780000000003 -37.028646999999999
 4732 -5.6190249999999997          -37.025883
 4733 -5.6118670000000002 -37.024102999999997
 4734 -5.6249640000000003 -37.055472000000002
 4735 -5.6196330000000003 -37.067269000000003
 4736           -5.631786 -37.056660999999998
 4737 -5.6181720000000004 -37.040757999999997
 4738 -5.6289809999999996 -37.047589000000002
 4739           -5.814565 -36.640521999999997
 4740 -5.8070740000000001          -36.640839
 4741 -5.7919669999999996 -36.641618999999999
 4742 -5.7843419999999997 -36.640658000000002
 4743           -5.418526 -36.231124999999999
 4744 -5.4138250000000001          -36.203291
 4745 -5.4271289999999999          -36.218646
 4746 -5.4167579999999997 -36.218746000000003
 4747 -5.4120109999999997 -36.231149000000002
 4748           -5.574986          -37.079794
 4749 -5.5959500000000002 -37.057264000000004
 4750 -5.5933580000000003          -37.050317
 4751 -5.6074640000000002 -37.046005999999998
 4752 -5.5995999999999997 -37.055903000000001
 4753 -5.5581670000000001 -37.036893999999997
 4754 -5.5196610000000002 -37.009599999999999
 4755 -5.5196110000000003 -37.009599999999999
 4756           -5.521153 -37.030799999999999
 4757 -5.5264059999999997 -37.038235999999998
 4758 -5.5083080000000004 -37.046199999999999
 4759           -5.529636 -37.025796999999997
 4760 -5.5277640000000003          -37.043633
 4761 -5.5265310000000003 -37.044403000000003
 4762 -5.5651809999999999 -37.021022000000002
 4763 -5.5651809999999999 -37.021022000000002
 4764             -11.222 -41.585749999999997
 4765          -11.224133 -41.581032999999998
 4766 -12.296741000000001 -42.337443999999998
 4767          -12.324525          -42.321106
 4768 -11.420396999999999 -42.145994000000002
 4769          -11.086572 -42.397514000000001
 4770 -11.078917000000001 -42.403753000000002
 4771          -14.144047 -42.484138999999999
 4772          -11.137411 -41.335746999999998
 4773 -11.147641999999999 -41.337997000000001
 4774           -11.15335 -41.339500000000001
 4775          -11.140822 -41.327072000000001
 4776 -14.820028000000001          -40.807167
 4863 -9.5629740000000005           -36.18083
 4864 -9.5629740000000005           -36.18083
 4865 -9.5629740000000005           -36.18083
 4866 -9.5629740000000005           -36.18083
 4867 -9.5629740000000005           -36.18083
 4868 -9.6413689999999992 -35.731659000000001
 4869 -9.5629740000000005           -36.18083
 4870 -9.5629740000000005           -36.18083
 4871 -9.5629740000000005           -36.18083
 4872 -9.5629740000000005           -36.18083
 4946          -12.966953 -38.482227000000002
 4947            -11.8081 -41.817816000000001
 4948            -11.8081 -41.817816000000001
 4949            -11.8081 -41.817816000000001
 4950            -11.8081 -41.817816000000001
 4951            -11.8081 -41.817816000000001
 4952            -11.8081 -41.817816000000001
 4953            -11.8081 -41.817816000000001
 4954            -11.8081 -41.817816000000001
 4955            -11.8081 -41.817816000000001
 4956            -11.8081 -41.817816000000001
 4957            -11.8081 -41.817816000000001
 4958            -11.8081 -41.817816000000001
 4959            -11.8081 -41.817816000000001
 4960            -11.8081 -41.817816000000001
 4961            -11.8081 -41.817816000000001
 4962            -11.8081 -41.817816000000001
 4963            -11.8081 -41.817816000000001
 4964            -11.8081 -41.817816000000001
 4965            -11.8081 -41.817816000000001
 4966            -11.8081 -41.817816000000001
 4967            -11.8081 -41.817816000000001
 4968            -11.8081 -41.817816000000001
 4969            -11.8081 -41.817816000000001
 4970            -11.8081 -41.817816000000001
 4971            -11.8081 -41.817816000000001
 4972            -11.8081 -41.817816000000001
 4973            -11.8081 -41.817816000000001
 4974            -11.8081 -41.817816000000001
 4975            -11.8081 -41.817816000000001
 4976            -11.8081 -41.817816000000001
 4977            -11.8081 -41.817816000000001
 4978            -11.8081 -41.817816000000001
 4979            -11.8081 -41.817816000000001
 4980            -11.8081 -41.817816000000001
 4981            -11.8081 -41.817816000000001
 4982            -11.8081 -41.817816000000001
 4983            -11.8081 -41.817816000000001
 4984            -11.8081 -41.817816000000001
 4985            -11.8081 -41.817816000000001
 4986            -11.8081 -41.817816000000001
 4987            -11.8081 -41.817816000000001
 4988            -11.8081 -41.817816000000001
 4989            -11.8081 -41.817816000000001
 4990            -11.8081 -41.817816000000001
 4991            -11.8081 -41.817816000000001
 4992            -11.8081 -41.817816000000001
 4993            -11.8081 -41.817816000000001
 4994            -11.8081 -41.817816000000001
 4995            -11.8081 -41.817816000000001
 4996            -11.8081 -41.817816000000001
 4997            -11.8081 -41.817816000000001
 4998            -11.8081 -41.817816000000001
 4999            -11.8081 -41.817816000000001
 5000            -11.8081 -41.817816000000001
 5001 -4.4810309999999998 -38.884481000000001
 5002 -4.4810309999999998 -38.884481000000001
 5003 -4.4810309999999998 -38.884481000000001
 5004 -4.4810309999999998 -38.884481000000001
 5005 -3.7986840000000002 -38.562269000000001
 5006 -4.4810309999999998 -38.884481000000001
 5007 -4.4810309999999998 -38.884481000000001
 5008 -4.4810309999999998 -38.884481000000001
 5009 -4.4810309999999998 -38.884481000000001
 5010 -4.4810309999999998 -38.884481000000001
 5011 -4.4810309999999998 -38.884481000000001
 5012 -4.4810309999999998 -38.884481000000001
 5013 -4.4810309999999998 -38.884481000000001
 5014 -4.4810309999999998 -38.884481000000001
 5015 -4.4810309999999998 -38.884481000000001
 5016 -4.4810309999999998 -38.884481000000001
 5017 -4.4810309999999998 -38.884481000000001
 5744 -6.9993869999999996 -36.587535000000003
 5745 -6.9993869999999996 -36.587535000000003
 5746 -6.9993869999999996 -36.587535000000003
 5747 -6.9993869999999996 -36.587535000000003
 5748 -6.9993869999999996 -36.587535000000003
 5749 -6.9993869999999996 -36.587535000000003
 5750 -6.9993869999999996 -36.587535000000003
 5751 -6.9993869999999996 -36.587535000000003
 5752 -8.0537910000000004          -34.898063
 5753           -8.247052          -37.012127
 5754           -8.247052          -37.012127
 5755           -8.247052          -37.012127
 5756           -8.247052          -37.012127
 5757           -8.247052          -37.012127
 5758           -8.247052          -37.012127
 5759           -8.247052          -37.012127
 5760           -8.247052          -37.012127
 5761           -8.247052          -37.012127
 5762           -8.247052          -37.012127
 5763           -8.247052          -37.012127
 5764           -8.247052          -37.012127
 5765           -8.247052          -37.012127
 5766           -8.247052          -37.012127
 5767           -8.247052          -37.012127
 5768           -8.247052          -37.012127
 5769           -8.247052          -37.012127
 5770           -8.247052          -37.012127
 5771           -8.247052          -37.012127
 5772           -8.247052          -37.012127
 5773           -8.247052          -37.012127
 5774           -8.247052          -37.012127
 5775           -8.247052          -37.012127
 5776 -5.0257670000000001 -42.964452999999999
 5777 -7.1371630000000001 -42.438360000000003
 5778 -7.1371630000000001 -42.438360000000003
 5779 -7.1371630000000001 -42.438360000000003
 5780 -7.1371630000000001 -42.438360000000003
 5781 -7.1371630000000001 -42.438360000000003
 5782 -7.1371630000000001 -42.438360000000003
 5783 -7.1371630000000001 -42.438360000000003
 5784 -7.1371630000000001 -42.438360000000003
 5785 -7.1371630000000001 -42.438360000000003
 5786 -7.1371630000000001 -42.438360000000003
 5787 -7.1371630000000001 -42.438360000000003
 5788 -7.1371630000000001 -42.438360000000003
 5789 -7.1371630000000001 -42.438360000000003
 6149 -5.6123839999999996 -36.363568000000001
 6150 -5.6123839999999996 -36.363568000000001
 6151 -5.6123839999999996 -36.363568000000001
 6152 -5.6123839999999996 -36.363568000000001
 6153 -5.8245329999999997          -35.321216
 6154 -5.6123839999999996 -36.363568000000001
 6155 -5.6123839999999996 -36.363568000000001
 6156 -5.6123839999999996 -36.363568000000001
 6157 -5.6123839999999996 -36.363568000000001
 6158 -5.6123839999999996 -36.363568000000001
 6159 -5.6123839999999996 -36.363568000000001
 6160 -5.6123839999999996 -36.363568000000001
 6614          -10.732562 -37.140310999999997
 6615          -10.732562 -37.140310999999997
 6616          -10.929029 -37.087119999999999
 6617          -10.732562 -37.140310999999997
 6618          -11.251096 -37.529733999999998
 6619          -10.732562 -37.140310999999997
 6620          -10.732562 -37.140310999999997
 7183 -9.5629740000000005           -36.18083
 7184 -9.5629740000000005           -36.18083
 7185 -9.5629740000000005           -36.18083
 7186 -9.5629740000000005           -36.18083
 7187 -9.5629740000000005           -36.18083
 7188 -9.5629740000000005           -36.18083
 7189 -9.5629740000000005           -36.18083
 7190 -9.5629740000000005           -36.18083
 7191 -9.5629740000000005           -36.18083
 7192 -9.5629740000000005           -36.18083
 7193            -11.8081 -41.817816000000001
 7194            -11.8081 -41.817816000000001
 7195            -11.8081 -41.817816000000001
 7196            -11.8081 -41.817816000000001
 7197            -11.8081 -41.817816000000001
 7198            -11.8081 -41.817816000000001
 7199            -11.8081 -41.817816000000001
 7200            -11.8081 -41.817816000000001
 7201            -11.8081 -41.817816000000001
 7202            -11.8081 -41.817816000000001
 7203            -11.8081 -41.817816000000001
 7204            -11.8081 -41.817816000000001
 7205            -11.8081 -41.817816000000001
 7206            -11.8081 -41.817816000000001
 7207            -11.8081 -41.817816000000001
 7208            -11.8081 -41.817816000000001
 7209            -11.8081 -41.817816000000001
 7210            -11.8081 -41.817816000000001
 7211            -11.8081 -41.817816000000001
 7212            -11.8081 -41.817816000000001
 7213            -11.8081 -41.817816000000001
 7214            -11.8081 -41.817816000000001
 7215            -11.8081 -41.817816000000001
 7216            -11.8081 -41.817816000000001
 7217            -11.8081 -41.817816000000001
 7218            -11.8081 -41.817816000000001
 7219            -11.8081 -41.817816000000001
 7220            -11.8081 -41.817816000000001
 7221            -11.8081 -41.817816000000001
 7222            -11.8081 -41.817816000000001
 7223            -11.8081 -41.817816000000001
 7224            -11.8081 -41.817816000000001
 7225            -11.8081 -41.817816000000001
 7226            -11.8081 -41.817816000000001
 7227            -11.8081 -41.817816000000001
 7228            -11.8081 -41.817816000000001
 7229            -11.8081 -41.817816000000001
 7230            -11.8081 -41.817816000000001
 7231            -11.8081 -41.817816000000001
 7232            -11.8081 -41.817816000000001
 7233            -11.8081 -41.817816000000001
 7234            -11.8081 -41.817816000000001
 7235            -11.8081 -41.817816000000001
 7236            -11.8081 -41.817816000000001
 7237            -11.8081 -41.817816000000001
 7238            -11.8081 -41.817816000000001
 7239            -11.8081 -41.817816000000001
 7240            -11.8081 -41.817816000000001
 7241            -11.8081 -41.817816000000001
 7242            -11.8081 -41.817816000000001
 7243            -11.8081 -41.817816000000001
 7244            -11.8081 -41.817816000000001
 7245            -11.8081 -41.817816000000001
 7246            -11.8081 -41.817816000000001
 7247            -11.8081 -41.817816000000001
 7248 -4.4810309999999998 -38.884481000000001
 7249 -4.4810309999999998 -38.884481000000001
 7250 -4.4810309999999998 -38.884481000000001
 7251 -4.4810309999999998 -38.884481000000001
 7252 -4.4810309999999998 -38.884481000000001
 7253 -4.4810309999999998 -38.884481000000001
 7254 -4.4810309999999998 -38.884481000000001
 7255 -4.4810309999999998 -38.884481000000001
 7256 -4.4810309999999998 -38.884481000000001
 7257 -4.4810309999999998 -38.884481000000001
 7258 -4.4810309999999998 -38.884481000000001
 7259 -4.4810309999999998 -38.884481000000001
 7260 -4.4810309999999998 -38.884481000000001
 7261 -4.4810309999999998 -38.884481000000001
 7262 -4.4810309999999998 -38.884481000000001
 7263 -4.4810309999999998 -38.884481000000001
 7264 -4.4810309999999998 -38.884481000000001
 7991 -6.9993869999999996 -36.587535000000003
 7992 -6.9993869999999996 -36.587535000000003
 7993 -6.9993869999999996 -36.587535000000003
 7994 -6.9993869999999996 -36.587535000000003
 7995 -6.9993869999999996 -36.587535000000003
 7996 -6.9993869999999996 -36.587535000000003
 7997 -6.9993869999999996 -36.587535000000003
 7998 -6.9993869999999996 -36.587535000000003
 7999           -8.247052          -37.012127
 8000           -8.247052          -37.012127
 8001           -8.247052          -37.012127
 8002           -8.247052          -37.012127
 8003           -8.247052          -37.012127
 8004           -8.247052          -37.012127
 8005           -8.247052          -37.012127
 8006           -8.247052          -37.012127
 8007           -8.247052          -37.012127
 8008           -8.247052          -37.012127
 8009           -8.247052          -37.012127
 8010           -8.247052          -37.012127
 8011           -8.247052          -37.012127
 8012           -8.247052          -37.012127
 8013           -8.247052          -37.012127
 8014           -8.247052          -37.012127
 8015           -8.247052          -37.012127
 8016           -8.247052          -37.012127
 8017           -8.247052          -37.012127
 8018           -8.247052          -37.012127
 8019           -8.247052          -37.012127
 8020           -8.247052          -37.012127
 8021           -8.247052          -37.012127
 8022           -8.247052          -37.012127
 8382 -5.6123839999999996 -36.363568000000001
 8383 -5.6123839999999996 -36.363568000000001
 8384 -5.6123839999999996 -36.363568000000001
 8385 -5.6123839999999996 -36.363568000000001
 8386 -5.6123839999999996 -36.363568000000001
 8387 -5.6123839999999996 -36.363568000000001
 8388 -5.6123839999999996 -36.363568000000001
 8389 -5.6123839999999996 -36.363568000000001
 8390 -5.6123839999999996 -36.363568000000001
 8391 -5.6123839999999996 -36.363568000000001
 8392 -5.6123839999999996 -36.363568000000001
 8393 -5.6123839999999996 -36.363568000000001
 8831          -10.732562 -37.140310999999997
 8832          -10.732562 -37.140310999999997
 8833          -10.732562 -37.140310999999997
 8834          -10.732562 -37.140310999999997
 8835          -10.732562 -37.140310999999997
 8836          -10.732562 -37.140310999999997
