! NUM ...........Latitude ..........Longitude
    6 -19.045832999999998 -40.538055999999997
    7          -19.473333 -40.611111000000001
    8 -19.620370000000001 -40.616314000000003
    9 -20.773589999999999 -40.987516999999997
   10 -17.280000000000001 -47.524166999999998
   11 -17.908888999999999 -51.898888999999997
   12          -16.521967 -48.634157999999999
   13 -17.349357000000001 -52.812288000000002
   14          -21.781931 -46.631552999999997
   15 -20.454008000000002          -43.006093
   16 -20.495007000000001 -43.482765000000001
   17          -20.276802 -41.963568000000002
   18 -20.477271999999999 -43.446621999999998
   19 -21.055555999999999 -44.209443999999998
   20          -21.299353 -43.208576000000001
   21 -22.258704000000002 -46.675961000000001
   22 -19.639462000000002 -45.109037000000001
   23 -22.369444000000001 -45.349443999999998
   24          -20.286534 -42.335310999999997
   25 -21.193677999999998 -42.567538999999996
   26 -19.263891999999998 -43.606141999999998
   27 -18.687063999999999 -48.096702000000001
   28 -21.128741999999999          -47.040931
   29 -18.490611000000001          -46.927667
   30 -20.218503999999999 -41.994669000000002
   31 -18.950182999999999 -49.382683999999998
   32 -20.260000000000002              -47.18
   33 -19.801206000000001 -42.302086000000003
   34 -21.924130999999999 -45.471010999999997
   35          -16.627893          -43.308543
   36 -20.112500000000001 -44.547778000000001
   37          -21.774984 -46.615130000000001
   38 -18.525310999999999 -49.215322999999998
   39 -20.494167000000001 -43.450555999999999
   40 -21.141832999999998 -42.604506000000001
   41 -21.927735999999999 -44.797364000000002
   42 -21.941452000000002          -44.845571
   43 -22.110821999999999 -44.844594000000001
   44 -22.165866000000001 -44.117424999999997
   45          -21.421906 -46.917228999999999
   46 -22.314703000000002 -46.197280999999997
   47 -19.609442999999999 -47.456521000000002
   48 -20.276796999999998          -42.651519
   49 -19.127130999999999 -47.918599999999998
   50          -21.348032 -46.833635999999998
   51           -20.14076           -44.88091
   52 -18.481943999999999          -47.427222
   53 -19.895130999999999 -47.475183000000001
   54 -21.834527000000001 -46.092191999999997
   55 -21.851240000000001 -43.890177000000001
   56 -21.559443999999999 -46.190556000000001
   57 -22.570464000000001 -46.409941000000003
   58 -19.856155999999999 -44.403294000000002
   59 -21.950185000000001 -44.510646999999999
   60 -22.573661000000001 -46.411817999999997
   61 -20.275832999999999          -43.810468
   62 -20.559235999999999 -43.020583000000002
   63              -21.73 -46.208610999999998
   64 -20.806111000000001 -42.363610999999999
   65 -21.962499999999999 -44.521667000000001
   66 -20.097778000000002 -41.758056000000003
   67          -19.998611 -41.998055999999998
   68 -21.028600000000001 -42.199719999999999
   69 -21.986667000000001 -44.408332999999999
   70 -20.114443999999999          -41.785556
   71            -22.5625 -46.088332999999999
   72 -19.856141000000001 -42.331837999999998
   73          -21.963804 -43.155062999999998
   74 -18.789822999999998 -42.822647000000003
   75 -19.979154000000001 -41.714564000000003
   76 -22.028514000000001 -43.748105000000002
   77 -17.618898000000002 -54.888347000000003
   78 -20.399909999999998 -54.444335000000002
   79          -20.424937          -54.394098
   80 -19.402443999999999 -54.539639000000001
   81 -18.979282999999999 -52.605161000000003
   82          -14.862778 -53.291666999999997
   83 -15.879721999999999 -53.581389000000001
   84 -14.602556999999999 -59.416707000000002
   85          -10.164997 -59.452378000000003
   86          -13.634827 -59.064841000000001
   87             -14.465 -59.499443999999997
   88 -13.538888999999999 -58.848332999999997
   89 -14.867006999999999 -53.284508000000002
   90          -16.090864 -55.074744000000003
   91          -15.982222 -55.375556000000003
   92          -15.978056 -55.359444000000003
   93 -17.273921999999999 -54.933033000000002
   94          -17.284392 -54.923713999999997
   95          -14.417778 -59.523611000000002
   96          -13.494764 -60.122596999999999
   97          -14.858177 -53.292014000000002
   98              -13.65 -59.899999999999999
   99 -15.969722000000001 -55.088332999999999
  100 -15.976589000000001 -55.081659000000002
  101 -14.950278000000001 -58.058050000000001
  102 -13.703068999999999 -56.785910999999999
  131 -22.533055999999998 -43.039166999999999
  132 -22.218610999999999 -43.165556000000002
  133          -22.329124 -42.516666999999998
  134 -22.226603999999998 -43.013519000000002
  135          -21.863633 -42.435521999999999
  295 -20.818712999999999 -45.060232999999997
  296 -24.483385999999999 -49.064996000000001
  297 -20.214721999999998 -47.705556000000001
  298          -21.887957 -48.147489999999998
  299          -22.740074 -46.937384999999999
  300 -21.846944000000001 -48.489443999999999
  301 -22.727512999999998 -45.452115999999997
  302 -22.246943999999999 -51.170833000000002
  303          -23.981137 -47.939973000000002
  304          -22.526944 -48.648611000000002
  305          -22.022796 -47.914577999999999
  306          -22.881667 -50.330832999999998
  307 -21.951674000000001 -50.929124999999999
  308 -22.660298000000001 -47.278007000000002
  309          -23.563333 -45.836388999999997
  310 -21.888106000000001 -48.147407999999999
  311          -23.999703 -47.957102999999996
  312 -24.005555999999999 -47.941110999999999
  313 -22.933889000000001 -46.895833000000003
  314 -22.074166999999999 -48.062221999999998
  315 -23.327529999999999 -47.768872999999999
  316 -22.953804999999999 -48.737881999999999
  317          -21.332542 -47.298132000000003
  318 -22.424997999999999 -48.020560000000003
  319          -22.664444 -45.309167000000002
  949 -21.565722000000001          -41.073107
 1326 -15.797814000000001 -47.783957999999998
 1327          -20.763551 -41.528573999999999
 1328          -20.399953 -41.266494999999999
 1329 -20.695527999999999 -41.082000000000001
 1330          -20.393407 -40.572676999999999
 1331 -20.060075000000001 -40.642586000000001
 1332          -20.508094 -41.280777999999998
 1333          -20.746575 -41.874797000000001
 1334            -20.6036 -40.805525000000003
 1335          -20.616667 -41.483333000000002
 1336 -20.696263999999999          -41.515839
 1337 -21.107500000000002 -41.727499999999999
 1338          -21.198611 -41.376389000000003
 1339 -20.328147000000001 -40.636850000000003
 1340 -20.834167000000001 -41.122500000000002
 1341 -19.965278000000001 -41.076110999999997
 1342 -18.067499999999999 -51.167499999999997
 1343 -15.516489999999999 -49.485221000000003
 1344 -16.591564999999999 -51.806202999999996
 1345          -14.371036 -46.320977999999997
 1346          -14.358039 -46.197963999999999
 1347 -14.306393999999999 -46.199933999999999
 1348 -13.412197000000001 -46.369171999999999
 1349 -16.342684999999999 -51.439036999999999
 1350 -18.788333000000002 -52.375278000000002
 1351 -18.819721999999999 -52.177500000000002
 1352 -18.143560999999998          -48.270401
 1353 -14.688216000000001 -46.299219999999998
 1354 -17.944724999999998 -51.726233000000001
 1355 -18.061886000000001 -48.209867000000003
 1356 -18.736111000000001 -52.296388999999998
 1357 -16.441507999999999          -51.399656
 1358 -16.535278000000002 -51.480277999999998
 1359 -16.481110999999999 -51.416944000000001
 1360 -18.730958000000001 -51.798366999999999
 1361 -13.395277999999999 -46.390278000000002
 1362          -17.653931 -50.476914000000001
 1363 -17.727754000000001 -50.451931000000002
 1364 -17.971094000000001 -51.762383999999997
 1365 -16.481269999999999 -47.775841999999997
 1366 -16.645727000000001          -47.832245
 1367 -16.785056000000001 -47.885108000000002
 1368 -21.481539999999999 -43.462161999999999
 1369 -22.153307999999999 -44.090428000000003
 1370          -22.008889 -43.265278000000002
 1371          -19.163639 -43.671332999999997
 1372           -20.18289 -42.365628999999998
 1373          -21.488927          -43.455202
 1374          -15.522475 -41.511116999999999
 1375 -22.033391999999999 -43.782587999999997
 1376 -22.180358999999999          -44.277777
 1377 -19.486111000000001 -47.541666999999997
 1378 -18.638542000000001 -43.965398999999998
 1379           -19.76904 -41.788446999999998
 1380 -22.547657999999998 -45.361849999999997
 1381 -21.806730999999999 -46.135046000000003
 1382 -20.213332999999999 -43.731667000000002
 1383 -20.914528000000001          -42.026944
 1384 -22.600833000000002          -45.547483
 1385 -20.476666999999999 -43.446389000000003
 1386 -20.227689000000002 -41.996003000000002
 1387 -18.939976000000001 -42.486217000000003
 1388          -21.302678 -42.912531000000001
 1389 -21.374048999999999 -42.993782000000003
 1390 -19.986667000000001 -41.719166999999999
 1391 -22.493608999999999 -45.330010000000001
 1392 -19.085681999999998 -42.852581999999998
 1393 -19.812999999999999          -43.266793
 1394          -21.479174 -42.845210000000002
 1395 -21.345034999999999 -42.970784000000002
 1396          -19.519959 -42.766671000000002
 1397 -20.047222000000001          -41.743333
 1398          -22.162188 -45.277467999999999
 1399          -20.701801 -42.064030000000002
 1400 -18.947334000000001 -42.529307000000003
 1401 -21.702888000000002 -46.575857999999997
 1402          -19.613947 -41.803443000000001
 1403 -19.436879999999999 -41.614390999999998
 1404 -20.452936999999999 -43.272830999999996
 1405          -21.084515          -42.343719
 1406          -22.115351          -44.839672
 1407 -20.362501999999999 -43.212369000000002
 1408 -18.893550000000001 -42.684975000000001
 1409 -16.192118000000001 -47.173493000000001
 1410          -18.599898 -41.848317000000002
 1411 -16.186388999999998 -47.028055999999999
 1412           -19.03819 -42.923788000000002
 1413 -19.002382999999998 -42.946627999999997
 1414          -19.068082          -42.889961
 1415          -18.688333 -49.009166999999998
 1416          -17.595094 -40.986122000000002
 1417 -19.535937000000001 -42.125630999999998
 1418          -18.681027 -48.499656999999999
 1419 -20.775016999999998          -44.695974
 1420 -20.363956000000002 -44.195728000000003
 1421          -20.388686           -44.18759
 1422 -21.315000000000001             -42.945
 1423          -17.755931 -44.473320000000001
 1424          -18.362897 -43.959955999999998
 1425           -21.60859 -45.461148000000001
 1426          -18.558875 -53.134385999999999
 1427 -19.041222999999999 -52.999910999999997
 1428          -19.335393 -52.672125999999999
 1429 -19.245837999999999 -52.881092000000002
 1430          -19.473986 -52.541451000000002
 1431 -19.410278000000002 -54.493056000000003
 1432 -19.976666999999999 -53.271667000000001
 1433          -19.874444 -53.368611000000001
 1434          -19.282778 -52.397778000000002
 1435 -19.199999999999999 -52.353332999999999
 1436 -19.057638000000001 -52.532074000000001
 1437 -19.529803000000001 -52.518143999999999
 1438          -19.545278 -52.505277999999997
 1439 -17.298286999999998          -53.218809
 1440          -15.043885 -58.749006999999999
 1441          -14.478299 -56.391933000000002
 1442          -13.098056 -54.817500000000003
 1443 -13.320332000000001 -57.597563000000001
 1444 -13.405393999999999 -58.598756000000002
 1445          -14.346209 -56.794901000000003
 1446 -12.793177999999999 -56.008014000000003
 1447 -15.381144000000001 -54.412078000000001
 1448 -12.904021999999999 -58.913291000000001
 1449          -14.869054 -53.301754000000003
 1450 -9.7786109999999997 -54.988610999999999
 1451 -16.299721999999999 -52.707500000000003
 1452          -15.364167 -55.434722000000001
 1453          -14.633709          -53.912934
 1454 -9.8333329999999997 -55.016111000000002
 1455 -9.6316450000000007 -54.973460000000003
 1456 -15.130051999999999 -58.729770000000002
 1457          -13.630229 -59.872509999999998
 1458          -14.457307 -59.507542000000001
 1459          -15.261111 -58.721389000000002
 1460          -15.838777 -54.381856999999997
 1461 -13.543813999999999 -59.030622999999999
 1462          -11.311111 -59.223332999999997
 1463          -15.287341 -58.711227999999998
 1464 -16.104565999999998 -55.345137999999999
 1465 -13.544332000000001 -59.030147999999997
 1466          -13.020538 -60.111992000000001
 1467 -9.6836129999999994 -54.963334000000003
 1468          -10.164724 -59.456955999999998
 1469          -13.022639 -58.186917000000001
 1470           -15.73945 -55.529589000000001
 1471          -13.317428 -59.034016999999999
 1472 -13.074166999999999          -58.975389
 1473 -12.848585999999999 -58.926091999999997
 1474          -13.265556          -59.019444
 1475 -13.223833000000001 -59.026806000000001
 1476 -16.217597000000001           -54.94444
 1477 -13.852093999999999 -53.256310999999997
 1478 -13.197997000000001 -58.983811000000003
 1479 -13.369972000000001          -59.012639
 1480          -15.991944 -55.087221999999997
 1481 -16.003333000000001 -55.115278000000004
 1482 -16.712966999999999 -54.748370000000001
 1483 -16.667014000000002 -54.735574999999997
 1484 -16.304559999999999 -55.060015999999997
 1485          -13.390554 -57.622697000000002
 1486 -14.391776999999999 -56.828527000000001
 1487 -17.537749000000002 -54.432566000000001
 1488          -16.090097 -55.073497000000003
 1489 -16.096353000000001 -55.043368999999998
 1490          -13.373889 -59.141944000000002
 1491 -15.392607999999999 -58.637757999999998
 1492          -12.530253 -57.880839000000002
 1493 -14.792986000000001 -57.967199999999998
 1494 -14.830056000000001 -57.911583999999998
 1495          -10.354911 -56.985671000000004
 1496          -10.330847 -56.981662999999998
 1497          -13.779092 -59.772131000000002
 1498          -14.332939 -57.616126999999999
 1499          -14.611279 -57.744974999999997
 1500 -13.355530999999999 -57.613866999999999
 1501 -13.603611000000001 -56.200277999999997
 1502 -17.931388999999999 -53.381388999999999
 1503 -16.451719000000001 -55.316555999999999
 1504          -12.751403 -56.032421999999997
 1505          -15.205911 -59.012511000000003
 1506 -14.420500000000001 -57.818748999999997
 1507 -13.385624999999999 -59.392358000000002
 1508 -16.182500000000001 -55.015000000000001
 1509          -13.796422          -56.699894
 1557           -22.22625 -43.078158000000002
 1558          -21.914389 -42.257902000000001
 1559          -21.072495 -41.721803000000001
 1560 -22.702777999999999 -43.881110999999997
 1561 -22.139285999999998 -42.098058000000002
 1562           -22.02094 -43.299453999999997
 1563 -22.671054000000002 -43.755608000000002
 1564 -22.209389000000002          -43.138306
 1565 -22.122150000000001 -42.309708999999998
 1566 -20.986567999999998 -41.710504999999998
 1567 -22.032955000000001 -43.154434999999999
 1568 -21.912604000000002 -41.956997000000001
 1569           -21.18571 -42.099896999999999
 1570 -21.899039999999999 -42.048724999999997
 1571          -21.937189 -42.090018000000001
 1572 -22.139448999999999 -42.352057000000002
 1573 -22.790960999999999 -44.239249999999998
 1574          -22.189864 -42.891745999999998
 1575 -22.298878999999999 -43.177131000000003
 1707 -22.699003000000001 -47.284171999999998
 1708          -20.839876 -47.302157000000001
 1709 -23.744737000000001 -46.127603999999998
 1710          -23.813644 -47.674031999999997
 1711 -22.716729000000001 -47.651583000000002
 1712 -22.379798000000001           -46.90072
 1713 -23.149425000000001 -47.794499000000002
 1714 -21.744492999999999 -47.411349000000001
 1715 -20.581551999999999 -47.780070000000002
 1716 -20.666868999999998 -47.653982999999997
 1717          -23.281184 -47.240575999999997
 1718          -21.881739          -47.802028
 1719 -22.260356000000002           -46.71893
 1720 -22.819583000000002 -46.877778999999997
 1721          -22.276287 -46.762144999999997
 1722 -21.412894000000001 -47.334766999999999
 1723          -22.716289 -47.654328999999997
 1724 -23.841809000000001          -47.653585
 1725          -23.836306 -47.659950000000002
 1726 -20.494112999999999 -47.859169999999999
 1727          -20.438167 -47.887999999999998
 1728 -20.547778000000001 -47.813611000000002
 1729          -21.938056 -46.815832999999998
 1730 -21.874248000000001 -46.886609999999997
 1731 -22.567979999999999 -44.863359000000003
 1732 -22.543763999999999 -44.795976000000003
 1733 -23.391332999999999 -46.994992000000003
 1734 -22.874130999999998          -49.215342
 1850 -20.155000000000001 -40.231110999999999
 1851 -18.676943999999999 -40.815832999999998
 1852 -18.755628999999999 -40.746369999999999
 1853 -20.748511000000001 -41.178364000000002
 1854 -19.495471999999999 -40.663221999999998
 1855           -20.11741 -40.188899999999997
 1856          -16.616111 -48.793610999999999
 1857 -16.579999999999998 -48.299999999999997
 1858 -16.370556000000001 -48.964722000000002
 1859 -16.396388999999999 -48.979444000000001
 1860          -16.331944          -48.919722
 1861 -16.352056000000001 -48.920082999999998
 1862 -19.865556000000002 -43.971111000000001
 1863 -15.492781000000001 -44.392713999999998
 1864          -17.405248 -44.887020999999997
 1865          -17.414313 -44.909590999999999
 1866 -17.407623000000001 -44.915393999999999
 1867          -17.408649 -44.873550999999999
 1868 -17.408664000000002          -44.885444
 1869 -17.408664000000002          -44.885444
 1870 -17.408657000000002 -44.889727999999998
 1871 -17.408443999999999 -44.896129999999999
 1872 -17.408193000000001 -44.901487000000003
 1873 -17.407655999999999 -44.912202000000001
 1874 -17.406790999999998 -44.918604999999999
 1875 -16.309564000000002 -43.666986000000001
 1876          -16.302253 -43.665393999999999
 1877 -16.297571999999999 -43.663397000000003
 1878 -17.220268000000001 -47.092238000000002
 1879 -17.223849999999999 -47.087187999999998
 1880 -17.213422000000001 -47.089154999999998
 1881 -17.220137999999999 -47.092199999999998
 1882 -18.824421000000001          -46.674484
 1883 -18.816624000000001 -46.690429999999999
 1884          -15.349722 -43.630000000000003
 1885          -15.341944 -43.627222000000003
 1886 -15.351388999999999 -43.618881999999999
 1887          -15.363764 -43.790353000000003
 1888          -15.360469 -43.808897000000002
 1889 -15.359322000000001 -43.798886000000003
 1890          -15.367117 -43.794994000000003
 1891 -15.372267000000001 -43.787852999999998
 1892          -15.380614 -43.785927999999998
 1893 -15.392053000000001 -43.787314000000002
 1894          -15.396519 -43.803381000000002
 1895          -15.398097 -43.830660999999999
 1896          -15.396417 -43.803769000000003
 1897          -15.400558 -43.804892000000002
 1898          -15.407119 -43.798966999999998
 1899          -15.402331 -43.791305999999999
 1900          -15.425492 -43.818007999999999
 1901          -15.429233 -43.803668999999999
 1902          -15.398403 -43.786127999999998
 1903          -15.413656 -43.787533000000003
 1904 -17.361827999999999 -44.882188999999997
 1905          -17.357478 -44.873868999999999
 1906 -17.371344000000001 -44.923650000000002
 1907 -17.376968999999999 -44.918202999999998
 1908           -17.37585 -44.919716999999999
 1909 -17.440878000000001 -44.926246999999996
 1910 -17.346053000000001 -44.860624999999999
 1911 -17.331389000000001 -44.869166999999997
 1912          -17.348889 -44.878056000000001
 1913 -17.342777999999999 -44.897221999999999
 1914          -19.757317 -47.040782999999998
 1915 -19.774042000000001 -47.049075000000002
 1916          -15.921106 -43.476835999999999
 1917 -15.924822000000001 -43.469025000000002
 1918 -15.934018999999999 -43.476719000000003
 1919 -15.943117000000001 -43.491981000000003
 1920 -15.948764000000001 -43.501807999999997
 1921          -15.954753 -43.501103000000001
 1922 -15.970503000000001          -43.505181
 1923           -15.97275 -43.514285999999998
 1924          -15.961211 -43.518331000000003
 1925          -15.960683 -43.530942000000003
 1926           -15.96415          -43.546889
 1927          -15.936764 -43.503556000000003
 1928          -15.938964 -43.525013999999999
 1929          -15.946847 -43.518056000000001
 1930          -15.949289            -43.5274
 1931          -15.941025 -43.539766999999998
 1932 -15.918969000000001 -43.546492000000001
 1933 -15.922947000000001 -43.534497000000002
 1934          -15.917622 -43.521732999999998
 1935 -15.913330999999999 -43.507627999999997
 1936 -17.535592000000001 -44.776713999999998
 1937 -17.524000000000001 -44.793638999999999
 1938 -17.545853000000001          -44.628619
 1939 -17.520213999999999 -44.804932999999998
 1940 -17.517282999999999 -44.784191999999997
 1941 -17.502358000000001 -44.803382999999997
 1942 -17.497371999999999 -44.817943999999997
 1943 -17.490435999999999          -44.808408
 1944 -17.494074999999999 -44.792839000000001
 1945 -17.484169000000001 -44.790469000000002
 1946 -15.329978000000001 -43.618653000000002
 1947 -15.129443999999999 -44.138610999999997
 1948 -15.126666999999999 -44.134721999999996
 1949 -17.232258000000002 -47.085531000000003
 1950 -17.240335999999999 -47.077677999999999
 1951 -17.243888999999999 -47.070307999999997
 1952 -17.245550000000001          -47.063575
 1953 -17.245024999999998 -47.057532999999999
 1954 -17.244641999999999 -47.049810999999998
 1955 -17.238917000000001 -47.048639000000001
 1956          -19.948611 -44.130721999999999
 1957          -22.101564 -56.742652999999997
 1958          -10.326667 -56.979444000000001
 1959 -14.667160000000001 -56.283734000000003
 1960 -16.603667000000002 -54.478327999999998
 1961          -14.736041 -57.834209000000001
 1962          -11.887222 -56.066667000000002
 1963          -15.889403           -52.28295
 1964 -16.021111000000001 -54.906666999999999
 2097 -22.815833000000001 -47.059167000000002
 2098 -21.466204000000001          -51.591676
 2099          -21.459923           -51.58972
 2100 -21.450915999999999 -51.587001000000001
 2101           -21.88569 -49.869625999999997
 2102 -21.888349999999999 -49.872857000000003
 2103          -21.890974 -49.876040000000003
 2104 -21.893387000000001 -49.861870000000003
 2105          -21.898059 -49.868665999999997
 2106 -15.540190000000001 -43.628300000000003
 2107          -20.800006 -51.528742000000001
 2108          -20.789258          -51.514764
 2109 -20.776717000000001 -51.527106000000003
 2110 -20.781230999999998 -51.516581000000002
 2111 -20.807811000000001 -51.529392000000001
 2112 -19.873000000000001 -50.890470000000001
 2113          -19.884674          -50.397084
 2114 -19.881105999999999 -50.394627999999997
 2115 -19.883914000000001 -50.382021999999999
 2116 -19.875478999999999 -50.377634999999998
 2117 -19.866188000000001 -50.378791999999997
 2118          -20.194633 -50.040714000000001
 2119          -20.192981          -50.048392
 2120          -20.198494 -50.034533000000003
 2121          -20.627834 -51.302894999999999
 2122          -20.625035 -51.291544999999999
 2123 -20.619427999999999 -51.295794999999998
 2124 -20.613537000000001          -51.291964
 2125 -20.608851000000001 -51.295774999999999
 2126 -23.004539999999999 -49.877299999999998
 2127          -22.420389          -46.838417
 2132 -20.456880000000002 -41.479346999999997
 2133 -17.388217000000001          -49.217222
 2134          -13.406039          -46.342565
 2135 -21.767762999999999 -46.607816999999997
 2136 -21.763332999999999 -46.604999999999997
 2137 -20.545283000000001          -42.959184
 2138          -20.117556 -42.396766999999997
 2139 -20.238651999999998 -44.754179000000001
 2140 -21.013463999999999 -42.448056000000001
 2141 -20.103888999999999 -44.843055999999997
 2142 -21.039868999999999          -42.329003
 2143 -21.796561000000001 -43.296860000000002
 2144          -21.787049 -43.310504999999999
 2145 -18.810853000000002 -48.387174000000002
 2146 -19.832809999999998 -41.800730999999999
 2147 -21.844671000000002 -43.339475999999998
 2148 -19.893533999999999 -43.366559000000002
 2149 -21.489166999999998 -43.402222000000002
 2150          -20.227383 -41.995558000000003
 2151          -18.718992 -42.262873999999996
 2152 -20.907056000000001 -42.661611000000001
 2153          -19.423333 -43.200833000000003
 2154 -20.675274999999999 -53.567560999999998
 2155 -20.059754000000002 -53.180371000000001
 2156 -15.357393999999999 -55.453690000000002
 2157          -14.740204 -58.103248000000001
 2158          -14.755685 -58.046211999999997
 2159 -10.149686000000001 -59.458027999999999
 2160          -10.338611 -56.982778000000003
 2174          -23.187694 -49.384466000000003
 2175          -23.209405 -47.299405999999998
 2176 -23.383092999999999 -47.029604999999997
 2177 -21.627085000000001 -46.790441000000001
 2194 -19.842953999999999 -40.074702000000002
 2195           -20.12501 -40.298535000000001
 2196 -19.754010000000001 -40.376534999999997
 2197 -19.340603999999999 -40.010460999999999
 2198 -18.457357999999999 -39.945354999999999
 2199 -20.124569999999999 -40.291674999999998
 2200          -20.184103 -40.241416000000001
 2201 -15.217002000000001 -48.988689999999998
 2202 -15.215199999999999 -49.096899999999998
 2203 -18.070758000000001 -49.670771999999999
 2204 -15.175409999999999          -49.748835
 2205 -17.257577999999999 -47.689922000000003
 2206           -18.42521 -50.441735000000001
 2207 -17.923711000000001 -49.189534999999999
 2208 -18.546175000000002 -50.434778999999999
 2209 -18.383610999999998          -52.106389
 2210 -18.466971999999998 -52.609056000000002
 2211 -18.601272000000002 -51.191284000000003
 2212 -18.494454000000001 -49.644534999999998
 2213          -17.520163 -52.039634999999997
 2214 -17.724620999999999 -53.021923000000001
 2215 -17.691842999999999 -51.615535000000001
 2216 -17.338080000000001          -49.934424
 2217 -18.369009999999999 -49.260534999999997
 2218          -15.082836 -49.299446000000003
 2219 -17.330417000000001 -50.495722000000001
 2220 -17.681940000000001 -50.103136999999997
 2221 -17.923971999999999 -50.635230999999997
 2222 -18.390833000000001 -49.204444000000002
 2223 -17.969443999999999          -50.301389
 2224 -18.544363000000001 -50.436106000000002
 2227 -19.944842000000001          -47.812756
 2228 -19.809145999999998 -48.725526000000002
 2229 -19.704619999999998 -50.328854999999997
 2230 -19.979900000000001 -48.264499999999998
 2231          -19.966262 -44.095537999999998
 2232 -19.959354000000001          -48.696638
 2233           -18.21528 -45.990699999999997
 2234 -20.082550000000001 -48.820749999999997
 2235 -19.694313999999999 -44.925735000000003
 2236 -20.139006999999999 -44.883997999999998
 2237 -19.811769999999999 -50.775064999999998
 2238 -21.384924999999999 -46.247664999999998
 2239           -19.80893 -48.729545000000002
 2240 -19.918327999999999 -49.145834999999998
 2241          -20.070912 -45.542935999999997
 2242          -20.085556 -46.044167000000002
 2243          -15.199722 -43.884777999999997
 2244 -19.860281000000001          -44.608331
 2245          -19.346802 -48.232463000000003
 2246 -19.065677000000001 -50.362588000000002
 2247          -17.062175 -46.183584000000003
 2248 -18.973068000000001          -49.462235
 2249 -19.302309999999999 -47.464035000000003
 2250 -22.699999999999999 -43.719999999999999
 2251          -19.971024 -44.213208000000002
 2252 -17.122897999999999 -46.663387999999998
 2253 -18.755482000000001 -48.612972999999997
 2254 -19.307372000000001 -50.708253999999997
 2255 -18.683056000000001 -48.158056000000002
 2256 -19.346800999999999 -48.232201000000003
 2257 -19.709620999999999 -50.334701000000003
 2258 -18.880303000000001 -48.320883000000002
 2259          -17.063786              -46.18
 2260          -18.441122 -49.190100000000001
 2261 -21.618718999999999 -43.421723999999998
 2262          -20.087142 -46.039912000000001
 2263          -20.231406 -43.965888999999997
 2264 -19.251694000000001 -44.984971999999999
 2265 -20.008444000000001          -44.597389
 2266 -19.850332000000002 -43.844138999999998
 2267           -18.86196 -48.277681000000001
 2268          -19.313056 -50.723201000000003
 2269          -18.755696 -48.611806000000001
 2270 -19.924161000000002 -49.155028000000001
 2271 -19.923363999999999 -49.156390999999999
 2272          -18.837042 -47.918227999999999
 2273 -17.617318000000001          -54.761516
 2274 -21.696200000000001           -54.55733
 2275 -21.864750000000001 -54.022247999999998
 2276 -22.040925000000001 -53.841939000000004
 2277 -20.995252000000001 -51.796973000000001
 2278 -21.513909999999999 -54.701835000000003
 2279 -22.291606999999999 -55.093795999999998
 2280 -21.466633999999999          -54.382804
 2281 -18.543548000000001 -53.133046999999998
 2282 -18.718350999999998 -56.525517999999998
 2283 -22.610454000000001 -54.684843000000001
 2284 -22.438096999999999 -53.578063999999998
 2285 -18.800083000000001 -52.909866999999998
 2286 -19.006374999999998 -57.648985000000003
 2287 -18.718350999999998 -56.525517999999998
 2288 -20.598784999999999 -51.609597999999998
 2289          -20.996108 -51.796107999999997
 2290 -22.325054999999999 -53.821173000000002
 2291 -22.334361000000001 -54.814222000000001
 2292 -22.039021999999999 -53.839255999999999
 2293 -15.032973999999999 -57.210524999999997
 2294 -13.780950000000001 -57.840575000000001
 2295 -14.758798000000001          -57.195774
 2296 -17.834744000000001          -53.281993
 2297          -10.185489 -59.460332000000001
 2298 -9.9266380000000005          -59.920254
 2299 -9.8429529999999996 -57.818475999999997
 2300          -12.574166 -55.718065000000003
 2301          -13.001547 -55.946178000000003
 2302 -12.550000000000001 -55.719999999999999
 2303            -15.7044 -58.125300000000003
 2304          -12.016855 -55.512757999999998
 2305          -13.001547 -55.946178000000003
 2306 -13.776916999999999 -56.052722000000003
 2346           -21.64913 -41.395665000000001
 2347           -22.93262 -43.365642000000001
 2348 -22.675221000000001 -43.477454000000002
 2349          -22.785833 -43.757778000000002
 2379 -20.481850000000001          -47.866225
 2380           -21.21161 -48.829635000000003
 2381 -23.883838999999998 -46.420031999999999
 2382 -22.657299999999999 -47.210900000000002
 2383 -22.799002999999999 -47.125062999999997
 2384 -22.582370000000001 -47.521614999999997
 2385 -22.571090000000002 -50.644154999999998
 2386 -20.778659999999999 -48.191875000000003
 2387 -21.181470000000001 -48.644705000000002
 2388 -21.762778000000001 -48.083888999999999
 2389          -21.171982 -47.618867999999999
 2390 -22.997350000000001 -47.520195000000001
 2391 -23.294889999999999 -45.981045000000002
 2392 -20.613319000000001 -48.000807999999999
 2393          -20.938547 -48.250264999999999
 2394 -22.426400000000001 -47.357500000000002
 2395 -22.483519999999999 -48.771014999999998
 2396 -21.885598000000002          -47.305332
 2397 -21.358049000000001 -48.065582999999997
 2398          -22.625294 -48.756816000000001
 2399 -22.172160000000002 -47.337620000000001
 2400 -21.123464999999999 -48.009377000000001
 2401 -21.564869999999999 -50.959395000000001
 2402          -21.000719 -48.024816999999999
 2403           -21.33719 -48.292985000000002
 2404 -21.040890000000001 -48.710794999999997
 2405 -21.972010999999998 -46.796351000000001
 2406 -22.105599999999999 -48.481699999999996
 2407 -21.001287000000001 -48.276090000000003
 2408 -20.479009999999999 -48.401535000000003
 2409 -20.688379999999999 -49.111249999999998
 2410 -21.487221999999999 -49.185833000000002
 2411 -21.098307999999999 -49.020511999999997
 2412 -20.201830000000001 -49.355649999999997
 2413          -22.740734          -50.598509
 2414 -22.349720000000001 -52.523972999999998
 2415 -21.817813000000001 -48.612212999999997
 2416          -22.057599 -48.711599999999997
 2417 -21.487777999999999 -51.028333000000003
 2418            -20.7699 -51.258699999999997
 2419 -22.757010000000001 -47.144534999999998
 2420           -22.46996 -50.779335000000003
 2421 -21.096564999999998 -48.933534999999999
 2422 -20.728332999999999 -50.959721999999999
 2423 -22.767348999999999 -50.112796000000003
 2424          -21.844949 -47.360280000000003
 2425 -22.940833000000001 -49.770000000000003
 2426 -20.234566000000001 -50.343867000000003
 2427 -22.359999999999999 -46.960000000000001
 2428 -20.279209999999999 -48.175535000000004
 2429 -22.785005000000002 -50.548341000000001
 2430          -21.560734 -49.869987000000002
 2431 -22.009509999999999          -47.992635
 2432           -22.63571 -47.674925000000002
 2433           -21.10567          -48.067985
 2434 -22.249110999999999 -50.652500000000003
 2435           -21.79036 -48.174439999999997
 2436 -21.116289999999999 -47.951365000000003
 2437 -21.865666999999998 -51.260582999999997
 2438 -21.508555999999999 -49.212443999999998
 2439 -20.747810000000001 -47.421835000000002
 2440 -23.489059999999998 -48.124744999999997
 2441 -22.544201000000001 -48.808929999999997
 2442 -23.634899000000001 -46.415256999999997
 2443          -21.052235 -48.262624000000002
 2444 -20.661943999999998 -48.533889000000002
 2445 -22.942720000000001           -47.60201
 2446 -21.152799999999999 -49.611400000000003
 2447 -20.401509999999998          -48.991135
 2448           -19.92249 -50.401989999999998
 2449 -20.526482000000001 -51.234535000000001
 2450           -21.13401          -48.963535
 2451 -21.797177999999999 -49.012130999999997
 2452 -20.726286999999999 -50.952534999999997
 2453 -21.099924999999999 -49.317675999999999
 2454 -21.413810000000002 -48.278635000000001
 2455 -22.526806000000001 -51.493999000000002
 2456 -21.560203000000001 -49.869484999999997
 2457 -20.113783000000002 -49.760295999999997
 2458 -21.050896000000002 -50.844107999999999
 2459 -20.581046000000001 -49.942414999999997
 2460 -20.581046000000001 -49.942414999999997
 2461           -22.12021 -51.756835000000002
 2462 -20.418399999999998 -48.211399999999998
 2463 -20.310656999999999 -49.589830999999997
 2464           -21.85031 -50.247235000000003
 2465 -12.550000000000001 -55.719999999999999
 2466 -22.477920999999998 -48.531998999999999
 2467 -22.666142000000001 -47.701456999999998
 2468 -23.061800000000002 -49.126399999999997
 2469 -20.486225000000001 -49.539048000000001
 2470          -21.676278 -49.780658000000003
 2471 -21.987521000000001 -47.450071000000001
 2472 -23.095732000000002 -49.583590000000001
 2473 -21.324504999999998          -50.949413
 2474 -20.036086000000001 -50.666213999999997
 2475          -21.100375          -51.482135
 2476 -20.354109999999999          -50.181832
 2477 -20.354109999999999          -50.181832
 2478 -20.218727000000001 -47.653877999999999
 2479 -20.910153999999999 -51.544057000000002
 2480 -20.472390000000001 -47.874882999999997
 2481 -21.174278000000001 -47.629984999999998
 2482 -21.487410000000001 -51.360435000000003
 2483          -22.546287 -51.818868000000002
 2484 -21.309276000000001 -51.847140000000003
 2485 -22.350418000000001 -48.105986999999999
 2486 -20.937501000000001 -48.252777000000002
 2487 -21.317381999999998          -48.109862
 2488 -21.211842999999998          -48.828035
 2489 -22.923632000000001 -48.929254999999998
 2490          -23.866944 -46.420000000000002
 2491          -23.338441 -46.772103000000001
 2492          -21.392156 -47.952792000000002
 2493 -20.486225000000001 -49.539048000000001
 2494 -22.104721999999999 -48.481377999999999
 2495 -21.352368999999999 -51.356394000000002
 2496 -22.336684999999999          -47.408386
 2497 -20.688559000000001 -49.110480000000003
 2498 -22.350418000000001 -48.105986999999999
 2499 -20.406110999999999 -51.029167000000001
 2500              -22.75 -47.140000000000001
 2501 -21.339694000000001 -51.365861000000002
 2502 -21.418966999999999 -48.292496999999997
 2503          -21.050694 -50.843916999999998
 2504          -21.099114 -51.408211999999999
 2505 -22.491686000000001 -48.783681000000001
 2506 -22.915417000000001 -45.613581000000003
 2507 -21.343202000000002 -47.155918999999997
 2508 -22.541388999999999 -48.814999999999998
 2509 -23.406943999999999            -46.5625
 2510 -20.478055999999999 -47.883056000000003
 2511          -23.429167 -47.548889000000003
 2512            -21.1265 -48.933610999999999
 3371 -21.009671999999998 -47.992375000000003
 3372 -20.943663000000001 -48.083385999999997
 3373 -21.323243999999999 -48.121349000000002
 3374 -22.629083000000001 -48.802138999999997
 3375 -21.343202000000002 -47.155918999999997
 3376 -22.940833000000001 -49.770000000000003
 3377 -23.512778000000001 -46.851944000000003
 3378          -19.391389 -47.816943999999999
 3379 -18.756340000000002 -48.611305999999999
 3380 -18.920832999999998          -51.991667
 3381          -15.914436 -51.507764000000002
 3382 -17.947814000000001 -49.854399999999998
 3383 -18.466971999999998 -52.609056000000002
 3384 -22.454132999999999 -53.304671999999997
 3385 -19.401544000000001 -51.324680999999998
 3386          -20.475514 -53.675396999999997
 3387 -21.776282999999999 -54.965738999999999
 3388          -12.300958 -55.567599999999999
 3389 -17.456938999999998 -40.142752999999999
 3390 -22.856667000000002 -42.980832999999997
 3394 -22.231338999999998 -44.667442000000001
 3395 -20.845133000000001 -42.326380999999998
 3396 -22.010000000000002              -43.32
 3397 -21.920743999999999 -42.793148000000002
 3414 -16.439938000000001 -55.302833999999997
 3415          -14.599161 -58.209505999999998
 3416          -14.894354 -58.872048999999997
 3417          -16.262542 -55.455030999999998
 3418 -9.5404780000000002 -54.732005999999998
 3437 -21.129999999999999 -41.710000000000001
 3438 -22.958055999999999 -48.978332999999999
 3439 -23.059999999999999 -46.509999999999998
 3440 -23.059999999999999 -46.509999999999998
 3441 -21.926507999999998 -47.366332999999997
 3442 -18.985555999999999          -53.168889
 3443           -21.99625 -42.117139000000002
 3445 -16.399294000000001 -47.798805999999999
 3446 -17.267537000000001 -50.838706000000002
 3447 -18.524674999999998 -51.550114000000001
 3449 -17.399999999999999 -50.390000000000001
 3450 -12.880000000000001              -58.07
 3451              -17.82 -50.969999999999999
 3452              -13.67 -57.899999999999999
 3453 -19.129999999999999 -51.710000000000001
 3454               -18.5 -49.490000000000002
 3455 -18.739999999999998 -44.399999999999999
 3456 -20.350000000000001 -40.659999999999997
 3457              -17.25              -53.32
 3458 -19.199999999999999 -43.049999999999997
 3459              -15.17 -53.659999999999997
 3460              -23.27 -47.259999999999998
 3461              -21.77 -43.399999999999999
 3462              -14.84 -57.909999999999997
 3463 -14.470000000000001 -48.490000000000002
 3464 -21.559999999999999 -42.170000000000002
 3465              -19.27 -52.859999999999999
 3466 -18.550000000000001              -42.57
 3467 -16.789999999999999 -54.039999999999999
 3468 -17.309999999999999 -48.289999999999999
 3469              -20.43 -42.899999999999999
 3470 -20.449999999999999 -53.780000000000001
 3471 -19.859999999999999 -47.450000000000003
 3472 -19.309999999999999 -50.729999999999997
 3473 -21.989999999999998 -42.899999999999999
 3474 -21.620000000000001 -46.899999999999999
 3475              -15.33 -56.140000000000001
 3476 -17.399999999999999 -50.390000000000001
 3477 -12.880000000000001              -58.07
 3478              -17.82 -50.969999999999999
 3479              -13.67 -57.899999999999999
 3480 -19.129999999999999 -51.710000000000001
 3481               -18.5 -49.490000000000002
 3482 -18.739999999999998 -44.399999999999999
 3483 -20.350000000000001 -40.659999999999997
 3484              -17.25              -53.32
 3485 -19.199999999999999 -43.049999999999997
 3486              -15.17 -53.659999999999997
 3487              -23.27 -47.259999999999998
 3488              -21.77 -43.399999999999999
 3489              -14.84 -57.909999999999997
 3490 -14.470000000000001 -48.490000000000002
 3491 -21.559999999999999 -42.170000000000002
 3492              -19.27 -52.859999999999999
 3493 -18.550000000000001              -42.57
 3494 -16.789999999999999 -54.039999999999999
 3495 -17.309999999999999 -48.289999999999999
 3496              -20.43 -42.899999999999999
 3497 -20.449999999999999 -53.780000000000001
 3498 -19.859999999999999 -47.450000000000003
 3499 -19.309999999999999 -50.729999999999997
 3500 -21.989999999999998 -42.899999999999999
 3501 -21.620000000000001 -46.899999999999999
 3502              -15.33 -56.140000000000001
 3503 -17.399999999999999 -50.390000000000001
 3504 -12.880000000000001              -58.07
 3505              -17.82 -50.969999999999999
 3506              -13.67 -57.899999999999999
 3507 -19.129999999999999 -51.710000000000001
 3508               -18.5 -49.490000000000002
 3509 -18.739999999999998 -44.399999999999999
 3510 -20.350000000000001 -40.659999999999997
 3511              -17.25              -53.32
 3512 -19.199999999999999 -43.049999999999997
 3513              -15.17 -53.659999999999997
 3514              -23.27 -47.259999999999998
 3515              -21.77 -43.399999999999999
 3516              -14.84 -57.909999999999997
 3517 -14.470000000000001 -48.490000000000002
 3518 -21.559999999999999 -42.170000000000002
 3519              -19.27 -52.859999999999999
 3520 -18.550000000000001              -42.57
 3521 -16.789999999999999 -54.039999999999999
 3522 -17.309999999999999 -48.289999999999999
 3523              -20.43 -42.899999999999999
 3524 -20.449999999999999 -53.780000000000001
 3525 -19.859999999999999 -47.450000000000003
 3526 -19.309999999999999 -50.729999999999997
 3527 -21.989999999999998 -42.899999999999999
 3528 -21.620000000000001 -46.899999999999999
 3529              -15.33 -56.140000000000001
 3530 -17.399999999999999 -50.390000000000001
 3531 -12.880000000000001              -58.07
 3532              -17.82 -50.969999999999999
 3533              -13.67 -57.899999999999999
 3534 -19.129999999999999 -51.710000000000001
 3535               -18.5 -49.490000000000002
 3536 -18.739999999999998 -44.399999999999999
 3537 -20.350000000000001 -40.659999999999997
 3538              -17.25              -53.32
 3539 -19.199999999999999 -43.049999999999997
 3540              -15.17 -53.659999999999997
 3541              -23.27 -47.259999999999998
 3542              -21.77 -43.399999999999999
 3543              -14.84 -57.909999999999997
 3544 -14.470000000000001 -48.490000000000002
 3545 -21.559999999999999 -42.170000000000002
 3546              -19.27 -52.859999999999999
 3547 -18.550000000000001              -42.57
 3548 -16.789999999999999 -54.039999999999999
 3549 -17.309999999999999 -48.289999999999999
 3550              -20.43 -42.899999999999999
 3551 -20.449999999999999 -53.780000000000001
 3552 -19.859999999999999 -47.450000000000003
 3553 -19.309999999999999 -50.729999999999997
 3554 -21.989999999999998 -42.899999999999999
 3555 -21.620000000000001 -46.899999999999999
 3556              -15.33 -56.140000000000001
 3557 -17.399999999999999 -50.390000000000001
 3558 -12.880000000000001              -58.07
 3559              -17.82 -50.969999999999999
 3560              -13.67 -57.899999999999999
 3561 -19.129999999999999 -51.710000000000001
 3562               -18.5 -49.490000000000002
 3563 -18.739999999999998 -44.399999999999999
 3564 -20.350000000000001 -40.659999999999997
 3565              -17.25              -53.32
 3566 -19.199999999999999 -43.049999999999997
 3567              -15.17 -53.659999999999997
 3568              -23.27 -47.259999999999998
 3569              -21.77 -43.399999999999999
 3570              -14.84 -57.909999999999997
 3571 -14.470000000000001 -48.490000000000002
 3572 -21.559999999999999 -42.170000000000002
 3573              -19.27 -52.859999999999999
 3574 -18.550000000000001              -42.57
 3575 -16.789999999999999 -54.039999999999999
 3576 -17.309999999999999 -48.289999999999999
 3577              -20.43 -42.899999999999999
 3578 -20.449999999999999 -53.780000000000001
 3579 -19.859999999999999 -47.450000000000003
 3580 -19.309999999999999 -50.729999999999997
 3581 -21.989999999999998 -42.899999999999999
 3582 -21.620000000000001 -46.899999999999999
 3583              -15.33 -56.140000000000001
 3584 -17.399999999999999 -50.390000000000001
 3585 -12.880000000000001              -58.07
 3586              -17.82 -50.969999999999999
 3587              -13.67 -57.899999999999999
 3588 -19.129999999999999 -51.710000000000001
 3589               -18.5 -49.490000000000002
 3590 -18.739999999999998 -44.399999999999999
 3591 -20.350000000000001 -40.659999999999997
 3592              -17.25              -53.32
 3593 -19.199999999999999 -43.049999999999997
 3594              -15.17 -53.659999999999997
 3595              -23.27 -47.259999999999998
 3596              -21.77 -43.399999999999999
 3597              -14.84 -57.909999999999997
 3598 -14.470000000000001 -48.490000000000002
 3599 -21.559999999999999 -42.170000000000002
 3600              -19.27 -52.859999999999999
 3601 -18.550000000000001              -42.57
 3602 -16.789999999999999 -54.039999999999999
 3603 -17.309999999999999 -48.289999999999999
 3604              -20.43 -42.899999999999999
 3605 -20.449999999999999 -53.780000000000001
 3606 -19.859999999999999 -47.450000000000003
 3607 -19.309999999999999 -50.729999999999997
 3608 -21.989999999999998 -42.899999999999999
 3609 -21.620000000000001 -46.899999999999999
 3610              -15.33 -56.140000000000001
 3611 -17.399999999999999 -50.390000000000001
 3612 -12.880000000000001              -58.07
 3613              -17.82 -50.969999999999999
 3614              -13.67 -57.899999999999999
 3615 -19.129999999999999 -51.710000000000001
 3616               -18.5 -49.490000000000002
 3617 -18.739999999999998 -44.399999999999999
 3618 -20.350000000000001 -40.659999999999997
 3619              -17.25              -53.32
 3620 -19.199999999999999 -43.049999999999997
 3621              -15.17 -53.659999999999997
 3622              -23.27 -47.259999999999998
 3623              -21.77 -43.399999999999999
 3624              -14.84 -57.909999999999997
 3625 -14.470000000000001 -48.490000000000002
 3626 -21.559999999999999 -42.170000000000002
 3627              -19.27 -52.859999999999999
 3628 -18.550000000000001              -42.57
 3629 -16.789999999999999 -54.039999999999999
 3630 -17.309999999999999 -48.289999999999999
 3631              -20.43 -42.899999999999999
 3632 -20.449999999999999 -53.780000000000001
 3633 -19.859999999999999 -47.450000000000003
 3634 -19.309999999999999 -50.729999999999997
 3635 -21.989999999999998 -42.899999999999999
 3636 -21.620000000000001 -46.899999999999999
 3637              -15.33 -56.140000000000001
 3638 -17.399999999999999 -50.390000000000001
 3639 -12.880000000000001              -58.07
 3640              -17.82 -50.969999999999999
 3641              -13.67 -57.899999999999999
 3642 -19.129999999999999 -51.710000000000001
 3643               -18.5 -49.490000000000002
 3644 -18.739999999999998 -44.399999999999999
 3645 -20.350000000000001 -40.659999999999997
 3646              -17.25              -53.32
 3647 -19.199999999999999 -43.049999999999997
 3648              -15.17 -53.659999999999997
 3649              -23.27 -47.259999999999998
 3650              -21.77 -43.399999999999999
 3651              -14.84 -57.909999999999997
 3652 -14.470000000000001 -48.490000000000002
 3653 -21.559999999999999 -42.170000000000002
 3654              -19.27 -52.859999999999999
 3655 -18.550000000000001              -42.57
 3656 -16.789999999999999 -54.039999999999999
 3657 -17.309999999999999 -48.289999999999999
 3658              -20.43 -42.899999999999999
 3659 -20.449999999999999 -53.780000000000001
 3660 -19.859999999999999 -47.450000000000003
 3661 -19.309999999999999 -50.729999999999997
 3662 -21.989999999999998 -42.899999999999999
 3663 -21.620000000000001 -46.899999999999999
 3664              -15.33 -56.140000000000001
 3849 -17.399999999999999 -50.390000000000001
 3850              -22.48 -48.520000000000003
 3851 -22.629999999999999 -54.810000000000002
 3852 -22.649999999999999 -51.359999999999999
 3853              -21.34 -48.229999999999997
 3854 -17.629999999999999 -51.689999999999998
 3855              -20.68 -51.299999999999997
 3856 -17.399999999999999 -50.390000000000001
 3857              -22.48 -48.520000000000003
 3858 -22.629999999999999 -54.810000000000002
 3859 -22.649999999999999 -51.359999999999999
 3860              -21.34 -48.229999999999997
 3861 -17.629999999999999 -51.689999999999998
 3862              -20.68 -51.299999999999997
 3863 -17.399999999999999 -50.390000000000001
 3864              -22.48 -48.520000000000003
 3865 -22.629999999999999 -54.810000000000002
 3866 -22.649999999999999 -51.359999999999999
 3867              -21.34 -48.229999999999997
 3868 -17.629999999999999 -51.689999999999998
 3869              -20.68 -51.299999999999997
 3870 -17.399999999999999 -50.390000000000001
 3871              -22.48 -48.520000000000003
 3872 -22.629999999999999 -54.810000000000002
 3873 -22.649999999999999 -51.359999999999999
 3874              -21.34 -48.229999999999997
 3875 -17.629999999999999 -51.689999999999998
 3876              -20.68 -51.299999999999997
 3877 -17.399999999999999 -50.390000000000001
 3878              -22.48 -48.520000000000003
 3879 -22.629999999999999 -54.810000000000002
 3880 -22.649999999999999 -51.359999999999999
 3881              -21.34 -48.229999999999997
 3882 -17.629999999999999 -51.689999999999998
 3883              -20.68 -51.299999999999997
 3884 -17.399999999999999 -50.390000000000001
 3885              -22.48 -48.520000000000003
 3886 -22.629999999999999 -54.810000000000002
 3887 -22.649999999999999 -51.359999999999999
 3888              -21.34 -48.229999999999997
 3889 -17.629999999999999 -51.689999999999998
 3890              -20.68 -51.299999999999997
 3891 -17.399999999999999 -50.390000000000001
 3892              -22.48 -48.520000000000003
 3893 -22.629999999999999 -54.810000000000002
 3894 -22.649999999999999 -51.359999999999999
 3895              -21.34 -48.229999999999997
 3896 -17.629999999999999 -51.689999999999998
 3897              -20.68 -51.299999999999997
 3898 -17.399999999999999 -50.390000000000001
 3899              -22.48 -48.520000000000003
 3900 -22.629999999999999 -54.810000000000002
 3901 -22.649999999999999 -51.359999999999999
 3902              -21.34 -48.229999999999997
 3903 -17.629999999999999 -51.689999999999998
 3904              -20.68 -51.299999999999997
 3905 -17.399999999999999 -50.390000000000001
 3906              -22.48 -48.520000000000003
 3907 -22.629999999999999 -54.810000000000002
 3908 -22.649999999999999 -51.359999999999999
 3909              -21.34 -48.229999999999997
 3910 -17.629999999999999 -51.689999999999998
 3911              -20.68 -51.299999999999997
 3912 -17.399999999999999 -50.390000000000001
 3913              -22.48 -48.520000000000003
 3914 -22.629999999999999 -54.810000000000002
 3915 -22.649999999999999 -51.359999999999999
 3916              -21.34 -48.229999999999997
 3917 -17.629999999999999 -51.689999999999998
 3918              -20.68 -51.299999999999997
 3919 -17.399999999999999 -50.390000000000001
 3920              -22.48 -48.520000000000003
 3921 -22.629999999999999 -54.810000000000002
 3922 -22.649999999999999 -51.359999999999999
 3923              -21.34 -48.229999999999997
 3924 -17.629999999999999 -51.689999999999998
 3925              -20.68 -51.299999999999997
 3926              -21.75 -48.119999999999997
 3927 -21.640000000000001 -51.159999999999997
 3928 -22.390000000000001 -47.369999999999997
 3930 -20.879999999999999              -48.82
 3931 -21.289999999999999 -47.310000000000002
 3932 -18.399999999999999 -52.649999999999999
 3933 -21.800000000000001              -49.93
 3934              -21.75 -48.840000000000003
 3935              -14.94 -49.520000000000003
 3936 -22.309999999999999 -53.850000000000001
 3937 -22.609999999999999 -48.799999999999997
 3938 -20.719999999999999 -48.049999999999997
 3939 -20.190000000000001 -48.020000000000003
 3940 -22.629999999999999 -48.789999999999999
 3941 -20.390000000000001              -49.43
 3942 -22.440000000000001 -50.590000000000003
 3943 -21.030000000000001 -48.030000000000001
 3944 -18.489999999999998 -50.579999999999998
 3945 -18.440000000000001 -50.420000000000002
 3946 -21.800000000000001 -54.549999999999997
 3947 -20.449999999999999 -53.780000000000001
 3948              -20.27 -40.240000000000002
 3949 -19.350000000000001 -48.090000000000003
 3950 -20.989999999999998 -49.259999999999998
 3951              -21.75 -48.119999999999997
 3952 -21.640000000000001 -51.159999999999997
 3953 -22.390000000000001 -47.369999999999997
 3955 -20.879999999999999              -48.82
 3956 -21.289999999999999 -47.310000000000002
 3957 -18.399999999999999 -52.649999999999999
 3958 -21.800000000000001              -49.93
 3959              -21.75 -48.840000000000003
 3960              -14.94 -49.520000000000003
 3961 -22.309999999999999 -53.850000000000001
 3962 -22.609999999999999 -48.799999999999997
 3963 -20.719999999999999 -48.049999999999997
 3964 -20.190000000000001 -48.020000000000003
 3965 -22.629999999999999 -48.789999999999999
 3966 -20.390000000000001              -49.43
 3967 -22.440000000000001 -50.590000000000003
 3968 -21.030000000000001 -48.030000000000001
 3969 -18.489999999999998 -50.579999999999998
 3970 -18.440000000000001 -50.420000000000002
 3971 -21.800000000000001 -54.549999999999997
 3972 -20.449999999999999 -53.780000000000001
 3973              -20.27 -40.240000000000002
 3974 -19.350000000000001 -48.090000000000003
 3975 -20.989999999999998 -49.259999999999998
 3976              -21.75 -48.119999999999997
 3977 -21.640000000000001 -51.159999999999997
 3978 -22.390000000000001 -47.369999999999997
 3980 -20.879999999999999              -48.82
 3981 -21.289999999999999 -47.310000000000002
 3982 -18.399999999999999 -52.649999999999999
 3983 -21.800000000000001              -49.93
 3984              -21.75 -48.840000000000003
 3985              -14.94 -49.520000000000003
 3986 -22.309999999999999 -53.850000000000001
 3987 -22.609999999999999 -48.799999999999997
 3988 -20.719999999999999 -48.049999999999997
 3989 -20.190000000000001 -48.020000000000003
 3990 -22.629999999999999 -48.789999999999999
 3991 -20.390000000000001              -49.43
 3992 -22.440000000000001 -50.590000000000003
 3993 -21.030000000000001 -48.030000000000001
 3994 -18.489999999999998 -50.579999999999998
 3995 -18.440000000000001 -50.420000000000002
 3996 -21.800000000000001 -54.549999999999997
 3997 -20.449999999999999 -53.780000000000001
 3998              -20.27 -40.240000000000002
 3999 -19.350000000000001 -48.090000000000003
 4000 -20.989999999999998 -49.259999999999998
 4001              -21.75 -48.119999999999997
 4002 -21.640000000000001 -51.159999999999997
 4003 -22.390000000000001 -47.369999999999997
 4005 -20.879999999999999              -48.82
 4006 -21.289999999999999 -47.310000000000002
 4007 -18.399999999999999 -52.649999999999999
 4008 -21.800000000000001              -49.93
 4009              -21.75 -48.840000000000003
 4010              -14.94 -49.520000000000003
 4011 -22.309999999999999 -53.850000000000001
 4012 -22.609999999999999 -48.799999999999997
 4013 -20.719999999999999 -48.049999999999997
 4014 -20.190000000000001 -48.020000000000003
 4015 -22.629999999999999 -48.789999999999999
 4016 -20.390000000000001              -49.43
 4017 -22.440000000000001 -50.590000000000003
 4018 -21.030000000000001 -48.030000000000001
 4019 -18.489999999999998 -50.579999999999998
 4020 -18.440000000000001 -50.420000000000002
 4021 -21.800000000000001 -54.549999999999997
 4022 -20.449999999999999 -53.780000000000001
 4023              -20.27 -40.240000000000002
 4024 -19.350000000000001 -48.090000000000003
 4025 -20.989999999999998 -49.259999999999998
 4026              -21.75 -48.119999999999997
 4027 -21.640000000000001 -51.159999999999997
 4028 -22.390000000000001 -47.369999999999997
 4030 -20.879999999999999              -48.82
 4031 -21.289999999999999 -47.310000000000002
 4032 -18.399999999999999 -52.649999999999999
 4033 -21.800000000000001              -49.93
 4034              -21.75 -48.840000000000003
 4035              -14.94 -49.520000000000003
 4036 -22.309999999999999 -53.850000000000001
 4037 -22.609999999999999 -48.799999999999997
 4038 -20.719999999999999 -48.049999999999997
 4039 -20.190000000000001 -48.020000000000003
 4040 -22.629999999999999 -48.789999999999999
 4041 -20.390000000000001              -49.43
 4042 -22.440000000000001 -50.590000000000003
 4043 -21.030000000000001 -48.030000000000001
 4044 -18.489999999999998 -50.579999999999998
 4045 -18.440000000000001 -50.420000000000002
 4046 -21.800000000000001 -54.549999999999997
 4047 -20.449999999999999 -53.780000000000001
 4048              -20.27 -40.240000000000002
 4049 -19.350000000000001 -48.090000000000003
 4050 -20.989999999999998 -49.259999999999998
 4051              -21.75 -48.119999999999997
 4052 -21.640000000000001 -51.159999999999997
 4053 -22.390000000000001 -47.369999999999997
 4055 -20.879999999999999              -48.82
 4056 -21.289999999999999 -47.310000000000002
 4057 -18.399999999999999 -52.649999999999999
 4058 -21.800000000000001              -49.93
 4059              -21.75 -48.840000000000003
 4060              -14.94 -49.520000000000003
 4061 -22.309999999999999 -53.850000000000001
 4062 -22.609999999999999 -48.799999999999997
 4063 -20.719999999999999 -48.049999999999997
 4064 -20.190000000000001 -48.020000000000003
 4065 -22.629999999999999 -48.789999999999999
 4066 -20.390000000000001              -49.43
 4067 -22.440000000000001 -50.590000000000003
 4068 -21.030000000000001 -48.030000000000001
 4069 -18.489999999999998 -50.579999999999998
 4070 -18.440000000000001 -50.420000000000002
 4071 -21.800000000000001 -54.549999999999997
 4072 -20.449999999999999 -53.780000000000001
 4073              -20.27 -40.240000000000002
 4074 -19.350000000000001 -48.090000000000003
 4075 -20.989999999999998 -49.259999999999998
 4076              -21.75 -48.119999999999997
 4077 -21.640000000000001 -51.159999999999997
 4078 -22.390000000000001 -47.369999999999997
 4080 -20.879999999999999              -48.82
 4081 -21.289999999999999 -47.310000000000002
 4082 -18.399999999999999 -52.649999999999999
 4083 -21.800000000000001              -49.93
 4084              -21.75 -48.840000000000003
 4085              -14.94 -49.520000000000003
 4086 -22.309999999999999 -53.850000000000001
 4087 -22.609999999999999 -48.799999999999997
 4088 -20.719999999999999 -48.049999999999997
 4089 -20.190000000000001 -48.020000000000003
 4090 -22.629999999999999 -48.789999999999999
 4091 -20.390000000000001              -49.43
 4092 -22.440000000000001 -50.590000000000003
 4093 -21.030000000000001 -48.030000000000001
 4094 -18.489999999999998 -50.579999999999998
 4095 -18.440000000000001 -50.420000000000002
 4096 -21.800000000000001 -54.549999999999997
 4097 -20.449999999999999 -53.780000000000001
 4098              -20.27 -40.240000000000002
 4099 -19.350000000000001 -48.090000000000003
 4100 -20.989999999999998 -49.259999999999998
 4101              -21.75 -48.119999999999997
 4102 -21.640000000000001 -51.159999999999997
 4103 -22.390000000000001 -47.369999999999997
 4105 -20.879999999999999              -48.82
 4106 -21.289999999999999 -47.310000000000002
 4107 -18.399999999999999 -52.649999999999999
 4108 -21.800000000000001              -49.93
 4109              -21.75 -48.840000000000003
 4110              -14.94 -49.520000000000003
 4111 -22.309999999999999 -53.850000000000001
 4112 -22.609999999999999 -48.799999999999997
 4113 -20.719999999999999 -48.049999999999997
 4114 -20.190000000000001 -48.020000000000003
 4115 -22.629999999999999 -48.789999999999999
 4116 -20.390000000000001              -49.43
 4117 -22.440000000000001 -50.590000000000003
 4118 -21.030000000000001 -48.030000000000001
 4119 -18.489999999999998 -50.579999999999998
 4120 -18.440000000000001 -50.420000000000002
 4121 -21.800000000000001 -54.549999999999997
 4122 -20.449999999999999 -53.780000000000001
 4123              -20.27 -40.240000000000002
 4124 -19.350000000000001 -48.090000000000003
 4125 -20.989999999999998 -49.259999999999998
 4126              -21.75 -48.119999999999997
 4127 -21.640000000000001 -51.159999999999997
 4128 -22.390000000000001 -47.369999999999997
 4130 -20.879999999999999              -48.82
 4131 -21.289999999999999 -47.310000000000002
 4132 -18.399999999999999 -52.649999999999999
 4133 -21.800000000000001              -49.93
 4134              -21.75 -48.840000000000003
 4135              -14.94 -49.520000000000003
 4136 -22.309999999999999 -53.850000000000001
 4137 -22.609999999999999 -48.799999999999997
 4138 -20.719999999999999 -48.049999999999997
 4139 -20.190000000000001 -48.020000000000003
 4140 -22.629999999999999 -48.789999999999999
 4141 -20.390000000000001              -49.43
 4142 -22.440000000000001 -50.590000000000003
 4143 -21.030000000000001 -48.030000000000001
 4144 -18.489999999999998 -50.579999999999998
 4145 -18.440000000000001 -50.420000000000002
 4146 -21.800000000000001 -54.549999999999997
 4147 -20.449999999999999 -53.780000000000001
 4148              -20.27 -40.240000000000002
 4149 -19.350000000000001 -48.090000000000003
 4150 -20.989999999999998 -49.259999999999998
 4151              -21.75 -48.119999999999997
 4152 -21.640000000000001 -51.159999999999997
 4153 -22.390000000000001 -47.369999999999997
 4155 -20.879999999999999              -48.82
 4156 -21.289999999999999 -47.310000000000002
 4157 -18.399999999999999 -52.649999999999999
 4158 -21.800000000000001              -49.93
 4159              -21.75 -48.840000000000003
 4160              -14.94 -49.520000000000003
 4161 -22.309999999999999 -53.850000000000001
 4162 -22.609999999999999 -48.799999999999997
 4163 -20.719999999999999 -48.049999999999997
 4164 -20.190000000000001 -48.020000000000003
 4165 -22.629999999999999 -48.789999999999999
 4166 -20.390000000000001              -49.43
 4167 -22.440000000000001 -50.590000000000003
 4168 -21.030000000000001 -48.030000000000001
 4169 -18.489999999999998 -50.579999999999998
 4170 -18.440000000000001 -50.420000000000002
 4171 -21.800000000000001 -54.549999999999997
 4172 -20.449999999999999 -53.780000000000001
 4173              -20.27 -40.240000000000002
 4174 -19.350000000000001 -48.090000000000003
 4175 -20.989999999999998 -49.259999999999998
 4176              -21.75 -48.119999999999997
 4177 -21.640000000000001 -51.159999999999997
 4178 -22.390000000000001 -47.369999999999997
 4180 -20.879999999999999              -48.82
 4181 -21.289999999999999 -47.310000000000002
 4182 -18.399999999999999 -52.649999999999999
 4183 -21.800000000000001              -49.93
 4184              -21.75 -48.840000000000003
 4185              -14.94 -49.520000000000003
 4186 -22.309999999999999 -53.850000000000001
 4187 -22.609999999999999 -48.799999999999997
 4188 -20.719999999999999 -48.049999999999997
 4189 -20.190000000000001 -48.020000000000003
 4190 -22.629999999999999 -48.789999999999999
 4191 -20.390000000000001              -49.43
 4192 -22.440000000000001 -50.590000000000003
 4193 -21.030000000000001 -48.030000000000001
 4194 -18.489999999999998 -50.579999999999998
 4195 -18.440000000000001 -50.420000000000002
 4196 -21.800000000000001 -54.549999999999997
 4197 -20.449999999999999 -53.780000000000001
 4198              -20.27 -40.240000000000002
 4199 -19.350000000000001 -48.090000000000003
 4200 -20.989999999999998 -49.259999999999998
 4201 -23.559999999999999 -46.909999999999997
 4202 -23.699999999999999 -46.520000000000003
 4203 -22.890000000000001 -43.229999999999997
 4204 -23.559999999999999 -46.909999999999997
 4205 -23.699999999999999 -46.520000000000003
 4206 -22.890000000000001 -43.229999999999997
 4207 -23.559999999999999 -46.909999999999997
 4208 -23.699999999999999 -46.520000000000003
 4209 -22.890000000000001 -43.229999999999997
 4210 -23.559999999999999 -46.909999999999997
 4211 -23.699999999999999 -46.520000000000003
 4212 -22.890000000000001 -43.229999999999997
 4213 -23.559999999999999 -46.909999999999997
 4214 -23.699999999999999 -46.520000000000003
 4215 -22.890000000000001 -43.229999999999997
 4216 -23.559999999999999 -46.909999999999997
 4217 -23.699999999999999 -46.520000000000003
 4218 -22.890000000000001 -43.229999999999997
 4219 -23.559999999999999 -46.909999999999997
 4220 -23.699999999999999 -46.520000000000003
 4221 -22.890000000000001 -43.229999999999997
 4222 -23.559999999999999 -46.909999999999997
 4223 -23.699999999999999 -46.520000000000003
 4224 -22.890000000000001 -43.229999999999997
 4225 -23.559999999999999 -46.909999999999997
 4226 -23.699999999999999 -46.520000000000003
 4227 -22.890000000000001 -43.229999999999997
 4228 -23.559999999999999 -46.909999999999997
 4229 -23.699999999999999 -46.520000000000003
 4230 -22.890000000000001 -43.229999999999997
 4231 -23.559999999999999 -46.909999999999997
 4232 -23.699999999999999 -46.520000000000003
 4233 -22.890000000000001 -43.229999999999997
 4234 -19.129999999999999 -47.700000000000003
 4235              -15.93 -48.170000000000002
 4236 -16.350000000000001 -47.829999999999998
 4237              -13.83 -48.299999999999997
 4238 -16.620000000000001 -49.579999999999998
 4239 -19.129999999999999 -47.700000000000003
 4240              -15.93 -48.170000000000002
 4241 -16.350000000000001 -47.829999999999998
 4242              -13.83 -48.299999999999997
 4243 -16.620000000000001 -49.579999999999998
 4244 -19.129999999999999 -47.700000000000003
 4245              -15.93 -48.170000000000002
 4246 -16.350000000000001 -47.829999999999998
 4247              -13.83 -48.299999999999997
 4248 -16.620000000000001 -49.579999999999998
 4249 -19.129999999999999 -47.700000000000003
 4250              -15.93 -48.170000000000002
 4251 -16.350000000000001 -47.829999999999998
 4252              -13.83 -48.299999999999997
 4253 -16.620000000000001 -49.579999999999998
 4254 -19.129999999999999 -47.700000000000003
 4255              -15.93 -48.170000000000002
 4256 -16.350000000000001 -47.829999999999998
 4257              -13.83 -48.299999999999997
 4258 -16.620000000000001 -49.579999999999998
 4259 -19.129999999999999 -47.700000000000003
 4260              -15.93 -48.170000000000002
 4261 -16.350000000000001 -47.829999999999998
 4262              -13.83 -48.299999999999997
 4263 -16.620000000000001 -49.579999999999998
 4264 -19.129999999999999 -47.700000000000003
 4265              -15.93 -48.170000000000002
 4266 -16.350000000000001 -47.829999999999998
 4267              -13.83 -48.299999999999997
 4268 -16.620000000000001 -49.579999999999998
 4269 -19.129999999999999 -47.700000000000003
 4270              -15.93 -48.170000000000002
 4271 -16.350000000000001 -47.829999999999998
 4272              -13.83 -48.299999999999997
 4273 -16.620000000000001 -49.579999999999998
 4274 -19.129999999999999 -47.700000000000003
 4275              -15.93 -48.170000000000002
 4276 -16.350000000000001 -47.829999999999998
 4277              -13.83 -48.299999999999997
 4278 -16.620000000000001 -49.579999999999998
 4279 -19.129999999999999 -47.700000000000003
 4280              -15.93 -48.170000000000002
 4281 -16.350000000000001 -47.829999999999998
 4282              -13.83 -48.299999999999997
 4283 -16.620000000000001 -49.579999999999998
 4284 -19.129999999999999 -47.700000000000003
 4285              -15.93 -48.170000000000002
 4286 -16.350000000000001 -47.829999999999998
 4287              -13.83 -48.299999999999997
 4288 -16.620000000000001 -49.579999999999998
 4289 -19.129999999999999 -47.700000000000003
 4290              -15.93 -48.170000000000002
 4291 -16.350000000000001 -47.829999999999998
 4292              -13.83 -48.299999999999997
 4293 -16.620000000000001 -49.579999999999998
 4294 -19.129999999999999 -47.700000000000003
 4295              -15.93 -48.170000000000002
 4296 -16.350000000000001 -47.829999999999998
 4297              -13.83 -48.299999999999997
 4298 -16.620000000000001 -49.579999999999998
 4299 -19.129999999999999 -47.700000000000003
 4300              -15.93 -48.170000000000002
 4301 -16.350000000000001 -47.829999999999998
 4302              -13.83 -48.299999999999997
 4303 -16.620000000000001 -49.579999999999998
 4304 -16.309992000000001 -47.699171999999997
 4305 -16.302406000000001          -47.702717
 4306 -16.308869000000001 -47.707163999999999
 4307          -16.302353 -47.715530999999999
 4308 -16.310144000000001 -47.735343999999998
 4309 -16.301013999999999 -47.726108000000004
 4310 -14.982556000000001 -48.892007999999997
 4311          -14.983825 -48.886749999999999
 4312            -14.9847 -48.881352999999997
 4313 -14.979255999999999 -48.883741999999998
 4314 -14.968222000000001 -48.876593999999997
 4315 -14.975153000000001 -48.875075000000002
 4316 -14.979507999999999 -48.871896999999997
 4317 -16.377020999999999 -49.297502000000001
 4318 -17.151530999999999 -47.281709999999997
 4319 -17.159296999999999 -47.286710999999997
 4320 -17.166302999999999          -47.292389
 4321 -17.197085999999999 -46.603560999999999
 4322 -17.185300000000002 -47.298499999999997
 4323          -17.177778          -47.286389
 4324 -17.184308000000001 -47.285474999999998
 4325          -17.195864 -46.643766999999997
 4326 -17.201143999999999 -46.598413999999998
 4327 -17.191058000000002 -46.637968999999998
 4328          -17.195014 -46.643647000000001
 4329 -17.190180999999999 -46.627941999999997
 4330 -17.196294000000002 -46.626038999999999
 4331          -17.202064 -46.625753000000003
 4332 -17.202058000000001 -46.617336000000002
 4333          -17.196092 -46.617775000000002
 4334 -17.201696999999999 -46.608186000000003
 4335 -17.201696999999999 -46.608186000000003
 4336 -17.195550000000001 -46.607455999999999
 4337          -17.195639 -46.598714000000001
 4338 -17.200517000000001 -46.592041999999999
 4339 -17.193483000000001 -46.590139000000001
 4340 -17.199753000000001 -46.585538999999997
 4341 -21.594722000000001 -45.453888999999997
 4342 -21.575278000000001 -45.471666999999997
 4343 -22.469166999999999 -46.916111000000001
 4344 -22.457222000000002 -46.902500000000003
 4345 -22.457222000000002          -46.904722
 4346 -22.456666999999999 -46.914166999999999
 4347          -21.973056 -46.767499999999998
 4348              -15.75 -45.969999999999999
 4349 -17.449999999999999 -45.119999999999997
 4350 -18.740148999999999 -47.961272000000001
 4351              -18.66 -44.100000000000001
 4352              -17.34 -44.869999999999997
 4353              -15.75 -45.969999999999999
 4354 -17.449999999999999 -45.119999999999997
 4355 -18.740148999999999 -47.961272000000001
 4356              -18.66 -44.100000000000001
 4357              -17.34 -44.869999999999997
 4358              -15.75 -45.969999999999999
 4359 -17.449999999999999 -45.119999999999997
 4360 -18.740148999999999 -47.961272000000001
 4361              -18.66 -44.100000000000001
 4362              -17.34 -44.869999999999997
 4363              -15.75 -45.969999999999999
 4364 -17.449999999999999 -45.119999999999997
 4365 -18.740148999999999 -47.961272000000001
 4366              -18.66 -44.100000000000001
 4367              -17.34 -44.869999999999997
 4368              -15.75 -45.969999999999999
 4369 -17.449999999999999 -45.119999999999997
 4370 -18.740148999999999 -47.961272000000001
 4371              -18.66 -44.100000000000001
 4372              -17.34 -44.869999999999997
 4373              -15.75 -45.969999999999999
 4374 -17.449999999999999 -45.119999999999997
 4375 -18.740148999999999 -47.961272000000001
 4376              -18.66 -44.100000000000001
 4377              -17.34 -44.869999999999997
 4378              -15.75 -45.969999999999999
 4379 -17.449999999999999 -45.119999999999997
 4380 -18.740148999999999 -47.961272000000001
 4381              -18.66 -44.100000000000001
 4382              -17.34 -44.869999999999997
 4383              -15.75 -45.969999999999999
 4384 -17.449999999999999 -45.119999999999997
 4385 -18.740148999999999 -47.961272000000001
 4386              -18.66 -44.100000000000001
 4387              -17.34 -44.869999999999997
 4388              -15.75 -45.969999999999999
 4389 -17.449999999999999 -45.119999999999997
 4390 -18.740148999999999 -47.961272000000001
 4391              -18.66 -44.100000000000001
 4392              -17.34 -44.869999999999997
 4393              -15.75 -45.969999999999999
 4394 -17.449999999999999 -45.119999999999997
 4395 -18.740148999999999 -47.961272000000001
 4396              -18.66 -44.100000000000001
 4397              -17.34 -44.869999999999997
 4398              -15.75 -45.969999999999999
 4399 -17.449999999999999 -45.119999999999997
 4400 -18.740148999999999 -47.961272000000001
 4401              -18.66 -44.100000000000001
 4402              -17.34 -44.869999999999997
 4403              -15.75 -45.969999999999999
 4404 -17.449999999999999 -45.119999999999997
 4405 -18.740148999999999 -47.961272000000001
 4406              -18.66 -44.100000000000001
 4407              -17.34 -44.869999999999997
 4408              -15.75 -45.969999999999999
 4409 -17.449999999999999 -45.119999999999997
 4410 -18.740148999999999 -47.961272000000001
 4411              -18.66 -44.100000000000001
 4412              -17.34 -44.869999999999997
 4413              -15.75 -45.969999999999999
 4414 -17.449999999999999 -45.119999999999997
 4415 -18.740148999999999 -47.961272000000001
 4416              -18.66 -44.100000000000001
 4417              -17.34 -44.869999999999997
 4418 -20.610247000000001            -41.0184
 4419 -20.755628999999999 -41.218044999999996
 4420          -17.626756 -44.907696999999999
 4421 -17.623035999999999 -44.913797000000002
 4422 -17.675450000000001 -44.747810999999999
 4423 -17.680644000000001          -44.751911
 4424 -17.687252999999998 -44.755471999999997
 4425 -15.735722000000001 -45.929461000000003
 4426          -15.738792 -45.933458000000002
 4427          -15.744769 -45.941228000000002
 4428 -15.742027999999999 -45.944046999999998
 4429          -15.753983 -45.952227999999998
 4430          -15.746731 -45.954743999999998
 4431 -15.750419000000001 -45.954408000000001
 4432 -15.744108000000001 -45.961799999999997
 4433          -15.737864 -45.994967000000003
 4434 -15.733466999999999 -45.957102999999996
 4435          -15.731239             -45.942
 4436          -15.727219 -45.947257999999998
 4437 -15.728808000000001          -45.965308
 4438          -15.731683 -45.998581000000001
 4439 -15.733207999999999 -45.992843999999998
 4440          -15.722144 -45.998342000000001
 4441 -15.711302999999999 -45.980168999999997
 4442          -15.758319 -45.979947000000003
 4443 -15.753380999999999          -45.980058
 4444            -15.7425 -45.972141999999998
 4445 -18.203261000000001 -45.268763999999997
 4446          -15.728075 -45.959952999999999
 4447 -15.731806000000001 -45.969050000000003
 4448            -15.7347 -45.983091999999999
 4449          -15.729431 -45.988128000000003
 4450          -15.752767 -45.999688999999996
 4451 -19.394507999999998 -43.825211000000003
 4452 -19.377877999999999           -43.81465
 4475              -13.77 -48.049999999999997
 4476              -13.77 -48.049999999999997
 4477              -13.77 -48.049999999999997
 4478              -13.77 -48.049999999999997
 4479              -13.77 -48.049999999999997
 4480              -13.77 -48.049999999999997
 4481              -13.77 -48.049999999999997
 4482              -13.77 -48.049999999999997
 4483              -13.77 -48.049999999999997
 4484              -13.77 -48.049999999999997
 4485              -13.77 -48.049999999999997
 4486              -13.77 -48.049999999999997
 4487              -13.77 -48.049999999999997
 4488              -13.77 -48.049999999999997
 4500 -3.8156330000000001 -41.136867000000002
 4501           -3.819267 -41.145431000000002
 4502 -3.8198720000000002 -41.134011000000001
 4503 -3.8253249999999999 -41.134011000000001
 4504 -3.8289580000000001 -41.148285999999999
 4547              -15.83 -43.450000000000003
 4548 -18.740148999999999 -47.961272000000001
 4549 -18.740148999999999 -47.961272000000001
 4550 -15.289999999999999 -43.719999999999999
 4551              -15.92 -43.329999999999998
 4552              -16.16              -43.57
 4553              -15.83 -43.450000000000003
 4554 -18.740148999999999 -47.961272000000001
 4555 -18.740148999999999 -47.961272000000001
 4556 -15.289999999999999 -43.719999999999999
 4557              -15.92 -43.329999999999998
 4558              -16.16              -43.57
 4559              -15.83 -43.450000000000003
 4560 -18.740148999999999 -47.961272000000001
 4561 -18.740148999999999 -47.961272000000001
 4562 -15.289999999999999 -43.719999999999999
 4563              -15.92 -43.329999999999998
 4564              -16.16              -43.57
 4565              -15.83 -43.450000000000003
 4566 -18.740148999999999 -47.961272000000001
 4567 -18.740148999999999 -47.961272000000001
 4568 -15.289999999999999 -43.719999999999999
 4569              -15.92 -43.329999999999998
 4570              -16.16              -43.57
 4571              -15.83 -43.450000000000003
 4572 -18.740148999999999 -47.961272000000001
 4573 -18.740148999999999 -47.961272000000001
 4574 -15.289999999999999 -43.719999999999999
 4575              -15.92 -43.329999999999998
 4576              -16.16              -43.57
 4577              -15.83 -43.450000000000003
 4578 -18.740148999999999 -47.961272000000001
 4579 -18.740148999999999 -47.961272000000001
 4580 -15.289999999999999 -43.719999999999999
 4581              -15.92 -43.329999999999998
 4582              -16.16              -43.57
 4583              -15.83 -43.450000000000003
 4584 -18.740148999999999 -47.961272000000001
 4585 -18.740148999999999 -47.961272000000001
 4586 -15.289999999999999 -43.719999999999999
 4587              -15.92 -43.329999999999998
 4588              -16.16              -43.57
 4589              -15.83 -43.450000000000003
 4590 -18.740148999999999 -47.961272000000001
 4591 -18.740148999999999 -47.961272000000001
 4592 -15.289999999999999 -43.719999999999999
 4593              -15.92 -43.329999999999998
 4594              -16.16              -43.57
 4595              -15.83 -43.450000000000003
 4596 -18.740148999999999 -47.961272000000001
 4597 -18.740148999999999 -47.961272000000001
 4598 -15.289999999999999 -43.719999999999999
 4599              -15.92 -43.329999999999998
 4600              -16.16              -43.57
 4601              -15.83 -43.450000000000003
 4602 -18.740148999999999 -47.961272000000001
 4603 -18.740148999999999 -47.961272000000001
 4604 -15.289999999999999 -43.719999999999999
 4605              -15.92 -43.329999999999998
 4606              -16.16              -43.57
 4607              -15.83 -43.450000000000003
 4608 -18.740148999999999 -47.961272000000001
 4609 -18.740148999999999 -47.961272000000001
 4610 -15.289999999999999 -43.719999999999999
 4611              -15.92 -43.329999999999998
 4612              -16.16              -43.57
 4613              -15.83 -43.450000000000003
 4614 -18.740148999999999 -47.961272000000001
 4615 -18.740148999999999 -47.961272000000001
 4616 -15.289999999999999 -43.719999999999999
 4617              -15.92 -43.329999999999998
 4618              -16.16              -43.57
 4619              -15.83 -43.450000000000003
 4620 -18.740148999999999 -47.961272000000001
 4621 -18.740148999999999 -47.961272000000001
 4622 -15.289999999999999 -43.719999999999999
 4623              -15.92 -43.329999999999998
 4624              -16.16              -43.57
 4625              -15.83 -43.450000000000003
 4626 -18.740148999999999 -47.961272000000001
 4627 -18.740148999999999 -47.961272000000001
 4628 -15.289999999999999 -43.719999999999999
 4629              -15.92 -43.329999999999998
 4630              -16.16              -43.57
 4631 -19.509647000000001 -40.142921999999999
 4632 -20.162410000000001 -40.242280000000001
 4633 -19.512225000000001 -40.600530999999997
 4634          -15.316939 -43.624682999999997
 4635 -15.310746999999999 -43.617032999999999
 4636          -15.307219 -43.630735999999999
 4637 -15.323188999999999 -43.628791999999997
 4638 -15.318130999999999 -43.642091999999998
 4639          -15.332131 -43.608125000000001
 4640 -15.308299999999999 -43.640700000000002
 4641          -15.303181 -43.609608000000001
 4642          -15.341783 -43.613399999999999
 4643 -15.328457999999999          -43.640003
 4644          -15.311225 -43.600625000000001
 4645          -15.340736 -43.630000000000003
 4646          -15.323914           -43.64875
 4647          -15.314244 -43.651758000000001
 4648          -15.298347 -43.619093999999997
 4649 -15.321706000000001          -43.604917
 4650 -15.332191999999999 -43.629421999999998
 4651 -15.960566999999999 -43.371096999999999
 4652          -15.969756          -43.362589
 4653 -15.822857000000001 -43.427017999999997
 4654          -15.834876 -43.432785000000003
 4655 -15.819093000000001 -43.434005999999997
 4656 -15.818307000000001 -43.443781000000001
 4657 -15.830126999999999           -43.43815
 4658          -15.825433          -43.447077
 4659          -15.833344 -43.451870999999997
 4660          -15.824919          -43.453443
 4661 -15.824966999999999 -43.461449000000002
 4662           -15.81349 -43.469712999999999
 4663          -15.943797 -43.467306000000001
 4664          -15.952847 -43.479719000000003
 4665          -15.934053 -43.492919000000001
 4666 -15.948971999999999 -43.473919000000002
 4667          -15.914139          -43.497197
 4668          -15.928661 -43.500008000000001
 4669 -15.921241999999999 -43.500785999999998
 4670          -15.812569 -43.475906999999999
 4671 -15.819596000000001          -43.486815
 4672 -15.818331000000001 -43.494585999999998
 4673          -15.807547 -43.483234000000003
 4674          -15.806583 -43.490478000000003
 4675          -15.830833 -43.471111000000001
 4676          -15.836219 -43.471291999999998
 4677          -15.839722 -43.468055999999997
 4777 -19.859999999999999 -50.350000000000001
 4778 -19.010000000000002 -50.670000000000002
 4779 -17.719999999999999 -50.859999999999999
 4780 -19.859999999999999 -50.350000000000001
 4781 -19.010000000000002 -50.670000000000002
 4782 -17.719999999999999 -50.859999999999999
 4783 -19.859999999999999 -50.350000000000001
 4784 -19.010000000000002 -50.670000000000002
 4785 -17.719999999999999 -50.859999999999999
 4786 -19.859999999999999 -50.350000000000001
 4787 -19.010000000000002 -50.670000000000002
 4788 -17.719999999999999 -50.859999999999999
 4789 -19.859999999999999 -50.350000000000001
 4790 -19.010000000000002 -50.670000000000002
 4791 -17.719999999999999 -50.859999999999999
 4792 -19.859999999999999 -50.350000000000001
 4793 -19.010000000000002 -50.670000000000002
 4794 -17.719999999999999 -50.859999999999999
 4795 -19.859999999999999 -50.350000000000001
 4796 -19.010000000000002 -50.670000000000002
 4797 -17.719999999999999 -50.859999999999999
 4798 -19.859999999999999 -50.350000000000001
 4799 -19.010000000000002 -50.670000000000002
 4800 -17.719999999999999 -50.859999999999999
 4801 -19.859999999999999 -50.350000000000001
 4802 -19.010000000000002 -50.670000000000002
 4803 -17.719999999999999 -50.859999999999999
 4804 -19.859999999999999 -50.350000000000001
 4805 -19.010000000000002 -50.670000000000002
 4806 -17.719999999999999 -50.859999999999999
 4807 -19.859999999999999 -50.350000000000001
 4808 -19.010000000000002 -50.670000000000002
 4809 -17.719999999999999 -50.859999999999999
 4810 -19.859999999999999 -50.350000000000001
 4811 -19.010000000000002 -50.670000000000002
 4812 -17.719999999999999 -50.859999999999999
 4813 -19.859999999999999 -50.350000000000001
 4814 -19.010000000000002 -50.670000000000002
 4815 -17.719999999999999 -50.859999999999999
 4816 -19.859999999999999 -50.350000000000001
 4817 -19.010000000000002 -50.670000000000002
 4818 -17.719999999999999 -50.859999999999999
 4819 -17.718889000000001 -51.389721999999999
 4820          -13.701497 -57.910288999999999
 4821 -15.647500000000001 -55.983333000000002
 4840 -19.873992999999999 -50.372056000000001
 4841          -20.652231 -51.341019000000003
 4842 -20.652249999999999 -51.334885999999997
 4843 -20.656103000000002 -51.333539000000002
 4844 -20.659946999999999 -51.342027999999999
 4845          -20.667672 -51.331888999999997
 4846 -20.674410999999999 -51.340403000000002
 4847 -21.419547999999999 -50.090496999999999
 4848 -23.510833000000002 -46.159722000000002
 4849          -23.141389          -47.794722
 5018 -15.759639999999999 -47.869523999999998
 5019          -15.771963 -47.873376999999998
 5020 -15.759639999999999 -47.869523999999998
 5021 -15.759639999999999 -47.869523999999998
 5022 -15.759639999999999 -47.869523999999998
 5023 -15.759639999999999 -47.869523999999998
 5024 -15.759639999999999 -47.869523999999998
 5025 -15.759639999999999 -47.869523999999998
 5026 -15.759639999999999 -47.869523999999998
 5027 -15.759639999999999 -47.869523999999998
 5028 -15.759639999999999 -47.869523999999998
 5029 -15.759639999999999 -47.869523999999998
 5030 -15.759639999999999 -47.869523999999998
 5031 -15.759639999999999 -47.869523999999998
 5032 -15.759639999999999 -47.869523999999998
 5033 -15.759639999999999 -47.869523999999998
 5034 -15.759639999999999 -47.869523999999998
 5035 -15.759639999999999 -47.869523999999998
 5036 -15.759639999999999 -47.869523999999998
 5037 -15.759639999999999 -47.869523999999998
 5038 -15.759639999999999 -47.869523999999998
 5039 -15.759639999999999 -47.869523999999998
 5040 -15.759639999999999 -47.869523999999998
 5041 -15.759639999999999 -47.869523999999998
 5042 -15.759639999999999 -47.869523999999998
 5043 -15.759639999999999 -47.869523999999998
 5044 -15.759639999999999 -47.869523999999998
 5045 -15.759639999999999 -47.869523999999998
 5046 -15.759639999999999 -47.869523999999998
 5047 -15.759639999999999 -47.869523999999998
 5048 -15.759639999999999 -47.869523999999998
 5049 -15.759639999999999 -47.869523999999998
 5050 -15.759639999999999 -47.869523999999998
 5051 -15.759639999999999 -47.869523999999998
 5052 -15.759639999999999 -47.869523999999998
 5053 -15.759639999999999 -47.869523999999998
 5054 -15.759639999999999 -47.869523999999998
 5055 -15.759639999999999 -47.869523999999998
 5056 -15.759639999999999 -47.869523999999998
 5057 -15.759639999999999 -47.869523999999998
 5058 -20.189658999999999 -40.639659000000002
 5059 -20.189658999999999 -40.639659000000002
 5060 -20.189658999999999 -40.639659000000002
 5061 -20.189658999999999 -40.639659000000002
 5062 -20.189658999999999 -40.639659000000002
 5063 -20.189658999999999 -40.639659000000002
 5064 -20.189658999999999 -40.639659000000002
 5065 -20.189658999999999 -40.639659000000002
 5066 -20.189658999999999 -40.639659000000002
 5067 -20.189658999999999 -40.639659000000002
 5068 -20.189658999999999 -40.639659000000002
 5069 -20.189658999999999 -40.639659000000002
 5070 -20.189658999999999 -40.639659000000002
 5071 -20.189658999999999 -40.639659000000002
 5072 -20.189658999999999 -40.639659000000002
 5073 -20.189658999999999 -40.639659000000002
 5074 -20.189658999999999 -40.639659000000002
 5075 -20.189658999999999 -40.639659000000002
 5076 -20.189658999999999 -40.639659000000002
 5077 -20.189658999999999 -40.639659000000002
 5078 -20.189658999999999 -40.639659000000002
 5079 -20.189658999999999 -40.639659000000002
 5080 -20.189658999999999 -40.639659000000002
 5081 -20.189658999999999 -40.639659000000002
 5082 -20.189658999999999 -40.639659000000002
 5083 -20.189658999999999 -40.639659000000002
 5084 -20.189658999999999 -40.639659000000002
 5085 -20.189658999999999 -40.639659000000002
 5086 -20.189658999999999 -40.639659000000002
 5087 -20.189658999999999 -40.639659000000002
 5088 -20.189658999999999 -40.639659000000002
 5089 -20.189658999999999 -40.639659000000002
 5090 -20.189658999999999 -40.639659000000002
 5091 -20.189658999999999 -40.639659000000002
 5092 -20.189658999999999 -40.639659000000002
 5093 -20.189658999999999 -40.639659000000002
 5094 -20.189658999999999 -40.639659000000002
 5095 -20.189658999999999 -40.639659000000002
 5096 -20.189658999999999 -40.639659000000002
 5097 -20.189658999999999 -40.639659000000002
 5098 -20.189658999999999 -40.639659000000002
 5099 -20.189658999999999 -40.639659000000002
 5100 -20.189658999999999 -40.639659000000002
 5101 -20.189658999999999 -40.639659000000002
 5102 -20.189658999999999 -40.639659000000002
 5103 -20.189658999999999 -40.639659000000002
 5104 -20.189658999999999 -40.639659000000002
 5105 -20.189658999999999 -40.639659000000002
 5106 -20.189658999999999 -40.639659000000002
 5107 -20.189658999999999 -40.639659000000002
 5108 -20.189658999999999 -40.639659000000002
 5109 -20.189658999999999 -40.639659000000002
 5110 -20.189658999999999 -40.639659000000002
 5111 -20.189658999999999 -40.639659000000002
 5112 -20.189658999999999 -40.639659000000002
 5113 -20.189658999999999 -40.639659000000002
 5114 -20.189658999999999 -40.639659000000002
 5115 -20.189658999999999 -40.639659000000002
 5116 -20.189658999999999 -40.639659000000002
 5117 -20.189658999999999 -40.639659000000002
 5118 -20.189658999999999 -40.639659000000002
 5119 -20.189658999999999 -40.639659000000002
 5120 -20.189658999999999 -40.639659000000002
 5121 -20.189658999999999 -40.639659000000002
 5122 -20.189658999999999 -40.639659000000002
 5123 -20.189658999999999 -40.639659000000002
 5124 -20.189658999999999 -40.639659000000002
 5125 -20.350239999999999          -40.368465
 5126 -20.189658999999999 -40.639659000000002
 5127          -16.547628 -49.277740999999999
 5128          -16.704328          -49.623134
 5129          -16.704328          -49.623134
 5130          -16.704328          -49.623134
 5131          -16.704328          -49.623134
 5132          -16.704328          -49.623134
 5133          -16.704328          -49.623134
 5134          -16.704328          -49.623134
 5135          -16.704328          -49.623134
 5136          -16.704328          -49.623134
 5137          -16.704328          -49.623134
 5138          -16.704328          -49.623134
 5139          -16.704328          -49.623134
 5140          -16.704328          -49.623134
 5141          -16.704328          -49.623134
 5142          -16.704328          -49.623134
 5143          -16.704328          -49.623134
 5144          -16.704328          -49.623134
 5145          -16.704328          -49.623134
 5146          -16.704328          -49.623134
 5147          -16.704328          -49.623134
 5148          -16.704328          -49.623134
 5149          -16.704328          -49.623134
 5150          -16.704328          -49.623134
 5151          -16.704328          -49.623134
 5152          -16.704328          -49.623134
 5153          -16.704328          -49.623134
 5154          -16.704328          -49.623134
 5155          -16.704328          -49.623134
 5156          -16.704328          -49.623134
 5157          -16.704328          -49.623134
 5158          -16.704328          -49.623134
 5159          -16.704328          -49.623134
 5160          -16.704328          -49.623134
 5161          -16.704328          -49.623134
 5162          -16.704328          -49.623134
 5163          -16.704328          -49.623134
 5164          -16.704328          -49.623134
 5165          -16.704328          -49.623134
 5166          -16.704328          -49.623134
 5167          -16.704328          -49.623134
 5168          -16.704328          -49.623134
 5169          -16.704328          -49.623134
 5170          -16.704328          -49.623134
 5171          -16.704328          -49.623134
 5172          -16.704328          -49.623134
 5173          -16.704328          -49.623134
 5174          -16.704328          -49.623134
 5175          -16.704328          -49.623134
 5176          -16.704328          -49.623134
 5177          -16.704328          -49.623134
 5178          -16.704328          -49.623134
 5179          -16.704328          -49.623134
 5180          -16.704328          -49.623134
 5181          -16.704328          -49.623134
 5182          -16.704328          -49.623134
 5183          -16.704328          -49.623134
 5184          -16.704328          -49.623134
 5185          -16.704328          -49.623134
 5186          -16.704328          -49.623134
 5187          -16.704328          -49.623134
 5188          -16.704328          -49.623134
 5189          -16.704328          -49.623134
 5190          -16.704328          -49.623134
 5191          -16.704328          -49.623134
 5192          -16.704328          -49.623134
 5193          -16.704328          -49.623134
 5194          -16.704328          -49.623134
 5195          -16.704328          -49.623134
 5196          -16.704328          -49.623134
 5197          -16.704328          -49.623134
 5198          -16.704328          -49.623134
 5199          -16.704328          -49.623134
 5200          -16.704328          -49.623134
 5201          -16.704328          -49.623134
 5202          -16.704328          -49.623134
 5203          -16.704328          -49.623134
 5204          -16.704328          -49.623134
 5205          -16.704328          -49.623134
 5206          -16.704328          -49.623134
 5207          -16.704328          -49.623134
 5208          -16.704328          -49.623134
 5209          -16.704328          -49.623134
 5210          -16.704328          -49.623134
 5211          -16.704328          -49.623134
 5212          -16.704328          -49.623134
 5213          -16.704328          -49.623134
 5214          -16.704328          -49.623134
 5215          -16.704328          -49.623134
 5216          -16.704328          -49.623134
 5217          -16.704328          -49.623134
 5218          -16.704328          -49.623134
 5219          -16.704328          -49.623134
 5220          -16.704328          -49.623134
 5221          -16.704328          -49.623134
 5222          -16.704328          -49.623134
 5249           -19.96303 -43.956314999999996
 5250 -18.244444999999999 -44.959397000000003
 5251 -18.244444999999999 -44.959397000000003
 5252 -18.244444999999999 -44.959397000000003
 5253 -18.244444999999999 -44.959397000000003
 5254 -18.244444999999999 -44.959397000000003
 5255 -18.244444999999999 -44.959397000000003
 5256 -18.244444999999999 -44.959397000000003
 5257 -18.244444999999999 -44.959397000000003
 5258 -18.244444999999999 -44.959397000000003
 5259 -18.244444999999999 -44.959397000000003
 5260 -18.244444999999999 -44.959397000000003
 5261 -18.244444999999999 -44.959397000000003
 5262 -18.244444999999999 -44.959397000000003
 5263 -18.244444999999999 -44.959397000000003
 5264 -18.244444999999999 -44.959397000000003
 5265 -18.244444999999999 -44.959397000000003
 5266 -18.244444999999999 -44.959397000000003
 5267 -18.244444999999999 -44.959397000000003
 5268 -18.244444999999999 -44.959397000000003
 5269 -18.244444999999999 -44.959397000000003
 5270 -18.244444999999999 -44.959397000000003
 5271 -18.244444999999999 -44.959397000000003
 5272 -18.244444999999999 -44.959397000000003
 5273 -18.244444999999999 -44.959397000000003
 5274 -18.244444999999999 -44.959397000000003
 5275 -18.244444999999999 -44.959397000000003
 5276 -18.244444999999999 -44.959397000000003
 5277 -18.244444999999999 -44.959397000000003
 5278 -18.244444999999999 -44.959397000000003
 5279 -18.244444999999999 -44.959397000000003
 5280 -18.244444999999999 -44.959397000000003
 5281 -18.244444999999999 -44.959397000000003
 5282 -18.244444999999999 -44.959397000000003
 5283 -18.244444999999999 -44.959397000000003
 5284 -18.244444999999999 -44.959397000000003
 5285 -18.244444999999999 -44.959397000000003
 5286 -18.244444999999999 -44.959397000000003
 5287 -18.244444999999999 -44.959397000000003
 5288 -18.244444999999999 -44.959397000000003
 5289 -18.244444999999999 -44.959397000000003
 5290 -18.244444999999999 -44.959397000000003
 5291 -18.244444999999999 -44.959397000000003
 5292 -18.244444999999999 -44.959397000000003
 5293 -18.244444999999999 -44.959397000000003
 5294 -18.244444999999999 -44.959397000000003
 5295 -18.244444999999999 -44.959397000000003
 5296 -18.244444999999999 -44.959397000000003
 5297 -18.244444999999999 -44.959397000000003
 5298 -18.244444999999999 -44.959397000000003
 5299 -18.244444999999999 -44.959397000000003
 5300 -18.244444999999999 -44.959397000000003
 5301 -18.244444999999999 -44.959397000000003
 5302 -18.244444999999999 -44.959397000000003
 5303 -18.244444999999999 -44.959397000000003
 5304 -18.244444999999999 -44.959397000000003
 5305 -18.244444999999999 -44.959397000000003
 5306 -18.244444999999999 -44.959397000000003
 5307 -18.244444999999999 -44.959397000000003
 5308 -18.244444999999999 -44.959397000000003
 5309 -18.244444999999999 -44.959397000000003
 5310 -18.244444999999999 -44.959397000000003
 5311 -18.244444999999999 -44.959397000000003
 5312 -18.244444999999999 -44.959397000000003
 5313 -18.244444999999999 -44.959397000000003
 5314 -18.244444999999999 -44.959397000000003
 5315 -18.244444999999999 -44.959397000000003
 5316 -18.244444999999999 -44.959397000000003
 5317 -18.244444999999999 -44.959397000000003
 5318 -18.244444999999999 -44.959397000000003
 5319 -18.244444999999999 -44.959397000000003
 5320 -18.244444999999999 -44.959397000000003
 5321 -18.244444999999999 -44.959397000000003
 5322 -18.244444999999999 -44.959397000000003
 5323 -18.244444999999999 -44.959397000000003
 5324 -18.244444999999999 -44.959397000000003
 5325 -18.244444999999999 -44.959397000000003
 5326 -18.244444999999999 -44.959397000000003
 5327 -18.244444999999999 -44.959397000000003
 5328 -18.244444999999999 -44.959397000000003
 5329 -18.244444999999999 -44.959397000000003
 5330 -18.244444999999999 -44.959397000000003
 5331 -18.244444999999999 -44.959397000000003
 5332 -18.244444999999999 -44.959397000000003
 5333 -18.244444999999999 -44.959397000000003
 5334 -18.244444999999999 -44.959397000000003
 5335 -18.244444999999999 -44.959397000000003
 5336 -18.244444999999999 -44.959397000000003
 5337 -18.244444999999999 -44.959397000000003
 5338 -18.244444999999999 -44.959397000000003
 5339 -18.244444999999999 -44.959397000000003
 5340 -18.244444999999999 -44.959397000000003
 5341 -18.244444999999999 -44.959397000000003
 5342 -18.244444999999999 -44.959397000000003
 5343 -18.244444999999999 -44.959397000000003
 5344 -18.244444999999999 -44.959397000000003
 5345 -18.244444999999999 -44.959397000000003
 5346 -18.244444999999999 -44.959397000000003
 5347 -18.244444999999999 -44.959397000000003
 5348 -18.244444999999999 -44.959397000000003
 5349 -18.244444999999999 -44.959397000000003
 5350 -18.244444999999999 -44.959397000000003
 5351 -18.244444999999999 -44.959397000000003
 5352 -18.244444999999999 -44.959397000000003
 5353 -18.244444999999999 -44.959397000000003
 5354 -18.244444999999999 -44.959397000000003
 5355 -18.244444999999999 -44.959397000000003
 5356 -18.244444999999999 -44.959397000000003
 5357 -18.244444999999999 -44.959397000000003
 5358 -18.244444999999999 -44.959397000000003
 5359 -18.244444999999999 -44.959397000000003
 5360 -18.244444999999999 -44.959397000000003
 5361 -18.244444999999999 -44.959397000000003
 5362 -18.244444999999999 -44.959397000000003
 5363 -18.244444999999999 -44.959397000000003
 5364 -18.244444999999999 -44.959397000000003
 5365 -18.244444999999999 -44.959397000000003
 5366 -18.244444999999999 -44.959397000000003
 5367 -18.244444999999999 -44.959397000000003
 5368 -18.244444999999999 -44.959397000000003
 5369 -18.244444999999999 -44.959397000000003
 5370 -18.244444999999999 -44.959397000000003
 5371 -18.244444999999999 -44.959397000000003
 5372 -18.244444999999999 -44.959397000000003
 5373 -18.244444999999999 -44.959397000000003
 5374 -18.244444999999999 -44.959397000000003
 5375 -18.244444999999999 -44.959397000000003
 5376 -18.244444999999999 -44.959397000000003
 5377 -18.244444999999999 -44.959397000000003
 5378 -18.244444999999999 -44.959397000000003
 5379 -18.244444999999999 -44.959397000000003
 5380 -18.244444999999999 -44.959397000000003
 5381 -18.244444999999999 -44.959397000000003
 5382 -18.244444999999999 -44.959397000000003
 5383 -18.244444999999999 -44.959397000000003
 5384 -18.244444999999999 -44.959397000000003
 5385 -18.244444999999999 -44.959397000000003
 5386 -18.244444999999999 -44.959397000000003
 5387 -18.244444999999999 -44.959397000000003
 5388 -18.244444999999999 -44.959397000000003
 5389 -18.244444999999999 -44.959397000000003
 5390 -18.244444999999999 -44.959397000000003
 5391 -18.244444999999999 -44.959397000000003
 5392 -18.244444999999999 -44.959397000000003
 5393 -18.244444999999999 -44.959397000000003
 5394 -18.244444999999999 -44.959397000000003
 5395 -18.244444999999999 -44.959397000000003
 5396 -18.244444999999999 -44.959397000000003
 5397 -18.244444999999999 -44.959397000000003
 5398 -18.244444999999999 -44.959397000000003
 5399 -18.244444999999999 -44.959397000000003
 5400 -18.244444999999999 -44.959397000000003
 5401 -18.244444999999999 -44.959397000000003
 5402 -18.244444999999999 -44.959397000000003
 5403 -18.244444999999999 -44.959397000000003
 5404 -18.244444999999999 -44.959397000000003
 5405 -18.244444999999999 -44.959397000000003
 5406 -18.244444999999999 -44.959397000000003
 5407 -18.244444999999999 -44.959397000000003
 5408 -18.244444999999999 -44.959397000000003
 5409 -18.244444999999999 -44.959397000000003
 5410 -18.244444999999999 -44.959397000000003
 5411 -18.244444999999999 -44.959397000000003
 5412 -18.244444999999999 -44.959397000000003
 5413 -18.244444999999999 -44.959397000000003
 5414 -18.244444999999999 -44.959397000000003
 5415 -18.244444999999999 -44.959397000000003
 5416 -18.244444999999999 -44.959397000000003
 5417 -18.244444999999999 -44.959397000000003
 5418 -18.244444999999999 -44.959397000000003
 5419 -18.244444999999999 -44.959397000000003
 5420 -18.244444999999999 -44.959397000000003
 5421 -18.244444999999999 -44.959397000000003
 5422 -18.244444999999999 -44.959397000000003
 5423 -18.244444999999999 -44.959397000000003
 5424 -18.244444999999999 -44.959397000000003
 5425 -18.244444999999999 -44.959397000000003
 5426 -18.244444999999999 -44.959397000000003
 5427 -18.244444999999999 -44.959397000000003
 5428 -18.244444999999999 -44.959397000000003
 5429 -18.244444999999999 -44.959397000000003
 5430 -18.244444999999999 -44.959397000000003
 5431 -18.244444999999999 -44.959397000000003
 5432 -18.244444999999999 -44.959397000000003
 5433 -18.244444999999999 -44.959397000000003
 5434 -18.244444999999999 -44.959397000000003
 5435 -18.244444999999999 -44.959397000000003
 5436 -18.244444999999999 -44.959397000000003
 5437 -18.244444999999999 -44.959397000000003
 5438 -18.244444999999999 -44.959397000000003
 5439 -18.244444999999999 -44.959397000000003
 5440 -18.244444999999999 -44.959397000000003
 5441 -18.244444999999999 -44.959397000000003
 5442 -18.244444999999999 -44.959397000000003
 5443 -18.244444999999999 -44.959397000000003
 5444 -18.244444999999999 -44.959397000000003
 5445 -18.244444999999999 -44.959397000000003
 5446 -18.244444999999999 -44.959397000000003
 5447 -18.244444999999999 -44.959397000000003
 5448 -18.244444999999999 -44.959397000000003
 5449 -18.244444999999999 -44.959397000000003
 5450 -18.244444999999999 -44.959397000000003
 5451 -18.244444999999999 -44.959397000000003
 5452 -18.244444999999999 -44.959397000000003
 5453 -18.244444999999999 -44.959397000000003
 5454 -18.244444999999999 -44.959397000000003
 5455 -18.244444999999999 -44.959397000000003
 5456 -18.244444999999999 -44.959397000000003
 5457 -18.244444999999999 -44.959397000000003
 5458 -18.244444999999999 -44.959397000000003
 5459 -18.244444999999999 -44.959397000000003
 5460 -18.244444999999999 -44.959397000000003
 5461 -18.244444999999999 -44.959397000000003
 5462 -18.244444999999999 -44.959397000000003
 5463 -18.244444999999999 -44.959397000000003
 5464 -18.244444999999999 -44.959397000000003
 5465 -18.244444999999999 -44.959397000000003
 5466 -18.244444999999999 -44.959397000000003
 5467 -18.244444999999999 -44.959397000000003
 5468 -18.244444999999999 -44.959397000000003
 5469 -18.244444999999999 -44.959397000000003
 5470 -18.244444999999999 -44.959397000000003
 5471 -18.244444999999999 -44.959397000000003
 5472 -18.244444999999999 -44.959397000000003
 5473 -18.244444999999999 -44.959397000000003
 5474 -18.244444999999999 -44.959397000000003
 5475 -18.244444999999999 -44.959397000000003
 5476 -18.244444999999999 -44.959397000000003
 5477 -18.244444999999999 -44.959397000000003
 5478 -18.244444999999999 -44.959397000000003
 5479 -18.244444999999999 -44.959397000000003
 5480 -18.244444999999999 -44.959397000000003
 5481 -18.244444999999999 -44.959397000000003
 5482 -18.244444999999999 -44.959397000000003
 5483 -18.244444999999999 -44.959397000000003
 5484 -18.244444999999999 -44.959397000000003
 5485 -18.244444999999999 -44.959397000000003
 5486 -18.244444999999999 -44.959397000000003
 5487 -18.244444999999999 -44.959397000000003
 5488 -18.244444999999999 -44.959397000000003
 5489 -18.244444999999999 -44.959397000000003
 5490 -18.244444999999999 -44.959397000000003
 5491 -18.244444999999999 -44.959397000000003
 5492 -18.244444999999999 -44.959397000000003
 5493 -18.244444999999999 -44.959397000000003
 5494 -18.244444999999999 -44.959397000000003
 5495 -18.244444999999999 -44.959397000000003
 5496 -18.244444999999999 -44.959397000000003
 5497 -18.244444999999999 -44.959397000000003
 5498 -18.244444999999999 -44.959397000000003
 5499 -18.244444999999999 -44.959397000000003
 5500 -18.244444999999999 -44.959397000000003
 5501 -18.244444999999999 -44.959397000000003
 5502 -18.244444999999999 -44.959397000000003
 5503 -18.244444999999999 -44.959397000000003
 5504 -18.244444999999999 -44.959397000000003
 5505 -18.244444999999999 -44.959397000000003
 5506 -18.244444999999999 -44.959397000000003
 5507 -18.244444999999999 -44.959397000000003
 5508 -18.244444999999999 -44.959397000000003
 5509 -18.244444999999999 -44.959397000000003
 5510 -18.244444999999999 -44.959397000000003
 5511 -18.244444999999999 -44.959397000000003
 5512 -18.244444999999999 -44.959397000000003
 5513 -18.244444999999999 -44.959397000000003
 5514 -18.244444999999999 -44.959397000000003
 5515 -18.244444999999999 -44.959397000000003
 5516 -18.244444999999999 -44.959397000000003
 5517 -18.244444999999999 -44.959397000000003
 5518 -18.244444999999999 -44.959397000000003
 5519 -18.244444999999999 -44.959397000000003
 5520 -18.244444999999999 -44.959397000000003
 5521 -18.244444999999999 -44.959397000000003
 5522 -18.244444999999999 -44.959397000000003
 5523 -18.244444999999999 -44.959397000000003
 5524 -18.244444999999999 -44.959397000000003
 5525 -18.244444999999999 -44.959397000000003
 5526 -18.244444999999999 -44.959397000000003
 5527 -18.244444999999999 -44.959397000000003
 5528 -18.244444999999999 -44.959397000000003
 5529 -18.244444999999999 -44.959397000000003
 5530 -18.244444999999999 -44.959397000000003
 5531 -18.244444999999999 -44.959397000000003
 5532 -18.244444999999999 -44.959397000000003
 5533 -18.244444999999999 -44.959397000000003
 5534 -18.244444999999999 -44.959397000000003
 5535 -18.244444999999999 -44.959397000000003
 5536 -18.244444999999999 -44.959397000000003
 5537 -18.244444999999999 -44.959397000000003
 5538 -18.244444999999999 -44.959397000000003
 5539 -18.244444999999999 -44.959397000000003
 5540 -18.244444999999999 -44.959397000000003
 5541 -18.244444999999999 -44.959397000000003
 5542 -18.244444999999999 -44.959397000000003
 5543 -18.244444999999999 -44.959397000000003
 5544 -18.244444999999999 -44.959397000000003
 5545 -18.244444999999999 -44.959397000000003
 5546 -18.244444999999999 -44.959397000000003
 5547 -18.244444999999999 -44.959397000000003
 5548 -18.244444999999999 -44.959397000000003
 5549 -18.244444999999999 -44.959397000000003
 5550 -18.244444999999999 -44.959397000000003
 5551 -18.244444999999999 -44.959397000000003
 5552 -18.244444999999999 -44.959397000000003
 5553 -18.244444999999999 -44.959397000000003
 5554 -18.244444999999999 -44.959397000000003
 5555 -18.244444999999999 -44.959397000000003
 5556 -18.244444999999999 -44.959397000000003
 5557 -18.244444999999999 -44.959397000000003
 5558 -18.244444999999999 -44.959397000000003
 5559 -18.244444999999999 -44.959397000000003
 5560 -18.718350999999998 -56.525517999999998
 5561 -18.718350999999998 -56.525517999999998
 5562 -18.718350999999998 -56.525517999999998
 5563 -18.718350999999998 -56.525517999999998
 5564 -18.718350999999998 -56.525517999999998
 5565 -18.718350999999998 -56.525517999999998
 5566 -18.718350999999998 -56.525517999999998
 5567 -18.718350999999998 -56.525517999999998
 5568 -18.718350999999998 -56.525517999999998
 5569 -18.718350999999998 -56.525517999999998
 5570 -18.718350999999998 -56.525517999999998
 5571 -18.718350999999998 -56.525517999999998
 5572 -18.718350999999998 -56.525517999999998
 5573 -18.718350999999998 -56.525517999999998
 5574 -18.718350999999998 -56.525517999999998
 5575 -18.718350999999998 -56.525517999999998
 5576 -18.718350999999998 -56.525517999999998
 5577 -18.718350999999998 -56.525517999999998
 5578 -18.718350999999998 -56.525517999999998
 5579 -18.718350999999998 -56.525517999999998
 5580 -18.718350999999998 -56.525517999999998
 5581 -18.718350999999998 -56.525517999999998
 5582 -18.718350999999998 -56.525517999999998
 5583 -18.718350999999998 -56.525517999999998
 5584 -18.718350999999998 -56.525517999999998
 5585 -18.718350999999998 -56.525517999999998
 5586 -18.718350999999998 -56.525517999999998
 5587 -18.718350999999998 -56.525517999999998
 5588 -18.718350999999998 -56.525517999999998
 5589 -18.718350999999998 -56.525517999999998
 5590 -18.718350999999998 -56.525517999999998
 5591 -18.718350999999998 -56.525517999999998
 5592 -18.718350999999998 -56.525517999999998
 5593 -18.718350999999998 -56.525517999999998
 5594 -18.718350999999998 -56.525517999999998
 5595 -18.718350999999998 -56.525517999999998
 5596 -18.718350999999998 -56.525517999999998
 5597 -18.718350999999998 -56.525517999999998
 5598 -18.718350999999998 -56.525517999999998
 5599 -18.718350999999998 -56.525517999999998
 5600 -18.718350999999998 -56.525517999999998
 5601 -18.718350999999998 -56.525517999999998
 5602 -18.718350999999998 -56.525517999999998
 5603 -18.718350999999998 -56.525517999999998
 5604 -18.718350999999998 -56.525517999999998
 5605 -18.718350999999998 -56.525517999999998
 5606 -18.718350999999998 -56.525517999999998
 5607 -18.718350999999998 -56.525517999999998
 5608 -18.718350999999998 -56.525517999999998
 5609 -18.718350999999998 -56.525517999999998
 5610 -18.718350999999998 -56.525517999999998
 5611 -18.718350999999998 -56.525517999999998
 5612 -18.718350999999998 -56.525517999999998
 5613 -18.718350999999998 -56.525517999999998
 5614 -18.718350999999998 -56.525517999999998
 5615 -18.718350999999998 -56.525517999999998
 5616 -18.718350999999998 -56.525517999999998
 5617 -18.718350999999998 -56.525517999999998
 5618 -18.718350999999998 -56.525517999999998
 5619 -18.718350999999998 -56.525517999999998
 5620          -15.604948          -56.158915
 5621          -14.294069 -56.290675999999998
 5622          -14.294069 -56.290675999999998
 5623          -14.294069 -56.290675999999998
 5624          -14.294069 -56.290675999999998
 5625          -14.294069 -56.290675999999998
 5626          -14.294069 -56.290675999999998
 5627          -14.294069 -56.290675999999998
 5628          -14.294069 -56.290675999999998
 5629          -14.294069 -56.290675999999998
 5630          -14.294069 -56.290675999999998
 5631          -14.294069 -56.290675999999998
 5632          -14.294069 -56.290675999999998
 5633          -14.294069 -56.290675999999998
 5634          -14.294069 -56.290675999999998
 5635          -14.294069 -56.290675999999998
 5636          -14.294069 -56.290675999999998
 5637          -14.294069 -56.290675999999998
 5638          -14.294069 -56.290675999999998
 5639          -14.294069 -56.290675999999998
 5640          -14.294069 -56.290675999999998
 5641          -14.294069 -56.290675999999998
 5642          -14.294069 -56.290675999999998
 5643          -14.294069 -56.290675999999998
 5644          -14.294069 -56.290675999999998
 5645          -14.294069 -56.290675999999998
 5646          -14.294069 -56.290675999999998
 5647          -14.294069 -56.290675999999998
 5648          -14.294069 -56.290675999999998
 5649          -14.294069 -56.290675999999998
 5650          -14.294069 -56.290675999999998
 5651          -14.294069 -56.290675999999998
 5652          -14.294069 -56.290675999999998
 5653          -14.294069 -56.290675999999998
 5654          -14.294069 -56.290675999999998
 5655          -14.294069 -56.290675999999998
 5656          -14.294069 -56.290675999999998
 5657          -14.294069 -56.290675999999998
 5658          -14.294069 -56.290675999999998
 5659          -14.294069 -56.290675999999998
 5660          -14.294069 -56.290675999999998
 5661          -14.294069 -56.290675999999998
 5662          -14.294069 -56.290675999999998
 5663          -14.294069 -56.290675999999998
 5664          -14.294069 -56.290675999999998
 5665          -14.294069 -56.290675999999998
 5666          -14.294069 -56.290675999999998
 5667          -14.294069 -56.290675999999998
 5668          -14.294069 -56.290675999999998
 5669          -14.294069 -56.290675999999998
 5670          -14.294069 -56.290675999999998
 5671          -14.294069 -56.290675999999998
 5672          -14.294069 -56.290675999999998
 5673          -14.294069 -56.290675999999998
 5674          -14.294069 -56.290675999999998
 5675          -14.294069 -56.290675999999998
 5676          -14.294069 -56.290675999999998
 5677          -14.294069 -56.290675999999998
 5678          -14.294069 -56.290675999999998
 5679          -14.294069 -56.290675999999998
 5680          -14.294069 -56.290675999999998
 5681          -14.294069 -56.290675999999998
 5682          -14.294069 -56.290675999999998
 5683          -14.294069 -56.290675999999998
 5684          -14.294069 -56.290675999999998
 5685          -14.294069 -56.290675999999998
 5686          -14.294069 -56.290675999999998
 5687          -14.294069 -56.290675999999998
 5688          -14.294069 -56.290675999999998
 5689          -14.294069 -56.290675999999998
 5690          -14.294069 -56.290675999999998
 5691          -14.294069 -56.290675999999998
 5692          -14.294069 -56.290675999999998
 5693          -14.294069 -56.290675999999998
 5694          -14.294069 -56.290675999999998
 5695          -14.294069 -56.290675999999998
 5696          -14.294069 -56.290675999999998
 5697          -14.294069 -56.290675999999998
 5698          -14.294069 -56.290675999999998
 5699          -14.294069 -56.290675999999998
 5700          -14.294069 -56.290675999999998
 5982 -22.873176999999998 -43.080089000000001
 5983 -22.584630000000001          -42.980449
 5984 -22.584630000000001          -42.980449
 5985 -22.584630000000001          -42.980449
 5986 -22.584630000000001          -42.980449
 5987 -22.584630000000001          -42.980449
 5988 -22.584630000000001          -42.980449
 5989 -22.584630000000001          -42.980449
 5990 -22.584630000000001          -42.980449
 5991 -22.584630000000001          -42.980449
 5992 -22.584630000000001          -42.980449
 5993 -22.584630000000001          -42.980449
 5994 -22.584630000000001          -42.980449
 5995 -22.584630000000001          -42.980449
 5996 -22.584630000000001          -42.980449
 5997 -22.584630000000001          -42.980449
 5998 -22.584630000000001          -42.980449
 5999 -22.584630000000001          -42.980449
 6000 -22.584630000000001          -42.980449
 6001 -22.584630000000001          -42.980449
 6002 -22.584630000000001          -42.980449
 6003 -22.584630000000001          -42.980449
 6004 -22.584630000000001          -42.980449
 6005 -22.584630000000001          -42.980449
 6006 -22.584630000000001          -42.980449
 6007 -22.584630000000001          -42.980449
 6008 -22.584630000000001          -42.980449
 6009 -22.584630000000001          -42.980449
 6010 -22.584630000000001          -42.980449
 6011 -22.584630000000001          -42.980449
 6012 -22.584630000000001          -42.980449
 6013 -22.584630000000001          -42.980449
 6014 -22.584630000000001          -42.980449
 6015 -22.584630000000001          -42.980449
 6016 -22.584630000000001          -42.980449
 6017 -22.584630000000001          -42.980449
 6018 -22.584630000000001          -42.980449
 6019 -22.584630000000001          -42.980449
 6020 -22.584630000000001          -42.980449
 6021 -22.584630000000001          -42.980449
 6022 -22.584630000000001          -42.980449
 6023 -22.584630000000001          -42.980449
 6024 -22.584630000000001          -42.980449
 6025 -22.584630000000001          -42.980449
 6026 -22.584630000000001          -42.980449
 6027 -22.584630000000001          -42.980449
 6028 -22.584630000000001          -42.980449
 6029 -22.584630000000001          -42.980449
 6030 -22.584630000000001          -42.980449
 6031 -22.584630000000001          -42.980449
 6032 -22.584630000000001          -42.980449
 6033 -22.584630000000001          -42.980449
 6034 -22.584630000000001          -42.980449
 6035 -22.584630000000001          -42.980449
 6036 -22.584630000000001          -42.980449
 6037 -22.584630000000001          -42.980449
 6038 -22.584630000000001          -42.980449
 6039 -22.584630000000001          -42.980449
 6040 -22.584630000000001          -42.980449
 6041 -22.584630000000001          -42.980449
 6042 -22.584630000000001          -42.980449
 6043 -22.584630000000001          -42.980449
 6044 -22.584630000000001          -42.980449
 6045 -22.584630000000001          -42.980449
 6046 -22.584630000000001          -42.980449
 6047 -22.584630000000001          -42.980449
 6048 -22.584630000000001          -42.980449
 6049 -22.584630000000001          -42.980449
 6050 -22.584630000000001          -42.980449
 6051 -22.584630000000001          -42.980449
 6052 -22.584630000000001          -42.980449
 6053 -22.584630000000001          -42.980449
 6054 -22.584630000000001          -42.980449
 6055 -22.584630000000001          -42.980449
 6056 -22.920304000000002 -43.230542999999997
 6057 -22.584630000000001          -42.980449
 6058 -22.584630000000001          -42.980449
 6059 -22.584630000000001          -42.980449
 6060 -22.584630000000001          -42.980449
 6061 -22.584630000000001          -42.980449
 6062 -22.584630000000001          -42.980449
 6063 -22.584630000000001          -42.980449
 6064 -22.584630000000001          -42.980449
 6065 -22.584630000000001          -42.980449
 6066 -22.584630000000001          -42.980449
 6067 -22.584630000000001          -42.980449
 6068 -22.584630000000001          -42.980449
 6069 -22.584630000000001          -42.980449
 6070 -22.584630000000001          -42.980449
 6071 -22.584630000000001          -42.980449
 6072 -22.584630000000001          -42.980449
 6073 -22.584630000000001          -42.980449
 6074 -22.584630000000001          -42.980449
 6075 -22.584630000000001          -42.980449
 6076 -22.584630000000001          -42.980449
 6077 -22.584630000000001          -42.980449
 6078 -22.584630000000001          -42.980449
 6079 -22.584630000000001          -42.980449
 6080 -22.584630000000001          -42.980449
 6081 -22.584630000000001          -42.980449
 6082 -22.584630000000001          -42.980449
 6083 -22.584630000000001          -42.980449
 6084 -22.584630000000001          -42.980449
 6085 -22.584630000000001          -42.980449
 6086 -22.584630000000001          -42.980449
 6087 -22.584630000000001          -42.980449
 6088 -22.584630000000001          -42.980449
 6089 -22.584630000000001          -42.980449
 6090 -22.584630000000001          -42.980449
 6091 -22.584630000000001          -42.980449
 6092 -22.584630000000001          -42.980449
 6093 -22.584630000000001          -42.980449
 6094 -22.584630000000001          -42.980449
 6095 -22.584630000000001          -42.980449
 6096 -22.584630000000001          -42.980449
 6097 -22.584630000000001          -42.980449
 6098 -22.584630000000001          -42.980449
 6099 -22.584630000000001          -42.980449
 6100 -22.584630000000001          -42.980449
 6101 -22.584630000000001          -42.980449
 6102 -22.584630000000001          -42.980449
 6103 -22.584630000000001          -42.980449
 6104 -22.584630000000001          -42.980449
 6105 -22.584630000000001          -42.980449
 6106 -22.584630000000001          -42.980449
 6107 -22.584630000000001          -42.980449
 6108 -22.584630000000001          -42.980449
 6109 -22.584630000000001          -42.980449
 6110 -22.584630000000001          -42.980449
 6111 -22.584630000000001          -42.980449
 6112 -22.584630000000001          -42.980449
 6113 -22.584630000000001          -42.980449
 6114 -22.584630000000001          -42.980449
 6115 -22.584630000000001          -42.980449
 6116 -22.584630000000001          -42.980449
 6117 -22.584630000000001          -42.980449
 6118 -22.584630000000001          -42.980449
 6119 -22.584630000000001          -42.980449
 6120 -22.584630000000001          -42.980449
 6121 -22.584630000000001          -42.980449
 6122 -22.584630000000001          -42.980449
 6123 -22.584630000000001          -42.980449
 6124 -22.584630000000001          -42.980449
 6125 -22.584630000000001          -42.980449
 6126 -22.584630000000001          -42.980449
 6127 -22.584630000000001          -42.980449
 6128 -22.584630000000001          -42.980449
 6129 -22.584630000000001          -42.980449
 6130 -22.584630000000001          -42.980449
 6131 -22.584630000000001          -42.980449
 6132 -22.584630000000001          -42.980449
 6133 -22.584630000000001          -42.980449
 6134 -22.584630000000001          -42.980449
 6135 -22.584630000000001          -42.980449
 6136 -22.584630000000001          -42.980449
 6137 -22.584630000000001          -42.980449
 6138 -22.584630000000001          -42.980449
 6139 -22.584630000000001          -42.980449
 6140 -22.584630000000001          -42.980449
 6141 -22.584630000000001          -42.980449
 6142 -22.584630000000001          -42.980449
 6143 -22.584630000000001          -42.980449
 6144 -22.584630000000001          -42.980449
 6145 -22.584630000000001          -42.980449
 6146 -22.584630000000001          -42.980449
 6147 -22.584630000000001          -42.980449
 6148 -22.584630000000001          -42.980449
 6621 -23.468616999999998          -46.532477
 6622 -22.666142000000001 -47.701456999999998
 6623 -22.666142000000001 -47.701456999999998
 6624 -22.666142000000001 -47.701456999999998
 6625 -22.666142000000001 -47.701456999999998
 6626 -22.666142000000001 -47.701456999999998
 6627 -22.666142000000001 -47.701456999999998
 6628 -22.666142000000001 -47.701456999999998
 6629 -22.666142000000001 -47.701456999999998
 6630 -23.007936999999998 -49.865982000000002
 6631 -22.666142000000001 -47.701456999999998
 6632 -22.666142000000001 -47.701456999999998
 6633 -22.666142000000001 -47.701456999999998
 6634 -22.666142000000001 -47.701456999999998
 6635 -22.666142000000001 -47.701456999999998
 6636 -22.666142000000001 -47.701456999999998
 6637 -22.666142000000001 -47.701456999999998
 6638 -22.666142000000001 -47.701456999999998
 6639 -22.666142000000001 -47.701456999999998
 6640 -22.666142000000001 -47.701456999999998
 6641 -22.666142000000001 -47.701456999999998
 6642 -22.666142000000001 -47.701456999999998
 6643 -22.666142000000001 -47.701456999999998
 6644 -22.666142000000001 -47.701456999999998
 6645 -22.666142000000001 -47.701456999999998
 6646 -22.937045999999999           -47.07676
 6647 -22.666142000000001 -47.701456999999998
 6648 -22.666142000000001 -47.701456999999998
 6649 -22.666142000000001 -47.701456999999998
 6650 -22.666142000000001 -47.701456999999998
 6651 -22.666142000000001 -47.701456999999998
 6652 -22.666142000000001 -47.701456999999998
 6653 -22.666142000000001 -47.701456999999998
 6654 -22.666142000000001 -47.701456999999998
 6655 -22.666142000000001 -47.701456999999998
 6656 -22.666142000000001 -47.701456999999998
 6657 -22.666142000000001 -47.701456999999998
 6658 -22.666142000000001 -47.701456999999998
 6659 -22.666142000000001 -47.701456999999998
 6660 -22.666142000000001 -47.701456999999998
 6661 -22.666142000000001 -47.701456999999998
 6662 -22.666142000000001 -47.701456999999998
 6663 -22.666142000000001 -47.701456999999998
 6664 -22.666142000000001 -47.701456999999998
 6665 -22.666142000000001 -47.701456999999998
 6666 -22.666142000000001 -47.701456999999998
 6667 -22.666142000000001 -47.701456999999998
 6668 -22.666142000000001 -47.701456999999998
 6669 -22.666142000000001 -47.701456999999998
 6670 -22.666142000000001 -47.701456999999998
 6671 -22.666142000000001 -47.701456999999998
 6672 -22.666142000000001 -47.701456999999998
 6673 -22.666142000000001 -47.701456999999998
 6674 -22.666142000000001 -47.701456999999998
 6675 -22.666142000000001 -47.701456999999998
 6676 -22.666142000000001 -47.701456999999998
 6677 -22.666142000000001 -47.701456999999998
 6678 -22.666142000000001 -47.701456999999998
 6679 -22.666142000000001 -47.701456999999998
 6680 -22.666142000000001 -47.701456999999998
 6681 -22.666142000000001 -47.701456999999998
 6682 -22.666142000000001 -47.701456999999998
 6683 -22.666142000000001 -47.701456999999998
 6684 -22.666142000000001 -47.701456999999998
 6685 -22.666142000000001 -47.701456999999998
 6686 -22.666142000000001 -47.701456999999998
 6687 -22.666142000000001 -47.701456999999998
 6688 -22.666142000000001 -47.701456999999998
 6689 -22.666142000000001 -47.701456999999998
 6690 -22.666142000000001 -47.701456999999998
 6691 -22.666142000000001 -47.701456999999998
 6692 -22.666142000000001 -47.701456999999998
 6693 -22.666142000000001 -47.701456999999998
 6694 -22.666142000000001 -47.701456999999998
 6695 -22.666142000000001 -47.701456999999998
 6696 -22.666142000000001 -47.701456999999998
 6697 -22.666142000000001 -47.701456999999998
 6698 -22.666142000000001 -47.701456999999998
 6699 -22.666142000000001 -47.701456999999998
 6700 -22.666142000000001 -47.701456999999998
 6701 -22.666142000000001 -47.701456999999998
 6702 -22.666142000000001 -47.701456999999998
 6703 -22.666142000000001 -47.701456999999998
 6704 -22.666142000000001 -47.701456999999998
 6705 -22.666142000000001 -47.701456999999998
 6706 -22.666142000000001 -47.701456999999998
 6707 -22.666142000000001 -47.701456999999998
 6708 -22.666142000000001 -47.701456999999998
 6709 -22.666142000000001 -47.701456999999998
 6710 -22.666142000000001 -47.701456999999998
 6711 -22.666142000000001 -47.701456999999998
 6712 -22.666142000000001 -47.701456999999998
 6713 -22.666142000000001 -47.701456999999998
 6714 -22.666142000000001 -47.701456999999998
 6715 -22.666142000000001 -47.701456999999998
 6716 -22.666142000000001 -47.701456999999998
 6717 -22.666142000000001 -47.701456999999998
 6718 -22.666142000000001 -47.701456999999998
 6719 -22.666142000000001 -47.701456999999998
 6720 -22.666142000000001 -47.701456999999998
 6721 -22.666142000000001 -47.701456999999998
 6722 -22.666142000000001 -47.701456999999998
 6723 -22.666142000000001 -47.701456999999998
 6724 -22.666142000000001 -47.701456999999998
 6725 -22.666142000000001 -47.701456999999998
 6726 -22.666142000000001 -47.701456999999998
 6727 -22.666142000000001 -47.701456999999998
 6728 -22.666142000000001 -47.701456999999998
 6729 -22.666142000000001 -47.701456999999998
 6730 -22.666142000000001 -47.701456999999998
 6731 -22.666142000000001 -47.701456999999998
 6732 -22.666142000000001 -47.701456999999998
 6733 -22.666142000000001 -47.701456999999998
 6734 -22.666142000000001 -47.701456999999998
 6735 -22.666142000000001 -47.701456999999998
 6736 -22.666142000000001 -47.701456999999998
 6737 -22.666142000000001 -47.701456999999998
 6738 -22.666142000000001 -47.701456999999998
 6739 -22.666142000000001 -47.701456999999998
 6740 -22.666142000000001 -47.701456999999998
 6741 -22.666142000000001 -47.701456999999998
 6742 -22.666142000000001 -47.701456999999998
 6743 -22.666142000000001 -47.701456999999998
 6744 -22.666142000000001 -47.701456999999998
 6745 -22.666142000000001 -47.701456999999998
 6746 -22.666142000000001 -47.701456999999998
 6747 -22.666142000000001 -47.701456999999998
 6748 -22.666142000000001 -47.701456999999998
 6749 -22.666142000000001 -47.701456999999998
 6750 -22.666142000000001 -47.701456999999998
 6751 -22.666142000000001 -47.701456999999998
 6752 -22.666142000000001 -47.701456999999998
 6753 -22.666142000000001 -47.701456999999998
 6754 -22.666142000000001 -47.701456999999998
 6755 -22.666142000000001 -47.701456999999998
 6756 -22.666142000000001 -47.701456999999998
 6757 -22.666142000000001 -47.701456999999998
 6758 -22.666142000000001 -47.701456999999998
 6759 -22.666142000000001 -47.701456999999998
 6760 -22.666142000000001 -47.701456999999998
 6761 -22.666142000000001 -47.701456999999998
 6762 -22.666142000000001 -47.701456999999998
 6763 -22.666142000000001 -47.701456999999998
 6764 -22.666142000000001 -47.701456999999998
 6765 -22.666142000000001 -47.701456999999998
 6766 -22.666142000000001 -47.701456999999998
 6767 -22.666142000000001 -47.701456999999998
 6768 -22.666142000000001 -47.701456999999998
 6769 -22.666142000000001 -47.701456999999998
 6770 -22.666142000000001 -47.701456999999998
 6771 -22.666142000000001 -47.701456999999998
 6772 -22.666142000000001 -47.701456999999998
 6773 -22.666142000000001 -47.701456999999998
 6774 -22.666142000000001 -47.701456999999998
 6775 -22.666142000000001 -47.701456999999998
 6776 -22.666142000000001 -47.701456999999998
 6777 -22.666142000000001 -47.701456999999998
 6778 -22.666142000000001 -47.701456999999998
 6779 -22.666142000000001 -47.701456999999998
 6780 -22.666142000000001 -47.701456999999998
 6781 -22.666142000000001 -47.701456999999998
 6782 -22.666142000000001 -47.701456999999998
 6783 -22.666142000000001 -47.701456999999998
 6784 -22.666142000000001 -47.701456999999998
 6785 -22.666142000000001 -47.701456999999998
 6786 -22.666142000000001 -47.701456999999998
 6787 -22.666142000000001 -47.701456999999998
 6788 -22.666142000000001 -47.701456999999998
 6789 -22.666142000000001 -47.701456999999998
 6790 -22.666142000000001 -47.701456999999998
 6791 -22.666142000000001 -47.701456999999998
 6792 -22.666142000000001 -47.701456999999998
 6793 -22.666142000000001 -47.701456999999998
 6794 -22.666142000000001 -47.701456999999998
 6795 -22.666142000000001 -47.701456999999998
 6796 -22.666142000000001 -47.701456999999998
 6797 -22.666142000000001 -47.701456999999998
 6798 -22.666142000000001 -47.701456999999998
 6799 -22.666142000000001 -47.701456999999998
 6800 -22.666142000000001 -47.701456999999998
 6801 -22.666142000000001 -47.701456999999998
 6802 -22.666142000000001 -47.701456999999998
 6803 -22.666142000000001 -47.701456999999998
 6804 -22.666142000000001 -47.701456999999998
 6805 -22.666142000000001 -47.701456999999998
 6806 -22.666142000000001 -47.701456999999998
 6807 -22.666142000000001 -47.701456999999998
 6808 -22.666142000000001 -47.701456999999998
 6809 -22.666142000000001 -47.701456999999998
 6810 -22.666142000000001 -47.701456999999998
 6811 -22.666142000000001 -47.701456999999998
 6812 -22.666142000000001 -47.701456999999998
 6813 -22.666142000000001 -47.701456999999998
 6814 -22.666142000000001 -47.701456999999998
 6815 -22.666142000000001 -47.701456999999998
 6816 -22.666142000000001 -47.701456999999998
 6817 -22.666142000000001 -47.701456999999998
 6818 -22.666142000000001 -47.701456999999998
 6819 -22.666142000000001 -47.701456999999998
 6820 -22.666142000000001 -47.701456999999998
 6821 -22.666142000000001 -47.701456999999998
 6822 -22.666142000000001 -47.701456999999998
 6823 -22.666142000000001 -47.701456999999998
 6824 -22.666142000000001 -47.701456999999998
 6825 -22.666142000000001 -47.701456999999998
 6826 -22.666142000000001 -47.701456999999998
 6827 -22.666142000000001 -47.701456999999998
 6828 -22.666142000000001 -47.701456999999998
 6829 -22.666142000000001 -47.701456999999998
 6830 -22.666142000000001 -47.701456999999998
 6831 -22.666142000000001 -47.701456999999998
 6832 -22.666142000000001 -47.701456999999998
 6833 -22.666142000000001 -47.701456999999998
 6834 -22.666142000000001 -47.701456999999998
 6835 -22.666142000000001 -47.701456999999998
 6836 -22.666142000000001 -47.701456999999998
 6837 -22.666142000000001 -47.701456999999998
 6838 -22.666142000000001 -47.701456999999998
 6839 -22.666142000000001 -47.701456999999998
 6840 -22.666142000000001 -47.701456999999998
 6841 -22.666142000000001 -47.701456999999998
 6842 -22.666142000000001 -47.701456999999998
 6843 -22.666142000000001 -47.701456999999998
 6844 -22.666142000000001 -47.701456999999998
 6845 -22.666142000000001 -47.701456999999998
 6846 -23.532589000000002 -47.471553999999998
 6847 -22.666142000000001 -47.701456999999998
 6848 -22.666142000000001 -47.701456999999998
 6849 -22.666142000000001 -47.701456999999998
 6850 -22.666142000000001 -47.701456999999998
 6851 -22.666142000000001 -47.701456999999998
 6852 -22.666142000000001 -47.701456999999998
 6853 -22.666142000000001 -47.701456999999998
 6854 -22.666142000000001 -47.701456999999998
 6855 -22.666142000000001 -47.701456999999998
 6856 -22.666142000000001 -47.701456999999998
 6857 -22.666142000000001 -47.701456999999998
 6858 -22.666142000000001 -47.701456999999998
 6859 -22.666142000000001 -47.701456999999998
 6860 -22.666142000000001 -47.701456999999998
 6861 -22.666142000000001 -47.701456999999998
 6862 -22.666142000000001 -47.701456999999998
 6863 -22.666142000000001 -47.701456999999998
 6864 -22.666142000000001 -47.701456999999998
 6865 -22.666142000000001 -47.701456999999998
 6866 -22.666142000000001 -47.701456999999998
 6867 -22.666142000000001 -47.701456999999998
 6868 -22.666142000000001 -47.701456999999998
 6869 -22.666142000000001 -47.701456999999998
 6870 -22.666142000000001 -47.701456999999998
 6871 -22.666142000000001 -47.701456999999998
 6872 -22.666142000000001 -47.701456999999998
 6873 -22.666142000000001 -47.701456999999998
 6874 -22.666142000000001 -47.701456999999998
 6875 -22.666142000000001 -47.701456999999998
 6876 -22.666142000000001 -47.701456999999998
 6877 -22.666142000000001 -47.701456999999998
 6878 -22.666142000000001 -47.701456999999998
 6879 -22.666142000000001 -47.701456999999998
 6880 -22.666142000000001 -47.701456999999998
 6881 -22.666142000000001 -47.701456999999998
 6882 -22.666142000000001 -47.701456999999998
 6883 -22.666142000000001 -47.701456999999998
 6884 -22.666142000000001 -47.701456999999998
 6885 -22.666142000000001 -47.701456999999998
 6886 -22.666142000000001 -47.701456999999998
 6887 -22.666142000000001 -47.701456999999998
 6888 -22.666142000000001 -47.701456999999998
 6889 -22.666142000000001 -47.701456999999998
 6890 -22.666142000000001 -47.701456999999998
 6891 -22.666142000000001 -47.701456999999998
 6892 -22.666142000000001 -47.701456999999998
 6893 -22.666142000000001 -47.701456999999998
 6894 -22.666142000000001 -47.701456999999998
 6895 -22.666142000000001 -47.701456999999998
 6896 -22.666142000000001 -47.701456999999998
 6897 -22.666142000000001 -47.701456999999998
 6898 -22.666142000000001 -47.701456999999998
 6899 -20.774090999999999          -51.716766
 6900 -22.666142000000001 -47.701456999999998
 6901 -22.666142000000001 -47.701456999999998
 6902 -22.666142000000001 -47.701456999999998
 6903 -22.666142000000001 -47.701456999999998
 6904 -22.666142000000001 -47.701456999999998
 6905 -22.666142000000001 -47.701456999999998
 6906 -22.666142000000001 -47.701456999999998
 6907 -22.666142000000001 -47.701456999999998
 6908 -22.666142000000001 -47.701456999999998
 6909 -22.666142000000001 -47.701456999999998
 6910 -22.666142000000001 -47.701456999999998
 6911 -22.666142000000001 -47.701456999999998
 6912 -22.666142000000001 -47.701456999999998
 6913 -22.666142000000001 -47.701456999999998
 6914 -22.666142000000001 -47.701456999999998
 6915 -22.666142000000001 -47.701456999999998
 6916 -22.666142000000001 -47.701456999999998
 6917 -22.666142000000001 -47.701456999999998
 6918 -22.666142000000001 -47.701456999999998
 6919 -22.666142000000001 -47.701456999999998
 6920 -22.666142000000001 -47.701456999999998
 6921 -22.666142000000001 -47.701456999999998
 6922 -22.666142000000001 -47.701456999999998
 6923 -22.666142000000001 -47.701456999999998
 6924 -22.666142000000001 -47.701456999999998
 6925 -22.666142000000001 -47.701456999999998
 6926 -22.666142000000001 -47.701456999999998
 6927 -22.666142000000001 -47.701456999999998
 6928 -22.666142000000001 -47.701456999999998
 6929 -22.666142000000001 -47.701456999999998
 6930 -22.666142000000001 -47.701456999999998
 6931 -22.666142000000001 -47.701456999999998
 6932 -22.666142000000001 -47.701456999999998
 6933 -22.666142000000001 -47.701456999999998
 6934 -22.666142000000001 -47.701456999999998
 6935 -22.666142000000001 -47.701456999999998
 6936 -22.666142000000001 -47.701456999999998
 6937 -22.666142000000001 -47.701456999999998
 6938 -22.666142000000001 -47.701456999999998
 6939 -22.666142000000001 -47.701456999999998
 6940 -22.666142000000001 -47.701456999999998
 6941 -22.666142000000001 -47.701456999999998
 6942 -22.666142000000001 -47.701456999999998
 6943 -22.666142000000001 -47.701456999999998
 6944 -22.666142000000001 -47.701456999999998
 6945 -22.666142000000001 -47.701456999999998
 6946 -22.666142000000001 -47.701456999999998
 6947 -22.666142000000001 -47.701456999999998
 6948 -22.666142000000001 -47.701456999999998
 6949 -22.666142000000001 -47.701456999999998
 6950 -22.666142000000001 -47.701456999999998
 6951 -22.666142000000001 -47.701456999999998
 6952 -22.666142000000001 -47.701456999999998
 6953 -22.666142000000001 -47.701456999999998
 6954 -22.666142000000001 -47.701456999999998
 6955 -22.666142000000001 -47.701456999999998
 6956 -22.666142000000001 -47.701456999999998
 6957 -22.666142000000001 -47.701456999999998
 6958 -22.666142000000001 -47.701456999999998
 6959 -22.666142000000001 -47.701456999999998
 6960 -22.666142000000001 -47.701456999999998
 6961 -22.666142000000001 -47.701456999999998
 6962 -22.666142000000001 -47.701456999999998
 6963 -22.666142000000001 -47.701456999999998
 6964 -22.666142000000001 -47.701456999999998
 6965 -22.666142000000001 -47.701456999999998
 6966 -22.666142000000001 -47.701456999999998
 6967 -22.666142000000001 -47.701456999999998
 6968 -22.666142000000001 -47.701456999999998
 6969 -22.666142000000001 -47.701456999999998
 6970 -22.666142000000001 -47.701456999999998
 6971 -22.666142000000001 -47.701456999999998
 6972 -22.666142000000001 -47.701456999999998
 6973 -22.666142000000001 -47.701456999999998
 6974 -22.666142000000001 -47.701456999999998
 6975 -22.666142000000001 -47.701456999999998
 6976 -22.666142000000001 -47.701456999999998
 6977 -22.666142000000001 -47.701456999999998
 6978 -22.666142000000001 -47.701456999999998
 6979 -22.666142000000001 -47.701456999999998
 6980 -22.666142000000001 -47.701456999999998
 6981 -22.666142000000001 -47.701456999999998
 6982 -22.666142000000001 -47.701456999999998
 6983 -22.666142000000001 -47.701456999999998
 6984 -22.666142000000001 -47.701456999999998
 6985 -22.666142000000001 -47.701456999999998
 6986 -22.666142000000001 -47.701456999999998
 6987 -22.666142000000001 -47.701456999999998
 6988 -22.666142000000001 -47.701456999999998
 6989 -22.666142000000001 -47.701456999999998
 6990 -22.666142000000001 -47.701456999999998
 6991 -22.666142000000001 -47.701456999999998
 6992 -22.666142000000001 -47.701456999999998
 6993 -22.666142000000001 -47.701456999999998
 6994 -22.666142000000001 -47.701456999999998
 6995 -22.666142000000001 -47.701456999999998
 6996 -22.666142000000001 -47.701456999999998
 6997 -22.666142000000001 -47.701456999999998
 6998 -22.666142000000001 -47.701456999999998
 6999 -22.666142000000001 -47.701456999999998
 7000 -22.666142000000001 -47.701456999999998
 7001 -22.666142000000001 -47.701456999999998
 7002 -22.666142000000001 -47.701456999999998
 7003 -22.666142000000001 -47.701456999999998
 7004 -22.666142000000001 -47.701456999999998
 7005 -22.666142000000001 -47.701456999999998
 7006 -22.666142000000001 -47.701456999999998
 7007 -22.666142000000001 -47.701456999999998
 7008 -22.666142000000001 -47.701456999999998
 7009 -22.666142000000001 -47.701456999999998
 7010 -22.666142000000001 -47.701456999999998
 7011 -22.666142000000001 -47.701456999999998
 7012 -22.666142000000001 -47.701456999999998
 7013 -22.666142000000001 -47.701456999999998
 7014 -22.666142000000001 -47.701456999999998
 7015 -22.666142000000001 -47.701456999999998
 7016 -22.666142000000001 -47.701456999999998
 7017 -22.666142000000001 -47.701456999999998
 7018 -22.666142000000001 -47.701456999999998
 7019 -22.666142000000001 -47.701456999999998
 7020 -22.666142000000001 -47.701456999999998
 7021 -22.666142000000001 -47.701456999999998
 7022 -22.666142000000001 -47.701456999999998
 7023 -22.666142000000001 -47.701456999999998
 7024 -22.666142000000001 -47.701456999999998
 7025 -22.666142000000001 -47.701456999999998
 7026 -22.666142000000001 -47.701456999999998
 7027 -22.666142000000001 -47.701456999999998
 7028 -22.666142000000001 -47.701456999999998
 7029 -22.666142000000001 -47.701456999999998
 7030 -22.666142000000001 -47.701456999999998
 7031 -22.666142000000001 -47.701456999999998
 7032 -22.666142000000001 -47.701456999999998
 7033 -22.666142000000001 -47.701456999999998
 7034 -22.666142000000001 -47.701456999999998
 7035 -22.666142000000001 -47.701456999999998
 7036 -22.666142000000001 -47.701456999999998
 7037 -22.666142000000001 -47.701456999999998
 7038 -22.666142000000001 -47.701456999999998
 7039 -22.666142000000001 -47.701456999999998
 7040 -22.666142000000001 -47.701456999999998
 7041 -22.666142000000001 -47.701456999999998
 7042 -22.666142000000001 -47.701456999999998
 7043 -22.666142000000001 -47.701456999999998
 7044 -22.666142000000001 -47.701456999999998
 7045 -22.666142000000001 -47.701456999999998
 7046 -22.666142000000001 -47.701456999999998
 7047 -22.666142000000001 -47.701456999999998
 7048 -22.666142000000001 -47.701456999999998
 7049 -22.666142000000001 -47.701456999999998
 7050 -22.666142000000001 -47.701456999999998
 7051 -22.666142000000001 -47.701456999999998
 7052 -22.666142000000001 -47.701456999999998
 7053 -22.666142000000001 -47.701456999999998
 7054 -22.666142000000001 -47.701456999999998
 7055 -22.666142000000001 -47.701456999999998
 7056 -22.666142000000001 -47.701456999999998
 7057 -22.666142000000001 -47.701456999999998
 7058 -22.666142000000001 -47.701456999999998
 7059 -22.666142000000001 -47.701456999999998
 7060 -22.666142000000001 -47.701456999999998
 7061 -22.666142000000001 -47.701456999999998
 7062 -22.666142000000001 -47.701456999999998
 7063 -22.666142000000001 -47.701456999999998
 7064 -22.666142000000001 -47.701456999999998
 7065 -22.666142000000001 -47.701456999999998
 7066 -22.666142000000001 -47.701456999999998
 7067 -22.666142000000001 -47.701456999999998
 7068 -22.666142000000001 -47.701456999999998
 7069 -22.666142000000001 -47.701456999999998
 7070 -22.666142000000001 -47.701456999999998
 7071 -22.666142000000001 -47.701456999999998
 7072 -22.666142000000001 -47.701456999999998
 7073 -22.666142000000001 -47.701456999999998
 7074 -22.666142000000001 -47.701456999999998
 7075 -22.666142000000001 -47.701456999999998
 7076 -22.666142000000001 -47.701456999999998
 7077 -22.666142000000001 -47.701456999999998
 7078 -22.666142000000001 -47.701456999999998
 7079 -22.666142000000001 -47.701456999999998
 7080 -22.666142000000001 -47.701456999999998
 7081 -22.666142000000001 -47.701456999999998
 7082 -22.666142000000001 -47.701456999999998
 7083 -22.666142000000001 -47.701456999999998
 7084 -22.666142000000001 -47.701456999999998
 7085 -22.666142000000001 -47.701456999999998
 7086 -22.666142000000001 -47.701456999999998
 7087 -22.666142000000001 -47.701456999999998
 7088 -22.666142000000001 -47.701456999999998
 7089 -22.666142000000001 -47.701456999999998
 7090 -22.666142000000001 -47.701456999999998
 7091 -22.666142000000001 -47.701456999999998
 7092 -22.666142000000001 -47.701456999999998
 7093 -22.666142000000001 -47.701456999999998
 7094 -22.666142000000001 -47.701456999999998
 7095 -22.666142000000001 -47.701456999999998
 7096 -22.666142000000001 -47.701456999999998
 7097 -22.666142000000001 -47.701456999999998
 7098 -22.666142000000001 -47.701456999999998
 7099 -22.666142000000001 -47.701456999999998
 7100 -22.666142000000001 -47.701456999999998
 7101 -22.666142000000001 -47.701456999999998
 7102 -23.529319999999998          -46.676682
 7103 -22.666142000000001 -47.701456999999998
 7104 -22.666142000000001 -47.701456999999998
 7105 -22.666142000000001 -47.701456999999998
 7106 -22.666142000000001 -47.701456999999998
 7107 -22.666142000000001 -47.701456999999998
 7108 -22.666142000000001 -47.701456999999998
 7109 -22.666142000000001 -47.701456999999998
 7110 -22.666142000000001 -47.701456999999998
 7111 -22.666142000000001 -47.701456999999998
 7112 -22.666142000000001 -47.701456999999998
 7113 -22.666142000000001 -47.701456999999998
 7114 -22.666142000000001 -47.701456999999998
 7115 -22.666142000000001 -47.701456999999998
 7116 -22.666142000000001 -47.701456999999998
 7117 -22.666142000000001 -47.701456999999998
 7118 -22.666142000000001 -47.701456999999998
 7119 -22.666142000000001 -47.701456999999998
 7120 -22.666142000000001 -47.701456999999998
 7121 -22.666142000000001 -47.701456999999998
 7122 -22.145820000000001 -51.409384000000003
 7123 -22.666142000000001 -47.701456999999998
 7124 -22.666142000000001 -47.701456999999998
 7125 -22.666142000000001 -47.701456999999998
 7126 -22.666142000000001 -47.701456999999998
 7127 -22.666142000000001 -47.701456999999998
 7128 -22.666142000000001 -47.701456999999998
 7129 -22.666142000000001 -47.701456999999998
 7130 -22.666142000000001 -47.701456999999998
 7131 -22.666142000000001 -47.701456999999998
 7132 -22.666142000000001 -47.701456999999998
 7133 -22.666142000000001 -47.701456999999998
 7134 -22.666142000000001 -47.701456999999998
 7135 -22.666142000000001 -47.701456999999998
 7136 -22.666142000000001 -47.701456999999998
 7137 -22.666142000000001 -47.701456999999998
 7138 -22.666142000000001 -47.701456999999998
 7139 -22.666142000000001 -47.701456999999998
 7140 -22.666142000000001 -47.701456999999998
 7141 -22.666142000000001 -47.701456999999998
 7142 -22.666142000000001 -47.701456999999998
 7143 -22.666142000000001 -47.701456999999998
 7144 -22.666142000000001 -47.701456999999998
 7145 -22.666142000000001 -47.701456999999998
 7146 -22.666142000000001 -47.701456999999998
 7147 -22.666142000000001 -47.701456999999998
 7265 -15.759639999999999 -47.869523999999998
 7266 -15.759639999999999 -47.869523999999998
 7267 -15.759639999999999 -47.869523999999998
 7268 -15.759639999999999 -47.869523999999998
 7269 -15.759639999999999 -47.869523999999998
 7270 -15.759639999999999 -47.869523999999998
 7271 -15.759639999999999 -47.869523999999998
 7272 -15.759639999999999 -47.869523999999998
 7273 -15.759639999999999 -47.869523999999998
 7274 -15.759639999999999 -47.869523999999998
 7275 -15.759639999999999 -47.869523999999998
 7276 -15.759639999999999 -47.869523999999998
 7277 -15.759639999999999 -47.869523999999998
 7278 -15.759639999999999 -47.869523999999998
 7279 -15.759639999999999 -47.869523999999998
 7280 -15.759639999999999 -47.869523999999998
 7281 -15.759639999999999 -47.869523999999998
 7282 -15.759639999999999 -47.869523999999998
 7283 -15.759639999999999 -47.869523999999998
 7284 -15.759639999999999 -47.869523999999998
 7285 -15.759639999999999 -47.869523999999998
 7286 -15.759639999999999 -47.869523999999998
 7287 -15.759639999999999 -47.869523999999998
 7288 -15.759639999999999 -47.869523999999998
 7289 -15.759639999999999 -47.869523999999998
 7290 -15.759639999999999 -47.869523999999998
 7291 -15.759639999999999 -47.869523999999998
 7292 -15.759639999999999 -47.869523999999998
 7293 -15.759639999999999 -47.869523999999998
 7294 -15.759639999999999 -47.869523999999998
 7295 -15.759639999999999 -47.869523999999998
 7296 -15.759639999999999 -47.869523999999998
 7297 -15.759639999999999 -47.869523999999998
 7298 -15.759639999999999 -47.869523999999998
 7299 -15.759639999999999 -47.869523999999998
 7300 -15.759639999999999 -47.869523999999998
 7301 -15.759639999999999 -47.869523999999998
 7302 -15.759639999999999 -47.869523999999998
 7303 -15.759639999999999 -47.869523999999998
 7304 -15.759639999999999 -47.869523999999998
 7305 -20.189658999999999 -40.639659000000002
 7306 -20.189658999999999 -40.639659000000002
 7307 -20.189658999999999 -40.639659000000002
 7308 -20.189658999999999 -40.639659000000002
 7309 -20.189658999999999 -40.639659000000002
 7310 -20.189658999999999 -40.639659000000002
 7311 -20.189658999999999 -40.639659000000002
 7312 -20.189658999999999 -40.639659000000002
 7313 -20.189658999999999 -40.639659000000002
 7314 -20.189658999999999 -40.639659000000002
 7315 -20.189658999999999 -40.639659000000002
 7316 -20.189658999999999 -40.639659000000002
 7317 -20.189658999999999 -40.639659000000002
 7318 -20.189658999999999 -40.639659000000002
 7319 -20.189658999999999 -40.639659000000002
 7320 -20.189658999999999 -40.639659000000002
 7321 -20.189658999999999 -40.639659000000002
 7322 -20.189658999999999 -40.639659000000002
 7323 -20.189658999999999 -40.639659000000002
 7324 -20.189658999999999 -40.639659000000002
 7325 -20.189658999999999 -40.639659000000002
 7326 -20.189658999999999 -40.639659000000002
 7327 -20.189658999999999 -40.639659000000002
 7328 -20.189658999999999 -40.639659000000002
 7329 -20.189658999999999 -40.639659000000002
 7330 -20.189658999999999 -40.639659000000002
 7331 -20.189658999999999 -40.639659000000002
 7332 -20.189658999999999 -40.639659000000002
 7333 -20.189658999999999 -40.639659000000002
 7334 -20.189658999999999 -40.639659000000002
 7335 -20.189658999999999 -40.639659000000002
 7336 -20.189658999999999 -40.639659000000002
 7337 -20.189658999999999 -40.639659000000002
 7338 -20.189658999999999 -40.639659000000002
 7339 -20.189658999999999 -40.639659000000002
 7340 -20.189658999999999 -40.639659000000002
 7341 -20.189658999999999 -40.639659000000002
 7342 -20.189658999999999 -40.639659000000002
 7343 -20.189658999999999 -40.639659000000002
 7344 -20.189658999999999 -40.639659000000002
 7345 -20.189658999999999 -40.639659000000002
 7346 -20.189658999999999 -40.639659000000002
 7347 -20.189658999999999 -40.639659000000002
 7348 -20.189658999999999 -40.639659000000002
 7349 -20.189658999999999 -40.639659000000002
 7350 -20.189658999999999 -40.639659000000002
 7351 -20.189658999999999 -40.639659000000002
 7352 -20.189658999999999 -40.639659000000002
 7353 -20.189658999999999 -40.639659000000002
 7354 -20.189658999999999 -40.639659000000002
 7355 -20.189658999999999 -40.639659000000002
 7356 -20.189658999999999 -40.639659000000002
 7357 -20.189658999999999 -40.639659000000002
 7358 -20.189658999999999 -40.639659000000002
 7359 -20.189658999999999 -40.639659000000002
 7360 -20.189658999999999 -40.639659000000002
 7361 -20.189658999999999 -40.639659000000002
 7362 -20.189658999999999 -40.639659000000002
 7363 -20.189658999999999 -40.639659000000002
 7364 -20.189658999999999 -40.639659000000002
 7365 -20.189658999999999 -40.639659000000002
 7366 -20.189658999999999 -40.639659000000002
 7367 -20.189658999999999 -40.639659000000002
 7368 -20.189658999999999 -40.639659000000002
 7369 -20.189658999999999 -40.639659000000002
 7370 -20.189658999999999 -40.639659000000002
 7371 -20.189658999999999 -40.639659000000002
 7372 -20.189658999999999 -40.639659000000002
 7373 -20.189658999999999 -40.639659000000002
 7374          -16.704328          -49.623134
 7375          -16.704328          -49.623134
 7376          -16.704328          -49.623134
 7377          -16.704328          -49.623134
 7378          -16.704328          -49.623134
 7379          -16.704328          -49.623134
 7380          -16.704328          -49.623134
 7381          -16.704328          -49.623134
 7382          -16.704328          -49.623134
 7383          -16.704328          -49.623134
 7384          -16.704328          -49.623134
 7385          -16.704328          -49.623134
 7386          -16.704328          -49.623134
 7387          -16.704328          -49.623134
 7388          -16.704328          -49.623134
 7389          -16.704328          -49.623134
 7390          -16.704328          -49.623134
 7391          -16.704328          -49.623134
 7392          -16.704328          -49.623134
 7393          -16.704328          -49.623134
 7394          -16.704328          -49.623134
 7395          -16.704328          -49.623134
 7396          -16.704328          -49.623134
 7397          -16.704328          -49.623134
 7398          -16.704328          -49.623134
 7399          -16.704328          -49.623134
 7400          -16.704328          -49.623134
 7401          -16.704328          -49.623134
 7402          -16.704328          -49.623134
 7403          -16.704328          -49.623134
 7404          -16.704328          -49.623134
 7405          -16.704328          -49.623134
 7406          -16.704328          -49.623134
 7407          -16.704328          -49.623134
 7408          -16.704328          -49.623134
 7409          -16.704328          -49.623134
 7410          -16.704328          -49.623134
 7411          -16.704328          -49.623134
 7412          -16.704328          -49.623134
 7413          -16.704328          -49.623134
 7414          -16.704328          -49.623134
 7415          -16.704328          -49.623134
 7416          -16.704328          -49.623134
 7417          -16.704328          -49.623134
 7418          -16.704328          -49.623134
 7419          -16.704328          -49.623134
 7420          -16.704328          -49.623134
 7421          -16.704328          -49.623134
 7422          -16.704328          -49.623134
 7423          -16.704328          -49.623134
 7424          -16.704328          -49.623134
 7425          -16.704328          -49.623134
 7426          -16.704328          -49.623134
 7427          -16.704328          -49.623134
 7428          -16.704328          -49.623134
 7429          -16.704328          -49.623134
 7430          -16.704328          -49.623134
 7431          -16.704328          -49.623134
 7432          -16.704328          -49.623134
 7433          -16.704328          -49.623134
 7434          -16.704328          -49.623134
 7435          -16.704328          -49.623134
 7436          -16.704328          -49.623134
 7437          -16.704328          -49.623134
 7438          -16.704328          -49.623134
 7439          -16.704328          -49.623134
 7440          -16.704328          -49.623134
 7441          -16.704328          -49.623134
 7442          -16.704328          -49.623134
 7443          -16.704328          -49.623134
 7444          -16.704328          -49.623134
 7445          -16.704328          -49.623134
 7446          -16.704328          -49.623134
 7447          -16.704328          -49.623134
 7448          -16.704328          -49.623134
 7449          -16.704328          -49.623134
 7450          -16.704328          -49.623134
 7451          -16.704328          -49.623134
 7452          -16.704328          -49.623134
 7453          -16.704328          -49.623134
 7454          -16.704328          -49.623134
 7455          -16.704328          -49.623134
 7456          -16.704328          -49.623134
 7457          -16.704328          -49.623134
 7458          -16.704328          -49.623134
 7459          -16.704328          -49.623134
 7460          -16.704328          -49.623134
 7461          -16.704328          -49.623134
 7462          -16.704328          -49.623134
 7463          -16.704328          -49.623134
 7464          -16.704328          -49.623134
 7465          -16.704328          -49.623134
 7466          -16.704328          -49.623134
 7467          -16.704328          -49.623134
 7468          -16.704328          -49.623134
 7469          -16.704328          -49.623134
 7496 -18.244444999999999 -44.959397000000003
 7497 -18.244444999999999 -44.959397000000003
 7498 -18.244444999999999 -44.959397000000003
 7499 -18.244444999999999 -44.959397000000003
 7500 -18.244444999999999 -44.959397000000003
 7501 -18.244444999999999 -44.959397000000003
 7502 -18.244444999999999 -44.959397000000003
 7503 -18.244444999999999 -44.959397000000003
 7504 -18.244444999999999 -44.959397000000003
 7505 -18.244444999999999 -44.959397000000003
 7506 -18.244444999999999 -44.959397000000003
 7507 -18.244444999999999 -44.959397000000003
 7508 -18.244444999999999 -44.959397000000003
 7509 -18.244444999999999 -44.959397000000003
 7510 -18.244444999999999 -44.959397000000003
 7511 -18.244444999999999 -44.959397000000003
 7512 -18.244444999999999 -44.959397000000003
 7513 -18.244444999999999 -44.959397000000003
 7514 -18.244444999999999 -44.959397000000003
 7515 -18.244444999999999 -44.959397000000003
 7516 -18.244444999999999 -44.959397000000003
 7517 -18.244444999999999 -44.959397000000003
 7518 -18.244444999999999 -44.959397000000003
 7519 -18.244444999999999 -44.959397000000003
 7520 -18.244444999999999 -44.959397000000003
 7521 -18.244444999999999 -44.959397000000003
 7522 -18.244444999999999 -44.959397000000003
 7523 -18.244444999999999 -44.959397000000003
 7524 -18.244444999999999 -44.959397000000003
 7525 -18.244444999999999 -44.959397000000003
 7526 -18.244444999999999 -44.959397000000003
 7527 -18.244444999999999 -44.959397000000003
 7528 -18.244444999999999 -44.959397000000003
 7529 -18.244444999999999 -44.959397000000003
 7530 -18.244444999999999 -44.959397000000003
 7531 -18.244444999999999 -44.959397000000003
 7532 -18.244444999999999 -44.959397000000003
 7533 -18.244444999999999 -44.959397000000003
 7534 -18.244444999999999 -44.959397000000003
 7535 -18.244444999999999 -44.959397000000003
 7536 -18.244444999999999 -44.959397000000003
 7537 -18.244444999999999 -44.959397000000003
 7538 -18.244444999999999 -44.959397000000003
 7539 -18.244444999999999 -44.959397000000003
 7540 -18.244444999999999 -44.959397000000003
 7541 -18.244444999999999 -44.959397000000003
 7542 -18.244444999999999 -44.959397000000003
 7543 -18.244444999999999 -44.959397000000003
 7544 -18.244444999999999 -44.959397000000003
 7545 -18.244444999999999 -44.959397000000003
 7546 -18.244444999999999 -44.959397000000003
 7547 -18.244444999999999 -44.959397000000003
 7548 -18.244444999999999 -44.959397000000003
 7549 -18.244444999999999 -44.959397000000003
 7550 -18.244444999999999 -44.959397000000003
 7551 -18.244444999999999 -44.959397000000003
 7552 -18.244444999999999 -44.959397000000003
 7553 -18.244444999999999 -44.959397000000003
 7554 -18.244444999999999 -44.959397000000003
 7555 -18.244444999999999 -44.959397000000003
 7556 -18.244444999999999 -44.959397000000003
 7557 -18.244444999999999 -44.959397000000003
 7558 -18.244444999999999 -44.959397000000003
 7559 -18.244444999999999 -44.959397000000003
 7560 -18.244444999999999 -44.959397000000003
 7561 -18.244444999999999 -44.959397000000003
 7562 -18.244444999999999 -44.959397000000003
 7563 -18.244444999999999 -44.959397000000003
 7564 -18.244444999999999 -44.959397000000003
 7565 -18.244444999999999 -44.959397000000003
 7566 -18.244444999999999 -44.959397000000003
 7567 -18.244444999999999 -44.959397000000003
 7568 -18.244444999999999 -44.959397000000003
 7569 -18.244444999999999 -44.959397000000003
 7570 -18.244444999999999 -44.959397000000003
 7571 -18.244444999999999 -44.959397000000003
 7572 -18.244444999999999 -44.959397000000003
 7573 -18.244444999999999 -44.959397000000003
 7574 -18.244444999999999 -44.959397000000003
 7575 -18.244444999999999 -44.959397000000003
 7576 -18.244444999999999 -44.959397000000003
 7577 -18.244444999999999 -44.959397000000003
 7578 -18.244444999999999 -44.959397000000003
 7579 -18.244444999999999 -44.959397000000003
 7580 -18.244444999999999 -44.959397000000003
 7581 -18.244444999999999 -44.959397000000003
 7582 -18.244444999999999 -44.959397000000003
 7583 -18.244444999999999 -44.959397000000003
 7584 -18.244444999999999 -44.959397000000003
 7585 -18.244444999999999 -44.959397000000003
 7586 -18.244444999999999 -44.959397000000003
 7587 -18.244444999999999 -44.959397000000003
 7588 -18.244444999999999 -44.959397000000003
 7589 -18.244444999999999 -44.959397000000003
 7590 -18.244444999999999 -44.959397000000003
 7591 -18.244444999999999 -44.959397000000003
 7592 -18.244444999999999 -44.959397000000003
 7593 -18.244444999999999 -44.959397000000003
 7594 -18.244444999999999 -44.959397000000003
 7595 -18.244444999999999 -44.959397000000003
 7596 -18.244444999999999 -44.959397000000003
 7597 -18.244444999999999 -44.959397000000003
 7598 -18.244444999999999 -44.959397000000003
 7599 -18.244444999999999 -44.959397000000003
 7600 -18.244444999999999 -44.959397000000003
 7601 -18.244444999999999 -44.959397000000003
 7602 -18.244444999999999 -44.959397000000003
 7603 -18.244444999999999 -44.959397000000003
 7604 -18.244444999999999 -44.959397000000003
 7605 -18.244444999999999 -44.959397000000003
 7606 -18.244444999999999 -44.959397000000003
 7607 -18.244444999999999 -44.959397000000003
 7608 -18.244444999999999 -44.959397000000003
 7609 -18.244444999999999 -44.959397000000003
 7610 -18.244444999999999 -44.959397000000003
 7611 -18.244444999999999 -44.959397000000003
 7612 -18.244444999999999 -44.959397000000003
 7613 -18.244444999999999 -44.959397000000003
 7614 -18.244444999999999 -44.959397000000003
 7615 -18.244444999999999 -44.959397000000003
 7616 -18.244444999999999 -44.959397000000003
 7617 -18.244444999999999 -44.959397000000003
 7618 -18.244444999999999 -44.959397000000003
 7619 -18.244444999999999 -44.959397000000003
 7620 -18.244444999999999 -44.959397000000003
 7621 -18.244444999999999 -44.959397000000003
 7622 -18.244444999999999 -44.959397000000003
 7623 -18.244444999999999 -44.959397000000003
 7624 -18.244444999999999 -44.959397000000003
 7625 -18.244444999999999 -44.959397000000003
 7626 -18.244444999999999 -44.959397000000003
 7627 -18.244444999999999 -44.959397000000003
 7628 -18.244444999999999 -44.959397000000003
 7629 -18.244444999999999 -44.959397000000003
 7630 -18.244444999999999 -44.959397000000003
 7631 -18.244444999999999 -44.959397000000003
 7632 -18.244444999999999 -44.959397000000003
 7633 -18.244444999999999 -44.959397000000003
 7634 -18.244444999999999 -44.959397000000003
 7635 -18.244444999999999 -44.959397000000003
 7636 -18.244444999999999 -44.959397000000003
 7637 -18.244444999999999 -44.959397000000003
 7638 -18.244444999999999 -44.959397000000003
 7639 -18.244444999999999 -44.959397000000003
 7640 -18.244444999999999 -44.959397000000003
 7641 -18.244444999999999 -44.959397000000003
 7642 -18.244444999999999 -44.959397000000003
 7643 -18.244444999999999 -44.959397000000003
 7644 -18.244444999999999 -44.959397000000003
 7645 -18.244444999999999 -44.959397000000003
 7646 -18.244444999999999 -44.959397000000003
 7647 -18.244444999999999 -44.959397000000003
 7648 -18.244444999999999 -44.959397000000003
 7649 -18.244444999999999 -44.959397000000003
 7650 -18.244444999999999 -44.959397000000003
 7651 -18.244444999999999 -44.959397000000003
 7652 -18.244444999999999 -44.959397000000003
 7653 -18.244444999999999 -44.959397000000003
 7654 -18.244444999999999 -44.959397000000003
 7655 -18.244444999999999 -44.959397000000003
 7656 -18.244444999999999 -44.959397000000003
 7657 -18.244444999999999 -44.959397000000003
 7658 -18.244444999999999 -44.959397000000003
 7659 -18.244444999999999 -44.959397000000003
 7660 -18.244444999999999 -44.959397000000003
 7661 -18.244444999999999 -44.959397000000003
 7662 -18.244444999999999 -44.959397000000003
 7663 -18.244444999999999 -44.959397000000003
 7664 -18.244444999999999 -44.959397000000003
 7665 -18.244444999999999 -44.959397000000003
 7666 -18.244444999999999 -44.959397000000003
 7667 -18.244444999999999 -44.959397000000003
 7668 -18.244444999999999 -44.959397000000003
 7669 -18.244444999999999 -44.959397000000003
 7670 -18.244444999999999 -44.959397000000003
 7671 -18.244444999999999 -44.959397000000003
 7672 -18.244444999999999 -44.959397000000003
 7673 -18.244444999999999 -44.959397000000003
 7674 -18.244444999999999 -44.959397000000003
 7675 -18.244444999999999 -44.959397000000003
 7676 -18.244444999999999 -44.959397000000003
 7677 -18.244444999999999 -44.959397000000003
 7678 -18.244444999999999 -44.959397000000003
 7679 -18.244444999999999 -44.959397000000003
 7680 -18.244444999999999 -44.959397000000003
 7681 -18.244444999999999 -44.959397000000003
 7682 -18.244444999999999 -44.959397000000003
 7683 -18.244444999999999 -44.959397000000003
 7684 -18.244444999999999 -44.959397000000003
 7685 -18.244444999999999 -44.959397000000003
 7686 -18.244444999999999 -44.959397000000003
 7687 -18.244444999999999 -44.959397000000003
 7688 -18.244444999999999 -44.959397000000003
 7689 -18.244444999999999 -44.959397000000003
 7690 -18.244444999999999 -44.959397000000003
 7691 -18.244444999999999 -44.959397000000003
 7692 -18.244444999999999 -44.959397000000003
 7693 -18.244444999999999 -44.959397000000003
 7694 -18.244444999999999 -44.959397000000003
 7695 -18.244444999999999 -44.959397000000003
 7696 -18.244444999999999 -44.959397000000003
 7697 -18.244444999999999 -44.959397000000003
 7698 -18.244444999999999 -44.959397000000003
 7699 -18.244444999999999 -44.959397000000003
 7700 -18.244444999999999 -44.959397000000003
 7701 -18.244444999999999 -44.959397000000003
 7702 -18.244444999999999 -44.959397000000003
 7703 -18.244444999999999 -44.959397000000003
 7704 -18.244444999999999 -44.959397000000003
 7705 -18.244444999999999 -44.959397000000003
 7706 -18.244444999999999 -44.959397000000003
 7707 -18.244444999999999 -44.959397000000003
 7708 -18.244444999999999 -44.959397000000003
 7709 -18.244444999999999 -44.959397000000003
 7710 -18.244444999999999 -44.959397000000003
 7711 -18.244444999999999 -44.959397000000003
 7712 -18.244444999999999 -44.959397000000003
 7713 -18.244444999999999 -44.959397000000003
 7714 -18.244444999999999 -44.959397000000003
 7715 -18.244444999999999 -44.959397000000003
 7716 -18.244444999999999 -44.959397000000003
 7717 -18.244444999999999 -44.959397000000003
 7718 -18.244444999999999 -44.959397000000003
 7719 -18.244444999999999 -44.959397000000003
 7720 -18.244444999999999 -44.959397000000003
 7721 -18.244444999999999 -44.959397000000003
 7722 -18.244444999999999 -44.959397000000003
 7723 -18.244444999999999 -44.959397000000003
 7724 -18.244444999999999 -44.959397000000003
 7725 -18.244444999999999 -44.959397000000003
 7726 -18.244444999999999 -44.959397000000003
 7727 -18.244444999999999 -44.959397000000003
 7728 -18.244444999999999 -44.959397000000003
 7729 -18.244444999999999 -44.959397000000003
 7730 -18.244444999999999 -44.959397000000003
 7731 -18.244444999999999 -44.959397000000003
 7732 -18.244444999999999 -44.959397000000003
 7733 -18.244444999999999 -44.959397000000003
 7734 -18.244444999999999 -44.959397000000003
 7735 -18.244444999999999 -44.959397000000003
 7736 -18.244444999999999 -44.959397000000003
 7737 -18.244444999999999 -44.959397000000003
 7738 -18.244444999999999 -44.959397000000003
 7739 -18.244444999999999 -44.959397000000003
 7740 -18.244444999999999 -44.959397000000003
 7741 -18.244444999999999 -44.959397000000003
 7742 -18.244444999999999 -44.959397000000003
 7743 -18.244444999999999 -44.959397000000003
 7744 -18.244444999999999 -44.959397000000003
 7745 -18.244444999999999 -44.959397000000003
 7746 -18.244444999999999 -44.959397000000003
 7747 -18.244444999999999 -44.959397000000003
 7748 -18.244444999999999 -44.959397000000003
 7749 -18.244444999999999 -44.959397000000003
 7750 -18.244444999999999 -44.959397000000003
 7751 -18.244444999999999 -44.959397000000003
 7752 -18.244444999999999 -44.959397000000003
 7753 -18.244444999999999 -44.959397000000003
 7754 -18.244444999999999 -44.959397000000003
 7755 -18.244444999999999 -44.959397000000003
 7756 -18.244444999999999 -44.959397000000003
 7757 -18.244444999999999 -44.959397000000003
 7758 -18.244444999999999 -44.959397000000003
 7759 -18.244444999999999 -44.959397000000003
 7760 -18.244444999999999 -44.959397000000003
 7761 -18.244444999999999 -44.959397000000003
 7762 -18.244444999999999 -44.959397000000003
 7763 -18.244444999999999 -44.959397000000003
 7764 -18.244444999999999 -44.959397000000003
 7765 -18.244444999999999 -44.959397000000003
 7766 -18.244444999999999 -44.959397000000003
 7767 -18.244444999999999 -44.959397000000003
 7768 -18.244444999999999 -44.959397000000003
 7769 -18.244444999999999 -44.959397000000003
 7770 -18.244444999999999 -44.959397000000003
 7771 -18.244444999999999 -44.959397000000003
 7772 -18.244444999999999 -44.959397000000003
 7773 -18.244444999999999 -44.959397000000003
 7774 -18.244444999999999 -44.959397000000003
 7775 -18.244444999999999 -44.959397000000003
 7776 -18.244444999999999 -44.959397000000003
 7777 -18.244444999999999 -44.959397000000003
 7778 -18.244444999999999 -44.959397000000003
 7779 -18.244444999999999 -44.959397000000003
 7780 -18.244444999999999 -44.959397000000003
 7781 -18.244444999999999 -44.959397000000003
 7782 -18.244444999999999 -44.959397000000003
 7783 -18.244444999999999 -44.959397000000003
 7784 -18.244444999999999 -44.959397000000003
 7785 -18.244444999999999 -44.959397000000003
 7786 -18.244444999999999 -44.959397000000003
 7787 -18.244444999999999 -44.959397000000003
 7788 -18.244444999999999 -44.959397000000003
 7789 -18.244444999999999 -44.959397000000003
 7790 -18.244444999999999 -44.959397000000003
 7791 -18.244444999999999 -44.959397000000003
 7792 -18.244444999999999 -44.959397000000003
 7793 -18.244444999999999 -44.959397000000003
 7794 -18.244444999999999 -44.959397000000003
 7795 -18.244444999999999 -44.959397000000003
 7796 -18.244444999999999 -44.959397000000003
 7797 -18.244444999999999 -44.959397000000003
 7798 -18.244444999999999 -44.959397000000003
 7799 -18.244444999999999 -44.959397000000003
 7800 -18.244444999999999 -44.959397000000003
 7801 -18.244444999999999 -44.959397000000003
 7802 -18.244444999999999 -44.959397000000003
 7803 -18.244444999999999 -44.959397000000003
 7804 -18.244444999999999 -44.959397000000003
 7805 -18.244444999999999 -44.959397000000003
 7806 -18.244444999999999 -44.959397000000003
 7807 -18.718350999999998 -56.525517999999998
 7808 -18.718350999999998 -56.525517999999998
 7809 -18.718350999999998 -56.525517999999998
 7810 -18.718350999999998 -56.525517999999998
 7811 -18.718350999999998 -56.525517999999998
 7812 -18.718350999999998 -56.525517999999998
 7813 -18.718350999999998 -56.525517999999998
 7814 -18.718350999999998 -56.525517999999998
 7815 -18.718350999999998 -56.525517999999998
 7816 -18.718350999999998 -56.525517999999998
 7817 -18.718350999999998 -56.525517999999998
 7818 -18.718350999999998 -56.525517999999998
 7819 -18.718350999999998 -56.525517999999998
 7820 -18.718350999999998 -56.525517999999998
 7821 -18.718350999999998 -56.525517999999998
 7822 -18.718350999999998 -56.525517999999998
 7823 -18.718350999999998 -56.525517999999998
 7824 -18.718350999999998 -56.525517999999998
 7825 -18.718350999999998 -56.525517999999998
 7826 -18.718350999999998 -56.525517999999998
 7827 -18.718350999999998 -56.525517999999998
 7828 -18.718350999999998 -56.525517999999998
 7829 -18.718350999999998 -56.525517999999998
 7830 -18.718350999999998 -56.525517999999998
 7831 -18.718350999999998 -56.525517999999998
 7832 -18.718350999999998 -56.525517999999998
 7833 -18.718350999999998 -56.525517999999998
 7834 -18.718350999999998 -56.525517999999998
 7835 -18.718350999999998 -56.525517999999998
 7836 -18.718350999999998 -56.525517999999998
 7837 -18.718350999999998 -56.525517999999998
 7838 -18.718350999999998 -56.525517999999998
 7839 -18.718350999999998 -56.525517999999998
 7840 -18.718350999999998 -56.525517999999998
 7841 -18.718350999999998 -56.525517999999998
 7842 -18.718350999999998 -56.525517999999998
 7843 -18.718350999999998 -56.525517999999998
 7844 -18.718350999999998 -56.525517999999998
 7845 -18.718350999999998 -56.525517999999998
 7846 -18.718350999999998 -56.525517999999998
 7847 -18.718350999999998 -56.525517999999998
 7848 -18.718350999999998 -56.525517999999998
 7849 -18.718350999999998 -56.525517999999998
 7850 -18.718350999999998 -56.525517999999998
 7851 -18.718350999999998 -56.525517999999998
 7852 -18.718350999999998 -56.525517999999998
 7853 -18.718350999999998 -56.525517999999998
 7854 -18.718350999999998 -56.525517999999998
 7855 -18.718350999999998 -56.525517999999998
 7856 -18.718350999999998 -56.525517999999998
 7857 -18.718350999999998 -56.525517999999998
 7858 -18.718350999999998 -56.525517999999998
 7859 -18.718350999999998 -56.525517999999998
 7860 -18.718350999999998 -56.525517999999998
 7861 -18.718350999999998 -56.525517999999998
 7862 -18.718350999999998 -56.525517999999998
 7863 -18.718350999999998 -56.525517999999998
 7864 -18.718350999999998 -56.525517999999998
 7865 -18.718350999999998 -56.525517999999998
 7866 -18.718350999999998 -56.525517999999998
 7867          -14.294069 -56.290675999999998
 7868          -14.294069 -56.290675999999998
 7869          -14.294069 -56.290675999999998
 7870          -14.294069 -56.290675999999998
 7871          -14.294069 -56.290675999999998
 7872          -14.294069 -56.290675999999998
 7873          -14.294069 -56.290675999999998
 7874          -14.294069 -56.290675999999998
 7875          -14.294069 -56.290675999999998
 7876          -14.294069 -56.290675999999998
 7877          -14.294069 -56.290675999999998
 7878          -14.294069 -56.290675999999998
 7879          -14.294069 -56.290675999999998
 7880          -14.294069 -56.290675999999998
 7881          -14.294069 -56.290675999999998
 7882          -14.294069 -56.290675999999998
 7883          -14.294069 -56.290675999999998
 7884          -14.294069 -56.290675999999998
 7885          -14.294069 -56.290675999999998
 7886          -14.294069 -56.290675999999998
 7887          -14.294069 -56.290675999999998
 7888          -14.294069 -56.290675999999998
 7889          -14.294069 -56.290675999999998
 7890          -14.294069 -56.290675999999998
 7891          -14.294069 -56.290675999999998
 7892          -14.294069 -56.290675999999998
 7893          -14.294069 -56.290675999999998
 7894          -14.294069 -56.290675999999998
 7895          -14.294069 -56.290675999999998
 7896          -14.294069 -56.290675999999998
 7897          -14.294069 -56.290675999999998
 7898          -14.294069 -56.290675999999998
 7899          -14.294069 -56.290675999999998
 7900          -14.294069 -56.290675999999998
 7901          -14.294069 -56.290675999999998
 7902          -14.294069 -56.290675999999998
 7903          -14.294069 -56.290675999999998
 7904          -14.294069 -56.290675999999998
 7905          -14.294069 -56.290675999999998
 7906          -14.294069 -56.290675999999998
 7907          -14.294069 -56.290675999999998
 7908          -14.294069 -56.290675999999998
 7909          -14.294069 -56.290675999999998
 7910          -14.294069 -56.290675999999998
 7911          -14.294069 -56.290675999999998
 7912          -14.294069 -56.290675999999998
 7913          -14.294069 -56.290675999999998
 7914          -14.294069 -56.290675999999998
 7915          -14.294069 -56.290675999999998
 7916          -14.294069 -56.290675999999998
 7917          -14.294069 -56.290675999999998
 7918          -14.294069 -56.290675999999998
 7919          -14.294069 -56.290675999999998
 7920          -14.294069 -56.290675999999998
 7921          -14.294069 -56.290675999999998
 7922          -14.294069 -56.290675999999998
 7923          -14.294069 -56.290675999999998
 7924          -14.294069 -56.290675999999998
 7925          -14.294069 -56.290675999999998
 7926          -14.294069 -56.290675999999998
 7927          -14.294069 -56.290675999999998
 7928          -14.294069 -56.290675999999998
 7929          -14.294069 -56.290675999999998
 7930          -14.294069 -56.290675999999998
 7931          -14.294069 -56.290675999999998
 7932          -14.294069 -56.290675999999998
 7933          -14.294069 -56.290675999999998
 7934          -14.294069 -56.290675999999998
 7935          -14.294069 -56.290675999999998
 7936          -14.294069 -56.290675999999998
 7937          -14.294069 -56.290675999999998
 7938          -14.294069 -56.290675999999998
 7939          -14.294069 -56.290675999999998
 7940          -14.294069 -56.290675999999998
 7941          -14.294069 -56.290675999999998
 7942          -14.294069 -56.290675999999998
 7943          -14.294069 -56.290675999999998
 7944          -14.294069 -56.290675999999998
 7945          -14.294069 -56.290675999999998
 7946          -14.294069 -56.290675999999998
 7947          -14.294069 -56.290675999999998
 8215 -22.584630000000001          -42.980449
 8216 -22.584630000000001          -42.980449
 8217 -22.584630000000001          -42.980449
 8218 -22.584630000000001          -42.980449
 8219 -22.584630000000001          -42.980449
 8220 -22.584630000000001          -42.980449
 8221 -22.584630000000001          -42.980449
 8222 -22.584630000000001          -42.980449
 8223 -22.584630000000001          -42.980449
 8224 -22.584630000000001          -42.980449
 8225 -22.584630000000001          -42.980449
 8226 -22.584630000000001          -42.980449
 8227 -22.584630000000001          -42.980449
 8228 -22.584630000000001          -42.980449
 8229 -22.584630000000001          -42.980449
 8230 -22.584630000000001          -42.980449
 8231 -22.584630000000001          -42.980449
 8232 -22.584630000000001          -42.980449
 8233 -22.584630000000001          -42.980449
 8234 -22.584630000000001          -42.980449
 8235 -22.584630000000001          -42.980449
 8236 -22.584630000000001          -42.980449
 8237 -22.584630000000001          -42.980449
 8238 -22.584630000000001          -42.980449
 8239 -22.584630000000001          -42.980449
 8240 -22.584630000000001          -42.980449
 8241 -22.584630000000001          -42.980449
 8242 -22.584630000000001          -42.980449
 8243 -22.584630000000001          -42.980449
 8244 -22.584630000000001          -42.980449
 8245 -22.584630000000001          -42.980449
 8246 -22.584630000000001          -42.980449
 8247 -22.584630000000001          -42.980449
 8248 -22.584630000000001          -42.980449
 8249 -22.584630000000001          -42.980449
 8250 -22.584630000000001          -42.980449
 8251 -22.584630000000001          -42.980449
 8252 -22.584630000000001          -42.980449
 8253 -22.584630000000001          -42.980449
 8254 -22.584630000000001          -42.980449
 8255 -22.584630000000001          -42.980449
 8256 -22.584630000000001          -42.980449
 8257 -22.584630000000001          -42.980449
 8258 -22.584630000000001          -42.980449
 8259 -22.584630000000001          -42.980449
 8260 -22.584630000000001          -42.980449
 8261 -22.584630000000001          -42.980449
 8262 -22.584630000000001          -42.980449
 8263 -22.584630000000001          -42.980449
 8264 -22.584630000000001          -42.980449
 8265 -22.584630000000001          -42.980449
 8266 -22.584630000000001          -42.980449
 8267 -22.584630000000001          -42.980449
 8268 -22.584630000000001          -42.980449
 8269 -22.584630000000001          -42.980449
 8270 -22.584630000000001          -42.980449
 8271 -22.584630000000001          -42.980449
 8272 -22.584630000000001          -42.980449
 8273 -22.584630000000001          -42.980449
 8274 -22.584630000000001          -42.980449
 8275 -22.584630000000001          -42.980449
 8276 -22.584630000000001          -42.980449
 8277 -22.584630000000001          -42.980449
 8278 -22.584630000000001          -42.980449
 8279 -22.584630000000001          -42.980449
 8280 -22.584630000000001          -42.980449
 8281 -22.584630000000001          -42.980449
 8282 -22.584630000000001          -42.980449
 8283 -22.584630000000001          -42.980449
 8284 -22.584630000000001          -42.980449
 8285 -22.584630000000001          -42.980449
 8286 -22.584630000000001          -42.980449
 8287 -22.584630000000001          -42.980449
 8288 -22.584630000000001          -42.980449
 8289 -22.584630000000001          -42.980449
 8290 -22.584630000000001          -42.980449
 8291 -22.584630000000001          -42.980449
 8292 -22.584630000000001          -42.980449
 8293 -22.584630000000001          -42.980449
 8294 -22.584630000000001          -42.980449
 8295 -22.584630000000001          -42.980449
 8296 -22.584630000000001          -42.980449
 8297 -22.584630000000001          -42.980449
 8298 -22.584630000000001          -42.980449
 8299 -22.584630000000001          -42.980449
 8300 -22.584630000000001          -42.980449
 8301 -22.584630000000001          -42.980449
 8302 -22.584630000000001          -42.980449
 8303 -22.584630000000001          -42.980449
 8304 -22.584630000000001          -42.980449
 8305 -22.584630000000001          -42.980449
 8306 -22.584630000000001          -42.980449
 8307 -22.584630000000001          -42.980449
 8308 -22.584630000000001          -42.980449
 8309 -22.584630000000001          -42.980449
 8310 -22.584630000000001          -42.980449
 8311 -22.584630000000001          -42.980449
 8312 -22.584630000000001          -42.980449
 8313 -22.584630000000001          -42.980449
 8314 -22.584630000000001          -42.980449
 8315 -22.584630000000001          -42.980449
 8316 -22.584630000000001          -42.980449
 8317 -22.584630000000001          -42.980449
 8318 -22.584630000000001          -42.980449
 8319 -22.584630000000001          -42.980449
 8320 -22.584630000000001          -42.980449
 8321 -22.584630000000001          -42.980449
 8322 -22.584630000000001          -42.980449
 8323 -22.584630000000001          -42.980449
 8324 -22.584630000000001          -42.980449
 8325 -22.584630000000001          -42.980449
 8326 -22.584630000000001          -42.980449
 8327 -22.584630000000001          -42.980449
 8328 -22.584630000000001          -42.980449
 8329 -22.584630000000001          -42.980449
 8330 -22.584630000000001          -42.980449
 8331 -22.584630000000001          -42.980449
 8332 -22.584630000000001          -42.980449
 8333 -22.584630000000001          -42.980449
 8334 -22.584630000000001          -42.980449
 8335 -22.584630000000001          -42.980449
 8336 -22.584630000000001          -42.980449
 8337 -22.584630000000001          -42.980449
 8338 -22.584630000000001          -42.980449
 8339 -22.584630000000001          -42.980449
 8340 -22.584630000000001          -42.980449
 8341 -22.584630000000001          -42.980449
 8342 -22.584630000000001          -42.980449
 8343 -22.584630000000001          -42.980449
 8344 -22.584630000000001          -42.980449
 8345 -22.584630000000001          -42.980449
 8346 -22.584630000000001          -42.980449
 8347 -22.584630000000001          -42.980449
 8348 -22.584630000000001          -42.980449
 8349 -22.584630000000001          -42.980449
 8350 -22.584630000000001          -42.980449
 8351 -22.584630000000001          -42.980449
 8352 -22.584630000000001          -42.980449
 8353 -22.584630000000001          -42.980449
 8354 -22.584630000000001          -42.980449
 8355 -22.584630000000001          -42.980449
 8356 -22.584630000000001          -42.980449
 8357 -22.584630000000001          -42.980449
 8358 -22.584630000000001          -42.980449
 8359 -22.584630000000001          -42.980449
 8360 -22.584630000000001          -42.980449
 8361 -22.584630000000001          -42.980449
 8362 -22.584630000000001          -42.980449
 8363 -22.584630000000001          -42.980449
 8364 -22.584630000000001          -42.980449
 8365 -22.584630000000001          -42.980449
 8366 -22.584630000000001          -42.980449
 8367 -22.584630000000001          -42.980449
 8368 -22.584630000000001          -42.980449
 8369 -22.584630000000001          -42.980449
 8370 -22.584630000000001          -42.980449
 8371 -22.584630000000001          -42.980449
 8372 -22.584630000000001          -42.980449
 8373 -22.584630000000001          -42.980449
 8374 -22.584630000000001          -42.980449
 8375 -22.584630000000001          -42.980449
 8376 -22.584630000000001          -42.980449
 8377 -22.584630000000001          -42.980449
 8378 -22.584630000000001          -42.980449
 8379 -22.584630000000001          -42.980449
 8380 -22.584630000000001          -42.980449
 8381 -22.584630000000001          -42.980449
 8837 -22.666142000000001 -47.701456999999998
 8838 -22.666142000000001 -47.701456999999998
 8839 -22.666142000000001 -47.701456999999998
 8840 -22.666142000000001 -47.701456999999998
 8841 -22.666142000000001 -47.701456999999998
 8842 -22.666142000000001 -47.701456999999998
 8843 -22.666142000000001 -47.701456999999998
 8844 -22.666142000000001 -47.701456999999998
 8845 -22.666142000000001 -47.701456999999998
 8846 -22.666142000000001 -47.701456999999998
 8847 -22.666142000000001 -47.701456999999998
 8848 -22.666142000000001 -47.701456999999998
 8849 -22.666142000000001 -47.701456999999998
 8850 -22.666142000000001 -47.701456999999998
 8851 -22.666142000000001 -47.701456999999998
 8852 -22.666142000000001 -47.701456999999998
 8853 -22.666142000000001 -47.701456999999998
 8854 -22.666142000000001 -47.701456999999998
 8855 -22.666142000000001 -47.701456999999998
 8856 -22.666142000000001 -47.701456999999998
 8857 -22.666142000000001 -47.701456999999998
 8858 -22.666142000000001 -47.701456999999998
 8859 -22.666142000000001 -47.701456999999998
 8860 -22.666142000000001 -47.701456999999998
 8861 -22.666142000000001 -47.701456999999998
 8862 -22.666142000000001 -47.701456999999998
 8863 -22.666142000000001 -47.701456999999998
 8864 -22.666142000000001 -47.701456999999998
 8865 -22.666142000000001 -47.701456999999998
 8866 -22.666142000000001 -47.701456999999998
 8867 -22.666142000000001 -47.701456999999998
 8868 -22.666142000000001 -47.701456999999998
 8869 -22.666142000000001 -47.701456999999998
 8870 -22.666142000000001 -47.701456999999998
 8871 -22.666142000000001 -47.701456999999998
 8872 -22.666142000000001 -47.701456999999998
 8873 -22.666142000000001 -47.701456999999998
 8874 -22.666142000000001 -47.701456999999998
 8875 -22.666142000000001 -47.701456999999998
 8876 -22.666142000000001 -47.701456999999998
 8877 -22.666142000000001 -47.701456999999998
 8878 -22.666142000000001 -47.701456999999998
 8879 -22.666142000000001 -47.701456999999998
 8880 -22.666142000000001 -47.701456999999998
 8881 -22.666142000000001 -47.701456999999998
 8882 -22.666142000000001 -47.701456999999998
 8883 -22.666142000000001 -47.701456999999998
 8884 -22.666142000000001 -47.701456999999998
 8885 -22.666142000000001 -47.701456999999998
 8886 -22.666142000000001 -47.701456999999998
 8887 -22.666142000000001 -47.701456999999998
 8888 -22.666142000000001 -47.701456999999998
 8889 -22.666142000000001 -47.701456999999998
 8890 -22.666142000000001 -47.701456999999998
 8891 -22.666142000000001 -47.701456999999998
 8892 -22.666142000000001 -47.701456999999998
 8893 -22.666142000000001 -47.701456999999998
 8894 -22.666142000000001 -47.701456999999998
 8895 -22.666142000000001 -47.701456999999998
 8896 -22.666142000000001 -47.701456999999998
 8897 -22.666142000000001 -47.701456999999998
 8898 -22.666142000000001 -47.701456999999998
 8899 -22.666142000000001 -47.701456999999998
 8900 -22.666142000000001 -47.701456999999998
 8901 -22.666142000000001 -47.701456999999998
 8902 -22.666142000000001 -47.701456999999998
 8903 -22.666142000000001 -47.701456999999998
 8904 -22.666142000000001 -47.701456999999998
 8905 -22.666142000000001 -47.701456999999998
 8906 -22.666142000000001 -47.701456999999998
 8907 -22.666142000000001 -47.701456999999998
 8908 -22.666142000000001 -47.701456999999998
 8909 -22.666142000000001 -47.701456999999998
 8910 -22.666142000000001 -47.701456999999998
 8911 -22.666142000000001 -47.701456999999998
 8912 -22.666142000000001 -47.701456999999998
 8913 -22.666142000000001 -47.701456999999998
 8914 -22.666142000000001 -47.701456999999998
 8915 -22.666142000000001 -47.701456999999998
 8916 -22.666142000000001 -47.701456999999998
 8917 -22.666142000000001 -47.701456999999998
 8918 -22.666142000000001 -47.701456999999998
 8919 -22.666142000000001 -47.701456999999998
 8920 -22.666142000000001 -47.701456999999998
 8921 -22.666142000000001 -47.701456999999998
 8922 -22.666142000000001 -47.701456999999998
 8923 -22.666142000000001 -47.701456999999998
 8924 -22.666142000000001 -47.701456999999998
 8925 -22.666142000000001 -47.701456999999998
 8926 -22.666142000000001 -47.701456999999998
 8927 -22.666142000000001 -47.701456999999998
 8928 -22.666142000000001 -47.701456999999998
 8929 -22.666142000000001 -47.701456999999998
 8930 -22.666142000000001 -47.701456999999998
 8931 -22.666142000000001 -47.701456999999998
 8932 -22.666142000000001 -47.701456999999998
 8933 -22.666142000000001 -47.701456999999998
 8934 -22.666142000000001 -47.701456999999998
 8935 -22.666142000000001 -47.701456999999998
 8936 -22.666142000000001 -47.701456999999998
 8937 -22.666142000000001 -47.701456999999998
 8938 -22.666142000000001 -47.701456999999998
 8939 -22.666142000000001 -47.701456999999998
 8940 -22.666142000000001 -47.701456999999998
 8941 -22.666142000000001 -47.701456999999998
 8942 -22.666142000000001 -47.701456999999998
 8943 -22.666142000000001 -47.701456999999998
 8944 -22.666142000000001 -47.701456999999998
 8945 -22.666142000000001 -47.701456999999998
 8946 -22.666142000000001 -47.701456999999998
 8947 -22.666142000000001 -47.701456999999998
 8948 -22.666142000000001 -47.701456999999998
 8949 -22.666142000000001 -47.701456999999998
 8950 -22.666142000000001 -47.701456999999998
 8951 -22.666142000000001 -47.701456999999998
 8952 -22.666142000000001 -47.701456999999998
 8953 -22.666142000000001 -47.701456999999998
 8954 -22.666142000000001 -47.701456999999998
 8955 -22.666142000000001 -47.701456999999998
 8956 -22.666142000000001 -47.701456999999998
 8957 -22.666142000000001 -47.701456999999998
 8958 -22.666142000000001 -47.701456999999998
 8959 -22.666142000000001 -47.701456999999998
 8960 -22.666142000000001 -47.701456999999998
 8961 -22.666142000000001 -47.701456999999998
 8962 -22.666142000000001 -47.701456999999998
 8963 -22.666142000000001 -47.701456999999998
 8964 -22.666142000000001 -47.701456999999998
 8965 -22.666142000000001 -47.701456999999998
 8966 -22.666142000000001 -47.701456999999998
 8967 -22.666142000000001 -47.701456999999998
 8968 -22.666142000000001 -47.701456999999998
 8969 -22.666142000000001 -47.701456999999998
 8970 -22.666142000000001 -47.701456999999998
 8971 -22.666142000000001 -47.701456999999998
 8972 -22.666142000000001 -47.701456999999998
 8973 -22.666142000000001 -47.701456999999998
 8974 -22.666142000000001 -47.701456999999998
 8975 -22.666142000000001 -47.701456999999998
 8976 -22.666142000000001 -47.701456999999998
 8977 -22.666142000000001 -47.701456999999998
 8978 -22.666142000000001 -47.701456999999998
 8979 -22.666142000000001 -47.701456999999998
 8980 -22.666142000000001 -47.701456999999998
 8981 -22.666142000000001 -47.701456999999998
 8982 -22.666142000000001 -47.701456999999998
 8983 -22.666142000000001 -47.701456999999998
 8984 -22.666142000000001 -47.701456999999998
 8985 -22.666142000000001 -47.701456999999998
 8986 -22.666142000000001 -47.701456999999998
 8987 -22.666142000000001 -47.701456999999998
 8988 -22.666142000000001 -47.701456999999998
 8989 -22.666142000000001 -47.701456999999998
 8990 -22.666142000000001 -47.701456999999998
 8991 -22.666142000000001 -47.701456999999998
 8992 -22.666142000000001 -47.701456999999998
 8993 -22.666142000000001 -47.701456999999998
 8994 -22.666142000000001 -47.701456999999998
 8995 -22.666142000000001 -47.701456999999998
 8996 -22.666142000000001 -47.701456999999998
 8997 -22.666142000000001 -47.701456999999998
 8998 -22.666142000000001 -47.701456999999998
 8999 -22.666142000000001 -47.701456999999998
 9000 -22.666142000000001 -47.701456999999998
 9001 -22.666142000000001 -47.701456999999998
 9002 -22.666142000000001 -47.701456999999998
 9003 -22.666142000000001 -47.701456999999998
 9004 -22.666142000000001 -47.701456999999998
 9005 -22.666142000000001 -47.701456999999998
 9006 -22.666142000000001 -47.701456999999998
 9007 -22.666142000000001 -47.701456999999998
 9008 -22.666142000000001 -47.701456999999998
 9009 -22.666142000000001 -47.701456999999998
 9010 -22.666142000000001 -47.701456999999998
 9011 -22.666142000000001 -47.701456999999998
 9012 -22.666142000000001 -47.701456999999998
 9013 -22.666142000000001 -47.701456999999998
 9014 -22.666142000000001 -47.701456999999998
 9015 -22.666142000000001 -47.701456999999998
 9016 -22.666142000000001 -47.701456999999998
 9017 -22.666142000000001 -47.701456999999998
 9018 -22.666142000000001 -47.701456999999998
 9019 -22.666142000000001 -47.701456999999998
 9020 -22.666142000000001 -47.701456999999998
 9021 -22.666142000000001 -47.701456999999998
 9022 -22.666142000000001 -47.701456999999998
 9023 -22.666142000000001 -47.701456999999998
 9024 -22.666142000000001 -47.701456999999998
 9025 -22.666142000000001 -47.701456999999998
 9026 -22.666142000000001 -47.701456999999998
 9027 -22.666142000000001 -47.701456999999998
 9028 -22.666142000000001 -47.701456999999998
 9029 -22.666142000000001 -47.701456999999998
 9030 -22.666142000000001 -47.701456999999998
 9031 -22.666142000000001 -47.701456999999998
 9032 -22.666142000000001 -47.701456999999998
 9033 -22.666142000000001 -47.701456999999998
 9034 -22.666142000000001 -47.701456999999998
 9035 -22.666142000000001 -47.701456999999998
 9036 -22.666142000000001 -47.701456999999998
 9037 -22.666142000000001 -47.701456999999998
 9038 -22.666142000000001 -47.701456999999998
 9039 -22.666142000000001 -47.701456999999998
 9040 -22.666142000000001 -47.701456999999998
 9041 -22.666142000000001 -47.701456999999998
 9042 -22.666142000000001 -47.701456999999998
 9043 -22.666142000000001 -47.701456999999998
 9044 -22.666142000000001 -47.701456999999998
 9045 -22.666142000000001 -47.701456999999998
 9046 -22.666142000000001 -47.701456999999998
 9047 -22.666142000000001 -47.701456999999998
 9048 -22.666142000000001 -47.701456999999998
 9049 -22.666142000000001 -47.701456999999998
 9050 -22.666142000000001 -47.701456999999998
 9051 -22.666142000000001 -47.701456999999998
 9052 -22.666142000000001 -47.701456999999998
 9053 -22.666142000000001 -47.701456999999998
 9054 -22.666142000000001 -47.701456999999998
 9055 -22.666142000000001 -47.701456999999998
 9056 -22.666142000000001 -47.701456999999998
 9057 -22.666142000000001 -47.701456999999998
 9058 -22.666142000000001 -47.701456999999998
 9059 -22.666142000000001 -47.701456999999998
 9060 -22.666142000000001 -47.701456999999998
 9061 -22.666142000000001 -47.701456999999998
 9062 -22.666142000000001 -47.701456999999998
 9063 -22.666142000000001 -47.701456999999998
 9064 -22.666142000000001 -47.701456999999998
 9065 -22.666142000000001 -47.701456999999998
 9066 -22.666142000000001 -47.701456999999998
 9067 -22.666142000000001 -47.701456999999998
 9068 -22.666142000000001 -47.701456999999998
 9069 -22.666142000000001 -47.701456999999998
 9070 -22.666142000000001 -47.701456999999998
 9071 -22.666142000000001 -47.701456999999998
 9072 -22.666142000000001 -47.701456999999998
 9073 -22.666142000000001 -47.701456999999998
 9074 -22.666142000000001 -47.701456999999998
 9075 -22.666142000000001 -47.701456999999998
 9076 -22.666142000000001 -47.701456999999998
 9077 -22.666142000000001 -47.701456999999998
 9078 -22.666142000000001 -47.701456999999998
 9079 -22.666142000000001 -47.701456999999998
 9080 -22.666142000000001 -47.701456999999998
 9081 -22.666142000000001 -47.701456999999998
 9082 -22.666142000000001 -47.701456999999998
 9083 -22.666142000000001 -47.701456999999998
 9084 -22.666142000000001 -47.701456999999998
 9085 -22.666142000000001 -47.701456999999998
 9086 -22.666142000000001 -47.701456999999998
 9087 -22.666142000000001 -47.701456999999998
 9088 -22.666142000000001 -47.701456999999998
 9089 -22.666142000000001 -47.701456999999998
 9090 -22.666142000000001 -47.701456999999998
 9091 -22.666142000000001 -47.701456999999998
 9092 -22.666142000000001 -47.701456999999998
 9093 -22.666142000000001 -47.701456999999998
 9094 -22.666142000000001 -47.701456999999998
 9095 -22.666142000000001 -47.701456999999998
 9096 -22.666142000000001 -47.701456999999998
 9097 -22.666142000000001 -47.701456999999998
 9098 -22.666142000000001 -47.701456999999998
 9099 -22.666142000000001 -47.701456999999998
 9100 -22.666142000000001 -47.701456999999998
 9101 -22.666142000000001 -47.701456999999998
 9102 -22.666142000000001 -47.701456999999998
 9103 -22.666142000000001 -47.701456999999998
 9104 -22.666142000000001 -47.701456999999998
 9105 -22.666142000000001 -47.701456999999998
 9106 -22.666142000000001 -47.701456999999998
 9107 -22.666142000000001 -47.701456999999998
 9108 -22.666142000000001 -47.701456999999998
 9109 -22.666142000000001 -47.701456999999998
 9110 -22.666142000000001 -47.701456999999998
 9111 -22.666142000000001 -47.701456999999998
 9112 -22.666142000000001 -47.701456999999998
 9113 -22.666142000000001 -47.701456999999998
 9114 -22.666142000000001 -47.701456999999998
 9115 -22.666142000000001 -47.701456999999998
 9116 -22.666142000000001 -47.701456999999998
 9117 -22.666142000000001 -47.701456999999998
 9118 -22.666142000000001 -47.701456999999998
 9119 -22.666142000000001 -47.701456999999998
 9120 -22.666142000000001 -47.701456999999998
 9121 -22.666142000000001 -47.701456999999998
 9122 -22.666142000000001 -47.701456999999998
 9123 -22.666142000000001 -47.701456999999998
 9124 -22.666142000000001 -47.701456999999998
 9125 -22.666142000000001 -47.701456999999998
 9126 -22.666142000000001 -47.701456999999998
 9127 -22.666142000000001 -47.701456999999998
 9128 -22.666142000000001 -47.701456999999998
 9129 -22.666142000000001 -47.701456999999998
 9130 -22.666142000000001 -47.701456999999998
 9131 -22.666142000000001 -47.701456999999998
 9132 -22.666142000000001 -47.701456999999998
 9133 -22.666142000000001 -47.701456999999998
 9134 -22.666142000000001 -47.701456999999998
 9135 -22.666142000000001 -47.701456999999998
 9136 -22.666142000000001 -47.701456999999998
 9137 -22.666142000000001 -47.701456999999998
 9138 -22.666142000000001 -47.701456999999998
 9139 -22.666142000000001 -47.701456999999998
 9140 -22.666142000000001 -47.701456999999998
 9141 -22.666142000000001 -47.701456999999998
 9142 -22.666142000000001 -47.701456999999998
 9143 -22.666142000000001 -47.701456999999998
 9144 -22.666142000000001 -47.701456999999998
 9145 -22.666142000000001 -47.701456999999998
 9146 -22.666142000000001 -47.701456999999998
 9147 -22.666142000000001 -47.701456999999998
 9148 -22.666142000000001 -47.701456999999998
 9149 -22.666142000000001 -47.701456999999998
 9150 -22.666142000000001 -47.701456999999998
 9151 -22.666142000000001 -47.701456999999998
 9152 -22.666142000000001 -47.701456999999998
 9153 -22.666142000000001 -47.701456999999998
 9154 -22.666142000000001 -47.701456999999998
 9155 -22.666142000000001 -47.701456999999998
 9156 -22.666142000000001 -47.701456999999998
 9157 -22.666142000000001 -47.701456999999998
 9158 -22.666142000000001 -47.701456999999998
 9159 -22.666142000000001 -47.701456999999998
 9160 -22.666142000000001 -47.701456999999998
 9161 -22.666142000000001 -47.701456999999998
 9162 -22.666142000000001 -47.701456999999998
 9163 -22.666142000000001 -47.701456999999998
 9164 -22.666142000000001 -47.701456999999998
 9165 -22.666142000000001 -47.701456999999998
 9166 -22.666142000000001 -47.701456999999998
 9167 -22.666142000000001 -47.701456999999998
 9168 -22.666142000000001 -47.701456999999998
 9169 -22.666142000000001 -47.701456999999998
 9170 -22.666142000000001 -47.701456999999998
 9171 -22.666142000000001 -47.701456999999998
 9172 -22.666142000000001 -47.701456999999998
 9173 -22.666142000000001 -47.701456999999998
 9174 -22.666142000000001 -47.701456999999998
 9175 -22.666142000000001 -47.701456999999998
 9176 -22.666142000000001 -47.701456999999998
 9177 -22.666142000000001 -47.701456999999998
 9178 -22.666142000000001 -47.701456999999998
 9179 -22.666142000000001 -47.701456999999998
 9180 -22.666142000000001 -47.701456999999998
 9181 -22.666142000000001 -47.701456999999998
 9182 -22.666142000000001 -47.701456999999998
 9183 -22.666142000000001 -47.701456999999998
 9184 -22.666142000000001 -47.701456999999998
 9185 -22.666142000000001 -47.701456999999998
 9186 -22.666142000000001 -47.701456999999998
 9187 -22.666142000000001 -47.701456999999998
 9188 -22.666142000000001 -47.701456999999998
 9189 -22.666142000000001 -47.701456999999998
 9190 -22.666142000000001 -47.701456999999998
 9191 -22.666142000000001 -47.701456999999998
 9192 -22.666142000000001 -47.701456999999998
 9193 -22.666142000000001 -47.701456999999998
 9194 -22.666142000000001 -47.701456999999998
 9195 -22.666142000000001 -47.701456999999998
 9196 -22.666142000000001 -47.701456999999998
 9197 -22.666142000000001 -47.701456999999998
 9198 -22.666142000000001 -47.701456999999998
 9199 -22.666142000000001 -47.701456999999998
 9200 -22.666142000000001 -47.701456999999998
 9201 -22.666142000000001 -47.701456999999998
 9202 -22.666142000000001 -47.701456999999998
 9203 -22.666142000000001 -47.701456999999998
 9204 -22.666142000000001 -47.701456999999998
 9205 -22.666142000000001 -47.701456999999998
 9206 -22.666142000000001 -47.701456999999998
 9207 -22.666142000000001 -47.701456999999998
 9208 -22.666142000000001 -47.701456999999998
 9209 -22.666142000000001 -47.701456999999998
 9210 -22.666142000000001 -47.701456999999998
 9211 -22.666142000000001 -47.701456999999998
 9212 -22.666142000000001 -47.701456999999998
 9213 -22.666142000000001 -47.701456999999998
 9214 -22.666142000000001 -47.701456999999998
 9215 -22.666142000000001 -47.701456999999998
 9216 -22.666142000000001 -47.701456999999998
 9217 -22.666142000000001 -47.701456999999998
 9218 -22.666142000000001 -47.701456999999998
 9219 -22.666142000000001 -47.701456999999998
 9220 -22.666142000000001 -47.701456999999998
 9221 -22.666142000000001 -47.701456999999998
 9222 -22.666142000000001 -47.701456999999998
 9223 -22.666142000000001 -47.701456999999998
 9224 -22.666142000000001 -47.701456999999998
 9225 -22.666142000000001 -47.701456999999998
 9226 -22.666142000000001 -47.701456999999998
 9227 -22.666142000000001 -47.701456999999998
 9228 -22.666142000000001 -47.701456999999998
 9229 -22.666142000000001 -47.701456999999998
 9230 -22.666142000000001 -47.701456999999998
 9231 -22.666142000000001 -47.701456999999998
 9232 -22.666142000000001 -47.701456999999998
 9233 -22.666142000000001 -47.701456999999998
 9234 -22.666142000000001 -47.701456999999998
 9235 -22.666142000000001 -47.701456999999998
 9236 -22.666142000000001 -47.701456999999998
 9237 -22.666142000000001 -47.701456999999998
 9238 -22.666142000000001 -47.701456999999998
 9239 -22.666142000000001 -47.701456999999998
 9240 -22.666142000000001 -47.701456999999998
 9241 -22.666142000000001 -47.701456999999998
 9242 -22.666142000000001 -47.701456999999998
 9243 -22.666142000000001 -47.701456999999998
 9244 -22.666142000000001 -47.701456999999998
 9245 -22.666142000000001 -47.701456999999998
 9246 -22.666142000000001 -47.701456999999998
 9247 -22.666142000000001 -47.701456999999998
 9248 -22.666142000000001 -47.701456999999998
 9249 -22.666142000000001 -47.701456999999998
 9250 -22.666142000000001 -47.701456999999998
 9251 -22.666142000000001 -47.701456999999998
 9252 -22.666142000000001 -47.701456999999998
 9253 -22.666142000000001 -47.701456999999998
 9254 -22.666142000000001 -47.701456999999998
 9255 -22.666142000000001 -47.701456999999998
 9256 -22.666142000000001 -47.701456999999998
 9257 -22.666142000000001 -47.701456999999998
 9258 -22.666142000000001 -47.701456999999998
 9259 -22.666142000000001 -47.701456999999998
 9260 -22.666142000000001 -47.701456999999998
 9261 -22.666142000000001 -47.701456999999998
 9262 -22.666142000000001 -47.701456999999998
 9263 -22.666142000000001 -47.701456999999998
 9264 -22.666142000000001 -47.701456999999998
 9265 -22.666142000000001 -47.701456999999998
 9266 -22.666142000000001 -47.701456999999998
 9267 -22.666142000000001 -47.701456999999998
 9268 -22.666142000000001 -47.701456999999998
 9269 -22.666142000000001 -47.701456999999998
 9270 -22.666142000000001 -47.701456999999998
 9271 -22.666142000000001 -47.701456999999998
 9272 -22.666142000000001 -47.701456999999998
 9273 -22.666142000000001 -47.701456999999998
 9274 -22.666142000000001 -47.701456999999998
 9275 -22.666142000000001 -47.701456999999998
 9276 -22.666142000000001 -47.701456999999998
 9277 -22.666142000000001 -47.701456999999998
 9278 -22.666142000000001 -47.701456999999998
 9279 -22.666142000000001 -47.701456999999998
 9280 -22.666142000000001 -47.701456999999998
 9281 -22.666142000000001 -47.701456999999998
 9282 -22.666142000000001 -47.701456999999998
 9283 -22.666142000000001 -47.701456999999998
 9284 -22.666142000000001 -47.701456999999998
 9285 -22.666142000000001 -47.701456999999998
 9286 -22.666142000000001 -47.701456999999998
 9287 -22.666142000000001 -47.701456999999998
 9288 -22.666142000000001 -47.701456999999998
 9289 -22.666142000000001 -47.701456999999998
 9290 -22.666142000000001 -47.701456999999998
 9291 -22.666142000000001 -47.701456999999998
 9292 -22.666142000000001 -47.701456999999998
 9293 -22.666142000000001 -47.701456999999998
 9294 -22.666142000000001 -47.701456999999998
 9295 -22.666142000000001 -47.701456999999998
 9296 -22.666142000000001 -47.701456999999998
 9297 -22.666142000000001 -47.701456999999998
 9298 -22.666142000000001 -47.701456999999998
 9299 -22.666142000000001 -47.701456999999998
 9300 -22.666142000000001 -47.701456999999998
 9301 -22.666142000000001 -47.701456999999998
 9302 -22.666142000000001 -47.701456999999998
 9303 -22.666142000000001 -47.701456999999998
 9304 -22.666142000000001 -47.701456999999998
 9305 -22.666142000000001 -47.701456999999998
 9306 -22.666142000000001 -47.701456999999998
 9307 -22.666142000000001 -47.701456999999998
 9308 -22.666142000000001 -47.701456999999998
 9309 -22.666142000000001 -47.701456999999998
 9310 -22.666142000000001 -47.701456999999998
 9311 -22.666142000000001 -47.701456999999998
 9312 -22.666142000000001 -47.701456999999998
 9313 -22.666142000000001 -47.701456999999998
 9314 -22.666142000000001 -47.701456999999998
 9315 -22.666142000000001 -47.701456999999998
 9316 -22.666142000000001 -47.701456999999998
 9317 -22.666142000000001 -47.701456999999998
 9318 -22.666142000000001 -47.701456999999998
 9319 -22.666142000000001 -47.701456999999998
 9320 -22.666142000000001 -47.701456999999998
 9321 -22.666142000000001 -47.701456999999998
 9322 -22.666142000000001 -47.701456999999998
 9323 -22.666142000000001 -47.701456999999998
 9324 -22.666142000000001 -47.701456999999998
 9325 -22.666142000000001 -47.701456999999998
 9326 -22.666142000000001 -47.701456999999998
 9327 -22.666142000000001 -47.701456999999998
 9328 -22.666142000000001 -47.701456999999998
 9329 -22.666142000000001 -47.701456999999998
 9330 -22.666142000000001 -47.701456999999998
 9331 -22.666142000000001 -47.701456999999998
 9332 -22.666142000000001 -47.701456999999998
 9333 -22.666142000000001 -47.701456999999998
 9334 -22.666142000000001 -47.701456999999998
 9335 -22.666142000000001 -47.701456999999998
 9336 -22.666142000000001 -47.701456999999998
 9337 -22.666142000000001 -47.701456999999998
 9338 -22.666142000000001 -47.701456999999998
 9339 -22.666142000000001 -47.701456999999998
 9340 -22.666142000000001 -47.701456999999998
 9341 -22.666142000000001 -47.701456999999998
 9342 -22.666142000000001 -47.701456999999998
 9343 -22.666142000000001 -47.701456999999998
 9344 -22.666142000000001 -47.701456999999998
 9345 -22.666142000000001 -47.701456999999998
 9346 -22.666142000000001 -47.701456999999998
 9347 -22.666142000000001 -47.701456999999998
 9348 -22.666142000000001 -47.701456999999998
 9349 -22.666142000000001 -47.701456999999998
 9350 -22.666142000000001 -47.701456999999998
 9351 -22.666142000000001 -47.701456999999998
 9352 -22.666142000000001 -47.701456999999998
 9353 -22.666142000000001 -47.701456999999998
 9354 -22.666142000000001 -47.701456999999998
 9355 -22.666142000000001 -47.701456999999998
 9356 -22.666142000000001 -47.701456999999998
 9357 -22.666142000000001 -47.701456999999998
 9358 -22.666142000000001 -47.701456999999998
 9359 -22.666142000000001 -47.701456999999998
 9360 -22.666142000000001 -47.701456999999998
 9361 -22.666142000000001 -47.701456999999998
 9362 -22.666142000000001 -47.701456999999998
 9363 -22.666142000000001 -47.701456999999998
