cod,sis,name,StationCode,StationName,Traking,Tilt,Azimuth,Height,Turbine,Profile,DownsFlag,DensityCorrectionFlag,DensityCorrection,DCACRatio,SystemLosses,OptmizedAzimuth
949,1,EOLRJ028730,300,EOL19,0,0,180,100,Vestas_V90_2000,None,0,0,0,1,0.1,0
1850,1,UFVES043225,306,UFV4,0,0,180,100,Vestas_V90_2000,None,0,0,0,1,0.1,0
1851,1,UFVES048831,306,UFV4,0,0,180,100,Vestas_V90_2000,None,0,0,0,1,0.1,0
1852,1,UFVES060651,306,UFV4,0,0,180,100,Vestas_V90_2000,None,0,0,0,1,0.1,0
1853,1,UFVES062877,312,UFV10,0,0,180,100,Vestas_V90_2000,None,0,0,0,1,0.1,0
1854,1,UFVES071334,306,UFV4,0,0,180,100,Vestas_V90_2000,None,0,0,0,1,0.1,0
1855,1,UFVES072167,306,UFV4,0,0,180,100,Vestas_V90_2000,None,0,0,0,1,0.1,0
1856,1,UFVGO061525,303,UFV1,0,0,180,100,Vestas_V90_2000,None,0,0,0,1,0.1,0
1857,1,UFVGO062076,303,UFV1,0,0,180,100,Vestas_V90_2000,None,0,0,0,1,0.1,0
1858,1,UFVGO071734,303,UFV1,0,0,180,100,Vestas_V90_2000,None,0,0,0,1,0.1,0
1859,1,UFVGO071739,303,UFV1,0,0,180,100,Vestas_V90_2000,None,0,0,0,1,0.1,0
1860,1,UFVGO071740,303,UFV1,0,0,180,100,Vestas_V90_2000,None,0,0,0,1,0.1,0
1861,1,UFVGO071741,303,UFV1,0,0,180,100,Vestas_V90_2000,None,0,0,0,1,0.1,0
1862,1,UFVMG031760,312,UFV10,0,0,180,100,Vestas_V90_2000,None,0,0,0,1,0.1,0
1863,1,UFVMG032323,306,UFV4,0,0,180,100,Vestas_V90_2000,None,0,0,0,1,0.1,0
1864,1,UFVMG032339,312,UFV10,0,0,180,100,Vestas_V90_2000,None,0,0,0,1,0.1,0
1865,1,UFVMG032340,312,UFV10,0,0,180,100,Vestas_V90_2000,None,0,0,0,1,0.1,0
1866,1,UFVMG032341,312,UFV10,0,0,180,100,Vestas_V90_2000,None,0,0,0,1,0.1,0
1867,1,UFVMG033185,312,UFV10,0,0,180,100,Vestas_V90_2000,None,0,0,0,1,0.1,0
1868,1,UFVMG033186,312,UFV10,0,0,180,100,Vestas_V90_2000,None,0,0,0,1,0.1,0
1869,1,UFVMG033187,312,UFV10,0,0,180,100,Vestas_V90_2000,None,0,0,0,1,0.1,0
1870,1,UFVMG033188,312,UFV10,0,0,180,100,Vestas_V90_2000,None,0,0,0,1,0.1,0
1871,1,UFVMG033189,312,UFV10,0,0,180,100,Vestas_V90_2000,None,0,0,0,1,0.1,0
1872,1,UFVMG033190,312,UFV10,0,0,180,100,Vestas_V90_2000,None,0,0,0,1,0.1,0
1873,1,UFVMG033192,312,UFV10,0,0,180,100,Vestas_V90_2000,None,0,0,0,1,0.1,0
1874,1,UFVMG033193,312,UFV10,0,0,180,100,Vestas_V90_2000,None,0,0,0,1,0.1,0
1875,1,UFVMG033236,306,UFV4,0,0,180,100,Vestas_V90_2000,None,0,0,0,1,0.1,0
1876,1,UFVMG033237,306,UFV4,0,0,180,100,Vestas_V90_2000,None,0,0,0,1,0.1,0
1877,1,UFVMG033238,306,UFV4,0,0,180,100,Vestas_V90_2000,None,0,0,0,1,0.1,0
1878,1,UFVMG033990,303,UFV1,0,0,180,100,Vestas_V90_2000,None,0,0,0,1,0.1,0
1879,1,UFVMG033991,303,UFV1,0,0,180,100,Vestas_V90_2000,None,0,0,0,1,0.1,0
1880,1,UFVMG033999,303,UFV1,0,0,180,100,Vestas_V90_2000,None,0,0,0,1,0.1,0
1881,1,UFVMG034000,303,UFV1,0,0,180,100,Vestas_V90_2000,None,0,0,0,1,0.1,0
1882,1,UFVMG034073,303,UFV1,0,0,180,100,Vestas_V90_2000,None,0,0,0,1,0.1,0
1883,1,UFVMG034074,303,UFV1,0,0,180,100,Vestas_V90_2000,None,0,0,0,1,0.1,0
1884,1,UFVMG034392,306,UFV4,0,0,180,100,Vestas_V90_2000,None,0,0,0,1,0.1,0
1885,1,UFVMG034394,306,UFV4,0,0,180,100,Vestas_V90_2000,None,0,0,0,1,0.1,0
1886,1,UFVMG035805,306,UFV4,0,0,180,100,Vestas_V90_2000,None,0,0,0,1,0.1,0
1887,1,UFVMG037390,306,UFV4,0,0,180,100,Vestas_V90_2000,None,0,0,0,1,0.1,0
1888,1,UFVMG037403,306,UFV4,0,0,180,100,Vestas_V90_2000,None,0,0,0,1,0.1,0
1889,1,UFVMG037404,306,UFV4,0,0,180,100,Vestas_V90_2000,None,0,0,0,1,0.1,0
1890,1,UFVMG037405,306,UFV4,0,0,180,100,Vestas_V90_2000,None,0,0,0,1,0.1,0
1891,1,UFVMG037548,306,UFV4,0,0,180,100,Vestas_V90_2000,None,0,0,0,1,0.1,0
1892,1,UFVMG037549,306,UFV4,0,0,180,100,Vestas_V90_2000,None,0,0,0,1,0.1,0
1893,1,UFVMG037550,306,UFV4,0,0,180,100,Vestas_V90_2000,None,0,0,0,1,0.1,0
1894,1,UFVMG037551,306,UFV4,0,0,180,100,Vestas_V90_2000,None,0,0,0,1,0.1,0
1895,1,UFVMG037626,306,UFV4,0,0,180,100,Vestas_V90_2000,None,0,0,0,1,0.1,0
1896,1,UFVMG037627,306,UFV4,0,0,180,100,Vestas_V90_2000,None,0,0,0,1,0.1,0
1897,1,UFVMG037628,306,UFV4,0,0,180,100,Vestas_V90_2000,None,0,0,0,1,0.1,0
1898,1,UFVMG037629,306,UFV4,0,0,180,100,Vestas_V90_2000,None,0,0,0,1,0.1,0
1899,1,UFVMG037630,306,UFV4,0,0,180,100,Vestas_V90_2000,None,0,0,0,1,0.1,0
1900,1,UFVMG037631,306,UFV4,0,0,180,100,Vestas_V90_2000,None,0,0,0,1,0.1,0
1901,1,UFVMG037632,306,UFV4,0,0,180,100,Vestas_V90_2000,None,0,0,0,1,0.1,0
1902,1,UFVMG037633,306,UFV4,0,0,180,100,Vestas_V90_2000,None,0,0,0,1,0.1,0
1903,1,UFVMG037634,306,UFV4,0,0,180,100,Vestas_V90_2000,None,0,0,0,1,0.1,0
1904,1,UFVMG037830,312,UFV10,0,0,180,100,Vestas_V90_2000,None,0,0,0,1,0.1,0
1905,1,UFVMG037831,312,UFV10,0,0,180,100,Vestas_V90_2000,None,0,0,0,1,0.1,0
1906,1,UFVMG037832,312,UFV10,0,0,180,100,Vestas_V90_2000,None,0,0,0,1,0.1,0
1907,1,UFVMG037833,312,UFV10,0,0,180,100,Vestas_V90_2000,None,0,0,0,1,0.1,0
1908,1,UFVMG037834,312,UFV10,0,0,180,100,Vestas_V90_2000,None,0,0,0,1,0.1,0
1909,1,UFVMG037835,312,UFV10,0,0,180,100,Vestas_V90_2000,None,0,0,0,1,0.1,0
1910,1,UFVMG037836,312,UFV10,0,0,180,100,Vestas_V90_2000,None,0,0,0,1,0.1,0
1911,1,UFVMG037837,312,UFV10,0,0,180,100,Vestas_V90_2000,None,0,0,0,1,0.1,0
1912,1,UFVMG037838,312,UFV10,0,0,180,100,Vestas_V90_2000,None,0,0,0,1,0.1,0
1913,1,UFVMG037839,312,UFV10,0,0,180,100,Vestas_V90_2000,None,0,0,0,1,0.1,0
1914,1,UFVMG040851,303,UFV1,0,0,180,100,Vestas_V90_2000,None,0,0,0,1,0.1,0
1915,1,UFVMG040852,303,UFV1,0,0,180,100,Vestas_V90_2000,None,0,0,0,1,0.1,0
1916,1,UFVMG040857,306,UFV4,0,0,180,100,Vestas_V90_2000,None,0,0,0,1,0.1,0
1917,1,UFVMG040858,306,UFV4,0,0,180,100,Vestas_V90_2000,None,0,0,0,1,0.1,0
1918,1,UFVMG040859,306,UFV4,0,0,180,100,Vestas_V90_2000,None,0,0,0,1,0.1,0
1919,1,UFVMG040860,306,UFV4,0,0,180,100,Vestas_V90_2000,None,0,0,0,1,0.1,0
1920,1,UFVMG040861,306,UFV4,0,0,180,100,Vestas_V90_2000,None,0,0,0,1,0.1,0
1921,1,UFVMG040862,306,UFV4,0,0,180,100,Vestas_V90_2000,None,0,0,0,1,0.1,0
1922,1,UFVMG040863,306,UFV4,0,0,180,100,Vestas_V90_2000,None,0,0,0,1,0.1,0
1923,1,UFVMG040864,306,UFV4,0,0,180,100,Vestas_V90_2000,None,0,0,0,1,0.1,0
1924,1,UFVMG040865,306,UFV4,0,0,180,100,Vestas_V90_2000,None,0,0,0,1,0.1,0
1925,1,UFVMG040866,306,UFV4,0,0,180,100,Vestas_V90_2000,None,0,0,0,1,0.1,0
1926,1,UFVMG040867,306,UFV4,0,0,180,100,Vestas_V90_2000,None,0,0,0,1,0.1,0
1927,1,UFVMG040868,306,UFV4,0,0,180,100,Vestas_V90_2000,None,0,0,0,1,0.1,0
1928,1,UFVMG040869,306,UFV4,0,0,180,100,Vestas_V90_2000,None,0,0,0,1,0.1,0
1929,1,UFVMG040870,306,UFV4,0,0,180,100,Vestas_V90_2000,None,0,0,0,1,0.1,0
1930,1,UFVMG040871,306,UFV4,0,0,180,100,Vestas_V90_2000,None,0,0,0,1,0.1,0
1931,1,UFVMG040872,306,UFV4,0,0,180,100,Vestas_V90_2000,None,0,0,0,1,0.1,0
1932,1,UFVMG040873,306,UFV4,0,0,180,100,Vestas_V90_2000,None,0,0,0,1,0.1,0
1933,1,UFVMG040874,306,UFV4,0,0,180,100,Vestas_V90_2000,None,0,0,0,1,0.1,0
1934,1,UFVMG040875,306,UFV4,0,0,180,100,Vestas_V90_2000,None,0,0,0,1,0.1,0
1935,1,UFVMG040876,306,UFV4,0,0,180,100,Vestas_V90_2000,None,0,0,0,1,0.1,0
1936,1,UFVMG042991,312,UFV10,0,0,180,100,Vestas_V90_2000,None,0,0,0,1,0.1,0
1937,1,UFVMG042992,312,UFV10,0,0,180,100,Vestas_V90_2000,None,0,0,0,1,0.1,0
1938,1,UFVMG042993,312,UFV10,0,0,180,100,Vestas_V90_2000,None,0,0,0,1,0.1,0
1939,1,UFVMG042994,312,UFV10,0,0,180,100,Vestas_V90_2000,None,0,0,0,1,0.1,0
1940,1,UFVMG042995,312,UFV10,0,0,180,100,Vestas_V90_2000,None,0,0,0,1,0.1,0
1941,1,UFVMG042996,312,UFV10,0,0,180,100,Vestas_V90_2000,None,0,0,0,1,0.1,0
1942,1,UFVMG042997,312,UFV10,0,0,180,100,Vestas_V90_2000,None,0,0,0,1,0.1,0
1943,1,UFVMG042998,312,UFV10,0,0,180,100,Vestas_V90_2000,None,0,0,0,1,0.1,0
1944,1,UFVMG042999,312,UFV10,0,0,180,100,Vestas_V90_2000,None,0,0,0,1,0.1,0
1945,1,UFVMG043001,312,UFV10,0,0,180,100,Vestas_V90_2000,None,0,0,0,1,0.1,0
1946,1,UFVMG043162,306,UFV4,0,0,180,100,Vestas_V90_2000,None,0,0,0,1,0.1,0
1947,1,UFVMG043223,306,UFV4,0,0,180,100,Vestas_V90_2000,None,0,0,0,1,0.1,0
1948,1,UFVMG043268,306,UFV4,0,0,180,100,Vestas_V90_2000,None,0,0,0,1,0.1,0
1949,1,UFVMG047281,303,UFV1,0,0,180,100,Vestas_V90_2000,None,0,0,0,1,0.1,0
1950,1,UFVMG047282,303,UFV1,0,0,180,100,Vestas_V90_2000,None,0,0,0,1,0.1,0
1951,1,UFVMG047283,303,UFV1,0,0,180,100,Vestas_V90_2000,None,0,0,0,1,0.1,0
1952,1,UFVMG047284,303,UFV1,0,0,180,100,Vestas_V90_2000,None,0,0,0,1,0.1,0
1953,1,UFVMG047285,303,UFV1,0,0,180,100,Vestas_V90_2000,None,0,0,0,1,0.1,0
1954,1,UFVMG047286,303,UFV1,0,0,180,100,Vestas_V90_2000,None,0,0,0,1,0.1,0
1955,1,UFVMG047287,303,UFV1,0,0,180,100,Vestas_V90_2000,None,0,0,0,1,0.1,0
1956,1,UFVMG071747,312,UFV10,0,0,180,100,Vestas_V90_2000,None,0,0,0,1,0.1,0
1957,1,UFVMS051962,311,UFV9,0,0,180,100,Vestas_V90_2000,None,0,0,0,1,0.1,0
1958,1,UFVMT035492,311,UFV9,0,0,180,100,Vestas_V90_2000,None,0,0,0,1,0.1,0
1959,1,UFVMT051961,311,UFV9,0,0,180,100,Vestas_V90_2000,None,0,0,0,1,0.1,0
1960,1,UFVMT060664,311,UFV9,0,0,180,100,Vestas_V90_2000,None,0,0,0,1,0.1,0
1961,1,UFVMT064468,311,UFV9,0,0,180,100,Vestas_V90_2000,None,0,0,0,1,0.1,0
1962,1,UFVMT071785,311,UFV9,0,0,180,100,Vestas_V90_2000,None,0,0,0,1,0.1,0
1963,1,UFVMT072059,311,UFV9,0,0,180,100,Vestas_V90_2000,None,0,0,0,1,0.1,0
1964,1,UFVMT072261,311,UFV9,0,0,180,100,Vestas_V90_2000,None,0,0,0,1,0.1,0
2097,1,UFVSP030977,311,UFV9,0,0,180,100,Vestas_V90_2000,None,0,0,0,1,0.1,0
2098,1,UFVSP032312,311,UFV9,0,0,180,100,Vestas_V90_2000,None,0,0,0,1,0.1,0
2099,1,UFVSP032313,311,UFV9,0,0,180,100,Vestas_V90_2000,None,0,0,0,1,0.1,0
2100,1,UFVSP032315,311,UFV9,0,0,180,100,Vestas_V90_2000,None,0,0,0,1,0.1,0
2101,1,UFVSP032326,311,UFV9,0,0,180,100,Vestas_V90_2000,None,0,0,0,1,0.1,0
2102,1,UFVSP032327,311,UFV9,0,0,180,100,Vestas_V90_2000,None,0,0,0,1,0.1,0
2103,1,UFVSP032328,311,UFV9,0,0,180,100,Vestas_V90_2000,None,0,0,0,1,0.1,0
2104,1,UFVSP032329,311,UFV9,0,0,180,100,Vestas_V90_2000,None,0,0,0,1,0.1,0
2105,1,UFVSP032330,311,UFV9,0,0,180,100,Vestas_V90_2000,None,0,0,0,1,0.1,0
2106,1,UFVSP034107,306,UFV4,0,0,180,100,Vestas_V90_2000,None,0,0,0,1,0.1,0
2107,1,UFVSP034108,311,UFV9,0,0,180,100,Vestas_V90_2000,None,0,0,0,1,0.1,0
2108,1,UFVSP034109,311,UFV9,0,0,180,100,Vestas_V90_2000,None,0,0,0,1,0.1,0
2109,1,UFVSP034110,311,UFV9,0,0,180,100,Vestas_V90_2000,None,0,0,0,1,0.1,0
2110,1,UFVSP034111,311,UFV9,0,0,180,100,Vestas_V90_2000,None,0,0,0,1,0.1,0
2111,1,UFVSP034112,311,UFV9,0,0,180,100,Vestas_V90_2000,None,0,0,0,1,0.1,0
2112,1,UFVSP034161,311,UFV9,0,0,180,100,Vestas_V90_2000,None,0,0,0,1,0.1,0
2113,1,UFVSP034162,311,UFV9,0,0,180,100,Vestas_V90_2000,None,0,0,0,1,0.1,0
2114,1,UFVSP034163,311,UFV9,0,0,180,100,Vestas_V90_2000,None,0,0,0,1,0.1,0
2115,1,UFVSP034206,311,UFV9,0,0,180,100,Vestas_V90_2000,None,0,0,0,1,0.1,0
2116,1,UFVSP034207,311,UFV9,0,0,180,100,Vestas_V90_2000,None,0,0,0,1,0.1,0
2117,1,UFVSP034208,311,UFV9,0,0,180,100,Vestas_V90_2000,None,0,0,0,1,0.1,0
2118,1,UFVSP034358,311,UFV9,0,0,180,100,Vestas_V90_2000,None,0,0,0,1,0.1,0
2119,1,UFVSP034359,311,UFV9,0,0,180,100,Vestas_V90_2000,None,0,0,0,1,0.1,0
2120,1,UFVSP034360,311,UFV9,0,0,180,100,Vestas_V90_2000,None,0,0,0,1,0.1,0
2121,1,UFVSP034361,311,UFV9,0,0,180,100,Vestas_V90_2000,None,0,0,0,1,0.1,0
2122,1,UFVSP034362,311,UFV9,0,0,180,100,Vestas_V90_2000,None,0,0,0,1,0.1,0
2123,1,UFVSP034363,311,UFV9,0,0,180,100,Vestas_V90_2000,None,0,0,0,1,0.1,0
2124,1,UFVSP034364,311,UFV9,0,0,180,100,Vestas_V90_2000,None,0,0,0,1,0.1,0
2125,1,UFVSP034365,311,UFV9,0,0,180,100,Vestas_V90_2000,None,0,0,0,1,0.1,0
2126,1,UFVSP066069,311,UFV9,0,0,180,100,Vestas_V90_2000,None,0,0,0,1,0.1,0
2127,1,UFVSP070586,303,UFV1,0,0,180,100,Vestas_V90_2000,None,0,0,0,1,0.1,0
4234,1,USE1321512,303,UFV1,0,0,180,100,Vestas_V90_2000,None,0,0,0,1,0.1,0
4235,1,USE1323875,303,UFV1,0,0,180,100,Vestas_V90_2000,None,0,0,0,1,0.1,0
4236,1,USE1324300,303,UFV1,0,0,180,100,Vestas_V90_2000,None,0,0,0,1,0.1,0
4237,1,USE1323895,303,UFV1,0,0,180,100,Vestas_V90_2000,None,0,0,0,1,0.1,0
4238,1,USE1324303,303,UFV1,0,0,180,100,Vestas_V90_2000,None,0,0,0,1,0.1,0
4239,1,USE1331512,303,UFV1,0,0,180,100,Vestas_V90_2000,None,0,0,0,1,0.1,0
4240,1,USE1333875,303,UFV1,0,0,180,100,Vestas_V90_2000,None,0,0,0,1,0.1,0
4241,1,USE1334300,303,UFV1,0,0,180,100,Vestas_V90_2000,None,0,0,0,1,0.1,0
4242,1,USE1333895,303,UFV1,0,0,180,100,Vestas_V90_2000,None,0,0,0,1,0.1,0
4243,1,USE1334303,303,UFV1,0,0,180,100,Vestas_V90_2000,None,0,0,0,1,0.1,0
4244,1,USE1341512,303,UFV1,0,0,180,100,Vestas_V90_2000,None,0,0,0,1,0.1,0
4245,1,USE1343875,303,UFV1,0,0,180,100,Vestas_V90_2000,None,0,0,0,1,0.1,0
4246,1,USE1344300,303,UFV1,0,0,180,100,Vestas_V90_2000,None,0,0,0,1,0.1,0
4247,1,USE1343895,303,UFV1,0,0,180,100,Vestas_V90_2000,None,0,0,0,1,0.1,0
4248,1,USE1344303,303,UFV1,0,0,180,100,Vestas_V90_2000,None,0,0,0,1,0.1,0
4249,1,USE1351512,303,UFV1,0,0,180,100,Vestas_V90_2000,None,0,0,0,1,0.1,0
4250,1,USE1353875,303,UFV1,0,0,180,100,Vestas_V90_2000,None,0,0,0,1,0.1,0
4251,1,USE1354300,303,UFV1,0,0,180,100,Vestas_V90_2000,None,0,0,0,1,0.1,0
4252,1,USE1353895,303,UFV1,0,0,180,100,Vestas_V90_2000,None,0,0,0,1,0.1,0
4253,1,USE1354303,303,UFV1,0,0,180,100,Vestas_V90_2000,None,0,0,0,1,0.1,0
4254,1,USE1361512,303,UFV1,0,0,180,100,Vestas_V90_2000,None,0,0,0,1,0.1,0
4255,1,USE1363875,303,UFV1,0,0,180,100,Vestas_V90_2000,None,0,0,0,1,0.1,0
4256,1,USE1364300,303,UFV1,0,0,180,100,Vestas_V90_2000,None,0,0,0,1,0.1,0
4257,1,USE1363895,303,UFV1,0,0,180,100,Vestas_V90_2000,None,0,0,0,1,0.1,0
4258,1,USE1364303,303,UFV1,0,0,180,100,Vestas_V90_2000,None,0,0,0,1,0.1,0
4259,1,USE1371512,303,UFV1,0,0,180,100,Vestas_V90_2000,None,0,0,0,1,0.1,0
4260,1,USE1373875,303,UFV1,0,0,180,100,Vestas_V90_2000,None,0,0,0,1,0.1,0
4261,1,USE1374300,303,UFV1,0,0,180,100,Vestas_V90_2000,None,0,0,0,1,0.1,0
4262,1,USE1373895,303,UFV1,0,0,180,100,Vestas_V90_2000,None,0,0,0,1,0.1,0
4263,1,USE1374303,303,UFV1,0,0,180,100,Vestas_V90_2000,None,0,0,0,1,0.1,0
4264,1,USE1381512,303,UFV1,0,0,180,100,Vestas_V90_2000,None,0,0,0,1,0.1,0
4265,1,USE1383875,303,UFV1,0,0,180,100,Vestas_V90_2000,None,0,0,0,1,0.1,0
4266,1,USE1384300,303,UFV1,0,0,180,100,Vestas_V90_2000,None,0,0,0,1,0.1,0
4267,1,USE1383895,303,UFV1,0,0,180,100,Vestas_V90_2000,None,0,0,0,1,0.1,0
4268,1,USE1384303,303,UFV1,0,0,180,100,Vestas_V90_2000,None,0,0,0,1,0.1,0
4269,1,USE1391512,303,UFV1,0,0,180,100,Vestas_V90_2000,None,0,0,0,1,0.1,0
4270,1,USE1393875,303,UFV1,0,0,180,100,Vestas_V90_2000,None,0,0,0,1,0.1,0
4271,1,USE1394300,303,UFV1,0,0,180,100,Vestas_V90_2000,None,0,0,0,1,0.1,0
4272,1,USE1393895,303,UFV1,0,0,180,100,Vestas_V90_2000,None,0,0,0,1,0.1,0
4273,1,USE1394303,303,UFV1,0,0,180,100,Vestas_V90_2000,None,0,0,0,1,0.1,0
4274,1,USE2341512,303,UFV1,0,0,180,100,Vestas_V90_2000,None,0,0,0,1,0.1,0
4275,1,USE2343875,303,UFV1,0,0,180,100,Vestas_V90_2000,None,0,0,0,1,0.1,0
4276,1,USE2344300,303,UFV1,0,0,180,100,Vestas_V90_2000,None,0,0,0,1,0.1,0
4277,1,USE2343895,303,UFV1,0,0,180,100,Vestas_V90_2000,None,0,0,0,1,0.1,0
4278,1,USE2344303,303,UFV1,0,0,180,100,Vestas_V90_2000,None,0,0,0,1,0.1,0
4279,1,USE2351512,303,UFV1,0,0,180,100,Vestas_V90_2000,None,0,0,0,1,0.1,0
4280,1,USE2353875,303,UFV1,0,0,180,100,Vestas_V90_2000,None,0,0,0,1,0.1,0
4281,1,USE2354300,303,UFV1,0,0,180,100,Vestas_V90_2000,None,0,0,0,1,0.1,0
4282,1,USE2353895,303,UFV1,0,0,180,100,Vestas_V90_2000,None,0,0,0,1,0.1,0
4283,1,USE2354303,303,UFV1,0,0,180,100,Vestas_V90_2000,None,0,0,0,1,0.1,0
4284,1,USE2361512,303,UFV1,0,0,180,100,Vestas_V90_2000,None,0,0,0,1,0.1,0
4285,1,USE2363875,303,UFV1,0,0,180,100,Vestas_V90_2000,None,0,0,0,1,0.1,0
4286,1,USE2364300,303,UFV1,0,0,180,100,Vestas_V90_2000,None,0,0,0,1,0.1,0
4287,1,USE2363895,303,UFV1,0,0,180,100,Vestas_V90_2000,None,0,0,0,1,0.1,0
4288,1,USE2364303,303,UFV1,0,0,180,100,Vestas_V90_2000,None,0,0,0,1,0.1,0
4289,1,USE2371512,303,UFV1,0,0,180,100,Vestas_V90_2000,None,0,0,0,1,0.1,0
4290,1,USE2373875,303,UFV1,0,0,180,100,Vestas_V90_2000,None,0,0,0,1,0.1,0
4291,1,USE2374300,303,UFV1,0,0,180,100,Vestas_V90_2000,None,0,0,0,1,0.1,0
4292,1,USE2373895,303,UFV1,0,0,180,100,Vestas_V90_2000,None,0,0,0,1,0.1,0
4293,1,USE2374303,303,UFV1,0,0,180,100,Vestas_V90_2000,None,0,0,0,1,0.1,0
4294,1,USE2381512,303,UFV1,0,0,180,100,Vestas_V90_2000,None,0,0,0,1,0.1,0
4295,1,USE2383875,303,UFV1,0,0,180,100,Vestas_V90_2000,None,0,0,0,1,0.1,0
4296,1,USE2384300,303,UFV1,0,0,180,100,Vestas_V90_2000,None,0,0,0,1,0.1,0
4297,1,USE2383895,303,UFV1,0,0,180,100,Vestas_V90_2000,None,0,0,0,1,0.1,0
4298,1,USE2384303,303,UFV1,0,0,180,100,Vestas_V90_2000,None,0,0,0,1,0.1,0
4299,1,USE2391512,303,UFV1,0,0,180,100,Vestas_V90_2000,None,0,0,0,1,0.1,0
4300,1,USE2393875,303,UFV1,0,0,180,100,Vestas_V90_2000,None,0,0,0,1,0.1,0
4301,1,USE2394300,303,UFV1,0,0,180,100,Vestas_V90_2000,None,0,0,0,1,0.1,0
4302,1,USE2393895,303,UFV1,0,0,180,100,Vestas_V90_2000,None,0,0,0,1,0.1,0
4303,1,USE2394303,303,UFV1,0,0,180,100,Vestas_V90_2000,None,0,0,0,1,0.1,0
4304,1,UFVGO046567,303,UFV1,0,0,180,100,Vestas_V90_2000,None,0,0,0,1,0.1,0
4305,1,UFVGO046568,303,UFV1,0,0,180,100,Vestas_V90_2000,None,0,0,0,1,0.1,0
4306,1,UFVGO046569,303,UFV1,0,0,180,100,Vestas_V90_2000,None,0,0,0,1,0.1,0
4307,1,UFVGO046570,303,UFV1,0,0,180,100,Vestas_V90_2000,None,0,0,0,1,0.1,0
4308,1,UFVGO046571,303,UFV1,0,0,180,100,Vestas_V90_2000,None,0,0,0,1,0.1,0
4309,1,UFVGO046572,303,UFV1,0,0,180,100,Vestas_V90_2000,None,0,0,0,1,0.1,0
4310,1,UFVGO052318,303,UFV1,0,0,180,100,Vestas_V90_2000,None,0,0,0,1,0.1,0
4311,1,UFVGO052319,303,UFV1,0,0,180,100,Vestas_V90_2000,None,0,0,0,1,0.1,0
4312,1,UFVGO052320,303,UFV1,0,0,180,100,Vestas_V90_2000,None,0,0,0,1,0.1,0
4313,1,UFVGO052321,303,UFV1,0,0,180,100,Vestas_V90_2000,None,0,0,0,1,0.1,0
4314,1,UFVGO052322,303,UFV1,0,0,180,100,Vestas_V90_2000,None,0,0,0,1,0.1,0
4315,1,UFVGO052323,303,UFV1,0,0,180,100,Vestas_V90_2000,None,0,0,0,1,0.1,0
4316,1,UFVGO052324,303,UFV1,0,0,180,100,Vestas_V90_2000,None,0,0,0,1,0.1,0
4317,1,UFVGO073629,303,UFV1,0,0,180,100,Vestas_V90_2000,None,0,0,0,1,0.1,0
4318,1,UFVMG049183,303,UFV1,0,0,180,100,Vestas_V90_2000,None,0,0,0,1,0.1,0
4319,1,UFVMG049185,303,UFV1,0,0,180,100,Vestas_V90_2000,None,0,0,0,1,0.1,0
4320,1,UFVMG049186,303,UFV1,0,0,180,100,Vestas_V90_2000,None,0,0,0,1,0.1,0
4321,1,UFVMG049187,303,UFV1,0,0,180,100,Vestas_V90_2000,None,0,0,0,1,0.1,0
4322,1,UFVMG049188,303,UFV1,0,0,180,100,Vestas_V90_2000,None,0,0,0,1,0.1,0
4323,1,UFVMG049189,303,UFV1,0,0,180,100,Vestas_V90_2000,None,0,0,0,1,0.1,0
4324,1,UFVMG049190,303,UFV1,0,0,180,100,Vestas_V90_2000,None,0,0,0,1,0.1,0
4325,1,UFVMG049191,303,UFV1,0,0,180,100,Vestas_V90_2000,None,0,0,0,1,0.1,0
4326,1,UFVMG049192,303,UFV1,0,0,180,100,Vestas_V90_2000,None,0,0,0,1,0.1,0
4327,1,UFVMG049193,303,UFV1,0,0,180,100,Vestas_V90_2000,None,0,0,0,1,0.1,0
4328,1,UFVMG049194,303,UFV1,0,0,180,100,Vestas_V90_2000,None,0,0,0,1,0.1,0
4329,1,UFVMG049195,303,UFV1,0,0,180,100,Vestas_V90_2000,None,0,0,0,1,0.1,0
4330,1,UFVMG049196,303,UFV1,0,0,180,100,Vestas_V90_2000,None,0,0,0,1,0.1,0
4331,1,UFVMG049197,303,UFV1,0,0,180,100,Vestas_V90_2000,None,0,0,0,1,0.1,0
4332,1,UFVMG049198,303,UFV1,0,0,180,100,Vestas_V90_2000,None,0,0,0,1,0.1,0
4333,1,UFVMG049199,303,UFV1,0,0,180,100,Vestas_V90_2000,None,0,0,0,1,0.1,0
4334,1,UFVMG049200,303,UFV1,0,0,180,100,Vestas_V90_2000,None,0,0,0,1,0.1,0
4335,1,UFVMG049201,303,UFV1,0,0,180,100,Vestas_V90_2000,None,0,0,0,1,0.1,0
4336,1,UFVMG049202,303,UFV1,0,0,180,100,Vestas_V90_2000,None,0,0,0,1,0.1,0
4337,1,UFVMG049203,303,UFV1,0,0,180,100,Vestas_V90_2000,None,0,0,0,1,0.1,0
4338,1,UFVMG049204,303,UFV1,0,0,180,100,Vestas_V90_2000,None,0,0,0,1,0.1,0
4339,1,UFVMG049205,303,UFV1,0,0,180,100,Vestas_V90_2000,None,0,0,0,1,0.1,0
4340,1,UFVMG049206,303,UFV1,0,0,180,100,Vestas_V90_2000,None,0,0,0,1,0.1,0
4341,1,UFVMG056731,303,UFV1,0,0,180,100,Vestas_V90_2000,None,0,0,0,1,0.1,0
4342,1,UFVMG072141,303,UFV1,0,0,180,100,Vestas_V90_2000,None,0,0,0,1,0.1,0
4343,1,UFVSP072703,303,UFV1,0,0,180,100,Vestas_V90_2000,None,0,0,0,1,0.1,0
4344,1,UFVSP072775,303,UFV1,0,0,180,100,Vestas_V90_2000,None,0,0,0,1,0.1,0
4345,1,UFVSP072965,303,UFV1,0,0,180,100,Vestas_V90_2000,None,0,0,0,1,0.1,0
4346,1,UFVSP072966,303,UFV1,0,0,180,100,Vestas_V90_2000,None,0,0,0,1,0.1,0
4347,1,UFVSP074360,303,UFV1,0,0,180,100,Vestas_V90_2000,None,0,0,0,1,0.1,0
4348,1,USE13239813,312,UFV10,0,0,180,100,Vestas_V90_2000,None,0,0,0,1,0.1,0
4349,1,USE13238912,312,UFV10,0,0,180,100,Vestas_V90_2000,None,0,0,0,1,0.1,0
4350,1,USE13260154,312,UFV10,0,0,180,100,Vestas_V90_2000,None,0,0,0,1,0.1,0
4351,1,USE13260341,312,UFV10,0,0,180,100,Vestas_V90_2000,None,0,0,0,1,0.1,0
4352,1,USE1321525,312,UFV10,0,0,180,100,Vestas_V90_2000,None,0,0,0,1,0.1,0
4353,1,USE13339813,312,UFV10,0,0,180,100,Vestas_V90_2000,None,0,0,0,1,0.1,0
4354,1,USE13338912,312,UFV10,0,0,180,100,Vestas_V90_2000,None,0,0,0,1,0.1,0
4355,1,USE13360154,312,UFV10,0,0,180,100,Vestas_V90_2000,None,0,0,0,1,0.1,0
4356,1,USE13360341,312,UFV10,0,0,180,100,Vestas_V90_2000,None,0,0,0,1,0.1,0
4357,1,USE1331525,312,UFV10,0,0,180,100,Vestas_V90_2000,None,0,0,0,1,0.1,0
4358,1,USE13439813,312,UFV10,0,0,180,100,Vestas_V90_2000,None,0,0,0,1,0.1,0
4359,1,USE13438912,312,UFV10,0,0,180,100,Vestas_V90_2000,None,0,0,0,1,0.1,0
4360,1,USE13460154,312,UFV10,0,0,180,100,Vestas_V90_2000,None,0,0,0,1,0.1,0
4361,1,USE13460341,312,UFV10,0,0,180,100,Vestas_V90_2000,None,0,0,0,1,0.1,0
4362,1,USE1341525,312,UFV10,0,0,180,100,Vestas_V90_2000,None,0,0,0,1,0.1,0
4363,1,USE13539813,312,UFV10,0,0,180,100,Vestas_V90_2000,None,0,0,0,1,0.1,0
4364,1,USE13538912,312,UFV10,0,0,180,100,Vestas_V90_2000,None,0,0,0,1,0.1,0
4365,1,USE13560154,312,UFV10,0,0,180,100,Vestas_V90_2000,None,0,0,0,1,0.1,0
4366,1,USE13560341,312,UFV10,0,0,180,100,Vestas_V90_2000,None,0,0,0,1,0.1,0
4367,1,USE1351525,312,UFV10,0,0,180,100,Vestas_V90_2000,None,0,0,0,1,0.1,0
4368,1,USE13639813,312,UFV10,0,0,180,100,Vestas_V90_2000,None,0,0,0,1,0.1,0
4369,1,USE13638912,312,UFV10,0,0,180,100,Vestas_V90_2000,None,0,0,0,1,0.1,0
4370,1,USE13660154,312,UFV10,0,0,180,100,Vestas_V90_2000,None,0,0,0,1,0.1,0
4371,1,USE13660341,312,UFV10,0,0,180,100,Vestas_V90_2000,None,0,0,0,1,0.1,0
4372,1,USE1361525,312,UFV10,0,0,180,100,Vestas_V90_2000,None,0,0,0,1,0.1,0
4373,1,USE13739813,312,UFV10,0,0,180,100,Vestas_V90_2000,None,0,0,0,1,0.1,0
4374,1,USE13738912,312,UFV10,0,0,180,100,Vestas_V90_2000,None,0,0,0,1,0.1,0
4375,1,USE13760154,312,UFV10,0,0,180,100,Vestas_V90_2000,None,0,0,0,1,0.1,0
4376,1,USE13760341,312,UFV10,0,0,180,100,Vestas_V90_2000,None,0,0,0,1,0.1,0
4377,1,USE1371525,312,UFV10,0,0,180,100,Vestas_V90_2000,None,0,0,0,1,0.1,0
4378,1,USE13839813,312,UFV10,0,0,180,100,Vestas_V90_2000,None,0,0,0,1,0.1,0
4379,1,USE13838912,312,UFV10,0,0,180,100,Vestas_V90_2000,None,0,0,0,1,0.1,0
4380,1,USE13860154,312,UFV10,0,0,180,100,Vestas_V90_2000,None,0,0,0,1,0.1,0
4381,1,USE13860341,312,UFV10,0,0,180,100,Vestas_V90_2000,None,0,0,0,1,0.1,0
4382,1,USE1381525,312,UFV10,0,0,180,100,Vestas_V90_2000,None,0,0,0,1,0.1,0
4383,1,USE13939813,312,UFV10,0,0,180,100,Vestas_V90_2000,None,0,0,0,1,0.1,0
4384,1,USE13938912,312,UFV10,0,0,180,100,Vestas_V90_2000,None,0,0,0,1,0.1,0
4385,1,USE13960154,312,UFV10,0,0,180,100,Vestas_V90_2000,None,0,0,0,1,0.1,0
4386,1,USE13960341,312,UFV10,0,0,180,100,Vestas_V90_2000,None,0,0,0,1,0.1,0
4387,1,USE1391525,312,UFV10,0,0,180,100,Vestas_V90_2000,None,0,0,0,1,0.1,0
4388,1,USE23439813,312,UFV10,0,0,180,100,Vestas_V90_2000,None,0,0,0,1,0.1,0
4389,1,USE23438912,312,UFV10,0,0,180,100,Vestas_V90_2000,None,0,0,0,1,0.1,0
4390,1,USE23460154,312,UFV10,0,0,180,100,Vestas_V90_2000,None,0,0,0,1,0.1,0
4391,1,USE23460341,312,UFV10,0,0,180,100,Vestas_V90_2000,None,0,0,0,1,0.1,0
4392,1,USE2341525,312,UFV10,0,0,180,100,Vestas_V90_2000,None,0,0,0,1,0.1,0
4393,1,USE23539813,312,UFV10,0,0,180,100,Vestas_V90_2000,None,0,0,0,1,0.1,0
4394,1,USE23538912,312,UFV10,0,0,180,100,Vestas_V90_2000,None,0,0,0,1,0.1,0
4395,1,USE23560154,312,UFV10,0,0,180,100,Vestas_V90_2000,None,0,0,0,1,0.1,0
4396,1,USE23560341,312,UFV10,0,0,180,100,Vestas_V90_2000,None,0,0,0,1,0.1,0
4397,1,USE2351525,312,UFV10,0,0,180,100,Vestas_V90_2000,None,0,0,0,1,0.1,0
4398,1,USE23639813,312,UFV10,0,0,180,100,Vestas_V90_2000,None,0,0,0,1,0.1,0
4399,1,USE23638912,312,UFV10,0,0,180,100,Vestas_V90_2000,None,0,0,0,1,0.1,0
4400,1,USE23660154,312,UFV10,0,0,180,100,Vestas_V90_2000,None,0,0,0,1,0.1,0
4401,1,USE23660341,312,UFV10,0,0,180,100,Vestas_V90_2000,None,0,0,0,1,0.1,0
4402,1,USE2361525,312,UFV10,0,0,180,100,Vestas_V90_2000,None,0,0,0,1,0.1,0
4403,1,USE23739813,312,UFV10,0,0,180,100,Vestas_V90_2000,None,0,0,0,1,0.1,0
4404,1,USE23738912,312,UFV10,0,0,180,100,Vestas_V90_2000,None,0,0,0,1,0.1,0
4405,1,USE23760154,312,UFV10,0,0,180,100,Vestas_V90_2000,None,0,0,0,1,0.1,0
4406,1,USE23760341,312,UFV10,0,0,180,100,Vestas_V90_2000,None,0,0,0,1,0.1,0
4407,1,USE2371525,312,UFV10,0,0,180,100,Vestas_V90_2000,None,0,0,0,1,0.1,0
4408,1,USE23839813,312,UFV10,0,0,180,100,Vestas_V90_2000,None,0,0,0,1,0.1,0
4409,1,USE23838912,312,UFV10,0,0,180,100,Vestas_V90_2000,None,0,0,0,1,0.1,0
4410,1,USE23860154,312,UFV10,0,0,180,100,Vestas_V90_2000,None,0,0,0,1,0.1,0
4411,1,USE23860341,312,UFV10,0,0,180,100,Vestas_V90_2000,None,0,0,0,1,0.1,0
4412,1,USE2381525,312,UFV10,0,0,180,100,Vestas_V90_2000,None,0,0,0,1,0.1,0
4413,1,USE23939813,312,UFV10,0,0,180,100,Vestas_V90_2000,None,0,0,0,1,0.1,0
4414,1,USE23938912,312,UFV10,0,0,180,100,Vestas_V90_2000,None,0,0,0,1,0.1,0
4415,1,USE23960154,312,UFV10,0,0,180,100,Vestas_V90_2000,None,0,0,0,1,0.1,0
4416,1,USE23960341,312,UFV10,0,0,180,100,Vestas_V90_2000,None,0,0,0,1,0.1,0
4417,1,USE2391525,312,UFV10,0,0,180,100,Vestas_V90_2000,None,0,0,0,1,0.1,0
4418,1,UFVES071733,312,UFV10,0,0,180,100,Vestas_V90_2000,None,0,0,0,1,0.1,0
4419,1,UFVES074163,312,UFV10,0,0,180,100,Vestas_V90_2000,None,0,0,0,1,0.1,0
4420,1,UFVMG045071,312,UFV10,0,0,180,100,Vestas_V90_2000,None,0,0,0,1,0.1,0
4421,1,UFVMG045072,312,UFV10,0,0,180,100,Vestas_V90_2000,None,0,0,0,1,0.1,0
4422,1,UFVMG045722,312,UFV10,0,0,180,100,Vestas_V90_2000,None,0,0,0,1,0.1,0
4423,1,UFVMG045723,312,UFV10,0,0,180,100,Vestas_V90_2000,None,0,0,0,1,0.1,0
4424,1,UFVMG045724,312,UFV10,0,0,180,100,Vestas_V90_2000,None,0,0,0,1,0.1,0
4425,1,UFVMG047297,312,UFV10,0,0,180,100,Vestas_V90_2000,None,0,0,0,1,0.1,0
4426,1,UFVMG047298,312,UFV10,0,0,180,100,Vestas_V90_2000,None,0,0,0,1,0.1,0
4427,1,UFVMG047299,312,UFV10,0,0,180,100,Vestas_V90_2000,None,0,0,0,1,0.1,0
4428,1,UFVMG047300,312,UFV10,0,0,180,100,Vestas_V90_2000,None,0,0,0,1,0.1,0
4429,1,UFVMG047301,312,UFV10,0,0,180,100,Vestas_V90_2000,None,0,0,0,1,0.1,0
4430,1,UFVMG047302,312,UFV10,0,0,180,100,Vestas_V90_2000,None,0,0,0,1,0.1,0
4431,1,UFVMG047303,312,UFV10,0,0,180,100,Vestas_V90_2000,None,0,0,0,1,0.1,0
4432,1,UFVMG047304,312,UFV10,0,0,180,100,Vestas_V90_2000,None,0,0,0,1,0.1,0
4433,1,UFVMG047305,312,UFV10,0,0,180,100,Vestas_V90_2000,None,0,0,0,1,0.1,0
4434,1,UFVMG047306,312,UFV10,0,0,180,100,Vestas_V90_2000,None,0,0,0,1,0.1,0
4435,1,UFVMG047307,312,UFV10,0,0,180,100,Vestas_V90_2000,None,0,0,0,1,0.1,0
4436,1,UFVMG047308,312,UFV10,0,0,180,100,Vestas_V90_2000,None,0,0,0,1,0.1,0
4437,1,UFVMG047309,312,UFV10,0,0,180,100,Vestas_V90_2000,None,0,0,0,1,0.1,0
4438,1,UFVMG047310,312,UFV10,0,0,180,100,Vestas_V90_2000,None,0,0,0,1,0.1,0
4439,1,UFVMG047311,312,UFV10,0,0,180,100,Vestas_V90_2000,None,0,0,0,1,0.1,0
4440,1,UFVMG047312,312,UFV10,0,0,180,100,Vestas_V90_2000,None,0,0,0,1,0.1,0
4441,1,UFVMG047313,312,UFV10,0,0,180,100,Vestas_V90_2000,None,0,0,0,1,0.1,0
4442,1,UFVMG047314,312,UFV10,0,0,180,100,Vestas_V90_2000,None,0,0,0,1,0.1,0
4443,1,UFVMG047315,312,UFV10,0,0,180,100,Vestas_V90_2000,None,0,0,0,1,0.1,0
4444,1,UFVMG047316,312,UFV10,0,0,180,100,Vestas_V90_2000,None,0,0,0,1,0.1,0
4445,1,UFVMG050786,312,UFV10,0,0,180,100,Vestas_V90_2000,None,0,0,0,1,0.1,0
4446,1,UFVMG050840,312,UFV10,0,0,180,100,Vestas_V90_2000,None,0,0,0,1,0.1,0
4447,1,UFVMG050841,312,UFV10,0,0,180,100,Vestas_V90_2000,None,0,0,0,1,0.1,0
4448,1,UFVMG050842,312,UFV10,0,0,180,100,Vestas_V90_2000,None,0,0,0,1,0.1,0
4449,1,UFVMG050843,312,UFV10,0,0,180,100,Vestas_V90_2000,None,0,0,0,1,0.1,0
4450,1,UFVMG051753,312,UFV10,0,0,180,100,Vestas_V90_2000,None,0,0,0,1,0.1,0
4451,1,UFVMG052082,312,UFV10,0,0,180,100,Vestas_V90_2000,None,0,0,0,1,0.1,0
4452,1,UFVMG052083,312,UFV10,0,0,180,100,Vestas_V90_2000,None,0,0,0,1,0.1,0
4475,1,USE1324298,557,UFV2_SE,0,0,180,100,Vestas_V90_2000,None,0,0,0,1,0.1,0
4476,1,USE1334298,557,UFV2_SE,0,0,180,100,Vestas_V90_2000,None,0,0,0,1,0.1,0
4477,1,USE1344298,557,UFV2_SE,0,0,180,100,Vestas_V90_2000,None,0,0,0,1,0.1,0
4478,1,USE1354298,557,UFV2_SE,0,0,180,100,Vestas_V90_2000,None,0,0,0,1,0.1,0
4479,1,USE1364298,557,UFV2_SE,0,0,180,100,Vestas_V90_2000,None,0,0,0,1,0.1,0
4480,1,USE1374298,557,UFV2_SE,0,0,180,100,Vestas_V90_2000,None,0,0,0,1,0.1,0
4481,1,USE1384298,557,UFV2_SE,0,0,180,100,Vestas_V90_2000,None,0,0,0,1,0.1,0
4482,1,USE1394298,557,UFV2_SE,0,0,180,100,Vestas_V90_2000,None,0,0,0,1,0.1,0
4483,1,USE2344298,557,UFV2_SE,0,0,180,100,Vestas_V90_2000,None,0,0,0,1,0.1,0
4484,1,USE2354298,557,UFV2_SE,0,0,180,100,Vestas_V90_2000,None,0,0,0,1,0.1,0
4485,1,USE2364298,557,UFV2_SE,0,0,180,100,Vestas_V90_2000,None,0,0,0,1,0.1,0
4486,1,USE2374298,557,UFV2_SE,0,0,180,100,Vestas_V90_2000,None,0,0,0,1,0.1,0
4487,1,USE2384298,557,UFV2_SE,0,0,180,100,Vestas_V90_2000,None,0,0,0,1,0.1,0
4488,1,USE2394298,557,UFV2_SE,0,0,180,100,Vestas_V90_2000,None,0,0,0,1,0.1,0
4500,1,UFVMS049404,557,UFV2_SE,0,0,180,100,Vestas_V90_2000,None,0,0,0,1,0.1,0
4501,1,UFVMS049405,557,UFV2_SE,0,0,180,100,Vestas_V90_2000,None,0,0,0,1,0.1,0
4502,1,UFVMS049406,557,UFV2_SE,0,0,180,100,Vestas_V90_2000,None,0,0,0,1,0.1,0
4503,1,UFVMS049407,557,UFV2_SE,0,0,180,100,Vestas_V90_2000,None,0,0,0,1,0.1,0
4504,1,UFVMS049408,557,UFV2_SE,0,0,180,100,Vestas_V90_2000,None,0,0,0,1,0.1,0
4547,1,USE13260065,306,UFV4,0,0,180,100,Vestas_V90_2000,None,0,0,0,1,0.1,0
4548,1,USE13260219,306,UFV4,0,0,180,100,Vestas_V90_2000,None,0,0,0,1,0.1,0
4549,1,USE13260103,306,UFV4,0,0,180,100,Vestas_V90_2000,None,0,0,0,1,0.1,0
4550,1,USE13238911,306,UFV4,0,0,180,100,Vestas_V90_2000,None,0,0,0,1,0.1,0
4551,1,USE13238900,306,UFV4,0,0,180,100,Vestas_V90_2000,None,0,0,0,1,0.1,0
4552,1,USE13238929,306,UFV4,0,0,180,100,Vestas_V90_2000,None,0,0,0,1,0.1,0
4553,1,USE13360065,306,UFV4,0,0,180,100,Vestas_V90_2000,None,0,0,0,1,0.1,0
4554,1,USE13360219,306,UFV4,0,0,180,100,Vestas_V90_2000,None,0,0,0,1,0.1,0
4555,1,USE13360103,306,UFV4,0,0,180,100,Vestas_V90_2000,None,0,0,0,1,0.1,0
4556,1,USE13338911,306,UFV4,0,0,180,100,Vestas_V90_2000,None,0,0,0,1,0.1,0
4557,1,USE13338900,306,UFV4,0,0,180,100,Vestas_V90_2000,None,0,0,0,1,0.1,0
4558,1,USE13338929,306,UFV4,0,0,180,100,Vestas_V90_2000,None,0,0,0,1,0.1,0
4559,1,USE13460065,306,UFV4,0,0,180,100,Vestas_V90_2000,None,0,0,0,1,0.1,0
4560,1,USE13460219,306,UFV4,0,0,180,100,Vestas_V90_2000,None,0,0,0,1,0.1,0
4561,1,USE13460103,306,UFV4,0,0,180,100,Vestas_V90_2000,None,0,0,0,1,0.1,0
4562,1,USE13438911,306,UFV4,0,0,180,100,Vestas_V90_2000,None,0,0,0,1,0.1,0
4563,1,USE13438900,306,UFV4,0,0,180,100,Vestas_V90_2000,None,0,0,0,1,0.1,0
4564,1,USE13438929,306,UFV4,0,0,180,100,Vestas_V90_2000,None,0,0,0,1,0.1,0
4565,1,USE13560065,306,UFV4,0,0,180,100,Vestas_V90_2000,None,0,0,0,1,0.1,0
4566,1,USE13560219,306,UFV4,0,0,180,100,Vestas_V90_2000,None,0,0,0,1,0.1,0
4567,1,USE13560103,306,UFV4,0,0,180,100,Vestas_V90_2000,None,0,0,0,1,0.1,0
4568,1,USE13538911,306,UFV4,0,0,180,100,Vestas_V90_2000,None,0,0,0,1,0.1,0
4569,1,USE13538900,306,UFV4,0,0,180,100,Vestas_V90_2000,None,0,0,0,1,0.1,0
4570,1,USE13538929,306,UFV4,0,0,180,100,Vestas_V90_2000,None,0,0,0,1,0.1,0
4571,1,USE13660065,306,UFV4,0,0,180,100,Vestas_V90_2000,None,0,0,0,1,0.1,0
4572,1,USE13660219,306,UFV4,0,0,180,100,Vestas_V90_2000,None,0,0,0,1,0.1,0
4573,1,USE13660103,306,UFV4,0,0,180,100,Vestas_V90_2000,None,0,0,0,1,0.1,0
4574,1,USE13638911,306,UFV4,0,0,180,100,Vestas_V90_2000,None,0,0,0,1,0.1,0
4575,1,USE13638900,306,UFV4,0,0,180,100,Vestas_V90_2000,None,0,0,0,1,0.1,0
4576,1,USE13638929,306,UFV4,0,0,180,100,Vestas_V90_2000,None,0,0,0,1,0.1,0
4577,1,USE13760065,306,UFV4,0,0,180,100,Vestas_V90_2000,None,0,0,0,1,0.1,0
4578,1,USE13760219,306,UFV4,0,0,180,100,Vestas_V90_2000,None,0,0,0,1,0.1,0
4579,1,USE13760103,306,UFV4,0,0,180,100,Vestas_V90_2000,None,0,0,0,1,0.1,0
4580,1,USE13738911,306,UFV4,0,0,180,100,Vestas_V90_2000,None,0,0,0,1,0.1,0
4581,1,USE13738900,306,UFV4,0,0,180,100,Vestas_V90_2000,None,0,0,0,1,0.1,0
4582,1,USE13738929,306,UFV4,0,0,180,100,Vestas_V90_2000,None,0,0,0,1,0.1,0
4583,1,USE13860065,306,UFV4,0,0,180,100,Vestas_V90_2000,None,0,0,0,1,0.1,0
4584,1,USE13860219,306,UFV4,0,0,180,100,Vestas_V90_2000,None,0,0,0,1,0.1,0
4585,1,USE13860103,306,UFV4,0,0,180,100,Vestas_V90_2000,None,0,0,0,1,0.1,0
4586,1,USE13838911,306,UFV4,0,0,180,100,Vestas_V90_2000,None,0,0,0,1,0.1,0
4587,1,USE13838900,306,UFV4,0,0,180,100,Vestas_V90_2000,None,0,0,0,1,0.1,0
4588,1,USE13838929,306,UFV4,0,0,180,100,Vestas_V90_2000,None,0,0,0,1,0.1,0
4589,1,USE13960065,306,UFV4,0,0,180,100,Vestas_V90_2000,None,0,0,0,1,0.1,0
4590,1,USE13960219,306,UFV4,0,0,180,100,Vestas_V90_2000,None,0,0,0,1,0.1,0
4591,1,USE13960103,306,UFV4,0,0,180,100,Vestas_V90_2000,None,0,0,0,1,0.1,0
4592,1,USE13938911,306,UFV4,0,0,180,100,Vestas_V90_2000,None,0,0,0,1,0.1,0
4593,1,USE13938900,306,UFV4,0,0,180,100,Vestas_V90_2000,None,0,0,0,1,0.1,0
4594,1,USE13938929,306,UFV4,0,0,180,100,Vestas_V90_2000,None,0,0,0,1,0.1,0
4595,1,USE23460065,306,UFV4,0,0,180,100,Vestas_V90_2000,None,0,0,0,1,0.1,0
4596,1,USE23460219,306,UFV4,0,0,180,100,Vestas_V90_2000,None,0,0,0,1,0.1,0
4597,1,USE23460103,306,UFV4,0,0,180,100,Vestas_V90_2000,None,0,0,0,1,0.1,0
4598,1,USE23438911,306,UFV4,0,0,180,100,Vestas_V90_2000,None,0,0,0,1,0.1,0
4599,1,USE23438900,306,UFV4,0,0,180,100,Vestas_V90_2000,None,0,0,0,1,0.1,0
4600,1,USE23438929,306,UFV4,0,0,180,100,Vestas_V90_2000,None,0,0,0,1,0.1,0
4601,1,USE23560065,306,UFV4,0,0,180,100,Vestas_V90_2000,None,0,0,0,1,0.1,0
4602,1,USE23560219,306,UFV4,0,0,180,100,Vestas_V90_2000,None,0,0,0,1,0.1,0
4603,1,USE23560103,306,UFV4,0,0,180,100,Vestas_V90_2000,None,0,0,0,1,0.1,0
4604,1,USE23538911,306,UFV4,0,0,180,100,Vestas_V90_2000,None,0,0,0,1,0.1,0
4605,1,USE23538900,306,UFV4,0,0,180,100,Vestas_V90_2000,None,0,0,0,1,0.1,0
4606,1,USE23538929,306,UFV4,0,0,180,100,Vestas_V90_2000,None,0,0,0,1,0.1,0
4607,1,USE23660065,306,UFV4,0,0,180,100,Vestas_V90_2000,None,0,0,0,1,0.1,0
4608,1,USE23660219,306,UFV4,0,0,180,100,Vestas_V90_2000,None,0,0,0,1,0.1,0
4609,1,USE23660103,306,UFV4,0,0,180,100,Vestas_V90_2000,None,0,0,0,1,0.1,0
4610,1,USE23638911,306,UFV4,0,0,180,100,Vestas_V90_2000,None,0,0,0,1,0.1,0
4611,1,USE23638900,306,UFV4,0,0,180,100,Vestas_V90_2000,None,0,0,0,1,0.1,0
4612,1,USE23638929,306,UFV4,0,0,180,100,Vestas_V90_2000,None,0,0,0,1,0.1,0
4613,1,USE23760065,306,UFV4,0,0,180,100,Vestas_V90_2000,None,0,0,0,1,0.1,0
4614,1,USE23760219,306,UFV4,0,0,180,100,Vestas_V90_2000,None,0,0,0,1,0.1,0
4615,1,USE23760103,306,UFV4,0,0,180,100,Vestas_V90_2000,None,0,0,0,1,0.1,0
4616,1,USE23738911,306,UFV4,0,0,180,100,Vestas_V90_2000,None,0,0,0,1,0.1,0
4617,1,USE23738900,306,UFV4,0,0,180,100,Vestas_V90_2000,None,0,0,0,1,0.1,0
4618,1,USE23738929,306,UFV4,0,0,180,100,Vestas_V90_2000,None,0,0,0,1,0.1,0
4619,1,USE23860065,306,UFV4,0,0,180,100,Vestas_V90_2000,None,0,0,0,1,0.1,0
4620,1,USE23860219,306,UFV4,0,0,180,100,Vestas_V90_2000,None,0,0,0,1,0.1,0
4621,1,USE23860103,306,UFV4,0,0,180,100,Vestas_V90_2000,None,0,0,0,1,0.1,0
4622,1,USE23838911,306,UFV4,0,0,180,100,Vestas_V90_2000,None,0,0,0,1,0.1,0
4623,1,USE23838900,306,UFV4,0,0,180,100,Vestas_V90_2000,None,0,0,0,1,0.1,0
4624,1,USE23838929,306,UFV4,0,0,180,100,Vestas_V90_2000,None,0,0,0,1,0.1,0
4625,1,USE23960065,306,UFV4,0,0,180,100,Vestas_V90_2000,None,0,0,0,1,0.1,0
4626,1,USE23960219,306,UFV4,0,0,180,100,Vestas_V90_2000,None,0,0,0,1,0.1,0
4627,1,USE23960103,306,UFV4,0,0,180,100,Vestas_V90_2000,None,0,0,0,1,0.1,0
4628,1,USE23938911,306,UFV4,0,0,180,100,Vestas_V90_2000,None,0,0,0,1,0.1,0
4629,1,USE23938900,306,UFV4,0,0,180,100,Vestas_V90_2000,None,0,0,0,1,0.1,0
4630,1,USE23938929,306,UFV4,0,0,180,100,Vestas_V90_2000,None,0,0,0,1,0.1,0
4631,1,UFVES046870,306,UFV4,0,0,180,100,Vestas_V90_2000,None,0,0,0,1,0.1,0
4632,1,UFVES073713,306,UFV4,0,0,180,100,Vestas_V90_2000,None,0,0,0,1,0.1,0
4633,1,UFVES074055,306,UFV4,0,0,180,100,Vestas_V90_2000,None,0,0,0,1,0.1,0
4634,1,UFVMG043147,306,UFV4,0,0,180,100,Vestas_V90_2000,None,0,0,0,1,0.1,0
4635,1,UFVMG043148,306,UFV4,0,0,180,100,Vestas_V90_2000,None,0,0,0,1,0.1,0
4636,1,UFVMG043149,306,UFV4,0,0,180,100,Vestas_V90_2000,None,0,0,0,1,0.1,0
4637,1,UFVMG043150,306,UFV4,0,0,180,100,Vestas_V90_2000,None,0,0,0,1,0.1,0
4638,1,UFVMG043151,306,UFV4,0,0,180,100,Vestas_V90_2000,None,0,0,0,1,0.1,0
4639,1,UFVMG043152,306,UFV4,0,0,180,100,Vestas_V90_2000,None,0,0,0,1,0.1,0
4640,1,UFVMG043153,306,UFV4,0,0,180,100,Vestas_V90_2000,None,0,0,0,1,0.1,0
4641,1,UFVMG043154,306,UFV4,0,0,180,100,Vestas_V90_2000,None,0,0,0,1,0.1,0
4642,1,UFVMG043155,306,UFV4,0,0,180,100,Vestas_V90_2000,None,0,0,0,1,0.1,0
4643,1,UFVMG043156,306,UFV4,0,0,180,100,Vestas_V90_2000,None,0,0,0,1,0.1,0
4644,1,UFVMG043157,306,UFV4,0,0,180,100,Vestas_V90_2000,None,0,0,0,1,0.1,0
4645,1,UFVMG043158,306,UFV4,0,0,180,100,Vestas_V90_2000,None,0,0,0,1,0.1,0
4646,1,UFVMG043159,306,UFV4,0,0,180,100,Vestas_V90_2000,None,0,0,0,1,0.1,0
4647,1,UFVMG043160,306,UFV4,0,0,180,100,Vestas_V90_2000,None,0,0,0,1,0.1,0
4648,1,UFVMG043161,306,UFV4,0,0,180,100,Vestas_V90_2000,None,0,0,0,1,0.1,0
4649,1,UFVMG043163,306,UFV4,0,0,180,100,Vestas_V90_2000,None,0,0,0,1,0.1,0
4650,1,UFVMG043164,306,UFV4,0,0,180,100,Vestas_V90_2000,None,0,0,0,1,0.1,0
4651,1,UFVMG045712,306,UFV4,0,0,180,100,Vestas_V90_2000,None,0,0,0,1,0.1,0
4652,1,UFVMG045713,306,UFV4,0,0,180,100,Vestas_V90_2000,None,0,0,0,1,0.1,0
4653,1,UFVMG046553,306,UFV4,0,0,180,100,Vestas_V90_2000,None,0,0,0,1,0.1,0
4654,1,UFVMG046554,306,UFV4,0,0,180,100,Vestas_V90_2000,None,0,0,0,1,0.1,0
4655,1,UFVMG046555,306,UFV4,0,0,180,100,Vestas_V90_2000,None,0,0,0,1,0.1,0
4656,1,UFVMG046556,306,UFV4,0,0,180,100,Vestas_V90_2000,None,0,0,0,1,0.1,0
4657,1,UFVMG046557,306,UFV4,0,0,180,100,Vestas_V90_2000,None,0,0,0,1,0.1,0
4658,1,UFVMG046558,306,UFV4,0,0,180,100,Vestas_V90_2000,None,0,0,0,1,0.1,0
4659,1,UFVMG046559,306,UFV4,0,0,180,100,Vestas_V90_2000,None,0,0,0,1,0.1,0
4660,1,UFVMG046560,306,UFV4,0,0,180,100,Vestas_V90_2000,None,0,0,0,1,0.1,0
4661,1,UFVMG046561,306,UFV4,0,0,180,100,Vestas_V90_2000,None,0,0,0,1,0.1,0
4662,1,UFVMG046562,306,UFV4,0,0,180,100,Vestas_V90_2000,None,0,0,0,1,0.1,0
4663,1,UFVMG046577,306,UFV4,0,0,180,100,Vestas_V90_2000,None,0,0,0,1,0.1,0
4664,1,UFVMG046578,306,UFV4,0,0,180,100,Vestas_V90_2000,None,0,0,0,1,0.1,0
4665,1,UFVMG046579,306,UFV4,0,0,180,100,Vestas_V90_2000,None,0,0,0,1,0.1,0
4666,1,UFVMG049053,306,UFV4,0,0,180,100,Vestas_V90_2000,None,0,0,0,1,0.1,0
4667,1,UFVMG049054,306,UFV4,0,0,180,100,Vestas_V90_2000,None,0,0,0,1,0.1,0
4668,1,UFVMG049055,306,UFV4,0,0,180,100,Vestas_V90_2000,None,0,0,0,1,0.1,0
4669,1,UFVMG049056,306,UFV4,0,0,180,100,Vestas_V90_2000,None,0,0,0,1,0.1,0
4670,1,UFVMG049655,306,UFV4,0,0,180,100,Vestas_V90_2000,None,0,0,0,1,0.1,0
4671,1,UFVMG049656,306,UFV4,0,0,180,100,Vestas_V90_2000,None,0,0,0,1,0.1,0
4672,1,UFVMG049657,306,UFV4,0,0,180,100,Vestas_V90_2000,None,0,0,0,1,0.1,0
4673,1,UFVMG049658,306,UFV4,0,0,180,100,Vestas_V90_2000,None,0,0,0,1,0.1,0
4674,1,UFVMG049659,306,UFV4,0,0,180,100,Vestas_V90_2000,None,0,0,0,1,0.1,0
4675,1,UFVMG054447,306,UFV4,0,0,180,100,Vestas_V90_2000,None,0,0,0,1,0.1,0
4676,1,UFVMG054448,306,UFV4,0,0,180,100,Vestas_V90_2000,None,0,0,0,1,0.1,0
4677,1,UFVMG054449,306,UFV4,0,0,180,100,Vestas_V90_2000,None,0,0,0,1,0.1,0
4777,1,USE1322617,311,UFV9,0,0,180,100,Vestas_V90_2000,None,0,0,0,1,0.1,0
4778,1,USE1324293,311,UFV9,0,0,180,100,Vestas_V90_2000,None,0,0,0,1,0.1,0
4779,1,USE1324285,311,UFV9,0,0,180,100,Vestas_V90_2000,None,0,0,0,1,0.1,0
4780,1,USE1332617,311,UFV9,0,0,180,100,Vestas_V90_2000,None,0,0,0,1,0.1,0
4781,1,USE1334293,311,UFV9,0,0,180,100,Vestas_V90_2000,None,0,0,0,1,0.1,0
4782,1,USE1334285,311,UFV9,0,0,180,100,Vestas_V90_2000,None,0,0,0,1,0.1,0
4783,1,USE1342617,311,UFV9,0,0,180,100,Vestas_V90_2000,None,0,0,0,1,0.1,0
4784,1,USE1344293,311,UFV9,0,0,180,100,Vestas_V90_2000,None,0,0,0,1,0.1,0
4785,1,USE1344285,311,UFV9,0,0,180,100,Vestas_V90_2000,None,0,0,0,1,0.1,0
4786,1,USE1352617,311,UFV9,0,0,180,100,Vestas_V90_2000,None,0,0,0,1,0.1,0
4787,1,USE1354293,311,UFV9,0,0,180,100,Vestas_V90_2000,None,0,0,0,1,0.1,0
4788,1,USE1354285,311,UFV9,0,0,180,100,Vestas_V90_2000,None,0,0,0,1,0.1,0
4789,1,USE1362617,311,UFV9,0,0,180,100,Vestas_V90_2000,None,0,0,0,1,0.1,0
4790,1,USE1364293,311,UFV9,0,0,180,100,Vestas_V90_2000,None,0,0,0,1,0.1,0
4791,1,USE1364285,311,UFV9,0,0,180,100,Vestas_V90_2000,None,0,0,0,1,0.1,0
4792,1,USE1372617,311,UFV9,0,0,180,100,Vestas_V90_2000,None,0,0,0,1,0.1,0
4793,1,USE1374293,311,UFV9,0,0,180,100,Vestas_V90_2000,None,0,0,0,1,0.1,0
4794,1,USE1374285,311,UFV9,0,0,180,100,Vestas_V90_2000,None,0,0,0,1,0.1,0
4795,1,USE1382617,311,UFV9,0,0,180,100,Vestas_V90_2000,None,0,0,0,1,0.1,0
4796,1,USE1384293,311,UFV9,0,0,180,100,Vestas_V90_2000,None,0,0,0,1,0.1,0
4797,1,USE1384285,311,UFV9,0,0,180,100,Vestas_V90_2000,None,0,0,0,1,0.1,0
4798,1,USE1392617,311,UFV9,0,0,180,100,Vestas_V90_2000,None,0,0,0,1,0.1,0
4799,1,USE1394293,311,UFV9,0,0,180,100,Vestas_V90_2000,None,0,0,0,1,0.1,0
4800,1,USE1394285,311,UFV9,0,0,180,100,Vestas_V90_2000,None,0,0,0,1,0.1,0
4801,1,USE2342617,311,UFV9,0,0,180,100,Vestas_V90_2000,None,0,0,0,1,0.1,0
4802,1,USE2344293,311,UFV9,0,0,180,100,Vestas_V90_2000,None,0,0,0,1,0.1,0
4803,1,USE2344285,311,UFV9,0,0,180,100,Vestas_V90_2000,None,0,0,0,1,0.1,0
4804,1,USE2352617,311,UFV9,0,0,180,100,Vestas_V90_2000,None,0,0,0,1,0.1,0
4805,1,USE2354293,311,UFV9,0,0,180,100,Vestas_V90_2000,None,0,0,0,1,0.1,0
4806,1,USE2354285,311,UFV9,0,0,180,100,Vestas_V90_2000,None,0,0,0,1,0.1,0
4807,1,USE2362617,311,UFV9,0,0,180,100,Vestas_V90_2000,None,0,0,0,1,0.1,0
4808,1,USE2364293,311,UFV9,0,0,180,100,Vestas_V90_2000,None,0,0,0,1,0.1,0
4809,1,USE2364285,311,UFV9,0,0,180,100,Vestas_V90_2000,None,0,0,0,1,0.1,0
4810,1,USE2372617,311,UFV9,0,0,180,100,Vestas_V90_2000,None,0,0,0,1,0.1,0
4811,1,USE2374293,311,UFV9,0,0,180,100,Vestas_V90_2000,None,0,0,0,1,0.1,0
4812,1,USE2374285,311,UFV9,0,0,180,100,Vestas_V90_2000,None,0,0,0,1,0.1,0
4813,1,USE2382617,311,UFV9,0,0,180,100,Vestas_V90_2000,None,0,0,0,1,0.1,0
4814,1,USE2384293,311,UFV9,0,0,180,100,Vestas_V90_2000,None,0,0,0,1,0.1,0
4815,1,USE2384285,311,UFV9,0,0,180,100,Vestas_V90_2000,None,0,0,0,1,0.1,0
4816,1,USE2392617,311,UFV9,0,0,180,100,Vestas_V90_2000,None,0,0,0,1,0.1,0
4817,1,USE2394293,311,UFV9,0,0,180,100,Vestas_V90_2000,None,0,0,0,1,0.1,0
4818,1,USE2394285,311,UFV9,0,0,180,100,Vestas_V90_2000,None,0,0,0,1,0.1,0
4819,1,UFVGO072061,311,UFV9,0,0,180,100,Vestas_V90_2000,None,0,0,0,1,0.1,0
4820,1,UFVMT060508,311,UFV9,0,0,180,100,Vestas_V90_2000,None,0,0,0,1,0.1,0
4821,1,UFVMT072140,311,UFV9,0,0,180,100,Vestas_V90_2000,None,0,0,0,1,0.1,0
4840,1,UFVSP046922,311,UFV9,0,0,180,100,Vestas_V90_2000,None,0,0,0,1,0.1,0
4841,1,UFVSP049335,311,UFV9,0,0,180,100,Vestas_V90_2000,None,0,0,0,1,0.1,0
4842,1,UFVSP049336,311,UFV9,0,0,180,100,Vestas_V90_2000,None,0,0,0,1,0.1,0
4843,1,UFVSP049337,311,UFV9,0,0,180,100,Vestas_V90_2000,None,0,0,0,1,0.1,0
4844,1,UFVSP049338,311,UFV9,0,0,180,100,Vestas_V90_2000,None,0,0,0,1,0.1,0
4845,1,UFVSP049339,311,UFV9,0,0,180,100,Vestas_V90_2000,None,0,0,0,1,0.1,0
4846,1,UFVSP049340,311,UFV9,0,0,180,100,Vestas_V90_2000,None,0,0,0,1,0.1,0
4847,1,UFVSP071673,311,UFV9,0,0,180,100,Vestas_V90_2000,None,0,0,0,1,0.1,0
4848,1,UFVSP071971,311,UFV9,0,0,180,100,Vestas_V90_2000,None,0,0,0,1,0.1,0
4849,1,UFVSP073254,311,UFV9,0,0,180,100,Vestas_V90_2000,None,0,0,0,1,0.1,0
5018,1,MMGDDF22835,564,GD_CEB,0,0,180,100,Vestas_V90_2000,None,0,0,0,1,0.1,0
5019,1,MMGDDF22901,564,GD_CEB,0,0,180,100,Vestas_V90_2000,None,0,0,0,1,0.1,0
5020,1,MMGDDF22902,564,GD_CEB,0,0,180,100,Vestas_V90_2000,None,0,0,0,1,0.1,0
5021,1,MMGDDF22903,564,GD_CEB,0,0,180,100,Vestas_V90_2000,None,0,0,0,1,0.1,0
5022,1,MMGDDF22904,564,GD_CEB,0,0,180,100,Vestas_V90_2000,None,0,0,0,1,0.1,0
5023,1,MMGDDF22905,564,GD_CEB,0,0,180,100,Vestas_V90_2000,None,0,0,0,1,0.1,0
5024,1,MMGDDF22907,564,GD_CEB,0,0,180,100,Vestas_V90_2000,None,0,0,0,1,0.1,0
5025,1,MMGDDF22908,564,GD_CEB,0,0,180,100,Vestas_V90_2000,None,0,0,0,1,0.1,0
5026,1,MMGDDF22909,564,GD_CEB,0,0,180,100,Vestas_V90_2000,None,0,0,0,1,0.1,0
5027,1,MMGDDF22911,564,GD_CEB,0,0,180,100,Vestas_V90_2000,None,0,0,0,1,0.1,0
5028,1,MMGDDF22912,564,GD_CEB,0,0,180,100,Vestas_V90_2000,None,0,0,0,1,0.1,0
5029,1,MMGDDF22913,564,GD_CEB,0,0,180,100,Vestas_V90_2000,None,0,0,0,1,0.1,0
5030,1,MMGDDF22914,564,GD_CEB,0,0,180,100,Vestas_V90_2000,None,0,0,0,1,0.1,0
5031,1,MMGDDF22915,564,GD_CEB,0,0,180,100,Vestas_V90_2000,None,0,0,0,1,0.1,0
5032,1,MMGDDF22916,564,GD_CEB,0,0,180,100,Vestas_V90_2000,None,0,0,0,1,0.1,0
5033,1,MMGDDF22917,564,GD_CEB,0,0,180,100,Vestas_V90_2000,None,0,0,0,1,0.1,0
5034,1,MMGDDF22919,564,GD_CEB,0,0,180,100,Vestas_V90_2000,None,0,0,0,1,0.1,0
5035,1,MMGDDF22920,564,GD_CEB,0,0,180,100,Vestas_V90_2000,None,0,0,0,1,0.1,0
5036,1,MMGDDF22921,564,GD_CEB,0,0,180,100,Vestas_V90_2000,None,0,0,0,1,0.1,0
5037,1,MMGDDF22922,564,GD_CEB,0,0,180,100,Vestas_V90_2000,None,0,0,0,1,0.1,0
5038,1,MMGDDF22925,564,GD_CEB,0,0,180,100,Vestas_V90_2000,None,0,0,0,1,0.1,0
5039,1,MMGDDF22926,564,GD_CEB,0,0,180,100,Vestas_V90_2000,None,0,0,0,1,0.1,0
5040,1,MMGDDF22927,564,GD_CEB,0,0,180,100,Vestas_V90_2000,None,0,0,0,1,0.1,0
5041,1,MMGDDF22928,564,GD_CEB,0,0,180,100,Vestas_V90_2000,None,0,0,0,1,0.1,0
5042,1,MMGDDF22929,564,GD_CEB,0,0,180,100,Vestas_V90_2000,None,0,0,0,1,0.1,0
5043,1,MMGDDF22930,564,GD_CEB,0,0,180,100,Vestas_V90_2000,None,0,0,0,1,0.1,0
5044,1,MMGDDF22931,564,GD_CEB,0,0,180,100,Vestas_V90_2000,None,0,0,0,1,0.1,0
5045,1,MMGDDF22932,564,GD_CEB,0,0,180,100,Vestas_V90_2000,None,0,0,0,1,0.1,0
5046,1,MMGDDF22934,564,GD_CEB,0,0,180,100,Vestas_V90_2000,None,0,0,0,1,0.1,0
5047,1,MMGDDF22938,564,GD_CEB,0,0,180,100,Vestas_V90_2000,None,0,0,0,1,0.1,0
5048,1,MMGDDF22939,564,GD_CEB,0,0,180,100,Vestas_V90_2000,None,0,0,0,1,0.1,0
5049,1,MMGDDF22940,564,GD_CEB,0,0,180,100,Vestas_V90_2000,None,0,0,0,1,0.1,0
5050,1,MMGDDF22943,564,GD_CEB,0,0,180,100,Vestas_V90_2000,None,0,0,0,1,0.1,0
5051,1,MMGDDF22944,564,GD_CEB,0,0,180,100,Vestas_V90_2000,None,0,0,0,1,0.1,0
5052,1,MMGDDF22945,564,GD_CEB,0,0,180,100,Vestas_V90_2000,None,0,0,0,1,0.1,0
5053,1,MMGDDF22947,564,GD_CEB,0,0,180,100,Vestas_V90_2000,None,0,0,0,1,0.1,0
5054,1,MMGDDF22959,564,GD_CEB,0,0,180,100,Vestas_V90_2000,None,0,0,0,1,0.1,0
5055,1,MMGDDF22960,564,GD_CEB,0,0,180,100,Vestas_V90_2000,None,0,0,0,1,0.1,0
5056,1,MMGDDF22962,564,GD_CEB,0,0,180,100,Vestas_V90_2000,None,0,0,0,1,0.1,0
5057,1,MMGDDF22966,564,GD_CEB,0,0,180,100,Vestas_V90_2000,None,0,0,0,1,0.1,0
5058,1,MMGDES35008,565,GD_EDP_ES,0,0,180,100,Vestas_V90_2000,None,0,0,0,1,0.1,0
5059,1,MMGDES35009,565,GD_EDP_ES,0,0,180,100,Vestas_V90_2000,None,0,0,0,1,0.1,0
5060,1,MMGDES35010,565,GD_EDP_ES,0,0,180,100,Vestas_V90_2000,None,0,0,0,1,0.1,0
5061,1,MMGDES35012,565,GD_EDP_ES,0,0,180,100,Vestas_V90_2000,None,0,0,0,1,0.1,0
5062,1,MMGDES35014,565,GD_EDP_ES,0,0,180,100,Vestas_V90_2000,None,0,0,0,1,0.1,0
5063,1,MMGDES35015,565,GD_EDP_ES,0,0,180,100,Vestas_V90_2000,None,0,0,0,1,0.1,0
5064,1,MMGDES35016,565,GD_EDP_ES,0,0,180,100,Vestas_V90_2000,None,0,0,0,1,0.1,0
5065,1,MMGDES35018,565,GD_EDP_ES,0,0,180,100,Vestas_V90_2000,None,0,0,0,1,0.1,0
5066,1,MMGDES35019,565,GD_EDP_ES,0,0,180,100,Vestas_V90_2000,None,0,0,0,1,0.1,0
5067,1,MMGDES35020,565,GD_EDP_ES,0,0,180,100,Vestas_V90_2000,None,0,0,0,1,0.1,0
5068,1,MMGDES35022,565,GD_EDP_ES,0,0,180,100,Vestas_V90_2000,None,0,0,0,1,0.1,0
5069,1,MMGDES35024,565,GD_EDP_ES,0,0,180,100,Vestas_V90_2000,None,0,0,0,1,0.1,0
5070,1,MMGDES35028,565,GD_EDP_ES,0,0,180,100,Vestas_V90_2000,None,0,0,0,1,0.1,0
5071,1,MMGDES35029,565,GD_EDP_ES,0,0,180,100,Vestas_V90_2000,None,0,0,0,1,0.1,0
5072,1,MMGDES35033,565,GD_EDP_ES,0,0,180,100,Vestas_V90_2000,None,0,0,0,1,0.1,0
5073,1,MMGDES35034,565,GD_EDP_ES,0,0,180,100,Vestas_V90_2000,None,0,0,0,1,0.1,0
5074,1,MMGDES35035,565,GD_EDP_ES,0,0,180,100,Vestas_V90_2000,None,0,0,0,1,0.1,0
5075,1,MMGDES35037,565,GD_EDP_ES,0,0,180,100,Vestas_V90_2000,None,0,0,0,1,0.1,0
5076,1,MMGDES35039,565,GD_EDP_ES,0,0,180,100,Vestas_V90_2000,None,0,0,0,1,0.1,0
5077,1,MMGDES35041,565,GD_EDP_ES,0,0,180,100,Vestas_V90_2000,None,0,0,0,1,0.1,0
5078,1,MMGDES35044,565,GD_EDP_ES,0,0,180,100,Vestas_V90_2000,None,0,0,0,1,0.1,0
5079,1,MMGDES35048,565,GD_EDP_ES,0,0,180,100,Vestas_V90_2000,None,0,0,0,1,0.1,0
5080,1,MMGDES35050,565,GD_EDP_ES,0,0,180,100,Vestas_V90_2000,None,0,0,0,1,0.1,0
5081,1,MMGDES35054,565,GD_EDP_ES,0,0,180,100,Vestas_V90_2000,None,0,0,0,1,0.1,0
5082,1,MMGDES35055,565,GD_EDP_ES,0,0,180,100,Vestas_V90_2000,None,0,0,0,1,0.1,0
5083,1,MMGDES35056,565,GD_EDP_ES,0,0,180,100,Vestas_V90_2000,None,0,0,0,1,0.1,0
5084,1,MMGDES35059,565,GD_EDP_ES,0,0,180,100,Vestas_V90_2000,None,0,0,0,1,0.1,0
5085,1,MMGDES35060,565,GD_EDP_ES,0,0,180,100,Vestas_V90_2000,None,0,0,0,1,0.1,0
5086,1,MMGDES35063,565,GD_EDP_ES,0,0,180,100,Vestas_V90_2000,None,0,0,0,1,0.1,0
5087,1,MMGDES35064,565,GD_EDP_ES,0,0,180,100,Vestas_V90_2000,None,0,0,0,1,0.1,0
5088,1,MMGDES35065,565,GD_EDP_ES,0,0,180,100,Vestas_V90_2000,None,0,0,0,1,0.1,0
5089,1,MMGDES35066,565,GD_EDP_ES,0,0,180,100,Vestas_V90_2000,None,0,0,0,1,0.1,0
5090,1,MMGDES35068,565,GD_EDP_ES,0,0,180,100,Vestas_V90_2000,None,0,0,0,1,0.1,0
5091,1,MMGDES35072,565,GD_EDP_ES,0,0,180,100,Vestas_V90_2000,None,0,0,0,1,0.1,0
5092,1,MMGDES35073,565,GD_EDP_ES,0,0,180,100,Vestas_V90_2000,None,0,0,0,1,0.1,0
5093,1,MMGDES35075,565,GD_EDP_ES,0,0,180,100,Vestas_V90_2000,None,0,0,0,1,0.1,0
5094,1,MMGDES35081,565,GD_EDP_ES,0,0,180,100,Vestas_V90_2000,None,0,0,0,1,0.1,0
5095,1,MMGDES35082,565,GD_EDP_ES,0,0,180,100,Vestas_V90_2000,None,0,0,0,1,0.1,0
5096,1,MMGDES35083,565,GD_EDP_ES,0,0,180,100,Vestas_V90_2000,None,0,0,0,1,0.1,0
5097,1,MMGDES35093,565,GD_EDP_ES,0,0,180,100,Vestas_V90_2000,None,0,0,0,1,0.1,0
5098,1,MMGDES35101,565,GD_EDP_ES,0,0,180,100,Vestas_V90_2000,None,0,0,0,1,0.1,0
5099,1,MMGDES35102,565,GD_EDP_ES,0,0,180,100,Vestas_V90_2000,None,0,0,0,1,0.1,0
5100,1,MMGDES35105,565,GD_EDP_ES,0,0,180,100,Vestas_V90_2000,None,0,0,0,1,0.1,0
5101,1,MMGDES35106,565,GD_EDP_ES,0,0,180,100,Vestas_V90_2000,None,0,0,0,1,0.1,0
5102,1,MMGDES35107,565,GD_EDP_ES,0,0,180,100,Vestas_V90_2000,None,0,0,0,1,0.1,0
5103,1,MMGDES35113,565,GD_EDP_ES,0,0,180,100,Vestas_V90_2000,None,0,0,0,1,0.1,0
5104,1,MMGDES35115,565,GD_EDP_ES,0,0,180,100,Vestas_V90_2000,None,0,0,0,1,0.1,0
5105,1,MMGDES35116,565,GD_EDP_ES,0,0,180,100,Vestas_V90_2000,None,0,0,0,1,0.1,0
5106,1,MMGDES35117,565,GD_EDP_ES,0,0,180,100,Vestas_V90_2000,None,0,0,0,1,0.1,0
5107,1,MMGDES35130,565,GD_EDP_ES,0,0,180,100,Vestas_V90_2000,None,0,0,0,1,0.1,0
5108,1,MMGDES35133,565,GD_EDP_ES,0,0,180,100,Vestas_V90_2000,None,0,0,0,1,0.1,0
5109,1,MMGDES35134,565,GD_EDP_ES,0,0,180,100,Vestas_V90_2000,None,0,0,0,1,0.1,0
5110,1,MMGDES35135,565,GD_EDP_ES,0,0,180,100,Vestas_V90_2000,None,0,0,0,1,0.1,0
5111,1,MMGDES35136,565,GD_EDP_ES,0,0,180,100,Vestas_V90_2000,None,0,0,0,1,0.1,0
5112,1,MMGDES35137,565,GD_EDP_ES,0,0,180,100,Vestas_V90_2000,None,0,0,0,1,0.1,0
5113,1,MMGDES35138,565,GD_EDP_ES,0,0,180,100,Vestas_V90_2000,None,0,0,0,1,0.1,0
5114,1,MMGDES35139,565,GD_EDP_ES,0,0,180,100,Vestas_V90_2000,None,0,0,0,1,0.1,0
5115,1,MMGDES35140,565,GD_EDP_ES,0,0,180,100,Vestas_V90_2000,None,0,0,0,1,0.1,0
5116,1,MMGDES35146,565,GD_EDP_ES,0,0,180,100,Vestas_V90_2000,None,0,0,0,1,0.1,0
5117,1,MMGDES35152,565,GD_EDP_ES,0,0,180,100,Vestas_V90_2000,None,0,0,0,1,0.1,0
5118,1,MMGDES35156,565,GD_EDP_ES,0,0,180,100,Vestas_V90_2000,None,0,0,0,1,0.1,0
5119,1,MMGDES35157,565,GD_EDP_ES,0,0,180,100,Vestas_V90_2000,None,0,0,0,1,0.1,0
5120,1,MMGDES35159,565,GD_EDP_ES,0,0,180,100,Vestas_V90_2000,None,0,0,0,1,0.1,0
5121,1,MMGDES35161,565,GD_EDP_ES,0,0,180,100,Vestas_V90_2000,None,0,0,0,1,0.1,0
5122,1,MMGDES35162,565,GD_EDP_ES,0,0,180,100,Vestas_V90_2000,None,0,0,0,1,0.1,0
5123,1,MMGDES35163,565,GD_EDP_ES,0,0,180,100,Vestas_V90_2000,None,0,0,0,1,0.1,0
5124,1,MMGDES35164,565,GD_EDP_ES,0,0,180,100,Vestas_V90_2000,None,0,0,0,1,0.1,0
5125,1,MMGDES3542,565,GD_EDP_ES,0,0,180,100,Vestas_V90_2000,None,0,0,0,1,0.1,0
5126,1,MMGDES3572,565,GD_EDP_ES,0,0,180,100,Vestas_V90_2000,None,0,0,0,1,0.1,0
5127,1,MMGDGO1151,566,GD_EQ_GO,0,0,180,100,Vestas_V90_2000,None,0,0,0,1,0.1,0
5128,1,MMGDGO1152,566,GD_EQ_GO,0,0,180,100,Vestas_V90_2000,None,0,0,0,1,0.1,0
5129,1,MMGDGO1154,566,GD_EQ_GO,0,0,180,100,Vestas_V90_2000,None,0,0,0,1,0.1,0
5130,1,MMGDGO1156,566,GD_EQ_GO,0,0,180,100,Vestas_V90_2000,None,0,0,0,1,0.1,0
5131,1,MMGDGO1157,566,GD_EQ_GO,0,0,180,100,Vestas_V90_2000,None,0,0,0,1,0.1,0
5132,1,MMGDGO1159,566,GD_EQ_GO,0,0,180,100,Vestas_V90_2000,None,0,0,0,1,0.1,0
5133,1,MMGDGO1160,566,GD_EQ_GO,0,0,180,100,Vestas_V90_2000,None,0,0,0,1,0.1,0
5134,1,MMGDGO1163,566,GD_EQ_GO,0,0,180,100,Vestas_V90_2000,None,0,0,0,1,0.1,0
5135,1,MMGDGO1164,566,GD_EQ_GO,0,0,180,100,Vestas_V90_2000,None,0,0,0,1,0.1,0
5136,1,MMGDGO1170,566,GD_EQ_GO,0,0,180,100,Vestas_V90_2000,None,0,0,0,1,0.1,0
5137,1,MMGDGO1173,566,GD_EQ_GO,0,0,180,100,Vestas_V90_2000,None,0,0,0,1,0.1,0
5138,1,MMGDGO1175,566,GD_EQ_GO,0,0,180,100,Vestas_V90_2000,None,0,0,0,1,0.1,0
5139,1,MMGDGO1176,566,GD_EQ_GO,0,0,180,100,Vestas_V90_2000,None,0,0,0,1,0.1,0
5140,1,MMGDGO1177,566,GD_EQ_GO,0,0,180,100,Vestas_V90_2000,None,0,0,0,1,0.1,0
5141,1,MMGDGO1178,566,GD_EQ_GO,0,0,180,100,Vestas_V90_2000,None,0,0,0,1,0.1,0
5142,1,MMGDGO1181,566,GD_EQ_GO,0,0,180,100,Vestas_V90_2000,None,0,0,0,1,0.1,0
5143,1,MMGDGO1182,566,GD_EQ_GO,0,0,180,100,Vestas_V90_2000,None,0,0,0,1,0.1,0
5144,1,MMGDGO1184,566,GD_EQ_GO,0,0,180,100,Vestas_V90_2000,None,0,0,0,1,0.1,0
5145,1,MMGDGO1185,566,GD_EQ_GO,0,0,180,100,Vestas_V90_2000,None,0,0,0,1,0.1,0
5146,1,MMGDGO1186,566,GD_EQ_GO,0,0,180,100,Vestas_V90_2000,None,0,0,0,1,0.1,0
5147,1,MMGDGO1188,566,GD_EQ_GO,0,0,180,100,Vestas_V90_2000,None,0,0,0,1,0.1,0
5148,1,MMGDGO1189,566,GD_EQ_GO,0,0,180,100,Vestas_V90_2000,None,0,0,0,1,0.1,0
5149,1,MMGDGO1192,566,GD_EQ_GO,0,0,180,100,Vestas_V90_2000,None,0,0,0,1,0.1,0
5150,1,MMGDGO1195,566,GD_EQ_GO,0,0,180,100,Vestas_V90_2000,None,0,0,0,1,0.1,0
5151,1,MMGDGO1197,566,GD_EQ_GO,0,0,180,100,Vestas_V90_2000,None,0,0,0,1,0.1,0
5152,1,MMGDGO1199,566,GD_EQ_GO,0,0,180,100,Vestas_V90_2000,None,0,0,0,1,0.1,0
5153,1,MMGDGO1200,566,GD_EQ_GO,0,0,180,100,Vestas_V90_2000,None,0,0,0,1,0.1,0
5154,1,MMGDGO1203,566,GD_EQ_GO,0,0,180,100,Vestas_V90_2000,None,0,0,0,1,0.1,0
5155,1,MMGDGO1204,566,GD_EQ_GO,0,0,180,100,Vestas_V90_2000,None,0,0,0,1,0.1,0
5156,1,MMGDGO1205,566,GD_EQ_GO,0,0,180,100,Vestas_V90_2000,None,0,0,0,1,0.1,0
5157,1,MMGDGO1208,566,GD_EQ_GO,0,0,180,100,Vestas_V90_2000,None,0,0,0,1,0.1,0
5158,1,MMGDGO1209,566,GD_EQ_GO,0,0,180,100,Vestas_V90_2000,None,0,0,0,1,0.1,0
5159,1,MMGDGO1210,566,GD_EQ_GO,0,0,180,100,Vestas_V90_2000,None,0,0,0,1,0.1,0
5160,1,MMGDGO1211,566,GD_EQ_GO,0,0,180,100,Vestas_V90_2000,None,0,0,0,1,0.1,0
5161,1,MMGDGO1212,566,GD_EQ_GO,0,0,180,100,Vestas_V90_2000,None,0,0,0,1,0.1,0
5162,1,MMGDGO1216,566,GD_EQ_GO,0,0,180,100,Vestas_V90_2000,None,0,0,0,1,0.1,0
5163,1,MMGDGO1219,566,GD_EQ_GO,0,0,180,100,Vestas_V90_2000,None,0,0,0,1,0.1,0
5164,1,MMGDGO1223,566,GD_EQ_GO,0,0,180,100,Vestas_V90_2000,None,0,0,0,1,0.1,0
5165,1,MMGDGO1225,566,GD_EQ_GO,0,0,180,100,Vestas_V90_2000,None,0,0,0,1,0.1,0
5166,1,MMGDGO1226,566,GD_EQ_GO,0,0,180,100,Vestas_V90_2000,None,0,0,0,1,0.1,0
5167,1,MMGDGO1227,566,GD_EQ_GO,0,0,180,100,Vestas_V90_2000,None,0,0,0,1,0.1,0
5168,1,MMGDGO1228,566,GD_EQ_GO,0,0,180,100,Vestas_V90_2000,None,0,0,0,1,0.1,0
5169,1,MMGDGO1229,566,GD_EQ_GO,0,0,180,100,Vestas_V90_2000,None,0,0,0,1,0.1,0
5170,1,MMGDGO1230,566,GD_EQ_GO,0,0,180,100,Vestas_V90_2000,None,0,0,0,1,0.1,0
5171,1,MMGDGO1231,566,GD_EQ_GO,0,0,180,100,Vestas_V90_2000,None,0,0,0,1,0.1,0
5172,1,MMGDGO1234,566,GD_EQ_GO,0,0,180,100,Vestas_V90_2000,None,0,0,0,1,0.1,0
5173,1,MMGDGO1236,566,GD_EQ_GO,0,0,180,100,Vestas_V90_2000,None,0,0,0,1,0.1,0
5174,1,MMGDGO1240,566,GD_EQ_GO,0,0,180,100,Vestas_V90_2000,None,0,0,0,1,0.1,0
5175,1,MMGDGO1241,566,GD_EQ_GO,0,0,180,100,Vestas_V90_2000,None,0,0,0,1,0.1,0
5176,1,MMGDGO1242,566,GD_EQ_GO,0,0,180,100,Vestas_V90_2000,None,0,0,0,1,0.1,0
5177,1,MMGDGO1244,566,GD_EQ_GO,0,0,180,100,Vestas_V90_2000,None,0,0,0,1,0.1,0
5178,1,MMGDGO1248,566,GD_EQ_GO,0,0,180,100,Vestas_V90_2000,None,0,0,0,1,0.1,0
5179,1,MMGDGO1253,566,GD_EQ_GO,0,0,180,100,Vestas_V90_2000,None,0,0,0,1,0.1,0
5180,1,MMGDGO1254,566,GD_EQ_GO,0,0,180,100,Vestas_V90_2000,None,0,0,0,1,0.1,0
5181,1,MMGDGO1262,566,GD_EQ_GO,0,0,180,100,Vestas_V90_2000,None,0,0,0,1,0.1,0
5182,1,MMGDGO1267,566,GD_EQ_GO,0,0,180,100,Vestas_V90_2000,None,0,0,0,1,0.1,0
5183,1,MMGDGO1274,566,GD_EQ_GO,0,0,180,100,Vestas_V90_2000,None,0,0,0,1,0.1,0
5184,1,MMGDGO23304,566,GD_EQ_GO,0,0,180,100,Vestas_V90_2000,None,0,0,0,1,0.1,0
5185,1,MMGDGO23328,566,GD_EQ_GO,0,0,180,100,Vestas_V90_2000,None,0,0,0,1,0.1,0
5186,1,MMGDGO23340,566,GD_EQ_GO,0,0,180,100,Vestas_V90_2000,None,0,0,0,1,0.1,0
5187,1,MMGDGO23349,566,GD_EQ_GO,0,0,180,100,Vestas_V90_2000,None,0,0,0,1,0.1,0
5188,1,MMGDGO23350,566,GD_EQ_GO,0,0,180,100,Vestas_V90_2000,None,0,0,0,1,0.1,0
5189,1,MMGDGO23356,566,GD_EQ_GO,0,0,180,100,Vestas_V90_2000,None,0,0,0,1,0.1,0
5190,1,MMGDGO23374,566,GD_EQ_GO,0,0,180,100,Vestas_V90_2000,None,0,0,0,1,0.1,0
5191,1,MMGDGO23375,566,GD_EQ_GO,0,0,180,100,Vestas_V90_2000,None,0,0,0,1,0.1,0
5192,1,MMGDGO23377,566,GD_EQ_GO,0,0,180,100,Vestas_V90_2000,None,0,0,0,1,0.1,0
5193,1,MMGDGO23379,566,GD_EQ_GO,0,0,180,100,Vestas_V90_2000,None,0,0,0,1,0.1,0
5194,1,MMGDGO23382,566,GD_EQ_GO,0,0,180,100,Vestas_V90_2000,None,0,0,0,1,0.1,0
5195,1,MMGDGO23385,566,GD_EQ_GO,0,0,180,100,Vestas_V90_2000,None,0,0,0,1,0.1,0
5196,1,MMGDGO23387,566,GD_EQ_GO,0,0,180,100,Vestas_V90_2000,None,0,0,0,1,0.1,0
5197,1,MMGDGO23388,566,GD_EQ_GO,0,0,180,100,Vestas_V90_2000,None,0,0,0,1,0.1,0
5198,1,MMGDGO23389,566,GD_EQ_GO,0,0,180,100,Vestas_V90_2000,None,0,0,0,1,0.1,0
5199,1,MMGDGO23390,566,GD_EQ_GO,0,0,180,100,Vestas_V90_2000,None,0,0,0,1,0.1,0
5200,1,MMGDGO23392,566,GD_EQ_GO,0,0,180,100,Vestas_V90_2000,None,0,0,0,1,0.1,0
5201,1,MMGDGO23393,566,GD_EQ_GO,0,0,180,100,Vestas_V90_2000,None,0,0,0,1,0.1,0
5202,1,MMGDGO23394,566,GD_EQ_GO,0,0,180,100,Vestas_V90_2000,None,0,0,0,1,0.1,0
5203,1,MMGDGO23395,566,GD_EQ_GO,0,0,180,100,Vestas_V90_2000,None,0,0,0,1,0.1,0
5204,1,MMGDGO23397,566,GD_EQ_GO,0,0,180,100,Vestas_V90_2000,None,0,0,0,1,0.1,0
5205,1,MMGDGO23398,566,GD_EQ_GO,0,0,180,100,Vestas_V90_2000,None,0,0,0,1,0.1,0
5206,1,MMGDGO23399,566,GD_EQ_GO,0,0,180,100,Vestas_V90_2000,None,0,0,0,1,0.1,0
5207,1,MMGDGO23400,566,GD_EQ_GO,0,0,180,100,Vestas_V90_2000,None,0,0,0,1,0.1,0
5208,1,MMGDGO23403,566,GD_EQ_GO,0,0,180,100,Vestas_V90_2000,None,0,0,0,1,0.1,0
5209,1,MMGDGO23503,566,GD_EQ_GO,0,0,180,100,Vestas_V90_2000,None,0,0,0,1,0.1,0
5210,1,MMGDGO23504,566,GD_EQ_GO,0,0,180,100,Vestas_V90_2000,None,0,0,0,1,0.1,0
5211,1,MMGDGO23505,566,GD_EQ_GO,0,0,180,100,Vestas_V90_2000,None,0,0,0,1,0.1,0
5212,1,MMGDGO23506,566,GD_EQ_GO,0,0,180,100,Vestas_V90_2000,None,0,0,0,1,0.1,0
5213,1,MMGDGO23507,566,GD_EQ_GO,0,0,180,100,Vestas_V90_2000,None,0,0,0,1,0.1,0
5214,1,MMGDGO23508,566,GD_EQ_GO,0,0,180,100,Vestas_V90_2000,None,0,0,0,1,0.1,0
5215,1,MMGDGO23509,566,GD_EQ_GO,0,0,180,100,Vestas_V90_2000,None,0,0,0,1,0.1,0
5216,1,MMGDGO23776,566,GD_EQ_GO,0,0,180,100,Vestas_V90_2000,None,0,0,0,1,0.1,0
5217,1,MMGDGO24000,566,GD_EQ_GO,0,0,180,100,Vestas_V90_2000,None,0,0,0,1,0.1,0
5218,1,MMGDGO24003,566,GD_EQ_GO,0,0,180,100,Vestas_V90_2000,None,0,0,0,1,0.1,0
5219,1,MMGDGO24004,566,GD_EQ_GO,0,0,180,100,Vestas_V90_2000,None,0,0,0,1,0.1,0
5220,1,MMGDGO24005,566,GD_EQ_GO,0,0,180,100,Vestas_V90_2000,None,0,0,0,1,0.1,0
5221,1,MMGDGO24006,566,GD_EQ_GO,0,0,180,100,Vestas_V90_2000,None,0,0,0,1,0.1,0
5222,1,MMGDGO24007,566,GD_EQ_GO,0,0,180,100,Vestas_V90_2000,None,0,0,0,1,0.1,0
5249,1,MMGDMG1526,568,GD_CEMIG,0,0,180,100,Vestas_V90_2000,None,0,0,0,1,0.1,0
5250,1,MMGDMG1540,568,GD_CEMIG,0,0,180,100,Vestas_V90_2000,None,0,0,0,1,0.1,0
5251,1,MMGDMG1545,568,GD_CEMIG,0,0,180,100,Vestas_V90_2000,None,0,0,0,1,0.1,0
5252,1,MMGDMG1546,568,GD_CEMIG,0,0,180,100,Vestas_V90_2000,None,0,0,0,1,0.1,0
5253,1,MMGDMG1548,568,GD_CEMIG,0,0,180,100,Vestas_V90_2000,None,0,0,0,1,0.1,0
5254,1,MMGDMG1549,568,GD_CEMIG,0,0,180,100,Vestas_V90_2000,None,0,0,0,1,0.1,0
5255,1,MMGDMG1550,568,GD_CEMIG,0,0,180,100,Vestas_V90_2000,None,0,0,0,1,0.1,0
5256,1,MMGDMG1551,568,GD_CEMIG,0,0,180,100,Vestas_V90_2000,None,0,0,0,1,0.1,0
5257,1,MMGDMG1552,568,GD_CEMIG,0,0,180,100,Vestas_V90_2000,None,0,0,0,1,0.1,0
5258,1,MMGDMG1553,568,GD_CEMIG,0,0,180,100,Vestas_V90_2000,None,0,0,0,1,0.1,0
5259,1,MMGDMG1554,568,GD_CEMIG,0,0,180,100,Vestas_V90_2000,None,0,0,0,1,0.1,0
5260,1,MMGDMG1555,568,GD_CEMIG,0,0,180,100,Vestas_V90_2000,None,0,0,0,1,0.1,0
5261,1,MMGDMG1556,568,GD_CEMIG,0,0,180,100,Vestas_V90_2000,None,0,0,0,1,0.1,0
5262,1,MMGDMG1558,568,GD_CEMIG,0,0,180,100,Vestas_V90_2000,None,0,0,0,1,0.1,0
5263,1,MMGDMG1559,568,GD_CEMIG,0,0,180,100,Vestas_V90_2000,None,0,0,0,1,0.1,0
5264,1,MMGDMG1560,568,GD_CEMIG,0,0,180,100,Vestas_V90_2000,None,0,0,0,1,0.1,0
5265,1,MMGDMG1561,568,GD_CEMIG,0,0,180,100,Vestas_V90_2000,None,0,0,0,1,0.1,0
5266,1,MMGDMG1562,568,GD_CEMIG,0,0,180,100,Vestas_V90_2000,None,0,0,0,1,0.1,0
5267,1,MMGDMG1563,568,GD_CEMIG,0,0,180,100,Vestas_V90_2000,None,0,0,0,1,0.1,0
5268,1,MMGDMG1564,568,GD_CEMIG,0,0,180,100,Vestas_V90_2000,None,0,0,0,1,0.1,0
5269,1,MMGDMG1566,568,GD_CEMIG,0,0,180,100,Vestas_V90_2000,None,0,0,0,1,0.1,0
5270,1,MMGDMG1567,568,GD_CEMIG,0,0,180,100,Vestas_V90_2000,None,0,0,0,1,0.1,0
5271,1,MMGDMG1568,568,GD_CEMIG,0,0,180,100,Vestas_V90_2000,None,0,0,0,1,0.1,0
5272,1,MMGDMG1570,568,GD_CEMIG,0,0,180,100,Vestas_V90_2000,None,0,0,0,1,0.1,0
5273,1,MMGDMG1571,568,GD_CEMIG,0,0,180,100,Vestas_V90_2000,None,0,0,0,1,0.1,0
5274,1,MMGDMG1572,568,GD_CEMIG,0,0,180,100,Vestas_V90_2000,None,0,0,0,1,0.1,0
5275,1,MMGDMG1573,568,GD_CEMIG,0,0,180,100,Vestas_V90_2000,None,0,0,0,1,0.1,0
5276,1,MMGDMG1574,568,GD_CEMIG,0,0,180,100,Vestas_V90_2000,None,0,0,0,1,0.1,0
5277,1,MMGDMG1576,568,GD_CEMIG,0,0,180,100,Vestas_V90_2000,None,0,0,0,1,0.1,0
5278,1,MMGDMG1577,568,GD_CEMIG,0,0,180,100,Vestas_V90_2000,None,0,0,0,1,0.1,0
5279,1,MMGDMG1578,568,GD_CEMIG,0,0,180,100,Vestas_V90_2000,None,0,0,0,1,0.1,0
5280,1,MMGDMG1579,568,GD_CEMIG,0,0,180,100,Vestas_V90_2000,None,0,0,0,1,0.1,0
5281,1,MMGDMG1580,568,GD_CEMIG,0,0,180,100,Vestas_V90_2000,None,0,0,0,1,0.1,0
5282,1,MMGDMG1581,568,GD_CEMIG,0,0,180,100,Vestas_V90_2000,None,0,0,0,1,0.1,0
5283,1,MMGDMG1582,568,GD_CEMIG,0,0,180,100,Vestas_V90_2000,None,0,0,0,1,0.1,0
5284,1,MMGDMG1583,568,GD_CEMIG,0,0,180,100,Vestas_V90_2000,None,0,0,0,1,0.1,0
5285,1,MMGDMG1584,568,GD_CEMIG,0,0,180,100,Vestas_V90_2000,None,0,0,0,1,0.1,0
5286,1,MMGDMG1585,568,GD_CEMIG,0,0,180,100,Vestas_V90_2000,None,0,0,0,1,0.1,0
5287,1,MMGDMG1586,568,GD_CEMIG,0,0,180,100,Vestas_V90_2000,None,0,0,0,1,0.1,0
5288,1,MMGDMG1588,568,GD_CEMIG,0,0,180,100,Vestas_V90_2000,None,0,0,0,1,0.1,0
5289,1,MMGDMG1591,568,GD_CEMIG,0,0,180,100,Vestas_V90_2000,None,0,0,0,1,0.1,0
5290,1,MMGDMG1592,568,GD_CEMIG,0,0,180,100,Vestas_V90_2000,None,0,0,0,1,0.1,0
5291,1,MMGDMG1593,568,GD_CEMIG,0,0,180,100,Vestas_V90_2000,None,0,0,0,1,0.1,0
5292,1,MMGDMG1594,568,GD_CEMIG,0,0,180,100,Vestas_V90_2000,None,0,0,0,1,0.1,0
5293,1,MMGDMG1595,568,GD_CEMIG,0,0,180,100,Vestas_V90_2000,None,0,0,0,1,0.1,0
5294,1,MMGDMG1599,568,GD_CEMIG,0,0,180,100,Vestas_V90_2000,None,0,0,0,1,0.1,0
5295,1,MMGDMG1607,568,GD_CEMIG,0,0,180,100,Vestas_V90_2000,None,0,0,0,1,0.1,0
5296,1,MMGDMG1611,568,GD_CEMIG,0,0,180,100,Vestas_V90_2000,None,0,0,0,1,0.1,0
5297,1,MMGDMG1614,568,GD_CEMIG,0,0,180,100,Vestas_V90_2000,None,0,0,0,1,0.1,0
5298,1,MMGDMG1615,568,GD_CEMIG,0,0,180,100,Vestas_V90_2000,None,0,0,0,1,0.1,0
5299,1,MMGDMG1616,568,GD_CEMIG,0,0,180,100,Vestas_V90_2000,None,0,0,0,1,0.1,0
5300,1,MMGDMG1617,568,GD_CEMIG,0,0,180,100,Vestas_V90_2000,None,0,0,0,1,0.1,0
5301,1,MMGDMG1618,568,GD_CEMIG,0,0,180,100,Vestas_V90_2000,None,0,0,0,1,0.1,0
5302,1,MMGDMG1621,568,GD_CEMIG,0,0,180,100,Vestas_V90_2000,None,0,0,0,1,0.1,0
5303,1,MMGDMG1622,568,GD_CEMIG,0,0,180,100,Vestas_V90_2000,None,0,0,0,1,0.1,0
5304,1,MMGDMG1624,568,GD_CEMIG,0,0,180,100,Vestas_V90_2000,None,0,0,0,1,0.1,0
5305,1,MMGDMG1627,568,GD_CEMIG,0,0,180,100,Vestas_V90_2000,None,0,0,0,1,0.1,0
5306,1,MMGDMG1628,568,GD_CEMIG,0,0,180,100,Vestas_V90_2000,None,0,0,0,1,0.1,0
5307,1,MMGDMG1629,568,GD_CEMIG,0,0,180,100,Vestas_V90_2000,None,0,0,0,1,0.1,0
5308,1,MMGDMG1632,568,GD_CEMIG,0,0,180,100,Vestas_V90_2000,None,0,0,0,1,0.1,0
5309,1,MMGDMG1633,568,GD_CEMIG,0,0,180,100,Vestas_V90_2000,None,0,0,0,1,0.1,0
5310,1,MMGDMG1634,568,GD_CEMIG,0,0,180,100,Vestas_V90_2000,None,0,0,0,1,0.1,0
5311,1,MMGDMG1636,568,GD_CEMIG,0,0,180,100,Vestas_V90_2000,None,0,0,0,1,0.1,0
5312,1,MMGDMG1649,568,GD_CEMIG,0,0,180,100,Vestas_V90_2000,None,0,0,0,1,0.1,0
5313,1,MMGDMG1651,568,GD_CEMIG,0,0,180,100,Vestas_V90_2000,None,0,0,0,1,0.1,0
5314,1,MMGDMG1652,568,GD_CEMIG,0,0,180,100,Vestas_V90_2000,None,0,0,0,1,0.1,0
5315,1,MMGDMG1661,568,GD_CEMIG,0,0,180,100,Vestas_V90_2000,None,0,0,0,1,0.1,0
5316,1,MMGDMG1667,568,GD_CEMIG,0,0,180,100,Vestas_V90_2000,None,0,0,0,1,0.1,0
5317,1,MMGDMG1668,568,GD_CEMIG,0,0,180,100,Vestas_V90_2000,None,0,0,0,1,0.1,0
5318,1,MMGDMG1673,568,GD_CEMIG,0,0,180,100,Vestas_V90_2000,None,0,0,0,1,0.1,0
5319,1,MMGDMG1675,568,GD_CEMIG,0,0,180,100,Vestas_V90_2000,None,0,0,0,1,0.1,0
5320,1,MMGDMG1678,568,GD_CEMIG,0,0,180,100,Vestas_V90_2000,None,0,0,0,1,0.1,0
5321,1,MMGDMG1679,568,GD_CEMIG,0,0,180,100,Vestas_V90_2000,None,0,0,0,1,0.1,0
5322,1,MMGDMG1681,568,GD_CEMIG,0,0,180,100,Vestas_V90_2000,None,0,0,0,1,0.1,0
5323,1,MMGDMG1682,568,GD_CEMIG,0,0,180,100,Vestas_V90_2000,None,0,0,0,1,0.1,0
5324,1,MMGDMG1684,568,GD_CEMIG,0,0,180,100,Vestas_V90_2000,None,0,0,0,1,0.1,0
5325,1,MMGDMG1685,568,GD_CEMIG,0,0,180,100,Vestas_V90_2000,None,0,0,0,1,0.1,0
5326,1,MMGDMG1687,568,GD_CEMIG,0,0,180,100,Vestas_V90_2000,None,0,0,0,1,0.1,0
5327,1,MMGDMG1690,568,GD_CEMIG,0,0,180,100,Vestas_V90_2000,None,0,0,0,1,0.1,0
5328,1,MMGDMG1692,568,GD_CEMIG,0,0,180,100,Vestas_V90_2000,None,0,0,0,1,0.1,0
5329,1,MMGDMG1693,568,GD_CEMIG,0,0,180,100,Vestas_V90_2000,None,0,0,0,1,0.1,0
5330,1,MMGDMG1694,568,GD_CEMIG,0,0,180,100,Vestas_V90_2000,None,0,0,0,1,0.1,0
5331,1,MMGDMG1699,568,GD_CEMIG,0,0,180,100,Vestas_V90_2000,None,0,0,0,1,0.1,0
5332,1,MMGDMG1712,568,GD_CEMIG,0,0,180,100,Vestas_V90_2000,None,0,0,0,1,0.1,0
5333,1,MMGDMG1713,568,GD_CEMIG,0,0,180,100,Vestas_V90_2000,None,0,0,0,1,0.1,0
5334,1,MMGDMG1715,568,GD_CEMIG,0,0,180,100,Vestas_V90_2000,None,0,0,0,1,0.1,0
5335,1,MMGDMG1716,568,GD_CEMIG,0,0,180,100,Vestas_V90_2000,None,0,0,0,1,0.1,0
5336,1,MMGDMG1717,568,GD_CEMIG,0,0,180,100,Vestas_V90_2000,None,0,0,0,1,0.1,0
5337,1,MMGDMG1718,568,GD_CEMIG,0,0,180,100,Vestas_V90_2000,None,0,0,0,1,0.1,0
5338,1,MMGDMG1719,568,GD_CEMIG,0,0,180,100,Vestas_V90_2000,None,0,0,0,1,0.1,0
5339,1,MMGDMG1720,568,GD_CEMIG,0,0,180,100,Vestas_V90_2000,None,0,0,0,1,0.1,0
5340,1,MMGDMG1721,568,GD_CEMIG,0,0,180,100,Vestas_V90_2000,None,0,0,0,1,0.1,0
5341,1,MMGDMG1723,568,GD_CEMIG,0,0,180,100,Vestas_V90_2000,None,0,0,0,1,0.1,0
5342,1,MMGDMG1724,568,GD_CEMIG,0,0,180,100,Vestas_V90_2000,None,0,0,0,1,0.1,0
5343,1,MMGDMG1725,568,GD_CEMIG,0,0,180,100,Vestas_V90_2000,None,0,0,0,1,0.1,0
5344,1,MMGDMG1726,568,GD_CEMIG,0,0,180,100,Vestas_V90_2000,None,0,0,0,1,0.1,0
5345,1,MMGDMG1728,568,GD_CEMIG,0,0,180,100,Vestas_V90_2000,None,0,0,0,1,0.1,0
5346,1,MMGDMG1729,568,GD_CEMIG,0,0,180,100,Vestas_V90_2000,None,0,0,0,1,0.1,0
5347,1,MMGDMG1730,568,GD_CEMIG,0,0,180,100,Vestas_V90_2000,None,0,0,0,1,0.1,0
5348,1,MMGDMG1731,568,GD_CEMIG,0,0,180,100,Vestas_V90_2000,None,0,0,0,1,0.1,0
5349,1,MMGDMG1732,568,GD_CEMIG,0,0,180,100,Vestas_V90_2000,None,0,0,0,1,0.1,0
5350,1,MMGDMG1733,568,GD_CEMIG,0,0,180,100,Vestas_V90_2000,None,0,0,0,1,0.1,0
5351,1,MMGDMG1735,568,GD_CEMIG,0,0,180,100,Vestas_V90_2000,None,0,0,0,1,0.1,0
5352,1,MMGDMG1736,568,GD_CEMIG,0,0,180,100,Vestas_V90_2000,None,0,0,0,1,0.1,0
5353,1,MMGDMG1737,568,GD_CEMIG,0,0,180,100,Vestas_V90_2000,None,0,0,0,1,0.1,0
5354,1,MMGDMG1738,568,GD_CEMIG,0,0,180,100,Vestas_V90_2000,None,0,0,0,1,0.1,0
5355,1,MMGDMG1739,568,GD_CEMIG,0,0,180,100,Vestas_V90_2000,None,0,0,0,1,0.1,0
5356,1,MMGDMG1740,568,GD_CEMIG,0,0,180,100,Vestas_V90_2000,None,0,0,0,1,0.1,0
5357,1,MMGDMG1741,568,GD_CEMIG,0,0,180,100,Vestas_V90_2000,None,0,0,0,1,0.1,0
5358,1,MMGDMG1744,568,GD_CEMIG,0,0,180,100,Vestas_V90_2000,None,0,0,0,1,0.1,0
5359,1,MMGDMG1747,568,GD_CEMIG,0,0,180,100,Vestas_V90_2000,None,0,0,0,1,0.1,0
5360,1,MMGDMG1770,568,GD_CEMIG,0,0,180,100,Vestas_V90_2000,None,0,0,0,1,0.1,0
5361,1,MMGDMG1771,568,GD_CEMIG,0,0,180,100,Vestas_V90_2000,None,0,0,0,1,0.1,0
5362,1,MMGDMG1772,568,GD_CEMIG,0,0,180,100,Vestas_V90_2000,None,0,0,0,1,0.1,0
5363,1,MMGDMG1773,568,GD_CEMIG,0,0,180,100,Vestas_V90_2000,None,0,0,0,1,0.1,0
5364,1,MMGDMG1775,568,GD_CEMIG,0,0,180,100,Vestas_V90_2000,None,0,0,0,1,0.1,0
5365,1,MMGDMG1776,568,GD_CEMIG,0,0,180,100,Vestas_V90_2000,None,0,0,0,1,0.1,0
5366,1,MMGDMG1777,568,GD_CEMIG,0,0,180,100,Vestas_V90_2000,None,0,0,0,1,0.1,0
5367,1,MMGDMG1778,568,GD_CEMIG,0,0,180,100,Vestas_V90_2000,None,0,0,0,1,0.1,0
5368,1,MMGDMG1779,568,GD_CEMIG,0,0,180,100,Vestas_V90_2000,None,0,0,0,1,0.1,0
5369,1,MMGDMG1781,568,GD_CEMIG,0,0,180,100,Vestas_V90_2000,None,0,0,0,1,0.1,0
5370,1,MMGDMG1782,568,GD_CEMIG,0,0,180,100,Vestas_V90_2000,None,0,0,0,1,0.1,0
5371,1,MMGDMG1784,568,GD_CEMIG,0,0,180,100,Vestas_V90_2000,None,0,0,0,1,0.1,0
5372,1,MMGDMG1785,568,GD_CEMIG,0,0,180,100,Vestas_V90_2000,None,0,0,0,1,0.1,0
5373,1,MMGDMG1800,568,GD_CEMIG,0,0,180,100,Vestas_V90_2000,None,0,0,0,1,0.1,0
5374,1,MMGDMG1801,568,GD_CEMIG,0,0,180,100,Vestas_V90_2000,None,0,0,0,1,0.1,0
5375,1,MMGDMG1802,568,GD_CEMIG,0,0,180,100,Vestas_V90_2000,None,0,0,0,1,0.1,0
5376,1,MMGDMG1803,568,GD_CEMIG,0,0,180,100,Vestas_V90_2000,None,0,0,0,1,0.1,0
5377,1,MMGDMG1804,568,GD_CEMIG,0,0,180,100,Vestas_V90_2000,None,0,0,0,1,0.1,0
5378,1,MMGDMG1805,568,GD_CEMIG,0,0,180,100,Vestas_V90_2000,None,0,0,0,1,0.1,0
5379,1,MMGDMG1806,568,GD_CEMIG,0,0,180,100,Vestas_V90_2000,None,0,0,0,1,0.1,0
5380,1,MMGDMG1807,568,GD_CEMIG,0,0,180,100,Vestas_V90_2000,None,0,0,0,1,0.1,0
5381,1,MMGDMG1808,568,GD_CEMIG,0,0,180,100,Vestas_V90_2000,None,0,0,0,1,0.1,0
5382,1,MMGDMG1809,568,GD_CEMIG,0,0,180,100,Vestas_V90_2000,None,0,0,0,1,0.1,0
5383,1,MMGDMG1810,568,GD_CEMIG,0,0,180,100,Vestas_V90_2000,None,0,0,0,1,0.1,0
5384,1,MMGDMG1811,568,GD_CEMIG,0,0,180,100,Vestas_V90_2000,None,0,0,0,1,0.1,0
5385,1,MMGDMG1812,568,GD_CEMIG,0,0,180,100,Vestas_V90_2000,None,0,0,0,1,0.1,0
5386,1,MMGDMG1813,568,GD_CEMIG,0,0,180,100,Vestas_V90_2000,None,0,0,0,1,0.1,0
5387,1,MMGDMG1814,568,GD_CEMIG,0,0,180,100,Vestas_V90_2000,None,0,0,0,1,0.1,0
5388,1,MMGDMG1815,568,GD_CEMIG,0,0,180,100,Vestas_V90_2000,None,0,0,0,1,0.1,0
5389,1,MMGDMG1816,568,GD_CEMIG,0,0,180,100,Vestas_V90_2000,None,0,0,0,1,0.1,0
5390,1,MMGDMG1817,568,GD_CEMIG,0,0,180,100,Vestas_V90_2000,None,0,0,0,1,0.1,0
5391,1,MMGDMG1818,568,GD_CEMIG,0,0,180,100,Vestas_V90_2000,None,0,0,0,1,0.1,0
5392,1,MMGDMG1819,568,GD_CEMIG,0,0,180,100,Vestas_V90_2000,None,0,0,0,1,0.1,0
5393,1,MMGDMG1820,568,GD_CEMIG,0,0,180,100,Vestas_V90_2000,None,0,0,0,1,0.1,0
5394,1,MMGDMG1821,568,GD_CEMIG,0,0,180,100,Vestas_V90_2000,None,0,0,0,1,0.1,0
5395,1,MMGDMG1822,568,GD_CEMIG,0,0,180,100,Vestas_V90_2000,None,0,0,0,1,0.1,0
5396,1,MMGDMG1823,568,GD_CEMIG,0,0,180,100,Vestas_V90_2000,None,0,0,0,1,0.1,0
5397,1,MMGDMG1826,568,GD_CEMIG,0,0,180,100,Vestas_V90_2000,None,0,0,0,1,0.1,0
5398,1,MMGDMG1827,568,GD_CEMIG,0,0,180,100,Vestas_V90_2000,None,0,0,0,1,0.1,0
5399,1,MMGDMG1828,568,GD_CEMIG,0,0,180,100,Vestas_V90_2000,None,0,0,0,1,0.1,0
5400,1,MMGDMG1829,568,GD_CEMIG,0,0,180,100,Vestas_V90_2000,None,0,0,0,1,0.1,0
5401,1,MMGDMG1830,568,GD_CEMIG,0,0,180,100,Vestas_V90_2000,None,0,0,0,1,0.1,0
5402,1,MMGDMG1831,568,GD_CEMIG,0,0,180,100,Vestas_V90_2000,None,0,0,0,1,0.1,0
5403,1,MMGDMG1834,568,GD_CEMIG,0,0,180,100,Vestas_V90_2000,None,0,0,0,1,0.1,0
5404,1,MMGDMG1858,568,GD_CEMIG,0,0,180,100,Vestas_V90_2000,None,0,0,0,1,0.1,0
5405,1,MMGDMG1860,568,GD_CEMIG,0,0,180,100,Vestas_V90_2000,None,0,0,0,1,0.1,0
5406,1,MMGDMG1862,568,GD_CEMIG,0,0,180,100,Vestas_V90_2000,None,0,0,0,1,0.1,0
5407,1,MMGDMG1863,568,GD_CEMIG,0,0,180,100,Vestas_V90_2000,None,0,0,0,1,0.1,0
5408,1,MMGDMG1864,568,GD_CEMIG,0,0,180,100,Vestas_V90_2000,None,0,0,0,1,0.1,0
5409,1,MMGDMG1865,568,GD_CEMIG,0,0,180,100,Vestas_V90_2000,None,0,0,0,1,0.1,0
5410,1,MMGDMG1866,568,GD_CEMIG,0,0,180,100,Vestas_V90_2000,None,0,0,0,1,0.1,0
5411,1,MMGDMG1868,568,GD_CEMIG,0,0,180,100,Vestas_V90_2000,None,0,0,0,1,0.1,0
5412,1,MMGDMG1869,568,GD_CEMIG,0,0,180,100,Vestas_V90_2000,None,0,0,0,1,0.1,0
5413,1,MMGDMG1871,568,GD_CEMIG,0,0,180,100,Vestas_V90_2000,None,0,0,0,1,0.1,0
5414,1,MMGDMG1872,568,GD_CEMIG,0,0,180,100,Vestas_V90_2000,None,0,0,0,1,0.1,0
5415,1,MMGDMG1875,568,GD_CEMIG,0,0,180,100,Vestas_V90_2000,None,0,0,0,1,0.1,0
5416,1,MMGDMG1876,568,GD_CEMIG,0,0,180,100,Vestas_V90_2000,None,0,0,0,1,0.1,0
5417,1,MMGDMG1877,568,GD_CEMIG,0,0,180,100,Vestas_V90_2000,None,0,0,0,1,0.1,0
5418,1,MMGDMG1878,568,GD_CEMIG,0,0,180,100,Vestas_V90_2000,None,0,0,0,1,0.1,0
5419,1,MMGDMG1879,568,GD_CEMIG,0,0,180,100,Vestas_V90_2000,None,0,0,0,1,0.1,0
5420,1,MMGDMG1880,568,GD_CEMIG,0,0,180,100,Vestas_V90_2000,None,0,0,0,1,0.1,0
5421,1,MMGDMG1881,568,GD_CEMIG,0,0,180,100,Vestas_V90_2000,None,0,0,0,1,0.1,0
5422,1,MMGDMG1882,568,GD_CEMIG,0,0,180,100,Vestas_V90_2000,None,0,0,0,1,0.1,0
5423,1,MMGDMG1883,568,GD_CEMIG,0,0,180,100,Vestas_V90_2000,None,0,0,0,1,0.1,0
5424,1,MMGDMG1884,568,GD_CEMIG,0,0,180,100,Vestas_V90_2000,None,0,0,0,1,0.1,0
5425,1,MMGDMG1885,568,GD_CEMIG,0,0,180,100,Vestas_V90_2000,None,0,0,0,1,0.1,0
5426,1,MMGDMG1887,568,GD_CEMIG,0,0,180,100,Vestas_V90_2000,None,0,0,0,1,0.1,0
5427,1,MMGDMG1888,568,GD_CEMIG,0,0,180,100,Vestas_V90_2000,None,0,0,0,1,0.1,0
5428,1,MMGDMG1889,568,GD_CEMIG,0,0,180,100,Vestas_V90_2000,None,0,0,0,1,0.1,0
5429,1,MMGDMG1890,568,GD_CEMIG,0,0,180,100,Vestas_V90_2000,None,0,0,0,1,0.1,0
5430,1,MMGDMG1891,568,GD_CEMIG,0,0,180,100,Vestas_V90_2000,None,0,0,0,1,0.1,0
5431,1,MMGDMG1892,568,GD_CEMIG,0,0,180,100,Vestas_V90_2000,None,0,0,0,1,0.1,0
5432,1,MMGDMG1893,568,GD_CEMIG,0,0,180,100,Vestas_V90_2000,None,0,0,0,1,0.1,0
5433,1,MMGDMG1894,568,GD_CEMIG,0,0,180,100,Vestas_V90_2000,None,0,0,0,1,0.1,0
5434,1,MMGDMG1895,568,GD_CEMIG,0,0,180,100,Vestas_V90_2000,None,0,0,0,1,0.1,0
5435,1,MMGDMG1896,568,GD_CEMIG,0,0,180,100,Vestas_V90_2000,None,0,0,0,1,0.1,0
5436,1,MMGDMG1897,568,GD_CEMIG,0,0,180,100,Vestas_V90_2000,None,0,0,0,1,0.1,0
5437,1,MMGDMG1898,568,GD_CEMIG,0,0,180,100,Vestas_V90_2000,None,0,0,0,1,0.1,0
5438,1,MMGDMG1899,568,GD_CEMIG,0,0,180,100,Vestas_V90_2000,None,0,0,0,1,0.1,0
5439,1,MMGDMG1921,569,GD_EMG,0,0,180,100,Vestas_V90_2000,None,0,0,0,1,0.1,0
5440,1,MMGDMG1922,569,GD_EMG,0,0,180,100,Vestas_V90_2000,None,0,0,0,1,0.1,0
5441,1,MMGDMG1923,569,GD_EMG,0,0,180,100,Vestas_V90_2000,None,0,0,0,1,0.1,0
5442,1,MMGDMG1926,569,GD_EMG,0,0,180,100,Vestas_V90_2000,None,0,0,0,1,0.1,0
5443,1,MMGDMG1927,569,GD_EMG,0,0,180,100,Vestas_V90_2000,None,0,0,0,1,0.1,0
5444,1,MMGDMG1928,569,GD_EMG,0,0,180,100,Vestas_V90_2000,None,0,0,0,1,0.1,0
5445,1,MMGDMG2093,569,GD_EMG,0,0,180,100,Vestas_V90_2000,None,0,0,0,1,0.1,0
5446,1,MMGDMG2095,569,GD_EMG,0,0,180,100,Vestas_V90_2000,None,0,0,0,1,0.1,0
5447,1,MMGDMG2097,569,GD_EMG,0,0,180,100,Vestas_V90_2000,None,0,0,0,1,0.1,0
5448,1,MMGDMG2098,569,GD_EMG,0,0,180,100,Vestas_V90_2000,None,0,0,0,1,0.1,0
5449,1,MMGDMG2099,569,GD_EMG,0,0,180,100,Vestas_V90_2000,None,0,0,0,1,0.1,0
5450,1,MMGDMG2101,569,GD_EMG,0,0,180,100,Vestas_V90_2000,None,0,0,0,1,0.1,0
5451,1,MMGDMG2102,569,GD_EMG,0,0,180,100,Vestas_V90_2000,None,0,0,0,1,0.1,0
5452,1,MMGDMG2103,569,GD_EMG,0,0,180,100,Vestas_V90_2000,None,0,0,0,1,0.1,0
5453,1,MMGDMG2105,569,GD_EMG,0,0,180,100,Vestas_V90_2000,None,0,0,0,1,0.1,0
5454,1,MMGDMG2106,569,GD_EMG,0,0,180,100,Vestas_V90_2000,None,0,0,0,1,0.1,0
5455,1,MMGDMG2108,569,GD_EMG,0,0,180,100,Vestas_V90_2000,None,0,0,0,1,0.1,0
5456,1,MMGDMG2109,569,GD_EMG,0,0,180,100,Vestas_V90_2000,None,0,0,0,1,0.1,0
5457,1,MMGDMG2110,569,GD_EMG,0,0,180,100,Vestas_V90_2000,None,0,0,0,1,0.1,0
5458,1,MMGDMG2111,569,GD_EMG,0,0,180,100,Vestas_V90_2000,None,0,0,0,1,0.1,0
5459,1,MMGDMG2112,569,GD_EMG,0,0,180,100,Vestas_V90_2000,None,0,0,0,1,0.1,0
5460,1,MMGDMG2114,569,GD_EMG,0,0,180,100,Vestas_V90_2000,None,0,0,0,1,0.1,0
5461,1,MMGDMG2115,569,GD_EMG,0,0,180,100,Vestas_V90_2000,None,0,0,0,1,0.1,0
5462,1,MMGDMG2117,569,GD_EMG,0,0,180,100,Vestas_V90_2000,None,0,0,0,1,0.1,0
5463,1,MMGDMG2120,569,GD_EMG,0,0,180,100,Vestas_V90_2000,None,0,0,0,1,0.1,0
5464,1,MMGDMG2122,569,GD_EMG,0,0,180,100,Vestas_V90_2000,None,0,0,0,1,0.1,0
5465,1,MMGDMG2124,569,GD_EMG,0,0,180,100,Vestas_V90_2000,None,0,0,0,1,0.1,0
5466,1,MMGDMG2127,569,GD_EMG,0,0,180,100,Vestas_V90_2000,None,0,0,0,1,0.1,0
5467,1,MMGDMG2128,569,GD_EMG,0,0,180,100,Vestas_V90_2000,None,0,0,0,1,0.1,0
5468,1,MMGDMG2130,569,GD_EMG,0,0,180,100,Vestas_V90_2000,None,0,0,0,1,0.1,0
5469,1,MMGDMG2144,569,GD_EMG,0,0,180,100,Vestas_V90_2000,None,0,0,0,1,0.1,0
5470,1,MMGDMG2147,569,GD_EMG,0,0,180,100,Vestas_V90_2000,None,0,0,0,1,0.1,0
5471,1,MMGDMG2149,569,GD_EMG,0,0,180,100,Vestas_V90_2000,None,0,0,0,1,0.1,0
5472,1,MMGDMG2158,569,GD_EMG,0,0,180,100,Vestas_V90_2000,None,0,0,0,1,0.1,0
5473,1,MMGDMG2159,569,GD_EMG,0,0,180,100,Vestas_V90_2000,None,0,0,0,1,0.1,0
5474,1,MMGDMG26477,568,GD_CEMIG,0,0,180,100,Vestas_V90_2000,None,0,0,0,1,0.1,0
5475,1,MMGDMG26481,568,GD_CEMIG,0,0,180,100,Vestas_V90_2000,None,0,0,0,1,0.1,0
5476,1,MMGDMG26482,568,GD_CEMIG,0,0,180,100,Vestas_V90_2000,None,0,0,0,1,0.1,0
5477,1,MMGDMG26492,568,GD_CEMIG,0,0,180,100,Vestas_V90_2000,None,0,0,0,1,0.1,0
5478,1,MMGDMG26739,568,GD_CEMIG,0,0,180,100,Vestas_V90_2000,None,0,0,0,1,0.1,0
5479,1,MMGDMG26741,568,GD_CEMIG,0,0,180,100,Vestas_V90_2000,None,0,0,0,1,0.1,0
5480,1,MMGDMG26746,568,GD_CEMIG,0,0,180,100,Vestas_V90_2000,None,0,0,0,1,0.1,0
5481,1,MMGDMG26787,568,GD_CEMIG,0,0,180,100,Vestas_V90_2000,None,0,0,0,1,0.1,0
5482,1,MMGDMG26832,568,GD_CEMIG,0,0,180,100,Vestas_V90_2000,None,0,0,0,1,0.1,0
5483,1,MMGDMG26842,568,GD_CEMIG,0,0,180,100,Vestas_V90_2000,None,0,0,0,1,0.1,0
5484,1,MMGDMG26843,568,GD_CEMIG,0,0,180,100,Vestas_V90_2000,None,0,0,0,1,0.1,0
5485,1,MMGDMG26844,568,GD_CEMIG,0,0,180,100,Vestas_V90_2000,None,0,0,0,1,0.1,0
5486,1,MMGDMG26894,568,GD_CEMIG,0,0,180,100,Vestas_V90_2000,None,0,0,0,1,0.1,0
5487,1,MMGDMG26916,568,GD_CEMIG,0,0,180,100,Vestas_V90_2000,None,0,0,0,1,0.1,0
5488,1,MMGDMG26917,568,GD_CEMIG,0,0,180,100,Vestas_V90_2000,None,0,0,0,1,0.1,0
5489,1,MMGDMG26919,568,GD_CEMIG,0,0,180,100,Vestas_V90_2000,None,0,0,0,1,0.1,0
5490,1,MMGDMG26920,568,GD_CEMIG,0,0,180,100,Vestas_V90_2000,None,0,0,0,1,0.1,0
5491,1,MMGDMG26928,568,GD_CEMIG,0,0,180,100,Vestas_V90_2000,None,0,0,0,1,0.1,0
5492,1,MMGDMG26939,568,GD_CEMIG,0,0,180,100,Vestas_V90_2000,None,0,0,0,1,0.1,0
5493,1,MMGDMG26972,568,GD_CEMIG,0,0,180,100,Vestas_V90_2000,None,0,0,0,1,0.1,0
5494,1,MMGDMG27005,568,GD_CEMIG,0,0,180,100,Vestas_V90_2000,None,0,0,0,1,0.1,0
5495,1,MMGDMG27032,568,GD_CEMIG,0,0,180,100,Vestas_V90_2000,None,0,0,0,1,0.1,0
5496,1,MMGDMG27034,568,GD_CEMIG,0,0,180,100,Vestas_V90_2000,None,0,0,0,1,0.1,0
5497,1,MMGDMG27051,568,GD_CEMIG,0,0,180,100,Vestas_V90_2000,None,0,0,0,1,0.1,0
5498,1,MMGDMG27062,568,GD_CEMIG,0,0,180,100,Vestas_V90_2000,None,0,0,0,1,0.1,0
5499,1,MMGDMG27145,568,GD_CEMIG,0,0,180,100,Vestas_V90_2000,None,0,0,0,1,0.1,0
5500,1,MMGDMG27153,568,GD_CEMIG,0,0,180,100,Vestas_V90_2000,None,0,0,0,1,0.1,0
5501,1,MMGDMG27171,568,GD_CEMIG,0,0,180,100,Vestas_V90_2000,None,0,0,0,1,0.1,0
5502,1,MMGDMG27203,568,GD_CEMIG,0,0,180,100,Vestas_V90_2000,None,0,0,0,1,0.1,0
5503,1,MMGDMG27210,568,GD_CEMIG,0,0,180,100,Vestas_V90_2000,None,0,0,0,1,0.1,0
5504,1,MMGDMG27212,568,GD_CEMIG,0,0,180,100,Vestas_V90_2000,None,0,0,0,1,0.1,0
5505,1,MMGDMG27217,568,GD_CEMIG,0,0,180,100,Vestas_V90_2000,None,0,0,0,1,0.1,0
5506,1,MMGDMG27231,568,GD_CEMIG,0,0,180,100,Vestas_V90_2000,None,0,0,0,1,0.1,0
5507,1,MMGDMG27234,568,GD_CEMIG,0,0,180,100,Vestas_V90_2000,None,0,0,0,1,0.1,0
5508,1,MMGDMG27235,568,GD_CEMIG,0,0,180,100,Vestas_V90_2000,None,0,0,0,1,0.1,0
5509,1,MMGDMG27237,568,GD_CEMIG,0,0,180,100,Vestas_V90_2000,None,0,0,0,1,0.1,0
5510,1,MMGDMG27241,568,GD_CEMIG,0,0,180,100,Vestas_V90_2000,None,0,0,0,1,0.1,0
5511,1,MMGDMG27245,568,GD_CEMIG,0,0,180,100,Vestas_V90_2000,None,0,0,0,1,0.1,0
5512,1,MMGDMG27252,568,GD_CEMIG,0,0,180,100,Vestas_V90_2000,None,0,0,0,1,0.1,0
5513,1,MMGDMG27255,568,GD_CEMIG,0,0,180,100,Vestas_V90_2000,None,0,0,0,1,0.1,0
5514,1,MMGDMG27257,568,GD_CEMIG,0,0,180,100,Vestas_V90_2000,None,0,0,0,1,0.1,0
5515,1,MMGDMG27260,568,GD_CEMIG,0,0,180,100,Vestas_V90_2000,None,0,0,0,1,0.1,0
5516,1,MMGDMG27271,568,GD_CEMIG,0,0,180,100,Vestas_V90_2000,None,0,0,0,1,0.1,0
5517,1,MMGDMG27304,568,GD_CEMIG,0,0,180,100,Vestas_V90_2000,None,0,0,0,1,0.1,0
5518,1,MMGDMG27314,568,GD_CEMIG,0,0,180,100,Vestas_V90_2000,None,0,0,0,1,0.1,0
5519,1,MMGDMG27337,568,GD_CEMIG,0,0,180,100,Vestas_V90_2000,None,0,0,0,1,0.1,0
5520,1,MMGDMG27353,568,GD_CEMIG,0,0,180,100,Vestas_V90_2000,None,0,0,0,1,0.1,0
5521,1,MMGDMG27354,568,GD_CEMIG,0,0,180,100,Vestas_V90_2000,None,0,0,0,1,0.1,0
5522,1,MMGDMG27371,568,GD_CEMIG,0,0,180,100,Vestas_V90_2000,None,0,0,0,1,0.1,0
5523,1,MMGDMG27379,568,GD_CEMIG,0,0,180,100,Vestas_V90_2000,None,0,0,0,1,0.1,0
5524,1,MMGDMG27384,568,GD_CEMIG,0,0,180,100,Vestas_V90_2000,None,0,0,0,1,0.1,0
5525,1,MMGDMG27404,568,GD_CEMIG,0,0,180,100,Vestas_V90_2000,None,0,0,0,1,0.1,0
5526,1,MMGDMG27408,568,GD_CEMIG,0,0,180,100,Vestas_V90_2000,None,0,0,0,1,0.1,0
5527,1,MMGDMG27409,568,GD_CEMIG,0,0,180,100,Vestas_V90_2000,None,0,0,0,1,0.1,0
5528,1,MMGDMG27441,568,GD_CEMIG,0,0,180,100,Vestas_V90_2000,None,0,0,0,1,0.1,0
5529,1,MMGDMG27499,568,GD_CEMIG,0,0,180,100,Vestas_V90_2000,None,0,0,0,1,0.1,0
5530,1,MMGDMG27501,568,GD_CEMIG,0,0,180,100,Vestas_V90_2000,None,0,0,0,1,0.1,0
5531,1,MMGDMG27511,568,GD_CEMIG,0,0,180,100,Vestas_V90_2000,None,0,0,0,1,0.1,0
5532,1,MMGDMG27549,568,GD_CEMIG,0,0,180,100,Vestas_V90_2000,None,0,0,0,1,0.1,0
5533,1,MMGDMG27557,568,GD_CEMIG,0,0,180,100,Vestas_V90_2000,None,0,0,0,1,0.1,0
5534,1,MMGDMG27572,568,GD_CEMIG,0,0,180,100,Vestas_V90_2000,None,0,0,0,1,0.1,0
5535,1,MMGDMG27573,568,GD_CEMIG,0,0,180,100,Vestas_V90_2000,None,0,0,0,1,0.1,0
5536,1,MMGDMG27574,568,GD_CEMIG,0,0,180,100,Vestas_V90_2000,None,0,0,0,1,0.1,0
5537,1,MMGDMG27575,568,GD_CEMIG,0,0,180,100,Vestas_V90_2000,None,0,0,0,1,0.1,0
5538,1,MMGDMG27590,568,GD_CEMIG,0,0,180,100,Vestas_V90_2000,None,0,0,0,1,0.1,0
5539,1,MMGDMG27591,568,GD_CEMIG,0,0,180,100,Vestas_V90_2000,None,0,0,0,1,0.1,0
5540,1,MMGDMG27602,568,GD_CEMIG,0,0,180,100,Vestas_V90_2000,None,0,0,0,1,0.1,0
5541,1,MMGDMG27608,568,GD_CEMIG,0,0,180,100,Vestas_V90_2000,None,0,0,0,1,0.1,0
5542,1,MMGDMG27619,568,GD_CEMIG,0,0,180,100,Vestas_V90_2000,None,0,0,0,1,0.1,0
5543,1,MMGDMG27620,568,GD_CEMIG,0,0,180,100,Vestas_V90_2000,None,0,0,0,1,0.1,0
5544,1,MMGDMG27621,568,GD_CEMIG,0,0,180,100,Vestas_V90_2000,None,0,0,0,1,0.1,0
5545,1,MMGDMG27630,568,GD_CEMIG,0,0,180,100,Vestas_V90_2000,None,0,0,0,1,0.1,0
5546,1,MMGDMG27684,568,GD_CEMIG,0,0,180,100,Vestas_V90_2000,None,0,0,0,1,0.1,0
5547,1,MMGDMG27687,568,GD_CEMIG,0,0,180,100,Vestas_V90_2000,None,0,0,0,1,0.1,0
5548,1,MMGDMG27694,568,GD_CEMIG,0,0,180,100,Vestas_V90_2000,None,0,0,0,1,0.1,0
5549,1,MMGDMG27695,568,GD_CEMIG,0,0,180,100,Vestas_V90_2000,None,0,0,0,1,0.1,0
5550,1,MMGDMG27748,568,GD_CEMIG,0,0,180,100,Vestas_V90_2000,None,0,0,0,1,0.1,0
5551,1,MMGDMG27901,568,GD_CEMIG,0,0,180,100,Vestas_V90_2000,None,0,0,0,1,0.1,0
5552,1,MMGDMG27908,568,GD_CEMIG,0,0,180,100,Vestas_V90_2000,None,0,0,0,1,0.1,0
5553,1,MMGDMG27924,568,GD_CEMIG,0,0,180,100,Vestas_V90_2000,None,0,0,0,1,0.1,0
5554,1,MMGDMG27930,568,GD_CEMIG,0,0,180,100,Vestas_V90_2000,None,0,0,0,1,0.1,0
5555,1,MMGDMG29052,569,GD_EMG,0,0,180,100,Vestas_V90_2000,None,0,0,0,1,0.1,0
5556,1,MMGDMG29053,569,GD_EMG,0,0,180,100,Vestas_V90_2000,None,0,0,0,1,0.1,0
5557,1,MMGDMG29054,569,GD_EMG,0,0,180,100,Vestas_V90_2000,None,0,0,0,1,0.1,0
5558,1,MMGDMG29056,569,GD_EMG,0,0,180,100,Vestas_V90_2000,None,0,0,0,1,0.1,0
5559,1,MMGDMG40390,568,GD_CEMIG,0,0,180,100,Vestas_V90_2000,None,0,0,0,1,0.1,0
5560,1,MMGDMS40339,570,GD_EMS,0,0,180,100,Vestas_V90_2000,None,0,0,0,1,0.1,0
5561,1,MMGDMS49052,570,GD_EMS,0,0,180,100,Vestas_V90_2000,None,0,0,0,1,0.1,0
5562,1,MMGDMS49057,570,GD_EMS,0,0,180,100,Vestas_V90_2000,None,0,0,0,1,0.1,0
5563,1,MMGDMS49084,570,GD_EMS,0,0,180,100,Vestas_V90_2000,None,0,0,0,1,0.1,0
5564,1,MMGDMS8366,570,GD_EMS,0,0,180,100,Vestas_V90_2000,None,0,0,0,1,0.1,0
5565,1,MMGDMS8374,570,GD_EMS,0,0,180,100,Vestas_V90_2000,None,0,0,0,1,0.1,0
5566,1,MMGDMS8375,570,GD_EMS,0,0,180,100,Vestas_V90_2000,None,0,0,0,1,0.1,0
5567,1,MMGDMS8378,570,GD_EMS,0,0,180,100,Vestas_V90_2000,None,0,0,0,1,0.1,0
5568,1,MMGDMS8379,570,GD_EMS,0,0,180,100,Vestas_V90_2000,None,0,0,0,1,0.1,0
5569,1,MMGDMS8380,570,GD_EMS,0,0,180,100,Vestas_V90_2000,None,0,0,0,1,0.1,0
5570,1,MMGDMS8397,570,GD_EMS,0,0,180,100,Vestas_V90_2000,None,0,0,0,1,0.1,0
5571,1,MMGDMS8403,570,GD_EMS,0,0,180,100,Vestas_V90_2000,None,0,0,0,1,0.1,0
5572,1,MMGDMS8418,570,GD_EMS,0,0,180,100,Vestas_V90_2000,None,0,0,0,1,0.1,0
5573,1,MMGDMS8419,570,GD_EMS,0,0,180,100,Vestas_V90_2000,None,0,0,0,1,0.1,0
5574,1,MMGDMS8440,570,GD_EMS,0,0,180,100,Vestas_V90_2000,None,0,0,0,1,0.1,0
5575,1,MMGDMS8443,570,GD_EMS,0,0,180,100,Vestas_V90_2000,None,0,0,0,1,0.1,0
5576,1,MMGDMS8450,570,GD_EMS,0,0,180,100,Vestas_V90_2000,None,0,0,0,1,0.1,0
5577,1,MMGDMS8454,570,GD_EMS,0,0,180,100,Vestas_V90_2000,None,0,0,0,1,0.1,0
5578,1,MMGDMS8456,570,GD_EMS,0,0,180,100,Vestas_V90_2000,None,0,0,0,1,0.1,0
5579,1,MMGDMS8461,570,GD_EMS,0,0,180,100,Vestas_V90_2000,None,0,0,0,1,0.1,0
5580,1,MMGDMS8465,570,GD_EMS,0,0,180,100,Vestas_V90_2000,None,0,0,0,1,0.1,0
5581,1,MMGDMS8469,570,GD_EMS,0,0,180,100,Vestas_V90_2000,None,0,0,0,1,0.1,0
5582,1,MMGDMS8477,570,GD_EMS,0,0,180,100,Vestas_V90_2000,None,0,0,0,1,0.1,0
5583,1,MMGDMS8482,570,GD_EMS,0,0,180,100,Vestas_V90_2000,None,0,0,0,1,0.1,0
5584,1,MMGDMS8486,570,GD_EMS,0,0,180,100,Vestas_V90_2000,None,0,0,0,1,0.1,0
5585,1,MMGDMS8489,570,GD_EMS,0,0,180,100,Vestas_V90_2000,None,0,0,0,1,0.1,0
5586,1,MMGDMS8490,570,GD_EMS,0,0,180,100,Vestas_V90_2000,None,0,0,0,1,0.1,0
5587,1,MMGDMS8492,570,GD_EMS,0,0,180,100,Vestas_V90_2000,None,0,0,0,1,0.1,0
5588,1,MMGDMS8495,570,GD_EMS,0,0,180,100,Vestas_V90_2000,None,0,0,0,1,0.1,0
5589,1,MMGDMS8506,570,GD_EMS,0,0,180,100,Vestas_V90_2000,None,0,0,0,1,0.1,0
5590,1,MMGDMS8511,570,GD_EMS,0,0,180,100,Vestas_V90_2000,None,0,0,0,1,0.1,0
5591,1,MMGDMS8515,570,GD_EMS,0,0,180,100,Vestas_V90_2000,None,0,0,0,1,0.1,0
5592,1,MMGDMS8518,570,GD_EMS,0,0,180,100,Vestas_V90_2000,None,0,0,0,1,0.1,0
5593,1,MMGDMS8521,570,GD_EMS,0,0,180,100,Vestas_V90_2000,None,0,0,0,1,0.1,0
5594,1,MMGDMS8524,570,GD_EMS,0,0,180,100,Vestas_V90_2000,None,0,0,0,1,0.1,0
5595,1,MMGDMS8531,570,GD_EMS,0,0,180,100,Vestas_V90_2000,None,0,0,0,1,0.1,0
5596,1,MMGDMS8535,570,GD_EMS,0,0,180,100,Vestas_V90_2000,None,0,0,0,1,0.1,0
5597,1,MMGDMS8542,570,GD_EMS,0,0,180,100,Vestas_V90_2000,None,0,0,0,1,0.1,0
5598,1,MMGDMS8546,570,GD_EMS,0,0,180,100,Vestas_V90_2000,None,0,0,0,1,0.1,0
5599,1,MMGDMS8554,570,GD_EMS,0,0,180,100,Vestas_V90_2000,None,0,0,0,1,0.1,0
5600,1,MMGDMS8557,570,GD_EMS,0,0,180,100,Vestas_V90_2000,None,0,0,0,1,0.1,0
5601,1,MMGDMS8573,570,GD_EMS,0,0,180,100,Vestas_V90_2000,None,0,0,0,1,0.1,0
5602,1,MMGDMS8582,570,GD_EMS,0,0,180,100,Vestas_V90_2000,None,0,0,0,1,0.1,0
5603,1,MMGDMS8586,570,GD_EMS,0,0,180,100,Vestas_V90_2000,None,0,0,0,1,0.1,0
5604,1,MMGDMS8591,570,GD_EMS,0,0,180,100,Vestas_V90_2000,None,0,0,0,1,0.1,0
5605,1,MMGDMS8598,570,GD_EMS,0,0,180,100,Vestas_V90_2000,None,0,0,0,1,0.1,0
5606,1,MMGDMS8605,570,GD_EMS,0,0,180,100,Vestas_V90_2000,None,0,0,0,1,0.1,0
5607,1,MMGDMS8611,570,GD_EMS,0,0,180,100,Vestas_V90_2000,None,0,0,0,1,0.1,0
5608,1,MMGDMS8615,570,GD_EMS,0,0,180,100,Vestas_V90_2000,None,0,0,0,1,0.1,0
5609,1,MMGDMS8618,570,GD_EMS,0,0,180,100,Vestas_V90_2000,None,0,0,0,1,0.1,0
5610,1,MMGDMS8627,570,GD_EMS,0,0,180,100,Vestas_V90_2000,None,0,0,0,1,0.1,0
5611,1,MMGDMS8637,570,GD_EMS,0,0,180,100,Vestas_V90_2000,None,0,0,0,1,0.1,0
5612,1,MMGDMS8639,570,GD_EMS,0,0,180,100,Vestas_V90_2000,None,0,0,0,1,0.1,0
5613,1,MMGDMS8648,570,GD_EMS,0,0,180,100,Vestas_V90_2000,None,0,0,0,1,0.1,0
5614,1,MMGDMS8655,570,GD_EMS,0,0,180,100,Vestas_V90_2000,None,0,0,0,1,0.1,0
5615,1,MMGDMS8666,570,GD_EMS,0,0,180,100,Vestas_V90_2000,None,0,0,0,1,0.1,0
5616,1,MMGDMS8676,570,GD_EMS,0,0,180,100,Vestas_V90_2000,None,0,0,0,1,0.1,0
5617,1,MMGDMS8686,570,GD_EMS,0,0,180,100,Vestas_V90_2000,None,0,0,0,1,0.1,0
5618,1,MMGDMS8691,570,GD_EMS,0,0,180,100,Vestas_V90_2000,None,0,0,0,1,0.1,0
5619,1,MMGDMS8705,570,GD_EMS,0,0,180,100,Vestas_V90_2000,None,0,0,0,1,0.1,0
5620,1,MMGDMT1291,571,GD_EMT,0,0,180,100,Vestas_V90_2000,None,0,0,0,1,0.1,0
5621,1,MMGDMT1293,571,GD_EMT,0,0,180,100,Vestas_V90_2000,None,0,0,0,1,0.1,0
5622,1,MMGDMT1295,571,GD_EMT,0,0,180,100,Vestas_V90_2000,None,0,0,0,1,0.1,0
5623,1,MMGDMT1297,571,GD_EMT,0,0,180,100,Vestas_V90_2000,None,0,0,0,1,0.1,0
5624,1,MMGDMT1300,571,GD_EMT,0,0,180,100,Vestas_V90_2000,None,0,0,0,1,0.1,0
5625,1,MMGDMT1302,571,GD_EMT,0,0,180,100,Vestas_V90_2000,None,0,0,0,1,0.1,0
5626,1,MMGDMT1304,571,GD_EMT,0,0,180,100,Vestas_V90_2000,None,0,0,0,1,0.1,0
5627,1,MMGDMT1306,571,GD_EMT,0,0,180,100,Vestas_V90_2000,None,0,0,0,1,0.1,0
5628,1,MMGDMT1309,571,GD_EMT,0,0,180,100,Vestas_V90_2000,None,0,0,0,1,0.1,0
5629,1,MMGDMT1310,571,GD_EMT,0,0,180,100,Vestas_V90_2000,None,0,0,0,1,0.1,0
5630,1,MMGDMT1311,571,GD_EMT,0,0,180,100,Vestas_V90_2000,None,0,0,0,1,0.1,0
5631,1,MMGDMT1312,571,GD_EMT,0,0,180,100,Vestas_V90_2000,None,0,0,0,1,0.1,0
5632,1,MMGDMT1316,571,GD_EMT,0,0,180,100,Vestas_V90_2000,None,0,0,0,1,0.1,0
5633,1,MMGDMT1317,571,GD_EMT,0,0,180,100,Vestas_V90_2000,None,0,0,0,1,0.1,0
5634,1,MMGDMT1319,571,GD_EMT,0,0,180,100,Vestas_V90_2000,None,0,0,0,1,0.1,0
5635,1,MMGDMT1320,571,GD_EMT,0,0,180,100,Vestas_V90_2000,None,0,0,0,1,0.1,0
5636,1,MMGDMT1322,571,GD_EMT,0,0,180,100,Vestas_V90_2000,None,0,0,0,1,0.1,0
5637,1,MMGDMT1323,571,GD_EMT,0,0,180,100,Vestas_V90_2000,None,0,0,0,1,0.1,0
5638,1,MMGDMT1326,571,GD_EMT,0,0,180,100,Vestas_V90_2000,None,0,0,0,1,0.1,0
5639,1,MMGDMT1331,571,GD_EMT,0,0,180,100,Vestas_V90_2000,None,0,0,0,1,0.1,0
5640,1,MMGDMT1332,571,GD_EMT,0,0,180,100,Vestas_V90_2000,None,0,0,0,1,0.1,0
5641,1,MMGDMT1333,571,GD_EMT,0,0,180,100,Vestas_V90_2000,None,0,0,0,1,0.1,0
5642,1,MMGDMT1334,571,GD_EMT,0,0,180,100,Vestas_V90_2000,None,0,0,0,1,0.1,0
5643,1,MMGDMT1335,571,GD_EMT,0,0,180,100,Vestas_V90_2000,None,0,0,0,1,0.1,0
5644,1,MMGDMT1336,571,GD_EMT,0,0,180,100,Vestas_V90_2000,None,0,0,0,1,0.1,0
5645,1,MMGDMT1337,571,GD_EMT,0,0,180,100,Vestas_V90_2000,None,0,0,0,1,0.1,0
5646,1,MMGDMT1338,571,GD_EMT,0,0,180,100,Vestas_V90_2000,None,0,0,0,1,0.1,0
5647,1,MMGDMT1339,571,GD_EMT,0,0,180,100,Vestas_V90_2000,None,0,0,0,1,0.1,0
5648,1,MMGDMT1340,571,GD_EMT,0,0,180,100,Vestas_V90_2000,None,0,0,0,1,0.1,0
5649,1,MMGDMT1341,571,GD_EMT,0,0,180,100,Vestas_V90_2000,None,0,0,0,1,0.1,0
5650,1,MMGDMT1342,571,GD_EMT,0,0,180,100,Vestas_V90_2000,None,0,0,0,1,0.1,0
5651,1,MMGDMT1343,571,GD_EMT,0,0,180,100,Vestas_V90_2000,None,0,0,0,1,0.1,0
5652,1,MMGDMT1345,571,GD_EMT,0,0,180,100,Vestas_V90_2000,None,0,0,0,1,0.1,0
5653,1,MMGDMT1346,571,GD_EMT,0,0,180,100,Vestas_V90_2000,None,0,0,0,1,0.1,0
5654,1,MMGDMT1347,571,GD_EMT,0,0,180,100,Vestas_V90_2000,None,0,0,0,1,0.1,0
5655,1,MMGDMT1350,571,GD_EMT,0,0,180,100,Vestas_V90_2000,None,0,0,0,1,0.1,0
5656,1,MMGDMT1351,571,GD_EMT,0,0,180,100,Vestas_V90_2000,None,0,0,0,1,0.1,0
5657,1,MMGDMT1355,571,GD_EMT,0,0,180,100,Vestas_V90_2000,None,0,0,0,1,0.1,0
5658,1,MMGDMT1356,571,GD_EMT,0,0,180,100,Vestas_V90_2000,None,0,0,0,1,0.1,0
5659,1,MMGDMT1358,571,GD_EMT,0,0,180,100,Vestas_V90_2000,None,0,0,0,1,0.1,0
5660,1,MMGDMT1359,571,GD_EMT,0,0,180,100,Vestas_V90_2000,None,0,0,0,1,0.1,0
5661,1,MMGDMT1361,571,GD_EMT,0,0,180,100,Vestas_V90_2000,None,0,0,0,1,0.1,0
5662,1,MMGDMT1363,571,GD_EMT,0,0,180,100,Vestas_V90_2000,None,0,0,0,1,0.1,0
5663,1,MMGDMT1366,571,GD_EMT,0,0,180,100,Vestas_V90_2000,None,0,0,0,1,0.1,0
5664,1,MMGDMT1370,571,GD_EMT,0,0,180,100,Vestas_V90_2000,None,0,0,0,1,0.1,0
5665,1,MMGDMT1372,571,GD_EMT,0,0,180,100,Vestas_V90_2000,None,0,0,0,1,0.1,0
5666,1,MMGDMT1373,571,GD_EMT,0,0,180,100,Vestas_V90_2000,None,0,0,0,1,0.1,0
5667,1,MMGDMT1375,571,GD_EMT,0,0,180,100,Vestas_V90_2000,None,0,0,0,1,0.1,0
5668,1,MMGDMT1376,571,GD_EMT,0,0,180,100,Vestas_V90_2000,None,0,0,0,1,0.1,0
5669,1,MMGDMT1377,571,GD_EMT,0,0,180,100,Vestas_V90_2000,None,0,0,0,1,0.1,0
5670,1,MMGDMT1378,571,GD_EMT,0,0,180,100,Vestas_V90_2000,None,0,0,0,1,0.1,0
5671,1,MMGDMT1380,571,GD_EMT,0,0,180,100,Vestas_V90_2000,None,0,0,0,1,0.1,0
5672,1,MMGDMT1381,571,GD_EMT,0,0,180,100,Vestas_V90_2000,None,0,0,0,1,0.1,0
5673,1,MMGDMT1383,571,GD_EMT,0,0,180,100,Vestas_V90_2000,None,0,0,0,1,0.1,0
5674,1,MMGDMT1384,571,GD_EMT,0,0,180,100,Vestas_V90_2000,None,0,0,0,1,0.1,0
5675,1,MMGDMT1386,571,GD_EMT,0,0,180,100,Vestas_V90_2000,None,0,0,0,1,0.1,0
5676,1,MMGDMT1387,571,GD_EMT,0,0,180,100,Vestas_V90_2000,None,0,0,0,1,0.1,0
5677,1,MMGDMT1390,571,GD_EMT,0,0,180,100,Vestas_V90_2000,None,0,0,0,1,0.1,0
5678,1,MMGDMT1391,571,GD_EMT,0,0,180,100,Vestas_V90_2000,None,0,0,0,1,0.1,0
5679,1,MMGDMT1392,571,GD_EMT,0,0,180,100,Vestas_V90_2000,None,0,0,0,1,0.1,0
5680,1,MMGDMT1393,571,GD_EMT,0,0,180,100,Vestas_V90_2000,None,0,0,0,1,0.1,0
5681,1,MMGDMT1395,571,GD_EMT,0,0,180,100,Vestas_V90_2000,None,0,0,0,1,0.1,0
5682,1,MMGDMT1397,571,GD_EMT,0,0,180,100,Vestas_V90_2000,None,0,0,0,1,0.1,0
5683,1,MMGDMT1399,571,GD_EMT,0,0,180,100,Vestas_V90_2000,None,0,0,0,1,0.1,0
5684,1,MMGDMT1409,571,GD_EMT,0,0,180,100,Vestas_V90_2000,None,0,0,0,1,0.1,0
5685,1,MMGDMT25701,571,GD_EMT,0,0,180,100,Vestas_V90_2000,None,0,0,0,1,0.1,0
5686,1,MMGDMT25709,571,GD_EMT,0,0,180,100,Vestas_V90_2000,None,0,0,0,1,0.1,0
5687,1,MMGDMT25711,571,GD_EMT,0,0,180,100,Vestas_V90_2000,None,0,0,0,1,0.1,0
5688,1,MMGDMT25727,571,GD_EMT,0,0,180,100,Vestas_V90_2000,None,0,0,0,1,0.1,0
5689,1,MMGDMT25728,571,GD_EMT,0,0,180,100,Vestas_V90_2000,None,0,0,0,1,0.1,0
5690,1,MMGDMT25732,571,GD_EMT,0,0,180,100,Vestas_V90_2000,None,0,0,0,1,0.1,0
5691,1,MMGDMT25735,571,GD_EMT,0,0,180,100,Vestas_V90_2000,None,0,0,0,1,0.1,0
5692,1,MMGDMT26001,571,GD_EMT,0,0,180,100,Vestas_V90_2000,None,0,0,0,1,0.1,0
5693,1,MMGDMT26002,571,GD_EMT,0,0,180,100,Vestas_V90_2000,None,0,0,0,1,0.1,0
5694,1,MMGDMT26003,571,GD_EMT,0,0,180,100,Vestas_V90_2000,None,0,0,0,1,0.1,0
5695,1,MMGDMT26050,571,GD_EMT,0,0,180,100,Vestas_V90_2000,None,0,0,0,1,0.1,0
5696,1,MMGDMT26150,571,GD_EMT,0,0,180,100,Vestas_V90_2000,None,0,0,0,1,0.1,0
5697,1,MMGDMT26200,571,GD_EMT,0,0,180,100,Vestas_V90_2000,None,0,0,0,1,0.1,0
5698,1,MMGDMT26300,571,GD_EMT,0,0,180,100,Vestas_V90_2000,None,0,0,0,1,0.1,0
5699,1,MMGDMT26433,571,GD_EMT,0,0,180,100,Vestas_V90_2000,None,0,0,0,1,0.1,0
5700,1,MMGDMT3245,571,GD_EMT,0,0,180,100,Vestas_V90_2000,None,0,0,0,1,0.1,0
5982,1,MMGDRJ1943,577,GD_ENEL_RJ,0,0,180,100,Vestas_V90_2000,None,0,0,0,1,0.1,0
5983,1,MMGDRJ1945,577,GD_ENEL_RJ,0,0,180,100,Vestas_V90_2000,None,0,0,0,1,0.1,0
5984,1,MMGDRJ1947,577,GD_ENEL_RJ,0,0,180,100,Vestas_V90_2000,None,0,0,0,1,0.1,0
5985,1,MMGDRJ1953,577,GD_ENEL_RJ,0,0,180,100,Vestas_V90_2000,None,0,0,0,1,0.1,0
5986,1,MMGDRJ1955,577,GD_ENEL_RJ,0,0,180,100,Vestas_V90_2000,None,0,0,0,1,0.1,0
5987,1,MMGDRJ1958,577,GD_ENEL_RJ,0,0,180,100,Vestas_V90_2000,None,0,0,0,1,0.1,0
5988,1,MMGDRJ1960,577,GD_ENEL_RJ,0,0,180,100,Vestas_V90_2000,None,0,0,0,1,0.1,0
5989,1,MMGDRJ1961,577,GD_ENEL_RJ,0,0,180,100,Vestas_V90_2000,None,0,0,0,1,0.1,0
5990,1,MMGDRJ1964,577,GD_ENEL_RJ,0,0,180,100,Vestas_V90_2000,None,0,0,0,1,0.1,0
5991,1,MMGDRJ1966,577,GD_ENEL_RJ,0,0,180,100,Vestas_V90_2000,None,0,0,0,1,0.1,0
5992,1,MMGDRJ1972,577,GD_ENEL_RJ,0,0,180,100,Vestas_V90_2000,None,0,0,0,1,0.1,0
5993,1,MMGDRJ1973,577,GD_ENEL_RJ,0,0,180,100,Vestas_V90_2000,None,0,0,0,1,0.1,0
5994,1,MMGDRJ1982,577,GD_ENEL_RJ,0,0,180,100,Vestas_V90_2000,None,0,0,0,1,0.1,0
5995,1,MMGDRJ1984,577,GD_ENEL_RJ,0,0,180,100,Vestas_V90_2000,None,0,0,0,1,0.1,0
5996,1,MMGDRJ1986,577,GD_ENEL_RJ,0,0,180,100,Vestas_V90_2000,None,0,0,0,1,0.1,0
5997,1,MMGDRJ1987,577,GD_ENEL_RJ,0,0,180,100,Vestas_V90_2000,None,0,0,0,1,0.1,0
5998,1,MMGDRJ1989,577,GD_ENEL_RJ,0,0,180,100,Vestas_V90_2000,None,0,0,0,1,0.1,0
5999,1,MMGDRJ1990,577,GD_ENEL_RJ,0,0,180,100,Vestas_V90_2000,None,0,0,0,1,0.1,0
6000,1,MMGDRJ1993,577,GD_ENEL_RJ,0,0,180,100,Vestas_V90_2000,None,0,0,0,1,0.1,0
6001,1,MMGDRJ1996,577,GD_ENEL_RJ,0,0,180,100,Vestas_V90_2000,None,0,0,0,1,0.1,0
6002,1,MMGDRJ1997,577,GD_ENEL_RJ,0,0,180,100,Vestas_V90_2000,None,0,0,0,1,0.1,0
6003,1,MMGDRJ2000,577,GD_ENEL_RJ,0,0,180,100,Vestas_V90_2000,None,0,0,0,1,0.1,0
6004,1,MMGDRJ2001,577,GD_ENEL_RJ,0,0,180,100,Vestas_V90_2000,None,0,0,0,1,0.1,0
6005,1,MMGDRJ2009,577,GD_ENEL_RJ,0,0,180,100,Vestas_V90_2000,None,0,0,0,1,0.1,0
6006,1,MMGDRJ2011,577,GD_ENEL_RJ,0,0,180,100,Vestas_V90_2000,None,0,0,0,1,0.1,0
6007,1,MMGDRJ2016,577,GD_ENEL_RJ,0,0,180,100,Vestas_V90_2000,None,0,0,0,1,0.1,0
6008,1,MMGDRJ2018,577,GD_ENEL_RJ,0,0,180,100,Vestas_V90_2000,None,0,0,0,1,0.1,0
6009,1,MMGDRJ2019,577,GD_ENEL_RJ,0,0,180,100,Vestas_V90_2000,None,0,0,0,1,0.1,0
6010,1,MMGDRJ2020,577,GD_ENEL_RJ,0,0,180,100,Vestas_V90_2000,None,0,0,0,1,0.1,0
6011,1,MMGDRJ2022,577,GD_ENEL_RJ,0,0,180,100,Vestas_V90_2000,None,0,0,0,1,0.1,0
6012,1,MMGDRJ2023,577,GD_ENEL_RJ,0,0,180,100,Vestas_V90_2000,None,0,0,0,1,0.1,0
6013,1,MMGDRJ2024,577,GD_ENEL_RJ,0,0,180,100,Vestas_V90_2000,None,0,0,0,1,0.1,0
6014,1,MMGDRJ2026,577,GD_ENEL_RJ,0,0,180,100,Vestas_V90_2000,None,0,0,0,1,0.1,0
6015,1,MMGDRJ2029,577,GD_ENEL_RJ,0,0,180,100,Vestas_V90_2000,None,0,0,0,1,0.1,0
6016,1,MMGDRJ2030,577,GD_ENEL_RJ,0,0,180,100,Vestas_V90_2000,None,0,0,0,1,0.1,0
6017,1,MMGDRJ2031,577,GD_ENEL_RJ,0,0,180,100,Vestas_V90_2000,None,0,0,0,1,0.1,0
6018,1,MMGDRJ2033,577,GD_ENEL_RJ,0,0,180,100,Vestas_V90_2000,None,0,0,0,1,0.1,0
6019,1,MMGDRJ2037,577,GD_ENEL_RJ,0,0,180,100,Vestas_V90_2000,None,0,0,0,1,0.1,0
6020,1,MMGDRJ2039,577,GD_ENEL_RJ,0,0,180,100,Vestas_V90_2000,None,0,0,0,1,0.1,0
6021,1,MMGDRJ28279,577,GD_ENEL_RJ,0,0,180,100,Vestas_V90_2000,None,0,0,0,1,0.1,0
6022,1,MMGDRJ28281,577,GD_ENEL_RJ,0,0,180,100,Vestas_V90_2000,None,0,0,0,1,0.1,0
6023,1,MMGDRJ28284,577,GD_ENEL_RJ,0,0,180,100,Vestas_V90_2000,None,0,0,0,1,0.1,0
6024,1,MMGDRJ28285,577,GD_ENEL_RJ,0,0,180,100,Vestas_V90_2000,None,0,0,0,1,0.1,0
6025,1,MMGDRJ28300,577,GD_ENEL_RJ,0,0,180,100,Vestas_V90_2000,None,0,0,0,1,0.1,0
6026,1,MMGDRJ28303,577,GD_ENEL_RJ,0,0,180,100,Vestas_V90_2000,None,0,0,0,1,0.1,0
6027,1,MMGDRJ28304,577,GD_ENEL_RJ,0,0,180,100,Vestas_V90_2000,None,0,0,0,1,0.1,0
6028,1,MMGDRJ28305,577,GD_ENEL_RJ,0,0,180,100,Vestas_V90_2000,None,0,0,0,1,0.1,0
6029,1,MMGDRJ28308,577,GD_ENEL_RJ,0,0,180,100,Vestas_V90_2000,None,0,0,0,1,0.1,0
6030,1,MMGDRJ28310,577,GD_ENEL_RJ,0,0,180,100,Vestas_V90_2000,None,0,0,0,1,0.1,0
6031,1,MMGDRJ28377,577,GD_ENEL_RJ,0,0,180,100,Vestas_V90_2000,None,0,0,0,1,0.1,0
6032,1,MMGDRJ28403,577,GD_ENEL_RJ,0,0,180,100,Vestas_V90_2000,None,0,0,0,1,0.1,0
6033,1,MMGDRJ28411,577,GD_ENEL_RJ,0,0,180,100,Vestas_V90_2000,None,0,0,0,1,0.1,0
6034,1,MMGDRJ28426,577,GD_ENEL_RJ,0,0,180,100,Vestas_V90_2000,None,0,0,0,1,0.1,0
6035,1,MMGDRJ28427,577,GD_ENEL_RJ,0,0,180,100,Vestas_V90_2000,None,0,0,0,1,0.1,0
6036,1,MMGDRJ28429,577,GD_ENEL_RJ,0,0,180,100,Vestas_V90_2000,None,0,0,0,1,0.1,0
6037,1,MMGDRJ28430,577,GD_ENEL_RJ,0,0,180,100,Vestas_V90_2000,None,0,0,0,1,0.1,0
6038,1,MMGDRJ28431,577,GD_ENEL_RJ,0,0,180,100,Vestas_V90_2000,None,0,0,0,1,0.1,0
6039,1,MMGDRJ28432,577,GD_ENEL_RJ,0,0,180,100,Vestas_V90_2000,None,0,0,0,1,0.1,0
6040,1,MMGDRJ28434,577,GD_ENEL_RJ,0,0,180,100,Vestas_V90_2000,None,0,0,0,1,0.1,0
6041,1,MMGDRJ28435,577,GD_ENEL_RJ,0,0,180,100,Vestas_V90_2000,None,0,0,0,1,0.1,0
6042,1,MMGDRJ28436,577,GD_ENEL_RJ,0,0,180,100,Vestas_V90_2000,None,0,0,0,1,0.1,0
6043,1,MMGDRJ28528,577,GD_ENEL_RJ,0,0,180,100,Vestas_V90_2000,None,0,0,0,1,0.1,0
6044,1,MMGDRJ28700,577,GD_ENEL_RJ,0,0,180,100,Vestas_V90_2000,None,0,0,0,1,0.1,0
6045,1,MMGDRJ28702,577,GD_ENEL_RJ,0,0,180,100,Vestas_V90_2000,None,0,0,0,1,0.1,0
6046,1,MMGDRJ28710,577,GD_ENEL_RJ,0,0,180,100,Vestas_V90_2000,None,0,0,0,1,0.1,0
6047,1,MMGDRJ28720,577,GD_ENEL_RJ,0,0,180,100,Vestas_V90_2000,None,0,0,0,1,0.1,0
6048,1,MMGDRJ28722,577,GD_ENEL_RJ,0,0,180,100,Vestas_V90_2000,None,0,0,0,1,0.1,0
6049,1,MMGDRJ28727,577,GD_ENEL_RJ,0,0,180,100,Vestas_V90_2000,None,0,0,0,1,0.1,0
6050,1,MMGDRJ28730,577,GD_ENEL_RJ,0,0,180,100,Vestas_V90_2000,None,0,0,0,1,0.1,0
6051,1,MMGDRJ28731,577,GD_ENEL_RJ,0,0,180,100,Vestas_V90_2000,None,0,0,0,1,0.1,0
6052,1,MMGDRJ28732,577,GD_ENEL_RJ,0,0,180,100,Vestas_V90_2000,None,0,0,0,1,0.1,0
6053,1,MMGDRJ28737,577,GD_ENEL_RJ,0,0,180,100,Vestas_V90_2000,None,0,0,0,1,0.1,0
6054,1,MMGDRJ38076,578,GD_LIGHT,0,0,180,100,Vestas_V90_2000,None,0,0,0,1,0.1,0
6055,1,MMGDRJ38278,578,GD_LIGHT,0,0,180,100,Vestas_V90_2000,None,0,0,0,1,0.1,0
6056,1,MMGDRJ4079,578,GD_LIGHT,0,0,180,100,Vestas_V90_2000,None,0,0,0,1,0.1,0
6057,1,MMGDRJ4081,578,GD_LIGHT,0,0,180,100,Vestas_V90_2000,None,0,0,0,1,0.1,0
6058,1,MMGDRJ4082,578,GD_LIGHT,0,0,180,100,Vestas_V90_2000,None,0,0,0,1,0.1,0
6059,1,MMGDRJ4089,578,GD_LIGHT,0,0,180,100,Vestas_V90_2000,None,0,0,0,1,0.1,0
6060,1,MMGDRJ4090,578,GD_LIGHT,0,0,180,100,Vestas_V90_2000,None,0,0,0,1,0.1,0
6061,1,MMGDRJ4092,578,GD_LIGHT,0,0,180,100,Vestas_V90_2000,None,0,0,0,1,0.1,0
6062,1,MMGDRJ4095,578,GD_LIGHT,0,0,180,100,Vestas_V90_2000,None,0,0,0,1,0.1,0
6063,1,MMGDRJ4100,578,GD_LIGHT,0,0,180,100,Vestas_V90_2000,None,0,0,0,1,0.1,0
6064,1,MMGDRJ4103,578,GD_LIGHT,0,0,180,100,Vestas_V90_2000,None,0,0,0,1,0.1,0
6065,1,MMGDRJ4104,578,GD_LIGHT,0,0,180,100,Vestas_V90_2000,None,0,0,0,1,0.1,0
6066,1,MMGDRJ4111,578,GD_LIGHT,0,0,180,100,Vestas_V90_2000,None,0,0,0,1,0.1,0
6067,1,MMGDRJ4112,578,GD_LIGHT,0,0,180,100,Vestas_V90_2000,None,0,0,0,1,0.1,0
6068,1,MMGDRJ4114,578,GD_LIGHT,0,0,180,100,Vestas_V90_2000,None,0,0,0,1,0.1,0
6069,1,MMGDRJ4115,578,GD_LIGHT,0,0,180,100,Vestas_V90_2000,None,0,0,0,1,0.1,0
6070,1,MMGDRJ4118,578,GD_LIGHT,0,0,180,100,Vestas_V90_2000,None,0,0,0,1,0.1,0
6071,1,MMGDRJ4120,578,GD_LIGHT,0,0,180,100,Vestas_V90_2000,None,0,0,0,1,0.1,0
6072,1,MMGDRJ4129,578,GD_LIGHT,0,0,180,100,Vestas_V90_2000,None,0,0,0,1,0.1,0
6073,1,MMGDRJ4130,578,GD_LIGHT,0,0,180,100,Vestas_V90_2000,None,0,0,0,1,0.1,0
6074,1,MMGDRJ4131,578,GD_LIGHT,0,0,180,100,Vestas_V90_2000,None,0,0,0,1,0.1,0
6075,1,MMGDRJ4132,578,GD_LIGHT,0,0,180,100,Vestas_V90_2000,None,0,0,0,1,0.1,0
6076,1,MMGDRJ4133,578,GD_LIGHT,0,0,180,100,Vestas_V90_2000,None,0,0,0,1,0.1,0
6077,1,MMGDRJ4134,578,GD_LIGHT,0,0,180,100,Vestas_V90_2000,None,0,0,0,1,0.1,0
6078,1,MMGDRJ4135,578,GD_LIGHT,0,0,180,100,Vestas_V90_2000,None,0,0,0,1,0.1,0
6079,1,MMGDRJ4145,578,GD_LIGHT,0,0,180,100,Vestas_V90_2000,None,0,0,0,1,0.1,0
6080,1,MMGDRJ4146,578,GD_LIGHT,0,0,180,100,Vestas_V90_2000,None,0,0,0,1,0.1,0
6081,1,MMGDRJ4147,578,GD_LIGHT,0,0,180,100,Vestas_V90_2000,None,0,0,0,1,0.1,0
6082,1,MMGDRJ4149,578,GD_LIGHT,0,0,180,100,Vestas_V90_2000,None,0,0,0,1,0.1,0
6083,1,MMGDRJ4151,578,GD_LIGHT,0,0,180,100,Vestas_V90_2000,None,0,0,0,1,0.1,0
6084,1,MMGDRJ4153,578,GD_LIGHT,0,0,180,100,Vestas_V90_2000,None,0,0,0,1,0.1,0
6085,1,MMGDRJ4155,578,GD_LIGHT,0,0,180,100,Vestas_V90_2000,None,0,0,0,1,0.1,0
6086,1,MMGDRJ4157,578,GD_LIGHT,0,0,180,100,Vestas_V90_2000,None,0,0,0,1,0.1,0
6087,1,MMGDRJ4163,578,GD_LIGHT,0,0,180,100,Vestas_V90_2000,None,0,0,0,1,0.1,0
6088,1,MMGDRJ4164,578,GD_LIGHT,0,0,180,100,Vestas_V90_2000,None,0,0,0,1,0.1,0
6089,1,MMGDRJ4165,578,GD_LIGHT,0,0,180,100,Vestas_V90_2000,None,0,0,0,1,0.1,0
6090,1,MMGDRJ4166,578,GD_LIGHT,0,0,180,100,Vestas_V90_2000,None,0,0,0,1,0.1,0
6091,1,MMGDRJ4167,578,GD_LIGHT,0,0,180,100,Vestas_V90_2000,None,0,0,0,1,0.1,0
6092,1,MMGDRJ4179,578,GD_LIGHT,0,0,180,100,Vestas_V90_2000,None,0,0,0,1,0.1,0
6093,1,MMGDRJ4180,578,GD_LIGHT,0,0,180,100,Vestas_V90_2000,None,0,0,0,1,0.1,0
6094,1,MMGDRJ4181,578,GD_LIGHT,0,0,180,100,Vestas_V90_2000,None,0,0,0,1,0.1,0
6095,1,MMGDRJ4182,578,GD_LIGHT,0,0,180,100,Vestas_V90_2000,None,0,0,0,1,0.1,0
6096,1,MMGDRJ4183,578,GD_LIGHT,0,0,180,100,Vestas_V90_2000,None,0,0,0,1,0.1,0
6097,1,MMGDRJ4185,578,GD_LIGHT,0,0,180,100,Vestas_V90_2000,None,0,0,0,1,0.1,0
6098,1,MMGDRJ4186,578,GD_LIGHT,0,0,180,100,Vestas_V90_2000,None,0,0,0,1,0.1,0
6099,1,MMGDRJ4187,578,GD_LIGHT,0,0,180,100,Vestas_V90_2000,None,0,0,0,1,0.1,0
6100,1,MMGDRJ4193,578,GD_LIGHT,0,0,180,100,Vestas_V90_2000,None,0,0,0,1,0.1,0
6101,1,MMGDRJ4194,578,GD_LIGHT,0,0,180,100,Vestas_V90_2000,None,0,0,0,1,0.1,0
6102,1,MMGDRJ4195,578,GD_LIGHT,0,0,180,100,Vestas_V90_2000,None,0,0,0,1,0.1,0
6103,1,MMGDRJ4197,578,GD_LIGHT,0,0,180,100,Vestas_V90_2000,None,0,0,0,1,0.1,0
6104,1,MMGDRJ4198,578,GD_LIGHT,0,0,180,100,Vestas_V90_2000,None,0,0,0,1,0.1,0
6105,1,MMGDRJ4199,578,GD_LIGHT,0,0,180,100,Vestas_V90_2000,None,0,0,0,1,0.1,0
6106,1,MMGDRJ4203,578,GD_LIGHT,0,0,180,100,Vestas_V90_2000,None,0,0,0,1,0.1,0
6107,1,MMGDRJ4204,578,GD_LIGHT,0,0,180,100,Vestas_V90_2000,None,0,0,0,1,0.1,0
6108,1,MMGDRJ4205,578,GD_LIGHT,0,0,180,100,Vestas_V90_2000,None,0,0,0,1,0.1,0
6109,1,MMGDRJ4206,578,GD_LIGHT,0,0,180,100,Vestas_V90_2000,None,0,0,0,1,0.1,0
6110,1,MMGDRJ4207,578,GD_LIGHT,0,0,180,100,Vestas_V90_2000,None,0,0,0,1,0.1,0
6111,1,MMGDRJ4209,578,GD_LIGHT,0,0,180,100,Vestas_V90_2000,None,0,0,0,1,0.1,0
6112,1,MMGDRJ4211,578,GD_LIGHT,0,0,180,100,Vestas_V90_2000,None,0,0,0,1,0.1,0
6113,1,MMGDRJ4212,578,GD_LIGHT,0,0,180,100,Vestas_V90_2000,None,0,0,0,1,0.1,0
6114,1,MMGDRJ4213,578,GD_LIGHT,0,0,180,100,Vestas_V90_2000,None,0,0,0,1,0.1,0
6115,1,MMGDRJ4215,578,GD_LIGHT,0,0,180,100,Vestas_V90_2000,None,0,0,0,1,0.1,0
6116,1,MMGDRJ4217,578,GD_LIGHT,0,0,180,100,Vestas_V90_2000,None,0,0,0,1,0.1,0
6117,1,MMGDRJ4221,578,GD_LIGHT,0,0,180,100,Vestas_V90_2000,None,0,0,0,1,0.1,0
6118,1,MMGDRJ4222,578,GD_LIGHT,0,0,180,100,Vestas_V90_2000,None,0,0,0,1,0.1,0
6119,1,MMGDRJ4223,578,GD_LIGHT,0,0,180,100,Vestas_V90_2000,None,0,0,0,1,0.1,0
6120,1,MMGDRJ4224,578,GD_LIGHT,0,0,180,100,Vestas_V90_2000,None,0,0,0,1,0.1,0
6121,1,MMGDRJ4225,578,GD_LIGHT,0,0,180,100,Vestas_V90_2000,None,0,0,0,1,0.1,0
6122,1,MMGDRJ4226,578,GD_LIGHT,0,0,180,100,Vestas_V90_2000,None,0,0,0,1,0.1,0
6123,1,MMGDRJ4229,578,GD_LIGHT,0,0,180,100,Vestas_V90_2000,None,0,0,0,1,0.1,0
6124,1,MMGDRJ4230,578,GD_LIGHT,0,0,180,100,Vestas_V90_2000,None,0,0,0,1,0.1,0
6125,1,MMGDRJ4231,578,GD_LIGHT,0,0,180,100,Vestas_V90_2000,None,0,0,0,1,0.1,0
6126,1,MMGDRJ4232,578,GD_LIGHT,0,0,180,100,Vestas_V90_2000,None,0,0,0,1,0.1,0
6127,1,MMGDRJ4233,578,GD_LIGHT,0,0,180,100,Vestas_V90_2000,None,0,0,0,1,0.1,0
6128,1,MMGDRJ4234,578,GD_LIGHT,0,0,180,100,Vestas_V90_2000,None,0,0,0,1,0.1,0
6129,1,MMGDRJ4242,578,GD_LIGHT,0,0,180,100,Vestas_V90_2000,None,0,0,0,1,0.1,0
6130,1,MMGDRJ4244,578,GD_LIGHT,0,0,180,100,Vestas_V90_2000,None,0,0,0,1,0.1,0
6131,1,MMGDRJ4247,578,GD_LIGHT,0,0,180,100,Vestas_V90_2000,None,0,0,0,1,0.1,0
6132,1,MMGDRJ4248,578,GD_LIGHT,0,0,180,100,Vestas_V90_2000,None,0,0,0,1,0.1,0
6133,1,MMGDRJ4249,578,GD_LIGHT,0,0,180,100,Vestas_V90_2000,None,0,0,0,1,0.1,0
6134,1,MMGDRJ4250,578,GD_LIGHT,0,0,180,100,Vestas_V90_2000,None,0,0,0,1,0.1,0
6135,1,MMGDRJ4251,578,GD_LIGHT,0,0,180,100,Vestas_V90_2000,None,0,0,0,1,0.1,0
6136,1,MMGDRJ4252,578,GD_LIGHT,0,0,180,100,Vestas_V90_2000,None,0,0,0,1,0.1,0
6137,1,MMGDRJ4253,578,GD_LIGHT,0,0,180,100,Vestas_V90_2000,None,0,0,0,1,0.1,0
6138,1,MMGDRJ4260,578,GD_LIGHT,0,0,180,100,Vestas_V90_2000,None,0,0,0,1,0.1,0
6139,1,MMGDRJ4261,578,GD_LIGHT,0,0,180,100,Vestas_V90_2000,None,0,0,0,1,0.1,0
6140,1,MMGDRJ4262,578,GD_LIGHT,0,0,180,100,Vestas_V90_2000,None,0,0,0,1,0.1,0
6141,1,MMGDRJ4264,578,GD_LIGHT,0,0,180,100,Vestas_V90_2000,None,0,0,0,1,0.1,0
6142,1,MMGDRJ4265,578,GD_LIGHT,0,0,180,100,Vestas_V90_2000,None,0,0,0,1,0.1,0
6143,1,MMGDRJ4266,578,GD_LIGHT,0,0,180,100,Vestas_V90_2000,None,0,0,0,1,0.1,0
6144,1,MMGDRJ4267,578,GD_LIGHT,0,0,180,100,Vestas_V90_2000,None,0,0,0,1,0.1,0
6145,1,MMGDRJ4268,578,GD_LIGHT,0,0,180,100,Vestas_V90_2000,None,0,0,0,1,0.1,0
6146,1,MMGDRJ4269,578,GD_LIGHT,0,0,180,100,Vestas_V90_2000,None,0,0,0,1,0.1,0
6147,1,MMGDRJ4272,578,GD_LIGHT,0,0,180,100,Vestas_V90_2000,None,0,0,0,1,0.1,0
6148,1,MMGDRJ4275,578,GD_LIGHT,0,0,180,100,Vestas_V90_2000,None,0,0,0,1,0.1,0
6621,1,MMGDSP1022,587,GD_EDP_SP,0,0,180,100,Vestas_V90_2000,None,0,0,0,1,0.1,0
6622,1,MMGDSP1063,587,GD_EDP_SP,0,0,180,100,Vestas_V90_2000,None,0,0,0,1,0.1,0
6623,1,MMGDSP1064,587,GD_EDP_SP,0,0,180,100,Vestas_V90_2000,None,0,0,0,1,0.1,0
6624,1,MMGDSP1065,587,GD_EDP_SP,0,0,180,100,Vestas_V90_2000,None,0,0,0,1,0.1,0
6625,1,MMGDSP1066,587,GD_EDP_SP,0,0,180,100,Vestas_V90_2000,None,0,0,0,1,0.1,0
6626,1,MMGDSP1067,587,GD_EDP_SP,0,0,180,100,Vestas_V90_2000,None,0,0,0,1,0.1,0
6627,1,MMGDSP1068,587,GD_EDP_SP,0,0,180,100,Vestas_V90_2000,None,0,0,0,1,0.1,0
6628,1,MMGDSP1069,587,GD_EDP_SP,0,0,180,100,Vestas_V90_2000,None,0,0,0,1,0.1,0
6629,1,MMGDSP1070,587,GD_EDP_SP,0,0,180,100,Vestas_V90_2000,None,0,0,0,1,0.1,0
6630,1,MMGDSP2071,588,GD_CPFL_SC,0,0,180,100,Vestas_V90_2000,None,0,0,0,1,0.1,0
6631,1,MMGDSP2072,588,GD_CPFL_SC,0,0,180,100,Vestas_V90_2000,None,0,0,0,1,0.1,0
6632,1,MMGDSP2073,588,GD_CPFL_SC,0,0,180,100,Vestas_V90_2000,None,0,0,0,1,0.1,0
6633,1,MMGDSP2075,588,GD_CPFL_SC,0,0,180,100,Vestas_V90_2000,None,0,0,0,1,0.1,0
6634,1,MMGDSP2076,588,GD_CPFL_SC,0,0,180,100,Vestas_V90_2000,None,0,0,0,1,0.1,0
6635,1,MMGDSP2077,588,GD_CPFL_SC,0,0,180,100,Vestas_V90_2000,None,0,0,0,1,0.1,0
6636,1,MMGDSP2078,588,GD_CPFL_SC,0,0,180,100,Vestas_V90_2000,None,0,0,0,1,0.1,0
6637,1,MMGDSP2082,588,GD_CPFL_SC,0,0,180,100,Vestas_V90_2000,None,0,0,0,1,0.1,0
6638,1,MMGDSP2084,588,GD_CPFL_SC,0,0,180,100,Vestas_V90_2000,None,0,0,0,1,0.1,0
6639,1,MMGDSP2087,588,GD_CPFL_SC,0,0,180,100,Vestas_V90_2000,None,0,0,0,1,0.1,0
6640,1,MMGDSP2191,588,GD_CPFL_SC,0,0,180,100,Vestas_V90_2000,None,0,0,0,1,0.1,0
6641,1,MMGDSP2192,588,GD_CPFL_SC,0,0,180,100,Vestas_V90_2000,None,0,0,0,1,0.1,0
6642,1,MMGDSP2194,588,GD_CPFL_SC,0,0,180,100,Vestas_V90_2000,None,0,0,0,1,0.1,0
6643,1,MMGDSP2195,588,GD_CPFL_SC,0,0,180,100,Vestas_V90_2000,None,0,0,0,1,0.1,0
6644,1,MMGDSP2199,588,GD_CPFL_SC,0,0,180,100,Vestas_V90_2000,None,0,0,0,1,0.1,0
6645,1,MMGDSP22052,587,GD_EDP_SP,0,0,180,100,Vestas_V90_2000,None,0,0,0,1,0.1,0
6646,1,MMGDSP2211,589,GD_CPFL_PA,0,0,180,100,Vestas_V90_2000,None,0,0,0,1,0.1,0
6647,1,MMGDSP2213,589,GD_CPFL_PA,0,0,180,100,Vestas_V90_2000,None,0,0,0,1,0.1,0
6648,1,MMGDSP2220,589,GD_CPFL_PA,0,0,180,100,Vestas_V90_2000,None,0,0,0,1,0.1,0
6649,1,MMGDSP2221,589,GD_CPFL_PA,0,0,180,100,Vestas_V90_2000,None,0,0,0,1,0.1,0
6650,1,MMGDSP2222,589,GD_CPFL_PA,0,0,180,100,Vestas_V90_2000,None,0,0,0,1,0.1,0
6651,1,MMGDSP2223,589,GD_CPFL_PA,0,0,180,100,Vestas_V90_2000,None,0,0,0,1,0.1,0
6652,1,MMGDSP2224,589,GD_CPFL_PA,0,0,180,100,Vestas_V90_2000,None,0,0,0,1,0.1,0
6653,1,MMGDSP2227,589,GD_CPFL_PA,0,0,180,100,Vestas_V90_2000,None,0,0,0,1,0.1,0
6654,1,MMGDSP2229,589,GD_CPFL_PA,0,0,180,100,Vestas_V90_2000,None,0,0,0,1,0.1,0
6655,1,MMGDSP2230,589,GD_CPFL_PA,0,0,180,100,Vestas_V90_2000,None,0,0,0,1,0.1,0
6656,1,MMGDSP2231,589,GD_CPFL_PA,0,0,180,100,Vestas_V90_2000,None,0,0,0,1,0.1,0
6657,1,MMGDSP2232,589,GD_CPFL_PA,0,0,180,100,Vestas_V90_2000,None,0,0,0,1,0.1,0
6658,1,MMGDSP2238,589,GD_CPFL_PA,0,0,180,100,Vestas_V90_2000,None,0,0,0,1,0.1,0
6659,1,MMGDSP2240,589,GD_CPFL_PA,0,0,180,100,Vestas_V90_2000,None,0,0,0,1,0.1,0
6660,1,MMGDSP2241,589,GD_CPFL_PA,0,0,180,100,Vestas_V90_2000,None,0,0,0,1,0.1,0
6661,1,MMGDSP2242,589,GD_CPFL_PA,0,0,180,100,Vestas_V90_2000,None,0,0,0,1,0.1,0
6662,1,MMGDSP2243,589,GD_CPFL_PA,0,0,180,100,Vestas_V90_2000,None,0,0,0,1,0.1,0
6663,1,MMGDSP2245,589,GD_CPFL_PA,0,0,180,100,Vestas_V90_2000,None,0,0,0,1,0.1,0
6664,1,MMGDSP2246,589,GD_CPFL_PA,0,0,180,100,Vestas_V90_2000,None,0,0,0,1,0.1,0
6665,1,MMGDSP2248,589,GD_CPFL_PA,0,0,180,100,Vestas_V90_2000,None,0,0,0,1,0.1,0
6666,1,MMGDSP2249,589,GD_CPFL_PA,0,0,180,100,Vestas_V90_2000,None,0,0,0,1,0.1,0
6667,1,MMGDSP2251,589,GD_CPFL_PA,0,0,180,100,Vestas_V90_2000,None,0,0,0,1,0.1,0
6668,1,MMGDSP2253,589,GD_CPFL_PA,0,0,180,100,Vestas_V90_2000,None,0,0,0,1,0.1,0
6669,1,MMGDSP2256,589,GD_CPFL_PA,0,0,180,100,Vestas_V90_2000,None,0,0,0,1,0.1,0
6670,1,MMGDSP2257,589,GD_CPFL_PA,0,0,180,100,Vestas_V90_2000,None,0,0,0,1,0.1,0
6671,1,MMGDSP2258,589,GD_CPFL_PA,0,0,180,100,Vestas_V90_2000,None,0,0,0,1,0.1,0
6672,1,MMGDSP2259,589,GD_CPFL_PA,0,0,180,100,Vestas_V90_2000,None,0,0,0,1,0.1,0
6673,1,MMGDSP2260,589,GD_CPFL_PA,0,0,180,100,Vestas_V90_2000,None,0,0,0,1,0.1,0
6674,1,MMGDSP2262,589,GD_CPFL_PA,0,0,180,100,Vestas_V90_2000,None,0,0,0,1,0.1,0
6675,1,MMGDSP2265,589,GD_CPFL_PA,0,0,180,100,Vestas_V90_2000,None,0,0,0,1,0.1,0
6676,1,MMGDSP2266,589,GD_CPFL_PA,0,0,180,100,Vestas_V90_2000,None,0,0,0,1,0.1,0
6677,1,MMGDSP2267,589,GD_CPFL_PA,0,0,180,100,Vestas_V90_2000,None,0,0,0,1,0.1,0
6678,1,MMGDSP2268,589,GD_CPFL_PA,0,0,180,100,Vestas_V90_2000,None,0,0,0,1,0.1,0
6679,1,MMGDSP2271,589,GD_CPFL_PA,0,0,180,100,Vestas_V90_2000,None,0,0,0,1,0.1,0
6680,1,MMGDSP2275,589,GD_CPFL_PA,0,0,180,100,Vestas_V90_2000,None,0,0,0,1,0.1,0
6681,1,MMGDSP2276,589,GD_CPFL_PA,0,0,180,100,Vestas_V90_2000,None,0,0,0,1,0.1,0
6682,1,MMGDSP2278,589,GD_CPFL_PA,0,0,180,100,Vestas_V90_2000,None,0,0,0,1,0.1,0
6683,1,MMGDSP2279,589,GD_CPFL_PA,0,0,180,100,Vestas_V90_2000,None,0,0,0,1,0.1,0
6684,1,MMGDSP2281,589,GD_CPFL_PA,0,0,180,100,Vestas_V90_2000,None,0,0,0,1,0.1,0
6685,1,MMGDSP2285,589,GD_CPFL_PA,0,0,180,100,Vestas_V90_2000,None,0,0,0,1,0.1,0
6686,1,MMGDSP2288,589,GD_CPFL_PA,0,0,180,100,Vestas_V90_2000,None,0,0,0,1,0.1,0
6687,1,MMGDSP2289,589,GD_CPFL_PA,0,0,180,100,Vestas_V90_2000,None,0,0,0,1,0.1,0
6688,1,MMGDSP2290,589,GD_CPFL_PA,0,0,180,100,Vestas_V90_2000,None,0,0,0,1,0.1,0
6689,1,MMGDSP2292,589,GD_CPFL_PA,0,0,180,100,Vestas_V90_2000,None,0,0,0,1,0.1,0
6690,1,MMGDSP2293,589,GD_CPFL_PA,0,0,180,100,Vestas_V90_2000,None,0,0,0,1,0.1,0
6691,1,MMGDSP2296,589,GD_CPFL_PA,0,0,180,100,Vestas_V90_2000,None,0,0,0,1,0.1,0
6692,1,MMGDSP2297,589,GD_CPFL_PA,0,0,180,100,Vestas_V90_2000,None,0,0,0,1,0.1,0
6693,1,MMGDSP2314,589,GD_CPFL_PA,0,0,180,100,Vestas_V90_2000,None,0,0,0,1,0.1,0
6694,1,MMGDSP2315,589,GD_CPFL_PA,0,0,180,100,Vestas_V90_2000,None,0,0,0,1,0.1,0
6695,1,MMGDSP2316,589,GD_CPFL_PA,0,0,180,100,Vestas_V90_2000,None,0,0,0,1,0.1,0
6696,1,MMGDSP2318,589,GD_CPFL_PA,0,0,180,100,Vestas_V90_2000,None,0,0,0,1,0.1,0
6697,1,MMGDSP2319,589,GD_CPFL_PA,0,0,180,100,Vestas_V90_2000,None,0,0,0,1,0.1,0
6698,1,MMGDSP2322,589,GD_CPFL_PA,0,0,180,100,Vestas_V90_2000,None,0,0,0,1,0.1,0
6699,1,MMGDSP2323,589,GD_CPFL_PA,0,0,180,100,Vestas_V90_2000,None,0,0,0,1,0.1,0
6700,1,MMGDSP2324,589,GD_CPFL_PA,0,0,180,100,Vestas_V90_2000,None,0,0,0,1,0.1,0
6701,1,MMGDSP2325,589,GD_CPFL_PA,0,0,180,100,Vestas_V90_2000,None,0,0,0,1,0.1,0
6702,1,MMGDSP2328,589,GD_CPFL_PA,0,0,180,100,Vestas_V90_2000,None,0,0,0,1,0.1,0
6703,1,MMGDSP2330,589,GD_CPFL_PA,0,0,180,100,Vestas_V90_2000,None,0,0,0,1,0.1,0
6704,1,MMGDSP2331,589,GD_CPFL_PA,0,0,180,100,Vestas_V90_2000,None,0,0,0,1,0.1,0
6705,1,MMGDSP2332,589,GD_CPFL_PA,0,0,180,100,Vestas_V90_2000,None,0,0,0,1,0.1,0
6706,1,MMGDSP2333,589,GD_CPFL_PA,0,0,180,100,Vestas_V90_2000,None,0,0,0,1,0.1,0
6707,1,MMGDSP2334,589,GD_CPFL_PA,0,0,180,100,Vestas_V90_2000,None,0,0,0,1,0.1,0
6708,1,MMGDSP2335,589,GD_CPFL_PA,0,0,180,100,Vestas_V90_2000,None,0,0,0,1,0.1,0
6709,1,MMGDSP2337,589,GD_CPFL_PA,0,0,180,100,Vestas_V90_2000,None,0,0,0,1,0.1,0
6710,1,MMGDSP2338,589,GD_CPFL_PA,0,0,180,100,Vestas_V90_2000,None,0,0,0,1,0.1,0
6711,1,MMGDSP2340,589,GD_CPFL_PA,0,0,180,100,Vestas_V90_2000,None,0,0,0,1,0.1,0
6712,1,MMGDSP2341,589,GD_CPFL_PA,0,0,180,100,Vestas_V90_2000,None,0,0,0,1,0.1,0
6713,1,MMGDSP2343,589,GD_CPFL_PA,0,0,180,100,Vestas_V90_2000,None,0,0,0,1,0.1,0
6714,1,MMGDSP2344,589,GD_CPFL_PA,0,0,180,100,Vestas_V90_2000,None,0,0,0,1,0.1,0
6715,1,MMGDSP2347,589,GD_CPFL_PA,0,0,180,100,Vestas_V90_2000,None,0,0,0,1,0.1,0
6716,1,MMGDSP2349,589,GD_CPFL_PA,0,0,180,100,Vestas_V90_2000,None,0,0,0,1,0.1,0
6717,1,MMGDSP2354,589,GD_CPFL_PA,0,0,180,100,Vestas_V90_2000,None,0,0,0,1,0.1,0
6718,1,MMGDSP2355,589,GD_CPFL_PA,0,0,180,100,Vestas_V90_2000,None,0,0,0,1,0.1,0
6719,1,MMGDSP2357,589,GD_CPFL_PA,0,0,180,100,Vestas_V90_2000,None,0,0,0,1,0.1,0
6720,1,MMGDSP2358,589,GD_CPFL_PA,0,0,180,100,Vestas_V90_2000,None,0,0,0,1,0.1,0
6721,1,MMGDSP2359,589,GD_CPFL_PA,0,0,180,100,Vestas_V90_2000,None,0,0,0,1,0.1,0
6722,1,MMGDSP2360,589,GD_CPFL_PA,0,0,180,100,Vestas_V90_2000,None,0,0,0,1,0.1,0
6723,1,MMGDSP2361,589,GD_CPFL_PA,0,0,180,100,Vestas_V90_2000,None,0,0,0,1,0.1,0
6724,1,MMGDSP2363,589,GD_CPFL_PA,0,0,180,100,Vestas_V90_2000,None,0,0,0,1,0.1,0
6725,1,MMGDSP2364,589,GD_CPFL_PA,0,0,180,100,Vestas_V90_2000,None,0,0,0,1,0.1,0
6726,1,MMGDSP2366,589,GD_CPFL_PA,0,0,180,100,Vestas_V90_2000,None,0,0,0,1,0.1,0
6727,1,MMGDSP2367,589,GD_CPFL_PA,0,0,180,100,Vestas_V90_2000,None,0,0,0,1,0.1,0
6728,1,MMGDSP2368,589,GD_CPFL_PA,0,0,180,100,Vestas_V90_2000,None,0,0,0,1,0.1,0
6729,1,MMGDSP2369,589,GD_CPFL_PA,0,0,180,100,Vestas_V90_2000,None,0,0,0,1,0.1,0
6730,1,MMGDSP2370,589,GD_CPFL_PA,0,0,180,100,Vestas_V90_2000,None,0,0,0,1,0.1,0
6731,1,MMGDSP2371,589,GD_CPFL_PA,0,0,180,100,Vestas_V90_2000,None,0,0,0,1,0.1,0
6732,1,MMGDSP2372,589,GD_CPFL_PA,0,0,180,100,Vestas_V90_2000,None,0,0,0,1,0.1,0
6733,1,MMGDSP2374,589,GD_CPFL_PA,0,0,180,100,Vestas_V90_2000,None,0,0,0,1,0.1,0
6734,1,MMGDSP2375,589,GD_CPFL_PA,0,0,180,100,Vestas_V90_2000,None,0,0,0,1,0.1,0
6735,1,MMGDSP2376,589,GD_CPFL_PA,0,0,180,100,Vestas_V90_2000,None,0,0,0,1,0.1,0
6736,1,MMGDSP2380,589,GD_CPFL_PA,0,0,180,100,Vestas_V90_2000,None,0,0,0,1,0.1,0
6737,1,MMGDSP2383,589,GD_CPFL_PA,0,0,180,100,Vestas_V90_2000,None,0,0,0,1,0.1,0
6738,1,MMGDSP2384,589,GD_CPFL_PA,0,0,180,100,Vestas_V90_2000,None,0,0,0,1,0.1,0
6739,1,MMGDSP2385,589,GD_CPFL_PA,0,0,180,100,Vestas_V90_2000,None,0,0,0,1,0.1,0
6740,1,MMGDSP2390,589,GD_CPFL_PA,0,0,180,100,Vestas_V90_2000,None,0,0,0,1,0.1,0
6741,1,MMGDSP2394,589,GD_CPFL_PA,0,0,180,100,Vestas_V90_2000,None,0,0,0,1,0.1,0
6742,1,MMGDSP2396,589,GD_CPFL_PA,0,0,180,100,Vestas_V90_2000,None,0,0,0,1,0.1,0
6743,1,MMGDSP2397,589,GD_CPFL_PA,0,0,180,100,Vestas_V90_2000,None,0,0,0,1,0.1,0
6744,1,MMGDSP2398,589,GD_CPFL_PA,0,0,180,100,Vestas_V90_2000,None,0,0,0,1,0.1,0
6745,1,MMGDSP2399,589,GD_CPFL_PA,0,0,180,100,Vestas_V90_2000,None,0,0,0,1,0.1,0
6746,1,MMGDSP2402,589,GD_CPFL_PA,0,0,180,100,Vestas_V90_2000,None,0,0,0,1,0.1,0
6747,1,MMGDSP2405,589,GD_CPFL_PA,0,0,180,100,Vestas_V90_2000,None,0,0,0,1,0.1,0
6748,1,MMGDSP2406,589,GD_CPFL_PA,0,0,180,100,Vestas_V90_2000,None,0,0,0,1,0.1,0
6749,1,MMGDSP2410,589,GD_CPFL_PA,0,0,180,100,Vestas_V90_2000,None,0,0,0,1,0.1,0
6750,1,MMGDSP2411,589,GD_CPFL_PA,0,0,180,100,Vestas_V90_2000,None,0,0,0,1,0.1,0
6751,1,MMGDSP2412,589,GD_CPFL_PA,0,0,180,100,Vestas_V90_2000,None,0,0,0,1,0.1,0
6752,1,MMGDSP2413,589,GD_CPFL_PA,0,0,180,100,Vestas_V90_2000,None,0,0,0,1,0.1,0
6753,1,MMGDSP2415,589,GD_CPFL_PA,0,0,180,100,Vestas_V90_2000,None,0,0,0,1,0.1,0
6754,1,MMGDSP2416,589,GD_CPFL_PA,0,0,180,100,Vestas_V90_2000,None,0,0,0,1,0.1,0
6755,1,MMGDSP2417,589,GD_CPFL_PA,0,0,180,100,Vestas_V90_2000,None,0,0,0,1,0.1,0
6756,1,MMGDSP2418,589,GD_CPFL_PA,0,0,180,100,Vestas_V90_2000,None,0,0,0,1,0.1,0
6757,1,MMGDSP2419,589,GD_CPFL_PA,0,0,180,100,Vestas_V90_2000,None,0,0,0,1,0.1,0
6758,1,MMGDSP2420,589,GD_CPFL_PA,0,0,180,100,Vestas_V90_2000,None,0,0,0,1,0.1,0
6759,1,MMGDSP2422,589,GD_CPFL_PA,0,0,180,100,Vestas_V90_2000,None,0,0,0,1,0.1,0
6760,1,MMGDSP2423,589,GD_CPFL_PA,0,0,180,100,Vestas_V90_2000,None,0,0,0,1,0.1,0
6761,1,MMGDSP2424,589,GD_CPFL_PA,0,0,180,100,Vestas_V90_2000,None,0,0,0,1,0.1,0
6762,1,MMGDSP2426,589,GD_CPFL_PA,0,0,180,100,Vestas_V90_2000,None,0,0,0,1,0.1,0
6763,1,MMGDSP2429,589,GD_CPFL_PA,0,0,180,100,Vestas_V90_2000,None,0,0,0,1,0.1,0
6764,1,MMGDSP2430,589,GD_CPFL_PA,0,0,180,100,Vestas_V90_2000,None,0,0,0,1,0.1,0
6765,1,MMGDSP2431,589,GD_CPFL_PA,0,0,180,100,Vestas_V90_2000,None,0,0,0,1,0.1,0
6766,1,MMGDSP2432,589,GD_CPFL_PA,0,0,180,100,Vestas_V90_2000,None,0,0,0,1,0.1,0
6767,1,MMGDSP2433,589,GD_CPFL_PA,0,0,180,100,Vestas_V90_2000,None,0,0,0,1,0.1,0
6768,1,MMGDSP2437,589,GD_CPFL_PA,0,0,180,100,Vestas_V90_2000,None,0,0,0,1,0.1,0
6769,1,MMGDSP2438,589,GD_CPFL_PA,0,0,180,100,Vestas_V90_2000,None,0,0,0,1,0.1,0
6770,1,MMGDSP2440,589,GD_CPFL_PA,0,0,180,100,Vestas_V90_2000,None,0,0,0,1,0.1,0
6771,1,MMGDSP2441,589,GD_CPFL_PA,0,0,180,100,Vestas_V90_2000,None,0,0,0,1,0.1,0
6772,1,MMGDSP2442,589,GD_CPFL_PA,0,0,180,100,Vestas_V90_2000,None,0,0,0,1,0.1,0
6773,1,MMGDSP2443,589,GD_CPFL_PA,0,0,180,100,Vestas_V90_2000,None,0,0,0,1,0.1,0
6774,1,MMGDSP2444,589,GD_CPFL_PA,0,0,180,100,Vestas_V90_2000,None,0,0,0,1,0.1,0
6775,1,MMGDSP2447,589,GD_CPFL_PA,0,0,180,100,Vestas_V90_2000,None,0,0,0,1,0.1,0
6776,1,MMGDSP2453,589,GD_CPFL_PA,0,0,180,100,Vestas_V90_2000,None,0,0,0,1,0.1,0
6777,1,MMGDSP2454,589,GD_CPFL_PA,0,0,180,100,Vestas_V90_2000,None,0,0,0,1,0.1,0
6778,1,MMGDSP2455,589,GD_CPFL_PA,0,0,180,100,Vestas_V90_2000,None,0,0,0,1,0.1,0
6779,1,MMGDSP2458,589,GD_CPFL_PA,0,0,180,100,Vestas_V90_2000,None,0,0,0,1,0.1,0
6780,1,MMGDSP2459,589,GD_CPFL_PA,0,0,180,100,Vestas_V90_2000,None,0,0,0,1,0.1,0
6781,1,MMGDSP2461,589,GD_CPFL_PA,0,0,180,100,Vestas_V90_2000,None,0,0,0,1,0.1,0
6782,1,MMGDSP2462,589,GD_CPFL_PA,0,0,180,100,Vestas_V90_2000,None,0,0,0,1,0.1,0
6783,1,MMGDSP2463,589,GD_CPFL_PA,0,0,180,100,Vestas_V90_2000,None,0,0,0,1,0.1,0
6784,1,MMGDSP2465,589,GD_CPFL_PA,0,0,180,100,Vestas_V90_2000,None,0,0,0,1,0.1,0
6785,1,MMGDSP2466,589,GD_CPFL_PA,0,0,180,100,Vestas_V90_2000,None,0,0,0,1,0.1,0
6786,1,MMGDSP2467,589,GD_CPFL_PA,0,0,180,100,Vestas_V90_2000,None,0,0,0,1,0.1,0
6787,1,MMGDSP2468,589,GD_CPFL_PA,0,0,180,100,Vestas_V90_2000,None,0,0,0,1,0.1,0
6788,1,MMGDSP2469,589,GD_CPFL_PA,0,0,180,100,Vestas_V90_2000,None,0,0,0,1,0.1,0
6789,1,MMGDSP2470,589,GD_CPFL_PA,0,0,180,100,Vestas_V90_2000,None,0,0,0,1,0.1,0
6790,1,MMGDSP2471,589,GD_CPFL_PA,0,0,180,100,Vestas_V90_2000,None,0,0,0,1,0.1,0
6791,1,MMGDSP2474,589,GD_CPFL_PA,0,0,180,100,Vestas_V90_2000,None,0,0,0,1,0.1,0
6792,1,MMGDSP2475,589,GD_CPFL_PA,0,0,180,100,Vestas_V90_2000,None,0,0,0,1,0.1,0
6793,1,MMGDSP2476,589,GD_CPFL_PA,0,0,180,100,Vestas_V90_2000,None,0,0,0,1,0.1,0
6794,1,MMGDSP2477,589,GD_CPFL_PA,0,0,180,100,Vestas_V90_2000,None,0,0,0,1,0.1,0
6795,1,MMGDSP2480,589,GD_CPFL_PA,0,0,180,100,Vestas_V90_2000,None,0,0,0,1,0.1,0
6796,1,MMGDSP2482,589,GD_CPFL_PA,0,0,180,100,Vestas_V90_2000,None,0,0,0,1,0.1,0
6797,1,MMGDSP2484,589,GD_CPFL_PA,0,0,180,100,Vestas_V90_2000,None,0,0,0,1,0.1,0
6798,1,MMGDSP2485,589,GD_CPFL_PA,0,0,180,100,Vestas_V90_2000,None,0,0,0,1,0.1,0
6799,1,MMGDSP2487,589,GD_CPFL_PA,0,0,180,100,Vestas_V90_2000,None,0,0,0,1,0.1,0
6800,1,MMGDSP2488,589,GD_CPFL_PA,0,0,180,100,Vestas_V90_2000,None,0,0,0,1,0.1,0
6801,1,MMGDSP2489,589,GD_CPFL_PA,0,0,180,100,Vestas_V90_2000,None,0,0,0,1,0.1,0
6802,1,MMGDSP2490,589,GD_CPFL_PA,0,0,180,100,Vestas_V90_2000,None,0,0,0,1,0.1,0
6803,1,MMGDSP2491,589,GD_CPFL_PA,0,0,180,100,Vestas_V90_2000,None,0,0,0,1,0.1,0
6804,1,MMGDSP2492,589,GD_CPFL_PA,0,0,180,100,Vestas_V90_2000,None,0,0,0,1,0.1,0
6805,1,MMGDSP2493,589,GD_CPFL_PA,0,0,180,100,Vestas_V90_2000,None,0,0,0,1,0.1,0
6806,1,MMGDSP2494,589,GD_CPFL_PA,0,0,180,100,Vestas_V90_2000,None,0,0,0,1,0.1,0
6807,1,MMGDSP2496,589,GD_CPFL_PA,0,0,180,100,Vestas_V90_2000,None,0,0,0,1,0.1,0
6808,1,MMGDSP2497,589,GD_CPFL_PA,0,0,180,100,Vestas_V90_2000,None,0,0,0,1,0.1,0
6809,1,MMGDSP2498,589,GD_CPFL_PA,0,0,180,100,Vestas_V90_2000,None,0,0,0,1,0.1,0
6810,1,MMGDSP2499,589,GD_CPFL_PA,0,0,180,100,Vestas_V90_2000,None,0,0,0,1,0.1,0
6811,1,MMGDSP2500,589,GD_CPFL_PA,0,0,180,100,Vestas_V90_2000,None,0,0,0,1,0.1,0
6812,1,MMGDSP2501,589,GD_CPFL_PA,0,0,180,100,Vestas_V90_2000,None,0,0,0,1,0.1,0
6813,1,MMGDSP2503,589,GD_CPFL_PA,0,0,180,100,Vestas_V90_2000,None,0,0,0,1,0.1,0
6814,1,MMGDSP2504,589,GD_CPFL_PA,0,0,180,100,Vestas_V90_2000,None,0,0,0,1,0.1,0
6815,1,MMGDSP2505,589,GD_CPFL_PA,0,0,180,100,Vestas_V90_2000,None,0,0,0,1,0.1,0
6816,1,MMGDSP2506,589,GD_CPFL_PA,0,0,180,100,Vestas_V90_2000,None,0,0,0,1,0.1,0
6817,1,MMGDSP2508,589,GD_CPFL_PA,0,0,180,100,Vestas_V90_2000,None,0,0,0,1,0.1,0
6818,1,MMGDSP2509,589,GD_CPFL_PA,0,0,180,100,Vestas_V90_2000,None,0,0,0,1,0.1,0
6819,1,MMGDSP2511,589,GD_CPFL_PA,0,0,180,100,Vestas_V90_2000,None,0,0,0,1,0.1,0
6820,1,MMGDSP2514,589,GD_CPFL_PA,0,0,180,100,Vestas_V90_2000,None,0,0,0,1,0.1,0
6821,1,MMGDSP2515,589,GD_CPFL_PA,0,0,180,100,Vestas_V90_2000,None,0,0,0,1,0.1,0
6822,1,MMGDSP2516,589,GD_CPFL_PA,0,0,180,100,Vestas_V90_2000,None,0,0,0,1,0.1,0
6823,1,MMGDSP2517,589,GD_CPFL_PA,0,0,180,100,Vestas_V90_2000,None,0,0,0,1,0.1,0
6824,1,MMGDSP2518,589,GD_CPFL_PA,0,0,180,100,Vestas_V90_2000,None,0,0,0,1,0.1,0
6825,1,MMGDSP2520,589,GD_CPFL_PA,0,0,180,100,Vestas_V90_2000,None,0,0,0,1,0.1,0
6826,1,MMGDSP2528,589,GD_CPFL_PA,0,0,180,100,Vestas_V90_2000,None,0,0,0,1,0.1,0
6827,1,MMGDSP2532,589,GD_CPFL_PA,0,0,180,100,Vestas_V90_2000,None,0,0,0,1,0.1,0
6828,1,MMGDSP2537,589,GD_CPFL_PA,0,0,180,100,Vestas_V90_2000,None,0,0,0,1,0.1,0
6829,1,MMGDSP2539,589,GD_CPFL_PA,0,0,180,100,Vestas_V90_2000,None,0,0,0,1,0.1,0
6830,1,MMGDSP2540,589,GD_CPFL_PA,0,0,180,100,Vestas_V90_2000,None,0,0,0,1,0.1,0
6831,1,MMGDSP2541,589,GD_CPFL_PA,0,0,180,100,Vestas_V90_2000,None,0,0,0,1,0.1,0
6832,1,MMGDSP2543,589,GD_CPFL_PA,0,0,180,100,Vestas_V90_2000,None,0,0,0,1,0.1,0
6833,1,MMGDSP2544,589,GD_CPFL_PA,0,0,180,100,Vestas_V90_2000,None,0,0,0,1,0.1,0
6834,1,MMGDSP2546,589,GD_CPFL_PA,0,0,180,100,Vestas_V90_2000,None,0,0,0,1,0.1,0
6835,1,MMGDSP2547,589,GD_CPFL_PA,0,0,180,100,Vestas_V90_2000,None,0,0,0,1,0.1,0
6836,1,MMGDSP2548,589,GD_CPFL_PA,0,0,180,100,Vestas_V90_2000,None,0,0,0,1,0.1,0
6837,1,MMGDSP2551,589,GD_CPFL_PA,0,0,180,100,Vestas_V90_2000,None,0,0,0,1,0.1,0
6838,1,MMGDSP2552,589,GD_CPFL_PA,0,0,180,100,Vestas_V90_2000,None,0,0,0,1,0.1,0
6839,1,MMGDSP2553,589,GD_CPFL_PA,0,0,180,100,Vestas_V90_2000,None,0,0,0,1,0.1,0
6840,1,MMGDSP2554,589,GD_CPFL_PA,0,0,180,100,Vestas_V90_2000,None,0,0,0,1,0.1,0
6841,1,MMGDSP2555,589,GD_CPFL_PA,0,0,180,100,Vestas_V90_2000,None,0,0,0,1,0.1,0
6842,1,MMGDSP2557,589,GD_CPFL_PA,0,0,180,100,Vestas_V90_2000,None,0,0,0,1,0.1,0
6843,1,MMGDSP2558,589,GD_CPFL_PA,0,0,180,100,Vestas_V90_2000,None,0,0,0,1,0.1,0
6844,1,MMGDSP2559,589,GD_CPFL_PA,0,0,180,100,Vestas_V90_2000,None,0,0,0,1,0.1,0
6845,1,MMGDSP2560,589,GD_CPFL_PA,0,0,180,100,Vestas_V90_2000,None,0,0,0,1,0.1,0
6846,1,MMGDSP2571,590,GD_CPFL_PI,0,0,180,100,Vestas_V90_2000,None,0,0,0,1,0.1,0
6847,1,MMGDSP2582,590,GD_CPFL_PI,0,0,180,100,Vestas_V90_2000,None,0,0,0,1,0.1,0
6848,1,MMGDSP2592,590,GD_CPFL_PI,0,0,180,100,Vestas_V90_2000,None,0,0,0,1,0.1,0
6849,1,MMGDSP2598,590,GD_CPFL_PI,0,0,180,100,Vestas_V90_2000,None,0,0,0,1,0.1,0
6850,1,MMGDSP2604,590,GD_CPFL_PI,0,0,180,100,Vestas_V90_2000,None,0,0,0,1,0.1,0
6851,1,MMGDSP28771,588,GD_CPFL_SC,0,0,180,100,Vestas_V90_2000,None,0,0,0,1,0.1,0
6852,1,MMGDSP28811,588,GD_CPFL_SC,0,0,180,100,Vestas_V90_2000,None,0,0,0,1,0.1,0
6853,1,MMGDSP28812,588,GD_CPFL_SC,0,0,180,100,Vestas_V90_2000,None,0,0,0,1,0.1,0
6854,1,MMGDSP28814,588,GD_CPFL_SC,0,0,180,100,Vestas_V90_2000,None,0,0,0,1,0.1,0
6855,1,MMGDSP28818,588,GD_CPFL_SC,0,0,180,100,Vestas_V90_2000,None,0,0,0,1,0.1,0
6856,1,MMGDSP28836,588,GD_CPFL_SC,0,0,180,100,Vestas_V90_2000,None,0,0,0,1,0.1,0
6857,1,MMGDSP29562,588,GD_CPFL_SC,0,0,180,100,Vestas_V90_2000,None,0,0,0,1,0.1,0
6858,1,MMGDSP29563,588,GD_CPFL_SC,0,0,180,100,Vestas_V90_2000,None,0,0,0,1,0.1,0
6859,1,MMGDSP29581,588,GD_CPFL_SC,0,0,180,100,Vestas_V90_2000,None,0,0,0,1,0.1,0
6860,1,MMGDSP29600,588,GD_CPFL_SC,0,0,180,100,Vestas_V90_2000,None,0,0,0,1,0.1,0
6861,1,MMGDSP29603,588,GD_CPFL_SC,0,0,180,100,Vestas_V90_2000,None,0,0,0,1,0.1,0
6862,1,MMGDSP29851,589,GD_CPFL_PA,0,0,180,100,Vestas_V90_2000,None,0,0,0,1,0.1,0
6863,1,MMGDSP29854,589,GD_CPFL_PA,0,0,180,100,Vestas_V90_2000,None,0,0,0,1,0.1,0
6864,1,MMGDSP29856,589,GD_CPFL_PA,0,0,180,100,Vestas_V90_2000,None,0,0,0,1,0.1,0
6865,1,MMGDSP29869,589,GD_CPFL_PA,0,0,180,100,Vestas_V90_2000,None,0,0,0,1,0.1,0
6866,1,MMGDSP29874,589,GD_CPFL_PA,0,0,180,100,Vestas_V90_2000,None,0,0,0,1,0.1,0
6867,1,MMGDSP29875,589,GD_CPFL_PA,0,0,180,100,Vestas_V90_2000,None,0,0,0,1,0.1,0
6868,1,MMGDSP29877,589,GD_CPFL_PA,0,0,180,100,Vestas_V90_2000,None,0,0,0,1,0.1,0
6869,1,MMGDSP29880,589,GD_CPFL_PA,0,0,180,100,Vestas_V90_2000,None,0,0,0,1,0.1,0
6870,1,MMGDSP29887,589,GD_CPFL_PA,0,0,180,100,Vestas_V90_2000,None,0,0,0,1,0.1,0
6871,1,MMGDSP29889,589,GD_CPFL_PA,0,0,180,100,Vestas_V90_2000,None,0,0,0,1,0.1,0
6872,1,MMGDSP29988,589,GD_CPFL_PA,0,0,180,100,Vestas_V90_2000,None,0,0,0,1,0.1,0
6873,1,MMGDSP30005,589,GD_CPFL_PA,0,0,180,100,Vestas_V90_2000,None,0,0,0,1,0.1,0
6874,1,MMGDSP30006,589,GD_CPFL_PA,0,0,180,100,Vestas_V90_2000,None,0,0,0,1,0.1,0
6875,1,MMGDSP30009,589,GD_CPFL_PA,0,0,180,100,Vestas_V90_2000,None,0,0,0,1,0.1,0
6876,1,MMGDSP30012,589,GD_CPFL_PA,0,0,180,100,Vestas_V90_2000,None,0,0,0,1,0.1,0
6877,1,MMGDSP30017,589,GD_CPFL_PA,0,0,180,100,Vestas_V90_2000,None,0,0,0,1,0.1,0
6878,1,MMGDSP30019,589,GD_CPFL_PA,0,0,180,100,Vestas_V90_2000,None,0,0,0,1,0.1,0
6879,1,MMGDSP30020,589,GD_CPFL_PA,0,0,180,100,Vestas_V90_2000,None,0,0,0,1,0.1,0
6880,1,MMGDSP30021,589,GD_CPFL_PA,0,0,180,100,Vestas_V90_2000,None,0,0,0,1,0.1,0
6881,1,MMGDSP30022,589,GD_CPFL_PA,0,0,180,100,Vestas_V90_2000,None,0,0,0,1,0.1,0
6882,1,MMGDSP30037,589,GD_CPFL_PA,0,0,180,100,Vestas_V90_2000,None,0,0,0,1,0.1,0
6883,1,MMGDSP30043,589,GD_CPFL_PA,0,0,180,100,Vestas_V90_2000,None,0,0,0,1,0.1,0
6884,1,MMGDSP30049,589,GD_CPFL_PA,0,0,180,100,Vestas_V90_2000,None,0,0,0,1,0.1,0
6885,1,MMGDSP30050,589,GD_CPFL_PA,0,0,180,100,Vestas_V90_2000,None,0,0,0,1,0.1,0
6886,1,MMGDSP30120,589,GD_CPFL_PA,0,0,180,100,Vestas_V90_2000,None,0,0,0,1,0.1,0
6887,1,MMGDSP30123,589,GD_CPFL_PA,0,0,180,100,Vestas_V90_2000,None,0,0,0,1,0.1,0
6888,1,MMGDSP30126,589,GD_CPFL_PA,0,0,180,100,Vestas_V90_2000,None,0,0,0,1,0.1,0
6889,1,MMGDSP30141,589,GD_CPFL_PA,0,0,180,100,Vestas_V90_2000,None,0,0,0,1,0.1,0
6890,1,MMGDSP30155,589,GD_CPFL_PA,0,0,180,100,Vestas_V90_2000,None,0,0,0,1,0.1,0
6891,1,MMGDSP30156,589,GD_CPFL_PA,0,0,180,100,Vestas_V90_2000,None,0,0,0,1,0.1,0
6892,1,MMGDSP30185,589,GD_CPFL_PA,0,0,180,100,Vestas_V90_2000,None,0,0,0,1,0.1,0
6893,1,MMGDSP30195,589,GD_CPFL_PA,0,0,180,100,Vestas_V90_2000,None,0,0,0,1,0.1,0
6894,1,MMGDSP30264,589,GD_CPFL_PA,0,0,180,100,Vestas_V90_2000,None,0,0,0,1,0.1,0
6895,1,MMGDSP30292,589,GD_CPFL_PA,0,0,180,100,Vestas_V90_2000,None,0,0,0,1,0.1,0
6896,1,MMGDSP30295,589,GD_CPFL_PA,0,0,180,100,Vestas_V90_2000,None,0,0,0,1,0.1,0
6897,1,MMGDSP30307,589,GD_CPFL_PA,0,0,180,100,Vestas_V90_2000,None,0,0,0,1,0.1,0
6898,1,MMGDSP30309,589,GD_CPFL_PA,0,0,180,100,Vestas_V90_2000,None,0,0,0,1,0.1,0
6899,1,MMGDSP3031,591,GD_ELEKTRO,0,0,180,100,Vestas_V90_2000,None,0,0,0,1,0.1,0
6900,1,MMGDSP3032,591,GD_ELEKTRO,0,0,180,100,Vestas_V90_2000,None,0,0,0,1,0.1,0
6901,1,MMGDSP3033,591,GD_ELEKTRO,0,0,180,100,Vestas_V90_2000,None,0,0,0,1,0.1,0
6902,1,MMGDSP3034,591,GD_ELEKTRO,0,0,180,100,Vestas_V90_2000,None,0,0,0,1,0.1,0
6903,1,MMGDSP30347,589,GD_CPFL_PA,0,0,180,100,Vestas_V90_2000,None,0,0,0,1,0.1,0
6904,1,MMGDSP3035,591,GD_ELEKTRO,0,0,180,100,Vestas_V90_2000,None,0,0,0,1,0.1,0
6905,1,MMGDSP30354,589,GD_CPFL_PA,0,0,180,100,Vestas_V90_2000,None,0,0,0,1,0.1,0
6906,1,MMGDSP30355,589,GD_CPFL_PA,0,0,180,100,Vestas_V90_2000,None,0,0,0,1,0.1,0
6907,1,MMGDSP30356,589,GD_CPFL_PA,0,0,180,100,Vestas_V90_2000,None,0,0,0,1,0.1,0
6908,1,MMGDSP30359,589,GD_CPFL_PA,0,0,180,100,Vestas_V90_2000,None,0,0,0,1,0.1,0
6909,1,MMGDSP3036,591,GD_ELEKTRO,0,0,180,100,Vestas_V90_2000,None,0,0,0,1,0.1,0
6910,1,MMGDSP30362,589,GD_CPFL_PA,0,0,180,100,Vestas_V90_2000,None,0,0,0,1,0.1,0
6911,1,MMGDSP30365,589,GD_CPFL_PA,0,0,180,100,Vestas_V90_2000,None,0,0,0,1,0.1,0
6912,1,MMGDSP30367,589,GD_CPFL_PA,0,0,180,100,Vestas_V90_2000,None,0,0,0,1,0.1,0
6913,1,MMGDSP3037,591,GD_ELEKTRO,0,0,180,100,Vestas_V90_2000,None,0,0,0,1,0.1,0
6914,1,MMGDSP3038,591,GD_ELEKTRO,0,0,180,100,Vestas_V90_2000,None,0,0,0,1,0.1,0
6915,1,MMGDSP3039,591,GD_ELEKTRO,0,0,180,100,Vestas_V90_2000,None,0,0,0,1,0.1,0
6916,1,MMGDSP3040,591,GD_ELEKTRO,0,0,180,100,Vestas_V90_2000,None,0,0,0,1,0.1,0
6917,1,MMGDSP3041,591,GD_ELEKTRO,0,0,180,100,Vestas_V90_2000,None,0,0,0,1,0.1,0
6918,1,MMGDSP3042,591,GD_ELEKTRO,0,0,180,100,Vestas_V90_2000,None,0,0,0,1,0.1,0
6919,1,MMGDSP3043,591,GD_ELEKTRO,0,0,180,100,Vestas_V90_2000,None,0,0,0,1,0.1,0
6920,1,MMGDSP3044,591,GD_ELEKTRO,0,0,180,100,Vestas_V90_2000,None,0,0,0,1,0.1,0
6921,1,MMGDSP3046,591,GD_ELEKTRO,0,0,180,100,Vestas_V90_2000,None,0,0,0,1,0.1,0
6922,1,MMGDSP3047,591,GD_ELEKTRO,0,0,180,100,Vestas_V90_2000,None,0,0,0,1,0.1,0
6923,1,MMGDSP3048,591,GD_ELEKTRO,0,0,180,100,Vestas_V90_2000,None,0,0,0,1,0.1,0
6924,1,MMGDSP3049,591,GD_ELEKTRO,0,0,180,100,Vestas_V90_2000,None,0,0,0,1,0.1,0
6925,1,MMGDSP3050,591,GD_ELEKTRO,0,0,180,100,Vestas_V90_2000,None,0,0,0,1,0.1,0
6926,1,MMGDSP3051,591,GD_ELEKTRO,0,0,180,100,Vestas_V90_2000,None,0,0,0,1,0.1,0
6927,1,MMGDSP30515,589,GD_CPFL_PA,0,0,180,100,Vestas_V90_2000,None,0,0,0,1,0.1,0
6928,1,MMGDSP3053,591,GD_ELEKTRO,0,0,180,100,Vestas_V90_2000,None,0,0,0,1,0.1,0
6929,1,MMGDSP3054,591,GD_ELEKTRO,0,0,180,100,Vestas_V90_2000,None,0,0,0,1,0.1,0
6930,1,MMGDSP3055,591,GD_ELEKTRO,0,0,180,100,Vestas_V90_2000,None,0,0,0,1,0.1,0
6931,1,MMGDSP3056,591,GD_ELEKTRO,0,0,180,100,Vestas_V90_2000,None,0,0,0,1,0.1,0
6932,1,MMGDSP3057,591,GD_ELEKTRO,0,0,180,100,Vestas_V90_2000,None,0,0,0,1,0.1,0
6933,1,MMGDSP3058,591,GD_ELEKTRO,0,0,180,100,Vestas_V90_2000,None,0,0,0,1,0.1,0
6934,1,MMGDSP3059,591,GD_ELEKTRO,0,0,180,100,Vestas_V90_2000,None,0,0,0,1,0.1,0
6935,1,MMGDSP3060,591,GD_ELEKTRO,0,0,180,100,Vestas_V90_2000,None,0,0,0,1,0.1,0
6936,1,MMGDSP30665,590,GD_CPFL_PI,0,0,180,100,Vestas_V90_2000,None,0,0,0,1,0.1,0
6937,1,MMGDSP30667,590,GD_CPFL_PI,0,0,180,100,Vestas_V90_2000,None,0,0,0,1,0.1,0
6938,1,MMGDSP30671,590,GD_CPFL_PI,0,0,180,100,Vestas_V90_2000,None,0,0,0,1,0.1,0
6939,1,MMGDSP30672,590,GD_CPFL_PI,0,0,180,100,Vestas_V90_2000,None,0,0,0,1,0.1,0
6940,1,MMGDSP30673,590,GD_CPFL_PI,0,0,180,100,Vestas_V90_2000,None,0,0,0,1,0.1,0
6941,1,MMGDSP30676,590,GD_CPFL_PI,0,0,180,100,Vestas_V90_2000,None,0,0,0,1,0.1,0
6942,1,MMGDSP30677,590,GD_CPFL_PI,0,0,180,100,Vestas_V90_2000,None,0,0,0,1,0.1,0
6943,1,MMGDSP30678,590,GD_CPFL_PI,0,0,180,100,Vestas_V90_2000,None,0,0,0,1,0.1,0
6944,1,MMGDSP30679,590,GD_CPFL_PI,0,0,180,100,Vestas_V90_2000,None,0,0,0,1,0.1,0
6945,1,MMGDSP30680,590,GD_CPFL_PI,0,0,180,100,Vestas_V90_2000,None,0,0,0,1,0.1,0
6946,1,MMGDSP30683,590,GD_CPFL_PI,0,0,180,100,Vestas_V90_2000,None,0,0,0,1,0.1,0
6947,1,MMGDSP30684,590,GD_CPFL_PI,0,0,180,100,Vestas_V90_2000,None,0,0,0,1,0.1,0
6948,1,MMGDSP30685,590,GD_CPFL_PI,0,0,180,100,Vestas_V90_2000,None,0,0,0,1,0.1,0
6949,1,MMGDSP30688,590,GD_CPFL_PI,0,0,180,100,Vestas_V90_2000,None,0,0,0,1,0.1,0
6950,1,MMGDSP30691,590,GD_CPFL_PI,0,0,180,100,Vestas_V90_2000,None,0,0,0,1,0.1,0
6951,1,MMGDSP30694,590,GD_CPFL_PI,0,0,180,100,Vestas_V90_2000,None,0,0,0,1,0.1,0
6952,1,MMGDSP30695,590,GD_CPFL_PI,0,0,180,100,Vestas_V90_2000,None,0,0,0,1,0.1,0
6953,1,MMGDSP30707,590,GD_CPFL_PI,0,0,180,100,Vestas_V90_2000,None,0,0,0,1,0.1,0
6954,1,MMGDSP30708,590,GD_CPFL_PI,0,0,180,100,Vestas_V90_2000,None,0,0,0,1,0.1,0
6955,1,MMGDSP30709,590,GD_CPFL_PI,0,0,180,100,Vestas_V90_2000,None,0,0,0,1,0.1,0
6956,1,MMGDSP30710,590,GD_CPFL_PI,0,0,180,100,Vestas_V90_2000,None,0,0,0,1,0.1,0
6957,1,MMGDSP30711,590,GD_CPFL_PI,0,0,180,100,Vestas_V90_2000,None,0,0,0,1,0.1,0
6958,1,MMGDSP30720,590,GD_CPFL_PI,0,0,180,100,Vestas_V90_2000,None,0,0,0,1,0.1,0
6959,1,MMGDSP30724,590,GD_CPFL_PI,0,0,180,100,Vestas_V90_2000,None,0,0,0,1,0.1,0
6960,1,MMGDSP30727,590,GD_CPFL_PI,0,0,180,100,Vestas_V90_2000,None,0,0,0,1,0.1,0
6961,1,MMGDSP30729,590,GD_CPFL_PI,0,0,180,100,Vestas_V90_2000,None,0,0,0,1,0.1,0
6962,1,MMGDSP30732,590,GD_CPFL_PI,0,0,180,100,Vestas_V90_2000,None,0,0,0,1,0.1,0
6963,1,MMGDSP30733,590,GD_CPFL_PI,0,0,180,100,Vestas_V90_2000,None,0,0,0,1,0.1,0
6964,1,MMGDSP30763,590,GD_CPFL_PI,0,0,180,100,Vestas_V90_2000,None,0,0,0,1,0.1,0
6965,1,MMGDSP30764,590,GD_CPFL_PI,0,0,180,100,Vestas_V90_2000,None,0,0,0,1,0.1,0
6966,1,MMGDSP30771,590,GD_CPFL_PI,0,0,180,100,Vestas_V90_2000,None,0,0,0,1,0.1,0
6967,1,MMGDSP30772,590,GD_CPFL_PI,0,0,180,100,Vestas_V90_2000,None,0,0,0,1,0.1,0
6968,1,MMGDSP30786,590,GD_CPFL_PI,0,0,180,100,Vestas_V90_2000,None,0,0,0,1,0.1,0
6969,1,MMGDSP30806,590,GD_CPFL_PI,0,0,180,100,Vestas_V90_2000,None,0,0,0,1,0.1,0
6970,1,MMGDSP30807,590,GD_CPFL_PI,0,0,180,100,Vestas_V90_2000,None,0,0,0,1,0.1,0
6971,1,MMGDSP30810,590,GD_CPFL_PI,0,0,180,100,Vestas_V90_2000,None,0,0,0,1,0.1,0
6972,1,MMGDSP3082,591,GD_ELEKTRO,0,0,180,100,Vestas_V90_2000,None,0,0,0,1,0.1,0
6973,1,MMGDSP3083,591,GD_ELEKTRO,0,0,180,100,Vestas_V90_2000,None,0,0,0,1,0.1,0
6974,1,MMGDSP30831,590,GD_CPFL_PI,0,0,180,100,Vestas_V90_2000,None,0,0,0,1,0.1,0
6975,1,MMGDSP30833,590,GD_CPFL_PI,0,0,180,100,Vestas_V90_2000,None,0,0,0,1,0.1,0
6976,1,MMGDSP30835,590,GD_CPFL_PI,0,0,180,100,Vestas_V90_2000,None,0,0,0,1,0.1,0
6977,1,MMGDSP30836,590,GD_CPFL_PI,0,0,180,100,Vestas_V90_2000,None,0,0,0,1,0.1,0
6978,1,MMGDSP3084,591,GD_ELEKTRO,0,0,180,100,Vestas_V90_2000,None,0,0,0,1,0.1,0
6979,1,MMGDSP3085,591,GD_ELEKTRO,0,0,180,100,Vestas_V90_2000,None,0,0,0,1,0.1,0
6980,1,MMGDSP30855,590,GD_CPFL_PI,0,0,180,100,Vestas_V90_2000,None,0,0,0,1,0.1,0
6981,1,MMGDSP30856,590,GD_CPFL_PI,0,0,180,100,Vestas_V90_2000,None,0,0,0,1,0.1,0
6982,1,MMGDSP3086,591,GD_ELEKTRO,0,0,180,100,Vestas_V90_2000,None,0,0,0,1,0.1,0
6983,1,MMGDSP3087,591,GD_ELEKTRO,0,0,180,100,Vestas_V90_2000,None,0,0,0,1,0.1,0
6984,1,MMGDSP3088,591,GD_ELEKTRO,0,0,180,100,Vestas_V90_2000,None,0,0,0,1,0.1,0
6985,1,MMGDSP30883,590,GD_CPFL_PI,0,0,180,100,Vestas_V90_2000,None,0,0,0,1,0.1,0
6986,1,MMGDSP30884,590,GD_CPFL_PI,0,0,180,100,Vestas_V90_2000,None,0,0,0,1,0.1,0
6987,1,MMGDSP30887,590,GD_CPFL_PI,0,0,180,100,Vestas_V90_2000,None,0,0,0,1,0.1,0
6988,1,MMGDSP30888,590,GD_CPFL_PI,0,0,180,100,Vestas_V90_2000,None,0,0,0,1,0.1,0
6989,1,MMGDSP3089,591,GD_ELEKTRO,0,0,180,100,Vestas_V90_2000,None,0,0,0,1,0.1,0
6990,1,MMGDSP30891,590,GD_CPFL_PI,0,0,180,100,Vestas_V90_2000,None,0,0,0,1,0.1,0
6991,1,MMGDSP30892,590,GD_CPFL_PI,0,0,180,100,Vestas_V90_2000,None,0,0,0,1,0.1,0
6992,1,MMGDSP30893,590,GD_CPFL_PI,0,0,180,100,Vestas_V90_2000,None,0,0,0,1,0.1,0
6993,1,MMGDSP30899,590,GD_CPFL_PI,0,0,180,100,Vestas_V90_2000,None,0,0,0,1,0.1,0
6994,1,MMGDSP3090,591,GD_ELEKTRO,0,0,180,100,Vestas_V90_2000,None,0,0,0,1,0.1,0
6995,1,MMGDSP30900,590,GD_CPFL_PI,0,0,180,100,Vestas_V90_2000,None,0,0,0,1,0.1,0
6996,1,MMGDSP30905,590,GD_CPFL_PI,0,0,180,100,Vestas_V90_2000,None,0,0,0,1,0.1,0
6997,1,MMGDSP30906,590,GD_CPFL_PI,0,0,180,100,Vestas_V90_2000,None,0,0,0,1,0.1,0
6998,1,MMGDSP30907,590,GD_CPFL_PI,0,0,180,100,Vestas_V90_2000,None,0,0,0,1,0.1,0
6999,1,MMGDSP3091,591,GD_ELEKTRO,0,0,180,100,Vestas_V90_2000,None,0,0,0,1,0.1,0
7000,1,MMGDSP30913,590,GD_CPFL_PI,0,0,180,100,Vestas_V90_2000,None,0,0,0,1,0.1,0
7001,1,MMGDSP30918,590,GD_CPFL_PI,0,0,180,100,Vestas_V90_2000,None,0,0,0,1,0.1,0
7002,1,MMGDSP30919,590,GD_CPFL_PI,0,0,180,100,Vestas_V90_2000,None,0,0,0,1,0.1,0
7003,1,MMGDSP30921,590,GD_CPFL_PI,0,0,180,100,Vestas_V90_2000,None,0,0,0,1,0.1,0
7004,1,MMGDSP30922,590,GD_CPFL_PI,0,0,180,100,Vestas_V90_2000,None,0,0,0,1,0.1,0
7005,1,MMGDSP30923,590,GD_CPFL_PI,0,0,180,100,Vestas_V90_2000,None,0,0,0,1,0.1,0
7006,1,MMGDSP30924,590,GD_CPFL_PI,0,0,180,100,Vestas_V90_2000,None,0,0,0,1,0.1,0
7007,1,MMGDSP30927,590,GD_CPFL_PI,0,0,180,100,Vestas_V90_2000,None,0,0,0,1,0.1,0
7008,1,MMGDSP3093,591,GD_ELEKTRO,0,0,180,100,Vestas_V90_2000,None,0,0,0,1,0.1,0
7009,1,MMGDSP3094,591,GD_ELEKTRO,0,0,180,100,Vestas_V90_2000,None,0,0,0,1,0.1,0
7010,1,MMGDSP30945,590,GD_CPFL_PI,0,0,180,100,Vestas_V90_2000,None,0,0,0,1,0.1,0
7011,1,MMGDSP3095,591,GD_ELEKTRO,0,0,180,100,Vestas_V90_2000,None,0,0,0,1,0.1,0
7012,1,MMGDSP3097,591,GD_ELEKTRO,0,0,180,100,Vestas_V90_2000,None,0,0,0,1,0.1,0
7013,1,MMGDSP3098,591,GD_ELEKTRO,0,0,180,100,Vestas_V90_2000,None,0,0,0,1,0.1,0
7014,1,MMGDSP3100,591,GD_ELEKTRO,0,0,180,100,Vestas_V90_2000,None,0,0,0,1,0.1,0
7015,1,MMGDSP3101,591,GD_ELEKTRO,0,0,180,100,Vestas_V90_2000,None,0,0,0,1,0.1,0
7016,1,MMGDSP3102,591,GD_ELEKTRO,0,0,180,100,Vestas_V90_2000,None,0,0,0,1,0.1,0
7017,1,MMGDSP3103,591,GD_ELEKTRO,0,0,180,100,Vestas_V90_2000,None,0,0,0,1,0.1,0
7018,1,MMGDSP3105,591,GD_ELEKTRO,0,0,180,100,Vestas_V90_2000,None,0,0,0,1,0.1,0
7019,1,MMGDSP3106,591,GD_ELEKTRO,0,0,180,100,Vestas_V90_2000,None,0,0,0,1,0.1,0
7020,1,MMGDSP3107,591,GD_ELEKTRO,0,0,180,100,Vestas_V90_2000,None,0,0,0,1,0.1,0
7021,1,MMGDSP3131,591,GD_ELEKTRO,0,0,180,100,Vestas_V90_2000,None,0,0,0,1,0.1,0
7022,1,MMGDSP3132,591,GD_ELEKTRO,0,0,180,100,Vestas_V90_2000,None,0,0,0,1,0.1,0
7023,1,MMGDSP3133,591,GD_ELEKTRO,0,0,180,100,Vestas_V90_2000,None,0,0,0,1,0.1,0
7024,1,MMGDSP3134,591,GD_ELEKTRO,0,0,180,100,Vestas_V90_2000,None,0,0,0,1,0.1,0
7025,1,MMGDSP3135,591,GD_ELEKTRO,0,0,180,100,Vestas_V90_2000,None,0,0,0,1,0.1,0
7026,1,MMGDSP3136,591,GD_ELEKTRO,0,0,180,100,Vestas_V90_2000,None,0,0,0,1,0.1,0
7027,1,MMGDSP3137,591,GD_ELEKTRO,0,0,180,100,Vestas_V90_2000,None,0,0,0,1,0.1,0
7028,1,MMGDSP3138,591,GD_ELEKTRO,0,0,180,100,Vestas_V90_2000,None,0,0,0,1,0.1,0
7029,1,MMGDSP3139,591,GD_ELEKTRO,0,0,180,100,Vestas_V90_2000,None,0,0,0,1,0.1,0
7030,1,MMGDSP3140,591,GD_ELEKTRO,0,0,180,100,Vestas_V90_2000,None,0,0,0,1,0.1,0
7031,1,MMGDSP3141,591,GD_ELEKTRO,0,0,180,100,Vestas_V90_2000,None,0,0,0,1,0.1,0
7032,1,MMGDSP3142,591,GD_ELEKTRO,0,0,180,100,Vestas_V90_2000,None,0,0,0,1,0.1,0
7033,1,MMGDSP3143,591,GD_ELEKTRO,0,0,180,100,Vestas_V90_2000,None,0,0,0,1,0.1,0
7034,1,MMGDSP3144,591,GD_ELEKTRO,0,0,180,100,Vestas_V90_2000,None,0,0,0,1,0.1,0
7035,1,MMGDSP3145,591,GD_ELEKTRO,0,0,180,100,Vestas_V90_2000,None,0,0,0,1,0.1,0
7036,1,MMGDSP3146,591,GD_ELEKTRO,0,0,180,100,Vestas_V90_2000,None,0,0,0,1,0.1,0
7037,1,MMGDSP3147,591,GD_ELEKTRO,0,0,180,100,Vestas_V90_2000,None,0,0,0,1,0.1,0
7038,1,MMGDSP3148,591,GD_ELEKTRO,0,0,180,100,Vestas_V90_2000,None,0,0,0,1,0.1,0
7039,1,MMGDSP3149,591,GD_ELEKTRO,0,0,180,100,Vestas_V90_2000,None,0,0,0,1,0.1,0
7040,1,MMGDSP3150,591,GD_ELEKTRO,0,0,180,100,Vestas_V90_2000,None,0,0,0,1,0.1,0
7041,1,MMGDSP3152,591,GD_ELEKTRO,0,0,180,100,Vestas_V90_2000,None,0,0,0,1,0.1,0
7042,1,MMGDSP3153,591,GD_ELEKTRO,0,0,180,100,Vestas_V90_2000,None,0,0,0,1,0.1,0
7043,1,MMGDSP3154,591,GD_ELEKTRO,0,0,180,100,Vestas_V90_2000,None,0,0,0,1,0.1,0
7044,1,MMGDSP3156,591,GD_ELEKTRO,0,0,180,100,Vestas_V90_2000,None,0,0,0,1,0.1,0
7045,1,MMGDSP3181,591,GD_ELEKTRO,0,0,180,100,Vestas_V90_2000,None,0,0,0,1,0.1,0
7046,1,MMGDSP3182,591,GD_ELEKTRO,0,0,180,100,Vestas_V90_2000,None,0,0,0,1,0.1,0
7047,1,MMGDSP3183,591,GD_ELEKTRO,0,0,180,100,Vestas_V90_2000,None,0,0,0,1,0.1,0
7048,1,MMGDSP3184,591,GD_ELEKTRO,0,0,180,100,Vestas_V90_2000,None,0,0,0,1,0.1,0
7049,1,MMGDSP3185,591,GD_ELEKTRO,0,0,180,100,Vestas_V90_2000,None,0,0,0,1,0.1,0
7050,1,MMGDSP3187,591,GD_ELEKTRO,0,0,180,100,Vestas_V90_2000,None,0,0,0,1,0.1,0
7051,1,MMGDSP3188,591,GD_ELEKTRO,0,0,180,100,Vestas_V90_2000,None,0,0,0,1,0.1,0
7052,1,MMGDSP3189,591,GD_ELEKTRO,0,0,180,100,Vestas_V90_2000,None,0,0,0,1,0.1,0
7053,1,MMGDSP3190,591,GD_ELEKTRO,0,0,180,100,Vestas_V90_2000,None,0,0,0,1,0.1,0
7054,1,MMGDSP3191,591,GD_ELEKTRO,0,0,180,100,Vestas_V90_2000,None,0,0,0,1,0.1,0
7055,1,MMGDSP3192,591,GD_ELEKTRO,0,0,180,100,Vestas_V90_2000,None,0,0,0,1,0.1,0
7056,1,MMGDSP3193,591,GD_ELEKTRO,0,0,180,100,Vestas_V90_2000,None,0,0,0,1,0.1,0
7057,1,MMGDSP3194,591,GD_ELEKTRO,0,0,180,100,Vestas_V90_2000,None,0,0,0,1,0.1,0
7058,1,MMGDSP3195,591,GD_ELEKTRO,0,0,180,100,Vestas_V90_2000,None,0,0,0,1,0.1,0
7059,1,MMGDSP3196,591,GD_ELEKTRO,0,0,180,100,Vestas_V90_2000,None,0,0,0,1,0.1,0
7060,1,MMGDSP3197,591,GD_ELEKTRO,0,0,180,100,Vestas_V90_2000,None,0,0,0,1,0.1,0
7061,1,MMGDSP3198,591,GD_ELEKTRO,0,0,180,100,Vestas_V90_2000,None,0,0,0,1,0.1,0
7062,1,MMGDSP3199,591,GD_ELEKTRO,0,0,180,100,Vestas_V90_2000,None,0,0,0,1,0.1,0
7063,1,MMGDSP3200,591,GD_ELEKTRO,0,0,180,100,Vestas_V90_2000,None,0,0,0,1,0.1,0
7064,1,MMGDSP3201,591,GD_ELEKTRO,0,0,180,100,Vestas_V90_2000,None,0,0,0,1,0.1,0
7065,1,MMGDSP3202,591,GD_ELEKTRO,0,0,180,100,Vestas_V90_2000,None,0,0,0,1,0.1,0
7066,1,MMGDSP3203,591,GD_ELEKTRO,0,0,180,100,Vestas_V90_2000,None,0,0,0,1,0.1,0
7067,1,MMGDSP3204,591,GD_ELEKTRO,0,0,180,100,Vestas_V90_2000,None,0,0,0,1,0.1,0
7068,1,MMGDSP3205,591,GD_ELEKTRO,0,0,180,100,Vestas_V90_2000,None,0,0,0,1,0.1,0
7069,1,MMGDSP3208,591,GD_ELEKTRO,0,0,180,100,Vestas_V90_2000,None,0,0,0,1,0.1,0
7070,1,MMGDSP3209,591,GD_ELEKTRO,0,0,180,100,Vestas_V90_2000,None,0,0,0,1,0.1,0
7071,1,MMGDSP3212,591,GD_ELEKTRO,0,0,180,100,Vestas_V90_2000,None,0,0,0,1,0.1,0
7072,1,MMGDSP3213,591,GD_ELEKTRO,0,0,180,100,Vestas_V90_2000,None,0,0,0,1,0.1,0
7073,1,MMGDSP3214,591,GD_ELEKTRO,0,0,180,100,Vestas_V90_2000,None,0,0,0,1,0.1,0
7074,1,MMGDSP32963,591,GD_ELEKTRO,0,0,180,100,Vestas_V90_2000,None,0,0,0,1,0.1,0
7075,1,MMGDSP32965,591,GD_ELEKTRO,0,0,180,100,Vestas_V90_2000,None,0,0,0,1,0.1,0
7076,1,MMGDSP32969,591,GD_ELEKTRO,0,0,180,100,Vestas_V90_2000,None,0,0,0,1,0.1,0
7077,1,MMGDSP32970,591,GD_ELEKTRO,0,0,180,100,Vestas_V90_2000,None,0,0,0,1,0.1,0
7078,1,MMGDSP32974,591,GD_ELEKTRO,0,0,180,100,Vestas_V90_2000,None,0,0,0,1,0.1,0
7079,1,MMGDSP32975,591,GD_ELEKTRO,0,0,180,100,Vestas_V90_2000,None,0,0,0,1,0.1,0
7080,1,MMGDSP32976,591,GD_ELEKTRO,0,0,180,100,Vestas_V90_2000,None,0,0,0,1,0.1,0
7081,1,MMGDSP32977,591,GD_ELEKTRO,0,0,180,100,Vestas_V90_2000,None,0,0,0,1,0.1,0
7082,1,MMGDSP32978,591,GD_ELEKTRO,0,0,180,100,Vestas_V90_2000,None,0,0,0,1,0.1,0
7083,1,MMGDSP32979,591,GD_ELEKTRO,0,0,180,100,Vestas_V90_2000,None,0,0,0,1,0.1,0
7084,1,MMGDSP32980,591,GD_ELEKTRO,0,0,180,100,Vestas_V90_2000,None,0,0,0,1,0.1,0
7085,1,MMGDSP32981,591,GD_ELEKTRO,0,0,180,100,Vestas_V90_2000,None,0,0,0,1,0.1,0
7086,1,MMGDSP32986,591,GD_ELEKTRO,0,0,180,100,Vestas_V90_2000,None,0,0,0,1,0.1,0
7087,1,MMGDSP32987,591,GD_ELEKTRO,0,0,180,100,Vestas_V90_2000,None,0,0,0,1,0.1,0
7088,1,MMGDSP32988,591,GD_ELEKTRO,0,0,180,100,Vestas_V90_2000,None,0,0,0,1,0.1,0
7089,1,MMGDSP32990,591,GD_ELEKTRO,0,0,180,100,Vestas_V90_2000,None,0,0,0,1,0.1,0
7090,1,MMGDSP32991,591,GD_ELEKTRO,0,0,180,100,Vestas_V90_2000,None,0,0,0,1,0.1,0
7091,1,MMGDSP32992,591,GD_ELEKTRO,0,0,180,100,Vestas_V90_2000,None,0,0,0,1,0.1,0
7092,1,MMGDSP32994,591,GD_ELEKTRO,0,0,180,100,Vestas_V90_2000,None,0,0,0,1,0.1,0
7093,1,MMGDSP32995,591,GD_ELEKTRO,0,0,180,100,Vestas_V90_2000,None,0,0,0,1,0.1,0
7094,1,MMGDSP32996,591,GD_ELEKTRO,0,0,180,100,Vestas_V90_2000,None,0,0,0,1,0.1,0
7095,1,MMGDSP33002,591,GD_ELEKTRO,0,0,180,100,Vestas_V90_2000,None,0,0,0,1,0.1,0
7096,1,MMGDSP33020,591,GD_ELEKTRO,0,0,180,100,Vestas_V90_2000,None,0,0,0,1,0.1,0
7097,1,MMGDSP33025,591,GD_ELEKTRO,0,0,180,100,Vestas_V90_2000,None,0,0,0,1,0.1,0
7098,1,MMGDSP33035,591,GD_ELEKTRO,0,0,180,100,Vestas_V90_2000,None,0,0,0,1,0.1,0
7099,1,MMGDSP33112,591,GD_ELEKTRO,0,0,180,100,Vestas_V90_2000,None,0,0,0,1,0.1,0
7100,1,MMGDSP33113,591,GD_ELEKTRO,0,0,180,100,Vestas_V90_2000,None,0,0,0,1,0.1,0
7101,1,MMGDSP33130,591,GD_ELEKTRO,0,0,180,100,Vestas_V90_2000,None,0,0,0,1,0.1,0
7102,1,MMGDSP3331,592,GD_ENEL_SP,0,0,180,100,Vestas_V90_2000,None,0,0,0,1,0.1,0
7103,1,MMGDSP3332,592,GD_ENEL_SP,0,0,180,100,Vestas_V90_2000,None,0,0,0,1,0.1,0
7104,1,MMGDSP33335,591,GD_ELEKTRO,0,0,180,100,Vestas_V90_2000,None,0,0,0,1,0.1,0
7105,1,MMGDSP33337,591,GD_ELEKTRO,0,0,180,100,Vestas_V90_2000,None,0,0,0,1,0.1,0
7106,1,MMGDSP33338,591,GD_ELEKTRO,0,0,180,100,Vestas_V90_2000,None,0,0,0,1,0.1,0
7107,1,MMGDSP33339,591,GD_ELEKTRO,0,0,180,100,Vestas_V90_2000,None,0,0,0,1,0.1,0
7108,1,MMGDSP3338,592,GD_ENEL_SP,0,0,180,100,Vestas_V90_2000,None,0,0,0,1,0.1,0
7109,1,MMGDSP3341,592,GD_ENEL_SP,0,0,180,100,Vestas_V90_2000,None,0,0,0,1,0.1,0
7110,1,MMGDSP33410,591,GD_ELEKTRO,0,0,180,100,Vestas_V90_2000,None,0,0,0,1,0.1,0
7111,1,MMGDSP33411,591,GD_ELEKTRO,0,0,180,100,Vestas_V90_2000,None,0,0,0,1,0.1,0
7112,1,MMGDSP3342,592,GD_ENEL_SP,0,0,180,100,Vestas_V90_2000,None,0,0,0,1,0.1,0
7113,1,MMGDSP3343,592,GD_ENEL_SP,0,0,180,100,Vestas_V90_2000,None,0,0,0,1,0.1,0
7114,1,MMGDSP3351,592,GD_ENEL_SP,0,0,180,100,Vestas_V90_2000,None,0,0,0,1,0.1,0
7115,1,MMGDSP3353,592,GD_ENEL_SP,0,0,180,100,Vestas_V90_2000,None,0,0,0,1,0.1,0
7116,1,MMGDSP3380,592,GD_ENEL_SP,0,0,180,100,Vestas_V90_2000,None,0,0,0,1,0.1,0
7117,1,MMGDSP37392,593,GD_ESS,0,0,180,100,Vestas_V90_2000,None,0,0,0,1,0.1,0
7118,1,MMGDSP37907,593,GD_ESS,0,0,180,100,Vestas_V90_2000,None,0,0,0,1,0.1,0
7119,1,MMGDSP38000,593,GD_ESS,0,0,180,100,Vestas_V90_2000,None,0,0,0,1,0.1,0
7120,1,MMGDSP38010,593,GD_ESS,0,0,180,100,Vestas_V90_2000,None,0,0,0,1,0.1,0
7121,1,MMGDSP38931,593,GD_ESS,0,0,180,100,Vestas_V90_2000,None,0,0,0,1,0.1,0
7122,1,MMGDSP3981,593,GD_ESS,0,0,180,100,Vestas_V90_2000,None,0,0,0,1,0.1,0
7123,1,MMGDSP3983,593,GD_ESS,0,0,180,100,Vestas_V90_2000,None,0,0,0,1,0.1,0
7124,1,MMGDSP3987,593,GD_ESS,0,0,180,100,Vestas_V90_2000,None,0,0,0,1,0.1,0
7125,1,MMGDSP3988,593,GD_ESS,0,0,180,100,Vestas_V90_2000,None,0,0,0,1,0.1,0
7126,1,MMGDSP3989,593,GD_ESS,0,0,180,100,Vestas_V90_2000,None,0,0,0,1,0.1,0
7127,1,MMGDSP3992,593,GD_ESS,0,0,180,100,Vestas_V90_2000,None,0,0,0,1,0.1,0
7128,1,MMGDSP3993,593,GD_ESS,0,0,180,100,Vestas_V90_2000,None,0,0,0,1,0.1,0
7129,1,MMGDSP3994,593,GD_ESS,0,0,180,100,Vestas_V90_2000,None,0,0,0,1,0.1,0
7130,1,MMGDSP3999,593,GD_ESS,0,0,180,100,Vestas_V90_2000,None,0,0,0,1,0.1,0
7131,1,MMGDSP4002,593,GD_ESS,0,0,180,100,Vestas_V90_2000,None,0,0,0,1,0.1,0
7132,1,MMGDSP4003,593,GD_ESS,0,0,180,100,Vestas_V90_2000,None,0,0,0,1,0.1,0
7133,1,MMGDSP4006,593,GD_ESS,0,0,180,100,Vestas_V90_2000,None,0,0,0,1,0.1,0
7134,1,MMGDSP4008,593,GD_ESS,0,0,180,100,Vestas_V90_2000,None,0,0,0,1,0.1,0
7135,1,MMGDSP4010,593,GD_ESS,0,0,180,100,Vestas_V90_2000,None,0,0,0,1,0.1,0
7136,1,MMGDSP4012,593,GD_ESS,0,0,180,100,Vestas_V90_2000,None,0,0,0,1,0.1,0
7137,1,MMGDSP4014,593,GD_ESS,0,0,180,100,Vestas_V90_2000,None,0,0,0,1,0.1,0
7138,1,MMGDSP4015,593,GD_ESS,0,0,180,100,Vestas_V90_2000,None,0,0,0,1,0.1,0
7139,1,MMGDSP4016,593,GD_ESS,0,0,180,100,Vestas_V90_2000,None,0,0,0,1,0.1,0
7140,1,MMGDSP4017,593,GD_ESS,0,0,180,100,Vestas_V90_2000,None,0,0,0,1,0.1,0
7141,1,MMGDSP4019,593,GD_ESS,0,0,180,100,Vestas_V90_2000,None,0,0,0,1,0.1,0
7142,1,MMGDSP4020,593,GD_ESS,0,0,180,100,Vestas_V90_2000,None,0,0,0,1,0.1,0
7143,1,MMGDSP4021,593,GD_ESS,0,0,180,100,Vestas_V90_2000,None,0,0,0,1,0.1,0
7144,1,MMGDSP4027,593,GD_ESS,0,0,180,100,Vestas_V90_2000,None,0,0,0,1,0.1,0
7145,1,MMGDSP4028,593,GD_ESS,0,0,180,100,Vestas_V90_2000,None,0,0,0,1,0.1,0
7146,1,MMGDSP4030,593,GD_ESS,0,0,180,100,Vestas_V90_2000,None,0,0,0,1,0.1,0
7147,1,MMGDSP7744,593,GD_ESS,0,0,180,100,Vestas_V90_2000,None,0,0,0,1,0.1,0
948,2,EOLPR027908,298,EOL17,0,0,180,100,Vestas_V90_2000,None,0,0,0,1,0.1,0
1228,2,EOLRS028712,294,EOL13,0,0,180,100,Vestas_V90_2000,None,0,0,0,1,0.1,0
1229,2,EOLRS028810,294,EOL13,0,0,180,100,Vestas_V90_2000,None,0,0,0,1,0.1,0
1230,2,EOLRS028811,294,EOL13,0,0,180,100,Vestas_V90_2000,None,0,0,0,1,0.1,0
1231,2,EOLRS028855,294,EOL13,0,0,180,100,Vestas_V90_2000,None,0,0,0,1,0.1,0
1232,2,EOLRS028864,294,EOL13,0,0,180,100,Vestas_V90_2000,None,0,0,0,1,0.1,0
1233,2,EOLRS030286,294,EOL13,0,0,180,100,Vestas_V90_2000,None,0,0,0,1,0.1,0
1234,2,EOLRS030330,294,EOL13,0,0,180,100,Vestas_V90_2000,None,0,0,0,1,0.1,0
1235,2,EOLRS030334,294,EOL13,0,0,180,100,Vestas_V90_2000,None,0,0,0,1,0.1,0
1236,2,EOLRS030343,294,EOL13,0,0,180,100,Vestas_V90_2000,None,0,0,0,1,0.1,0
1237,2,EOLRS030348,295,EOL14,0,0,180,100,Vestas_V90_2000,None,0,0,0,1,0.1,0
1238,2,EOLRS030349,295,EOL14,0,0,180,100,Vestas_V90_2000,None,0,0,0,1,0.1,0
1239,2,EOLRS030350,295,EOL14,0,0,180,100,Vestas_V90_2000,None,0,0,0,1,0.1,0
1240,2,EOLRS030381,294,EOL13,0,0,180,100,Vestas_V90_2000,None,0,0,0,1,0.1,0
1241,2,EOLRS030449,294,EOL13,0,0,180,100,Vestas_V90_2000,None,0,0,0,1,0.1,0
1242,2,EOLRS030457,294,EOL13,0,0,180,100,Vestas_V90_2000,None,0,0,0,1,0.1,0
1243,2,EOLRS030460,294,EOL13,0,0,180,100,Vestas_V90_2000,None,0,0,0,1,0.1,0
1244,2,EOLRS030461,294,EOL13,0,0,180,100,Vestas_V90_2000,None,0,0,0,1,0.1,0
1245,2,EOLRS030462,294,EOL13,0,0,180,100,Vestas_V90_2000,None,0,0,0,1,0.1,0
1246,2,EOLRS030468,296,EOL15,0,0,180,100,Vestas_V90_2000,None,0,0,0,1,0.1,0
1247,2,EOLRS030469,296,EOL15,0,0,180,100,Vestas_V90_2000,None,0,0,0,1,0.1,0
1248,2,EOLRS030477,296,EOL15,0,0,180,100,Vestas_V90_2000,None,0,0,0,1,0.1,0
1249,2,EOLRS030478,294,EOL13,0,0,180,100,Vestas_V90_2000,None,0,0,0,1,0.1,0
1250,2,EOLRS030480,294,EOL13,0,0,180,100,Vestas_V90_2000,None,0,0,0,1,0.1,0
1251,2,EOLRS030734,294,EOL13,0,0,180,100,Vestas_V90_2000,None,0,0,0,1,0.1,0
1252,2,EOLRS030740,296,EOL15,0,0,180,100,Vestas_V90_2000,None,0,0,0,1,0.1,0
1253,2,EOLRS030741,296,EOL15,0,0,180,100,Vestas_V90_2000,None,0,0,0,1,0.1,0
1254,2,EOLRS030742,296,EOL15,0,0,180,100,Vestas_V90_2000,None,0,0,0,1,0.1,0
1255,2,EOLRS030745,296,EOL15,0,0,180,100,Vestas_V90_2000,None,0,0,0,1,0.1,0
1256,2,EOLRS030746,296,EOL15,0,0,180,100,Vestas_V90_2000,None,0,0,0,1,0.1,0
1257,2,EOLRS030747,296,EOL15,0,0,180,100,Vestas_V90_2000,None,0,0,0,1,0.1,0
1258,2,EOLRS030748,296,EOL15,0,0,180,100,Vestas_V90_2000,None,0,0,0,1,0.1,0
1259,2,EOLRS030749,296,EOL15,0,0,180,100,Vestas_V90_2000,None,0,0,0,1,0.1,0
1260,2,EOLRS030750,295,EOL14,0,0,180,100,Vestas_V90_2000,None,0,0,0,1,0.1,0
1261,2,EOLRS030754,296,EOL15,0,0,180,100,Vestas_V90_2000,None,0,0,0,1,0.1,0
1262,2,EOLRS030755,296,EOL15,0,0,180,100,Vestas_V90_2000,None,0,0,0,1,0.1,0
1263,2,EOLRS030760,296,EOL15,0,0,180,100,Vestas_V90_2000,None,0,0,0,1,0.1,0
1264,2,EOLRS030767,296,EOL15,0,0,180,100,Vestas_V90_2000,None,0,0,0,1,0.1,0
1265,2,EOLRS030790,296,EOL15,0,0,180,100,Vestas_V90_2000,None,0,0,0,1,0.1,0
1266,2,EOLRS030791,296,EOL15,0,0,180,100,Vestas_V90_2000,None,0,0,0,1,0.1,0
1267,2,EOLRS030819,296,EOL15,0,0,180,100,Vestas_V90_2000,None,0,0,0,1,0.1,0
1268,2,EOLRS030829,296,EOL15,0,0,180,100,Vestas_V90_2000,None,0,0,0,1,0.1,0
1269,2,EOLRS030833,296,EOL15,0,0,180,100,Vestas_V90_2000,None,0,0,0,1,0.1,0
1270,2,EOLRS030840,296,EOL15,0,0,180,100,Vestas_V90_2000,None,0,0,0,1,0.1,0
1271,2,EOLRS030842,296,EOL15,0,0,180,100,Vestas_V90_2000,None,0,0,0,1,0.1,0
1272,2,EOLRS030844,296,EOL15,0,0,180,100,Vestas_V90_2000,None,0,0,0,1,0.1,0
1273,2,EOLRS030894,294,EOL13,0,0,180,100,Vestas_V90_2000,None,0,0,0,1,0.1,0
1274,2,EOLRS030901,294,EOL13,0,0,180,100,Vestas_V90_2000,None,0,0,0,1,0.1,0
1275,2,EOLRS031302,294,EOL13,0,0,180,100,Vestas_V90_2000,None,0,0,0,1,0.1,0
1276,2,EOLRS031477,295,EOL14,0,0,180,100,Vestas_V90_2000,None,0,0,0,1,0.1,0
1277,2,EOLRS031487,295,EOL14,0,0,180,100,Vestas_V90_2000,None,0,0,0,1,0.1,0
1278,2,EOLRS031509,294,EOL13,0,0,180,100,Vestas_V90_2000,None,0,0,0,1,0.1,0
1279,2,EOLRS031510,295,EOL14,0,0,180,100,Vestas_V90_2000,None,0,0,0,1,0.1,0
1280,2,EOLRS031517,296,EOL15,0,0,180,100,Vestas_V90_2000,None,0,0,0,1,0.1,0
1281,2,EOLRS031539,296,EOL15,0,0,180,100,Vestas_V90_2000,None,0,0,0,1,0.1,0
1282,2,EOLRS031541,296,EOL15,0,0,180,100,Vestas_V90_2000,None,0,0,0,1,0.1,0
1283,2,EOLRS031557,296,EOL15,0,0,180,100,Vestas_V90_2000,None,0,0,0,1,0.1,0
1284,2,EOLRS031558,296,EOL15,0,0,180,100,Vestas_V90_2000,None,0,0,0,1,0.1,0
1285,2,EOLRS031559,296,EOL15,0,0,180,100,Vestas_V90_2000,None,0,0,0,1,0.1,0
1286,2,EOLRS031561,296,EOL15,0,0,180,100,Vestas_V90_2000,None,0,0,0,1,0.1,0
1287,2,EOLRS031578,296,EOL15,0,0,180,100,Vestas_V90_2000,None,0,0,0,1,0.1,0
1288,2,EOLRS031600,296,EOL15,0,0,180,100,Vestas_V90_2000,None,0,0,0,1,0.1,0
1289,2,EOLRS031601,296,EOL15,0,0,180,100,Vestas_V90_2000,None,0,0,0,1,0.1,0
1290,2,EOLRS031602,296,EOL15,0,0,180,100,Vestas_V90_2000,None,0,0,0,1,0.1,0
1291,2,EOLRS031610,296,EOL15,0,0,180,100,Vestas_V90_2000,None,0,0,0,1,0.1,0
1292,2,EOLRS031646,297,EOL16,0,0,180,100,Vestas_V90_2000,None,0,0,0,1,0.1,0
1293,2,EOLRS031647,297,EOL16,0,0,180,100,Vestas_V90_2000,None,0,0,0,1,0.1,0
1294,2,EOLRS031653,297,EOL16,0,0,180,100,Vestas_V90_2000,None,0,0,0,1,0.1,0
1295,2,EOLRS031663,297,EOL16,0,0,180,100,Vestas_V90_2000,None,0,0,0,1,0.1,0
1296,2,EOLRS031696,297,EOL16,0,0,180,100,Vestas_V90_2000,None,0,0,0,1,0.1,0
1297,2,EOLRS031699,297,EOL16,0,0,180,100,Vestas_V90_2000,None,0,0,0,1,0.1,0
1298,2,EOLRS031700,297,EOL16,0,0,180,100,Vestas_V90_2000,None,0,0,0,1,0.1,0
1299,2,EOLRS031701,297,EOL16,0,0,180,100,Vestas_V90_2000,None,0,0,0,1,0.1,0
1300,2,EOLRS031705,297,EOL16,0,0,180,100,Vestas_V90_2000,None,0,0,0,1,0.1,0
1301,2,EOLRS031719,297,EOL16,0,0,180,100,Vestas_V90_2000,None,0,0,0,1,0.1,0
1302,2,EOLRS031805,297,EOL16,0,0,180,100,Vestas_V90_2000,None,0,0,0,1,0.1,0
1303,2,EOLRS031806,297,EOL16,0,0,180,100,Vestas_V90_2000,None,0,0,0,1,0.1,0
1304,2,EOLSC028674,302,EOL21,0,0,180,100,Vestas_V90_2000,None,0,0,0,1,0.1,0
1305,2,EOLSC028793,298,EOL17,0,0,180,100,Vestas_V90_2000,None,0,0,0,1,0.1,0
1306,2,EOLSC029051,299,EOL18,0,0,180,100,Vestas_V90_2000,None,0,0,0,1,0.1,0
1307,2,EOLSC029052,298,EOL17,0,0,180,100,Vestas_V90_2000,None,0,0,0,1,0.1,0
1308,2,EOLSC029053,299,EOL18,0,0,180,100,Vestas_V90_2000,None,0,0,0,1,0.1,0
1309,2,EOLSC029054,298,EOL17,0,0,180,100,Vestas_V90_2000,None,0,0,0,1,0.1,0
1310,2,EOLSC029055,299,EOL18,0,0,180,100,Vestas_V90_2000,None,0,0,0,1,0.1,0
1311,2,EOLSC029056,298,EOL17,0,0,180,100,Vestas_V90_2000,None,0,0,0,1,0.1,0
1312,2,EOLSC029062,299,EOL18,0,0,180,100,Vestas_V90_2000,None,0,0,0,1,0.1,0
1313,2,EOLSC029065,298,EOL17,0,0,180,100,Vestas_V90_2000,None,0,0,0,1,0.1,0
1314,2,EOLSC029069,298,EOL17,0,0,180,100,Vestas_V90_2000,None,0,0,0,1,0.1,0
1315,2,EOLSC029070,298,EOL17,0,0,180,100,Vestas_V90_2000,None,0,0,0,1,0.1,0
1316,2,EOLSC032016,301,EOL20,0,0,180,100,Vestas_V90_2000,None,0,0,0,1,0.1,0
1317,2,EOLSC050783,301,EOL20,0,0,180,100,Vestas_V90_2000,None,0,0,0,1,0.1,0
2073,2,UFVRS046252,319,UFV9_SU,0,0,180,100,Vestas_V90_2000,None,0,0,0,1,0.1,0
2074,2,UFVRS046531,319,UFV9_SU,0,0,180,100,Vestas_V90_2000,None,0,0,0,1,0.1,0
2075,2,UFVRS046740,319,UFV9_SU,0,0,180,100,Vestas_V90_2000,None,0,0,0,1,0.1,0
2076,2,UFVRS046811,319,UFV9_SU,0,0,180,100,Vestas_V90_2000,None,0,0,0,1,0.1,0
2077,2,UFVRS046921,319,UFV9_SU,0,0,180,100,Vestas_V90_2000,None,0,0,0,1,0.1,0
2078,2,UFVRS056750,319,UFV9_SU,0,0,180,100,Vestas_V90_2000,None,0,0,0,1,0.1,0
2079,2,UFVRS060668,319,UFV9_SU,0,0,180,100,Vestas_V90_2000,None,0,0,0,1,0.1,0
2080,2,UFVRS066994,319,UFV9_SU,0,0,180,100,Vestas_V90_2000,None,0,0,0,1,0.1,0
2081,2,UFVRS067994,319,UFV9_SU,0,0,180,100,Vestas_V90_2000,None,0,0,0,1,0.1,0
2082,2,UFVRS071325,319,UFV9_SU,0,0,180,100,Vestas_V90_2000,None,0,0,0,1,0.1,0
2083,2,UFVRS071626,319,UFV9_SU,0,0,180,100,Vestas_V90_2000,None,0,0,0,1,0.1,0
2084,2,UFVRS071671,319,UFV9_SU,0,0,180,100,Vestas_V90_2000,None,0,0,0,1,0.1,0
2085,2,UFVRS072136,319,UFV9_SU,0,0,180,100,Vestas_V90_2000,None,0,0,0,1,0.1,0
2086,2,UFVRS072684,319,UFV9_SU,0,0,180,100,Vestas_V90_2000,None,0,0,0,1,0.1,0
2087,2,UFVSC031430,319,UFV9_SU,0,0,180,100,Vestas_V90_2000,None,0,0,0,1,0.1,0
2088,2,UFVSC031635,319,UFV9_SU,0,0,180,100,Vestas_V90_2000,None,0,0,0,1,0.1,0
2089,2,UFVSC045493,319,UFV9_SU,0,0,180,100,Vestas_V90_2000,None,0,0,0,1,0.1,0
2090,2,UFVSC046484,319,UFV9_SU,0,0,180,100,Vestas_V90_2000,None,0,0,0,1,0.1,0
2091,2,UFVSC049225,319,UFV9_SU,0,0,180,100,Vestas_V90_2000,None,0,0,0,1,0.1,0
2092,2,UFVSC060665,319,UFV9_SU,0,0,180,100,Vestas_V90_2000,None,0,0,0,1,0.1,0
2093,2,UFVSC064476,319,UFV9_SU,0,0,180,100,Vestas_V90_2000,None,0,0,0,1,0.1,0
2094,2,UFVSC071333,319,UFV9_SU,0,0,180,100,Vestas_V90_2000,None,0,0,0,1,0.1,0
2095,2,UFVSC071714,319,UFV9_SU,0,0,180,100,Vestas_V90_2000,None,0,0,0,1,0.1,0
2812,2,EOLRS032236,295,EOL14,0,0,180,100,Vestas_V90_2000,None,0,0,0,1,0.1,0
2813,2,EOLRS032237,295,EOL14,0,0,180,100,Vestas_V90_2000,None,0,0,0,1,0.1,0
2814,2,EOLRS033807,295,EOL14,0,0,180,100,Vestas_V90_2000,None,0,0,0,1,0.1,0
4822,2,UFVPR071670,319,UFV9_SU,0,0,180,100,Vestas_V90_2000,None,0,0,0,1,0.1,0
4823,2,UFVPR071750,319,UFV9_SU,0,0,180,100,Vestas_V90_2000,None,0,0,0,1,0.1,0
4824,2,UFVPR071753,319,UFV9_SU,0,0,180,100,Vestas_V90_2000,None,0,0,0,1,0.1,0
4825,2,UFVPR072390,319,UFV9_SU,0,0,180,100,Vestas_V90_2000,None,0,0,0,1,0.1,0
4826,2,UFVRS071625,319,UFV9_SU,0,0,180,100,Vestas_V90_2000,None,0,0,0,1,0.1,0
4827,2,UFVRS071629,319,UFV9_SU,0,0,180,100,Vestas_V90_2000,None,0,0,0,1,0.1,0
4828,2,UFVRS071736,319,UFV9_SU,0,0,180,100,Vestas_V90_2000,None,0,0,0,1,0.1,0
4829,2,UFVRS072384,319,UFV9_SU,0,0,180,100,Vestas_V90_2000,None,0,0,0,1,0.1,0
4830,2,UFVRS072402,319,UFV9_SU,0,0,180,100,Vestas_V90_2000,None,0,0,0,1,0.1,0
4831,2,UFVRS072491,319,UFV9_SU,0,0,180,100,Vestas_V90_2000,None,0,0,0,1,0.1,0
4832,2,UFVRS072551,319,UFV9_SU,0,0,180,100,Vestas_V90_2000,None,0,0,0,1,0.1,0
4833,2,UFVRS072552,319,UFV9_SU,0,0,180,100,Vestas_V90_2000,None,0,0,0,1,0.1,0
4834,2,UFVRS072553,319,UFV9_SU,0,0,180,100,Vestas_V90_2000,None,0,0,0,1,0.1,0
4835,2,UFVRS072842,319,UFV9_SU,0,0,180,100,Vestas_V90_2000,None,0,0,0,1,0.1,0
4836,2,UFVRS072964,319,UFV9_SU,0,0,180,100,Vestas_V90_2000,None,0,0,0,1,0.1,0
4837,2,UFVRS072974,319,UFV9_SU,0,0,180,100,Vestas_V90_2000,None,0,0,0,1,0.1,0
4838,2,UFVRS074180,319,UFV9_SU,0,0,180,100,Vestas_V90_2000,None,0,0,0,1,0.1,0
4839,2,UFVSC051963,319,UFV9_SU,0,0,180,100,Vestas_V90_2000,None,0,0,0,1,0.1,0
5790,2,MMGDPR44846,576,GD_COPEL,0,0,180,100,Vestas_V90_2000,None,0,0,0,1,0.1,0
5791,2,MMGDPR44849,576,GD_COPEL,0,0,180,100,Vestas_V90_2000,None,0,0,0,1,0.1,0
5792,2,MMGDPR45080,576,GD_COPEL,0,0,180,100,Vestas_V90_2000,None,0,0,0,1,0.1,0
5793,2,MMGDPR45081,576,GD_COPEL,0,0,180,100,Vestas_V90_2000,None,0,0,0,1,0.1,0
5794,2,MMGDPR45604,576,GD_COPEL,0,0,180,100,Vestas_V90_2000,None,0,0,0,1,0.1,0
5795,2,MMGDPR45620,576,GD_COPEL,0,0,180,100,Vestas_V90_2000,None,0,0,0,1,0.1,0
5796,2,MMGDPR45640,576,GD_COPEL,0,0,180,100,Vestas_V90_2000,None,0,0,0,1,0.1,0
5797,2,MMGDPR45641,576,GD_COPEL,0,0,180,100,Vestas_V90_2000,None,0,0,0,1,0.1,0
5798,2,MMGDPR45642,576,GD_COPEL,0,0,180,100,Vestas_V90_2000,None,0,0,0,1,0.1,0
5799,2,MMGDPR45643,576,GD_COPEL,0,0,180,100,Vestas_V90_2000,None,0,0,0,1,0.1,0
5800,2,MMGDPR45644,576,GD_COPEL,0,0,180,100,Vestas_V90_2000,None,0,0,0,1,0.1,0
5801,2,MMGDPR45647,576,GD_COPEL,0,0,180,100,Vestas_V90_2000,None,0,0,0,1,0.1,0
5802,2,MMGDPR45648,576,GD_COPEL,0,0,180,100,Vestas_V90_2000,None,0,0,0,1,0.1,0
5803,2,MMGDPR45649,576,GD_COPEL,0,0,180,100,Vestas_V90_2000,None,0,0,0,1,0.1,0
5804,2,MMGDPR45650,576,GD_COPEL,0,0,180,100,Vestas_V90_2000,None,0,0,0,1,0.1,0
5805,2,MMGDPR6775,576,GD_COPEL,0,0,180,100,Vestas_V90_2000,None,0,0,0,1,0.1,0
5806,2,MMGDPR6779,576,GD_COPEL,0,0,180,100,Vestas_V90_2000,None,0,0,0,1,0.1,0
5807,2,MMGDPR6780,576,GD_COPEL,0,0,180,100,Vestas_V90_2000,None,0,0,0,1,0.1,0
5808,2,MMGDPR6781,576,GD_COPEL,0,0,180,100,Vestas_V90_2000,None,0,0,0,1,0.1,0
5809,2,MMGDPR6782,576,GD_COPEL,0,0,180,100,Vestas_V90_2000,None,0,0,0,1,0.1,0
5810,2,MMGDPR6805,576,GD_COPEL,0,0,180,100,Vestas_V90_2000,None,0,0,0,1,0.1,0
5811,2,MMGDPR6806,576,GD_COPEL,0,0,180,100,Vestas_V90_2000,None,0,0,0,1,0.1,0
5812,2,MMGDPR6807,576,GD_COPEL,0,0,180,100,Vestas_V90_2000,None,0,0,0,1,0.1,0
5813,2,MMGDPR6808,576,GD_COPEL,0,0,180,100,Vestas_V90_2000,None,0,0,0,1,0.1,0
5814,2,MMGDPR6809,576,GD_COPEL,0,0,180,100,Vestas_V90_2000,None,0,0,0,1,0.1,0
5815,2,MMGDPR6810,576,GD_COPEL,0,0,180,100,Vestas_V90_2000,None,0,0,0,1,0.1,0
5816,2,MMGDPR6812,576,GD_COPEL,0,0,180,100,Vestas_V90_2000,None,0,0,0,1,0.1,0
5817,2,MMGDPR6814,576,GD_COPEL,0,0,180,100,Vestas_V90_2000,None,0,0,0,1,0.1,0
5818,2,MMGDPR6816,576,GD_COPEL,0,0,180,100,Vestas_V90_2000,None,0,0,0,1,0.1,0
5819,2,MMGDPR6818,576,GD_COPEL,0,0,180,100,Vestas_V90_2000,None,0,0,0,1,0.1,0
5820,2,MMGDPR6819,576,GD_COPEL,0,0,180,100,Vestas_V90_2000,None,0,0,0,1,0.1,0
5821,2,MMGDPR6820,576,GD_COPEL,0,0,180,100,Vestas_V90_2000,None,0,0,0,1,0.1,0
5822,2,MMGDPR6821,576,GD_COPEL,0,0,180,100,Vestas_V90_2000,None,0,0,0,1,0.1,0
5823,2,MMGDPR6822,576,GD_COPEL,0,0,180,100,Vestas_V90_2000,None,0,0,0,1,0.1,0
5824,2,MMGDPR6823,576,GD_COPEL,0,0,180,100,Vestas_V90_2000,None,0,0,0,1,0.1,0
5825,2,MMGDPR6824,576,GD_COPEL,0,0,180,100,Vestas_V90_2000,None,0,0,0,1,0.1,0
5826,2,MMGDPR6825,576,GD_COPEL,0,0,180,100,Vestas_V90_2000,None,0,0,0,1,0.1,0
5827,2,MMGDPR6826,576,GD_COPEL,0,0,180,100,Vestas_V90_2000,None,0,0,0,1,0.1,0
5828,2,MMGDPR6827,576,GD_COPEL,0,0,180,100,Vestas_V90_2000,None,0,0,0,1,0.1,0
5829,2,MMGDPR6828,576,GD_COPEL,0,0,180,100,Vestas_V90_2000,None,0,0,0,1,0.1,0
5830,2,MMGDPR6829,576,GD_COPEL,0,0,180,100,Vestas_V90_2000,None,0,0,0,1,0.1,0
5831,2,MMGDPR6839,576,GD_COPEL,0,0,180,100,Vestas_V90_2000,None,0,0,0,1,0.1,0
5832,2,MMGDPR6840,576,GD_COPEL,0,0,180,100,Vestas_V90_2000,None,0,0,0,1,0.1,0
5833,2,MMGDPR6844,576,GD_COPEL,0,0,180,100,Vestas_V90_2000,None,0,0,0,1,0.1,0
5834,2,MMGDPR6846,576,GD_COPEL,0,0,180,100,Vestas_V90_2000,None,0,0,0,1,0.1,0
5835,2,MMGDPR6847,576,GD_COPEL,0,0,180,100,Vestas_V90_2000,None,0,0,0,1,0.1,0
5836,2,MMGDPR6850,576,GD_COPEL,0,0,180,100,Vestas_V90_2000,None,0,0,0,1,0.1,0
5837,2,MMGDPR6851,576,GD_COPEL,0,0,180,100,Vestas_V90_2000,None,0,0,0,1,0.1,0
5838,2,MMGDPR6859,576,GD_COPEL,0,0,180,100,Vestas_V90_2000,None,0,0,0,1,0.1,0
5839,2,MMGDPR6860,576,GD_COPEL,0,0,180,100,Vestas_V90_2000,None,0,0,0,1,0.1,0
5840,2,MMGDPR6864,576,GD_COPEL,0,0,180,100,Vestas_V90_2000,None,0,0,0,1,0.1,0
5841,2,MMGDPR6865,576,GD_COPEL,0,0,180,100,Vestas_V90_2000,None,0,0,0,1,0.1,0
5842,2,MMGDPR6868,576,GD_COPEL,0,0,180,100,Vestas_V90_2000,None,0,0,0,1,0.1,0
5843,2,MMGDPR6871,576,GD_COPEL,0,0,180,100,Vestas_V90_2000,None,0,0,0,1,0.1,0
5844,2,MMGDPR6872,576,GD_COPEL,0,0,180,100,Vestas_V90_2000,None,0,0,0,1,0.1,0
5845,2,MMGDPR6873,576,GD_COPEL,0,0,180,100,Vestas_V90_2000,None,0,0,0,1,0.1,0
5846,2,MMGDPR6874,576,GD_COPEL,0,0,180,100,Vestas_V90_2000,None,0,0,0,1,0.1,0
5847,2,MMGDPR6875,576,GD_COPEL,0,0,180,100,Vestas_V90_2000,None,0,0,0,1,0.1,0
5848,2,MMGDPR6876,576,GD_COPEL,0,0,180,100,Vestas_V90_2000,None,0,0,0,1,0.1,0
5849,2,MMGDPR6877,576,GD_COPEL,0,0,180,100,Vestas_V90_2000,None,0,0,0,1,0.1,0
5850,2,MMGDPR6878,576,GD_COPEL,0,0,180,100,Vestas_V90_2000,None,0,0,0,1,0.1,0
5851,2,MMGDPR6879,576,GD_COPEL,0,0,180,100,Vestas_V90_2000,None,0,0,0,1,0.1,0
5852,2,MMGDPR6880,576,GD_COPEL,0,0,180,100,Vestas_V90_2000,None,0,0,0,1,0.1,0
5853,2,MMGDPR6883,576,GD_COPEL,0,0,180,100,Vestas_V90_2000,None,0,0,0,1,0.1,0
5854,2,MMGDPR6885,576,GD_COPEL,0,0,180,100,Vestas_V90_2000,None,0,0,0,1,0.1,0
5855,2,MMGDPR6886,576,GD_COPEL,0,0,180,100,Vestas_V90_2000,None,0,0,0,1,0.1,0
5856,2,MMGDPR6889,576,GD_COPEL,0,0,180,100,Vestas_V90_2000,None,0,0,0,1,0.1,0
5857,2,MMGDPR6890,576,GD_COPEL,0,0,180,100,Vestas_V90_2000,None,0,0,0,1,0.1,0
5858,2,MMGDPR6891,576,GD_COPEL,0,0,180,100,Vestas_V90_2000,None,0,0,0,1,0.1,0
5859,2,MMGDPR6893,576,GD_COPEL,0,0,180,100,Vestas_V90_2000,None,0,0,0,1,0.1,0
5860,2,MMGDPR6894,576,GD_COPEL,0,0,180,100,Vestas_V90_2000,None,0,0,0,1,0.1,0
5861,2,MMGDPR6895,576,GD_COPEL,0,0,180,100,Vestas_V90_2000,None,0,0,0,1,0.1,0
5862,2,MMGDPR6896,576,GD_COPEL,0,0,180,100,Vestas_V90_2000,None,0,0,0,1,0.1,0
5863,2,MMGDPR6897,576,GD_COPEL,0,0,180,100,Vestas_V90_2000,None,0,0,0,1,0.1,0
5864,2,MMGDPR6900,576,GD_COPEL,0,0,180,100,Vestas_V90_2000,None,0,0,0,1,0.1,0
5865,2,MMGDPR6901,576,GD_COPEL,0,0,180,100,Vestas_V90_2000,None,0,0,0,1,0.1,0
5866,2,MMGDPR6902,576,GD_COPEL,0,0,180,100,Vestas_V90_2000,None,0,0,0,1,0.1,0
5867,2,MMGDPR6904,576,GD_COPEL,0,0,180,100,Vestas_V90_2000,None,0,0,0,1,0.1,0
5868,2,MMGDPR6906,576,GD_COPEL,0,0,180,100,Vestas_V90_2000,None,0,0,0,1,0.1,0
5869,2,MMGDPR6908,576,GD_COPEL,0,0,180,100,Vestas_V90_2000,None,0,0,0,1,0.1,0
5870,2,MMGDPR6911,576,GD_COPEL,0,0,180,100,Vestas_V90_2000,None,0,0,0,1,0.1,0
5871,2,MMGDPR6915,576,GD_COPEL,0,0,180,100,Vestas_V90_2000,None,0,0,0,1,0.1,0
5872,2,MMGDPR6917,576,GD_COPEL,0,0,180,100,Vestas_V90_2000,None,0,0,0,1,0.1,0
5873,2,MMGDPR6918,576,GD_COPEL,0,0,180,100,Vestas_V90_2000,None,0,0,0,1,0.1,0
5874,2,MMGDPR6919,576,GD_COPEL,0,0,180,100,Vestas_V90_2000,None,0,0,0,1,0.1,0
5875,2,MMGDPR6921,576,GD_COPEL,0,0,180,100,Vestas_V90_2000,None,0,0,0,1,0.1,0
5876,2,MMGDPR6922,576,GD_COPEL,0,0,180,100,Vestas_V90_2000,None,0,0,0,1,0.1,0
5877,2,MMGDPR6926,576,GD_COPEL,0,0,180,100,Vestas_V90_2000,None,0,0,0,1,0.1,0
5878,2,MMGDPR6931,576,GD_COPEL,0,0,180,100,Vestas_V90_2000,None,0,0,0,1,0.1,0
5879,2,MMGDPR6935,576,GD_COPEL,0,0,180,100,Vestas_V90_2000,None,0,0,0,1,0.1,0
5880,2,MMGDPR6936,576,GD_COPEL,0,0,180,100,Vestas_V90_2000,None,0,0,0,1,0.1,0
5881,2,MMGDPR6952,576,GD_COPEL,0,0,180,100,Vestas_V90_2000,None,0,0,0,1,0.1,0
5882,2,MMGDPR6953,576,GD_COPEL,0,0,180,100,Vestas_V90_2000,None,0,0,0,1,0.1,0
5883,2,MMGDPR6954,576,GD_COPEL,0,0,180,100,Vestas_V90_2000,None,0,0,0,1,0.1,0
5884,2,MMGDPR6957,576,GD_COPEL,0,0,180,100,Vestas_V90_2000,None,0,0,0,1,0.1,0
5885,2,MMGDPR6958,576,GD_COPEL,0,0,180,100,Vestas_V90_2000,None,0,0,0,1,0.1,0
5886,2,MMGDPR6961,576,GD_COPEL,0,0,180,100,Vestas_V90_2000,None,0,0,0,1,0.1,0
5887,2,MMGDPR6962,576,GD_COPEL,0,0,180,100,Vestas_V90_2000,None,0,0,0,1,0.1,0
5888,2,MMGDPR6963,576,GD_COPEL,0,0,180,100,Vestas_V90_2000,None,0,0,0,1,0.1,0
5889,2,MMGDPR6966,576,GD_COPEL,0,0,180,100,Vestas_V90_2000,None,0,0,0,1,0.1,0
5890,2,MMGDPR6980,576,GD_COPEL,0,0,180,100,Vestas_V90_2000,None,0,0,0,1,0.1,0
5891,2,MMGDPR6981,576,GD_COPEL,0,0,180,100,Vestas_V90_2000,None,0,0,0,1,0.1,0
5892,2,MMGDPR6984,576,GD_COPEL,0,0,180,100,Vestas_V90_2000,None,0,0,0,1,0.1,0
5893,2,MMGDPR6985,576,GD_COPEL,0,0,180,100,Vestas_V90_2000,None,0,0,0,1,0.1,0
5894,2,MMGDPR6986,576,GD_COPEL,0,0,180,100,Vestas_V90_2000,None,0,0,0,1,0.1,0
5895,2,MMGDPR6990,576,GD_COPEL,0,0,180,100,Vestas_V90_2000,None,0,0,0,1,0.1,0
5896,2,MMGDPR6991,576,GD_COPEL,0,0,180,100,Vestas_V90_2000,None,0,0,0,1,0.1,0
5897,2,MMGDPR7009,576,GD_COPEL,0,0,180,100,Vestas_V90_2000,None,0,0,0,1,0.1,0
5898,2,MMGDPR7010,576,GD_COPEL,0,0,180,100,Vestas_V90_2000,None,0,0,0,1,0.1,0
5899,2,MMGDPR7011,576,GD_COPEL,0,0,180,100,Vestas_V90_2000,None,0,0,0,1,0.1,0
5900,2,MMGDPR7012,576,GD_COPEL,0,0,180,100,Vestas_V90_2000,None,0,0,0,1,0.1,0
5901,2,MMGDPR7014,576,GD_COPEL,0,0,180,100,Vestas_V90_2000,None,0,0,0,1,0.1,0
5902,2,MMGDPR7017,576,GD_COPEL,0,0,180,100,Vestas_V90_2000,None,0,0,0,1,0.1,0
5903,2,MMGDPR7018,576,GD_COPEL,0,0,180,100,Vestas_V90_2000,None,0,0,0,1,0.1,0
5904,2,MMGDPR7026,576,GD_COPEL,0,0,180,100,Vestas_V90_2000,None,0,0,0,1,0.1,0
5905,2,MMGDPR7028,576,GD_COPEL,0,0,180,100,Vestas_V90_2000,None,0,0,0,1,0.1,0
5906,2,MMGDPR7051,576,GD_COPEL,0,0,180,100,Vestas_V90_2000,None,0,0,0,1,0.1,0
5907,2,MMGDPR7053,576,GD_COPEL,0,0,180,100,Vestas_V90_2000,None,0,0,0,1,0.1,0
5908,2,MMGDPR7054,576,GD_COPEL,0,0,180,100,Vestas_V90_2000,None,0,0,0,1,0.1,0
5909,2,MMGDPR7055,576,GD_COPEL,0,0,180,100,Vestas_V90_2000,None,0,0,0,1,0.1,0
5910,2,MMGDPR7056,576,GD_COPEL,0,0,180,100,Vestas_V90_2000,None,0,0,0,1,0.1,0
5911,2,MMGDPR7057,576,GD_COPEL,0,0,180,100,Vestas_V90_2000,None,0,0,0,1,0.1,0
5912,2,MMGDPR7058,576,GD_COPEL,0,0,180,100,Vestas_V90_2000,None,0,0,0,1,0.1,0
5913,2,MMGDPR7059,576,GD_COPEL,0,0,180,100,Vestas_V90_2000,None,0,0,0,1,0.1,0
5914,2,MMGDPR7060,576,GD_COPEL,0,0,180,100,Vestas_V90_2000,None,0,0,0,1,0.1,0
5915,2,MMGDPR7061,576,GD_COPEL,0,0,180,100,Vestas_V90_2000,None,0,0,0,1,0.1,0
5916,2,MMGDPR7070,576,GD_COPEL,0,0,180,100,Vestas_V90_2000,None,0,0,0,1,0.1,0
5917,2,MMGDPR7071,576,GD_COPEL,0,0,180,100,Vestas_V90_2000,None,0,0,0,1,0.1,0
5918,2,MMGDPR7072,576,GD_COPEL,0,0,180,100,Vestas_V90_2000,None,0,0,0,1,0.1,0
5919,2,MMGDPR7073,576,GD_COPEL,0,0,180,100,Vestas_V90_2000,None,0,0,0,1,0.1,0
5920,2,MMGDPR7074,576,GD_COPEL,0,0,180,100,Vestas_V90_2000,None,0,0,0,1,0.1,0
5921,2,MMGDPR7075,576,GD_COPEL,0,0,180,100,Vestas_V90_2000,None,0,0,0,1,0.1,0
5922,2,MMGDPR7076,576,GD_COPEL,0,0,180,100,Vestas_V90_2000,None,0,0,0,1,0.1,0
5923,2,MMGDPR7077,576,GD_COPEL,0,0,180,100,Vestas_V90_2000,None,0,0,0,1,0.1,0
5924,2,MMGDPR7078,576,GD_COPEL,0,0,180,100,Vestas_V90_2000,None,0,0,0,1,0.1,0
5925,2,MMGDPR7079,576,GD_COPEL,0,0,180,100,Vestas_V90_2000,None,0,0,0,1,0.1,0
5926,2,MMGDPR7080,576,GD_COPEL,0,0,180,100,Vestas_V90_2000,None,0,0,0,1,0.1,0
5927,2,MMGDPR7081,576,GD_COPEL,0,0,180,100,Vestas_V90_2000,None,0,0,0,1,0.1,0
5928,2,MMGDPR7082,576,GD_COPEL,0,0,180,100,Vestas_V90_2000,None,0,0,0,1,0.1,0
5929,2,MMGDPR7086,576,GD_COPEL,0,0,180,100,Vestas_V90_2000,None,0,0,0,1,0.1,0
5930,2,MMGDPR7088,576,GD_COPEL,0,0,180,100,Vestas_V90_2000,None,0,0,0,1,0.1,0
5931,2,MMGDPR7090,576,GD_COPEL,0,0,180,100,Vestas_V90_2000,None,0,0,0,1,0.1,0
5932,2,MMGDPR7091,576,GD_COPEL,0,0,180,100,Vestas_V90_2000,None,0,0,0,1,0.1,0
5933,2,MMGDPR7096,576,GD_COPEL,0,0,180,100,Vestas_V90_2000,None,0,0,0,1,0.1,0
5934,2,MMGDPR7116,576,GD_COPEL,0,0,180,100,Vestas_V90_2000,None,0,0,0,1,0.1,0
5935,2,MMGDPR7117,576,GD_COPEL,0,0,180,100,Vestas_V90_2000,None,0,0,0,1,0.1,0
5936,2,MMGDPR7118,576,GD_COPEL,0,0,180,100,Vestas_V90_2000,None,0,0,0,1,0.1,0
5937,2,MMGDPR7119,576,GD_COPEL,0,0,180,100,Vestas_V90_2000,None,0,0,0,1,0.1,0
5938,2,MMGDPR7122,576,GD_COPEL,0,0,180,100,Vestas_V90_2000,None,0,0,0,1,0.1,0
5939,2,MMGDPR7125,576,GD_COPEL,0,0,180,100,Vestas_V90_2000,None,0,0,0,1,0.1,0
5940,2,MMGDPR7126,576,GD_COPEL,0,0,180,100,Vestas_V90_2000,None,0,0,0,1,0.1,0
5941,2,MMGDPR7127,576,GD_COPEL,0,0,180,100,Vestas_V90_2000,None,0,0,0,1,0.1,0
5942,2,MMGDPR7130,576,GD_COPEL,0,0,180,100,Vestas_V90_2000,None,0,0,0,1,0.1,0
5943,2,MMGDPR7131,576,GD_COPEL,0,0,180,100,Vestas_V90_2000,None,0,0,0,1,0.1,0
5944,2,MMGDPR7132,576,GD_COPEL,0,0,180,100,Vestas_V90_2000,None,0,0,0,1,0.1,0
5945,2,MMGDPR7133,576,GD_COPEL,0,0,180,100,Vestas_V90_2000,None,0,0,0,1,0.1,0
5946,2,MMGDPR7134,576,GD_COPEL,0,0,180,100,Vestas_V90_2000,None,0,0,0,1,0.1,0
5947,2,MMGDPR7135,576,GD_COPEL,0,0,180,100,Vestas_V90_2000,None,0,0,0,1,0.1,0
5948,2,MMGDPR7136,576,GD_COPEL,0,0,180,100,Vestas_V90_2000,None,0,0,0,1,0.1,0
5949,2,MMGDPR7137,576,GD_COPEL,0,0,180,100,Vestas_V90_2000,None,0,0,0,1,0.1,0
5950,2,MMGDPR7139,576,GD_COPEL,0,0,180,100,Vestas_V90_2000,None,0,0,0,1,0.1,0
5951,2,MMGDPR7142,576,GD_COPEL,0,0,180,100,Vestas_V90_2000,None,0,0,0,1,0.1,0
5952,2,MMGDPR7144,576,GD_COPEL,0,0,180,100,Vestas_V90_2000,None,0,0,0,1,0.1,0
5953,2,MMGDPR7152,576,GD_COPEL,0,0,180,100,Vestas_V90_2000,None,0,0,0,1,0.1,0
5954,2,MMGDPR7153,576,GD_COPEL,0,0,180,100,Vestas_V90_2000,None,0,0,0,1,0.1,0
5955,2,MMGDPR7169,576,GD_COPEL,0,0,180,100,Vestas_V90_2000,None,0,0,0,1,0.1,0
5956,2,MMGDPR7172,576,GD_COPEL,0,0,180,100,Vestas_V90_2000,None,0,0,0,1,0.1,0
5957,2,MMGDPR7173,576,GD_COPEL,0,0,180,100,Vestas_V90_2000,None,0,0,0,1,0.1,0
5958,2,MMGDPR7177,576,GD_COPEL,0,0,180,100,Vestas_V90_2000,None,0,0,0,1,0.1,0
5959,2,MMGDPR7181,576,GD_COPEL,0,0,180,100,Vestas_V90_2000,None,0,0,0,1,0.1,0
5960,2,MMGDPR7187,576,GD_COPEL,0,0,180,100,Vestas_V90_2000,None,0,0,0,1,0.1,0
5961,2,MMGDPR7189,576,GD_COPEL,0,0,180,100,Vestas_V90_2000,None,0,0,0,1,0.1,0
5962,2,MMGDPR7194,576,GD_COPEL,0,0,180,100,Vestas_V90_2000,None,0,0,0,1,0.1,0
5963,2,MMGDPR7196,576,GD_COPEL,0,0,180,100,Vestas_V90_2000,None,0,0,0,1,0.1,0
5964,2,MMGDPR7197,576,GD_COPEL,0,0,180,100,Vestas_V90_2000,None,0,0,0,1,0.1,0
5965,2,MMGDPR7200,576,GD_COPEL,0,0,180,100,Vestas_V90_2000,None,0,0,0,1,0.1,0
5966,2,MMGDPR7202,576,GD_COPEL,0,0,180,100,Vestas_V90_2000,None,0,0,0,1,0.1,0
5967,2,MMGDPR7203,576,GD_COPEL,0,0,180,100,Vestas_V90_2000,None,0,0,0,1,0.1,0
5968,2,MMGDPR7206,576,GD_COPEL,0,0,180,100,Vestas_V90_2000,None,0,0,0,1,0.1,0
5969,2,MMGDPR7211,576,GD_COPEL,0,0,180,100,Vestas_V90_2000,None,0,0,0,1,0.1,0
5970,2,MMGDPR7221,576,GD_COPEL,0,0,180,100,Vestas_V90_2000,None,0,0,0,1,0.1,0
5971,2,MMGDPR7223,576,GD_COPEL,0,0,180,100,Vestas_V90_2000,None,0,0,0,1,0.1,0
5972,2,MMGDPR7224,576,GD_COPEL,0,0,180,100,Vestas_V90_2000,None,0,0,0,1,0.1,0
5973,2,MMGDPR7229,576,GD_COPEL,0,0,180,100,Vestas_V90_2000,None,0,0,0,1,0.1,0
5974,2,MMGDPR7231,576,GD_COPEL,0,0,180,100,Vestas_V90_2000,None,0,0,0,1,0.1,0
5975,2,MMGDPR7233,576,GD_COPEL,0,0,180,100,Vestas_V90_2000,None,0,0,0,1,0.1,0
5976,2,MMGDPR7234,576,GD_COPEL,0,0,180,100,Vestas_V90_2000,None,0,0,0,1,0.1,0
5977,2,MMGDPR7235,576,GD_COPEL,0,0,180,100,Vestas_V90_2000,None,0,0,0,1,0.1,0
5978,2,MMGDPR7237,576,GD_COPEL,0,0,180,100,Vestas_V90_2000,None,0,0,0,1,0.1,0
5979,2,MMGDPR7238,576,GD_COPEL,0,0,180,100,Vestas_V90_2000,None,0,0,0,1,0.1,0
5980,2,MMGDPR7239,576,GD_COPEL,0,0,180,100,Vestas_V90_2000,None,0,0,0,1,0.1,0
5981,2,MMGDPR7240,576,GD_COPEL,0,0,180,100,Vestas_V90_2000,None,0,0,0,1,0.1,0
6198,2,MMGDRS46151,582,GD_RGE,0,0,180,100,Vestas_V90_2000,None,0,0,0,1,0.1,0
6199,2,MMGDRS46152,582,GD_RGE,0,0,180,100,Vestas_V90_2000,None,0,0,0,1,0.1,0
6200,2,MMGDRS46153,582,GD_RGE,0,0,180,100,Vestas_V90_2000,None,0,0,0,1,0.1,0
6201,2,MMGDRS46157,582,GD_RGE,0,0,180,100,Vestas_V90_2000,None,0,0,0,1,0.1,0
6202,2,MMGDRS46158,582,GD_RGE,0,0,180,100,Vestas_V90_2000,None,0,0,0,1,0.1,0
6203,2,MMGDRS46159,582,GD_RGE,0,0,180,100,Vestas_V90_2000,None,0,0,0,1,0.1,0
6204,2,MMGDRS46160,582,GD_RGE,0,0,180,100,Vestas_V90_2000,None,0,0,0,1,0.1,0
6205,2,MMGDRS46162,582,GD_RGE,0,0,180,100,Vestas_V90_2000,None,0,0,0,1,0.1,0
6206,2,MMGDRS46164,582,GD_RGE,0,0,180,100,Vestas_V90_2000,None,0,0,0,1,0.1,0
6207,2,MMGDRS46553,582,GD_RGE,0,0,180,100,Vestas_V90_2000,None,0,0,0,1,0.1,0
6208,2,MMGDRS46555,582,GD_RGE,0,0,180,100,Vestas_V90_2000,None,0,0,0,1,0.1,0
6209,2,MMGDRS46557,582,GD_RGE,0,0,180,100,Vestas_V90_2000,None,0,0,0,1,0.1,0
6210,2,MMGDRS46560,582,GD_RGE,0,0,180,100,Vestas_V90_2000,None,0,0,0,1,0.1,0
6211,2,MMGDRS46562,582,GD_RGE,0,0,180,100,Vestas_V90_2000,None,0,0,0,1,0.1,0
6212,2,MMGDRS46563,582,GD_RGE,0,0,180,100,Vestas_V90_2000,None,0,0,0,1,0.1,0
6213,2,MMGDRS46564,582,GD_RGE,0,0,180,100,Vestas_V90_2000,None,0,0,0,1,0.1,0
6214,2,MMGDRS48370,582,GD_RGE,0,0,180,100,Vestas_V90_2000,None,0,0,0,1,0.1,0
6215,2,MMGDRS48381,582,GD_RGE,0,0,180,100,Vestas_V90_2000,None,0,0,0,1,0.1,0
6216,2,MMGDRS48385,582,GD_RGE,0,0,180,100,Vestas_V90_2000,None,0,0,0,1,0.1,0
6217,2,MMGDRS48387,582,GD_RGE,0,0,180,100,Vestas_V90_2000,None,0,0,0,1,0.1,0
6218,2,MMGDRS48389,582,GD_RGE,0,0,180,100,Vestas_V90_2000,None,0,0,0,1,0.1,0
6219,2,MMGDRS48390,582,GD_RGE,0,0,180,100,Vestas_V90_2000,None,0,0,0,1,0.1,0
6220,2,MMGDRS48558,582,GD_RGE,0,0,180,100,Vestas_V90_2000,None,0,0,0,1,0.1,0
6221,2,MMGDRS48949,582,GD_RGE,0,0,180,100,Vestas_V90_2000,None,0,0,0,1,0.1,0
6222,2,MMGDRS51351,583,GD_CEEE,0,0,180,100,Vestas_V90_2000,None,0,0,0,1,0.1,0
6223,2,MMGDRS51353,583,GD_CEEE,0,0,180,100,Vestas_V90_2000,None,0,0,0,1,0.1,0
6224,2,MMGDRS51355,583,GD_CEEE,0,0,180,100,Vestas_V90_2000,None,0,0,0,1,0.1,0
6225,2,MMGDRS51358,583,GD_CEEE,0,0,180,100,Vestas_V90_2000,None,0,0,0,1,0.1,0
6226,2,MMGDRS51360,583,GD_CEEE,0,0,180,100,Vestas_V90_2000,None,0,0,0,1,0.1,0
6227,2,MMGDRS51362,583,GD_CEEE,0,0,180,100,Vestas_V90_2000,None,0,0,0,1,0.1,0
6228,2,MMGDRS51364,583,GD_CEEE,0,0,180,100,Vestas_V90_2000,None,0,0,0,1,0.1,0
6229,2,MMGDRS51438,583,GD_CEEE,0,0,180,100,Vestas_V90_2000,None,0,0,0,1,0.1,0
6230,2,MMGDRS51440,583,GD_CEEE,0,0,180,100,Vestas_V90_2000,None,0,0,0,1,0.1,0
6231,2,MMGDRS51444,583,GD_CEEE,0,0,180,100,Vestas_V90_2000,None,0,0,0,1,0.1,0
6232,2,MMGDRS51446,583,GD_CEEE,0,0,180,100,Vestas_V90_2000,None,0,0,0,1,0.1,0
6233,2,MMGDRS51455,583,GD_CEEE,0,0,180,100,Vestas_V90_2000,None,0,0,0,1,0.1,0
6234,2,MMGDRS51461,583,GD_CEEE,0,0,180,100,Vestas_V90_2000,None,0,0,0,1,0.1,0
6235,2,MMGDRS51506,583,GD_CEEE,0,0,180,100,Vestas_V90_2000,None,0,0,0,1,0.1,0
6236,2,MMGDRS51508,583,GD_CEEE,0,0,180,100,Vestas_V90_2000,None,0,0,0,1,0.1,0
6237,2,MMGDRS51515,583,GD_CEEE,0,0,180,100,Vestas_V90_2000,None,0,0,0,1,0.1,0
6238,2,MMGDRS51521,583,GD_CEEE,0,0,180,100,Vestas_V90_2000,None,0,0,0,1,0.1,0
6239,2,MMGDRS51527,583,GD_CEEE,0,0,180,100,Vestas_V90_2000,None,0,0,0,1,0.1,0
6240,2,MMGDRS51532,583,GD_CEEE,0,0,180,100,Vestas_V90_2000,None,0,0,0,1,0.1,0
6241,2,MMGDRS51536,583,GD_CEEE,0,0,180,100,Vestas_V90_2000,None,0,0,0,1,0.1,0
6242,2,MMGDRS51540,583,GD_CEEE,0,0,180,100,Vestas_V90_2000,None,0,0,0,1,0.1,0
6243,2,MMGDRS51544,583,GD_CEEE,0,0,180,100,Vestas_V90_2000,None,0,0,0,1,0.1,0
6244,2,MMGDRS51549,583,GD_CEEE,0,0,180,100,Vestas_V90_2000,None,0,0,0,1,0.1,0
6245,2,MMGDRS51550,583,GD_CEEE,0,0,180,100,Vestas_V90_2000,None,0,0,0,1,0.1,0
6246,2,MMGDRS51555,583,GD_CEEE,0,0,180,100,Vestas_V90_2000,None,0,0,0,1,0.1,0
6247,2,MMGDRS51593,583,GD_CEEE,0,0,180,100,Vestas_V90_2000,None,0,0,0,1,0.1,0
6248,2,MMGDRS51594,583,GD_CEEE,0,0,180,100,Vestas_V90_2000,None,0,0,0,1,0.1,0
6249,2,MMGDRS51595,583,GD_CEEE,0,0,180,100,Vestas_V90_2000,None,0,0,0,1,0.1,0
6250,2,MMGDRS51596,583,GD_CEEE,0,0,180,100,Vestas_V90_2000,None,0,0,0,1,0.1,0
6251,2,MMGDRS51597,583,GD_CEEE,0,0,180,100,Vestas_V90_2000,None,0,0,0,1,0.1,0
6252,2,MMGDRS51598,583,GD_CEEE,0,0,180,100,Vestas_V90_2000,None,0,0,0,1,0.1,0
6253,2,MMGDRS51599,583,GD_CEEE,0,0,180,100,Vestas_V90_2000,None,0,0,0,1,0.1,0
6254,2,MMGDRS51611,583,GD_CEEE,0,0,180,100,Vestas_V90_2000,None,0,0,0,1,0.1,0
6255,2,MMGDRS51612,583,GD_CEEE,0,0,180,100,Vestas_V90_2000,None,0,0,0,1,0.1,0
6256,2,MMGDRS51613,583,GD_CEEE,0,0,180,100,Vestas_V90_2000,None,0,0,0,1,0.1,0
6257,2,MMGDRS51614,583,GD_CEEE,0,0,180,100,Vestas_V90_2000,None,0,0,0,1,0.1,0
6258,2,MMGDRS51615,583,GD_CEEE,0,0,180,100,Vestas_V90_2000,None,0,0,0,1,0.1,0
6259,2,MMGDRS51650,583,GD_CEEE,0,0,180,100,Vestas_V90_2000,None,0,0,0,1,0.1,0
6260,2,MMGDRS7364,582,GD_RGE,0,0,180,100,Vestas_V90_2000,None,0,0,0,1,0.1,0
6261,2,MMGDRS7366,582,GD_RGE,0,0,180,100,Vestas_V90_2000,None,0,0,0,1,0.1,0
6262,2,MMGDRS7367,582,GD_RGE,0,0,180,100,Vestas_V90_2000,None,0,0,0,1,0.1,0
6263,2,MMGDRS7369,582,GD_RGE,0,0,180,100,Vestas_V90_2000,None,0,0,0,1,0.1,0
6264,2,MMGDRS7372,582,GD_RGE,0,0,180,100,Vestas_V90_2000,None,0,0,0,1,0.1,0
6265,2,MMGDRS7373,582,GD_RGE,0,0,180,100,Vestas_V90_2000,None,0,0,0,1,0.1,0
6266,2,MMGDRS7378,582,GD_RGE,0,0,180,100,Vestas_V90_2000,None,0,0,0,1,0.1,0
6267,2,MMGDRS7380,582,GD_RGE,0,0,180,100,Vestas_V90_2000,None,0,0,0,1,0.1,0
6268,2,MMGDRS7383,582,GD_RGE,0,0,180,100,Vestas_V90_2000,None,0,0,0,1,0.1,0
6269,2,MMGDRS7384,582,GD_RGE,0,0,180,100,Vestas_V90_2000,None,0,0,0,1,0.1,0
6270,2,MMGDRS7385,582,GD_RGE,0,0,180,100,Vestas_V90_2000,None,0,0,0,1,0.1,0
6271,2,MMGDRS7387,582,GD_RGE,0,0,180,100,Vestas_V90_2000,None,0,0,0,1,0.1,0
6272,2,MMGDRS7388,582,GD_RGE,0,0,180,100,Vestas_V90_2000,None,0,0,0,1,0.1,0
6273,2,MMGDRS7389,582,GD_RGE,0,0,180,100,Vestas_V90_2000,None,0,0,0,1,0.1,0
6274,2,MMGDRS7390,582,GD_RGE,0,0,180,100,Vestas_V90_2000,None,0,0,0,1,0.1,0
6275,2,MMGDRS7393,582,GD_RGE,0,0,180,100,Vestas_V90_2000,None,0,0,0,1,0.1,0
6276,2,MMGDRS7395,582,GD_RGE,0,0,180,100,Vestas_V90_2000,None,0,0,0,1,0.1,0
6277,2,MMGDRS7403,582,GD_RGE,0,0,180,100,Vestas_V90_2000,None,0,0,0,1,0.1,0
6278,2,MMGDRS7404,582,GD_RGE,0,0,180,100,Vestas_V90_2000,None,0,0,0,1,0.1,0
6279,2,MMGDRS7405,582,GD_RGE,0,0,180,100,Vestas_V90_2000,None,0,0,0,1,0.1,0
6280,2,MMGDRS7414,582,GD_RGE,0,0,180,100,Vestas_V90_2000,None,0,0,0,1,0.1,0
6281,2,MMGDRS7416,582,GD_RGE,0,0,180,100,Vestas_V90_2000,None,0,0,0,1,0.1,0
6282,2,MMGDRS7418,582,GD_RGE,0,0,180,100,Vestas_V90_2000,None,0,0,0,1,0.1,0
6283,2,MMGDRS7431,582,GD_RGE,0,0,180,100,Vestas_V90_2000,None,0,0,0,1,0.1,0
6284,2,MMGDRS7432,582,GD_RGE,0,0,180,100,Vestas_V90_2000,None,0,0,0,1,0.1,0
6285,2,MMGDRS7438,582,GD_RGE,0,0,180,100,Vestas_V90_2000,None,0,0,0,1,0.1,0
6286,2,MMGDRS7439,582,GD_RGE,0,0,180,100,Vestas_V90_2000,None,0,0,0,1,0.1,0
6287,2,MMGDRS7440,582,GD_RGE,0,0,180,100,Vestas_V90_2000,None,0,0,0,1,0.1,0
6288,2,MMGDRS7442,582,GD_RGE,0,0,180,100,Vestas_V90_2000,None,0,0,0,1,0.1,0
6289,2,MMGDRS7444,582,GD_RGE,0,0,180,100,Vestas_V90_2000,None,0,0,0,1,0.1,0
6290,2,MMGDRS7445,582,GD_RGE,0,0,180,100,Vestas_V90_2000,None,0,0,0,1,0.1,0
6291,2,MMGDRS7447,582,GD_RGE,0,0,180,100,Vestas_V90_2000,None,0,0,0,1,0.1,0
6292,2,MMGDRS7449,582,GD_RGE,0,0,180,100,Vestas_V90_2000,None,0,0,0,1,0.1,0
6293,2,MMGDRS7450,582,GD_RGE,0,0,180,100,Vestas_V90_2000,None,0,0,0,1,0.1,0
6294,2,MMGDRS7454,582,GD_RGE,0,0,180,100,Vestas_V90_2000,None,0,0,0,1,0.1,0
6295,2,MMGDRS7456,582,GD_RGE,0,0,180,100,Vestas_V90_2000,None,0,0,0,1,0.1,0
6296,2,MMGDRS7460,582,GD_RGE,0,0,180,100,Vestas_V90_2000,None,0,0,0,1,0.1,0
6297,2,MMGDRS7469,582,GD_RGE,0,0,180,100,Vestas_V90_2000,None,0,0,0,1,0.1,0
6298,2,MMGDRS7470,582,GD_RGE,0,0,180,100,Vestas_V90_2000,None,0,0,0,1,0.1,0
6299,2,MMGDRS7472,582,GD_RGE,0,0,180,100,Vestas_V90_2000,None,0,0,0,1,0.1,0
6300,2,MMGDRS7474,582,GD_RGE,0,0,180,100,Vestas_V90_2000,None,0,0,0,1,0.1,0
6301,2,MMGDRS7476,582,GD_RGE,0,0,180,100,Vestas_V90_2000,None,0,0,0,1,0.1,0
6302,2,MMGDRS7481,582,GD_RGE,0,0,180,100,Vestas_V90_2000,None,0,0,0,1,0.1,0
6303,2,MMGDRS7484,582,GD_RGE,0,0,180,100,Vestas_V90_2000,None,0,0,0,1,0.1,0
6304,2,MMGDRS7491,582,GD_RGE,0,0,180,100,Vestas_V90_2000,None,0,0,0,1,0.1,0
6305,2,MMGDRS7492,582,GD_RGE,0,0,180,100,Vestas_V90_2000,None,0,0,0,1,0.1,0
6306,2,MMGDRS7494,582,GD_RGE,0,0,180,100,Vestas_V90_2000,None,0,0,0,1,0.1,0
6307,2,MMGDRS7496,582,GD_RGE,0,0,180,100,Vestas_V90_2000,None,0,0,0,1,0.1,0
6308,2,MMGDRS7498,582,GD_RGE,0,0,180,100,Vestas_V90_2000,None,0,0,0,1,0.1,0
6309,2,MMGDRS7514,582,GD_RGE,0,0,180,100,Vestas_V90_2000,None,0,0,0,1,0.1,0
6310,2,MMGDRS7517,582,GD_RGE,0,0,180,100,Vestas_V90_2000,None,0,0,0,1,0.1,0
6311,2,MMGDRS7519,582,GD_RGE,0,0,180,100,Vestas_V90_2000,None,0,0,0,1,0.1,0
6312,2,MMGDRS7520,582,GD_RGE,0,0,180,100,Vestas_V90_2000,None,0,0,0,1,0.1,0
6313,2,MMGDRS7523,582,GD_RGE,0,0,180,100,Vestas_V90_2000,None,0,0,0,1,0.1,0
6314,2,MMGDRS7531,582,GD_RGE,0,0,180,100,Vestas_V90_2000,None,0,0,0,1,0.1,0
6315,2,MMGDRS7532,582,GD_RGE,0,0,180,100,Vestas_V90_2000,None,0,0,0,1,0.1,0
6316,2,MMGDRS7533,582,GD_RGE,0,0,180,100,Vestas_V90_2000,None,0,0,0,1,0.1,0
6317,2,MMGDRS7536,582,GD_RGE,0,0,180,100,Vestas_V90_2000,None,0,0,0,1,0.1,0
6318,2,MMGDRS7537,582,GD_RGE,0,0,180,100,Vestas_V90_2000,None,0,0,0,1,0.1,0
6319,2,MMGDRS7541,582,GD_RGE,0,0,180,100,Vestas_V90_2000,None,0,0,0,1,0.1,0
6320,2,MMGDRS7544,582,GD_RGE,0,0,180,100,Vestas_V90_2000,None,0,0,0,1,0.1,0
6321,2,MMGDRS7545,582,GD_RGE,0,0,180,100,Vestas_V90_2000,None,0,0,0,1,0.1,0
6322,2,MMGDRS7547,582,GD_RGE,0,0,180,100,Vestas_V90_2000,None,0,0,0,1,0.1,0
6323,2,MMGDRS7548,582,GD_RGE,0,0,180,100,Vestas_V90_2000,None,0,0,0,1,0.1,0
6324,2,MMGDRS7551,582,GD_RGE,0,0,180,100,Vestas_V90_2000,None,0,0,0,1,0.1,0
6325,2,MMGDRS7562,582,GD_RGE,0,0,180,100,Vestas_V90_2000,None,0,0,0,1,0.1,0
6326,2,MMGDRS7573,582,GD_RGE,0,0,180,100,Vestas_V90_2000,None,0,0,0,1,0.1,0
6327,2,MMGDRS7574,582,GD_RGE,0,0,180,100,Vestas_V90_2000,None,0,0,0,1,0.1,0
6328,2,MMGDRS7575,582,GD_RGE,0,0,180,100,Vestas_V90_2000,None,0,0,0,1,0.1,0
6329,2,MMGDRS7576,582,GD_RGE,0,0,180,100,Vestas_V90_2000,None,0,0,0,1,0.1,0
6330,2,MMGDRS7578,582,GD_RGE,0,0,180,100,Vestas_V90_2000,None,0,0,0,1,0.1,0
6331,2,MMGDRS7590,582,GD_RGE,0,0,180,100,Vestas_V90_2000,None,0,0,0,1,0.1,0
6332,2,MMGDRS7592,582,GD_RGE,0,0,180,100,Vestas_V90_2000,None,0,0,0,1,0.1,0
6333,2,MMGDRS7599,582,GD_RGE,0,0,180,100,Vestas_V90_2000,None,0,0,0,1,0.1,0
6334,2,MMGDRS7602,582,GD_RGE,0,0,180,100,Vestas_V90_2000,None,0,0,0,1,0.1,0
6335,2,MMGDRS7632,582,GD_RGE,0,0,180,100,Vestas_V90_2000,None,0,0,0,1,0.1,0
6336,2,MMGDRS7729,582,GD_RGE,0,0,180,100,Vestas_V90_2000,None,0,0,0,1,0.1,0
6337,2,MMGDRS8013,582,GD_RGE,0,0,180,100,Vestas_V90_2000,None,0,0,0,1,0.1,0
6338,2,MMGDRS8014,582,GD_RGE,0,0,180,100,Vestas_V90_2000,None,0,0,0,1,0.1,0
6339,2,MMGDRS8018,582,GD_RGE,0,0,180,100,Vestas_V90_2000,None,0,0,0,1,0.1,0
6340,2,MMGDRS8021,582,GD_RGE,0,0,180,100,Vestas_V90_2000,None,0,0,0,1,0.1,0
6341,2,MMGDRS8025,582,GD_RGE,0,0,180,100,Vestas_V90_2000,None,0,0,0,1,0.1,0
6342,2,MMGDRS8030,582,GD_RGE,0,0,180,100,Vestas_V90_2000,None,0,0,0,1,0.1,0
6343,2,MMGDRS8037,582,GD_RGE,0,0,180,100,Vestas_V90_2000,None,0,0,0,1,0.1,0
6344,2,MMGDRS8039,582,GD_RGE,0,0,180,100,Vestas_V90_2000,None,0,0,0,1,0.1,0
6345,2,MMGDRS8045,582,GD_RGE,0,0,180,100,Vestas_V90_2000,None,0,0,0,1,0.1,0
6346,2,MMGDRS8053,582,GD_RGE,0,0,180,100,Vestas_V90_2000,None,0,0,0,1,0.1,0
6347,2,MMGDRS8054,582,GD_RGE,0,0,180,100,Vestas_V90_2000,None,0,0,0,1,0.1,0
6348,2,MMGDRS8057,582,GD_RGE,0,0,180,100,Vestas_V90_2000,None,0,0,0,1,0.1,0
6349,2,MMGDRS8058,582,GD_RGE,0,0,180,100,Vestas_V90_2000,None,0,0,0,1,0.1,0
6350,2,MMGDRS8061,582,GD_RGE,0,0,180,100,Vestas_V90_2000,None,0,0,0,1,0.1,0
6351,2,MMGDRS8066,582,GD_RGE,0,0,180,100,Vestas_V90_2000,None,0,0,0,1,0.1,0
6352,2,MMGDRS8090,582,GD_RGE,0,0,180,100,Vestas_V90_2000,None,0,0,0,1,0.1,0
6353,2,MMGDRS8101,582,GD_RGE,0,0,180,100,Vestas_V90_2000,None,0,0,0,1,0.1,0
6354,2,MMGDRS8102,582,GD_RGE,0,0,180,100,Vestas_V90_2000,None,0,0,0,1,0.1,0
6355,2,MMGDRS8104,582,GD_RGE,0,0,180,100,Vestas_V90_2000,None,0,0,0,1,0.1,0
6356,2,MMGDRS8106,582,GD_RGE,0,0,180,100,Vestas_V90_2000,None,0,0,0,1,0.1,0
6357,2,MMGDRS8109,582,GD_RGE,0,0,180,100,Vestas_V90_2000,None,0,0,0,1,0.1,0
6358,2,MMGDRS8112,582,GD_RGE,0,0,180,100,Vestas_V90_2000,None,0,0,0,1,0.1,0
6359,2,MMGDRS8120,582,GD_RGE,0,0,180,100,Vestas_V90_2000,None,0,0,0,1,0.1,0
6360,2,MMGDRS8130,582,GD_RGE,0,0,180,100,Vestas_V90_2000,None,0,0,0,1,0.1,0
6361,2,MMGDRS8134,582,GD_RGE,0,0,180,100,Vestas_V90_2000,None,0,0,0,1,0.1,0
6362,2,MMGDRS8136,582,GD_RGE,0,0,180,100,Vestas_V90_2000,None,0,0,0,1,0.1,0
6363,2,MMGDRS8137,582,GD_RGE,0,0,180,100,Vestas_V90_2000,None,0,0,0,1,0.1,0
6364,2,MMGDRS8140,582,GD_RGE,0,0,180,100,Vestas_V90_2000,None,0,0,0,1,0.1,0
6365,2,MMGDRS8180,582,GD_RGE,0,0,180,100,Vestas_V90_2000,None,0,0,0,1,0.1,0
6366,2,MMGDRS8200,582,GD_RGE,0,0,180,100,Vestas_V90_2000,None,0,0,0,1,0.1,0
6367,2,MMGDRS8201,582,GD_RGE,0,0,180,100,Vestas_V90_2000,None,0,0,0,1,0.1,0
6368,2,MMGDRS8202,582,GD_RGE,0,0,180,100,Vestas_V90_2000,None,0,0,0,1,0.1,0
6369,2,MMGDRS8224,582,GD_RGE,0,0,180,100,Vestas_V90_2000,None,0,0,0,1,0.1,0
6370,2,MMGDRS8248,582,GD_RGE,0,0,180,100,Vestas_V90_2000,None,0,0,0,1,0.1,0
6371,2,MMGDRS8260,582,GD_RGE,0,0,180,100,Vestas_V90_2000,None,0,0,0,1,0.1,0
6372,2,MMGDRS8261,582,GD_RGE,0,0,180,100,Vestas_V90_2000,None,0,0,0,1,0.1,0
6373,2,MMGDRS8262,582,GD_RGE,0,0,180,100,Vestas_V90_2000,None,0,0,0,1,0.1,0
6374,2,MMGDRS8280,582,GD_RGE,0,0,180,100,Vestas_V90_2000,None,0,0,0,1,0.1,0
6375,2,MMGDRS8285,582,GD_RGE,0,0,180,100,Vestas_V90_2000,None,0,0,0,1,0.1,0
6376,2,MMGDRS8289,582,GD_RGE,0,0,180,100,Vestas_V90_2000,None,0,0,0,1,0.1,0
6377,2,MMGDRS8291,582,GD_RGE,0,0,180,100,Vestas_V90_2000,None,0,0,0,1,0.1,0
6378,2,MMGDRS8293,582,GD_RGE,0,0,180,100,Vestas_V90_2000,None,0,0,0,1,0.1,0
6379,2,MMGDRS8300,582,GD_RGE,0,0,180,100,Vestas_V90_2000,None,0,0,0,1,0.1,0
6380,2,MMGDRS8301,582,GD_RGE,0,0,180,100,Vestas_V90_2000,None,0,0,0,1,0.1,0
6381,2,MMGDRS8317,582,GD_RGE,0,0,180,100,Vestas_V90_2000,None,0,0,0,1,0.1,0
6382,2,MMGDRS8318,582,GD_RGE,0,0,180,100,Vestas_V90_2000,None,0,0,0,1,0.1,0
6383,2,MMGDRS8319,582,GD_RGE,0,0,180,100,Vestas_V90_2000,None,0,0,0,1,0.1,0
6384,2,MMGDRS8320,582,GD_RGE,0,0,180,100,Vestas_V90_2000,None,0,0,0,1,0.1,0
6385,2,MMGDRS8322,582,GD_RGE,0,0,180,100,Vestas_V90_2000,None,0,0,0,1,0.1,0
6386,2,MMGDRS8324,582,GD_RGE,0,0,180,100,Vestas_V90_2000,None,0,0,0,1,0.1,0
6387,2,MMGDRS8325,582,GD_RGE,0,0,180,100,Vestas_V90_2000,None,0,0,0,1,0.1,0
6388,2,MMGDRS8326,582,GD_RGE,0,0,180,100,Vestas_V90_2000,None,0,0,0,1,0.1,0
6389,2,MMGDRS8327,582,GD_RGE,0,0,180,100,Vestas_V90_2000,None,0,0,0,1,0.1,0
6390,2,MMGDRS8330,582,GD_RGE,0,0,180,100,Vestas_V90_2000,None,0,0,0,1,0.1,0
6391,2,MMGDRS8331,582,GD_RGE,0,0,180,100,Vestas_V90_2000,None,0,0,0,1,0.1,0
6392,2,MMGDRS8332,582,GD_RGE,0,0,180,100,Vestas_V90_2000,None,0,0,0,1,0.1,0
6393,2,MMGDRS8334,582,GD_RGE,0,0,180,100,Vestas_V90_2000,None,0,0,0,1,0.1,0
6394,2,MMGDRS8335,582,GD_RGE,0,0,180,100,Vestas_V90_2000,None,0,0,0,1,0.1,0
6395,2,MMGDRS8340,582,GD_RGE,0,0,180,100,Vestas_V90_2000,None,0,0,0,1,0.1,0
6396,2,MMGDRS8344,582,GD_RGE,0,0,180,100,Vestas_V90_2000,None,0,0,0,1,0.1,0
6397,2,MMGDRS8348,582,GD_RGE,0,0,180,100,Vestas_V90_2000,None,0,0,0,1,0.1,0
6398,2,MMGDRS8349,582,GD_RGE,0,0,180,100,Vestas_V90_2000,None,0,0,0,1,0.1,0
6399,2,MMGDRS8350,582,GD_RGE,0,0,180,100,Vestas_V90_2000,None,0,0,0,1,0.1,0
6400,2,MMGDRS8352,582,GD_RGE,0,0,180,100,Vestas_V90_2000,None,0,0,0,1,0.1,0
6401,2,MMGDRS8353,582,GD_RGE,0,0,180,100,Vestas_V90_2000,None,0,0,0,1,0.1,0
6402,2,MMGDRS8355,582,GD_RGE,0,0,180,100,Vestas_V90_2000,None,0,0,0,1,0.1,0
6403,2,MMGDRS8356,582,GD_RGE,0,0,180,100,Vestas_V90_2000,None,0,0,0,1,0.1,0
6404,2,MMGDRS8357,582,GD_RGE,0,0,180,100,Vestas_V90_2000,None,0,0,0,1,0.1,0
6405,2,MMGDRS9001,583,GD_CEEE,0,0,180,100,Vestas_V90_2000,None,0,0,0,1,0.1,0
6406,2,MMGDRS9023,583,GD_CEEE,0,0,180,100,Vestas_V90_2000,None,0,0,0,1,0.1,0
6407,2,MMGDRS9037,582,GD_RGE,0,0,180,100,Vestas_V90_2000,None,0,0,0,1,0.1,0
6408,2,MMGDRS9163,583,GD_CEEE,0,0,180,100,Vestas_V90_2000,None,0,0,0,1,0.1,0
6409,2,MMGDRS9186,583,GD_CEEE,0,0,180,100,Vestas_V90_2000,None,0,0,0,1,0.1,0
6410,2,MMGDRS9190,583,GD_CEEE,0,0,180,100,Vestas_V90_2000,None,0,0,0,1,0.1,0
6411,2,MMGDRS9221,583,GD_CEEE,0,0,180,100,Vestas_V90_2000,None,0,0,0,1,0.1,0
6412,2,MMGDRS9228,583,GD_CEEE,0,0,180,100,Vestas_V90_2000,None,0,0,0,1,0.1,0
6413,2,MMGDRS9231,583,GD_CEEE,0,0,180,100,Vestas_V90_2000,None,0,0,0,1,0.1,0
6414,2,MMGDRS9232,583,GD_CEEE,0,0,180,100,Vestas_V90_2000,None,0,0,0,1,0.1,0
6415,2,MMGDRS9244,583,GD_CEEE,0,0,180,100,Vestas_V90_2000,None,0,0,0,1,0.1,0
6416,2,MMGDRS9246,583,GD_CEEE,0,0,180,100,Vestas_V90_2000,None,0,0,0,1,0.1,0
6417,2,MMGDRS9254,583,GD_CEEE,0,0,180,100,Vestas_V90_2000,None,0,0,0,1,0.1,0
6418,2,MMGDRS9263,583,GD_CEEE,0,0,180,100,Vestas_V90_2000,None,0,0,0,1,0.1,0
6419,2,MMGDRS9267,582,GD_RGE,0,0,180,100,Vestas_V90_2000,None,0,0,0,1,0.1,0
6420,2,MMGDRS9269,583,GD_CEEE,0,0,180,100,Vestas_V90_2000,None,0,0,0,1,0.1,0
6421,2,MMGDRS9355,583,GD_CEEE,0,0,180,100,Vestas_V90_2000,None,0,0,0,1,0.1,0
6422,2,MMGDRS9357,583,GD_CEEE,0,0,180,100,Vestas_V90_2000,None,0,0,0,1,0.1,0
6423,2,MMGDRS9358,583,GD_CEEE,0,0,180,100,Vestas_V90_2000,None,0,0,0,1,0.1,0
6424,2,MMGDRS9359,583,GD_CEEE,0,0,180,100,Vestas_V90_2000,None,0,0,0,1,0.1,0
6425,2,MMGDRS9360,583,GD_CEEE,0,0,180,100,Vestas_V90_2000,None,0,0,0,1,0.1,0
6426,2,MMGDRS9361,583,GD_CEEE,0,0,180,100,Vestas_V90_2000,None,0,0,0,1,0.1,0
6427,2,MMGDRS9362,583,GD_CEEE,0,0,180,100,Vestas_V90_2000,None,0,0,0,1,0.1,0
6428,2,MMGDRS9364,583,GD_CEEE,0,0,180,100,Vestas_V90_2000,None,0,0,0,1,0.1,0
6429,2,MMGDRS9371,583,GD_CEEE,0,0,180,100,Vestas_V90_2000,None,0,0,0,1,0.1,0
6430,2,MMGDRS9372,583,GD_CEEE,0,0,180,100,Vestas_V90_2000,None,0,0,0,1,0.1,0
6431,2,MMGDRS9374,583,GD_CEEE,0,0,180,100,Vestas_V90_2000,None,0,0,0,1,0.1,0
6432,2,MMGDRS9375,583,GD_CEEE,0,0,180,100,Vestas_V90_2000,None,0,0,0,1,0.1,0
6433,2,MMGDRS9377,583,GD_CEEE,0,0,180,100,Vestas_V90_2000,None,0,0,0,1,0.1,0
6434,2,MMGDRS9384,583,GD_CEEE,0,0,180,100,Vestas_V90_2000,None,0,0,0,1,0.1,0
6435,2,MMGDRS9386,583,GD_CEEE,0,0,180,100,Vestas_V90_2000,None,0,0,0,1,0.1,0
6436,2,MMGDRS9387,583,GD_CEEE,0,0,180,100,Vestas_V90_2000,None,0,0,0,1,0.1,0
6437,2,MMGDRS9388,583,GD_CEEE,0,0,180,100,Vestas_V90_2000,None,0,0,0,1,0.1,0
6438,2,MMGDRS9389,583,GD_CEEE,0,0,180,100,Vestas_V90_2000,None,0,0,0,1,0.1,0
6439,2,MMGDRS9395,583,GD_CEEE,0,0,180,100,Vestas_V90_2000,None,0,0,0,1,0.1,0
6440,2,MMGDRS9397,583,GD_CEEE,0,0,180,100,Vestas_V90_2000,None,0,0,0,1,0.1,0
6441,2,MMGDRS9398,583,GD_CEEE,0,0,180,100,Vestas_V90_2000,None,0,0,0,1,0.1,0
6442,2,MMGDRS9399,583,GD_CEEE,0,0,180,100,Vestas_V90_2000,None,0,0,0,1,0.1,0
6443,2,MMGDRS9400,583,GD_CEEE,0,0,180,100,Vestas_V90_2000,None,0,0,0,1,0.1,0
6444,2,MMGDRS9408,583,GD_CEEE,0,0,180,100,Vestas_V90_2000,None,0,0,0,1,0.1,0
6445,2,MMGDRS9409,583,GD_CEEE,0,0,180,100,Vestas_V90_2000,None,0,0,0,1,0.1,0
6446,2,MMGDRS9416,583,GD_CEEE,0,0,180,100,Vestas_V90_2000,None,0,0,0,1,0.1,0
6447,2,MMGDRS9420,583,GD_CEEE,0,0,180,100,Vestas_V90_2000,None,0,0,0,1,0.1,0
6448,2,MMGDRS9424,583,GD_CEEE,0,0,180,100,Vestas_V90_2000,None,0,0,0,1,0.1,0
6449,2,MMGDRS9428,583,GD_CEEE,0,0,180,100,Vestas_V90_2000,None,0,0,0,1,0.1,0
6450,2,MMGDRS9431,583,GD_CEEE,0,0,180,100,Vestas_V90_2000,None,0,0,0,1,0.1,0
6451,2,MMGDRS9448,583,GD_CEEE,0,0,180,100,Vestas_V90_2000,None,0,0,0,1,0.1,0
6452,2,MMGDRS9451,583,GD_CEEE,0,0,180,100,Vestas_V90_2000,None,0,0,0,1,0.1,0
6453,2,MMGDRS9455,583,GD_CEEE,0,0,180,100,Vestas_V90_2000,None,0,0,0,1,0.1,0
6454,2,MMGDSC43360,584,GD_CELESC,0,0,180,100,Vestas_V90_2000,None,0,0,0,1,0.1,0
6455,2,MMGDSC43860,584,GD_CELESC,0,0,180,100,Vestas_V90_2000,None,0,0,0,1,0.1,0
6456,2,MMGDSC6051,584,GD_CELESC,0,0,180,100,Vestas_V90_2000,None,0,0,0,1,0.1,0
6457,2,MMGDSC6053,584,GD_CELESC,0,0,180,100,Vestas_V90_2000,None,0,0,0,1,0.1,0
6458,2,MMGDSC6056,584,GD_CELESC,0,0,180,100,Vestas_V90_2000,None,0,0,0,1,0.1,0
6459,2,MMGDSC6065,584,GD_CELESC,0,0,180,100,Vestas_V90_2000,None,0,0,0,1,0.1,0
6460,2,MMGDSC6067,584,GD_CELESC,0,0,180,100,Vestas_V90_2000,None,0,0,0,1,0.1,0
6461,2,MMGDSC6069,584,GD_CELESC,0,0,180,100,Vestas_V90_2000,None,0,0,0,1,0.1,0
6462,2,MMGDSC6072,584,GD_CELESC,0,0,180,100,Vestas_V90_2000,None,0,0,0,1,0.1,0
6463,2,MMGDSC6073,584,GD_CELESC,0,0,180,100,Vestas_V90_2000,None,0,0,0,1,0.1,0
6464,2,MMGDSC6074,584,GD_CELESC,0,0,180,100,Vestas_V90_2000,None,0,0,0,1,0.1,0
6465,2,MMGDSC6075,584,GD_CELESC,0,0,180,100,Vestas_V90_2000,None,0,0,0,1,0.1,0
6466,2,MMGDSC6076,584,GD_CELESC,0,0,180,100,Vestas_V90_2000,None,0,0,0,1,0.1,0
6467,2,MMGDSC6077,584,GD_CELESC,0,0,180,100,Vestas_V90_2000,None,0,0,0,1,0.1,0
6468,2,MMGDSC6078,584,GD_CELESC,0,0,180,100,Vestas_V90_2000,None,0,0,0,1,0.1,0
6469,2,MMGDSC6079,584,GD_CELESC,0,0,180,100,Vestas_V90_2000,None,0,0,0,1,0.1,0
6470,2,MMGDSC6082,584,GD_CELESC,0,0,180,100,Vestas_V90_2000,None,0,0,0,1,0.1,0
6471,2,MMGDSC6083,584,GD_CELESC,0,0,180,100,Vestas_V90_2000,None,0,0,0,1,0.1,0
6472,2,MMGDSC6084,584,GD_CELESC,0,0,180,100,Vestas_V90_2000,None,0,0,0,1,0.1,0
6473,2,MMGDSC6085,584,GD_CELESC,0,0,180,100,Vestas_V90_2000,None,0,0,0,1,0.1,0
6474,2,MMGDSC6086,584,GD_CELESC,0,0,180,100,Vestas_V90_2000,None,0,0,0,1,0.1,0
6475,2,MMGDSC6087,584,GD_CELESC,0,0,180,100,Vestas_V90_2000,None,0,0,0,1,0.1,0
6476,2,MMGDSC6088,584,GD_CELESC,0,0,180,100,Vestas_V90_2000,None,0,0,0,1,0.1,0
6477,2,MMGDSC6091,584,GD_CELESC,0,0,180,100,Vestas_V90_2000,None,0,0,0,1,0.1,0
6478,2,MMGDSC6096,584,GD_CELESC,0,0,180,100,Vestas_V90_2000,None,0,0,0,1,0.1,0
6479,2,MMGDSC6097,584,GD_CELESC,0,0,180,100,Vestas_V90_2000,None,0,0,0,1,0.1,0
6480,2,MMGDSC6100,584,GD_CELESC,0,0,180,100,Vestas_V90_2000,None,0,0,0,1,0.1,0
6481,2,MMGDSC6102,584,GD_CELESC,0,0,180,100,Vestas_V90_2000,None,0,0,0,1,0.1,0
6482,2,MMGDSC6104,584,GD_CELESC,0,0,180,100,Vestas_V90_2000,None,0,0,0,1,0.1,0
6483,2,MMGDSC6108,584,GD_CELESC,0,0,180,100,Vestas_V90_2000,None,0,0,0,1,0.1,0
6484,2,MMGDSC6109,584,GD_CELESC,0,0,180,100,Vestas_V90_2000,None,0,0,0,1,0.1,0
6485,2,MMGDSC6110,584,GD_CELESC,0,0,180,100,Vestas_V90_2000,None,0,0,0,1,0.1,0
6486,2,MMGDSC6111,584,GD_CELESC,0,0,180,100,Vestas_V90_2000,None,0,0,0,1,0.1,0
6487,2,MMGDSC6115,584,GD_CELESC,0,0,180,100,Vestas_V90_2000,None,0,0,0,1,0.1,0
6488,2,MMGDSC6120,584,GD_CELESC,0,0,180,100,Vestas_V90_2000,None,0,0,0,1,0.1,0
6489,2,MMGDSC6121,584,GD_CELESC,0,0,180,100,Vestas_V90_2000,None,0,0,0,1,0.1,0
6490,2,MMGDSC6124,584,GD_CELESC,0,0,180,100,Vestas_V90_2000,None,0,0,0,1,0.1,0
6491,2,MMGDSC6125,584,GD_CELESC,0,0,180,100,Vestas_V90_2000,None,0,0,0,1,0.1,0
6492,2,MMGDSC6126,584,GD_CELESC,0,0,180,100,Vestas_V90_2000,None,0,0,0,1,0.1,0
6493,2,MMGDSC6130,584,GD_CELESC,0,0,180,100,Vestas_V90_2000,None,0,0,0,1,0.1,0
6494,2,MMGDSC6132,584,GD_CELESC,0,0,180,100,Vestas_V90_2000,None,0,0,0,1,0.1,0
6495,2,MMGDSC6133,584,GD_CELESC,0,0,180,100,Vestas_V90_2000,None,0,0,0,1,0.1,0
6496,2,MMGDSC6137,584,GD_CELESC,0,0,180,100,Vestas_V90_2000,None,0,0,0,1,0.1,0
6497,2,MMGDSC6142,584,GD_CELESC,0,0,180,100,Vestas_V90_2000,None,0,0,0,1,0.1,0
6498,2,MMGDSC6143,584,GD_CELESC,0,0,180,100,Vestas_V90_2000,None,0,0,0,1,0.1,0
6499,2,MMGDSC6146,584,GD_CELESC,0,0,180,100,Vestas_V90_2000,None,0,0,0,1,0.1,0
6500,2,MMGDSC6156,584,GD_CELESC,0,0,180,100,Vestas_V90_2000,None,0,0,0,1,0.1,0
6501,2,MMGDSC6157,584,GD_CELESC,0,0,180,100,Vestas_V90_2000,None,0,0,0,1,0.1,0
6502,2,MMGDSC6160,584,GD_CELESC,0,0,180,100,Vestas_V90_2000,None,0,0,0,1,0.1,0
6503,2,MMGDSC6161,584,GD_CELESC,0,0,180,100,Vestas_V90_2000,None,0,0,0,1,0.1,0
6504,2,MMGDSC6162,584,GD_CELESC,0,0,180,100,Vestas_V90_2000,None,0,0,0,1,0.1,0
6505,2,MMGDSC6165,584,GD_CELESC,0,0,180,100,Vestas_V90_2000,None,0,0,0,1,0.1,0
6506,2,MMGDSC6169,584,GD_CELESC,0,0,180,100,Vestas_V90_2000,None,0,0,0,1,0.1,0
6507,2,MMGDSC6171,584,GD_CELESC,0,0,180,100,Vestas_V90_2000,None,0,0,0,1,0.1,0
6508,2,MMGDSC6176,584,GD_CELESC,0,0,180,100,Vestas_V90_2000,None,0,0,0,1,0.1,0
6509,2,MMGDSC6180,584,GD_CELESC,0,0,180,100,Vestas_V90_2000,None,0,0,0,1,0.1,0
6510,2,MMGDSC6181,584,GD_CELESC,0,0,180,100,Vestas_V90_2000,None,0,0,0,1,0.1,0
6511,2,MMGDSC6183,584,GD_CELESC,0,0,180,100,Vestas_V90_2000,None,0,0,0,1,0.1,0
6512,2,MMGDSC6189,584,GD_CELESC,0,0,180,100,Vestas_V90_2000,None,0,0,0,1,0.1,0
6513,2,MMGDSC6200,584,GD_CELESC,0,0,180,100,Vestas_V90_2000,None,0,0,0,1,0.1,0
6514,2,MMGDSC6201,584,GD_CELESC,0,0,180,100,Vestas_V90_2000,None,0,0,0,1,0.1,0
6515,2,MMGDSC6206,584,GD_CELESC,0,0,180,100,Vestas_V90_2000,None,0,0,0,1,0.1,0
6516,2,MMGDSC6208,584,GD_CELESC,0,0,180,100,Vestas_V90_2000,None,0,0,0,1,0.1,0
6517,2,MMGDSC6211,584,GD_CELESC,0,0,180,100,Vestas_V90_2000,None,0,0,0,1,0.1,0
6518,2,MMGDSC6212,584,GD_CELESC,0,0,180,100,Vestas_V90_2000,None,0,0,0,1,0.1,0
6519,2,MMGDSC6217,584,GD_CELESC,0,0,180,100,Vestas_V90_2000,None,0,0,0,1,0.1,0
6520,2,MMGDSC6223,584,GD_CELESC,0,0,180,100,Vestas_V90_2000,None,0,0,0,1,0.1,0
6521,2,MMGDSC6224,584,GD_CELESC,0,0,180,100,Vestas_V90_2000,None,0,0,0,1,0.1,0
6522,2,MMGDSC6225,584,GD_CELESC,0,0,180,100,Vestas_V90_2000,None,0,0,0,1,0.1,0
6523,2,MMGDSC6226,584,GD_CELESC,0,0,180,100,Vestas_V90_2000,None,0,0,0,1,0.1,0
6524,2,MMGDSC6228,584,GD_CELESC,0,0,180,100,Vestas_V90_2000,None,0,0,0,1,0.1,0
6525,2,MMGDSC6229,584,GD_CELESC,0,0,180,100,Vestas_V90_2000,None,0,0,0,1,0.1,0
6526,2,MMGDSC6244,584,GD_CELESC,0,0,180,100,Vestas_V90_2000,None,0,0,0,1,0.1,0
6527,2,MMGDSC6249,584,GD_CELESC,0,0,180,100,Vestas_V90_2000,None,0,0,0,1,0.1,0
6528,2,MMGDSC6252,584,GD_CELESC,0,0,180,100,Vestas_V90_2000,None,0,0,0,1,0.1,0
6529,2,MMGDSC6256,584,GD_CELESC,0,0,180,100,Vestas_V90_2000,None,0,0,0,1,0.1,0
6530,2,MMGDSC6262,584,GD_CELESC,0,0,180,100,Vestas_V90_2000,None,0,0,0,1,0.1,0
6531,2,MMGDSC6265,584,GD_CELESC,0,0,180,100,Vestas_V90_2000,None,0,0,0,1,0.1,0
6532,2,MMGDSC6266,584,GD_CELESC,0,0,180,100,Vestas_V90_2000,None,0,0,0,1,0.1,0
6533,2,MMGDSC6268,584,GD_CELESC,0,0,180,100,Vestas_V90_2000,None,0,0,0,1,0.1,0
6534,2,MMGDSC6269,584,GD_CELESC,0,0,180,100,Vestas_V90_2000,None,0,0,0,1,0.1,0
6535,2,MMGDSC6270,584,GD_CELESC,0,0,180,100,Vestas_V90_2000,None,0,0,0,1,0.1,0
6536,2,MMGDSC6273,584,GD_CELESC,0,0,180,100,Vestas_V90_2000,None,0,0,0,1,0.1,0
6537,2,MMGDSC6274,584,GD_CELESC,0,0,180,100,Vestas_V90_2000,None,0,0,0,1,0.1,0
6538,2,MMGDSC6276,584,GD_CELESC,0,0,180,100,Vestas_V90_2000,None,0,0,0,1,0.1,0
6539,2,MMGDSC6277,584,GD_CELESC,0,0,180,100,Vestas_V90_2000,None,0,0,0,1,0.1,0
6540,2,MMGDSC6279,584,GD_CELESC,0,0,180,100,Vestas_V90_2000,None,0,0,0,1,0.1,0
6541,2,MMGDSC6281,584,GD_CELESC,0,0,180,100,Vestas_V90_2000,None,0,0,0,1,0.1,0
6542,2,MMGDSC6283,584,GD_CELESC,0,0,180,100,Vestas_V90_2000,None,0,0,0,1,0.1,0
6543,2,MMGDSC6289,584,GD_CELESC,0,0,180,100,Vestas_V90_2000,None,0,0,0,1,0.1,0
6544,2,MMGDSC6290,584,GD_CELESC,0,0,180,100,Vestas_V90_2000,None,0,0,0,1,0.1,0
6545,2,MMGDSC6293,584,GD_CELESC,0,0,180,100,Vestas_V90_2000,None,0,0,0,1,0.1,0
6546,2,MMGDSC6295,584,GD_CELESC,0,0,180,100,Vestas_V90_2000,None,0,0,0,1,0.1,0
6547,2,MMGDSC6297,584,GD_CELESC,0,0,180,100,Vestas_V90_2000,None,0,0,0,1,0.1,0
6548,2,MMGDSC6298,584,GD_CELESC,0,0,180,100,Vestas_V90_2000,None,0,0,0,1,0.1,0
6549,2,MMGDSC6301,584,GD_CELESC,0,0,180,100,Vestas_V90_2000,None,0,0,0,1,0.1,0
6550,2,MMGDSC6310,584,GD_CELESC,0,0,180,100,Vestas_V90_2000,None,0,0,0,1,0.1,0
6551,2,MMGDSC6320,584,GD_CELESC,0,0,180,100,Vestas_V90_2000,None,0,0,0,1,0.1,0
6552,2,MMGDSC6323,584,GD_CELESC,0,0,180,100,Vestas_V90_2000,None,0,0,0,1,0.1,0
6553,2,MMGDSC6325,584,GD_CELESC,0,0,180,100,Vestas_V90_2000,None,0,0,0,1,0.1,0
6554,2,MMGDSC6326,584,GD_CELESC,0,0,180,100,Vestas_V90_2000,None,0,0,0,1,0.1,0
6555,2,MMGDSC6327,584,GD_CELESC,0,0,180,100,Vestas_V90_2000,None,0,0,0,1,0.1,0
6556,2,MMGDSC6328,584,GD_CELESC,0,0,180,100,Vestas_V90_2000,None,0,0,0,1,0.1,0
6557,2,MMGDSC6335,584,GD_CELESC,0,0,180,100,Vestas_V90_2000,None,0,0,0,1,0.1,0
6558,2,MMGDSC6339,584,GD_CELESC,0,0,180,100,Vestas_V90_2000,None,0,0,0,1,0.1,0
6559,2,MMGDSC6345,584,GD_CELESC,0,0,180,100,Vestas_V90_2000,None,0,0,0,1,0.1,0
6560,2,MMGDSC6346,584,GD_CELESC,0,0,180,100,Vestas_V90_2000,None,0,0,0,1,0.1,0
6561,2,MMGDSC6350,584,GD_CELESC,0,0,180,100,Vestas_V90_2000,None,0,0,0,1,0.1,0
6562,2,MMGDSC6356,584,GD_CELESC,0,0,180,100,Vestas_V90_2000,None,0,0,0,1,0.1,0
6563,2,MMGDSC6365,584,GD_CELESC,0,0,180,100,Vestas_V90_2000,None,0,0,0,1,0.1,0
6564,2,MMGDSC6367,584,GD_CELESC,0,0,180,100,Vestas_V90_2000,None,0,0,0,1,0.1,0
6565,2,MMGDSC6386,584,GD_CELESC,0,0,180,100,Vestas_V90_2000,None,0,0,0,1,0.1,0
6566,2,MMGDSC6391,584,GD_CELESC,0,0,180,100,Vestas_V90_2000,None,0,0,0,1,0.1,0
6567,2,MMGDSC6398,584,GD_CELESC,0,0,180,100,Vestas_V90_2000,None,0,0,0,1,0.1,0
6568,2,MMGDSC6400,584,GD_CELESC,0,0,180,100,Vestas_V90_2000,None,0,0,0,1,0.1,0
6569,2,MMGDSC6413,584,GD_CELESC,0,0,180,100,Vestas_V90_2000,None,0,0,0,1,0.1,0
6570,2,MMGDSC6426,584,GD_CELESC,0,0,180,100,Vestas_V90_2000,None,0,0,0,1,0.1,0
6571,2,MMGDSC6427,584,GD_CELESC,0,0,180,100,Vestas_V90_2000,None,0,0,0,1,0.1,0
6572,2,MMGDSC6430,584,GD_CELESC,0,0,180,100,Vestas_V90_2000,None,0,0,0,1,0.1,0
6573,2,MMGDSC6431,584,GD_CELESC,0,0,180,100,Vestas_V90_2000,None,0,0,0,1,0.1,0
6574,2,MMGDSC6435,584,GD_CELESC,0,0,180,100,Vestas_V90_2000,None,0,0,0,1,0.1,0
6575,2,MMGDSC6436,584,GD_CELESC,0,0,180,100,Vestas_V90_2000,None,0,0,0,1,0.1,0
6576,2,MMGDSC6437,584,GD_CELESC,0,0,180,100,Vestas_V90_2000,None,0,0,0,1,0.1,0
6577,2,MMGDSC6438,584,GD_CELESC,0,0,180,100,Vestas_V90_2000,None,0,0,0,1,0.1,0
6578,2,MMGDSC6441,584,GD_CELESC,0,0,180,100,Vestas_V90_2000,None,0,0,0,1,0.1,0
6579,2,MMGDSC6442,584,GD_CELESC,0,0,180,100,Vestas_V90_2000,None,0,0,0,1,0.1,0
6580,2,MMGDSC6443,584,GD_CELESC,0,0,180,100,Vestas_V90_2000,None,0,0,0,1,0.1,0
6581,2,MMGDSC6445,584,GD_CELESC,0,0,180,100,Vestas_V90_2000,None,0,0,0,1,0.1,0
6582,2,MMGDSC6456,584,GD_CELESC,0,0,180,100,Vestas_V90_2000,None,0,0,0,1,0.1,0
6583,2,MMGDSC6465,584,GD_CELESC,0,0,180,100,Vestas_V90_2000,None,0,0,0,1,0.1,0
6584,2,MMGDSC6470,584,GD_CELESC,0,0,180,100,Vestas_V90_2000,None,0,0,0,1,0.1,0
6585,2,MMGDSC6471,584,GD_CELESC,0,0,180,100,Vestas_V90_2000,None,0,0,0,1,0.1,0
6586,2,MMGDSC6478,584,GD_CELESC,0,0,180,100,Vestas_V90_2000,None,0,0,0,1,0.1,0
6587,2,MMGDSC6490,584,GD_CELESC,0,0,180,100,Vestas_V90_2000,None,0,0,0,1,0.1,0
6588,2,MMGDSC6518,584,GD_CELESC,0,0,180,100,Vestas_V90_2000,None,0,0,0,1,0.1,0
6589,2,MMGDSC6520,584,GD_CELESC,0,0,180,100,Vestas_V90_2000,None,0,0,0,1,0.1,0
6590,2,MMGDSC6522,584,GD_CELESC,0,0,180,100,Vestas_V90_2000,None,0,0,0,1,0.1,0
6591,2,MMGDSC6525,584,GD_CELESC,0,0,180,100,Vestas_V90_2000,None,0,0,0,1,0.1,0
6592,2,MMGDSC6530,584,GD_CELESC,0,0,180,100,Vestas_V90_2000,None,0,0,0,1,0.1,0
6593,2,MMGDSC6531,584,GD_CELESC,0,0,180,100,Vestas_V90_2000,None,0,0,0,1,0.1,0
6594,2,MMGDSC6532,584,GD_CELESC,0,0,180,100,Vestas_V90_2000,None,0,0,0,1,0.1,0
6595,2,MMGDSC6533,584,GD_CELESC,0,0,180,100,Vestas_V90_2000,None,0,0,0,1,0.1,0
6596,2,MMGDSC6535,584,GD_CELESC,0,0,180,100,Vestas_V90_2000,None,0,0,0,1,0.1,0
6597,2,MMGDSC6552,584,GD_CELESC,0,0,180,100,Vestas_V90_2000,None,0,0,0,1,0.1,0
6598,2,MMGDSC6553,584,GD_CELESC,0,0,180,100,Vestas_V90_2000,None,0,0,0,1,0.1,0
6599,2,MMGDSC6556,584,GD_CELESC,0,0,180,100,Vestas_V90_2000,None,0,0,0,1,0.1,0
6600,2,MMGDSC6557,584,GD_CELESC,0,0,180,100,Vestas_V90_2000,None,0,0,0,1,0.1,0
6601,2,MMGDSC6561,584,GD_CELESC,0,0,180,100,Vestas_V90_2000,None,0,0,0,1,0.1,0
6602,2,MMGDSC6574,584,GD_CELESC,0,0,180,100,Vestas_V90_2000,None,0,0,0,1,0.1,0
6603,2,MMGDSC6576,584,GD_CELESC,0,0,180,100,Vestas_V90_2000,None,0,0,0,1,0.1,0
6604,2,MMGDSC6577,584,GD_CELESC,0,0,180,100,Vestas_V90_2000,None,0,0,0,1,0.1,0
6605,2,MMGDSC6578,584,GD_CELESC,0,0,180,100,Vestas_V90_2000,None,0,0,0,1,0.1,0
6606,2,MMGDSC6579,584,GD_CELESC,0,0,180,100,Vestas_V90_2000,None,0,0,0,1,0.1,0
6607,2,MMGDSC6585,584,GD_CELESC,0,0,180,100,Vestas_V90_2000,None,0,0,0,1,0.1,0
6608,2,MMGDSC6588,584,GD_CELESC,0,0,180,100,Vestas_V90_2000,None,0,0,0,1,0.1,0
6609,2,MMGDSC6590,584,GD_CELESC,0,0,180,100,Vestas_V90_2000,None,0,0,0,1,0.1,0
6610,2,MMGDSC6593,584,GD_CELESC,0,0,180,100,Vestas_V90_2000,None,0,0,0,1,0.1,0
6611,2,MMGDSC6594,584,GD_CELESC,0,0,180,100,Vestas_V90_2000,None,0,0,0,1,0.1,0
6612,2,MMGDSC6595,584,GD_CELESC,0,0,180,100,Vestas_V90_2000,None,0,0,0,1,0.1,0
6613,2,MMGDSC6596,584,GD_CELESC,0,0,180,100,Vestas_V90_2000,None,0,0,0,1,0.1,0
332,3,EOLBA030283,287,EOL6,0,0,180,100,Vestas_V90_2000,None,0,0,0,1,0.1,0
333,3,EOLBA030288,286,EOL5,0,0,180,100,Vestas_V90_2000,None,0,0,0,1,0.1,0
334,3,EOLBA030305,287,EOL6,0,0,180,100,Vestas_V90_2000,None,0,0,0,1,0.1,0
335,3,EOLBA030306,287,EOL6,0,0,180,100,Vestas_V90_2000,None,0,0,0,1,0.1,0
336,3,EOLBA030314,287,EOL6,0,0,180,100,Vestas_V90_2000,None,0,0,0,1,0.1,0
337,3,EOLBA030315,287,EOL6,0,0,180,100,Vestas_V90_2000,None,0,0,0,1,0.1,0
338,3,EOLBA030316,287,EOL6,0,0,180,100,Vestas_V90_2000,None,0,0,0,1,0.1,0
339,3,EOLBA030317,287,EOL6,0,0,180,100,Vestas_V90_2000,None,0,0,0,1,0.1,0
340,3,EOLBA030318,287,EOL6,0,0,180,100,Vestas_V90_2000,None,0,0,0,1,0.1,0
341,3,EOLBA030319,287,EOL6,0,0,180,100,Vestas_V90_2000,None,0,0,0,1,0.1,0
342,3,EOLBA030320,287,EOL6,0,0,180,100,Vestas_V90_2000,None,0,0,0,1,0.1,0
343,3,EOLBA030321,287,EOL6,0,0,180,100,Vestas_V90_2000,None,0,0,0,1,0.1,0
344,3,EOLBA030322,287,EOL6,0,0,180,100,Vestas_V90_2000,None,0,0,0,1,0.1,0
345,3,EOLBA030323,287,EOL6,0,0,180,100,Vestas_V90_2000,None,0,0,0,1,0.1,0
346,3,EOLBA030324,287,EOL6,0,0,180,100,Vestas_V90_2000,None,0,0,0,1,0.1,0
347,3,EOLBA030328,287,EOL6,0,0,180,100,Vestas_V90_2000,None,0,0,0,1,0.1,0
348,3,EOLBA030341,287,EOL6,0,0,180,100,Vestas_V90_2000,None,0,0,0,1,0.1,0
349,3,EOLBA030342,287,EOL6,0,0,180,100,Vestas_V90_2000,None,0,0,0,1,0.1,0
350,3,EOLBA030437,287,EOL6,0,0,180,100,Vestas_V90_2000,None,0,0,0,1,0.1,0
351,3,EOLBA030443,285,EOL4,0,0,180,100,Vestas_V90_2000,None,0,0,0,1,0.1,0
352,3,EOLBA030448,287,EOL6,0,0,180,100,Vestas_V90_2000,None,0,0,0,1,0.1,0
353,3,EOLBA030455,285,EOL4,0,0,180,100,Vestas_V90_2000,None,0,0,0,1,0.1,0
354,3,EOLBA030456,285,EOL4,0,0,180,100,Vestas_V90_2000,None,0,0,0,1,0.1,0
355,3,EOLBA030476,287,EOL6,0,0,180,100,Vestas_V90_2000,None,0,0,0,1,0.1,0
356,3,EOLBA030490,287,EOL6,0,0,180,100,Vestas_V90_2000,None,0,0,0,1,0.1,0
357,3,EOLBA030495,287,EOL6,0,0,180,100,Vestas_V90_2000,None,0,0,0,1,0.1,0
358,3,EOLBA030506,287,EOL6,0,0,180,100,Vestas_V90_2000,None,0,0,0,1,0.1,0
359,3,EOLBA030544,287,EOL6,0,0,180,100,Vestas_V90_2000,None,0,0,0,1,0.1,0
360,3,EOLBA030546,287,EOL6,0,0,180,100,Vestas_V90_2000,None,0,0,0,1,0.1,0
361,3,EOLBA030608,286,EOL5,0,0,180,100,Vestas_V90_2000,None,0,0,0,1,0.1,0
362,3,EOLBA030725,286,EOL5,0,0,180,100,Vestas_V90_2000,None,0,0,0,1,0.1,0
363,3,EOLBA030726,286,EOL5,0,0,180,100,Vestas_V90_2000,None,0,0,0,1,0.1,0
364,3,EOLBA030727,286,EOL5,0,0,180,100,Vestas_V90_2000,None,0,0,0,1,0.1,0
365,3,EOLBA030731,287,EOL6,0,0,180,100,Vestas_V90_2000,None,0,0,0,1,0.1,0
366,3,EOLBA030732,287,EOL6,0,0,180,100,Vestas_V90_2000,None,0,0,0,1,0.1,0
367,3,EOLBA030738,287,EOL6,0,0,180,100,Vestas_V90_2000,None,0,0,0,1,0.1,0
368,3,EOLBA030739,287,EOL6,0,0,180,100,Vestas_V90_2000,None,0,0,0,1,0.1,0
369,3,EOLBA030751,287,EOL6,0,0,180,100,Vestas_V90_2000,None,0,0,0,1,0.1,0
370,3,EOLBA030752,287,EOL6,0,0,180,100,Vestas_V90_2000,None,0,0,0,1,0.1,0
371,3,EOLBA030753,287,EOL6,0,0,180,100,Vestas_V90_2000,None,0,0,0,1,0.1,0
372,3,EOLBA030768,287,EOL6,0,0,180,100,Vestas_V90_2000,None,0,0,0,1,0.1,0
373,3,EOLBA030776,287,EOL6,0,0,180,100,Vestas_V90_2000,None,0,0,0,1,0.1,0
374,3,EOLBA030778,287,EOL6,0,0,180,100,Vestas_V90_2000,None,0,0,0,1,0.1,0
375,3,EOLBA030779,287,EOL6,0,0,180,100,Vestas_V90_2000,None,0,0,0,1,0.1,0
376,3,EOLBA030792,287,EOL6,0,0,180,100,Vestas_V90_2000,None,0,0,0,1,0.1,0
377,3,EOLBA030793,287,EOL6,0,0,180,100,Vestas_V90_2000,None,0,0,0,1,0.1,0
378,3,EOLBA030801,287,EOL6,0,0,180,100,Vestas_V90_2000,None,0,0,0,1,0.1,0
379,3,EOLBA030802,287,EOL6,0,0,180,100,Vestas_V90_2000,None,0,0,0,1,0.1,0
380,3,EOLBA030803,287,EOL6,0,0,180,100,Vestas_V90_2000,None,0,0,0,1,0.1,0
381,3,EOLBA030807,287,EOL6,0,0,180,100,Vestas_V90_2000,None,0,0,0,1,0.1,0
382,3,EOLBA030837,287,EOL6,0,0,180,100,Vestas_V90_2000,None,0,0,0,1,0.1,0
383,3,EOLBA030943,286,EOL5,0,0,180,100,Vestas_V90_2000,None,0,0,0,1,0.1,0
384,3,EOLBA030944,286,EOL5,0,0,180,100,Vestas_V90_2000,None,0,0,0,1,0.1,0
385,3,EOLBA030945,286,EOL5,0,0,180,100,Vestas_V90_2000,None,0,0,0,1,0.1,0
386,3,EOLBA030946,286,EOL5,0,0,180,100,Vestas_V90_2000,None,0,0,0,1,0.1,0
387,3,EOLBA030976,287,EOL6,0,0,180,100,Vestas_V90_2000,None,0,0,0,1,0.1,0
388,3,EOLBA031010,286,EOL5,0,0,180,100,Vestas_V90_2000,None,0,0,0,1,0.1,0
389,3,EOLBA031120,287,EOL6,0,0,180,100,Vestas_V90_2000,None,0,0,0,1,0.1,0
390,3,EOLBA031121,286,EOL5,0,0,180,100,Vestas_V90_2000,None,0,0,0,1,0.1,0
391,3,EOLBA031335,285,EOL4,0,0,180,100,Vestas_V90_2000,None,0,0,0,1,0.1,0
392,3,EOLBA031336,285,EOL4,0,0,180,100,Vestas_V90_2000,None,0,0,0,1,0.1,0
393,3,EOLBA031337,286,EOL5,0,0,180,100,Vestas_V90_2000,None,0,0,0,1,0.1,0
394,3,EOLBA031338,286,EOL5,0,0,180,100,Vestas_V90_2000,None,0,0,0,1,0.1,0
395,3,EOLBA031341,287,EOL6,0,0,180,100,Vestas_V90_2000,None,0,0,0,1,0.1,0
396,3,EOLBA031342,287,EOL6,0,0,180,100,Vestas_V90_2000,None,0,0,0,1,0.1,0
397,3,EOLBA031343,287,EOL6,0,0,180,100,Vestas_V90_2000,None,0,0,0,1,0.1,0
398,3,EOLBA031344,287,EOL6,0,0,180,100,Vestas_V90_2000,None,0,0,0,1,0.1,0
399,3,EOLBA031352,285,EOL4,0,0,180,100,Vestas_V90_2000,None,0,0,0,1,0.1,0
400,3,EOLBA031355,286,EOL5,0,0,180,100,Vestas_V90_2000,None,0,0,0,1,0.1,0
401,3,EOLBA031356,287,EOL6,0,0,180,100,Vestas_V90_2000,None,0,0,0,1,0.1,0
402,3,EOLBA031402,287,EOL6,0,0,180,100,Vestas_V90_2000,None,0,0,0,1,0.1,0
403,3,EOLBA031403,287,EOL6,0,0,180,100,Vestas_V90_2000,None,0,0,0,1,0.1,0
404,3,EOLBA031404,287,EOL6,0,0,180,100,Vestas_V90_2000,None,0,0,0,1,0.1,0
405,3,EOLBA031405,287,EOL6,0,0,180,100,Vestas_V90_2000,None,0,0,0,1,0.1,0
406,3,EOLBA031406,287,EOL6,0,0,180,100,Vestas_V90_2000,None,0,0,0,1,0.1,0
407,3,EOLBA031407,287,EOL6,0,0,180,100,Vestas_V90_2000,None,0,0,0,1,0.1,0
408,3,EOLBA031408,287,EOL6,0,0,180,100,Vestas_V90_2000,None,0,0,0,1,0.1,0
409,3,EOLBA031418,287,EOL6,0,0,180,100,Vestas_V90_2000,None,0,0,0,1,0.1,0
410,3,EOLBA031424,287,EOL6,0,0,180,100,Vestas_V90_2000,None,0,0,0,1,0.1,0
411,3,EOLBA031431,287,EOL6,0,0,180,100,Vestas_V90_2000,None,0,0,0,1,0.1,0
412,3,EOLBA031432,287,EOL6,0,0,180,100,Vestas_V90_2000,None,0,0,0,1,0.1,0
413,3,EOLBA031433,287,EOL6,0,0,180,100,Vestas_V90_2000,None,0,0,0,1,0.1,0
414,3,EOLBA031434,287,EOL6,0,0,180,100,Vestas_V90_2000,None,0,0,0,1,0.1,0
415,3,EOLBA031435,287,EOL6,0,0,180,100,Vestas_V90_2000,None,0,0,0,1,0.1,0
416,3,EOLBA031447,287,EOL6,0,0,180,100,Vestas_V90_2000,None,0,0,0,1,0.1,0
417,3,EOLBA031458,287,EOL6,0,0,180,100,Vestas_V90_2000,None,0,0,0,1,0.1,0
418,3,EOLBA031459,287,EOL6,0,0,180,100,Vestas_V90_2000,None,0,0,0,1,0.1,0
419,3,EOLBA031511,287,EOL6,0,0,180,100,Vestas_V90_2000,None,0,0,0,1,0.1,0
420,3,EOLBA031518,287,EOL6,0,0,180,100,Vestas_V90_2000,None,0,0,0,1,0.1,0
421,3,EOLBA031519,285,EOL4,0,0,180,100,Vestas_V90_2000,None,0,0,0,1,0.1,0
422,3,EOLBA031523,287,EOL6,0,0,180,100,Vestas_V90_2000,None,0,0,0,1,0.1,0
423,3,EOLBA031524,285,EOL4,0,0,180,100,Vestas_V90_2000,None,0,0,0,1,0.1,0
424,3,EOLBA031563,286,EOL5,0,0,180,100,Vestas_V90_2000,None,0,0,0,1,0.1,0
425,3,EOLBA031606,287,EOL6,0,0,180,100,Vestas_V90_2000,None,0,0,0,1,0.1,0
426,3,EOLBA031607,285,EOL4,0,0,180,100,Vestas_V90_2000,None,0,0,0,1,0.1,0
427,3,EOLBA031667,285,EOL4,0,0,180,100,Vestas_V90_2000,None,0,0,0,1,0.1,0
428,3,EOLBA031737,287,EOL6,0,0,180,100,Vestas_V90_2000,None,0,0,0,1,0.1,0
429,3,EOLBA031738,287,EOL6,0,0,180,100,Vestas_V90_2000,None,0,0,0,1,0.1,0
430,3,EOLBA031740,287,EOL6,0,0,180,100,Vestas_V90_2000,None,0,0,0,1,0.1,0
431,3,EOLBA031741,287,EOL6,0,0,180,100,Vestas_V90_2000,None,0,0,0,1,0.1,0
432,3,EOLBA031742,287,EOL6,0,0,180,100,Vestas_V90_2000,None,0,0,0,1,0.1,0
433,3,EOLBA031743,287,EOL6,0,0,180,100,Vestas_V90_2000,None,0,0,0,1,0.1,0
434,3,EOLBA031744,287,EOL6,0,0,180,100,Vestas_V90_2000,None,0,0,0,1,0.1,0
435,3,EOLBA031752,287,EOL6,0,0,180,100,Vestas_V90_2000,None,0,0,0,1,0.1,0
436,3,EOLBA031754,287,EOL6,0,0,180,100,Vestas_V90_2000,None,0,0,0,1,0.1,0
437,3,EOLBA031755,287,EOL6,0,0,180,100,Vestas_V90_2000,None,0,0,0,1,0.1,0
438,3,EOLBA031756,287,EOL6,0,0,180,100,Vestas_V90_2000,None,0,0,0,1,0.1,0
439,3,EOLBA031758,286,EOL5,0,0,180,100,Vestas_V90_2000,None,0,0,0,1,0.1,0
440,3,EOLBA031770,286,EOL5,0,0,180,100,Vestas_V90_2000,None,0,0,0,1,0.1,0
441,3,EOLBA031771,286,EOL5,0,0,180,100,Vestas_V90_2000,None,0,0,0,1,0.1,0
442,3,EOLBA031796,287,EOL6,0,0,180,100,Vestas_V90_2000,None,0,0,0,1,0.1,0
443,3,EOLBA031832,287,EOL6,0,0,180,100,Vestas_V90_2000,None,0,0,0,1,0.1,0
444,3,EOLBA032081,286,EOL5,0,0,180,100,Vestas_V90_2000,None,0,0,0,1,0.1,0
445,3,EOLBA032082,286,EOL5,0,0,180,100,Vestas_V90_2000,None,0,0,0,1,0.1,0
446,3,EOLBA032083,286,EOL5,0,0,180,100,Vestas_V90_2000,None,0,0,0,1,0.1,0
447,3,EOLBA032090,287,EOL6,0,0,180,100,Vestas_V90_2000,None,0,0,0,1,0.1,0
448,3,EOLBA032091,287,EOL6,0,0,180,100,Vestas_V90_2000,None,0,0,0,1,0.1,0
449,3,EOLBA032093,287,EOL6,0,0,180,100,Vestas_V90_2000,None,0,0,0,1,0.1,0
450,3,EOLBA032098,287,EOL6,0,0,180,100,Vestas_V90_2000,None,0,0,0,1,0.1,0
451,3,EOLBA032101,287,EOL6,0,0,180,100,Vestas_V90_2000,None,0,0,0,1,0.1,0
452,3,EOLBA032102,287,EOL6,0,0,180,100,Vestas_V90_2000,None,0,0,0,1,0.1,0
453,3,EOLBA032104,287,EOL6,0,0,180,100,Vestas_V90_2000,None,0,0,0,1,0.1,0
454,3,EOLBA032106,287,EOL6,0,0,180,100,Vestas_V90_2000,None,0,0,0,1,0.1,0
455,3,EOLBA032108,287,EOL6,0,0,180,100,Vestas_V90_2000,None,0,0,0,1,0.1,0
456,3,EOLBA032111,287,EOL6,0,0,180,100,Vestas_V90_2000,None,0,0,0,1,0.1,0
457,3,EOLBA032113,287,EOL6,0,0,180,100,Vestas_V90_2000,None,0,0,0,1,0.1,0
458,3,EOLBA032245,287,EOL6,0,0,180,100,Vestas_V90_2000,None,0,0,0,1,0.1,0
459,3,EOLBA032246,287,EOL6,0,0,180,100,Vestas_V90_2000,None,0,0,0,1,0.1,0
460,3,EOLBA032342,287,EOL6,0,0,180,100,Vestas_V90_2000,None,0,0,0,1,0.1,0
461,3,EOLBA032343,287,EOL6,0,0,180,100,Vestas_V90_2000,None,0,0,0,1,0.1,0
462,3,EOLBA032344,287,EOL6,0,0,180,100,Vestas_V90_2000,None,0,0,0,1,0.1,0
463,3,EOLBA032345,287,EOL6,0,0,180,100,Vestas_V90_2000,None,0,0,0,1,0.1,0
464,3,EOLBA032346,287,EOL6,0,0,180,100,Vestas_V90_2000,None,0,0,0,1,0.1,0
465,3,EOLBA032347,287,EOL6,0,0,180,100,Vestas_V90_2000,None,0,0,0,1,0.1,0
466,3,EOLBA032348,287,EOL6,0,0,180,100,Vestas_V90_2000,None,0,0,0,1,0.1,0
467,3,EOLBA032349,287,EOL6,0,0,180,100,Vestas_V90_2000,None,0,0,0,1,0.1,0
468,3,EOLBA032350,287,EOL6,0,0,180,100,Vestas_V90_2000,None,0,0,0,1,0.1,0
469,3,EOLBA032351,287,EOL6,0,0,180,100,Vestas_V90_2000,None,0,0,0,1,0.1,0
470,3,EOLBA032357,285,EOL4,0,0,180,100,Vestas_V90_2000,None,0,0,0,1,0.1,0
471,3,EOLBA032358,285,EOL4,0,0,180,100,Vestas_V90_2000,None,0,0,0,1,0.1,0
472,3,EOLBA032359,285,EOL4,0,0,180,100,Vestas_V90_2000,None,0,0,0,1,0.1,0
473,3,EOLBA032362,287,EOL6,0,0,180,100,Vestas_V90_2000,None,0,0,0,1,0.1,0
474,3,EOLBA032363,287,EOL6,0,0,180,100,Vestas_V90_2000,None,0,0,0,1,0.1,0
475,3,EOLBA032364,287,EOL6,0,0,180,100,Vestas_V90_2000,None,0,0,0,1,0.1,0
476,3,EOLBA032417,285,EOL4,0,0,180,100,Vestas_V90_2000,None,0,0,0,1,0.1,0
477,3,EOLBA032462,287,EOL6,0,0,180,100,Vestas_V90_2000,None,0,0,0,1,0.1,0
478,3,EOLBA032465,287,EOL6,0,0,180,100,Vestas_V90_2000,None,0,0,0,1,0.1,0
479,3,EOLBA032466,287,EOL6,0,0,180,100,Vestas_V90_2000,None,0,0,0,1,0.1,0
480,3,EOLBA032467,287,EOL6,0,0,180,100,Vestas_V90_2000,None,0,0,0,1,0.1,0
481,3,EOLBA032468,287,EOL6,0,0,180,100,Vestas_V90_2000,None,0,0,0,1,0.1,0
482,3,EOLBA032469,287,EOL6,0,0,180,100,Vestas_V90_2000,None,0,0,0,1,0.1,0
483,3,EOLBA032470,287,EOL6,0,0,180,100,Vestas_V90_2000,None,0,0,0,1,0.1,0
484,3,EOLBA032471,287,EOL6,0,0,180,100,Vestas_V90_2000,None,0,0,0,1,0.1,0
485,3,EOLBA032487,287,EOL6,0,0,180,100,Vestas_V90_2000,None,0,0,0,1,0.1,0
486,3,EOLBA032521,285,EOL4,0,0,180,100,Vestas_V90_2000,None,0,0,0,1,0.1,0
487,3,EOLBA032522,285,EOL4,0,0,180,100,Vestas_V90_2000,None,0,0,0,1,0.1,0
488,3,EOLBA032523,285,EOL4,0,0,180,100,Vestas_V90_2000,None,0,0,0,1,0.1,0
489,3,EOLBA032524,285,EOL4,0,0,180,100,Vestas_V90_2000,None,0,0,0,1,0.1,0
490,3,EOLBA032526,286,EOL5,0,0,180,100,Vestas_V90_2000,None,0,0,0,1,0.1,0
491,3,EOLBA032527,286,EOL5,0,0,180,100,Vestas_V90_2000,None,0,0,0,1,0.1,0
492,3,EOLBA032531,286,EOL5,0,0,180,100,Vestas_V90_2000,None,0,0,0,1,0.1,0
493,3,EOLBA032535,286,EOL5,0,0,180,100,Vestas_V90_2000,None,0,0,0,1,0.1,0
494,3,EOLBA032536,286,EOL5,0,0,180,100,Vestas_V90_2000,None,0,0,0,1,0.1,0
495,3,EOLBA032567,286,EOL5,0,0,180,100,Vestas_V90_2000,None,0,0,0,1,0.1,0
496,3,EOLBA032568,286,EOL5,0,0,180,100,Vestas_V90_2000,None,0,0,0,1,0.1,0
497,3,EOLBA032569,286,EOL5,0,0,180,100,Vestas_V90_2000,None,0,0,0,1,0.1,0
498,3,EOLBA032578,286,EOL5,0,0,180,100,Vestas_V90_2000,None,0,0,0,1,0.1,0
499,3,EOLBA032579,286,EOL5,0,0,180,100,Vestas_V90_2000,None,0,0,0,1,0.1,0
500,3,EOLBA032580,286,EOL5,0,0,180,100,Vestas_V90_2000,None,0,0,0,1,0.1,0
501,3,EOLBA032584,286,EOL5,0,0,180,100,Vestas_V90_2000,None,0,0,0,1,0.1,0
502,3,EOLBA032641,286,EOL5,0,0,180,100,Vestas_V90_2000,None,0,0,0,1,0.1,0
503,3,EOLBA032642,287,EOL6,0,0,180,100,Vestas_V90_2000,None,0,0,0,1,0.1,0
504,3,EOLBA032644,286,EOL5,0,0,180,100,Vestas_V90_2000,None,0,0,0,1,0.1,0
505,3,EOLBA032759,286,EOL5,0,0,180,100,Vestas_V90_2000,None,0,0,0,1,0.1,0
506,3,EOLBA032804,287,EOL6,0,0,180,100,Vestas_V90_2000,None,0,0,0,1,0.1,0
507,3,EOLBA032805,287,EOL6,0,0,180,100,Vestas_V90_2000,None,0,0,0,1,0.1,0
508,3,EOLBA032884,286,EOL5,0,0,180,100,Vestas_V90_2000,None,0,0,0,1,0.1,0
509,3,EOLBA033508,286,EOL5,0,0,180,100,Vestas_V90_2000,None,0,0,0,1,0.1,0
510,3,EOLBA033521,286,EOL5,0,0,180,100,Vestas_V90_2000,None,0,0,0,1,0.1,0
511,3,EOLBA033523,286,EOL5,0,0,180,100,Vestas_V90_2000,None,0,0,0,1,0.1,0
512,3,EOLBA033529,286,EOL5,0,0,180,100,Vestas_V90_2000,None,0,0,0,1,0.1,0
513,3,EOLBA033530,286,EOL5,0,0,180,100,Vestas_V90_2000,None,0,0,0,1,0.1,0
514,3,EOLBA033532,286,EOL5,0,0,180,100,Vestas_V90_2000,None,0,0,0,1,0.1,0
515,3,EOLBA033533,286,EOL5,0,0,180,100,Vestas_V90_2000,None,0,0,0,1,0.1,0
516,3,EOLBA033547,287,EOL6,0,0,180,100,Vestas_V90_2000,None,0,0,0,1,0.1,0
517,3,EOLBA033548,287,EOL6,0,0,180,100,Vestas_V90_2000,None,0,0,0,1,0.1,0
518,3,EOLBA033549,287,EOL6,0,0,180,100,Vestas_V90_2000,None,0,0,0,1,0.1,0
519,3,EOLBA033626,287,EOL6,0,0,180,100,Vestas_V90_2000,None,0,0,0,1,0.1,0
520,3,EOLBA033627,287,EOL6,0,0,180,100,Vestas_V90_2000,None,0,0,0,1,0.1,0
521,3,EOLBA033628,287,EOL6,0,0,180,100,Vestas_V90_2000,None,0,0,0,1,0.1,0
522,3,EOLBA033629,287,EOL6,0,0,180,100,Vestas_V90_2000,None,0,0,0,1,0.1,0
523,3,EOLBA033630,287,EOL6,0,0,180,100,Vestas_V90_2000,None,0,0,0,1,0.1,0
524,3,EOLBA033631,287,EOL6,0,0,180,100,Vestas_V90_2000,None,0,0,0,1,0.1,0
525,3,EOLBA033632,287,EOL6,0,0,180,100,Vestas_V90_2000,None,0,0,0,1,0.1,0
526,3,EOLBA033633,287,EOL6,0,0,180,100,Vestas_V90_2000,None,0,0,0,1,0.1,0
527,3,EOLBA033634,287,EOL6,0,0,180,100,Vestas_V90_2000,None,0,0,0,1,0.1,0
528,3,EOLBA033635,287,EOL6,0,0,180,100,Vestas_V90_2000,None,0,0,0,1,0.1,0
529,3,EOLBA033636,287,EOL6,0,0,180,100,Vestas_V90_2000,None,0,0,0,1,0.1,0
530,3,EOLBA033637,287,EOL6,0,0,180,100,Vestas_V90_2000,None,0,0,0,1,0.1,0
531,3,EOLBA033639,287,EOL6,0,0,180,100,Vestas_V90_2000,None,0,0,0,1,0.1,0
532,3,EOLBA033648,286,EOL5,0,0,180,100,Vestas_V90_2000,None,0,0,0,1,0.1,0
533,3,EOLBA033649,286,EOL5,0,0,180,100,Vestas_V90_2000,None,0,0,0,1,0.1,0
534,3,EOLBA033650,286,EOL5,0,0,180,100,Vestas_V90_2000,None,0,0,0,1,0.1,0
535,3,EOLBA033652,286,EOL5,0,0,180,100,Vestas_V90_2000,None,0,0,0,1,0.1,0
536,3,EOLBA034507,286,EOL5,0,0,180,100,Vestas_V90_2000,None,0,0,0,1,0.1,0
537,3,EOLBA034508,286,EOL5,0,0,180,100,Vestas_V90_2000,None,0,0,0,1,0.1,0
538,3,EOLBA034509,286,EOL5,0,0,180,100,Vestas_V90_2000,None,0,0,0,1,0.1,0
539,3,EOLBA034511,286,EOL5,0,0,180,100,Vestas_V90_2000,None,0,0,0,1,0.1,0
540,3,EOLBA034512,286,EOL5,0,0,180,100,Vestas_V90_2000,None,0,0,0,1,0.1,0
541,3,EOLBA034513,286,EOL5,0,0,180,100,Vestas_V90_2000,None,0,0,0,1,0.1,0
542,3,EOLBA034514,286,EOL5,0,0,180,100,Vestas_V90_2000,None,0,0,0,1,0.1,0
543,3,EOLBA034613,287,EOL6,0,0,180,100,Vestas_V90_2000,None,0,0,0,1,0.1,0
544,3,EOLBA034614,287,EOL6,0,0,180,100,Vestas_V90_2000,None,0,0,0,1,0.1,0
545,3,EOLBA034622,287,EOL6,0,0,180,100,Vestas_V90_2000,None,0,0,0,1,0.1,0
546,3,EOLBA034623,287,EOL6,0,0,180,100,Vestas_V90_2000,None,0,0,0,1,0.1,0
547,3,EOLBA034625,287,EOL6,0,0,180,100,Vestas_V90_2000,None,0,0,0,1,0.1,0
548,3,EOLBA034630,287,EOL6,0,0,180,100,Vestas_V90_2000,None,0,0,0,1,0.1,0
549,3,EOLBA034631,287,EOL6,0,0,180,100,Vestas_V90_2000,None,0,0,0,1,0.1,0
550,3,EOLBA034633,287,EOL6,0,0,180,100,Vestas_V90_2000,None,0,0,0,1,0.1,0
551,3,EOLBA034634,287,EOL6,0,0,180,100,Vestas_V90_2000,None,0,0,0,1,0.1,0
552,3,EOLBA034636,287,EOL6,0,0,180,100,Vestas_V90_2000,None,0,0,0,1,0.1,0
553,3,EOLBA034637,287,EOL6,0,0,180,100,Vestas_V90_2000,None,0,0,0,1,0.1,0
554,3,EOLBA034638,287,EOL6,0,0,180,100,Vestas_V90_2000,None,0,0,0,1,0.1,0
555,3,EOLBA034643,287,EOL6,0,0,180,100,Vestas_V90_2000,None,0,0,0,1,0.1,0
556,3,EOLBA034645,287,EOL6,0,0,180,100,Vestas_V90_2000,None,0,0,0,1,0.1,0
557,3,EOLBA034647,287,EOL6,0,0,180,100,Vestas_V90_2000,None,0,0,0,1,0.1,0
558,3,EOLBA034648,287,EOL6,0,0,180,100,Vestas_V90_2000,None,0,0,0,1,0.1,0
559,3,EOLBA034656,287,EOL6,0,0,180,100,Vestas_V90_2000,None,0,0,0,1,0.1,0
560,3,EOLBA034659,287,EOL6,0,0,180,100,Vestas_V90_2000,None,0,0,0,1,0.1,0
561,3,EOLBA034660,287,EOL6,0,0,180,100,Vestas_V90_2000,None,0,0,0,1,0.1,0
562,3,EOLBA034661,286,EOL5,0,0,180,100,Vestas_V90_2000,None,0,0,0,1,0.1,0
563,3,EOLBA034692,286,EOL5,0,0,180,100,Vestas_V90_2000,None,0,0,0,1,0.1,0
564,3,EOLBA034717,287,EOL6,0,0,180,100,Vestas_V90_2000,None,0,0,0,1,0.1,0
565,3,EOLBA034736,287,EOL6,0,0,180,100,Vestas_V90_2000,None,0,0,0,1,0.1,0
566,3,EOLBA034738,287,EOL6,0,0,180,100,Vestas_V90_2000,None,0,0,0,1,0.1,0
567,3,EOLBA034739,287,EOL6,0,0,180,100,Vestas_V90_2000,None,0,0,0,1,0.1,0
568,3,EOLBA034742,287,EOL6,0,0,180,100,Vestas_V90_2000,None,0,0,0,1,0.1,0
569,3,EOLBA034777,286,EOL5,0,0,180,100,Vestas_V90_2000,None,0,0,0,1,0.1,0
570,3,EOLBA034809,287,EOL6,0,0,180,100,Vestas_V90_2000,None,0,0,0,1,0.1,0
571,3,EOLBA034811,287,EOL6,0,0,180,100,Vestas_V90_2000,None,0,0,0,1,0.1,0
572,3,EOLBA034830,287,EOL6,0,0,180,100,Vestas_V90_2000,None,0,0,0,1,0.1,0
573,3,EOLBA034838,287,EOL6,0,0,180,100,Vestas_V90_2000,None,0,0,0,1,0.1,0
574,3,EOLBA034850,287,EOL6,0,0,180,100,Vestas_V90_2000,None,0,0,0,1,0.1,0
575,3,EOLBA034883,286,EOL5,0,0,180,100,Vestas_V90_2000,None,0,0,0,1,0.1,0
576,3,EOLBA034889,286,EOL5,0,0,180,100,Vestas_V90_2000,None,0,0,0,1,0.1,0
577,3,EOLBA035172,287,EOL6,0,0,180,100,Vestas_V90_2000,None,0,0,0,1,0.1,0
578,3,EOLBA035222,285,EOL4,0,0,180,100,Vestas_V90_2000,None,0,0,0,1,0.1,0
579,3,EOLBA035229,285,EOL4,0,0,180,100,Vestas_V90_2000,None,0,0,0,1,0.1,0
580,3,EOLBA035233,285,EOL4,0,0,180,100,Vestas_V90_2000,None,0,0,0,1,0.1,0
581,3,EOLBA035234,286,EOL5,0,0,180,100,Vestas_V90_2000,None,0,0,0,1,0.1,0
582,3,EOLBA035266,285,EOL4,0,0,180,100,Vestas_V90_2000,None,0,0,0,1,0.1,0
583,3,EOLBA036989,286,EOL5,0,0,180,100,Vestas_V90_2000,None,0,0,0,1,0.1,0
584,3,EOLBA036993,285,EOL4,0,0,180,100,Vestas_V90_2000,None,0,0,0,1,0.1,0
585,3,EOLBA037001,287,EOL6,0,0,180,100,Vestas_V90_2000,None,0,0,0,1,0.1,0
586,3,EOLBA037019,287,EOL6,0,0,180,100,Vestas_V90_2000,None,0,0,0,1,0.1,0
587,3,EOLBA037069,286,EOL5,0,0,180,100,Vestas_V90_2000,None,0,0,0,1,0.1,0
588,3,EOLBA037083,287,EOL6,0,0,180,100,Vestas_V90_2000,None,0,0,0,1,0.1,0
589,3,EOLBA037093,287,EOL6,0,0,180,100,Vestas_V90_2000,None,0,0,0,1,0.1,0
590,3,EOLBA037101,287,EOL6,0,0,180,100,Vestas_V90_2000,None,0,0,0,1,0.1,0
591,3,EOLBA037102,286,EOL5,0,0,180,100,Vestas_V90_2000,None,0,0,0,1,0.1,0
592,3,EOLBA037103,286,EOL5,0,0,180,100,Vestas_V90_2000,None,0,0,0,1,0.1,0
593,3,EOLBA037104,286,EOL5,0,0,180,100,Vestas_V90_2000,None,0,0,0,1,0.1,0
594,3,EOLBA037209,285,EOL4,0,0,180,100,Vestas_V90_2000,None,0,0,0,1,0.1,0
595,3,EOLBA038031,285,EOL4,0,0,180,100,Vestas_V90_2000,None,0,0,0,1,0.1,0
596,3,EOLBA038032,285,EOL4,0,0,180,100,Vestas_V90_2000,None,0,0,0,1,0.1,0
597,3,EOLBA038077,287,EOL6,0,0,180,100,Vestas_V90_2000,None,0,0,0,1,0.1,0
598,3,EOLBA038078,287,EOL6,0,0,180,100,Vestas_V90_2000,None,0,0,0,1,0.1,0
599,3,EOLBA038079,287,EOL6,0,0,180,100,Vestas_V90_2000,None,0,0,0,1,0.1,0
600,3,EOLBA038081,287,EOL6,0,0,180,100,Vestas_V90_2000,None,0,0,0,1,0.1,0
601,3,EOLBA038082,287,EOL6,0,0,180,100,Vestas_V90_2000,None,0,0,0,1,0.1,0
602,3,EOLBA038083,287,EOL6,0,0,180,100,Vestas_V90_2000,None,0,0,0,1,0.1,0
603,3,EOLBA038086,287,EOL6,0,0,180,100,Vestas_V90_2000,None,0,0,0,1,0.1,0
604,3,EOLBA038087,287,EOL6,0,0,180,100,Vestas_V90_2000,None,0,0,0,1,0.1,0
605,3,EOLBA038088,287,EOL6,0,0,180,100,Vestas_V90_2000,None,0,0,0,1,0.1,0
606,3,EOLBA038089,287,EOL6,0,0,180,100,Vestas_V90_2000,None,0,0,0,1,0.1,0
607,3,EOLBA040608,287,EOL6,0,0,180,100,Vestas_V90_2000,None,0,0,0,1,0.1,0
608,3,EOLBA040609,287,EOL6,0,0,180,100,Vestas_V90_2000,None,0,0,0,1,0.1,0
609,3,EOLBA040610,287,EOL6,0,0,180,100,Vestas_V90_2000,None,0,0,0,1,0.1,0
610,3,EOLBA040611,287,EOL6,0,0,180,100,Vestas_V90_2000,None,0,0,0,1,0.1,0
611,3,EOLBA040612,287,EOL6,0,0,180,100,Vestas_V90_2000,None,0,0,0,1,0.1,0
612,3,EOLBA044360,285,EOL4,0,0,180,100,Vestas_V90_2000,None,0,0,0,1,0.1,0
613,3,EOLBA044361,285,EOL4,0,0,180,100,Vestas_V90_2000,None,0,0,0,1,0.1,0
614,3,EOLBA044940,287,EOL6,0,0,180,100,Vestas_V90_2000,None,0,0,0,1,0.1,0
615,3,EOLBA044947,287,EOL6,0,0,180,100,Vestas_V90_2000,None,0,0,0,1,0.1,0
616,3,EOLBA044948,287,EOL6,0,0,180,100,Vestas_V90_2000,None,0,0,0,1,0.1,0
617,3,EOLBA044949,287,EOL6,0,0,180,100,Vestas_V90_2000,None,0,0,0,1,0.1,0
618,3,EOLBA044950,287,EOL6,0,0,180,100,Vestas_V90_2000,None,0,0,0,1,0.1,0
619,3,EOLBA044951,287,EOL6,0,0,180,100,Vestas_V90_2000,None,0,0,0,1,0.1,0
620,3,EOLBA044952,287,EOL6,0,0,180,100,Vestas_V90_2000,None,0,0,0,1,0.1,0
621,3,EOLBA044953,287,EOL6,0,0,180,100,Vestas_V90_2000,None,0,0,0,1,0.1,0
622,3,EOLBA044959,287,EOL6,0,0,180,100,Vestas_V90_2000,None,0,0,0,1,0.1,0
623,3,EOLBA044960,287,EOL6,0,0,180,100,Vestas_V90_2000,None,0,0,0,1,0.1,0
624,3,EOLBA044961,287,EOL6,0,0,180,100,Vestas_V90_2000,None,0,0,0,1,0.1,0
625,3,EOLBA044962,287,EOL6,0,0,180,100,Vestas_V90_2000,None,0,0,0,1,0.1,0
626,3,EOLBA046757,286,EOL5,0,0,180,100,Vestas_V90_2000,None,0,0,0,1,0.1,0
627,3,EOLBA046758,286,EOL5,0,0,180,100,Vestas_V90_2000,None,0,0,0,1,0.1,0
628,3,EOLBA050463,287,EOL6,0,0,180,100,Vestas_V90_2000,None,0,0,0,1,0.1,0
629,3,EOLBA050464,287,EOL6,0,0,180,100,Vestas_V90_2000,None,0,0,0,1,0.1,0
630,3,EOLBA050465,287,EOL6,0,0,180,100,Vestas_V90_2000,None,0,0,0,1,0.1,0
631,3,EOLBA050466,287,EOL6,0,0,180,100,Vestas_V90_2000,None,0,0,0,1,0.1,0
632,3,EOLBA050467,287,EOL6,0,0,180,100,Vestas_V90_2000,None,0,0,0,1,0.1,0
633,3,EOLBA050468,287,EOL6,0,0,180,100,Vestas_V90_2000,None,0,0,0,1,0.1,0
634,3,EOLBA051784,287,EOL6,0,0,180,100,Vestas_V90_2000,None,0,0,0,1,0.1,0
635,3,EOLBA051785,287,EOL6,0,0,180,100,Vestas_V90_2000,None,0,0,0,1,0.1,0
636,3,EOLBA051786,287,EOL6,0,0,180,100,Vestas_V90_2000,None,0,0,0,1,0.1,0
637,3,EOLBA051787,287,EOL6,0,0,180,100,Vestas_V90_2000,None,0,0,0,1,0.1,0
638,3,EOLBA051788,287,EOL6,0,0,180,100,Vestas_V90_2000,None,0,0,0,1,0.1,0
639,3,EOLBA051789,287,EOL6,0,0,180,100,Vestas_V90_2000,None,0,0,0,1,0.1,0
640,3,EOLCE002801,283,EOL2,0,0,180,100,Vestas_V90_2000,None,0,0,0,1,0.1,0
641,3,EOLCE028174,290,EOL9,0,0,180,100,Vestas_V90_2000,None,0,0,0,1,0.1,0
642,3,EOLCE028440,283,EOL2,0,0,180,100,Vestas_V90_2000,None,0,0,0,1,0.1,0
643,3,EOLCE028441,283,EOL2,0,0,180,100,Vestas_V90_2000,None,0,0,0,1,0.1,0
644,3,EOLCE028630,290,EOL9,0,0,180,100,Vestas_V90_2000,None,0,0,0,1,0.1,0
645,3,EOLCE028631,283,EOL2,0,0,180,100,Vestas_V90_2000,None,0,0,0,1,0.1,0
646,3,EOLCE028649,290,EOL9,0,0,180,100,Vestas_V90_2000,None,0,0,0,1,0.1,0
647,3,EOLCE028652,290,EOL9,0,0,180,100,Vestas_V90_2000,None,0,0,0,1,0.1,0
648,3,EOLCE028699,283,EOL2,0,0,180,100,Vestas_V90_2000,None,0,0,0,1,0.1,0
649,3,EOLCE028706,283,EOL2,0,0,180,100,Vestas_V90_2000,None,0,0,0,1,0.1,0
650,3,EOLCE028724,290,EOL9,0,0,180,100,Vestas_V90_2000,None,0,0,0,1,0.1,0
651,3,EOLCE028770,290,EOL9,0,0,180,100,Vestas_V90_2000,None,0,0,0,1,0.1,0
652,3,EOLCE028788,290,EOL9,0,0,180,100,Vestas_V90_2000,None,0,0,0,1,0.1,0
653,3,EOLCE028857,283,EOL2,0,0,180,100,Vestas_V90_2000,None,0,0,0,1,0.1,0
654,3,EOLCE028858,283,EOL2,0,0,180,100,Vestas_V90_2000,None,0,0,0,1,0.1,0
655,3,EOLCE028887,290,EOL9,0,0,180,100,Vestas_V90_2000,None,0,0,0,1,0.1,0
656,3,EOLCE030279,283,EOL2,0,0,180,100,Vestas_V90_2000,None,0,0,0,1,0.1,0
657,3,EOLCE030282,283,EOL2,0,0,180,100,Vestas_V90_2000,None,0,0,0,1,0.1,0
658,3,EOLCE030289,283,EOL2,0,0,180,100,Vestas_V90_2000,None,0,0,0,1,0.1,0
659,3,EOLCE030294,283,EOL2,0,0,180,100,Vestas_V90_2000,None,0,0,0,1,0.1,0
660,3,EOLCE030295,283,EOL2,0,0,180,100,Vestas_V90_2000,None,0,0,0,1,0.1,0
661,3,EOLCE030299,283,EOL2,0,0,180,100,Vestas_V90_2000,None,0,0,0,1,0.1,0
662,3,EOLCE030309,283,EOL2,0,0,180,100,Vestas_V90_2000,None,0,0,0,1,0.1,0
663,3,EOLCE030329,283,EOL2,0,0,180,100,Vestas_V90_2000,None,0,0,0,1,0.1,0
664,3,EOLCE030331,283,EOL2,0,0,180,100,Vestas_V90_2000,None,0,0,0,1,0.1,0
665,3,EOLCE030332,283,EOL2,0,0,180,100,Vestas_V90_2000,None,0,0,0,1,0.1,0
666,3,EOLCE030336,283,EOL2,0,0,180,100,Vestas_V90_2000,None,0,0,0,1,0.1,0
667,3,EOLCE030352,283,EOL2,0,0,180,100,Vestas_V90_2000,None,0,0,0,1,0.1,0
668,3,EOLCE030356,283,EOL2,0,0,180,100,Vestas_V90_2000,None,0,0,0,1,0.1,0
669,3,EOLCE030369,290,EOL9,0,0,180,100,Vestas_V90_2000,None,0,0,0,1,0.1,0
670,3,EOLCE030372,283,EOL2,0,0,180,100,Vestas_V90_2000,None,0,0,0,1,0.1,0
671,3,EOLCE030373,283,EOL2,0,0,180,100,Vestas_V90_2000,None,0,0,0,1,0.1,0
672,3,EOLCE030582,289,EOL8,0,0,180,100,Vestas_V90_2000,None,0,0,0,1,0.1,0
673,3,EOLCE030584,289,EOL8,0,0,180,100,Vestas_V90_2000,None,0,0,0,1,0.1,0
674,3,EOLCE030585,289,EOL8,0,0,180,100,Vestas_V90_2000,None,0,0,0,1,0.1,0
675,3,EOLCE030595,289,EOL8,0,0,180,100,Vestas_V90_2000,None,0,0,0,1,0.1,0
676,3,EOLCE030596,289,EOL8,0,0,180,100,Vestas_V90_2000,None,0,0,0,1,0.1,0
677,3,EOLCE030656,283,EOL2,0,0,180,100,Vestas_V90_2000,None,0,0,0,1,0.1,0
678,3,EOLCE030662,283,EOL2,0,0,180,100,Vestas_V90_2000,None,0,0,0,1,0.1,0
679,3,EOLCE030663,283,EOL2,0,0,180,100,Vestas_V90_2000,None,0,0,0,1,0.1,0
680,3,EOLCE030670,283,EOL2,0,0,180,100,Vestas_V90_2000,None,0,0,0,1,0.1,0
681,3,EOLCE030691,283,EOL2,0,0,180,100,Vestas_V90_2000,None,0,0,0,1,0.1,0
682,3,EOLCE030695,283,EOL2,0,0,180,100,Vestas_V90_2000,None,0,0,0,1,0.1,0
683,3,EOLCE030697,283,EOL2,0,0,180,100,Vestas_V90_2000,None,0,0,0,1,0.1,0
684,3,EOLCE030841,289,EOL8,0,0,180,100,Vestas_V90_2000,None,0,0,0,1,0.1,0
685,3,EOLCE030907,290,EOL9,0,0,180,100,Vestas_V90_2000,None,0,0,0,1,0.1,0
686,3,EOLCE030911,283,EOL2,0,0,180,100,Vestas_V90_2000,None,0,0,0,1,0.1,0
687,3,EOLCE030912,283,EOL2,0,0,180,100,Vestas_V90_2000,None,0,0,0,1,0.1,0
688,3,EOLCE030916,283,EOL2,0,0,180,100,Vestas_V90_2000,None,0,0,0,1,0.1,0
689,3,EOLCE030918,290,EOL9,0,0,180,100,Vestas_V90_2000,None,0,0,0,1,0.1,0
690,3,EOLCE030920,290,EOL9,0,0,180,100,Vestas_V90_2000,None,0,0,0,1,0.1,0
691,3,EOLCE030921,290,EOL9,0,0,180,100,Vestas_V90_2000,None,0,0,0,1,0.1,0
692,3,EOLCE030924,290,EOL9,0,0,180,100,Vestas_V90_2000,None,0,0,0,1,0.1,0
693,3,EOLCE030925,290,EOL9,0,0,180,100,Vestas_V90_2000,None,0,0,0,1,0.1,0
694,3,EOLCE030926,290,EOL9,0,0,180,100,Vestas_V90_2000,None,0,0,0,1,0.1,0
695,3,EOLCE030927,290,EOL9,0,0,180,100,Vestas_V90_2000,None,0,0,0,1,0.1,0
696,3,EOLCE030929,290,EOL9,0,0,180,100,Vestas_V90_2000,None,0,0,0,1,0.1,0
697,3,EOLCE030930,290,EOL9,0,0,180,100,Vestas_V90_2000,None,0,0,0,1,0.1,0
698,3,EOLCE031482,283,EOL2,0,0,180,100,Vestas_V90_2000,None,0,0,0,1,0.1,0
699,3,EOLCE031483,283,EOL2,0,0,180,100,Vestas_V90_2000,None,0,0,0,1,0.1,0
700,3,EOLCE031484,283,EOL2,0,0,180,100,Vestas_V90_2000,None,0,0,0,1,0.1,0
701,3,EOLCE031485,283,EOL2,0,0,180,100,Vestas_V90_2000,None,0,0,0,1,0.1,0
702,3,EOLCE031579,289,EOL8,0,0,180,100,Vestas_V90_2000,None,0,0,0,1,0.1,0
703,3,EOLCE031611,289,EOL8,0,0,180,100,Vestas_V90_2000,None,0,0,0,1,0.1,0
704,3,EOLCE031621,289,EOL8,0,0,180,100,Vestas_V90_2000,None,0,0,0,1,0.1,0
705,3,EOLCE031627,289,EOL8,0,0,180,100,Vestas_V90_2000,None,0,0,0,1,0.1,0
706,3,EOLCE031644,289,EOL8,0,0,180,100,Vestas_V90_2000,None,0,0,0,1,0.1,0
707,3,EOLCE031698,283,EOL2,0,0,180,100,Vestas_V90_2000,None,0,0,0,1,0.1,0
708,3,EOLCE031736,283,EOL2,0,0,180,100,Vestas_V90_2000,None,0,0,0,1,0.1,0
709,3,EOLCE031813,283,EOL2,0,0,180,100,Vestas_V90_2000,None,0,0,0,1,0.1,0
710,3,EOLCE031814,283,EOL2,0,0,180,100,Vestas_V90_2000,None,0,0,0,1,0.1,0
711,3,EOLCE031815,283,EOL2,0,0,180,100,Vestas_V90_2000,None,0,0,0,1,0.1,0
712,3,EOLCE031816,283,EOL2,0,0,180,100,Vestas_V90_2000,None,0,0,0,1,0.1,0
713,3,EOLCE031817,283,EOL2,0,0,180,100,Vestas_V90_2000,None,0,0,0,1,0.1,0
714,3,EOLCE031866,291,EOL10,0,0,180,100,Vestas_V90_2000,None,0,0,0,1,0.1,0
715,3,EOLCE032010,283,EOL2,0,0,180,100,Vestas_V90_2000,None,0,0,0,1,0.1,0
716,3,EOLCE032011,283,EOL2,0,0,180,100,Vestas_V90_2000,None,0,0,0,1,0.1,0
717,3,EOLCE032012,283,EOL2,0,0,180,100,Vestas_V90_2000,None,0,0,0,1,0.1,0
718,3,EOLCE032013,283,EOL2,0,0,180,100,Vestas_V90_2000,None,0,0,0,1,0.1,0
719,3,EOLCE032375,283,EOL2,0,0,180,100,Vestas_V90_2000,None,0,0,0,1,0.1,0
720,3,EOLCE032376,283,EOL2,0,0,180,100,Vestas_V90_2000,None,0,0,0,1,0.1,0
721,3,EOLCE032377,283,EOL2,0,0,180,100,Vestas_V90_2000,None,0,0,0,1,0.1,0
722,3,EOLCE032378,283,EOL2,0,0,180,100,Vestas_V90_2000,None,0,0,0,1,0.1,0
723,3,EOLCE032379,283,EOL2,0,0,180,100,Vestas_V90_2000,None,0,0,0,1,0.1,0
724,3,EOLCE032453,283,EOL2,0,0,180,100,Vestas_V90_2000,None,0,0,0,1,0.1,0
725,3,EOLCE033756,283,EOL2,0,0,180,100,Vestas_V90_2000,None,0,0,0,1,0.1,0
726,3,EOLCE035197,291,EOL10,0,0,180,100,Vestas_V90_2000,None,0,0,0,1,0.1,0
727,3,EOLCE035217,291,EOL10,0,0,180,100,Vestas_V90_2000,None,0,0,0,1,0.1,0
728,3,EOLCE035219,291,EOL10,0,0,180,100,Vestas_V90_2000,None,0,0,0,1,0.1,0
729,3,EOLCE040794,291,EOL10,0,0,180,100,Vestas_V90_2000,None,0,0,0,1,0.1,0
730,3,EOLCE040878,283,EOL2,0,0,180,100,Vestas_V90_2000,None,0,0,0,1,0.1,0
731,3,EOLCE040879,283,EOL2,0,0,180,100,Vestas_V90_2000,None,0,0,0,1,0.1,0
732,3,EOLCE040880,283,EOL2,0,0,180,100,Vestas_V90_2000,None,0,0,0,1,0.1,0
733,3,EOLCE040881,283,EOL2,0,0,180,100,Vestas_V90_2000,None,0,0,0,1,0.1,0
734,3,EOLCE040882,283,EOL2,0,0,180,100,Vestas_V90_2000,None,0,0,0,1,0.1,0
735,3,EOLCE040883,283,EOL2,0,0,180,100,Vestas_V90_2000,None,0,0,0,1,0.1,0
736,3,EOLCE040884,283,EOL2,0,0,180,100,Vestas_V90_2000,None,0,0,0,1,0.1,0
737,3,EOLCE040885,283,EOL2,0,0,180,100,Vestas_V90_2000,None,0,0,0,1,0.1,0
753,3,EOLPB029041,293,EOL12,0,0,180,100,Vestas_V90_2000,None,0,0,0,1,0.1,0
754,3,EOLPB029075,293,EOL12,0,0,180,100,Vestas_V90_2000,None,0,0,0,1,0.1,0
755,3,EOLPB029083,293,EOL12,0,0,180,100,Vestas_V90_2000,None,0,0,0,1,0.1,0
756,3,EOLPB029084,293,EOL12,0,0,180,100,Vestas_V90_2000,None,0,0,0,1,0.1,0
757,3,EOLPB029085,293,EOL12,0,0,180,100,Vestas_V90_2000,None,0,0,0,1,0.1,0
758,3,EOLPB029086,293,EOL12,0,0,180,100,Vestas_V90_2000,None,0,0,0,1,0.1,0
759,3,EOLPB029087,293,EOL12,0,0,180,100,Vestas_V90_2000,None,0,0,0,1,0.1,0
760,3,EOLPB029088,293,EOL12,0,0,180,100,Vestas_V90_2000,None,0,0,0,1,0.1,0
761,3,EOLPB029089,293,EOL12,0,0,180,100,Vestas_V90_2000,None,0,0,0,1,0.1,0
762,3,EOLPB029090,293,EOL12,0,0,180,100,Vestas_V90_2000,None,0,0,0,1,0.1,0
763,3,EOLPB029091,293,EOL12,0,0,180,100,Vestas_V90_2000,None,0,0,0,1,0.1,0
764,3,EOLPB029092,293,EOL12,0,0,180,100,Vestas_V90_2000,None,0,0,0,1,0.1,0
765,3,EOLPB033663,292,EOL11,0,0,180,100,Vestas_V90_2000,None,0,0,0,1,0.1,0
766,3,EOLPB033664,292,EOL11,0,0,180,100,Vestas_V90_2000,None,0,0,0,1,0.1,0
767,3,EOLPB033665,292,EOL11,0,0,180,100,Vestas_V90_2000,None,0,0,0,1,0.1,0
768,3,EOLPB034639,292,EOL11,0,0,180,100,Vestas_V90_2000,None,0,0,0,1,0.1,0
769,3,EOLPB034640,292,EOL11,0,0,180,100,Vestas_V90_2000,None,0,0,0,1,0.1,0
770,3,EOLPB034642,292,EOL11,0,0,180,100,Vestas_V90_2000,None,0,0,0,1,0.1,0
771,3,EOLPB034644,292,EOL11,0,0,180,100,Vestas_V90_2000,None,0,0,0,1,0.1,0
772,3,EOLPB034646,292,EOL11,0,0,180,100,Vestas_V90_2000,None,0,0,0,1,0.1,0
773,3,EOLPB035181,292,EOL11,0,0,180,100,Vestas_V90_2000,None,0,0,0,1,0.1,0
774,3,EOLPB035184,292,EOL11,0,0,180,100,Vestas_V90_2000,None,0,0,0,1,0.1,0
775,3,EOLPB035225,292,EOL11,0,0,180,100,Vestas_V90_2000,None,0,0,0,1,0.1,0
776,3,EOLPB035226,292,EOL11,0,0,180,100,Vestas_V90_2000,None,0,0,0,1,0.1,0
777,3,EOLPB035227,292,EOL11,0,0,180,100,Vestas_V90_2000,None,0,0,0,1,0.1,0
778,3,EOLPB035240,292,EOL11,0,0,180,100,Vestas_V90_2000,None,0,0,0,1,0.1,0
779,3,EOLPB035241,292,EOL11,0,0,180,100,Vestas_V90_2000,None,0,0,0,1,0.1,0
780,3,EOLPB035242,292,EOL11,0,0,180,100,Vestas_V90_2000,None,0,0,0,1,0.1,0
781,3,EOLPB037952,292,EOL11,0,0,180,100,Vestas_V90_2000,None,0,0,0,1,0.1,0
782,3,EOLPB037953,292,EOL11,0,0,180,100,Vestas_V90_2000,None,0,0,0,1,0.1,0
783,3,EOLPB037958,292,EOL11,0,0,180,100,Vestas_V90_2000,None,0,0,0,1,0.1,0
784,3,EOLPB038029,292,EOL11,0,0,180,100,Vestas_V90_2000,None,0,0,0,1,0.1,0
785,3,EOLPB038030,292,EOL11,0,0,180,100,Vestas_V90_2000,None,0,0,0,1,0.1,0
786,3,EOLPB038304,292,EOL11,0,0,180,100,Vestas_V90_2000,None,0,0,0,1,0.1,0
787,3,EOLPB038305,292,EOL11,0,0,180,100,Vestas_V90_2000,None,0,0,0,1,0.1,0
788,3,EOLPB040613,292,EOL11,0,0,180,100,Vestas_V90_2000,None,0,0,0,1,0.1,0
789,3,EOLPB043275,292,EOL11,0,0,180,100,Vestas_V90_2000,None,0,0,0,1,0.1,0
790,3,EOLPB043276,292,EOL11,0,0,180,100,Vestas_V90_2000,None,0,0,0,1,0.1,0
791,3,EOLPB043277,292,EOL11,0,0,180,100,Vestas_V90_2000,None,0,0,0,1,0.1,0
792,3,EOLPE028481,292,EOL11,0,0,180,100,Vestas_V90_2000,None,0,0,0,1,0.1,0
793,3,EOLPE029011,288,EOL7,0,0,180,100,Vestas_V90_2000,None,0,0,0,1,0.1,0
794,3,EOLPE029015,288,EOL7,0,0,180,100,Vestas_V90_2000,None,0,0,0,1,0.1,0
795,3,EOLPE029019,288,EOL7,0,0,180,100,Vestas_V90_2000,None,0,0,0,1,0.1,0
796,3,EOLPE029020,288,EOL7,0,0,180,100,Vestas_V90_2000,None,0,0,0,1,0.1,0
797,3,EOLPE030789,286,EOL5,0,0,180,100,Vestas_V90_2000,None,0,0,0,1,0.1,0
798,3,EOLPE030805,286,EOL5,0,0,180,100,Vestas_V90_2000,None,0,0,0,1,0.1,0
799,3,EOLPE030806,286,EOL5,0,0,180,100,Vestas_V90_2000,None,0,0,0,1,0.1,0
800,3,EOLPE031346,288,EOL7,0,0,180,100,Vestas_V90_2000,None,0,0,0,1,0.1,0
801,3,EOLPE031353,288,EOL7,0,0,180,100,Vestas_V90_2000,None,0,0,0,1,0.1,0
802,3,EOLPE031354,288,EOL7,0,0,180,100,Vestas_V90_2000,None,0,0,0,1,0.1,0
803,3,EOLPE031363,288,EOL7,0,0,180,100,Vestas_V90_2000,None,0,0,0,1,0.1,0
804,3,EOLPE031365,288,EOL7,0,0,180,100,Vestas_V90_2000,None,0,0,0,1,0.1,0
805,3,EOLPE031370,288,EOL7,0,0,180,100,Vestas_V90_2000,None,0,0,0,1,0.1,0
806,3,EOLPE031422,288,EOL7,0,0,180,100,Vestas_V90_2000,None,0,0,0,1,0.1,0
807,3,EOLPE031537,288,EOL7,0,0,180,100,Vestas_V90_2000,None,0,0,0,1,0.1,0
808,3,EOLPE031540,288,EOL7,0,0,180,100,Vestas_V90_2000,None,0,0,0,1,0.1,0
809,3,EOLPE031560,288,EOL7,0,0,180,100,Vestas_V90_2000,None,0,0,0,1,0.1,0
810,3,EOLPE031574,288,EOL7,0,0,180,100,Vestas_V90_2000,None,0,0,0,1,0.1,0
811,3,EOLPE031761,285,EOL4,0,0,180,100,Vestas_V90_2000,None,0,0,0,1,0.1,0
812,3,EOLPE031762,285,EOL4,0,0,180,100,Vestas_V90_2000,None,0,0,0,1,0.1,0
813,3,EOLPE031763,285,EOL4,0,0,180,100,Vestas_V90_2000,None,0,0,0,1,0.1,0
814,3,EOLPE031764,285,EOL4,0,0,180,100,Vestas_V90_2000,None,0,0,0,1,0.1,0
815,3,EOLPE031807,288,EOL7,0,0,180,100,Vestas_V90_2000,None,0,0,0,1,0.1,0
816,3,EOLPE031808,288,EOL7,0,0,180,100,Vestas_V90_2000,None,0,0,0,1,0.1,0
817,3,EOLPE031809,292,EOL11,0,0,180,100,Vestas_V90_2000,None,0,0,0,1,0.1,0
818,3,EOLPE031818,288,EOL7,0,0,180,100,Vestas_V90_2000,None,0,0,0,1,0.1,0
819,3,EOLPE031819,288,EOL7,0,0,180,100,Vestas_V90_2000,None,0,0,0,1,0.1,0
820,3,EOLPE031820,288,EOL7,0,0,180,100,Vestas_V90_2000,None,0,0,0,1,0.1,0
821,3,EOLPE031821,288,EOL7,0,0,180,100,Vestas_V90_2000,None,0,0,0,1,0.1,0
822,3,EOLPE031822,288,EOL7,0,0,180,100,Vestas_V90_2000,None,0,0,0,1,0.1,0
823,3,EOLPE031823,288,EOL7,0,0,180,100,Vestas_V90_2000,None,0,0,0,1,0.1,0
824,3,EOLPE031824,288,EOL7,0,0,180,100,Vestas_V90_2000,None,0,0,0,1,0.1,0
825,3,EOLPE031825,288,EOL7,0,0,180,100,Vestas_V90_2000,None,0,0,0,1,0.1,0
826,3,EOLPE032360,288,EOL7,0,0,180,100,Vestas_V90_2000,None,0,0,0,1,0.1,0
827,3,EOLPE032361,288,EOL7,0,0,180,100,Vestas_V90_2000,None,0,0,0,1,0.1,0
828,3,EOLPE032365,285,EOL4,0,0,180,100,Vestas_V90_2000,None,0,0,0,1,0.1,0
829,3,EOLPE035249,285,EOL4,0,0,180,100,Vestas_V90_2000,None,0,0,0,1,0.1,0
830,3,EOLPE035250,285,EOL4,0,0,180,100,Vestas_V90_2000,None,0,0,0,1,0.1,0
831,3,EOLPE044553,286,EOL5,0,0,180,100,Vestas_V90_2000,None,0,0,0,1,0.1,0
832,3,EOLPE044554,286,EOL5,0,0,180,100,Vestas_V90_2000,None,0,0,0,1,0.1,0
833,3,EOLPI028731,284,EOL3,0,0,180,100,Vestas_V90_2000,None,0,0,0,1,0.1,0
834,3,EOLPI030639,284,EOL3,0,0,180,100,Vestas_V90_2000,None,0,0,0,1,0.1,0
835,3,EOLPI030827,284,EOL3,0,0,180,100,Vestas_V90_2000,None,0,0,0,1,0.1,0
836,3,EOLPI030830,284,EOL3,0,0,180,100,Vestas_V90_2000,None,0,0,0,1,0.1,0
837,3,EOLPI030838,284,EOL3,0,0,180,100,Vestas_V90_2000,None,0,0,0,1,0.1,0
838,3,EOLPI031270,285,EOL4,0,0,180,100,Vestas_V90_2000,None,0,0,0,1,0.1,0
839,3,EOLPI031271,285,EOL4,0,0,180,100,Vestas_V90_2000,None,0,0,0,1,0.1,0
840,3,EOLPI031272,285,EOL4,0,0,180,100,Vestas_V90_2000,None,0,0,0,1,0.1,0
841,3,EOLPI031273,285,EOL4,0,0,180,100,Vestas_V90_2000,None,0,0,0,1,0.1,0
842,3,EOLPI031274,285,EOL4,0,0,180,100,Vestas_V90_2000,None,0,0,0,1,0.1,0
843,3,EOLPI031275,285,EOL4,0,0,180,100,Vestas_V90_2000,None,0,0,0,1,0.1,0
844,3,EOLPI031276,285,EOL4,0,0,180,100,Vestas_V90_2000,None,0,0,0,1,0.1,0
845,3,EOLPI031361,285,EOL4,0,0,180,100,Vestas_V90_2000,None,0,0,0,1,0.1,0
846,3,EOLPI031362,285,EOL4,0,0,180,100,Vestas_V90_2000,None,0,0,0,1,0.1,0
847,3,EOLPI031364,285,EOL4,0,0,180,100,Vestas_V90_2000,None,0,0,0,1,0.1,0
848,3,EOLPI031366,285,EOL4,0,0,180,100,Vestas_V90_2000,None,0,0,0,1,0.1,0
849,3,EOLPI031367,285,EOL4,0,0,180,100,Vestas_V90_2000,None,0,0,0,1,0.1,0
850,3,EOLPI031368,285,EOL4,0,0,180,100,Vestas_V90_2000,None,0,0,0,1,0.1,0
851,3,EOLPI031388,285,EOL4,0,0,180,100,Vestas_V90_2000,None,0,0,0,1,0.1,0
852,3,EOLPI031392,285,EOL4,0,0,180,100,Vestas_V90_2000,None,0,0,0,1,0.1,0
853,3,EOLPI031393,285,EOL4,0,0,180,100,Vestas_V90_2000,None,0,0,0,1,0.1,0
854,3,EOLPI031394,285,EOL4,0,0,180,100,Vestas_V90_2000,None,0,0,0,1,0.1,0
855,3,EOLPI031414,285,EOL4,0,0,180,100,Vestas_V90_2000,None,0,0,0,1,0.1,0
856,3,EOLPI031416,285,EOL4,0,0,180,100,Vestas_V90_2000,None,0,0,0,1,0.1,0
857,3,EOLPI031417,285,EOL4,0,0,180,100,Vestas_V90_2000,None,0,0,0,1,0.1,0
858,3,EOLPI031520,285,EOL4,0,0,180,100,Vestas_V90_2000,None,0,0,0,1,0.1,0
859,3,EOLPI031538,285,EOL4,0,0,180,100,Vestas_V90_2000,None,0,0,0,1,0.1,0
860,3,EOLPI031580,285,EOL4,0,0,180,100,Vestas_V90_2000,None,0,0,0,1,0.1,0
861,3,EOLPI031581,285,EOL4,0,0,180,100,Vestas_V90_2000,None,0,0,0,1,0.1,0
862,3,EOLPI031597,285,EOL4,0,0,180,100,Vestas_V90_2000,None,0,0,0,1,0.1,0
863,3,EOLPI031603,285,EOL4,0,0,180,100,Vestas_V90_2000,None,0,0,0,1,0.1,0
864,3,EOLPI031661,285,EOL4,0,0,180,100,Vestas_V90_2000,None,0,0,0,1,0.1,0
865,3,EOLPI031662,285,EOL4,0,0,180,100,Vestas_V90_2000,None,0,0,0,1,0.1,0
866,3,EOLPI031666,284,EOL3,0,0,180,100,Vestas_V90_2000,None,0,0,0,1,0.1,0
867,3,EOLPI031746,285,EOL4,0,0,180,100,Vestas_V90_2000,None,0,0,0,1,0.1,0
868,3,EOLPI031747,285,EOL4,0,0,180,100,Vestas_V90_2000,None,0,0,0,1,0.1,0
869,3,EOLPI031749,285,EOL4,0,0,180,100,Vestas_V90_2000,None,0,0,0,1,0.1,0
870,3,EOLPI031766,285,EOL4,0,0,180,100,Vestas_V90_2000,None,0,0,0,1,0.1,0
871,3,EOLPI031767,285,EOL4,0,0,180,100,Vestas_V90_2000,None,0,0,0,1,0.1,0
872,3,EOLPI031886,285,EOL4,0,0,180,100,Vestas_V90_2000,None,0,0,0,1,0.1,0
873,3,EOLPI032366,285,EOL4,0,0,180,100,Vestas_V90_2000,None,0,0,0,1,0.1,0
874,3,EOLPI032367,285,EOL4,0,0,180,100,Vestas_V90_2000,None,0,0,0,1,0.1,0
875,3,EOLPI032368,285,EOL4,0,0,180,100,Vestas_V90_2000,None,0,0,0,1,0.1,0
876,3,EOLPI032863,285,EOL4,0,0,180,100,Vestas_V90_2000,None,0,0,0,1,0.1,0
877,3,EOLPI033005,285,EOL4,0,0,180,100,Vestas_V90_2000,None,0,0,0,1,0.1,0
878,3,EOLPI033006,285,EOL4,0,0,180,100,Vestas_V90_2000,None,0,0,0,1,0.1,0
879,3,EOLPI033007,285,EOL4,0,0,180,100,Vestas_V90_2000,None,0,0,0,1,0.1,0
880,3,EOLPI033008,285,EOL4,0,0,180,100,Vestas_V90_2000,None,0,0,0,1,0.1,0
881,3,EOLPI033009,285,EOL4,0,0,180,100,Vestas_V90_2000,None,0,0,0,1,0.1,0
882,3,EOLPI033010,285,EOL4,0,0,180,100,Vestas_V90_2000,None,0,0,0,1,0.1,0
883,3,EOLPI033011,285,EOL4,0,0,180,100,Vestas_V90_2000,None,0,0,0,1,0.1,0
884,3,EOLPI033012,285,EOL4,0,0,180,100,Vestas_V90_2000,None,0,0,0,1,0.1,0
885,3,EOLPI033013,285,EOL4,0,0,180,100,Vestas_V90_2000,None,0,0,0,1,0.1,0
886,3,EOLPI033014,285,EOL4,0,0,180,100,Vestas_V90_2000,None,0,0,0,1,0.1,0
887,3,EOLPI033015,285,EOL4,0,0,180,100,Vestas_V90_2000,None,0,0,0,1,0.1,0
888,3,EOLPI033016,285,EOL4,0,0,180,100,Vestas_V90_2000,None,0,0,0,1,0.1,0
889,3,EOLPI033017,285,EOL4,0,0,180,100,Vestas_V90_2000,None,0,0,0,1,0.1,0
890,3,EOLPI033018,285,EOL4,0,0,180,100,Vestas_V90_2000,None,0,0,0,1,0.1,0
891,3,EOLPI033019,285,EOL4,0,0,180,100,Vestas_V90_2000,None,0,0,0,1,0.1,0
892,3,EOLPI033020,285,EOL4,0,0,180,100,Vestas_V90_2000,None,0,0,0,1,0.1,0
893,3,EOLPI033021,285,EOL4,0,0,180,100,Vestas_V90_2000,None,0,0,0,1,0.1,0
894,3,EOLPI033022,285,EOL4,0,0,180,100,Vestas_V90_2000,None,0,0,0,1,0.1,0
895,3,EOLPI033023,285,EOL4,0,0,180,100,Vestas_V90_2000,None,0,0,0,1,0.1,0
896,3,EOLPI033024,285,EOL4,0,0,180,100,Vestas_V90_2000,None,0,0,0,1,0.1,0
897,3,EOLPI033025,285,EOL4,0,0,180,100,Vestas_V90_2000,None,0,0,0,1,0.1,0
898,3,EOLPI033136,285,EOL4,0,0,180,100,Vestas_V90_2000,None,0,0,0,1,0.1,0
899,3,EOLPI033138,285,EOL4,0,0,180,100,Vestas_V90_2000,None,0,0,0,1,0.1,0
900,3,EOLPI033139,285,EOL4,0,0,180,100,Vestas_V90_2000,None,0,0,0,1,0.1,0
901,3,EOLPI033140,285,EOL4,0,0,180,100,Vestas_V90_2000,None,0,0,0,1,0.1,0
902,3,EOLPI033141,285,EOL4,0,0,180,100,Vestas_V90_2000,None,0,0,0,1,0.1,0
903,3,EOLPI033143,285,EOL4,0,0,180,100,Vestas_V90_2000,None,0,0,0,1,0.1,0
904,3,EOLPI033144,285,EOL4,0,0,180,100,Vestas_V90_2000,None,0,0,0,1,0.1,0
905,3,EOLPI033479,284,EOL3,0,0,180,100,Vestas_V90_2000,None,0,0,0,1,0.1,0
906,3,EOLPI033618,285,EOL4,0,0,180,100,Vestas_V90_2000,None,0,0,0,1,0.1,0
907,3,EOLPI033619,285,EOL4,0,0,180,100,Vestas_V90_2000,None,0,0,0,1,0.1,0
908,3,EOLPI033620,285,EOL4,0,0,180,100,Vestas_V90_2000,None,0,0,0,1,0.1,0
909,3,EOLPI033621,285,EOL4,0,0,180,100,Vestas_V90_2000,None,0,0,0,1,0.1,0
910,3,EOLPI033622,285,EOL4,0,0,180,100,Vestas_V90_2000,None,0,0,0,1,0.1,0
911,3,EOLPI033623,285,EOL4,0,0,180,100,Vestas_V90_2000,None,0,0,0,1,0.1,0
912,3,EOLPI033624,285,EOL4,0,0,180,100,Vestas_V90_2000,None,0,0,0,1,0.1,0
913,3,EOLPI033625,285,EOL4,0,0,180,100,Vestas_V90_2000,None,0,0,0,1,0.1,0
914,3,EOLPI033667,285,EOL4,0,0,180,100,Vestas_V90_2000,None,0,0,0,1,0.1,0
915,3,EOLPI038103,285,EOL4,0,0,180,100,Vestas_V90_2000,None,0,0,0,1,0.1,0
916,3,EOLPI038104,285,EOL4,0,0,180,100,Vestas_V90_2000,None,0,0,0,1,0.1,0
917,3,EOLPI038105,285,EOL4,0,0,180,100,Vestas_V90_2000,None,0,0,0,1,0.1,0
918,3,EOLPI038106,285,EOL4,0,0,180,100,Vestas_V90_2000,None,0,0,0,1,0.1,0
919,3,EOLPI038107,285,EOL4,0,0,180,100,Vestas_V90_2000,None,0,0,0,1,0.1,0
920,3,EOLPI038108,285,EOL4,0,0,180,100,Vestas_V90_2000,None,0,0,0,1,0.1,0
921,3,EOLPI038109,285,EOL4,0,0,180,100,Vestas_V90_2000,None,0,0,0,1,0.1,0
922,3,EOLPI038110,285,EOL4,0,0,180,100,Vestas_V90_2000,None,0,0,0,1,0.1,0
923,3,EOLPI038111,285,EOL4,0,0,180,100,Vestas_V90_2000,None,0,0,0,1,0.1,0
924,3,EOLPI038112,285,EOL4,0,0,180,100,Vestas_V90_2000,None,0,0,0,1,0.1,0
925,3,EOLPI038113,285,EOL4,0,0,180,100,Vestas_V90_2000,None,0,0,0,1,0.1,0
926,3,EOLPI038116,285,EOL4,0,0,180,100,Vestas_V90_2000,None,0,0,0,1,0.1,0
927,3,EOLPI040567,285,EOL4,0,0,180,100,Vestas_V90_2000,None,0,0,0,1,0.1,0
928,3,EOLPI040626,285,EOL4,0,0,180,100,Vestas_V90_2000,None,0,0,0,1,0.1,0
929,3,EOLPI040629,285,EOL4,0,0,180,100,Vestas_V90_2000,None,0,0,0,1,0.1,0
930,3,EOLPI044358,285,EOL4,0,0,180,100,Vestas_V90_2000,None,0,0,0,1,0.1,0
931,3,EOLPI044359,285,EOL4,0,0,180,100,Vestas_V90_2000,None,0,0,0,1,0.1,0
932,3,EOLPI044362,285,EOL4,0,0,180,100,Vestas_V90_2000,None,0,0,0,1,0.1,0
933,3,EOLPI044363,285,EOL4,0,0,180,100,Vestas_V90_2000,None,0,0,0,1,0.1,0
934,3,EOLPI044364,285,EOL4,0,0,180,100,Vestas_V90_2000,None,0,0,0,1,0.1,0
935,3,EOLPI044365,285,EOL4,0,0,180,100,Vestas_V90_2000,None,0,0,0,1,0.1,0
936,3,EOLPI044366,285,EOL4,0,0,180,100,Vestas_V90_2000,None,0,0,0,1,0.1,0
937,3,EOLPI044367,285,EOL4,0,0,180,100,Vestas_V90_2000,None,0,0,0,1,0.1,0
938,3,EOLPI044368,285,EOL4,0,0,180,100,Vestas_V90_2000,None,0,0,0,1,0.1,0
939,3,EOLPI044555,285,EOL4,0,0,180,100,Vestas_V90_2000,None,0,0,0,1,0.1,0
940,3,EOLPI048511,285,EOL4,0,0,180,100,Vestas_V90_2000,None,0,0,0,1,0.1,0
941,3,EOLPI048512,285,EOL4,0,0,180,100,Vestas_V90_2000,None,0,0,0,1,0.1,0
942,3,EOLPI048513,285,EOL4,0,0,180,100,Vestas_V90_2000,None,0,0,0,1,0.1,0
943,3,EOLPI048514,285,EOL4,0,0,180,100,Vestas_V90_2000,None,0,0,0,1,0.1,0
944,3,EOLPI048515,285,EOL4,0,0,180,100,Vestas_V90_2000,None,0,0,0,1,0.1,0
945,3,EOLPI048516,285,EOL4,0,0,180,100,Vestas_V90_2000,None,0,0,0,1,0.1,0
946,3,EOLPI048517,285,EOL4,0,0,180,100,Vestas_V90_2000,None,0,0,0,1,0.1,0
947,3,EOLPI048704,285,EOL4,0,0,180,100,Vestas_V90_2000,None,0,0,0,1,0.1,0
950,3,EOLRN028424,293,EOL12,0,0,180,100,Vestas_V90_2000,None,0,0,0,1,0.1,0
951,3,EOLRN028443,293,EOL12,0,0,180,100,Vestas_V90_2000,None,0,0,0,1,0.1,0
952,3,EOLRN028444,293,EOL12,0,0,180,100,Vestas_V90_2000,None,0,0,0,1,0.1,0
953,3,EOLRN030121,293,EOL12,0,0,180,100,Vestas_V90_2000,None,0,0,0,1,0.1,0
954,3,EOLRN030281,293,EOL12,0,0,180,100,Vestas_V90_2000,None,0,0,0,1,0.1,0
955,3,EOLRN030284,293,EOL12,0,0,180,100,Vestas_V90_2000,None,0,0,0,1,0.1,0
956,3,EOLRN030285,293,EOL12,0,0,180,100,Vestas_V90_2000,None,0,0,0,1,0.1,0
957,3,EOLRN030290,293,EOL12,0,0,180,100,Vestas_V90_2000,None,0,0,0,1,0.1,0
958,3,EOLRN030292,293,EOL12,0,0,180,100,Vestas_V90_2000,None,0,0,0,1,0.1,0
959,3,EOLRN030293,293,EOL12,0,0,180,100,Vestas_V90_2000,None,0,0,0,1,0.1,0
960,3,EOLRN030300,293,EOL12,0,0,180,100,Vestas_V90_2000,None,0,0,0,1,0.1,0
961,3,EOLRN030301,293,EOL12,0,0,180,100,Vestas_V90_2000,None,0,0,0,1,0.1,0
962,3,EOLRN030302,293,EOL12,0,0,180,100,Vestas_V90_2000,None,0,0,0,1,0.1,0
963,3,EOLRN030304,293,EOL12,0,0,180,100,Vestas_V90_2000,None,0,0,0,1,0.1,0
964,3,EOLRN030307,293,EOL12,0,0,180,100,Vestas_V90_2000,None,0,0,0,1,0.1,0
965,3,EOLRN030308,293,EOL12,0,0,180,100,Vestas_V90_2000,None,0,0,0,1,0.1,0
966,3,EOLRN030310,293,EOL12,0,0,180,100,Vestas_V90_2000,None,0,0,0,1,0.1,0
967,3,EOLRN030311,293,EOL12,0,0,180,100,Vestas_V90_2000,None,0,0,0,1,0.1,0
968,3,EOLRN030333,293,EOL12,0,0,180,100,Vestas_V90_2000,None,0,0,0,1,0.1,0
969,3,EOLRN030339,293,EOL12,0,0,180,100,Vestas_V90_2000,None,0,0,0,1,0.1,0
970,3,EOLRN030340,291,EOL10,0,0,180,100,Vestas_V90_2000,None,0,0,0,1,0.1,0
971,3,EOLRN030351,293,EOL12,0,0,180,100,Vestas_V90_2000,None,0,0,0,1,0.1,0
972,3,EOLRN030370,293,EOL12,0,0,180,100,Vestas_V90_2000,None,0,0,0,1,0.1,0
973,3,EOLRN030378,293,EOL12,0,0,180,100,Vestas_V90_2000,None,0,0,0,1,0.1,0
974,3,EOLRN030389,291,EOL10,0,0,180,100,Vestas_V90_2000,None,0,0,0,1,0.1,0
975,3,EOLRN030416,293,EOL12,0,0,180,100,Vestas_V90_2000,None,0,0,0,1,0.1,0
976,3,EOLRN030417,293,EOL12,0,0,180,100,Vestas_V90_2000,None,0,0,0,1,0.1,0
977,3,EOLRN030454,291,EOL10,0,0,180,100,Vestas_V90_2000,None,0,0,0,1,0.1,0
978,3,EOLRN030497,293,EOL12,0,0,180,100,Vestas_V90_2000,None,0,0,0,1,0.1,0
979,3,EOLRN030498,293,EOL12,0,0,180,100,Vestas_V90_2000,None,0,0,0,1,0.1,0
980,3,EOLRN030499,293,EOL12,0,0,180,100,Vestas_V90_2000,None,0,0,0,1,0.1,0
981,3,EOLRN030500,293,EOL12,0,0,180,100,Vestas_V90_2000,None,0,0,0,1,0.1,0
982,3,EOLRN030501,293,EOL12,0,0,180,100,Vestas_V90_2000,None,0,0,0,1,0.1,0
983,3,EOLRN030502,293,EOL12,0,0,180,100,Vestas_V90_2000,None,0,0,0,1,0.1,0
984,3,EOLRN030503,293,EOL12,0,0,180,100,Vestas_V90_2000,None,0,0,0,1,0.1,0
985,3,EOLRN030504,293,EOL12,0,0,180,100,Vestas_V90_2000,None,0,0,0,1,0.1,0
986,3,EOLRN030505,293,EOL12,0,0,180,100,Vestas_V90_2000,None,0,0,0,1,0.1,0
987,3,EOLRN030507,293,EOL12,0,0,180,100,Vestas_V90_2000,None,0,0,0,1,0.1,0
988,3,EOLRN030508,293,EOL12,0,0,180,100,Vestas_V90_2000,None,0,0,0,1,0.1,0
989,3,EOLRN030509,293,EOL12,0,0,180,100,Vestas_V90_2000,None,0,0,0,1,0.1,0
990,3,EOLRN030511,292,EOL11,0,0,180,100,Vestas_V90_2000,None,0,0,0,1,0.1,0
991,3,EOLRN030512,293,EOL12,0,0,180,100,Vestas_V90_2000,None,0,0,0,1,0.1,0
992,3,EOLRN030513,293,EOL12,0,0,180,100,Vestas_V90_2000,None,0,0,0,1,0.1,0
993,3,EOLRN030514,293,EOL12,0,0,180,100,Vestas_V90_2000,None,0,0,0,1,0.1,0
994,3,EOLRN030515,293,EOL12,0,0,180,100,Vestas_V90_2000,None,0,0,0,1,0.1,0
995,3,EOLRN030516,293,EOL12,0,0,180,100,Vestas_V90_2000,None,0,0,0,1,0.1,0
996,3,EOLRN030519,292,EOL11,0,0,180,100,Vestas_V90_2000,None,0,0,0,1,0.1,0
997,3,EOLRN030520,293,EOL12,0,0,180,100,Vestas_V90_2000,None,0,0,0,1,0.1,0
998,3,EOLRN030527,293,EOL12,0,0,180,100,Vestas_V90_2000,None,0,0,0,1,0.1,0
999,3,EOLRN030536,293,EOL12,0,0,180,100,Vestas_V90_2000,None,0,0,0,1,0.1,0
1000,3,EOLRN030537,292,EOL11,0,0,180,100,Vestas_V90_2000,None,0,0,0,1,0.1,0
1001,3,EOLRN030545,292,EOL11,0,0,180,100,Vestas_V90_2000,None,0,0,0,1,0.1,0
1002,3,EOLRN030547,293,EOL12,0,0,180,100,Vestas_V90_2000,None,0,0,0,1,0.1,0
1003,3,EOLRN030548,293,EOL12,0,0,180,100,Vestas_V90_2000,None,0,0,0,1,0.1,0
1004,3,EOLRN030549,293,EOL12,0,0,180,100,Vestas_V90_2000,None,0,0,0,1,0.1,0
1005,3,EOLRN030551,293,EOL12,0,0,180,100,Vestas_V90_2000,None,0,0,0,1,0.1,0
1006,3,EOLRN030552,292,EOL11,0,0,180,100,Vestas_V90_2000,None,0,0,0,1,0.1,0
1007,3,EOLRN030562,293,EOL12,0,0,180,100,Vestas_V90_2000,None,0,0,0,1,0.1,0
1008,3,EOLRN030563,293,EOL12,0,0,180,100,Vestas_V90_2000,None,0,0,0,1,0.1,0
1009,3,EOLRN030564,293,EOL12,0,0,180,100,Vestas_V90_2000,None,0,0,0,1,0.1,0
1010,3,EOLRN030565,293,EOL12,0,0,180,100,Vestas_V90_2000,None,0,0,0,1,0.1,0
1011,3,EOLRN030566,293,EOL12,0,0,180,100,Vestas_V90_2000,None,0,0,0,1,0.1,0
1012,3,EOLRN030567,293,EOL12,0,0,180,100,Vestas_V90_2000,None,0,0,0,1,0.1,0
1013,3,EOLRN030568,293,EOL12,0,0,180,100,Vestas_V90_2000,None,0,0,0,1,0.1,0
1014,3,EOLRN030569,293,EOL12,0,0,180,100,Vestas_V90_2000,None,0,0,0,1,0.1,0
1015,3,EOLRN030570,293,EOL12,0,0,180,100,Vestas_V90_2000,None,0,0,0,1,0.1,0
1016,3,EOLRN030571,293,EOL12,0,0,180,100,Vestas_V90_2000,None,0,0,0,1,0.1,0
1017,3,EOLRN030609,292,EOL11,0,0,180,100,Vestas_V90_2000,None,0,0,0,1,0.1,0
1018,3,EOLRN030615,292,EOL11,0,0,180,100,Vestas_V90_2000,None,0,0,0,1,0.1,0
1019,3,EOLRN030622,293,EOL12,0,0,180,100,Vestas_V90_2000,None,0,0,0,1,0.1,0
1020,3,EOLRN030625,292,EOL11,0,0,180,100,Vestas_V90_2000,None,0,0,0,1,0.1,0
1021,3,EOLRN030660,293,EOL12,0,0,180,100,Vestas_V90_2000,None,0,0,0,1,0.1,0
1022,3,EOLRN030661,293,EOL12,0,0,180,100,Vestas_V90_2000,None,0,0,0,1,0.1,0
1023,3,EOLRN030671,293,EOL12,0,0,180,100,Vestas_V90_2000,None,0,0,0,1,0.1,0
1024,3,EOLRN030672,293,EOL12,0,0,180,100,Vestas_V90_2000,None,0,0,0,1,0.1,0
1025,3,EOLRN030699,293,EOL12,0,0,180,100,Vestas_V90_2000,None,0,0,0,1,0.1,0
1026,3,EOLRN030700,293,EOL12,0,0,180,100,Vestas_V90_2000,None,0,0,0,1,0.1,0
1027,3,EOLRN030701,293,EOL12,0,0,180,100,Vestas_V90_2000,None,0,0,0,1,0.1,0
1028,3,EOLRN030702,293,EOL12,0,0,180,100,Vestas_V90_2000,None,0,0,0,1,0.1,0
1029,3,EOLRN030787,293,EOL12,0,0,180,100,Vestas_V90_2000,None,0,0,0,1,0.1,0
1030,3,EOLRN030788,293,EOL12,0,0,180,100,Vestas_V90_2000,None,0,0,0,1,0.1,0
1031,3,EOLRN030804,293,EOL12,0,0,180,100,Vestas_V90_2000,None,0,0,0,1,0.1,0
1032,3,EOLRN030828,293,EOL12,0,0,180,100,Vestas_V90_2000,None,0,0,0,1,0.1,0
1033,3,EOLRN030831,293,EOL12,0,0,180,100,Vestas_V90_2000,None,0,0,0,1,0.1,0
1034,3,EOLRN030832,291,EOL10,0,0,180,100,Vestas_V90_2000,None,0,0,0,1,0.1,0
1035,3,EOLRN030834,293,EOL12,0,0,180,100,Vestas_V90_2000,None,0,0,0,1,0.1,0
1036,3,EOLRN030843,293,EOL12,0,0,180,100,Vestas_V90_2000,None,0,0,0,1,0.1,0
1037,3,EOLRN030849,293,EOL12,0,0,180,100,Vestas_V90_2000,None,0,0,0,1,0.1,0
1038,3,EOLRN030856,292,EOL11,0,0,180,100,Vestas_V90_2000,None,0,0,0,1,0.1,0
1039,3,EOLRN030860,292,EOL11,0,0,180,100,Vestas_V90_2000,None,0,0,0,1,0.1,0
1040,3,EOLRN030864,293,EOL12,0,0,180,100,Vestas_V90_2000,None,0,0,0,1,0.1,0
1041,3,EOLRN030870,293,EOL12,0,0,180,100,Vestas_V90_2000,None,0,0,0,1,0.1,0
1042,3,EOLRN030871,293,EOL12,0,0,180,100,Vestas_V90_2000,None,0,0,0,1,0.1,0
1043,3,EOLRN030872,293,EOL12,0,0,180,100,Vestas_V90_2000,None,0,0,0,1,0.1,0
1044,3,EOLRN030873,293,EOL12,0,0,180,100,Vestas_V90_2000,None,0,0,0,1,0.1,0
1045,3,EOLRN030874,293,EOL12,0,0,180,100,Vestas_V90_2000,None,0,0,0,1,0.1,0
1046,3,EOLRN030876,293,EOL12,0,0,180,100,Vestas_V90_2000,None,0,0,0,1,0.1,0
1047,3,EOLRN030889,293,EOL12,0,0,180,100,Vestas_V90_2000,None,0,0,0,1,0.1,0
1048,3,EOLRN030895,291,EOL10,0,0,180,100,Vestas_V90_2000,None,0,0,0,1,0.1,0
1049,3,EOLRN030897,291,EOL10,0,0,180,100,Vestas_V90_2000,None,0,0,0,1,0.1,0
1050,3,EOLRN030898,291,EOL10,0,0,180,100,Vestas_V90_2000,None,0,0,0,1,0.1,0
1051,3,EOLRN030900,293,EOL12,0,0,180,100,Vestas_V90_2000,None,0,0,0,1,0.1,0
1052,3,EOLRN030902,291,EOL10,0,0,180,100,Vestas_V90_2000,None,0,0,0,1,0.1,0
1053,3,EOLRN030914,291,EOL10,0,0,180,100,Vestas_V90_2000,None,0,0,0,1,0.1,0
1054,3,EOLRN030915,291,EOL10,0,0,180,100,Vestas_V90_2000,None,0,0,0,1,0.1,0
1055,3,EOLRN030931,293,EOL12,0,0,180,100,Vestas_V90_2000,None,0,0,0,1,0.1,0
1056,3,EOLRN030932,293,EOL12,0,0,180,100,Vestas_V90_2000,None,0,0,0,1,0.1,0
1057,3,EOLRN030933,293,EOL12,0,0,180,100,Vestas_V90_2000,None,0,0,0,1,0.1,0
1058,3,EOLRN030934,293,EOL12,0,0,180,100,Vestas_V90_2000,None,0,0,0,1,0.1,0
1059,3,EOLRN031015,293,EOL12,0,0,180,100,Vestas_V90_2000,None,0,0,0,1,0.1,0
1060,3,EOLRN031025,292,EOL11,0,0,180,100,Vestas_V90_2000,None,0,0,0,1,0.1,0
1061,3,EOLRN031026,292,EOL11,0,0,180,100,Vestas_V90_2000,None,0,0,0,1,0.1,0
1062,3,EOLRN031069,293,EOL12,0,0,180,100,Vestas_V90_2000,None,0,0,0,1,0.1,0
1063,3,EOLRN031071,293,EOL12,0,0,180,100,Vestas_V90_2000,None,0,0,0,1,0.1,0
1064,3,EOLRN031072,293,EOL12,0,0,180,100,Vestas_V90_2000,None,0,0,0,1,0.1,0
1065,3,EOLRN031372,293,EOL12,0,0,180,100,Vestas_V90_2000,None,0,0,0,1,0.1,0
1066,3,EOLRN031373,293,EOL12,0,0,180,100,Vestas_V90_2000,None,0,0,0,1,0.1,0
1067,3,EOLRN031412,293,EOL12,0,0,180,100,Vestas_V90_2000,None,0,0,0,1,0.1,0
1068,3,EOLRN031425,293,EOL12,0,0,180,100,Vestas_V90_2000,None,0,0,0,1,0.1,0
1069,3,EOLRN031427,293,EOL12,0,0,180,100,Vestas_V90_2000,None,0,0,0,1,0.1,0
1070,3,EOLRN031642,293,EOL12,0,0,180,100,Vestas_V90_2000,None,0,0,0,1,0.1,0
1071,3,EOLRN031643,293,EOL12,0,0,180,100,Vestas_V90_2000,None,0,0,0,1,0.1,0
1072,3,EOLRN031645,293,EOL12,0,0,180,100,Vestas_V90_2000,None,0,0,0,1,0.1,0
1073,3,EOLRN031651,293,EOL12,0,0,180,100,Vestas_V90_2000,None,0,0,0,1,0.1,0
1074,3,EOLRN031652,293,EOL12,0,0,180,100,Vestas_V90_2000,None,0,0,0,1,0.1,0
1075,3,EOLRN031665,293,EOL12,0,0,180,100,Vestas_V90_2000,None,0,0,0,1,0.1,0
1076,3,EOLRN031697,293,EOL12,0,0,180,100,Vestas_V90_2000,None,0,0,0,1,0.1,0
1077,3,EOLRN031750,291,EOL10,0,0,180,100,Vestas_V90_2000,None,0,0,0,1,0.1,0
1078,3,EOLRN031757,291,EOL10,0,0,180,100,Vestas_V90_2000,None,0,0,0,1,0.1,0
1079,3,EOLRN031759,291,EOL10,0,0,180,100,Vestas_V90_2000,None,0,0,0,1,0.1,0
1080,3,EOLRN031765,291,EOL10,0,0,180,100,Vestas_V90_2000,None,0,0,0,1,0.1,0
1081,3,EOLRN031801,293,EOL12,0,0,180,100,Vestas_V90_2000,None,0,0,0,1,0.1,0
1082,3,EOLRN031802,293,EOL12,0,0,180,100,Vestas_V90_2000,None,0,0,0,1,0.1,0
1083,3,EOLRN031810,292,EOL11,0,0,180,100,Vestas_V90_2000,None,0,0,0,1,0.1,0
1084,3,EOLRN031811,292,EOL11,0,0,180,100,Vestas_V90_2000,None,0,0,0,1,0.1,0
1085,3,EOLRN031812,292,EOL11,0,0,180,100,Vestas_V90_2000,None,0,0,0,1,0.1,0
1086,3,EOLRN031826,293,EOL12,0,0,180,100,Vestas_V90_2000,None,0,0,0,1,0.1,0
1087,3,EOLRN031887,293,EOL12,0,0,180,100,Vestas_V90_2000,None,0,0,0,1,0.1,0
1088,3,EOLRN032080,293,EOL12,0,0,180,100,Vestas_V90_2000,None,0,0,0,1,0.1,0
1089,3,EOLRN032194,293,EOL12,0,0,180,100,Vestas_V90_2000,None,0,0,0,1,0.1,0
1090,3,EOLRN032207,293,EOL12,0,0,180,100,Vestas_V90_2000,None,0,0,0,1,0.1,0
1091,3,EOLRN032208,293,EOL12,0,0,180,100,Vestas_V90_2000,None,0,0,0,1,0.1,0
1092,3,EOLRN032209,293,EOL12,0,0,180,100,Vestas_V90_2000,None,0,0,0,1,0.1,0
1093,3,EOLRN032215,293,EOL12,0,0,180,100,Vestas_V90_2000,None,0,0,0,1,0.1,0
1094,3,EOLRN032352,292,EOL11,0,0,180,100,Vestas_V90_2000,None,0,0,0,1,0.1,0
1095,3,EOLRN032353,292,EOL11,0,0,180,100,Vestas_V90_2000,None,0,0,0,1,0.1,0
1096,3,EOLRN032354,293,EOL12,0,0,180,100,Vestas_V90_2000,None,0,0,0,1,0.1,0
1097,3,EOLRN032355,293,EOL12,0,0,180,100,Vestas_V90_2000,None,0,0,0,1,0.1,0
1098,3,EOLRN032356,293,EOL12,0,0,180,100,Vestas_V90_2000,None,0,0,0,1,0.1,0
1099,3,EOLRN032495,293,EOL12,0,0,180,100,Vestas_V90_2000,None,0,0,0,1,0.1,0
1100,3,EOLRN032501,293,EOL12,0,0,180,100,Vestas_V90_2000,None,0,0,0,1,0.1,0
1101,3,EOLRN032518,293,EOL12,0,0,180,100,Vestas_V90_2000,None,0,0,0,1,0.1,0
1102,3,EOLRN032519,293,EOL12,0,0,180,100,Vestas_V90_2000,None,0,0,0,1,0.1,0
1103,3,EOLRN032593,292,EOL11,0,0,180,100,Vestas_V90_2000,None,0,0,0,1,0.1,0
1104,3,EOLRN032870,293,EOL12,0,0,180,100,Vestas_V90_2000,None,0,0,0,1,0.1,0
1105,3,EOLRN033002,293,EOL12,0,0,180,100,Vestas_V90_2000,None,0,0,0,1,0.1,0
1106,3,EOLRN033026,293,EOL12,0,0,180,100,Vestas_V90_2000,None,0,0,0,1,0.1,0
1107,3,EOLRN033429,291,EOL10,0,0,180,100,Vestas_V90_2000,None,0,0,0,1,0.1,0
1108,3,EOLRN033430,291,EOL10,0,0,180,100,Vestas_V90_2000,None,0,0,0,1,0.1,0
1109,3,EOLRN033640,293,EOL12,0,0,180,100,Vestas_V90_2000,None,0,0,0,1,0.1,0
1110,3,EOLRN033642,293,EOL12,0,0,180,100,Vestas_V90_2000,None,0,0,0,1,0.1,0
1111,3,EOLRN033643,293,EOL12,0,0,180,100,Vestas_V90_2000,None,0,0,0,1,0.1,0
1112,3,EOLRN033644,293,EOL12,0,0,180,100,Vestas_V90_2000,None,0,0,0,1,0.1,0
1113,3,EOLRN033645,293,EOL12,0,0,180,100,Vestas_V90_2000,None,0,0,0,1,0.1,0
1114,3,EOLRN033647,293,EOL12,0,0,180,100,Vestas_V90_2000,None,0,0,0,1,0.1,0
1115,3,EOLRN033666,293,EOL12,0,0,180,100,Vestas_V90_2000,None,0,0,0,1,0.1,0
1116,3,EOLRN033681,292,EOL11,0,0,180,100,Vestas_V90_2000,None,0,0,0,1,0.1,0
1117,3,EOLRN033690,292,EOL11,0,0,180,100,Vestas_V90_2000,None,0,0,0,1,0.1,0
1118,3,EOLRN033691,292,EOL11,0,0,180,100,Vestas_V90_2000,None,0,0,0,1,0.1,0
1119,3,EOLRN033752,291,EOL10,0,0,180,100,Vestas_V90_2000,None,0,0,0,1,0.1,0
1120,3,EOLRN033753,291,EOL10,0,0,180,100,Vestas_V90_2000,None,0,0,0,1,0.1,0
1121,3,EOLRN033831,293,EOL12,0,0,180,100,Vestas_V90_2000,None,0,0,0,1,0.1,0
1122,3,EOLRN033833,293,EOL12,0,0,180,100,Vestas_V90_2000,None,0,0,0,1,0.1,0
1123,3,EOLRN033853,292,EOL11,0,0,180,100,Vestas_V90_2000,None,0,0,0,1,0.1,0
1124,3,EOLRN033854,292,EOL11,0,0,180,100,Vestas_V90_2000,None,0,0,0,1,0.1,0
1125,3,EOLRN033857,293,EOL12,0,0,180,100,Vestas_V90_2000,None,0,0,0,1,0.1,0
1126,3,EOLRN033864,292,EOL11,0,0,180,100,Vestas_V90_2000,None,0,0,0,1,0.1,0
1127,3,EOLRN033875,293,EOL12,0,0,180,100,Vestas_V90_2000,None,0,0,0,1,0.1,0
1128,3,EOLRN033881,293,EOL12,0,0,180,100,Vestas_V90_2000,None,0,0,0,1,0.1,0
1129,3,EOLRN033964,292,EOL11,0,0,180,100,Vestas_V90_2000,None,0,0,0,1,0.1,0
1130,3,EOLRN034498,292,EOL11,0,0,180,100,Vestas_V90_2000,None,0,0,0,1,0.1,0
1131,3,EOLRN034499,292,EOL11,0,0,180,100,Vestas_V90_2000,None,0,0,0,1,0.1,0
1132,3,EOLRN034937,292,EOL11,0,0,180,100,Vestas_V90_2000,None,0,0,0,1,0.1,0
1133,3,EOLRN035008,293,EOL12,0,0,180,100,Vestas_V90_2000,None,0,0,0,1,0.1,0
1134,3,EOLRN035158,293,EOL12,0,0,180,100,Vestas_V90_2000,None,0,0,0,1,0.1,0
1135,3,EOLRN035159,293,EOL12,0,0,180,100,Vestas_V90_2000,None,0,0,0,1,0.1,0
1136,3,EOLRN035160,293,EOL12,0,0,180,100,Vestas_V90_2000,None,0,0,0,1,0.1,0
1137,3,EOLRN035161,293,EOL12,0,0,180,100,Vestas_V90_2000,None,0,0,0,1,0.1,0
1138,3,EOLRN035165,293,EOL12,0,0,180,100,Vestas_V90_2000,None,0,0,0,1,0.1,0
1139,3,EOLRN035166,293,EOL12,0,0,180,100,Vestas_V90_2000,None,0,0,0,1,0.1,0
1140,3,EOLRN035210,292,EOL11,0,0,180,100,Vestas_V90_2000,None,0,0,0,1,0.1,0
1141,3,EOLRN035211,292,EOL11,0,0,180,100,Vestas_V90_2000,None,0,0,0,1,0.1,0
1142,3,EOLRN035212,292,EOL11,0,0,180,100,Vestas_V90_2000,None,0,0,0,1,0.1,0
1143,3,EOLRN035214,293,EOL12,0,0,180,100,Vestas_V90_2000,None,0,0,0,1,0.1,0
1144,3,EOLRN035215,293,EOL12,0,0,180,100,Vestas_V90_2000,None,0,0,0,1,0.1,0
1145,3,EOLRN035216,293,EOL12,0,0,180,100,Vestas_V90_2000,None,0,0,0,1,0.1,0
1146,3,EOLRN035270,293,EOL12,0,0,180,100,Vestas_V90_2000,None,0,0,0,1,0.1,0
1147,3,EOLRN035271,293,EOL12,0,0,180,100,Vestas_V90_2000,None,0,0,0,1,0.1,0
1148,3,EOLRN036973,291,EOL10,0,0,180,100,Vestas_V90_2000,None,0,0,0,1,0.1,0
1149,3,EOLRN036974,291,EOL10,0,0,180,100,Vestas_V90_2000,None,0,0,0,1,0.1,0
1150,3,EOLRN036975,291,EOL10,0,0,180,100,Vestas_V90_2000,None,0,0,0,1,0.1,0
1151,3,EOLRN036976,291,EOL10,0,0,180,100,Vestas_V90_2000,None,0,0,0,1,0.1,0
1152,3,EOLRN036977,291,EOL10,0,0,180,100,Vestas_V90_2000,None,0,0,0,1,0.1,0
1153,3,EOLRN036979,291,EOL10,0,0,180,100,Vestas_V90_2000,None,0,0,0,1,0.1,0
1154,3,EOLRN036980,291,EOL10,0,0,180,100,Vestas_V90_2000,None,0,0,0,1,0.1,0
1155,3,EOLRN036981,291,EOL10,0,0,180,100,Vestas_V90_2000,None,0,0,0,1,0.1,0
1156,3,EOLRN036984,291,EOL10,0,0,180,100,Vestas_V90_2000,None,0,0,0,1,0.1,0
1157,3,EOLRN036985,291,EOL10,0,0,180,100,Vestas_V90_2000,None,0,0,0,1,0.1,0
1158,3,EOLRN037020,293,EOL12,0,0,180,100,Vestas_V90_2000,None,0,0,0,1,0.1,0
1159,3,EOLRN037021,293,EOL12,0,0,180,100,Vestas_V90_2000,None,0,0,0,1,0.1,0
1160,3,EOLRN037073,293,EOL12,0,0,180,100,Vestas_V90_2000,None,0,0,0,1,0.1,0
1161,3,EOLRN037075,293,EOL12,0,0,180,100,Vestas_V90_2000,None,0,0,0,1,0.1,0
1162,3,EOLRN037076,293,EOL12,0,0,180,100,Vestas_V90_2000,None,0,0,0,1,0.1,0
1163,3,EOLRN037077,293,EOL12,0,0,180,100,Vestas_V90_2000,None,0,0,0,1,0.1,0
1164,3,EOLRN037294,293,EOL12,0,0,180,100,Vestas_V90_2000,None,0,0,0,1,0.1,0
1165,3,EOLRN037295,293,EOL12,0,0,180,100,Vestas_V90_2000,None,0,0,0,1,0.1,0
1166,3,EOLRN037296,293,EOL12,0,0,180,100,Vestas_V90_2000,None,0,0,0,1,0.1,0
1167,3,EOLRN037297,293,EOL12,0,0,180,100,Vestas_V90_2000,None,0,0,0,1,0.1,0
1168,3,EOLRN037298,293,EOL12,0,0,180,100,Vestas_V90_2000,None,0,0,0,1,0.1,0
1169,3,EOLRN037299,293,EOL12,0,0,180,100,Vestas_V90_2000,None,0,0,0,1,0.1,0
1170,3,EOLRN037663,292,EOL11,0,0,180,100,Vestas_V90_2000,None,0,0,0,1,0.1,0
1171,3,EOLRN037664,292,EOL11,0,0,180,100,Vestas_V90_2000,None,0,0,0,1,0.1,0
1172,3,EOLRN037949,293,EOL12,0,0,180,100,Vestas_V90_2000,None,0,0,0,1,0.1,0
1173,3,EOLRN037950,293,EOL12,0,0,180,100,Vestas_V90_2000,None,0,0,0,1,0.1,0
1174,3,EOLRN037959,293,EOL12,0,0,180,100,Vestas_V90_2000,None,0,0,0,1,0.1,0
1175,3,EOLRN037999,293,EOL12,0,0,180,100,Vestas_V90_2000,None,0,0,0,1,0.1,0
1176,3,EOLRN038002,293,EOL12,0,0,180,100,Vestas_V90_2000,None,0,0,0,1,0.1,0
1177,3,EOLRN038006,293,EOL12,0,0,180,100,Vestas_V90_2000,None,0,0,0,1,0.1,0
1178,3,EOLRN038035,293,EOL12,0,0,180,100,Vestas_V90_2000,None,0,0,0,1,0.1,0
1179,3,EOLRN038140,291,EOL10,0,0,180,100,Vestas_V90_2000,None,0,0,0,1,0.1,0
1180,3,EOLRN038141,291,EOL10,0,0,180,100,Vestas_V90_2000,None,0,0,0,1,0.1,0
1181,3,EOLRN038142,291,EOL10,0,0,180,100,Vestas_V90_2000,None,0,0,0,1,0.1,0
1182,3,EOLRN038143,291,EOL10,0,0,180,100,Vestas_V90_2000,None,0,0,0,1,0.1,0
1183,3,EOLRN038144,291,EOL10,0,0,180,100,Vestas_V90_2000,None,0,0,0,1,0.1,0
1184,3,EOLRN038310,293,EOL12,0,0,180,100,Vestas_V90_2000,None,0,0,0,1,0.1,0
1185,3,EOLRN038318,293,EOL12,0,0,180,100,Vestas_V90_2000,None,0,0,0,1,0.1,0
1186,3,EOLRN038319,293,EOL12,0,0,180,100,Vestas_V90_2000,None,0,0,0,1,0.1,0
1187,3,EOLRN038320,293,EOL12,0,0,180,100,Vestas_V90_2000,None,0,0,0,1,0.1,0
1188,3,EOLRN038321,293,EOL12,0,0,180,100,Vestas_V90_2000,None,0,0,0,1,0.1,0
1189,3,EOLRN038322,293,EOL12,0,0,180,100,Vestas_V90_2000,None,0,0,0,1,0.1,0
1190,3,EOLRN038323,293,EOL12,0,0,180,100,Vestas_V90_2000,None,0,0,0,1,0.1,0
1191,3,EOLRN038325,291,EOL10,0,0,180,100,Vestas_V90_2000,None,0,0,0,1,0.1,0
1192,3,EOLRN038326,291,EOL10,0,0,180,100,Vestas_V90_2000,None,0,0,0,1,0.1,0
1193,3,EOLRN038327,291,EOL10,0,0,180,100,Vestas_V90_2000,None,0,0,0,1,0.1,0
1194,3,EOLRN040584,293,EOL12,0,0,180,100,Vestas_V90_2000,None,0,0,0,1,0.1,0
1195,3,EOLRN040585,293,EOL12,0,0,180,100,Vestas_V90_2000,None,0,0,0,1,0.1,0
1196,3,EOLRN040594,291,EOL10,0,0,180,100,Vestas_V90_2000,None,0,0,0,1,0.1,0
1197,3,EOLRN040595,291,EOL10,0,0,180,100,Vestas_V90_2000,None,0,0,0,1,0.1,0
1198,3,EOLRN040596,291,EOL10,0,0,180,100,Vestas_V90_2000,None,0,0,0,1,0.1,0
1199,3,EOLRN040597,291,EOL10,0,0,180,100,Vestas_V90_2000,None,0,0,0,1,0.1,0
1200,3,EOLRN040598,291,EOL10,0,0,180,100,Vestas_V90_2000,None,0,0,0,1,0.1,0
1201,3,EOLRN040600,291,EOL10,0,0,180,100,Vestas_V90_2000,None,0,0,0,1,0.1,0
1202,3,EOLRN040601,291,EOL10,0,0,180,100,Vestas_V90_2000,None,0,0,0,1,0.1,0
1203,3,EOLRN040602,291,EOL10,0,0,180,100,Vestas_V90_2000,None,0,0,0,1,0.1,0
1204,3,EOLRN040625,292,EOL11,0,0,180,100,Vestas_V90_2000,None,0,0,0,1,0.1,0
1205,3,EOLRN040816,293,EOL12,0,0,180,100,Vestas_V90_2000,None,0,0,0,1,0.1,0
1206,3,EOLRN040818,293,EOL12,0,0,180,100,Vestas_V90_2000,None,0,0,0,1,0.1,0
1207,3,EOLRN044974,292,EOL11,0,0,180,100,Vestas_V90_2000,None,0,0,0,1,0.1,0
1208,3,EOLRN044975,292,EOL11,0,0,180,100,Vestas_V90_2000,None,0,0,0,1,0.1,0
1209,3,EOLRN044976,292,EOL11,0,0,180,100,Vestas_V90_2000,None,0,0,0,1,0.1,0
1210,3,EOLRN045010,292,EOL11,0,0,180,100,Vestas_V90_2000,None,0,0,0,1,0.1,0
1211,3,EOLRN045011,292,EOL11,0,0,180,100,Vestas_V90_2000,None,0,0,0,1,0.1,0
1212,3,EOLRN045012,292,EOL11,0,0,180,100,Vestas_V90_2000,None,0,0,0,1,0.1,0
1213,3,EOLRN046742,291,EOL10,0,0,180,100,Vestas_V90_2000,None,0,0,0,1,0.1,0
1214,3,EOLRN047162,292,EOL11,0,0,180,100,Vestas_V90_2000,None,0,0,0,1,0.1,0
1215,3,EOLRN047163,292,EOL11,0,0,180,100,Vestas_V90_2000,None,0,0,0,1,0.1,0
1216,3,EOLRN047164,292,EOL11,0,0,180,100,Vestas_V90_2000,None,0,0,0,1,0.1,0
1217,3,EOLRN047165,292,EOL11,0,0,180,100,Vestas_V90_2000,None,0,0,0,1,0.1,0
1218,3,EOLRN047198,292,EOL11,0,0,180,100,Vestas_V90_2000,None,0,0,0,1,0.1,0
1219,3,EOLRN047235,293,EOL12,0,0,180,100,Vestas_V90_2000,None,0,0,0,1,0.1,0
1220,3,EOLRN047236,292,EOL11,0,0,180,100,Vestas_V90_2000,None,0,0,0,1,0.1,0
1221,3,EOLRN047237,292,EOL11,0,0,180,100,Vestas_V90_2000,None,0,0,0,1,0.1,0
1222,3,EOLRN047238,292,EOL11,0,0,180,100,Vestas_V90_2000,None,0,0,0,1,0.1,0
1223,3,EOLRN047239,292,EOL11,0,0,180,100,Vestas_V90_2000,None,0,0,0,1,0.1,0
1224,3,EOLRN047241,292,EOL11,0,0,180,100,Vestas_V90_2000,None,0,0,0,1,0.1,0
1225,3,EOLRN047244,292,EOL11,0,0,180,100,Vestas_V90_2000,None,0,0,0,1,0.1,0
1226,3,EOLRN047247,292,EOL11,0,0,180,100,Vestas_V90_2000,None,0,0,0,1,0.1,0
1227,3,EOLRN049180,292,EOL11,0,0,180,100,Vestas_V90_2000,None,0,0,0,1,0.1,0
1318,3,EOLSE030296,288,EOL7,0,0,180,100,Vestas_V90_2000,None,0,0,0,1,0.1,0
1749,3,UFVAL053686,305,UFV3,0,0,180,100,Vestas_V90_2000,None,0,0,0,1,0.1,0
1751,3,UFVBA032049,310,UFV8,0,0,180,100,Vestas_V90_2000,None,0,0,0,1,0.1,0
1752,3,UFVBA032050,310,UFV8,0,0,180,100,Vestas_V90_2000,None,0,0,0,1,0.1,0
1753,3,UFVBA032052,310,UFV8,0,0,180,100,Vestas_V90_2000,None,0,0,0,1,0.1,0
1754,3,UFVBA032053,310,UFV8,0,0,180,100,Vestas_V90_2000,None,0,0,0,1,0.1,0
1755,3,UFVBA032059,310,UFV8,0,0,180,100,Vestas_V90_2000,None,0,0,0,1,0.1,0
1756,3,UFVBA032065,310,UFV8,0,0,180,100,Vestas_V90_2000,None,0,0,0,1,0.1,0
1757,3,UFVBA032066,310,UFV8,0,0,180,100,Vestas_V90_2000,None,0,0,0,1,0.1,0
1758,3,UFVBA032067,310,UFV8,0,0,180,100,Vestas_V90_2000,None,0,0,0,1,0.1,0
1759,3,UFVBA032316,540,UFV2_NE,0,0,180,100,Vestas_V90_2000,None,0,0,0,1,0.1,0
1760,3,UFVBA032317,540,UFV2_NE,0,0,180,100,Vestas_V90_2000,None,0,0,0,1,0.1,0
1761,3,UFVBA032318,540,UFV2_NE,0,0,180,100,Vestas_V90_2000,None,0,0,0,1,0.1,0
1762,3,UFVBA032319,540,UFV2_NE,0,0,180,100,Vestas_V90_2000,None,0,0,0,1,0.1,0
1763,3,UFVBA032320,540,UFV2_NE,0,0,180,100,Vestas_V90_2000,None,0,0,0,1,0.1,0
1764,3,UFVBA032321,540,UFV2_NE,0,0,180,100,Vestas_V90_2000,None,0,0,0,1,0.1,0
1765,3,UFVBA032322,540,UFV2_NE,0,0,180,100,Vestas_V90_2000,None,0,0,0,1,0.1,0
1766,3,UFVBA032892,310,UFV8,0,0,180,100,Vestas_V90_2000,None,0,0,0,1,0.1,0
1767,3,UFVBA032893,310,UFV8,0,0,180,100,Vestas_V90_2000,None,0,0,0,1,0.1,0
1768,3,UFVBA033469,540,UFV2_NE,0,0,180,100,Vestas_V90_2000,None,0,0,0,1,0.1,0
1769,3,UFVBA033470,540,UFV2_NE,0,0,180,100,Vestas_V90_2000,None,0,0,0,1,0.1,0
1770,3,UFVBA033471,540,UFV2_NE,0,0,180,100,Vestas_V90_2000,None,0,0,0,1,0.1,0
1771,3,UFVBA033473,540,UFV2_NE,0,0,180,100,Vestas_V90_2000,None,0,0,0,1,0.1,0
1772,3,UFVBA033588,310,UFV8,0,0,180,100,Vestas_V90_2000,None,0,0,0,1,0.1,0
1773,3,UFVBA033757,540,UFV2_NE,0,0,180,100,Vestas_V90_2000,None,0,0,0,1,0.1,0
1774,3,UFVBA033759,540,UFV2_NE,0,0,180,100,Vestas_V90_2000,None,0,0,0,1,0.1,0
1775,3,UFVBA033777,540,UFV2_NE,0,0,180,100,Vestas_V90_2000,None,0,0,0,1,0.1,0
1776,3,UFVBA033782,310,UFV8,0,0,180,100,Vestas_V90_2000,None,0,0,0,1,0.1,0
1777,3,UFVBA033784,310,UFV8,0,0,180,100,Vestas_V90_2000,None,0,0,0,1,0.1,0
1778,3,UFVBA033928,313,UFV11,0,0,180,100,Vestas_V90_2000,None,0,0,0,1,0.1,0
1779,3,UFVBA033929,313,UFV11,0,0,180,100,Vestas_V90_2000,None,0,0,0,1,0.1,0
1780,3,UFVBA033930,313,UFV11,0,0,180,100,Vestas_V90_2000,None,0,0,0,1,0.1,0
1781,3,UFVBA033931,313,UFV11,0,0,180,100,Vestas_V90_2000,None,0,0,0,1,0.1,0
1782,3,UFVBA034120,310,UFV8,0,0,180,100,Vestas_V90_2000,None,0,0,0,1,0.1,0
1783,3,UFVBA034153,310,UFV8,0,0,180,100,Vestas_V90_2000,None,0,0,0,1,0.1,0
1784,3,UFVBA034158,310,UFV8,0,0,180,100,Vestas_V90_2000,None,0,0,0,1,0.1,0
1785,3,UFVBA034333,310,UFV8,0,0,180,100,Vestas_V90_2000,None,0,0,0,1,0.1,0
1786,3,UFVBA034387,310,UFV8,0,0,180,100,Vestas_V90_2000,None,0,0,0,1,0.1,0
1787,3,UFVBA034406,308,UFV6,0,0,180,100,Vestas_V90_2000,None,0,0,0,1,0.1,0
1788,3,UFVBA034407,308,UFV6,0,0,180,100,Vestas_V90_2000,None,0,0,0,1,0.1,0
1789,3,UFVBA034437,310,UFV8,0,0,180,100,Vestas_V90_2000,None,0,0,0,1,0.1,0
1790,3,UFVBA037479,313,UFV11,0,0,180,100,Vestas_V90_2000,None,0,0,0,1,0.1,0
1791,3,UFVBA037480,313,UFV11,0,0,180,100,Vestas_V90_2000,None,0,0,0,1,0.1,0
1792,3,UFVBA037481,313,UFV11,0,0,180,100,Vestas_V90_2000,None,0,0,0,1,0.1,0
1793,3,UFVBA037482,313,UFV11,0,0,180,100,Vestas_V90_2000,None,0,0,0,1,0.1,0
1794,3,UFVBA037483,313,UFV11,0,0,180,100,Vestas_V90_2000,None,0,0,0,1,0.1,0
1795,3,UFVBA037484,313,UFV11,0,0,180,100,Vestas_V90_2000,None,0,0,0,1,0.1,0
1796,3,UFVBA037485,313,UFV11,0,0,180,100,Vestas_V90_2000,None,0,0,0,1,0.1,0
1797,3,UFVBA037486,313,UFV11,0,0,180,100,Vestas_V90_2000,None,0,0,0,1,0.1,0
1798,3,UFVBA037487,313,UFV11,0,0,180,100,Vestas_V90_2000,None,0,0,0,1,0.1,0
1799,3,UFVBA037488,313,UFV11,0,0,180,100,Vestas_V90_2000,None,0,0,0,1,0.1,0
1800,3,UFVBA037489,313,UFV11,0,0,180,100,Vestas_V90_2000,None,0,0,0,1,0.1,0
1801,3,UFVBA037490,313,UFV11,0,0,180,100,Vestas_V90_2000,None,0,0,0,1,0.1,0
1802,3,UFVBA037491,313,UFV11,0,0,180,100,Vestas_V90_2000,None,0,0,0,1,0.1,0
1803,3,UFVBA037492,313,UFV11,0,0,180,100,Vestas_V90_2000,None,0,0,0,1,0.1,0
1804,3,UFVBA037493,313,UFV11,0,0,180,100,Vestas_V90_2000,None,0,0,0,1,0.1,0
1805,3,UFVBA037494,313,UFV11,0,0,180,100,Vestas_V90_2000,None,0,0,0,1,0.1,0
1806,3,UFVBA037495,313,UFV11,0,0,180,100,Vestas_V90_2000,None,0,0,0,1,0.1,0
1807,3,UFVBA037496,313,UFV11,0,0,180,100,Vestas_V90_2000,None,0,0,0,1,0.1,0
1808,3,UFVBA037497,313,UFV11,0,0,180,100,Vestas_V90_2000,None,0,0,0,1,0.1,0
1809,3,UFVBA037498,313,UFV11,0,0,180,100,Vestas_V90_2000,None,0,0,0,1,0.1,0
1810,3,UFVBA037499,313,UFV11,0,0,180,100,Vestas_V90_2000,None,0,0,0,1,0.1,0
1811,3,UFVBA037500,313,UFV11,0,0,180,100,Vestas_V90_2000,None,0,0,0,1,0.1,0
1812,3,UFVBA043284,313,UFV11,0,0,180,100,Vestas_V90_2000,None,0,0,0,1,0.1,0
1813,3,UFVBA043285,313,UFV11,0,0,180,100,Vestas_V90_2000,None,0,0,0,1,0.1,0
1814,3,UFVBA043286,313,UFV11,0,0,180,100,Vestas_V90_2000,None,0,0,0,1,0.1,0
1815,3,UFVBA044754,313,UFV11,0,0,180,100,Vestas_V90_2000,None,0,0,0,1,0.1,0
1816,3,UFVBA049251,308,UFV6,0,0,180,100,Vestas_V90_2000,None,0,0,0,1,0.1,0
1817,3,UFVCE030060,314,UFV12,0,0,180,100,Vestas_V90_2000,None,0,0,0,1,0.1,0
1818,3,UFVCE033917,309,UFV7,0,0,180,100,Vestas_V90_2000,None,0,0,0,1,0.1,0
1819,3,UFVCE033918,309,UFV7,0,0,180,100,Vestas_V90_2000,None,0,0,0,1,0.1,0
1820,3,UFVCE033919,309,UFV7,0,0,180,100,Vestas_V90_2000,None,0,0,0,1,0.1,0
1821,3,UFVCE033920,309,UFV7,0,0,180,100,Vestas_V90_2000,None,0,0,0,1,0.1,0
1822,3,UFVCE034745,540,UFV2_NE,0,0,180,100,Vestas_V90_2000,None,0,0,0,1,0.1,0
1823,3,UFVCE034746,540,UFV2_NE,0,0,180,100,Vestas_V90_2000,None,0,0,0,1,0.1,0
1824,3,UFVCE034747,540,UFV2_NE,0,0,180,100,Vestas_V90_2000,None,0,0,0,1,0.1,0
1825,3,UFVCE035699,309,UFV7,0,0,180,100,Vestas_V90_2000,None,0,0,0,1,0.1,0
1826,3,UFVCE035859,309,UFV7,0,0,180,100,Vestas_V90_2000,None,0,0,0,1,0.1,0
1827,3,UFVCE035860,309,UFV7,0,0,180,100,Vestas_V90_2000,None,0,0,0,1,0.1,0
1828,3,UFVCE035861,309,UFV7,0,0,180,100,Vestas_V90_2000,None,0,0,0,1,0.1,0
1829,3,UFVCE035862,309,UFV7,0,0,180,100,Vestas_V90_2000,None,0,0,0,1,0.1,0
1830,3,UFVCE035863,309,UFV7,0,0,180,100,Vestas_V90_2000,None,0,0,0,1,0.1,0
1831,3,UFVCE035864,309,UFV7,0,0,180,100,Vestas_V90_2000,None,0,0,0,1,0.1,0
1832,3,UFVCE035883,309,UFV7,0,0,180,100,Vestas_V90_2000,None,0,0,0,1,0.1,0
1833,3,UFVCE035884,309,UFV7,0,0,180,100,Vestas_V90_2000,None,0,0,0,1,0.1,0
1834,3,UFVCE037865,540,UFV2_NE,0,0,180,100,Vestas_V90_2000,None,0,0,0,1,0.1,0
1835,3,UFVCE037866,540,UFV2_NE,0,0,180,100,Vestas_V90_2000,None,0,0,0,1,0.1,0
1836,3,UFVCE037867,540,UFV2_NE,0,0,180,100,Vestas_V90_2000,None,0,0,0,1,0.1,0
1837,3,UFVCE037868,540,UFV2_NE,0,0,180,100,Vestas_V90_2000,None,0,0,0,1,0.1,0
1838,3,UFVCE037869,540,UFV2_NE,0,0,180,100,Vestas_V90_2000,None,0,0,0,1,0.1,0
1839,3,UFVCE037870,540,UFV2_NE,0,0,180,100,Vestas_V90_2000,None,0,0,0,1,0.1,0
1840,3,UFVCE037871,540,UFV2_NE,0,0,180,100,Vestas_V90_2000,None,0,0,0,1,0.1,0
1841,3,UFVCE037872,540,UFV2_NE,0,0,180,100,Vestas_V90_2000,None,0,0,0,1,0.1,0
1842,3,UFVCE044495,540,UFV2_NE,0,0,180,100,Vestas_V90_2000,None,0,0,0,1,0.1,0
1843,3,UFVCE044496,540,UFV2_NE,0,0,180,100,Vestas_V90_2000,None,0,0,0,1,0.1,0
1844,3,UFVCE044573,314,UFV12,0,0,180,100,Vestas_V90_2000,None,0,0,0,1,0.1,0
1845,3,UFVCE044574,314,UFV12,0,0,180,100,Vestas_V90_2000,None,0,0,0,1,0.1,0
1846,3,UFVCE044575,314,UFV12,0,0,180,100,Vestas_V90_2000,None,0,0,0,1,0.1,0
1847,3,UFVCE044576,314,UFV12,0,0,180,100,Vestas_V90_2000,None,0,0,0,1,0.1,0
1848,3,UFVCE044579,314,UFV12,0,0,180,100,Vestas_V90_2000,None,0,0,0,1,0.1,0
1849,3,UFVCE047255,309,UFV7,0,0,180,100,Vestas_V90_2000,None,0,0,0,1,0.1,0
1965,3,UFVPB032311,307,UFV5,0,0,180,100,Vestas_V90_2000,None,0,0,0,1,0.1,0
1966,3,UFVPB032544,307,UFV5,0,0,180,100,Vestas_V90_2000,None,0,0,0,1,0.1,0
1967,3,UFVPB032843,307,UFV5,0,0,180,100,Vestas_V90_2000,None,0,0,0,1,0.1,0
1968,3,UFVPB032865,307,UFV5,0,0,180,100,Vestas_V90_2000,None,0,0,0,1,0.1,0
1969,3,UFVPB032882,307,UFV5,0,0,180,100,Vestas_V90_2000,None,0,0,0,1,0.1,0
1970,3,UFVPB032888,307,UFV5,0,0,180,100,Vestas_V90_2000,None,0,0,0,1,0.1,0
1971,3,UFVPB032926,307,UFV5,0,0,180,100,Vestas_V90_2000,None,0,0,0,1,0.1,0
1972,3,UFVPB034085,307,UFV5,0,0,180,100,Vestas_V90_2000,None,0,0,0,1,0.1,0
1973,3,UFVPB034086,307,UFV5,0,0,180,100,Vestas_V90_2000,None,0,0,0,1,0.1,0
1974,3,UFVPB037916,307,UFV5,0,0,180,100,Vestas_V90_2000,None,0,0,0,1,0.1,0
1975,3,UFVPB043210,307,UFV5,0,0,180,100,Vestas_V90_2000,None,0,0,0,1,0.1,0
1976,3,UFVPB043215,307,UFV5,0,0,180,100,Vestas_V90_2000,None,0,0,0,1,0.1,0
1977,3,UFVPB044469,307,UFV5,0,0,180,100,Vestas_V90_2000,None,0,0,0,1,0.1,0
1978,3,UFVPB044470,307,UFV5,0,0,180,100,Vestas_V90_2000,None,0,0,0,1,0.1,0
1979,3,UFVPB049424,305,UFV3,0,0,180,100,Vestas_V90_2000,None,0,0,0,1,0.1,0
1980,3,UFVPB050792,305,UFV3,0,0,180,100,Vestas_V90_2000,None,0,0,0,1,0.1,0
1981,3,UFVPB052044,305,UFV3,0,0,180,100,Vestas_V90_2000,None,0,0,0,1,0.1,0
1982,3,UFVPE032372,308,UFV6,0,0,180,100,Vestas_V90_2000,None,0,0,0,1,0.1,0
1983,3,UFVPE032373,308,UFV6,0,0,180,100,Vestas_V90_2000,None,0,0,0,1,0.1,0
1984,3,UFVPE033606,313,UFV11,0,0,180,100,Vestas_V90_2000,None,0,0,0,1,0.1,0
1985,3,UFVPE034105,313,UFV11,0,0,180,100,Vestas_V90_2000,None,0,0,0,1,0.1,0
1986,3,UFVPE034160,313,UFV11,0,0,180,100,Vestas_V90_2000,None,0,0,0,1,0.1,0
1987,3,UFVPE034169,308,UFV6,0,0,180,100,Vestas_V90_2000,None,0,0,0,1,0.1,0
1988,3,UFVPE034234,308,UFV6,0,0,180,100,Vestas_V90_2000,None,0,0,0,1,0.1,0
1989,3,UFVPE034305,305,UFV3,0,0,180,100,Vestas_V90_2000,None,0,0,0,1,0.1,0
1990,3,UFVPE034405,308,UFV6,0,0,180,100,Vestas_V90_2000,None,0,0,0,1,0.1,0
1991,3,UFVPE037465,308,UFV6,0,0,180,100,Vestas_V90_2000,None,0,0,0,1,0.1,0
1992,3,UFVPE037466,308,UFV6,0,0,180,100,Vestas_V90_2000,None,0,0,0,1,0.1,0
1993,3,UFVPE037516,308,UFV6,0,0,180,100,Vestas_V90_2000,None,0,0,0,1,0.1,0
1994,3,UFVPE040725,308,UFV6,0,0,180,100,Vestas_V90_2000,None,0,0,0,1,0.1,0
1995,3,UFVPE040726,308,UFV6,0,0,180,100,Vestas_V90_2000,None,0,0,0,1,0.1,0
1996,3,UFVPE040727,308,UFV6,0,0,180,100,Vestas_V90_2000,None,0,0,0,1,0.1,0
1997,3,UFVPE040728,308,UFV6,0,0,180,100,Vestas_V90_2000,None,0,0,0,1,0.1,0
1998,3,UFVPE040735,308,UFV6,0,0,180,100,Vestas_V90_2000,None,0,0,0,1,0.1,0
1999,3,UFVPE040736,308,UFV6,0,0,180,100,Vestas_V90_2000,None,0,0,0,1,0.1,0
2000,3,UFVPE040737,308,UFV6,0,0,180,100,Vestas_V90_2000,None,0,0,0,1,0.1,0
2001,3,UFVPE040738,308,UFV6,0,0,180,100,Vestas_V90_2000,None,0,0,0,1,0.1,0
2002,3,UFVPE040739,308,UFV6,0,0,180,100,Vestas_V90_2000,None,0,0,0,1,0.1,0
2003,3,UFVPE042927,308,UFV6,0,0,180,100,Vestas_V90_2000,None,0,0,0,1,0.1,0
2004,3,UFVPE042928,308,UFV6,0,0,180,100,Vestas_V90_2000,None,0,0,0,1,0.1,0
2005,3,UFVPE043267,308,UFV6,0,0,180,100,Vestas_V90_2000,None,0,0,0,1,0.1,0
2006,3,UFVPE050605,305,UFV3,0,0,180,100,Vestas_V90_2000,None,0,0,0,1,0.1,0
2007,3,UFVPE050606,305,UFV3,0,0,180,100,Vestas_V90_2000,None,0,0,0,1,0.1,0
2008,3,UFVPE051965,305,UFV3,0,0,180,100,Vestas_V90_2000,None,0,0,0,1,0.1,0
2009,3,UFVPE054877,307,UFV5,0,0,180,100,Vestas_V90_2000,None,0,0,0,1,0.1,0
2010,3,UFVPE055055,305,UFV3,0,0,180,100,Vestas_V90_2000,None,0,0,0,1,0.1,0
2011,3,UFVPE062074,305,UFV3,0,0,180,100,Vestas_V90_2000,None,0,0,0,1,0.1,0
2012,3,UFVPI031685,313,UFV11,0,0,180,100,Vestas_V90_2000,None,0,0,0,1,0.1,0
2013,3,UFVPI031686,313,UFV11,0,0,180,100,Vestas_V90_2000,None,0,0,0,1,0.1,0
2014,3,UFVPI031687,313,UFV11,0,0,180,100,Vestas_V90_2000,None,0,0,0,1,0.1,0
2015,3,UFVPI031688,313,UFV11,0,0,180,100,Vestas_V90_2000,None,0,0,0,1,0.1,0
2016,3,UFVPI031689,313,UFV11,0,0,180,100,Vestas_V90_2000,None,0,0,0,1,0.1,0
2017,3,UFVPI031690,313,UFV11,0,0,180,100,Vestas_V90_2000,None,0,0,0,1,0.1,0
2018,3,UFVPI031691,313,UFV11,0,0,180,100,Vestas_V90_2000,None,0,0,0,1,0.1,0
2019,3,UFVPI033127,540,UFV2_NE,0,0,180,100,Vestas_V90_2000,None,0,0,0,1,0.1,0
2020,3,UFVPI033128,540,UFV2_NE,0,0,180,100,Vestas_V90_2000,None,0,0,0,1,0.1,0
2021,3,UFVPI033129,540,UFV2_NE,0,0,180,100,Vestas_V90_2000,None,0,0,0,1,0.1,0
2022,3,UFVPI033130,540,UFV2_NE,0,0,180,100,Vestas_V90_2000,None,0,0,0,1,0.1,0
2023,3,UFVPI033131,540,UFV2_NE,0,0,180,100,Vestas_V90_2000,None,0,0,0,1,0.1,0
2024,3,UFVPI033132,540,UFV2_NE,0,0,180,100,Vestas_V90_2000,None,0,0,0,1,0.1,0
2025,3,UFVPI033133,540,UFV2_NE,0,0,180,100,Vestas_V90_2000,None,0,0,0,1,0.1,0
2026,3,UFVPI033841,540,UFV2_NE,0,0,180,100,Vestas_V90_2000,None,0,0,0,1,0.1,0
2027,3,UFVPI033842,540,UFV2_NE,0,0,180,100,Vestas_V90_2000,None,0,0,0,1,0.1,0
2028,3,UFVPI033843,540,UFV2_NE,0,0,180,100,Vestas_V90_2000,None,0,0,0,1,0.1,0
2029,3,UFVPI033844,540,UFV2_NE,0,0,180,100,Vestas_V90_2000,None,0,0,0,1,0.1,0
2030,3,UFVPI033845,540,UFV2_NE,0,0,180,100,Vestas_V90_2000,None,0,0,0,1,0.1,0
2031,3,UFVPI033846,540,UFV2_NE,0,0,180,100,Vestas_V90_2000,None,0,0,0,1,0.1,0
2032,3,UFVPI033847,540,UFV2_NE,0,0,180,100,Vestas_V90_2000,None,0,0,0,1,0.1,0
2033,3,UFVPI033849,540,UFV2_NE,0,0,180,100,Vestas_V90_2000,None,0,0,0,1,0.1,0
2034,3,UFVPI034384,540,UFV2_NE,0,0,180,100,Vestas_V90_2000,None,0,0,0,1,0.1,0
2035,3,UFVPI034388,540,UFV2_NE,0,0,180,100,Vestas_V90_2000,None,0,0,0,1,0.1,0
2036,3,UFVPI034785,540,UFV2_NE,0,0,180,100,Vestas_V90_2000,None,0,0,0,1,0.1,0
2037,3,UFVPI034786,540,UFV2_NE,0,0,180,100,Vestas_V90_2000,None,0,0,0,1,0.1,0
2038,3,UFVPI034787,540,UFV2_NE,0,0,180,100,Vestas_V90_2000,None,0,0,0,1,0.1,0
2039,3,UFVPI034788,540,UFV2_NE,0,0,180,100,Vestas_V90_2000,None,0,0,0,1,0.1,0
2040,3,UFVPI034789,540,UFV2_NE,0,0,180,100,Vestas_V90_2000,None,0,0,0,1,0.1,0
2041,3,UFVPI034790,540,UFV2_NE,0,0,180,100,Vestas_V90_2000,None,0,0,0,1,0.1,0
2042,3,UFVPI037577,540,UFV2_NE,0,0,180,100,Vestas_V90_2000,None,0,0,0,1,0.1,0
2043,3,UFVPI037578,540,UFV2_NE,0,0,180,100,Vestas_V90_2000,None,0,0,0,1,0.1,0
2044,3,UFVPI037579,540,UFV2_NE,0,0,180,100,Vestas_V90_2000,None,0,0,0,1,0.1,0
2045,3,UFVPI037581,540,UFV2_NE,0,0,180,100,Vestas_V90_2000,None,0,0,0,1,0.1,0
2046,3,UFVPI037582,540,UFV2_NE,0,0,180,100,Vestas_V90_2000,None,0,0,0,1,0.1,0
2047,3,UFVPI037584,540,UFV2_NE,0,0,180,100,Vestas_V90_2000,None,0,0,0,1,0.1,0
2048,3,UFVPI037585,540,UFV2_NE,0,0,180,100,Vestas_V90_2000,None,0,0,0,1,0.1,0
2049,3,UFVPI037586,540,UFV2_NE,0,0,180,100,Vestas_V90_2000,None,0,0,0,1,0.1,0
2050,3,UFVPI037588,540,UFV2_NE,0,0,180,100,Vestas_V90_2000,None,0,0,0,1,0.1,0
2051,3,UFVPI037589,540,UFV2_NE,0,0,180,100,Vestas_V90_2000,None,0,0,0,1,0.1,0
2052,3,UFVPI068301,540,UFV2_NE,0,0,180,100,Vestas_V90_2000,None,0,0,0,1,0.1,0
2053,3,UFVRN031399,309,UFV7,0,0,180,100,Vestas_V90_2000,None,0,0,0,1,0.1,0
2054,3,UFVRN031694,309,UFV7,0,0,180,100,Vestas_V90_2000,None,0,0,0,1,0.1,0
2055,3,UFVRN033569,309,UFV7,0,0,180,100,Vestas_V90_2000,None,0,0,0,1,0.1,0
2056,3,UFVRN034184,309,UFV7,0,0,180,100,Vestas_V90_2000,None,0,0,0,1,0.1,0
2057,3,UFVRN034309,309,UFV7,0,0,180,100,Vestas_V90_2000,None,0,0,0,1,0.1,0
2058,3,UFVRN034310,309,UFV7,0,0,180,100,Vestas_V90_2000,None,0,0,0,1,0.1,0
2059,3,UFVRN037811,309,UFV7,0,0,180,100,Vestas_V90_2000,None,0,0,0,1,0.1,0
2060,3,UFVRN037812,309,UFV7,0,0,180,100,Vestas_V90_2000,None,0,0,0,1,0.1,0
2061,3,UFVRN047422,309,UFV7,0,0,180,100,Vestas_V90_2000,None,0,0,0,1,0.1,0
2062,3,UFVRN047423,309,UFV7,0,0,180,100,Vestas_V90_2000,None,0,0,0,1,0.1,0
2063,3,UFVRN047424,309,UFV7,0,0,180,100,Vestas_V90_2000,None,0,0,0,1,0.1,0
2064,3,UFVRN047425,309,UFV7,0,0,180,100,Vestas_V90_2000,None,0,0,0,1,0.1,0
2065,3,UFVRN048822,309,UFV7,0,0,180,100,Vestas_V90_2000,None,0,0,0,1,0.1,0
2066,3,UFVRN050250,309,UFV7,0,0,180,100,Vestas_V90_2000,None,0,0,0,1,0.1,0
2067,3,UFVRN053852,309,UFV7,0,0,180,100,Vestas_V90_2000,None,0,0,0,1,0.1,0
2068,3,UFVRN068302,309,UFV7,0,0,180,100,Vestas_V90_2000,None,0,0,0,1,0.1,0
2096,3,UFVSE062878,308,UFV6,0,0,180,100,Vestas_V90_2000,None,0,0,0,1,0.1,0
2515,3,EOLCE032485,291,EOL10,0,0,180,100,Vestas_V90_2000,None,0,0,0,1,0.1,0
2516,3,EOLCE041921,291,EOL10,0,0,180,100,Vestas_V90_2000,None,0,0,0,1,0.1,0
2517,3,EOLCE041922,291,EOL10,0,0,180,100,Vestas_V90_2000,None,0,0,0,1,0.1,0
2518,3,EOLRN050082,291,EOL10,0,0,180,100,Vestas_V90_2000,None,0,0,0,1,0.1,0
2519,3,EOLRN050083,291,EOL10,0,0,180,100,Vestas_V90_2000,None,0,0,0,1,0.1,0
2520,3,ENE128544,292,EOL11,0,0,180,100,Vestas_V90_2000,None,0,0,0,1,0.1,0
2521,3,ENE12858508,292,EOL11,0,0,180,100,Vestas_V90_2000,None,0,0,0,1,0.1,0
2522,3,ENE129544,292,EOL11,0,0,180,100,Vestas_V90_2000,None,0,0,0,1,0.1,0
2523,3,ENE12958508,292,EOL11,0,0,180,100,Vestas_V90_2000,None,0,0,0,1,0.1,0
2524,3,ENE130544,292,EOL11,0,0,180,100,Vestas_V90_2000,None,0,0,0,1,0.1,0
2525,3,ENE13058508,292,EOL11,0,0,180,100,Vestas_V90_2000,None,0,0,0,1,0.1,0
2526,3,ENE131544,292,EOL11,0,0,180,100,Vestas_V90_2000,None,0,0,0,1,0.1,0
2527,3,ENE13158508,292,EOL11,0,0,180,100,Vestas_V90_2000,None,0,0,0,1,0.1,0
2528,3,ENE132544,292,EOL11,0,0,180,100,Vestas_V90_2000,None,0,0,0,1,0.1,0
2529,3,ENE13258508,292,EOL11,0,0,180,100,Vestas_V90_2000,None,0,0,0,1,0.1,0
2530,3,ENE133544,292,EOL11,0,0,180,100,Vestas_V90_2000,None,0,0,0,1,0.1,0
2531,3,ENE13358508,292,EOL11,0,0,180,100,Vestas_V90_2000,None,0,0,0,1,0.1,0
2532,3,ENE134544,292,EOL11,0,0,180,100,Vestas_V90_2000,None,0,0,0,1,0.1,0
2533,3,ENE13458508,292,EOL11,0,0,180,100,Vestas_V90_2000,None,0,0,0,1,0.1,0
2534,3,ENE135544,292,EOL11,0,0,180,100,Vestas_V90_2000,None,0,0,0,1,0.1,0
2535,3,ENE13558508,292,EOL11,0,0,180,100,Vestas_V90_2000,None,0,0,0,1,0.1,0
2536,3,ENE136544,292,EOL11,0,0,180,100,Vestas_V90_2000,None,0,0,0,1,0.1,0
2537,3,ENE13658508,292,EOL11,0,0,180,100,Vestas_V90_2000,None,0,0,0,1,0.1,0
2538,3,ENE137544,292,EOL11,0,0,180,100,Vestas_V90_2000,None,0,0,0,1,0.1,0
2539,3,ENE13758508,292,EOL11,0,0,180,100,Vestas_V90_2000,None,0,0,0,1,0.1,0
2540,3,ENE138544,292,EOL11,0,0,180,100,Vestas_V90_2000,None,0,0,0,1,0.1,0
2541,3,ENE13858508,292,EOL11,0,0,180,100,Vestas_V90_2000,None,0,0,0,1,0.1,0
2542,3,ENE139544,292,EOL11,0,0,180,100,Vestas_V90_2000,None,0,0,0,1,0.1,0
2543,3,ENE13958508,292,EOL11,0,0,180,100,Vestas_V90_2000,None,0,0,0,1,0.1,0
2544,3,ENE228544,292,EOL11,0,0,180,100,Vestas_V90_2000,None,0,0,0,1,0.1,0
2545,3,ENE22858508,292,EOL11,0,0,180,100,Vestas_V90_2000,None,0,0,0,1,0.1,0
2546,3,ENE229544,292,EOL11,0,0,180,100,Vestas_V90_2000,None,0,0,0,1,0.1,0
2547,3,ENE22958508,292,EOL11,0,0,180,100,Vestas_V90_2000,None,0,0,0,1,0.1,0
2548,3,ENE230544,292,EOL11,0,0,180,100,Vestas_V90_2000,None,0,0,0,1,0.1,0
2549,3,ENE23058508,292,EOL11,0,0,180,100,Vestas_V90_2000,None,0,0,0,1,0.1,0
2550,3,ENE231544,292,EOL11,0,0,180,100,Vestas_V90_2000,None,0,0,0,1,0.1,0
2551,3,ENE23158508,292,EOL11,0,0,180,100,Vestas_V90_2000,None,0,0,0,1,0.1,0
2552,3,ENE232544,292,EOL11,0,0,180,100,Vestas_V90_2000,None,0,0,0,1,0.1,0
2553,3,ENE23258508,292,EOL11,0,0,180,100,Vestas_V90_2000,None,0,0,0,1,0.1,0
2554,3,ENE233544,292,EOL11,0,0,180,100,Vestas_V90_2000,None,0,0,0,1,0.1,0
2555,3,ENE23358508,292,EOL11,0,0,180,100,Vestas_V90_2000,None,0,0,0,1,0.1,0
2556,3,ENE234544,292,EOL11,0,0,180,100,Vestas_V90_2000,None,0,0,0,1,0.1,0
2557,3,ENE23458508,292,EOL11,0,0,180,100,Vestas_V90_2000,None,0,0,0,1,0.1,0
2558,3,ENE235544,292,EOL11,0,0,180,100,Vestas_V90_2000,None,0,0,0,1,0.1,0
2559,3,ENE23558508,292,EOL11,0,0,180,100,Vestas_V90_2000,None,0,0,0,1,0.1,0
2560,3,ENE236544,292,EOL11,0,0,180,100,Vestas_V90_2000,None,0,0,0,1,0.1,0
2561,3,ENE23658508,292,EOL11,0,0,180,100,Vestas_V90_2000,None,0,0,0,1,0.1,0
2562,3,ENE237544,292,EOL11,0,0,180,100,Vestas_V90_2000,None,0,0,0,1,0.1,0
2563,3,ENE23758508,292,EOL11,0,0,180,100,Vestas_V90_2000,None,0,0,0,1,0.1,0
2564,3,ENE238544,292,EOL11,0,0,180,100,Vestas_V90_2000,None,0,0,0,1,0.1,0
2565,3,ENE23858508,292,EOL11,0,0,180,100,Vestas_V90_2000,None,0,0,0,1,0.1,0
2566,3,ENE239544,292,EOL11,0,0,180,100,Vestas_V90_2000,None,0,0,0,1,0.1,0
2567,3,ENE23958508,292,EOL11,0,0,180,100,Vestas_V90_2000,None,0,0,0,1,0.1,0
2568,3,ENE328544,292,EOL11,0,0,180,100,Vestas_V90_2000,None,0,0,0,1,0.1,0
2569,3,ENE32858508,292,EOL11,0,0,180,100,Vestas_V90_2000,None,0,0,0,1,0.1,0
2570,3,ENE329544,292,EOL11,0,0,180,100,Vestas_V90_2000,None,0,0,0,1,0.1,0
2571,3,ENE32958508,292,EOL11,0,0,180,100,Vestas_V90_2000,None,0,0,0,1,0.1,0
2572,3,ENE330544,292,EOL11,0,0,180,100,Vestas_V90_2000,None,0,0,0,1,0.1,0
2573,3,ENE33058508,292,EOL11,0,0,180,100,Vestas_V90_2000,None,0,0,0,1,0.1,0
2574,3,ENE331544,292,EOL11,0,0,180,100,Vestas_V90_2000,None,0,0,0,1,0.1,0
2575,3,ENE33158508,292,EOL11,0,0,180,100,Vestas_V90_2000,None,0,0,0,1,0.1,0
2576,3,ENE332544,292,EOL11,0,0,180,100,Vestas_V90_2000,None,0,0,0,1,0.1,0
2577,3,ENE33258508,292,EOL11,0,0,180,100,Vestas_V90_2000,None,0,0,0,1,0.1,0
2578,3,ENE333544,292,EOL11,0,0,180,100,Vestas_V90_2000,None,0,0,0,1,0.1,0
2579,3,ENE33358508,292,EOL11,0,0,180,100,Vestas_V90_2000,None,0,0,0,1,0.1,0
2580,3,ENE334544,292,EOL11,0,0,180,100,Vestas_V90_2000,None,0,0,0,1,0.1,0
2581,3,ENE33458508,292,EOL11,0,0,180,100,Vestas_V90_2000,None,0,0,0,1,0.1,0
2582,3,ENE335544,292,EOL11,0,0,180,100,Vestas_V90_2000,None,0,0,0,1,0.1,0
2583,3,ENE33558508,292,EOL11,0,0,180,100,Vestas_V90_2000,None,0,0,0,1,0.1,0
2584,3,ENE336544,292,EOL11,0,0,180,100,Vestas_V90_2000,None,0,0,0,1,0.1,0
2585,3,ENE33658508,292,EOL11,0,0,180,100,Vestas_V90_2000,None,0,0,0,1,0.1,0
2586,3,ENE337544,292,EOL11,0,0,180,100,Vestas_V90_2000,None,0,0,0,1,0.1,0
2587,3,ENE33758508,292,EOL11,0,0,180,100,Vestas_V90_2000,None,0,0,0,1,0.1,0
2588,3,ENE338544,292,EOL11,0,0,180,100,Vestas_V90_2000,None,0,0,0,1,0.1,0
2589,3,ENE33858508,292,EOL11,0,0,180,100,Vestas_V90_2000,None,0,0,0,1,0.1,0
2590,3,ENE339544,292,EOL11,0,0,180,100,Vestas_V90_2000,None,0,0,0,1,0.1,0
2591,3,ENE33958508,292,EOL11,0,0,180,100,Vestas_V90_2000,None,0,0,0,1,0.1,0
2592,3,EOLPB040615,292,EOL11,0,0,180,100,Vestas_V90_2000,None,0,0,0,1,0.1,0
2593,3,EOLPB044988,292,EOL11,0,0,180,100,Vestas_V90_2000,None,0,0,0,1,0.1,0
2594,3,EOLPB044989,292,EOL11,0,0,180,100,Vestas_V90_2000,None,0,0,0,1,0.1,0
2595,3,EOLPB044990,292,EOL11,0,0,180,100,Vestas_V90_2000,None,0,0,0,1,0.1,0
2596,3,EOLPB044991,292,EOL11,0,0,180,100,Vestas_V90_2000,None,0,0,0,1,0.1,0
2597,3,EOLPB049818,292,EOL11,0,0,180,100,Vestas_V90_2000,None,0,0,0,1,0.1,0
2598,3,EOLPB049819,292,EOL11,0,0,180,100,Vestas_V90_2000,None,0,0,0,1,0.1,0
2599,3,EOLPB049820,292,EOL11,0,0,180,100,Vestas_V90_2000,None,0,0,0,1,0.1,0
2600,3,EOLPB049821,292,EOL11,0,0,180,100,Vestas_V90_2000,None,0,0,0,1,0.1,0
2601,3,EOLPB049822,292,EOL11,0,0,180,100,Vestas_V90_2000,None,0,0,0,1,0.1,0
2602,3,EOLPB049823,292,EOL11,0,0,180,100,Vestas_V90_2000,None,0,0,0,1,0.1,0
2603,3,EOLPB049824,292,EOL11,0,0,180,100,Vestas_V90_2000,None,0,0,0,1,0.1,0
2604,3,EOLPB049825,292,EOL11,0,0,180,100,Vestas_V90_2000,None,0,0,0,1,0.1,0
2605,3,EOLPB049826,292,EOL11,0,0,180,100,Vestas_V90_2000,None,0,0,0,1,0.1,0
2606,3,EOLPB049827,292,EOL11,0,0,180,100,Vestas_V90_2000,None,0,0,0,1,0.1,0
2607,3,EOLPB049828,292,EOL11,0,0,180,100,Vestas_V90_2000,None,0,0,0,1,0.1,0
2608,3,EOLPB049829,292,EOL11,0,0,180,100,Vestas_V90_2000,None,0,0,0,1,0.1,0
2609,3,EOLPB049830,292,EOL11,0,0,180,100,Vestas_V90_2000,None,0,0,0,1,0.1,0
2610,3,EOLPB049831,292,EOL11,0,0,180,100,Vestas_V90_2000,None,0,0,0,1,0.1,0
2611,3,EOLPB049832,292,EOL11,0,0,180,100,Vestas_V90_2000,None,0,0,0,1,0.1,0
2612,3,EOLPB049833,292,EOL11,0,0,180,100,Vestas_V90_2000,None,0,0,0,1,0.1,0
2613,3,EOLPB049834,292,EOL11,0,0,180,100,Vestas_V90_2000,None,0,0,0,1,0.1,0
2614,3,EOLPB049835,292,EOL11,0,0,180,100,Vestas_V90_2000,None,0,0,0,1,0.1,0
2615,3,EOLPB049836,292,EOL11,0,0,180,100,Vestas_V90_2000,None,0,0,0,1,0.1,0
2616,3,EOLPB049837,292,EOL11,0,0,180,100,Vestas_V90_2000,None,0,0,0,1,0.1,0
2617,3,EOLPB049838,292,EOL11,0,0,180,100,Vestas_V90_2000,None,0,0,0,1,0.1,0
2618,3,EOLPB049839,292,EOL11,0,0,180,100,Vestas_V90_2000,None,0,0,0,1,0.1,0
2619,3,EOLPB049840,292,EOL11,0,0,180,100,Vestas_V90_2000,None,0,0,0,1,0.1,0
2620,3,EOLPB051574,292,EOL11,0,0,180,100,Vestas_V90_2000,None,0,0,0,1,0.1,0
2621,3,EOLPB051575,292,EOL11,0,0,180,100,Vestas_V90_2000,None,0,0,0,1,0.1,0
2622,3,EOLRN033597,292,EOL11,0,0,180,100,Vestas_V90_2000,None,0,0,0,1,0.1,0
2623,3,EOLRN033598,292,EOL11,0,0,180,100,Vestas_V90_2000,None,0,0,0,1,0.1,0
2624,3,EOLRN034612,292,EOL11,0,0,180,100,Vestas_V90_2000,None,0,0,0,1,0.1,0
2625,3,EOLRN047160,292,EOL11,0,0,180,100,Vestas_V90_2000,None,0,0,0,1,0.1,0
2626,3,EOLRN047161,292,EOL11,0,0,180,100,Vestas_V90_2000,None,0,0,0,1,0.1,0
2627,3,EOLRN047166,292,EOL11,0,0,180,100,Vestas_V90_2000,None,0,0,0,1,0.1,0
2628,3,EOLRN047205,292,EOL11,0,0,180,100,Vestas_V90_2000,None,0,0,0,1,0.1,0
2629,3,EOLRN047242,292,EOL11,0,0,180,100,Vestas_V90_2000,None,0,0,0,1,0.1,0
2630,3,EOLRN047246,292,EOL11,0,0,180,100,Vestas_V90_2000,None,0,0,0,1,0.1,0
2631,3,EOLRN049170,292,EOL11,0,0,180,100,Vestas_V90_2000,None,0,0,0,1,0.1,0
2632,3,EOLRN049171,292,EOL11,0,0,180,100,Vestas_V90_2000,None,0,0,0,1,0.1,0
2633,3,EOLRN049172,292,EOL11,0,0,180,100,Vestas_V90_2000,None,0,0,0,1,0.1,0
2634,3,EOLRN049173,292,EOL11,0,0,180,100,Vestas_V90_2000,None,0,0,0,1,0.1,0
2635,3,EOLRN049179,292,EOL11,0,0,180,100,Vestas_V90_2000,None,0,0,0,1,0.1,0
2636,3,EOLRN049664,292,EOL11,0,0,180,100,Vestas_V90_2000,None,0,0,0,1,0.1,0
2637,3,EOLRN049665,292,EOL11,0,0,180,100,Vestas_V90_2000,None,0,0,0,1,0.1,0
2638,3,EOLRN049666,292,EOL11,0,0,180,100,Vestas_V90_2000,None,0,0,0,1,0.1,0
2639,3,EOLRN049667,292,EOL11,0,0,180,100,Vestas_V90_2000,None,0,0,0,1,0.1,0
2640,3,EOLRN049668,292,EOL11,0,0,180,100,Vestas_V90_2000,None,0,0,0,1,0.1,0
2641,3,EOLRN049669,292,EOL11,0,0,180,100,Vestas_V90_2000,None,0,0,0,1,0.1,0
2642,3,EOLRN049670,292,EOL11,0,0,180,100,Vestas_V90_2000,None,0,0,0,1,0.1,0
2643,3,EOLRN049671,292,EOL11,0,0,180,100,Vestas_V90_2000,None,0,0,0,1,0.1,0
2644,3,EOLRN050015,292,EOL11,0,0,180,100,Vestas_V90_2000,None,0,0,0,1,0.1,0
2645,3,EOLRN050016,292,EOL11,0,0,180,100,Vestas_V90_2000,None,0,0,0,1,0.1,0
2646,3,EOLRN050017,292,EOL11,0,0,180,100,Vestas_V90_2000,None,0,0,0,1,0.1,0
2647,3,EOLRN051067,292,EOL11,0,0,180,100,Vestas_V90_2000,None,0,0,0,1,0.1,0
2648,3,EOLRN051585,292,EOL11,0,0,180,100,Vestas_V90_2000,None,0,0,0,1,0.1,0
2649,3,EOLRN051586,292,EOL11,0,0,180,100,Vestas_V90_2000,None,0,0,0,1,0.1,0
2650,3,ENE128523,293,EOL12,0,0,180,100,Vestas_V90_2000,None,0,0,0,1,0.1,0
2651,3,ENE12856895,293,EOL12,0,0,180,100,Vestas_V90_2000,None,0,0,0,1,0.1,0
2652,3,ENE12856750,293,EOL12,0,0,180,100,Vestas_V90_2000,None,0,0,0,1,0.1,0
2653,3,ENE12856732,293,EOL12,0,0,180,100,Vestas_V90_2000,None,0,0,0,1,0.1,0
2654,3,ENE129523,293,EOL12,0,0,180,100,Vestas_V90_2000,None,0,0,0,1,0.1,0
2655,3,ENE12956895,293,EOL12,0,0,180,100,Vestas_V90_2000,None,0,0,0,1,0.1,0
2656,3,ENE12956750,293,EOL12,0,0,180,100,Vestas_V90_2000,None,0,0,0,1,0.1,0
2657,3,ENE12956732,293,EOL12,0,0,180,100,Vestas_V90_2000,None,0,0,0,1,0.1,0
2658,3,ENE130523,293,EOL12,0,0,180,100,Vestas_V90_2000,None,0,0,0,1,0.1,0
2659,3,ENE13056895,293,EOL12,0,0,180,100,Vestas_V90_2000,None,0,0,0,1,0.1,0
2660,3,ENE13056750,293,EOL12,0,0,180,100,Vestas_V90_2000,None,0,0,0,1,0.1,0
2661,3,ENE13056732,293,EOL12,0,0,180,100,Vestas_V90_2000,None,0,0,0,1,0.1,0
2662,3,ENE131523,293,EOL12,0,0,180,100,Vestas_V90_2000,None,0,0,0,1,0.1,0
2663,3,ENE13156895,293,EOL12,0,0,180,100,Vestas_V90_2000,None,0,0,0,1,0.1,0
2664,3,ENE13156750,293,EOL12,0,0,180,100,Vestas_V90_2000,None,0,0,0,1,0.1,0
2665,3,ENE13156732,293,EOL12,0,0,180,100,Vestas_V90_2000,None,0,0,0,1,0.1,0
2666,3,ENE132523,293,EOL12,0,0,180,100,Vestas_V90_2000,None,0,0,0,1,0.1,0
2667,3,ENE13256895,293,EOL12,0,0,180,100,Vestas_V90_2000,None,0,0,0,1,0.1,0
2668,3,ENE13256750,293,EOL12,0,0,180,100,Vestas_V90_2000,None,0,0,0,1,0.1,0
2669,3,ENE13256732,293,EOL12,0,0,180,100,Vestas_V90_2000,None,0,0,0,1,0.1,0
2670,3,ENE133523,293,EOL12,0,0,180,100,Vestas_V90_2000,None,0,0,0,1,0.1,0
2671,3,ENE13356895,293,EOL12,0,0,180,100,Vestas_V90_2000,None,0,0,0,1,0.1,0
2672,3,ENE13356750,293,EOL12,0,0,180,100,Vestas_V90_2000,None,0,0,0,1,0.1,0
2673,3,ENE13356732,293,EOL12,0,0,180,100,Vestas_V90_2000,None,0,0,0,1,0.1,0
2674,3,ENE134523,293,EOL12,0,0,180,100,Vestas_V90_2000,None,0,0,0,1,0.1,0
2675,3,ENE13456895,293,EOL12,0,0,180,100,Vestas_V90_2000,None,0,0,0,1,0.1,0
2676,3,ENE13456750,293,EOL12,0,0,180,100,Vestas_V90_2000,None,0,0,0,1,0.1,0
2677,3,ENE13456732,293,EOL12,0,0,180,100,Vestas_V90_2000,None,0,0,0,1,0.1,0
2678,3,ENE135523,293,EOL12,0,0,180,100,Vestas_V90_2000,None,0,0,0,1,0.1,0
2679,3,ENE13556895,293,EOL12,0,0,180,100,Vestas_V90_2000,None,0,0,0,1,0.1,0
2680,3,ENE13556750,293,EOL12,0,0,180,100,Vestas_V90_2000,None,0,0,0,1,0.1,0
2681,3,ENE13556732,293,EOL12,0,0,180,100,Vestas_V90_2000,None,0,0,0,1,0.1,0
2682,3,ENE136523,293,EOL12,0,0,180,100,Vestas_V90_2000,None,0,0,0,1,0.1,0
2683,3,ENE13656895,293,EOL12,0,0,180,100,Vestas_V90_2000,None,0,0,0,1,0.1,0
2684,3,ENE13656750,293,EOL12,0,0,180,100,Vestas_V90_2000,None,0,0,0,1,0.1,0
2685,3,ENE13656732,293,EOL12,0,0,180,100,Vestas_V90_2000,None,0,0,0,1,0.1,0
2686,3,ENE137523,293,EOL12,0,0,180,100,Vestas_V90_2000,None,0,0,0,1,0.1,0
2687,3,ENE13756895,293,EOL12,0,0,180,100,Vestas_V90_2000,None,0,0,0,1,0.1,0
2688,3,ENE13756750,293,EOL12,0,0,180,100,Vestas_V90_2000,None,0,0,0,1,0.1,0
2689,3,ENE13756732,293,EOL12,0,0,180,100,Vestas_V90_2000,None,0,0,0,1,0.1,0
2690,3,ENE138523,293,EOL12,0,0,180,100,Vestas_V90_2000,None,0,0,0,1,0.1,0
2691,3,ENE13856895,293,EOL12,0,0,180,100,Vestas_V90_2000,None,0,0,0,1,0.1,0
2692,3,ENE13856750,293,EOL12,0,0,180,100,Vestas_V90_2000,None,0,0,0,1,0.1,0
2693,3,ENE13856732,293,EOL12,0,0,180,100,Vestas_V90_2000,None,0,0,0,1,0.1,0
2694,3,ENE139523,293,EOL12,0,0,180,100,Vestas_V90_2000,None,0,0,0,1,0.1,0
2695,3,ENE13956895,293,EOL12,0,0,180,100,Vestas_V90_2000,None,0,0,0,1,0.1,0
2696,3,ENE13956750,293,EOL12,0,0,180,100,Vestas_V90_2000,None,0,0,0,1,0.1,0
2697,3,ENE13956732,293,EOL12,0,0,180,100,Vestas_V90_2000,None,0,0,0,1,0.1,0
2698,3,ENE228523,293,EOL12,0,0,180,100,Vestas_V90_2000,None,0,0,0,1,0.1,0
2699,3,ENE22856895,293,EOL12,0,0,180,100,Vestas_V90_2000,None,0,0,0,1,0.1,0
2700,3,ENE22856750,293,EOL12,0,0,180,100,Vestas_V90_2000,None,0,0,0,1,0.1,0
2701,3,ENE22856732,293,EOL12,0,0,180,100,Vestas_V90_2000,None,0,0,0,1,0.1,0
2702,3,ENE229523,293,EOL12,0,0,180,100,Vestas_V90_2000,None,0,0,0,1,0.1,0
2703,3,ENE22956895,293,EOL12,0,0,180,100,Vestas_V90_2000,None,0,0,0,1,0.1,0
2704,3,ENE22956750,293,EOL12,0,0,180,100,Vestas_V90_2000,None,0,0,0,1,0.1,0
2705,3,ENE22956732,293,EOL12,0,0,180,100,Vestas_V90_2000,None,0,0,0,1,0.1,0
2706,3,ENE230523,293,EOL12,0,0,180,100,Vestas_V90_2000,None,0,0,0,1,0.1,0
2707,3,ENE23056895,293,EOL12,0,0,180,100,Vestas_V90_2000,None,0,0,0,1,0.1,0
2708,3,ENE23056750,293,EOL12,0,0,180,100,Vestas_V90_2000,None,0,0,0,1,0.1,0
2709,3,ENE23056732,293,EOL12,0,0,180,100,Vestas_V90_2000,None,0,0,0,1,0.1,0
2710,3,ENE231523,293,EOL12,0,0,180,100,Vestas_V90_2000,None,0,0,0,1,0.1,0
2711,3,ENE23156895,293,EOL12,0,0,180,100,Vestas_V90_2000,None,0,0,0,1,0.1,0
2712,3,ENE23156750,293,EOL12,0,0,180,100,Vestas_V90_2000,None,0,0,0,1,0.1,0
2713,3,ENE23156732,293,EOL12,0,0,180,100,Vestas_V90_2000,None,0,0,0,1,0.1,0
2714,3,ENE232523,293,EOL12,0,0,180,100,Vestas_V90_2000,None,0,0,0,1,0.1,0
2715,3,ENE23256895,293,EOL12,0,0,180,100,Vestas_V90_2000,None,0,0,0,1,0.1,0
2716,3,ENE23256750,293,EOL12,0,0,180,100,Vestas_V90_2000,None,0,0,0,1,0.1,0
2717,3,ENE23256732,293,EOL12,0,0,180,100,Vestas_V90_2000,None,0,0,0,1,0.1,0
2718,3,ENE233523,293,EOL12,0,0,180,100,Vestas_V90_2000,None,0,0,0,1,0.1,0
2719,3,ENE23356895,293,EOL12,0,0,180,100,Vestas_V90_2000,None,0,0,0,1,0.1,0
2720,3,ENE23356750,293,EOL12,0,0,180,100,Vestas_V90_2000,None,0,0,0,1,0.1,0
2721,3,ENE23356732,293,EOL12,0,0,180,100,Vestas_V90_2000,None,0,0,0,1,0.1,0
2722,3,ENE234523,293,EOL12,0,0,180,100,Vestas_V90_2000,None,0,0,0,1,0.1,0
2723,3,ENE23456895,293,EOL12,0,0,180,100,Vestas_V90_2000,None,0,0,0,1,0.1,0
2724,3,ENE23456750,293,EOL12,0,0,180,100,Vestas_V90_2000,None,0,0,0,1,0.1,0
2725,3,ENE23456732,293,EOL12,0,0,180,100,Vestas_V90_2000,None,0,0,0,1,0.1,0
2726,3,ENE235523,293,EOL12,0,0,180,100,Vestas_V90_2000,None,0,0,0,1,0.1,0
2727,3,ENE23556895,293,EOL12,0,0,180,100,Vestas_V90_2000,None,0,0,0,1,0.1,0
2728,3,ENE23556750,293,EOL12,0,0,180,100,Vestas_V90_2000,None,0,0,0,1,0.1,0
2729,3,ENE23556732,293,EOL12,0,0,180,100,Vestas_V90_2000,None,0,0,0,1,0.1,0
2730,3,ENE236523,293,EOL12,0,0,180,100,Vestas_V90_2000,None,0,0,0,1,0.1,0
2731,3,ENE23656895,293,EOL12,0,0,180,100,Vestas_V90_2000,None,0,0,0,1,0.1,0
2732,3,ENE23656750,293,EOL12,0,0,180,100,Vestas_V90_2000,None,0,0,0,1,0.1,0
2733,3,ENE23656732,293,EOL12,0,0,180,100,Vestas_V90_2000,None,0,0,0,1,0.1,0
2734,3,ENE237523,293,EOL12,0,0,180,100,Vestas_V90_2000,None,0,0,0,1,0.1,0
2735,3,ENE23756895,293,EOL12,0,0,180,100,Vestas_V90_2000,None,0,0,0,1,0.1,0
2736,3,ENE23756750,293,EOL12,0,0,180,100,Vestas_V90_2000,None,0,0,0,1,0.1,0
2737,3,ENE23756732,293,EOL12,0,0,180,100,Vestas_V90_2000,None,0,0,0,1,0.1,0
2738,3,ENE238523,293,EOL12,0,0,180,100,Vestas_V90_2000,None,0,0,0,1,0.1,0
2739,3,ENE23856895,293,EOL12,0,0,180,100,Vestas_V90_2000,None,0,0,0,1,0.1,0
2740,3,ENE23856750,293,EOL12,0,0,180,100,Vestas_V90_2000,None,0,0,0,1,0.1,0
2741,3,ENE23856732,293,EOL12,0,0,180,100,Vestas_V90_2000,None,0,0,0,1,0.1,0
2742,3,ENE239523,293,EOL12,0,0,180,100,Vestas_V90_2000,None,0,0,0,1,0.1,0
2743,3,ENE23956895,293,EOL12,0,0,180,100,Vestas_V90_2000,None,0,0,0,1,0.1,0
2744,3,ENE23956750,293,EOL12,0,0,180,100,Vestas_V90_2000,None,0,0,0,1,0.1,0
2745,3,ENE23956732,293,EOL12,0,0,180,100,Vestas_V90_2000,None,0,0,0,1,0.1,0
2746,3,ENE328523,293,EOL12,0,0,180,100,Vestas_V90_2000,None,0,0,0,1,0.1,0
2747,3,ENE32856895,293,EOL12,0,0,180,100,Vestas_V90_2000,None,0,0,0,1,0.1,0
2748,3,ENE32856750,293,EOL12,0,0,180,100,Vestas_V90_2000,None,0,0,0,1,0.1,0
2749,3,ENE32856732,293,EOL12,0,0,180,100,Vestas_V90_2000,None,0,0,0,1,0.1,0
2750,3,ENE329523,293,EOL12,0,0,180,100,Vestas_V90_2000,None,0,0,0,1,0.1,0
2751,3,ENE32956895,293,EOL12,0,0,180,100,Vestas_V90_2000,None,0,0,0,1,0.1,0
2752,3,ENE32956750,293,EOL12,0,0,180,100,Vestas_V90_2000,None,0,0,0,1,0.1,0
2753,3,ENE32956732,293,EOL12,0,0,180,100,Vestas_V90_2000,None,0,0,0,1,0.1,0
2754,3,ENE330523,293,EOL12,0,0,180,100,Vestas_V90_2000,None,0,0,0,1,0.1,0
2755,3,ENE33056895,293,EOL12,0,0,180,100,Vestas_V90_2000,None,0,0,0,1,0.1,0
2756,3,ENE33056750,293,EOL12,0,0,180,100,Vestas_V90_2000,None,0,0,0,1,0.1,0
2757,3,ENE33056732,293,EOL12,0,0,180,100,Vestas_V90_2000,None,0,0,0,1,0.1,0
2758,3,ENE331523,293,EOL12,0,0,180,100,Vestas_V90_2000,None,0,0,0,1,0.1,0
2759,3,ENE33156895,293,EOL12,0,0,180,100,Vestas_V90_2000,None,0,0,0,1,0.1,0
2760,3,ENE33156750,293,EOL12,0,0,180,100,Vestas_V90_2000,None,0,0,0,1,0.1,0
2761,3,ENE33156732,293,EOL12,0,0,180,100,Vestas_V90_2000,None,0,0,0,1,0.1,0
2762,3,ENE332523,293,EOL12,0,0,180,100,Vestas_V90_2000,None,0,0,0,1,0.1,0
2763,3,ENE33256895,293,EOL12,0,0,180,100,Vestas_V90_2000,None,0,0,0,1,0.1,0
2764,3,ENE33256750,293,EOL12,0,0,180,100,Vestas_V90_2000,None,0,0,0,1,0.1,0
2765,3,ENE33256732,293,EOL12,0,0,180,100,Vestas_V90_2000,None,0,0,0,1,0.1,0
2766,3,ENE333523,293,EOL12,0,0,180,100,Vestas_V90_2000,None,0,0,0,1,0.1,0
2767,3,ENE33356895,293,EOL12,0,0,180,100,Vestas_V90_2000,None,0,0,0,1,0.1,0
2768,3,ENE33356750,293,EOL12,0,0,180,100,Vestas_V90_2000,None,0,0,0,1,0.1,0
2769,3,ENE33356732,293,EOL12,0,0,180,100,Vestas_V90_2000,None,0,0,0,1,0.1,0
2770,3,ENE334523,293,EOL12,0,0,180,100,Vestas_V90_2000,None,0,0,0,1,0.1,0
2771,3,ENE33456895,293,EOL12,0,0,180,100,Vestas_V90_2000,None,0,0,0,1,0.1,0
2772,3,ENE33456750,293,EOL12,0,0,180,100,Vestas_V90_2000,None,0,0,0,1,0.1,0
2773,3,ENE33456732,293,EOL12,0,0,180,100,Vestas_V90_2000,None,0,0,0,1,0.1,0
2774,3,ENE335523,293,EOL12,0,0,180,100,Vestas_V90_2000,None,0,0,0,1,0.1,0
2775,3,ENE33556895,293,EOL12,0,0,180,100,Vestas_V90_2000,None,0,0,0,1,0.1,0
2776,3,ENE33556750,293,EOL12,0,0,180,100,Vestas_V90_2000,None,0,0,0,1,0.1,0
2777,3,ENE33556732,293,EOL12,0,0,180,100,Vestas_V90_2000,None,0,0,0,1,0.1,0
2778,3,ENE336523,293,EOL12,0,0,180,100,Vestas_V90_2000,None,0,0,0,1,0.1,0
2779,3,ENE33656895,293,EOL12,0,0,180,100,Vestas_V90_2000,None,0,0,0,1,0.1,0
2780,3,ENE33656750,293,EOL12,0,0,180,100,Vestas_V90_2000,None,0,0,0,1,0.1,0
2781,3,ENE33656732,293,EOL12,0,0,180,100,Vestas_V90_2000,None,0,0,0,1,0.1,0
2782,3,ENE337523,293,EOL12,0,0,180,100,Vestas_V90_2000,None,0,0,0,1,0.1,0
2783,3,ENE33756895,293,EOL12,0,0,180,100,Vestas_V90_2000,None,0,0,0,1,0.1,0
2784,3,ENE33756750,293,EOL12,0,0,180,100,Vestas_V90_2000,None,0,0,0,1,0.1,0
2785,3,ENE33756732,293,EOL12,0,0,180,100,Vestas_V90_2000,None,0,0,0,1,0.1,0
2786,3,ENE338523,293,EOL12,0,0,180,100,Vestas_V90_2000,None,0,0,0,1,0.1,0
2787,3,ENE33856895,293,EOL12,0,0,180,100,Vestas_V90_2000,None,0,0,0,1,0.1,0
2788,3,ENE33856750,293,EOL12,0,0,180,100,Vestas_V90_2000,None,0,0,0,1,0.1,0
2789,3,ENE33856732,293,EOL12,0,0,180,100,Vestas_V90_2000,None,0,0,0,1,0.1,0
2790,3,ENE339523,293,EOL12,0,0,180,100,Vestas_V90_2000,None,0,0,0,1,0.1,0
2791,3,ENE33956895,293,EOL12,0,0,180,100,Vestas_V90_2000,None,0,0,0,1,0.1,0
2792,3,ENE33956750,293,EOL12,0,0,180,100,Vestas_V90_2000,None,0,0,0,1,0.1,0
2793,3,ENE33956732,293,EOL12,0,0,180,100,Vestas_V90_2000,None,0,0,0,1,0.1,0
2794,3,EOLRN032404,293,EOL12,0,0,180,100,Vestas_V90_2000,None,0,0,0,1,0.1,0
2795,3,EOLRN032405,293,EOL12,0,0,180,100,Vestas_V90_2000,None,0,0,0,1,0.1,0
2796,3,EOLRN033552,293,EOL12,0,0,180,100,Vestas_V90_2000,None,0,0,0,1,0.1,0
2797,3,EOLRN033834,293,EOL12,0,0,180,100,Vestas_V90_2000,None,0,0,0,1,0.1,0
2798,3,EOLRN033835,293,EOL12,0,0,180,100,Vestas_V90_2000,None,0,0,0,1,0.1,0
2799,3,EOLRN033836,293,EOL12,0,0,180,100,Vestas_V90_2000,None,0,0,0,1,0.1,0
2800,3,EOLRN033838,293,EOL12,0,0,180,100,Vestas_V90_2000,None,0,0,0,1,0.1,0
2801,3,EOLRN033872,293,EOL12,0,0,180,100,Vestas_V90_2000,None,0,0,0,1,0.1,0
2802,3,EOLRN043218,293,EOL12,0,0,180,100,Vestas_V90_2000,None,0,0,0,1,0.1,0
2803,3,EOLRN043219,293,EOL12,0,0,180,100,Vestas_V90_2000,None,0,0,0,1,0.1,0
2804,3,EOLRN050096,293,EOL12,0,0,180,100,Vestas_V90_2000,None,0,0,0,1,0.1,0
2805,3,EOLRN050097,293,EOL12,0,0,180,100,Vestas_V90_2000,None,0,0,0,1,0.1,0
2806,3,EOLRN050098,293,EOL12,0,0,180,100,Vestas_V90_2000,None,0,0,0,1,0.1,0
2807,3,EOLRN050099,293,EOL12,0,0,180,100,Vestas_V90_2000,None,0,0,0,1,0.1,0
2808,3,EOLRN050100,293,EOL12,0,0,180,100,Vestas_V90_2000,None,0,0,0,1,0.1,0
2809,3,EOLRN050124,293,EOL12,0,0,180,100,Vestas_V90_2000,None,0,0,0,1,0.1,0
2810,3,EOLRN050125,293,EOL12,0,0,180,100,Vestas_V90_2000,None,0,0,0,1,0.1,0
2811,3,EOLRN050126,293,EOL12,0,0,180,100,Vestas_V90_2000,None,0,0,0,1,0.1,0
2815,3,ENE12812902,283,EOL2,0,0,180,100,Vestas_V90_2000,None,0,0,0,1,0.1,0
2816,3,ENE12912902,283,EOL2,0,0,180,100,Vestas_V90_2000,None,0,0,0,1,0.1,0
2817,3,ENE13012902,283,EOL2,0,0,180,100,Vestas_V90_2000,None,0,0,0,1,0.1,0
2818,3,ENE13112902,283,EOL2,0,0,180,100,Vestas_V90_2000,None,0,0,0,1,0.1,0
2819,3,ENE13212902,283,EOL2,0,0,180,100,Vestas_V90_2000,None,0,0,0,1,0.1,0
2820,3,ENE13312902,283,EOL2,0,0,180,100,Vestas_V90_2000,None,0,0,0,1,0.1,0
2821,3,ENE13412902,283,EOL2,0,0,180,100,Vestas_V90_2000,None,0,0,0,1,0.1,0
2822,3,ENE13512902,283,EOL2,0,0,180,100,Vestas_V90_2000,None,0,0,0,1,0.1,0
2823,3,ENE13612902,283,EOL2,0,0,180,100,Vestas_V90_2000,None,0,0,0,1,0.1,0
2824,3,ENE13712902,283,EOL2,0,0,180,100,Vestas_V90_2000,None,0,0,0,1,0.1,0
2825,3,ENE13812902,283,EOL2,0,0,180,100,Vestas_V90_2000,None,0,0,0,1,0.1,0
2826,3,ENE13912902,283,EOL2,0,0,180,100,Vestas_V90_2000,None,0,0,0,1,0.1,0
2827,3,ENE22812902,283,EOL2,0,0,180,100,Vestas_V90_2000,None,0,0,0,1,0.1,0
2828,3,ENE22912902,283,EOL2,0,0,180,100,Vestas_V90_2000,None,0,0,0,1,0.1,0
2829,3,ENE23012902,283,EOL2,0,0,180,100,Vestas_V90_2000,None,0,0,0,1,0.1,0
2830,3,ENE23112902,283,EOL2,0,0,180,100,Vestas_V90_2000,None,0,0,0,1,0.1,0
2831,3,ENE23212902,283,EOL2,0,0,180,100,Vestas_V90_2000,None,0,0,0,1,0.1,0
2832,3,ENE23312902,283,EOL2,0,0,180,100,Vestas_V90_2000,None,0,0,0,1,0.1,0
2833,3,ENE23412902,283,EOL2,0,0,180,100,Vestas_V90_2000,None,0,0,0,1,0.1,0
2834,3,ENE23512902,283,EOL2,0,0,180,100,Vestas_V90_2000,None,0,0,0,1,0.1,0
2835,3,ENE23612902,283,EOL2,0,0,180,100,Vestas_V90_2000,None,0,0,0,1,0.1,0
2836,3,ENE23712902,283,EOL2,0,0,180,100,Vestas_V90_2000,None,0,0,0,1,0.1,0
2837,3,ENE23812902,283,EOL2,0,0,180,100,Vestas_V90_2000,None,0,0,0,1,0.1,0
2838,3,ENE23912902,283,EOL2,0,0,180,100,Vestas_V90_2000,None,0,0,0,1,0.1,0
2839,3,ENE32812902,283,EOL2,0,0,180,100,Vestas_V90_2000,None,0,0,0,1,0.1,0
2840,3,ENE32912902,283,EOL2,0,0,180,100,Vestas_V90_2000,None,0,0,0,1,0.1,0
2841,3,ENE33012902,283,EOL2,0,0,180,100,Vestas_V90_2000,None,0,0,0,1,0.1,0
2842,3,ENE33112902,283,EOL2,0,0,180,100,Vestas_V90_2000,None,0,0,0,1,0.1,0
2843,3,ENE33212902,283,EOL2,0,0,180,100,Vestas_V90_2000,None,0,0,0,1,0.1,0
2844,3,ENE33312902,283,EOL2,0,0,180,100,Vestas_V90_2000,None,0,0,0,1,0.1,0
2845,3,ENE33412902,283,EOL2,0,0,180,100,Vestas_V90_2000,None,0,0,0,1,0.1,0
2846,3,ENE33512902,283,EOL2,0,0,180,100,Vestas_V90_2000,None,0,0,0,1,0.1,0
2847,3,ENE33612902,283,EOL2,0,0,180,100,Vestas_V90_2000,None,0,0,0,1,0.1,0
2848,3,ENE33712902,283,EOL2,0,0,180,100,Vestas_V90_2000,None,0,0,0,1,0.1,0
2849,3,ENE33812902,283,EOL2,0,0,180,100,Vestas_V90_2000,None,0,0,0,1,0.1,0
2850,3,ENE33912902,283,EOL2,0,0,180,100,Vestas_V90_2000,None,0,0,0,1,0.1,0
2851,3,ENE12812501,285,EOL4,0,0,180,100,Vestas_V90_2000,None,0,0,0,1,0.1,0
2852,3,ENE12811575,285,EOL4,0,0,180,100,Vestas_V90_2000,None,0,0,0,1,0.1,0
2853,3,ENE12858787,285,EOL4,0,0,180,100,Vestas_V90_2000,None,0,0,0,1,0.1,0
2854,3,ENE12912501,285,EOL4,0,0,180,100,Vestas_V90_2000,None,0,0,0,1,0.1,0
2855,3,ENE12911575,285,EOL4,0,0,180,100,Vestas_V90_2000,None,0,0,0,1,0.1,0
2856,3,ENE12958787,285,EOL4,0,0,180,100,Vestas_V90_2000,None,0,0,0,1,0.1,0
2857,3,ENE13012501,285,EOL4,0,0,180,100,Vestas_V90_2000,None,0,0,0,1,0.1,0
2858,3,ENE13011575,285,EOL4,0,0,180,100,Vestas_V90_2000,None,0,0,0,1,0.1,0
2859,3,ENE13058787,285,EOL4,0,0,180,100,Vestas_V90_2000,None,0,0,0,1,0.1,0
2860,3,ENE13112501,285,EOL4,0,0,180,100,Vestas_V90_2000,None,0,0,0,1,0.1,0
2861,3,ENE13111575,285,EOL4,0,0,180,100,Vestas_V90_2000,None,0,0,0,1,0.1,0
2862,3,ENE13158787,285,EOL4,0,0,180,100,Vestas_V90_2000,None,0,0,0,1,0.1,0
2863,3,ENE13212501,285,EOL4,0,0,180,100,Vestas_V90_2000,None,0,0,0,1,0.1,0
2864,3,ENE13211575,285,EOL4,0,0,180,100,Vestas_V90_2000,None,0,0,0,1,0.1,0
2865,3,ENE13258787,285,EOL4,0,0,180,100,Vestas_V90_2000,None,0,0,0,1,0.1,0
2866,3,ENE13312501,285,EOL4,0,0,180,100,Vestas_V90_2000,None,0,0,0,1,0.1,0
2867,3,ENE13311575,285,EOL4,0,0,180,100,Vestas_V90_2000,None,0,0,0,1,0.1,0
2868,3,ENE13358787,285,EOL4,0,0,180,100,Vestas_V90_2000,None,0,0,0,1,0.1,0
2869,3,ENE13412501,285,EOL4,0,0,180,100,Vestas_V90_2000,None,0,0,0,1,0.1,0
2870,3,ENE13411575,285,EOL4,0,0,180,100,Vestas_V90_2000,None,0,0,0,1,0.1,0
2871,3,ENE13458787,285,EOL4,0,0,180,100,Vestas_V90_2000,None,0,0,0,1,0.1,0
2872,3,ENE13512501,285,EOL4,0,0,180,100,Vestas_V90_2000,None,0,0,0,1,0.1,0
2873,3,ENE13511575,285,EOL4,0,0,180,100,Vestas_V90_2000,None,0,0,0,1,0.1,0
2874,3,ENE13558787,285,EOL4,0,0,180,100,Vestas_V90_2000,None,0,0,0,1,0.1,0
2875,3,ENE13612501,285,EOL4,0,0,180,100,Vestas_V90_2000,None,0,0,0,1,0.1,0
2876,3,ENE13611575,285,EOL4,0,0,180,100,Vestas_V90_2000,None,0,0,0,1,0.1,0
2877,3,ENE13658787,285,EOL4,0,0,180,100,Vestas_V90_2000,None,0,0,0,1,0.1,0
2878,3,ENE13712501,285,EOL4,0,0,180,100,Vestas_V90_2000,None,0,0,0,1,0.1,0
2879,3,ENE13711575,285,EOL4,0,0,180,100,Vestas_V90_2000,None,0,0,0,1,0.1,0
2880,3,ENE13758787,285,EOL4,0,0,180,100,Vestas_V90_2000,None,0,0,0,1,0.1,0
2881,3,ENE13812501,285,EOL4,0,0,180,100,Vestas_V90_2000,None,0,0,0,1,0.1,0
2882,3,ENE13811575,285,EOL4,0,0,180,100,Vestas_V90_2000,None,0,0,0,1,0.1,0
2883,3,ENE13858787,285,EOL4,0,0,180,100,Vestas_V90_2000,None,0,0,0,1,0.1,0
2884,3,ENE13912501,285,EOL4,0,0,180,100,Vestas_V90_2000,None,0,0,0,1,0.1,0
2885,3,ENE13911575,285,EOL4,0,0,180,100,Vestas_V90_2000,None,0,0,0,1,0.1,0
2886,3,ENE13958787,285,EOL4,0,0,180,100,Vestas_V90_2000,None,0,0,0,1,0.1,0
2887,3,ENE22812501,285,EOL4,0,0,180,100,Vestas_V90_2000,None,0,0,0,1,0.1,0
2888,3,ENE22811575,285,EOL4,0,0,180,100,Vestas_V90_2000,None,0,0,0,1,0.1,0
2889,3,ENE22858787,285,EOL4,0,0,180,100,Vestas_V90_2000,None,0,0,0,1,0.1,0
2890,3,ENE22912501,285,EOL4,0,0,180,100,Vestas_V90_2000,None,0,0,0,1,0.1,0
2891,3,ENE22911575,285,EOL4,0,0,180,100,Vestas_V90_2000,None,0,0,0,1,0.1,0
2892,3,ENE22958787,285,EOL4,0,0,180,100,Vestas_V90_2000,None,0,0,0,1,0.1,0
2893,3,ENE23012501,285,EOL4,0,0,180,100,Vestas_V90_2000,None,0,0,0,1,0.1,0
2894,3,ENE23011575,285,EOL4,0,0,180,100,Vestas_V90_2000,None,0,0,0,1,0.1,0
2895,3,ENE23058787,285,EOL4,0,0,180,100,Vestas_V90_2000,None,0,0,0,1,0.1,0
2896,3,ENE23112501,285,EOL4,0,0,180,100,Vestas_V90_2000,None,0,0,0,1,0.1,0
2897,3,ENE23111575,285,EOL4,0,0,180,100,Vestas_V90_2000,None,0,0,0,1,0.1,0
2898,3,ENE23158787,285,EOL4,0,0,180,100,Vestas_V90_2000,None,0,0,0,1,0.1,0
2899,3,ENE23212501,285,EOL4,0,0,180,100,Vestas_V90_2000,None,0,0,0,1,0.1,0
2900,3,ENE23211575,285,EOL4,0,0,180,100,Vestas_V90_2000,None,0,0,0,1,0.1,0
2901,3,ENE23258787,285,EOL4,0,0,180,100,Vestas_V90_2000,None,0,0,0,1,0.1,0
2902,3,ENE23312501,285,EOL4,0,0,180,100,Vestas_V90_2000,None,0,0,0,1,0.1,0
2903,3,ENE23311575,285,EOL4,0,0,180,100,Vestas_V90_2000,None,0,0,0,1,0.1,0
2904,3,ENE23358787,285,EOL4,0,0,180,100,Vestas_V90_2000,None,0,0,0,1,0.1,0
2905,3,ENE23412501,285,EOL4,0,0,180,100,Vestas_V90_2000,None,0,0,0,1,0.1,0
2906,3,ENE23411575,285,EOL4,0,0,180,100,Vestas_V90_2000,None,0,0,0,1,0.1,0
2907,3,ENE23458787,285,EOL4,0,0,180,100,Vestas_V90_2000,None,0,0,0,1,0.1,0
2908,3,ENE23512501,285,EOL4,0,0,180,100,Vestas_V90_2000,None,0,0,0,1,0.1,0
2909,3,ENE23511575,285,EOL4,0,0,180,100,Vestas_V90_2000,None,0,0,0,1,0.1,0
2910,3,ENE23558787,285,EOL4,0,0,180,100,Vestas_V90_2000,None,0,0,0,1,0.1,0
2911,3,ENE23612501,285,EOL4,0,0,180,100,Vestas_V90_2000,None,0,0,0,1,0.1,0
2912,3,ENE23611575,285,EOL4,0,0,180,100,Vestas_V90_2000,None,0,0,0,1,0.1,0
2913,3,ENE23658787,285,EOL4,0,0,180,100,Vestas_V90_2000,None,0,0,0,1,0.1,0
2914,3,ENE23712501,285,EOL4,0,0,180,100,Vestas_V90_2000,None,0,0,0,1,0.1,0
2915,3,ENE23711575,285,EOL4,0,0,180,100,Vestas_V90_2000,None,0,0,0,1,0.1,0
2916,3,ENE23758787,285,EOL4,0,0,180,100,Vestas_V90_2000,None,0,0,0,1,0.1,0
2917,3,ENE23812501,285,EOL4,0,0,180,100,Vestas_V90_2000,None,0,0,0,1,0.1,0
2918,3,ENE23811575,285,EOL4,0,0,180,100,Vestas_V90_2000,None,0,0,0,1,0.1,0
2919,3,ENE23858787,285,EOL4,0,0,180,100,Vestas_V90_2000,None,0,0,0,1,0.1,0
2920,3,ENE23912501,285,EOL4,0,0,180,100,Vestas_V90_2000,None,0,0,0,1,0.1,0
2921,3,ENE23911575,285,EOL4,0,0,180,100,Vestas_V90_2000,None,0,0,0,1,0.1,0
2922,3,ENE23958787,285,EOL4,0,0,180,100,Vestas_V90_2000,None,0,0,0,1,0.1,0
2923,3,ENE32812501,285,EOL4,0,0,180,100,Vestas_V90_2000,None,0,0,0,1,0.1,0
2924,3,ENE32811575,285,EOL4,0,0,180,100,Vestas_V90_2000,None,0,0,0,1,0.1,0
2925,3,ENE32858787,285,EOL4,0,0,180,100,Vestas_V90_2000,None,0,0,0,1,0.1,0
2926,3,ENE32912501,285,EOL4,0,0,180,100,Vestas_V90_2000,None,0,0,0,1,0.1,0
2927,3,ENE32911575,285,EOL4,0,0,180,100,Vestas_V90_2000,None,0,0,0,1,0.1,0
2928,3,ENE32958787,285,EOL4,0,0,180,100,Vestas_V90_2000,None,0,0,0,1,0.1,0
2929,3,ENE33012501,285,EOL4,0,0,180,100,Vestas_V90_2000,None,0,0,0,1,0.1,0
2930,3,ENE33011575,285,EOL4,0,0,180,100,Vestas_V90_2000,None,0,0,0,1,0.1,0
2931,3,ENE33058787,285,EOL4,0,0,180,100,Vestas_V90_2000,None,0,0,0,1,0.1,0
2932,3,ENE33112501,285,EOL4,0,0,180,100,Vestas_V90_2000,None,0,0,0,1,0.1,0
2933,3,ENE33111575,285,EOL4,0,0,180,100,Vestas_V90_2000,None,0,0,0,1,0.1,0
2934,3,ENE33158787,285,EOL4,0,0,180,100,Vestas_V90_2000,None,0,0,0,1,0.1,0
2935,3,ENE33212501,285,EOL4,0,0,180,100,Vestas_V90_2000,None,0,0,0,1,0.1,0
2936,3,ENE33211575,285,EOL4,0,0,180,100,Vestas_V90_2000,None,0,0,0,1,0.1,0
2937,3,ENE33258787,285,EOL4,0,0,180,100,Vestas_V90_2000,None,0,0,0,1,0.1,0
2938,3,ENE33312501,285,EOL4,0,0,180,100,Vestas_V90_2000,None,0,0,0,1,0.1,0
2939,3,ENE33311575,285,EOL4,0,0,180,100,Vestas_V90_2000,None,0,0,0,1,0.1,0
2940,3,ENE33358787,285,EOL4,0,0,180,100,Vestas_V90_2000,None,0,0,0,1,0.1,0
2941,3,ENE33412501,285,EOL4,0,0,180,100,Vestas_V90_2000,None,0,0,0,1,0.1,0
2942,3,ENE33411575,285,EOL4,0,0,180,100,Vestas_V90_2000,None,0,0,0,1,0.1,0
2943,3,ENE33458787,285,EOL4,0,0,180,100,Vestas_V90_2000,None,0,0,0,1,0.1,0
2944,3,ENE33512501,285,EOL4,0,0,180,100,Vestas_V90_2000,None,0,0,0,1,0.1,0
2945,3,ENE33511575,285,EOL4,0,0,180,100,Vestas_V90_2000,None,0,0,0,1,0.1,0
2946,3,ENE33558787,285,EOL4,0,0,180,100,Vestas_V90_2000,None,0,0,0,1,0.1,0
2947,3,ENE33612501,285,EOL4,0,0,180,100,Vestas_V90_2000,None,0,0,0,1,0.1,0
2948,3,ENE33611575,285,EOL4,0,0,180,100,Vestas_V90_2000,None,0,0,0,1,0.1,0
2949,3,ENE33658787,285,EOL4,0,0,180,100,Vestas_V90_2000,None,0,0,0,1,0.1,0
2950,3,ENE33712501,285,EOL4,0,0,180,100,Vestas_V90_2000,None,0,0,0,1,0.1,0
2951,3,ENE33711575,285,EOL4,0,0,180,100,Vestas_V90_2000,None,0,0,0,1,0.1,0
2952,3,ENE33758787,285,EOL4,0,0,180,100,Vestas_V90_2000,None,0,0,0,1,0.1,0
2953,3,ENE33812501,285,EOL4,0,0,180,100,Vestas_V90_2000,None,0,0,0,1,0.1,0
2954,3,ENE33811575,285,EOL4,0,0,180,100,Vestas_V90_2000,None,0,0,0,1,0.1,0
2955,3,ENE33858787,285,EOL4,0,0,180,100,Vestas_V90_2000,None,0,0,0,1,0.1,0
2956,3,ENE33912501,285,EOL4,0,0,180,100,Vestas_V90_2000,None,0,0,0,1,0.1,0
2957,3,ENE33911575,285,EOL4,0,0,180,100,Vestas_V90_2000,None,0,0,0,1,0.1,0
2958,3,ENE33958787,285,EOL4,0,0,180,100,Vestas_V90_2000,None,0,0,0,1,0.1,0
2959,3,EOLBA037210,285,EOL4,0,0,180,100,Vestas_V90_2000,None,0,0,0,1,0.1,0
2960,3,EOLPE038134,285,EOL4,0,0,180,100,Vestas_V90_2000,None,0,0,0,1,0.1,0
2961,3,EOLPE038135,285,EOL4,0,0,180,100,Vestas_V90_2000,None,0,0,0,1,0.1,0
2962,3,EOLPI038120,285,EOL4,0,0,180,100,Vestas_V90_2000,None,0,0,0,1,0.1,0
2963,3,EOLPI038123,285,EOL4,0,0,180,100,Vestas_V90_2000,None,0,0,0,1,0.1,0
2964,3,EOLPI038126,285,EOL4,0,0,180,100,Vestas_V90_2000,None,0,0,0,1,0.1,0
2965,3,EOLPI038127,285,EOL4,0,0,180,100,Vestas_V90_2000,None,0,0,0,1,0.1,0
2966,3,EOLPI038128,285,EOL4,0,0,180,100,Vestas_V90_2000,None,0,0,0,1,0.1,0
2967,3,EOLPI038129,285,EOL4,0,0,180,100,Vestas_V90_2000,None,0,0,0,1,0.1,0
2968,3,EOLPI038130,285,EOL4,0,0,180,100,Vestas_V90_2000,None,0,0,0,1,0.1,0
2969,3,EOLPI038131,285,EOL4,0,0,180,100,Vestas_V90_2000,None,0,0,0,1,0.1,0
2970,3,EOLPI038132,285,EOL4,0,0,180,100,Vestas_V90_2000,None,0,0,0,1,0.1,0
2971,3,EOLPI038133,285,EOL4,0,0,180,100,Vestas_V90_2000,None,0,0,0,1,0.1,0
2972,3,EOLPI040631,285,EOL4,0,0,180,100,Vestas_V90_2000,None,0,0,0,1,0.1,0
2973,3,ENE12858691,286,EOL5,0,0,180,100,Vestas_V90_2000,None,0,0,0,1,0.1,0
2974,3,ENE12858121,286,EOL5,0,0,180,100,Vestas_V90_2000,None,0,0,0,1,0.1,0
2975,3,ENE12811584,286,EOL5,0,0,180,100,Vestas_V90_2000,None,0,0,0,1,0.1,0
2976,3,ENE128505,286,EOL5,0,0,180,100,Vestas_V90_2000,None,0,0,0,1,0.1,0
2977,3,ENE12958691,286,EOL5,0,0,180,100,Vestas_V90_2000,None,0,0,0,1,0.1,0
2978,3,ENE12958121,286,EOL5,0,0,180,100,Vestas_V90_2000,None,0,0,0,1,0.1,0
2979,3,ENE12911584,286,EOL5,0,0,180,100,Vestas_V90_2000,None,0,0,0,1,0.1,0
2980,3,ENE129505,286,EOL5,0,0,180,100,Vestas_V90_2000,None,0,0,0,1,0.1,0
2981,3,ENE13058691,286,EOL5,0,0,180,100,Vestas_V90_2000,None,0,0,0,1,0.1,0
2982,3,ENE13058121,286,EOL5,0,0,180,100,Vestas_V90_2000,None,0,0,0,1,0.1,0
2983,3,ENE13011584,286,EOL5,0,0,180,100,Vestas_V90_2000,None,0,0,0,1,0.1,0
2984,3,ENE130505,286,EOL5,0,0,180,100,Vestas_V90_2000,None,0,0,0,1,0.1,0
2985,3,ENE13158691,286,EOL5,0,0,180,100,Vestas_V90_2000,None,0,0,0,1,0.1,0
2986,3,ENE13158121,286,EOL5,0,0,180,100,Vestas_V90_2000,None,0,0,0,1,0.1,0
2987,3,ENE13111584,286,EOL5,0,0,180,100,Vestas_V90_2000,None,0,0,0,1,0.1,0
2988,3,ENE131505,286,EOL5,0,0,180,100,Vestas_V90_2000,None,0,0,0,1,0.1,0
2989,3,ENE13258691,286,EOL5,0,0,180,100,Vestas_V90_2000,None,0,0,0,1,0.1,0
2990,3,ENE13258121,286,EOL5,0,0,180,100,Vestas_V90_2000,None,0,0,0,1,0.1,0
2991,3,ENE13211584,286,EOL5,0,0,180,100,Vestas_V90_2000,None,0,0,0,1,0.1,0
2992,3,ENE132505,286,EOL5,0,0,180,100,Vestas_V90_2000,None,0,0,0,1,0.1,0
2993,3,ENE13358691,286,EOL5,0,0,180,100,Vestas_V90_2000,None,0,0,0,1,0.1,0
2994,3,ENE13358121,286,EOL5,0,0,180,100,Vestas_V90_2000,None,0,0,0,1,0.1,0
2995,3,ENE13311584,286,EOL5,0,0,180,100,Vestas_V90_2000,None,0,0,0,1,0.1,0
2996,3,ENE133505,286,EOL5,0,0,180,100,Vestas_V90_2000,None,0,0,0,1,0.1,0
2997,3,ENE13458691,286,EOL5,0,0,180,100,Vestas_V90_2000,None,0,0,0,1,0.1,0
2998,3,ENE13458121,286,EOL5,0,0,180,100,Vestas_V90_2000,None,0,0,0,1,0.1,0
2999,3,ENE13411584,286,EOL5,0,0,180,100,Vestas_V90_2000,None,0,0,0,1,0.1,0
3000,3,ENE134505,286,EOL5,0,0,180,100,Vestas_V90_2000,None,0,0,0,1,0.1,0
3001,3,ENE13558691,286,EOL5,0,0,180,100,Vestas_V90_2000,None,0,0,0,1,0.1,0
3002,3,ENE13558121,286,EOL5,0,0,180,100,Vestas_V90_2000,None,0,0,0,1,0.1,0
3003,3,ENE13511584,286,EOL5,0,0,180,100,Vestas_V90_2000,None,0,0,0,1,0.1,0
3004,3,ENE135505,286,EOL5,0,0,180,100,Vestas_V90_2000,None,0,0,0,1,0.1,0
3005,3,ENE13658691,286,EOL5,0,0,180,100,Vestas_V90_2000,None,0,0,0,1,0.1,0
3006,3,ENE13658121,286,EOL5,0,0,180,100,Vestas_V90_2000,None,0,0,0,1,0.1,0
3007,3,ENE13611584,286,EOL5,0,0,180,100,Vestas_V90_2000,None,0,0,0,1,0.1,0
3008,3,ENE136505,286,EOL5,0,0,180,100,Vestas_V90_2000,None,0,0,0,1,0.1,0
3009,3,ENE13758691,286,EOL5,0,0,180,100,Vestas_V90_2000,None,0,0,0,1,0.1,0
3010,3,ENE13758121,286,EOL5,0,0,180,100,Vestas_V90_2000,None,0,0,0,1,0.1,0
3011,3,ENE13711584,286,EOL5,0,0,180,100,Vestas_V90_2000,None,0,0,0,1,0.1,0
3012,3,ENE137505,286,EOL5,0,0,180,100,Vestas_V90_2000,None,0,0,0,1,0.1,0
3013,3,ENE13858691,286,EOL5,0,0,180,100,Vestas_V90_2000,None,0,0,0,1,0.1,0
3014,3,ENE13858121,286,EOL5,0,0,180,100,Vestas_V90_2000,None,0,0,0,1,0.1,0
3015,3,ENE13811584,286,EOL5,0,0,180,100,Vestas_V90_2000,None,0,0,0,1,0.1,0
3016,3,ENE138505,286,EOL5,0,0,180,100,Vestas_V90_2000,None,0,0,0,1,0.1,0
3017,3,ENE13958691,286,EOL5,0,0,180,100,Vestas_V90_2000,None,0,0,0,1,0.1,0
3018,3,ENE13958121,286,EOL5,0,0,180,100,Vestas_V90_2000,None,0,0,0,1,0.1,0
3019,3,ENE13911584,286,EOL5,0,0,180,100,Vestas_V90_2000,None,0,0,0,1,0.1,0
3020,3,ENE139505,286,EOL5,0,0,180,100,Vestas_V90_2000,None,0,0,0,1,0.1,0
3021,3,ENE22858691,286,EOL5,0,0,180,100,Vestas_V90_2000,None,0,0,0,1,0.1,0
3022,3,ENE22858121,286,EOL5,0,0,180,100,Vestas_V90_2000,None,0,0,0,1,0.1,0
3023,3,ENE22811584,286,EOL5,0,0,180,100,Vestas_V90_2000,None,0,0,0,1,0.1,0
3024,3,ENE228505,286,EOL5,0,0,180,100,Vestas_V90_2000,None,0,0,0,1,0.1,0
3025,3,ENE22958691,286,EOL5,0,0,180,100,Vestas_V90_2000,None,0,0,0,1,0.1,0
3026,3,ENE22958121,286,EOL5,0,0,180,100,Vestas_V90_2000,None,0,0,0,1,0.1,0
3027,3,ENE22911584,286,EOL5,0,0,180,100,Vestas_V90_2000,None,0,0,0,1,0.1,0
3028,3,ENE229505,286,EOL5,0,0,180,100,Vestas_V90_2000,None,0,0,0,1,0.1,0
3029,3,ENE23058691,286,EOL5,0,0,180,100,Vestas_V90_2000,None,0,0,0,1,0.1,0
3030,3,ENE23058121,286,EOL5,0,0,180,100,Vestas_V90_2000,None,0,0,0,1,0.1,0
3031,3,ENE23011584,286,EOL5,0,0,180,100,Vestas_V90_2000,None,0,0,0,1,0.1,0
3032,3,ENE230505,286,EOL5,0,0,180,100,Vestas_V90_2000,None,0,0,0,1,0.1,0
3033,3,ENE23158691,286,EOL5,0,0,180,100,Vestas_V90_2000,None,0,0,0,1,0.1,0
3034,3,ENE23158121,286,EOL5,0,0,180,100,Vestas_V90_2000,None,0,0,0,1,0.1,0
3035,3,ENE23111584,286,EOL5,0,0,180,100,Vestas_V90_2000,None,0,0,0,1,0.1,0
3036,3,ENE231505,286,EOL5,0,0,180,100,Vestas_V90_2000,None,0,0,0,1,0.1,0
3037,3,ENE23258691,286,EOL5,0,0,180,100,Vestas_V90_2000,None,0,0,0,1,0.1,0
3038,3,ENE23258121,286,EOL5,0,0,180,100,Vestas_V90_2000,None,0,0,0,1,0.1,0
3039,3,ENE23211584,286,EOL5,0,0,180,100,Vestas_V90_2000,None,0,0,0,1,0.1,0
3040,3,ENE232505,286,EOL5,0,0,180,100,Vestas_V90_2000,None,0,0,0,1,0.1,0
3041,3,ENE23358691,286,EOL5,0,0,180,100,Vestas_V90_2000,None,0,0,0,1,0.1,0
3042,3,ENE23358121,286,EOL5,0,0,180,100,Vestas_V90_2000,None,0,0,0,1,0.1,0
3043,3,ENE23311584,286,EOL5,0,0,180,100,Vestas_V90_2000,None,0,0,0,1,0.1,0
3044,3,ENE233505,286,EOL5,0,0,180,100,Vestas_V90_2000,None,0,0,0,1,0.1,0
3045,3,ENE23458691,286,EOL5,0,0,180,100,Vestas_V90_2000,None,0,0,0,1,0.1,0
3046,3,ENE23458121,286,EOL5,0,0,180,100,Vestas_V90_2000,None,0,0,0,1,0.1,0
3047,3,ENE23411584,286,EOL5,0,0,180,100,Vestas_V90_2000,None,0,0,0,1,0.1,0
3048,3,ENE234505,286,EOL5,0,0,180,100,Vestas_V90_2000,None,0,0,0,1,0.1,0
3049,3,ENE23558691,286,EOL5,0,0,180,100,Vestas_V90_2000,None,0,0,0,1,0.1,0
3050,3,ENE23558121,286,EOL5,0,0,180,100,Vestas_V90_2000,None,0,0,0,1,0.1,0
3051,3,ENE23511584,286,EOL5,0,0,180,100,Vestas_V90_2000,None,0,0,0,1,0.1,0
3052,3,ENE235505,286,EOL5,0,0,180,100,Vestas_V90_2000,None,0,0,0,1,0.1,0
3053,3,ENE23658691,286,EOL5,0,0,180,100,Vestas_V90_2000,None,0,0,0,1,0.1,0
3054,3,ENE23658121,286,EOL5,0,0,180,100,Vestas_V90_2000,None,0,0,0,1,0.1,0
3055,3,ENE23611584,286,EOL5,0,0,180,100,Vestas_V90_2000,None,0,0,0,1,0.1,0
3056,3,ENE236505,286,EOL5,0,0,180,100,Vestas_V90_2000,None,0,0,0,1,0.1,0
3057,3,ENE23758691,286,EOL5,0,0,180,100,Vestas_V90_2000,None,0,0,0,1,0.1,0
3058,3,ENE23758121,286,EOL5,0,0,180,100,Vestas_V90_2000,None,0,0,0,1,0.1,0
3059,3,ENE23711584,286,EOL5,0,0,180,100,Vestas_V90_2000,None,0,0,0,1,0.1,0
3060,3,ENE237505,286,EOL5,0,0,180,100,Vestas_V90_2000,None,0,0,0,1,0.1,0
3061,3,ENE23858691,286,EOL5,0,0,180,100,Vestas_V90_2000,None,0,0,0,1,0.1,0
3062,3,ENE23858121,286,EOL5,0,0,180,100,Vestas_V90_2000,None,0,0,0,1,0.1,0
3063,3,ENE23811584,286,EOL5,0,0,180,100,Vestas_V90_2000,None,0,0,0,1,0.1,0
3064,3,ENE238505,286,EOL5,0,0,180,100,Vestas_V90_2000,None,0,0,0,1,0.1,0
3065,3,ENE23958691,286,EOL5,0,0,180,100,Vestas_V90_2000,None,0,0,0,1,0.1,0
3066,3,ENE23958121,286,EOL5,0,0,180,100,Vestas_V90_2000,None,0,0,0,1,0.1,0
3067,3,ENE23911584,286,EOL5,0,0,180,100,Vestas_V90_2000,None,0,0,0,1,0.1,0
3068,3,ENE239505,286,EOL5,0,0,180,100,Vestas_V90_2000,None,0,0,0,1,0.1,0
3069,3,ENE32858691,286,EOL5,0,0,180,100,Vestas_V90_2000,None,0,0,0,1,0.1,0
3070,3,ENE32858121,286,EOL5,0,0,180,100,Vestas_V90_2000,None,0,0,0,1,0.1,0
3071,3,ENE32811584,286,EOL5,0,0,180,100,Vestas_V90_2000,None,0,0,0,1,0.1,0
3072,3,ENE328505,286,EOL5,0,0,180,100,Vestas_V90_2000,None,0,0,0,1,0.1,0
3073,3,ENE32958691,286,EOL5,0,0,180,100,Vestas_V90_2000,None,0,0,0,1,0.1,0
3074,3,ENE32958121,286,EOL5,0,0,180,100,Vestas_V90_2000,None,0,0,0,1,0.1,0
3075,3,ENE32911584,286,EOL5,0,0,180,100,Vestas_V90_2000,None,0,0,0,1,0.1,0
3076,3,ENE329505,286,EOL5,0,0,180,100,Vestas_V90_2000,None,0,0,0,1,0.1,0
3077,3,ENE33058691,286,EOL5,0,0,180,100,Vestas_V90_2000,None,0,0,0,1,0.1,0
3078,3,ENE33058121,286,EOL5,0,0,180,100,Vestas_V90_2000,None,0,0,0,1,0.1,0
3079,3,ENE33011584,286,EOL5,0,0,180,100,Vestas_V90_2000,None,0,0,0,1,0.1,0
3080,3,ENE330505,286,EOL5,0,0,180,100,Vestas_V90_2000,None,0,0,0,1,0.1,0
3081,3,ENE33158691,286,EOL5,0,0,180,100,Vestas_V90_2000,None,0,0,0,1,0.1,0
3082,3,ENE33158121,286,EOL5,0,0,180,100,Vestas_V90_2000,None,0,0,0,1,0.1,0
3083,3,ENE33111584,286,EOL5,0,0,180,100,Vestas_V90_2000,None,0,0,0,1,0.1,0
3084,3,ENE331505,286,EOL5,0,0,180,100,Vestas_V90_2000,None,0,0,0,1,0.1,0
3085,3,ENE33258691,286,EOL5,0,0,180,100,Vestas_V90_2000,None,0,0,0,1,0.1,0
3086,3,ENE33258121,286,EOL5,0,0,180,100,Vestas_V90_2000,None,0,0,0,1,0.1,0
3087,3,ENE33211584,286,EOL5,0,0,180,100,Vestas_V90_2000,None,0,0,0,1,0.1,0
3088,3,ENE332505,286,EOL5,0,0,180,100,Vestas_V90_2000,None,0,0,0,1,0.1,0
3089,3,ENE33358691,286,EOL5,0,0,180,100,Vestas_V90_2000,None,0,0,0,1,0.1,0
3090,3,ENE33358121,286,EOL5,0,0,180,100,Vestas_V90_2000,None,0,0,0,1,0.1,0
3091,3,ENE33311584,286,EOL5,0,0,180,100,Vestas_V90_2000,None,0,0,0,1,0.1,0
3092,3,ENE333505,286,EOL5,0,0,180,100,Vestas_V90_2000,None,0,0,0,1,0.1,0
3093,3,ENE33458691,286,EOL5,0,0,180,100,Vestas_V90_2000,None,0,0,0,1,0.1,0
3094,3,ENE33458121,286,EOL5,0,0,180,100,Vestas_V90_2000,None,0,0,0,1,0.1,0
3095,3,ENE33411584,286,EOL5,0,0,180,100,Vestas_V90_2000,None,0,0,0,1,0.1,0
3096,3,ENE334505,286,EOL5,0,0,180,100,Vestas_V90_2000,None,0,0,0,1,0.1,0
3097,3,ENE33558691,286,EOL5,0,0,180,100,Vestas_V90_2000,None,0,0,0,1,0.1,0
3098,3,ENE33558121,286,EOL5,0,0,180,100,Vestas_V90_2000,None,0,0,0,1,0.1,0
3099,3,ENE33511584,286,EOL5,0,0,180,100,Vestas_V90_2000,None,0,0,0,1,0.1,0
3100,3,ENE335505,286,EOL5,0,0,180,100,Vestas_V90_2000,None,0,0,0,1,0.1,0
3101,3,ENE33658691,286,EOL5,0,0,180,100,Vestas_V90_2000,None,0,0,0,1,0.1,0
3102,3,ENE33658121,286,EOL5,0,0,180,100,Vestas_V90_2000,None,0,0,0,1,0.1,0
3103,3,ENE33611584,286,EOL5,0,0,180,100,Vestas_V90_2000,None,0,0,0,1,0.1,0
3104,3,ENE336505,286,EOL5,0,0,180,100,Vestas_V90_2000,None,0,0,0,1,0.1,0
3105,3,ENE33758691,286,EOL5,0,0,180,100,Vestas_V90_2000,None,0,0,0,1,0.1,0
3106,3,ENE33758121,286,EOL5,0,0,180,100,Vestas_V90_2000,None,0,0,0,1,0.1,0
3107,3,ENE33711584,286,EOL5,0,0,180,100,Vestas_V90_2000,None,0,0,0,1,0.1,0
3108,3,ENE337505,286,EOL5,0,0,180,100,Vestas_V90_2000,None,0,0,0,1,0.1,0
3109,3,ENE33858691,286,EOL5,0,0,180,100,Vestas_V90_2000,None,0,0,0,1,0.1,0
3110,3,ENE33858121,286,EOL5,0,0,180,100,Vestas_V90_2000,None,0,0,0,1,0.1,0
3111,3,ENE33811584,286,EOL5,0,0,180,100,Vestas_V90_2000,None,0,0,0,1,0.1,0
3112,3,ENE338505,286,EOL5,0,0,180,100,Vestas_V90_2000,None,0,0,0,1,0.1,0
3113,3,ENE33958691,286,EOL5,0,0,180,100,Vestas_V90_2000,None,0,0,0,1,0.1,0
3114,3,ENE33958121,286,EOL5,0,0,180,100,Vestas_V90_2000,None,0,0,0,1,0.1,0
3115,3,ENE33911584,286,EOL5,0,0,180,100,Vestas_V90_2000,None,0,0,0,1,0.1,0
3116,3,ENE339505,286,EOL5,0,0,180,100,Vestas_V90_2000,None,0,0,0,1,0.1,0
3117,3,ENE12811560,287,EOL6,0,0,180,100,Vestas_V90_2000,None,0,0,0,1,0.1,0
3118,3,ENE12811594,287,EOL6,0,0,180,100,Vestas_V90_2000,None,0,0,0,1,0.1,0
3119,3,ENE12811561,287,EOL6,0,0,180,100,Vestas_V90_2000,None,0,0,0,1,0.1,0
3120,3,ENE12911560,287,EOL6,0,0,180,100,Vestas_V90_2000,None,0,0,0,1,0.1,0
3121,3,ENE12911594,287,EOL6,0,0,180,100,Vestas_V90_2000,None,0,0,0,1,0.1,0
3122,3,ENE12911561,287,EOL6,0,0,180,100,Vestas_V90_2000,None,0,0,0,1,0.1,0
3123,3,ENE13011560,287,EOL6,0,0,180,100,Vestas_V90_2000,None,0,0,0,1,0.1,0
3124,3,ENE13011594,287,EOL6,0,0,180,100,Vestas_V90_2000,None,0,0,0,1,0.1,0
3125,3,ENE13011561,287,EOL6,0,0,180,100,Vestas_V90_2000,None,0,0,0,1,0.1,0
3126,3,ENE13111560,287,EOL6,0,0,180,100,Vestas_V90_2000,None,0,0,0,1,0.1,0
3127,3,ENE13111594,287,EOL6,0,0,180,100,Vestas_V90_2000,None,0,0,0,1,0.1,0
3128,3,ENE13111561,287,EOL6,0,0,180,100,Vestas_V90_2000,None,0,0,0,1,0.1,0
3129,3,ENE13211560,287,EOL6,0,0,180,100,Vestas_V90_2000,None,0,0,0,1,0.1,0
3130,3,ENE13211594,287,EOL6,0,0,180,100,Vestas_V90_2000,None,0,0,0,1,0.1,0
3131,3,ENE13211561,287,EOL6,0,0,180,100,Vestas_V90_2000,None,0,0,0,1,0.1,0
3132,3,ENE13311560,287,EOL6,0,0,180,100,Vestas_V90_2000,None,0,0,0,1,0.1,0
3133,3,ENE13311594,287,EOL6,0,0,180,100,Vestas_V90_2000,None,0,0,0,1,0.1,0
3134,3,ENE13311561,287,EOL6,0,0,180,100,Vestas_V90_2000,None,0,0,0,1,0.1,0
3135,3,ENE13411560,287,EOL6,0,0,180,100,Vestas_V90_2000,None,0,0,0,1,0.1,0
3136,3,ENE13411594,287,EOL6,0,0,180,100,Vestas_V90_2000,None,0,0,0,1,0.1,0
3137,3,ENE13411561,287,EOL6,0,0,180,100,Vestas_V90_2000,None,0,0,0,1,0.1,0
3138,3,ENE13511560,287,EOL6,0,0,180,100,Vestas_V90_2000,None,0,0,0,1,0.1,0
3139,3,ENE13511594,287,EOL6,0,0,180,100,Vestas_V90_2000,None,0,0,0,1,0.1,0
3140,3,ENE13511561,287,EOL6,0,0,180,100,Vestas_V90_2000,None,0,0,0,1,0.1,0
3141,3,ENE13611560,287,EOL6,0,0,180,100,Vestas_V90_2000,None,0,0,0,1,0.1,0
3142,3,ENE13611594,287,EOL6,0,0,180,100,Vestas_V90_2000,None,0,0,0,1,0.1,0
3143,3,ENE13611561,287,EOL6,0,0,180,100,Vestas_V90_2000,None,0,0,0,1,0.1,0
3144,3,ENE13711560,287,EOL6,0,0,180,100,Vestas_V90_2000,None,0,0,0,1,0.1,0
3145,3,ENE13711594,287,EOL6,0,0,180,100,Vestas_V90_2000,None,0,0,0,1,0.1,0
3146,3,ENE13711561,287,EOL6,0,0,180,100,Vestas_V90_2000,None,0,0,0,1,0.1,0
3147,3,ENE13811560,287,EOL6,0,0,180,100,Vestas_V90_2000,None,0,0,0,1,0.1,0
3148,3,ENE13811594,287,EOL6,0,0,180,100,Vestas_V90_2000,None,0,0,0,1,0.1,0
3149,3,ENE13811561,287,EOL6,0,0,180,100,Vestas_V90_2000,None,0,0,0,1,0.1,0
3150,3,ENE13911560,287,EOL6,0,0,180,100,Vestas_V90_2000,None,0,0,0,1,0.1,0
3151,3,ENE13911594,287,EOL6,0,0,180,100,Vestas_V90_2000,None,0,0,0,1,0.1,0
3152,3,ENE13911561,287,EOL6,0,0,180,100,Vestas_V90_2000,None,0,0,0,1,0.1,0
3153,3,ENE22811560,287,EOL6,0,0,180,100,Vestas_V90_2000,None,0,0,0,1,0.1,0
3154,3,ENE22811594,287,EOL6,0,0,180,100,Vestas_V90_2000,None,0,0,0,1,0.1,0
3155,3,ENE22811561,287,EOL6,0,0,180,100,Vestas_V90_2000,None,0,0,0,1,0.1,0
3156,3,ENE22911560,287,EOL6,0,0,180,100,Vestas_V90_2000,None,0,0,0,1,0.1,0
3157,3,ENE22911594,287,EOL6,0,0,180,100,Vestas_V90_2000,None,0,0,0,1,0.1,0
3158,3,ENE22911561,287,EOL6,0,0,180,100,Vestas_V90_2000,None,0,0,0,1,0.1,0
3159,3,ENE23011560,287,EOL6,0,0,180,100,Vestas_V90_2000,None,0,0,0,1,0.1,0
3160,3,ENE23011594,287,EOL6,0,0,180,100,Vestas_V90_2000,None,0,0,0,1,0.1,0
3161,3,ENE23011561,287,EOL6,0,0,180,100,Vestas_V90_2000,None,0,0,0,1,0.1,0
3162,3,ENE23111560,287,EOL6,0,0,180,100,Vestas_V90_2000,None,0,0,0,1,0.1,0
3163,3,ENE23111594,287,EOL6,0,0,180,100,Vestas_V90_2000,None,0,0,0,1,0.1,0
3164,3,ENE23111561,287,EOL6,0,0,180,100,Vestas_V90_2000,None,0,0,0,1,0.1,0
3165,3,ENE23211560,287,EOL6,0,0,180,100,Vestas_V90_2000,None,0,0,0,1,0.1,0
3166,3,ENE23211594,287,EOL6,0,0,180,100,Vestas_V90_2000,None,0,0,0,1,0.1,0
3167,3,ENE23211561,287,EOL6,0,0,180,100,Vestas_V90_2000,None,0,0,0,1,0.1,0
3168,3,ENE23311560,287,EOL6,0,0,180,100,Vestas_V90_2000,None,0,0,0,1,0.1,0
3169,3,ENE23311594,287,EOL6,0,0,180,100,Vestas_V90_2000,None,0,0,0,1,0.1,0
3170,3,ENE23311561,287,EOL6,0,0,180,100,Vestas_V90_2000,None,0,0,0,1,0.1,0
3171,3,ENE23411560,287,EOL6,0,0,180,100,Vestas_V90_2000,None,0,0,0,1,0.1,0
3172,3,ENE23411594,287,EOL6,0,0,180,100,Vestas_V90_2000,None,0,0,0,1,0.1,0
3173,3,ENE23411561,287,EOL6,0,0,180,100,Vestas_V90_2000,None,0,0,0,1,0.1,0
3174,3,ENE23511560,287,EOL6,0,0,180,100,Vestas_V90_2000,None,0,0,0,1,0.1,0
3175,3,ENE23511594,287,EOL6,0,0,180,100,Vestas_V90_2000,None,0,0,0,1,0.1,0
3176,3,ENE23511561,287,EOL6,0,0,180,100,Vestas_V90_2000,None,0,0,0,1,0.1,0
3177,3,ENE23611560,287,EOL6,0,0,180,100,Vestas_V90_2000,None,0,0,0,1,0.1,0
3178,3,ENE23611594,287,EOL6,0,0,180,100,Vestas_V90_2000,None,0,0,0,1,0.1,0
3179,3,ENE23611561,287,EOL6,0,0,180,100,Vestas_V90_2000,None,0,0,0,1,0.1,0
3180,3,ENE23711560,287,EOL6,0,0,180,100,Vestas_V90_2000,None,0,0,0,1,0.1,0
3181,3,ENE23711594,287,EOL6,0,0,180,100,Vestas_V90_2000,None,0,0,0,1,0.1,0
3182,3,ENE23711561,287,EOL6,0,0,180,100,Vestas_V90_2000,None,0,0,0,1,0.1,0
3183,3,ENE23811560,287,EOL6,0,0,180,100,Vestas_V90_2000,None,0,0,0,1,0.1,0
3184,3,ENE23811594,287,EOL6,0,0,180,100,Vestas_V90_2000,None,0,0,0,1,0.1,0
3185,3,ENE23811561,287,EOL6,0,0,180,100,Vestas_V90_2000,None,0,0,0,1,0.1,0
3186,3,ENE23911560,287,EOL6,0,0,180,100,Vestas_V90_2000,None,0,0,0,1,0.1,0
3187,3,ENE23911594,287,EOL6,0,0,180,100,Vestas_V90_2000,None,0,0,0,1,0.1,0
3188,3,ENE23911561,287,EOL6,0,0,180,100,Vestas_V90_2000,None,0,0,0,1,0.1,0
3189,3,ENE32811560,287,EOL6,0,0,180,100,Vestas_V90_2000,None,0,0,0,1,0.1,0
3190,3,ENE32811594,287,EOL6,0,0,180,100,Vestas_V90_2000,None,0,0,0,1,0.1,0
3191,3,ENE32811561,287,EOL6,0,0,180,100,Vestas_V90_2000,None,0,0,0,1,0.1,0
3192,3,ENE32911560,287,EOL6,0,0,180,100,Vestas_V90_2000,None,0,0,0,1,0.1,0
3193,3,ENE32911594,287,EOL6,0,0,180,100,Vestas_V90_2000,None,0,0,0,1,0.1,0
3194,3,ENE32911561,287,EOL6,0,0,180,100,Vestas_V90_2000,None,0,0,0,1,0.1,0
3195,3,ENE33011560,287,EOL6,0,0,180,100,Vestas_V90_2000,None,0,0,0,1,0.1,0
3196,3,ENE33011594,287,EOL6,0,0,180,100,Vestas_V90_2000,None,0,0,0,1,0.1,0
3197,3,ENE33011561,287,EOL6,0,0,180,100,Vestas_V90_2000,None,0,0,0,1,0.1,0
3198,3,ENE33111560,287,EOL6,0,0,180,100,Vestas_V90_2000,None,0,0,0,1,0.1,0
3199,3,ENE33111594,287,EOL6,0,0,180,100,Vestas_V90_2000,None,0,0,0,1,0.1,0
3200,3,ENE33111561,287,EOL6,0,0,180,100,Vestas_V90_2000,None,0,0,0,1,0.1,0
3201,3,ENE33211560,287,EOL6,0,0,180,100,Vestas_V90_2000,None,0,0,0,1,0.1,0
3202,3,ENE33211594,287,EOL6,0,0,180,100,Vestas_V90_2000,None,0,0,0,1,0.1,0
3203,3,ENE33211561,287,EOL6,0,0,180,100,Vestas_V90_2000,None,0,0,0,1,0.1,0
3204,3,ENE33311560,287,EOL6,0,0,180,100,Vestas_V90_2000,None,0,0,0,1,0.1,0
3205,3,ENE33311594,287,EOL6,0,0,180,100,Vestas_V90_2000,None,0,0,0,1,0.1,0
3206,3,ENE33311561,287,EOL6,0,0,180,100,Vestas_V90_2000,None,0,0,0,1,0.1,0
3207,3,ENE33411560,287,EOL6,0,0,180,100,Vestas_V90_2000,None,0,0,0,1,0.1,0
3208,3,ENE33411594,287,EOL6,0,0,180,100,Vestas_V90_2000,None,0,0,0,1,0.1,0
3209,3,ENE33411561,287,EOL6,0,0,180,100,Vestas_V90_2000,None,0,0,0,1,0.1,0
3210,3,ENE33511560,287,EOL6,0,0,180,100,Vestas_V90_2000,None,0,0,0,1,0.1,0
3211,3,ENE33511594,287,EOL6,0,0,180,100,Vestas_V90_2000,None,0,0,0,1,0.1,0
3212,3,ENE33511561,287,EOL6,0,0,180,100,Vestas_V90_2000,None,0,0,0,1,0.1,0
3213,3,ENE33611560,287,EOL6,0,0,180,100,Vestas_V90_2000,None,0,0,0,1,0.1,0
3214,3,ENE33611594,287,EOL6,0,0,180,100,Vestas_V90_2000,None,0,0,0,1,0.1,0
3215,3,ENE33611561,287,EOL6,0,0,180,100,Vestas_V90_2000,None,0,0,0,1,0.1,0
3216,3,ENE33711560,287,EOL6,0,0,180,100,Vestas_V90_2000,None,0,0,0,1,0.1,0
3217,3,ENE33711594,287,EOL6,0,0,180,100,Vestas_V90_2000,None,0,0,0,1,0.1,0
3218,3,ENE33711561,287,EOL6,0,0,180,100,Vestas_V90_2000,None,0,0,0,1,0.1,0
3219,3,ENE33811560,287,EOL6,0,0,180,100,Vestas_V90_2000,None,0,0,0,1,0.1,0
3220,3,ENE33811594,287,EOL6,0,0,180,100,Vestas_V90_2000,None,0,0,0,1,0.1,0
3221,3,ENE33811561,287,EOL6,0,0,180,100,Vestas_V90_2000,None,0,0,0,1,0.1,0
3222,3,ENE33911560,287,EOL6,0,0,180,100,Vestas_V90_2000,None,0,0,0,1,0.1,0
3223,3,ENE33911594,287,EOL6,0,0,180,100,Vestas_V90_2000,None,0,0,0,1,0.1,0
3224,3,ENE33911561,287,EOL6,0,0,180,100,Vestas_V90_2000,None,0,0,0,1,0.1,0
3225,3,EOLBA034655,287,EOL6,0,0,180,100,Vestas_V90_2000,None,0,0,0,1,0.1,0
3226,3,EOLBA034657,287,EOL6,0,0,180,100,Vestas_V90_2000,None,0,0,0,1,0.1,0
3227,3,EOLBA034658,287,EOL6,0,0,180,100,Vestas_V90_2000,None,0,0,0,1,0.1,0
3228,3,EOLBA034778,287,EOL6,0,0,180,100,Vestas_V90_2000,None,0,0,0,1,0.1,0
3229,3,EOLBA034779,287,EOL6,0,0,180,100,Vestas_V90_2000,None,0,0,0,1,0.1,0
3230,3,EOLBA034780,287,EOL6,0,0,180,100,Vestas_V90_2000,None,0,0,0,1,0.1,0
3231,3,EOLBA034781,287,EOL6,0,0,180,100,Vestas_V90_2000,None,0,0,0,1,0.1,0
3232,3,EOLBA034829,287,EOL6,0,0,180,100,Vestas_V90_2000,None,0,0,0,1,0.1,0
3233,3,EOLBA034848,287,EOL6,0,0,180,100,Vestas_V90_2000,None,0,0,0,1,0.1,0
3234,3,EOLBA034849,287,EOL6,0,0,180,100,Vestas_V90_2000,None,0,0,0,1,0.1,0
3235,3,EOLBA037004,287,EOL6,0,0,180,100,Vestas_V90_2000,None,0,0,0,1,0.1,0
3236,3,EOLBA037005,287,EOL6,0,0,180,100,Vestas_V90_2000,None,0,0,0,1,0.1,0
3237,3,EOLBA037006,287,EOL6,0,0,180,100,Vestas_V90_2000,None,0,0,0,1,0.1,0
3238,3,EOLBA037084,287,EOL6,0,0,180,100,Vestas_V90_2000,None,0,0,0,1,0.1,0
3239,3,EOLBA037086,287,EOL6,0,0,180,100,Vestas_V90_2000,None,0,0,0,1,0.1,0
3240,3,EOLBA038084,287,EOL6,0,0,180,100,Vestas_V90_2000,None,0,0,0,1,0.1,0
3241,3,EOLBA038085,287,EOL6,0,0,180,100,Vestas_V90_2000,None,0,0,0,1,0.1,0
3242,3,EOLBA038090,287,EOL6,0,0,180,100,Vestas_V90_2000,None,0,0,0,1,0.1,0
3243,3,EOLBA040777,287,EOL6,0,0,180,100,Vestas_V90_2000,None,0,0,0,1,0.1,0
3244,3,EOLBA040778,287,EOL6,0,0,180,100,Vestas_V90_2000,None,0,0,0,1,0.1,0
3245,3,EOLBA044878,287,EOL6,0,0,180,100,Vestas_V90_2000,None,0,0,0,1,0.1,0
3246,3,EOLBA047208,287,EOL6,0,0,180,100,Vestas_V90_2000,None,0,0,0,1,0.1,0
3247,3,EOLBA049142,287,EOL6,0,0,180,100,Vestas_V90_2000,None,0,0,0,1,0.1,0
3248,3,EOLBA049143,287,EOL6,0,0,180,100,Vestas_V90_2000,None,0,0,0,1,0.1,0
3249,3,EOLBA049144,287,EOL6,0,0,180,100,Vestas_V90_2000,None,0,0,0,1,0.1,0
3250,3,EOLBA049145,287,EOL6,0,0,180,100,Vestas_V90_2000,None,0,0,0,1,0.1,0
3251,3,EOLBA049371,287,EOL6,0,0,180,100,Vestas_V90_2000,None,0,0,0,1,0.1,0
3252,3,EOLBA049372,287,EOL6,0,0,180,100,Vestas_V90_2000,None,0,0,0,1,0.1,0
3253,3,EOLBA049373,287,EOL6,0,0,180,100,Vestas_V90_2000,None,0,0,0,1,0.1,0
3254,3,EOLBA049374,287,EOL6,0,0,180,100,Vestas_V90_2000,None,0,0,0,1,0.1,0
3255,3,EOLBA049375,287,EOL6,0,0,180,100,Vestas_V90_2000,None,0,0,0,1,0.1,0
3256,3,EOLBA049376,287,EOL6,0,0,180,100,Vestas_V90_2000,None,0,0,0,1,0.1,0
3257,3,EOLBA049377,287,EOL6,0,0,180,100,Vestas_V90_2000,None,0,0,0,1,0.1,0
3258,3,EOLBA049378,287,EOL6,0,0,180,100,Vestas_V90_2000,None,0,0,0,1,0.1,0
3259,3,EOLBA049379,287,EOL6,0,0,180,100,Vestas_V90_2000,None,0,0,0,1,0.1,0
3260,3,EOLBA049380,287,EOL6,0,0,180,100,Vestas_V90_2000,None,0,0,0,1,0.1,0
3261,3,EOLBA049381,287,EOL6,0,0,180,100,Vestas_V90_2000,None,0,0,0,1,0.1,0
3262,3,EOLBA049382,287,EOL6,0,0,180,100,Vestas_V90_2000,None,0,0,0,1,0.1,0
3263,3,EOLBA049383,287,EOL6,0,0,180,100,Vestas_V90_2000,None,0,0,0,1,0.1,0
3264,3,EOLBA049387,287,EOL6,0,0,180,100,Vestas_V90_2000,None,0,0,0,1,0.1,0
3265,3,EOLBA049388,287,EOL6,0,0,180,100,Vestas_V90_2000,None,0,0,0,1,0.1,0
3266,3,EOLBA049389,287,EOL6,0,0,180,100,Vestas_V90_2000,None,0,0,0,1,0.1,0
3267,3,EOLBA049390,287,EOL6,0,0,180,100,Vestas_V90_2000,None,0,0,0,1,0.1,0
3268,3,EOLBA049391,287,EOL6,0,0,180,100,Vestas_V90_2000,None,0,0,0,1,0.1,0
3269,3,EOLBA049392,287,EOL6,0,0,180,100,Vestas_V90_2000,None,0,0,0,1,0.1,0
3270,3,EOLBA049393,287,EOL6,0,0,180,100,Vestas_V90_2000,None,0,0,0,1,0.1,0
3271,3,EOLBA049394,287,EOL6,0,0,180,100,Vestas_V90_2000,None,0,0,0,1,0.1,0
3272,3,EOLBA049395,287,EOL6,0,0,180,100,Vestas_V90_2000,None,0,0,0,1,0.1,0
3273,3,EOLBA049396,287,EOL6,0,0,180,100,Vestas_V90_2000,None,0,0,0,1,0.1,0
3274,3,EOLBA049397,287,EOL6,0,0,180,100,Vestas_V90_2000,None,0,0,0,1,0.1,0
3275,3,EOLBA049398,287,EOL6,0,0,180,100,Vestas_V90_2000,None,0,0,0,1,0.1,0
3276,3,EOLBA049399,287,EOL6,0,0,180,100,Vestas_V90_2000,None,0,0,0,1,0.1,0
3277,3,EOLBA049416,287,EOL6,0,0,180,100,Vestas_V90_2000,None,0,0,0,1,0.1,0
3278,3,EOLBA049417,287,EOL6,0,0,180,100,Vestas_V90_2000,None,0,0,0,1,0.1,0
3279,3,EOLBA049418,287,EOL6,0,0,180,100,Vestas_V90_2000,None,0,0,0,1,0.1,0
3280,3,EOLBA049419,287,EOL6,0,0,180,100,Vestas_V90_2000,None,0,0,0,1,0.1,0
3281,3,EOLBA049420,287,EOL6,0,0,180,100,Vestas_V90_2000,None,0,0,0,1,0.1,0
3282,3,EOLBA049421,287,EOL6,0,0,180,100,Vestas_V90_2000,None,0,0,0,1,0.1,0
3283,3,EOLBA049422,287,EOL6,0,0,180,100,Vestas_V90_2000,None,0,0,0,1,0.1,0
3284,3,EOLBA049423,287,EOL6,0,0,180,100,Vestas_V90_2000,None,0,0,0,1,0.1,0
3285,3,EOLBA050844,287,EOL6,0,0,180,100,Vestas_V90_2000,None,0,0,0,1,0.1,0
3286,3,EOLBA050845,287,EOL6,0,0,180,100,Vestas_V90_2000,None,0,0,0,1,0.1,0
3287,3,EOLBA051588,287,EOL6,0,0,180,100,Vestas_V90_2000,None,0,0,0,1,0.1,0
3288,3,EOLBA051589,287,EOL6,0,0,180,100,Vestas_V90_2000,None,0,0,0,1,0.1,0
3289,3,EOLBA051590,287,EOL6,0,0,180,100,Vestas_V90_2000,None,0,0,0,1,0.1,0
3290,3,EOLBA051591,287,EOL6,0,0,180,100,Vestas_V90_2000,None,0,0,0,1,0.1,0
3291,3,EOLBA051592,287,EOL6,0,0,180,100,Vestas_V90_2000,None,0,0,0,1,0.1,0
3292,3,EOLBA051593,287,EOL6,0,0,180,100,Vestas_V90_2000,None,0,0,0,1,0.1,0
3293,3,EOLBA051594,287,EOL6,0,0,180,100,Vestas_V90_2000,None,0,0,0,1,0.1,0
3294,3,EOLBA051595,287,EOL6,0,0,180,100,Vestas_V90_2000,None,0,0,0,1,0.1,0
3295,3,EOLRN051587,287,EOL6,0,0,180,100,Vestas_V90_2000,None,0,0,0,1,0.1,0
3296,3,ENE128549,288,EOL7,0,0,180,100,Vestas_V90_2000,None,0,0,0,1,0.1,0
3297,3,ENE129549,288,EOL7,0,0,180,100,Vestas_V90_2000,None,0,0,0,1,0.1,0
3298,3,ENE130549,288,EOL7,0,0,180,100,Vestas_V90_2000,None,0,0,0,1,0.1,0
3299,3,ENE131549,288,EOL7,0,0,180,100,Vestas_V90_2000,None,0,0,0,1,0.1,0
3300,3,ENE132549,288,EOL7,0,0,180,100,Vestas_V90_2000,None,0,0,0,1,0.1,0
3301,3,ENE133549,288,EOL7,0,0,180,100,Vestas_V90_2000,None,0,0,0,1,0.1,0
3302,3,ENE134549,288,EOL7,0,0,180,100,Vestas_V90_2000,None,0,0,0,1,0.1,0
3303,3,ENE135549,288,EOL7,0,0,180,100,Vestas_V90_2000,None,0,0,0,1,0.1,0
3304,3,ENE136549,288,EOL7,0,0,180,100,Vestas_V90_2000,None,0,0,0,1,0.1,0
3305,3,ENE137549,288,EOL7,0,0,180,100,Vestas_V90_2000,None,0,0,0,1,0.1,0
3306,3,ENE138549,288,EOL7,0,0,180,100,Vestas_V90_2000,None,0,0,0,1,0.1,0
3307,3,ENE139549,288,EOL7,0,0,180,100,Vestas_V90_2000,None,0,0,0,1,0.1,0
3308,3,ENE228549,288,EOL7,0,0,180,100,Vestas_V90_2000,None,0,0,0,1,0.1,0
3309,3,ENE229549,288,EOL7,0,0,180,100,Vestas_V90_2000,None,0,0,0,1,0.1,0
3310,3,ENE230549,288,EOL7,0,0,180,100,Vestas_V90_2000,None,0,0,0,1,0.1,0
3311,3,ENE231549,288,EOL7,0,0,180,100,Vestas_V90_2000,None,0,0,0,1,0.1,0
3312,3,ENE232549,288,EOL7,0,0,180,100,Vestas_V90_2000,None,0,0,0,1,0.1,0
3313,3,ENE233549,288,EOL7,0,0,180,100,Vestas_V90_2000,None,0,0,0,1,0.1,0
3314,3,ENE234549,288,EOL7,0,0,180,100,Vestas_V90_2000,None,0,0,0,1,0.1,0
3315,3,ENE235549,288,EOL7,0,0,180,100,Vestas_V90_2000,None,0,0,0,1,0.1,0
3316,3,ENE236549,288,EOL7,0,0,180,100,Vestas_V90_2000,None,0,0,0,1,0.1,0
3317,3,ENE237549,288,EOL7,0,0,180,100,Vestas_V90_2000,None,0,0,0,1,0.1,0
3318,3,ENE238549,288,EOL7,0,0,180,100,Vestas_V90_2000,None,0,0,0,1,0.1,0
3319,3,ENE239549,288,EOL7,0,0,180,100,Vestas_V90_2000,None,0,0,0,1,0.1,0
3320,3,ENE328549,288,EOL7,0,0,180,100,Vestas_V90_2000,None,0,0,0,1,0.1,0
3321,3,ENE329549,288,EOL7,0,0,180,100,Vestas_V90_2000,None,0,0,0,1,0.1,0
3322,3,ENE330549,288,EOL7,0,0,180,100,Vestas_V90_2000,None,0,0,0,1,0.1,0
3323,3,ENE331549,288,EOL7,0,0,180,100,Vestas_V90_2000,None,0,0,0,1,0.1,0
3324,3,ENE332549,288,EOL7,0,0,180,100,Vestas_V90_2000,None,0,0,0,1,0.1,0
3325,3,ENE333549,288,EOL7,0,0,180,100,Vestas_V90_2000,None,0,0,0,1,0.1,0
3326,3,ENE334549,288,EOL7,0,0,180,100,Vestas_V90_2000,None,0,0,0,1,0.1,0
3327,3,ENE335549,288,EOL7,0,0,180,100,Vestas_V90_2000,None,0,0,0,1,0.1,0
3328,3,ENE336549,288,EOL7,0,0,180,100,Vestas_V90_2000,None,0,0,0,1,0.1,0
3329,3,ENE337549,288,EOL7,0,0,180,100,Vestas_V90_2000,None,0,0,0,1,0.1,0
3330,3,ENE338549,288,EOL7,0,0,180,100,Vestas_V90_2000,None,0,0,0,1,0.1,0
3331,3,ENE339549,288,EOL7,0,0,180,100,Vestas_V90_2000,None,0,0,0,1,0.1,0
3332,3,EOLPE049353,288,EOL7,0,0,180,100,Vestas_V90_2000,None,0,0,0,1,0.1,0
3333,3,EOLPE049354,288,EOL7,0,0,180,100,Vestas_V90_2000,None,0,0,0,1,0.1,0
3334,3,ENE12812905,289,EOL8,0,0,180,100,Vestas_V90_2000,None,0,0,0,1,0.1,0
3335,3,ENE12912905,289,EOL8,0,0,180,100,Vestas_V90_2000,None,0,0,0,1,0.1,0
3336,3,ENE13012905,289,EOL8,0,0,180,100,Vestas_V90_2000,None,0,0,0,1,0.1,0
3337,3,ENE13112905,289,EOL8,0,0,180,100,Vestas_V90_2000,None,0,0,0,1,0.1,0
3338,3,ENE13212905,289,EOL8,0,0,180,100,Vestas_V90_2000,None,0,0,0,1,0.1,0
3339,3,ENE13312905,289,EOL8,0,0,180,100,Vestas_V90_2000,None,0,0,0,1,0.1,0
3340,3,ENE13412905,289,EOL8,0,0,180,100,Vestas_V90_2000,None,0,0,0,1,0.1,0
3341,3,ENE13512905,289,EOL8,0,0,180,100,Vestas_V90_2000,None,0,0,0,1,0.1,0
3342,3,ENE13612905,289,EOL8,0,0,180,100,Vestas_V90_2000,None,0,0,0,1,0.1,0
3343,3,ENE13712905,289,EOL8,0,0,180,100,Vestas_V90_2000,None,0,0,0,1,0.1,0
3344,3,ENE13812905,289,EOL8,0,0,180,100,Vestas_V90_2000,None,0,0,0,1,0.1,0
3345,3,ENE13912905,289,EOL8,0,0,180,100,Vestas_V90_2000,None,0,0,0,1,0.1,0
3346,3,ENE22812905,289,EOL8,0,0,180,100,Vestas_V90_2000,None,0,0,0,1,0.1,0
3347,3,ENE22912905,289,EOL8,0,0,180,100,Vestas_V90_2000,None,0,0,0,1,0.1,0
3348,3,ENE23012905,289,EOL8,0,0,180,100,Vestas_V90_2000,None,0,0,0,1,0.1,0
3349,3,ENE23112905,289,EOL8,0,0,180,100,Vestas_V90_2000,None,0,0,0,1,0.1,0
3350,3,ENE23212905,289,EOL8,0,0,180,100,Vestas_V90_2000,None,0,0,0,1,0.1,0
3351,3,ENE23312905,289,EOL8,0,0,180,100,Vestas_V90_2000,None,0,0,0,1,0.1,0
3352,3,ENE23412905,289,EOL8,0,0,180,100,Vestas_V90_2000,None,0,0,0,1,0.1,0
3353,3,ENE23512905,289,EOL8,0,0,180,100,Vestas_V90_2000,None,0,0,0,1,0.1,0
3354,3,ENE23612905,289,EOL8,0,0,180,100,Vestas_V90_2000,None,0,0,0,1,0.1,0
3355,3,ENE23712905,289,EOL8,0,0,180,100,Vestas_V90_2000,None,0,0,0,1,0.1,0
3356,3,ENE23812905,289,EOL8,0,0,180,100,Vestas_V90_2000,None,0,0,0,1,0.1,0
3357,3,ENE23912905,289,EOL8,0,0,180,100,Vestas_V90_2000,None,0,0,0,1,0.1,0
3358,3,ENE32812905,289,EOL8,0,0,180,100,Vestas_V90_2000,None,0,0,0,1,0.1,0
3359,3,ENE32912905,289,EOL8,0,0,180,100,Vestas_V90_2000,None,0,0,0,1,0.1,0
3360,3,ENE33012905,289,EOL8,0,0,180,100,Vestas_V90_2000,None,0,0,0,1,0.1,0
3361,3,ENE33112905,289,EOL8,0,0,180,100,Vestas_V90_2000,None,0,0,0,1,0.1,0
3362,3,ENE33212905,289,EOL8,0,0,180,100,Vestas_V90_2000,None,0,0,0,1,0.1,0
3363,3,ENE33312905,289,EOL8,0,0,180,100,Vestas_V90_2000,None,0,0,0,1,0.1,0
3364,3,ENE33412905,289,EOL8,0,0,180,100,Vestas_V90_2000,None,0,0,0,1,0.1,0
3365,3,ENE33512905,289,EOL8,0,0,180,100,Vestas_V90_2000,None,0,0,0,1,0.1,0
3366,3,ENE33612905,289,EOL8,0,0,180,100,Vestas_V90_2000,None,0,0,0,1,0.1,0
3367,3,ENE33712905,289,EOL8,0,0,180,100,Vestas_V90_2000,None,0,0,0,1,0.1,0
3368,3,ENE33812905,289,EOL8,0,0,180,100,Vestas_V90_2000,None,0,0,0,1,0.1,0
3369,3,ENE33912905,289,EOL8,0,0,180,100,Vestas_V90_2000,None,0,0,0,1,0.1,0
4453,3,UFVPE045056,313,UFV11,0,0,180,100,Vestas_V90_2000,None,0,0,0,1,0.1,0
4454,3,UFVPE045057,313,UFV11,0,0,180,100,Vestas_V90_2000,None,0,0,0,1,0.1,0
4455,3,UFVPE045058,313,UFV11,0,0,180,100,Vestas_V90_2000,None,0,0,0,1,0.1,0
4456,3,UFVPE046963,313,UFV11,0,0,180,100,Vestas_V90_2000,None,0,0,0,1,0.1,0
4457,3,UFVPE046964,313,UFV11,0,0,180,100,Vestas_V90_2000,None,0,0,0,1,0.1,0
4458,3,UFVPI046552,313,UFV11,0,0,180,100,Vestas_V90_2000,None,0,0,0,1,0.1,0
4459,3,UFVCE038364,314,UFV12,0,0,180,100,Vestas_V90_2000,None,0,0,0,1,0.1,0
4460,3,UFVCE038365,314,UFV12,0,0,180,100,Vestas_V90_2000,None,0,0,0,1,0.1,0
4461,3,UFVCE038366,314,UFV12,0,0,180,100,Vestas_V90_2000,None,0,0,0,1,0.1,0
4462,3,UFVCE038367,314,UFV12,0,0,180,100,Vestas_V90_2000,None,0,0,0,1,0.1,0
4463,3,UFVCE038368,314,UFV12,0,0,180,100,Vestas_V90_2000,None,0,0,0,1,0.1,0
4464,3,UFVCE038369,314,UFV12,0,0,180,100,Vestas_V90_2000,None,0,0,0,1,0.1,0
4465,3,UFVCE038370,314,UFV12,0,0,180,100,Vestas_V90_2000,None,0,0,0,1,0.1,0
4466,3,UFVCE038371,314,UFV12,0,0,180,100,Vestas_V90_2000,None,0,0,0,1,0.1,0
4467,3,UFVCE038372,314,UFV12,0,0,180,100,Vestas_V90_2000,None,0,0,0,1,0.1,0
4468,3,UFVCE043270,314,UFV12,0,0,180,100,Vestas_V90_2000,None,0,0,0,1,0.1,0
4469,3,UFVCE043271,314,UFV12,0,0,180,100,Vestas_V90_2000,None,0,0,0,1,0.1,0
4470,3,UFVCE043272,314,UFV12,0,0,180,100,Vestas_V90_2000,None,0,0,0,1,0.1,0
4471,3,UFVCE043273,314,UFV12,0,0,180,100,Vestas_V90_2000,None,0,0,0,1,0.1,0
4472,3,UFVCE043274,314,UFV12,0,0,180,100,Vestas_V90_2000,None,0,0,0,1,0.1,0
4473,3,UFVCE051608,314,UFV12,0,0,180,100,Vestas_V90_2000,None,0,0,0,1,0.1,0
4474,3,UFVCE051610,314,UFV12,0,0,180,100,Vestas_V90_2000,None,0,0,0,1,0.1,0
4489,3,UFVBA044510,540,UFV2_NE,0,0,180,100,Vestas_V90_2000,None,0,0,0,1,0.1,0
4490,3,UFVBA044511,540,UFV2_NE,0,0,180,100,Vestas_V90_2000,None,0,0,0,1,0.1,0
4491,3,UFVBA044512,540,UFV2_NE,0,0,180,100,Vestas_V90_2000,None,0,0,0,1,0.1,0
4492,3,UFVBA044513,540,UFV2_NE,0,0,180,100,Vestas_V90_2000,None,0,0,0,1,0.1,0
4493,3,UFVBA044514,540,UFV2_NE,0,0,180,100,Vestas_V90_2000,None,0,0,0,1,0.1,0
4494,3,UFVBA044515,540,UFV2_NE,0,0,180,100,Vestas_V90_2000,None,0,0,0,1,0.1,0
4495,3,UFVBA049771,540,UFV2_NE,0,0,180,100,Vestas_V90_2000,None,0,0,0,1,0.1,0
4496,3,UFVCE049926,540,UFV2_NE,0,0,180,100,Vestas_V90_2000,None,0,0,0,1,0.1,0
4497,3,UFVCE049927,540,UFV2_NE,0,0,180,100,Vestas_V90_2000,None,0,0,0,1,0.1,0
4507,3,UFVPI037783,540,UFV2_NE,0,0,180,100,Vestas_V90_2000,None,0,0,0,1,0.1,0
4508,3,UFVPI037784,540,UFV2_NE,0,0,180,100,Vestas_V90_2000,None,0,0,0,1,0.1,0
4509,3,UFVPI037785,540,UFV2_NE,0,0,180,100,Vestas_V90_2000,None,0,0,0,1,0.1,0
4510,3,UFVPI037786,540,UFV2_NE,0,0,180,100,Vestas_V90_2000,None,0,0,0,1,0.1,0
4511,3,UFVPI037787,540,UFV2_NE,0,0,180,100,Vestas_V90_2000,None,0,0,0,1,0.1,0
4512,3,UFVPI037788,540,UFV2_NE,0,0,180,100,Vestas_V90_2000,None,0,0,0,1,0.1,0
4513,3,UFVPI038349,540,UFV2_NE,0,0,180,100,Vestas_V90_2000,None,0,0,0,1,0.1,0
4514,3,UFVPI038350,540,UFV2_NE,0,0,180,100,Vestas_V90_2000,None,0,0,0,1,0.1,0
4515,3,UFVPI038351,540,UFV2_NE,0,0,180,100,Vestas_V90_2000,None,0,0,0,1,0.1,0
4516,3,UFVPI038352,540,UFV2_NE,0,0,180,100,Vestas_V90_2000,None,0,0,0,1,0.1,0
4517,3,UFVPI038353,540,UFV2_NE,0,0,180,100,Vestas_V90_2000,None,0,0,0,1,0.1,0
4518,3,UFVPI038354,540,UFV2_NE,0,0,180,100,Vestas_V90_2000,None,0,0,0,1,0.1,0
4519,3,UFVPI041904,540,UFV2_NE,0,0,180,100,Vestas_V90_2000,None,0,0,0,1,0.1,0
4520,3,UFVPI041905,540,UFV2_NE,0,0,180,100,Vestas_V90_2000,None,0,0,0,1,0.1,0
4521,3,UFVPI041906,540,UFV2_NE,0,0,180,100,Vestas_V90_2000,None,0,0,0,1,0.1,0
4522,3,UFVPI041907,540,UFV2_NE,0,0,180,100,Vestas_V90_2000,None,0,0,0,1,0.1,0
4523,3,UFVPI041909,540,UFV2_NE,0,0,180,100,Vestas_V90_2000,None,0,0,0,1,0.1,0
4524,3,UFVPI044295,540,UFV2_NE,0,0,180,100,Vestas_V90_2000,None,0,0,0,1,0.1,0
4525,3,UFVPI044296,540,UFV2_NE,0,0,180,100,Vestas_V90_2000,None,0,0,0,1,0.1,0
4526,3,UFVPI049401,540,UFV2_NE,0,0,180,100,Vestas_V90_2000,None,0,0,0,1,0.1,0
4527,3,UFVPI049402,540,UFV2_NE,0,0,180,100,Vestas_V90_2000,None,0,0,0,1,0.1,0
4528,3,UFVPI049403,540,UFV2_NE,0,0,180,100,Vestas_V90_2000,None,0,0,0,1,0.1,0
4529,3,UFVPI049928,540,UFV2_NE,0,0,180,100,Vestas_V90_2000,None,0,0,0,1,0.1,0
4530,3,UFVPI049929,540,UFV2_NE,0,0,180,100,Vestas_V90_2000,None,0,0,0,1,0.1,0
4531,3,UFVPI049930,540,UFV2_NE,0,0,180,100,Vestas_V90_2000,None,0,0,0,1,0.1,0
4532,3,UFVPI049931,540,UFV2_NE,0,0,180,100,Vestas_V90_2000,None,0,0,0,1,0.1,0
4533,3,UFVPI049932,540,UFV2_NE,0,0,180,100,Vestas_V90_2000,None,0,0,0,1,0.1,0
4534,3,UFVPI049933,540,UFV2_NE,0,0,180,100,Vestas_V90_2000,None,0,0,0,1,0.1,0
4535,3,UFVPI051649,540,UFV2_NE,0,0,180,100,Vestas_V90_2000,None,0,0,0,1,0.1,0
4536,3,UFVPI051650,540,UFV2_NE,0,0,180,100,Vestas_V90_2000,None,0,0,0,1,0.1,0
4537,3,UFVPI072126,540,UFV2_NE,0,0,180,100,Vestas_V90_2000,None,0,0,0,1,0.1,0
4538,3,UFVPE037814,305,UFV3,0,0,180,100,Vestas_V90_2000,None,0,0,0,1,0.1,0
4539,3,UFVPE037815,305,UFV3,0,0,180,100,Vestas_V90_2000,None,0,0,0,1,0.1,0
4540,3,UFVPE037816,305,UFV3,0,0,180,100,Vestas_V90_2000,None,0,0,0,1,0.1,0
4541,3,UFVPE044516,305,UFV3,0,0,180,100,Vestas_V90_2000,None,0,0,0,1,0.1,0
4542,3,UFVPE044517,305,UFV3,0,0,180,100,Vestas_V90_2000,None,0,0,0,1,0.1,0
4543,3,UFVPE052244,305,UFV3,0,0,180,100,Vestas_V90_2000,None,0,0,0,1,0.1,0
4544,3,UFVPE052282,305,UFV3,0,0,180,100,Vestas_V90_2000,None,0,0,0,1,0.1,0
4545,3,UFVPE052283,305,UFV3,0,0,180,100,Vestas_V90_2000,None,0,0,0,1,0.1,0
4546,3,UFVPE052284,305,UFV3,0,0,180,100,Vestas_V90_2000,None,0,0,0,1,0.1,0
4678,3,UFVPB034432,307,UFV5,0,0,180,100,Vestas_V90_2000,None,0,0,0,1,0.1,0
4679,3,UFVPB034433,307,UFV5,0,0,180,100,Vestas_V90_2000,None,0,0,0,1,0.1,0
4680,3,UFVPB049685,307,UFV5,0,0,180,100,Vestas_V90_2000,None,0,0,0,1,0.1,0
4681,3,UFVPB049686,307,UFV5,0,0,180,100,Vestas_V90_2000,None,0,0,0,1,0.1,0
4682,3,UFVPB049687,307,UFV5,0,0,180,100,Vestas_V90_2000,None,0,0,0,1,0.1,0
4683,3,UFVPB049688,307,UFV5,0,0,180,100,Vestas_V90_2000,None,0,0,0,1,0.1,0
4684,3,UFVPB049689,307,UFV5,0,0,180,100,Vestas_V90_2000,None,0,0,0,1,0.1,0
4685,3,UFVPB049690,307,UFV5,0,0,180,100,Vestas_V90_2000,None,0,0,0,1,0.1,0
4686,3,UFVPB049691,307,UFV5,0,0,180,100,Vestas_V90_2000,None,0,0,0,1,0.1,0
4687,3,UFVPB049692,307,UFV5,0,0,180,100,Vestas_V90_2000,None,0,0,0,1,0.1,0
4688,3,UFVPB049693,307,UFV5,0,0,180,100,Vestas_V90_2000,None,0,0,0,1,0.1,0
4689,3,UFVPB049699,307,UFV5,0,0,180,100,Vestas_V90_2000,None,0,0,0,1,0.1,0
4690,3,UFVPB050865,307,UFV5,0,0,180,100,Vestas_V90_2000,None,0,0,0,1,0.1,0
4691,3,UFVPB050866,307,UFV5,0,0,180,100,Vestas_V90_2000,None,0,0,0,1,0.1,0
4692,3,UFVPB050867,307,UFV5,0,0,180,100,Vestas_V90_2000,None,0,0,0,1,0.1,0
4693,3,UFVPB050868,307,UFV5,0,0,180,100,Vestas_V90_2000,None,0,0,0,1,0.1,0
4694,3,UFVPB050869,307,UFV5,0,0,180,100,Vestas_V90_2000,None,0,0,0,1,0.1,0
4695,3,UFVPB055553,307,UFV5,0,0,180,100,Vestas_V90_2000,None,0,0,0,1,0.1,0
4696,3,UFVPB055554,307,UFV5,0,0,180,100,Vestas_V90_2000,None,0,0,0,1,0.1,0
4697,3,UFVPB073621,307,UFV5,0,0,180,100,Vestas_V90_2000,None,0,0,0,1,0.1,0
4698,3,UFVPE031870,308,UFV6,0,0,180,100,Vestas_V90_2000,None,0,0,0,1,0.1,0
4699,3,UFVPE034186,308,UFV6,0,0,180,100,Vestas_V90_2000,None,0,0,0,1,0.1,0
4700,3,UFVPE034188,308,UFV6,0,0,180,100,Vestas_V90_2000,None,0,0,0,1,0.1,0
4701,3,UFVPE046834,308,UFV6,0,0,180,100,Vestas_V90_2000,None,0,0,0,1,0.1,0
4702,3,UFVPE054546,308,UFV6,0,0,180,100,Vestas_V90_2000,None,0,0,0,1,0.1,0
4703,3,UFVPE054902,308,UFV6,0,0,180,100,Vestas_V90_2000,None,0,0,0,1,0.1,0
4704,3,UFVPE057163,308,UFV6,0,0,180,100,Vestas_V90_2000,None,0,0,0,1,0.1,0
4705,3,UFVPE057165,308,UFV6,0,0,180,100,Vestas_V90_2000,None,0,0,0,1,0.1,0
4706,3,UFVPE060586,308,UFV6,0,0,180,100,Vestas_V90_2000,None,0,0,0,1,0.1,0
4707,3,UFVPE060587,308,UFV6,0,0,180,100,Vestas_V90_2000,None,0,0,0,1,0.1,0
4708,3,UFVPE060588,308,UFV6,0,0,180,100,Vestas_V90_2000,None,0,0,0,1,0.1,0
4709,3,UFVPE060589,308,UFV6,0,0,180,100,Vestas_V90_2000,None,0,0,0,1,0.1,0
4710,3,UFVPE060590,308,UFV6,0,0,180,100,Vestas_V90_2000,None,0,0,0,1,0.1,0
4711,3,UFVCE034037,309,UFV7,0,0,180,100,Vestas_V90_2000,None,0,0,0,1,0.1,0
4712,3,UFVCE038389,309,UFV7,0,0,180,100,Vestas_V90_2000,None,0,0,0,1,0.1,0
4713,3,UFVCE038390,309,UFV7,0,0,180,100,Vestas_V90_2000,None,0,0,0,1,0.1,0
4714,3,UFVCE038392,309,UFV7,0,0,180,100,Vestas_V90_2000,None,0,0,0,1,0.1,0
4715,3,UFVCE038393,309,UFV7,0,0,180,100,Vestas_V90_2000,None,0,0,0,1,0.1,0
4716,3,UFVCE038394,309,UFV7,0,0,180,100,Vestas_V90_2000,None,0,0,0,1,0.1,0
4717,3,UFVCE038395,309,UFV7,0,0,180,100,Vestas_V90_2000,None,0,0,0,1,0.1,0
4718,3,UFVCE038396,309,UFV7,0,0,180,100,Vestas_V90_2000,None,0,0,0,1,0.1,0
4719,3,UFVCE038397,309,UFV7,0,0,180,100,Vestas_V90_2000,None,0,0,0,1,0.1,0
4720,3,UFVCE049620,309,UFV7,0,0,180,100,Vestas_V90_2000,None,0,0,0,1,0.1,0
4721,3,UFVCE049621,309,UFV7,0,0,180,100,Vestas_V90_2000,None,0,0,0,1,0.1,0
4722,3,UFVCE049622,309,UFV7,0,0,180,100,Vestas_V90_2000,None,0,0,0,1,0.1,0
4723,3,UFVCE051015,309,UFV7,0,0,180,100,Vestas_V90_2000,None,0,0,0,1,0.1,0
4724,3,UFVCE051016,309,UFV7,0,0,180,100,Vestas_V90_2000,None,0,0,0,1,0.1,0
4725,3,UFVCE051636,309,UFV7,0,0,180,100,Vestas_V90_2000,None,0,0,0,1,0.1,0
4726,3,UFVRN037749,309,UFV7,0,0,180,100,Vestas_V90_2000,None,0,0,0,1,0.1,0
4727,3,UFVRN037750,309,UFV7,0,0,180,100,Vestas_V90_2000,None,0,0,0,1,0.1,0
4728,3,UFVRN037751,309,UFV7,0,0,180,100,Vestas_V90_2000,None,0,0,0,1,0.1,0
4729,3,UFVRN037752,309,UFV7,0,0,180,100,Vestas_V90_2000,None,0,0,0,1,0.1,0
4730,3,UFVRN037753,309,UFV7,0,0,180,100,Vestas_V90_2000,None,0,0,0,1,0.1,0
4731,3,UFVRN037754,309,UFV7,0,0,180,100,Vestas_V90_2000,None,0,0,0,1,0.1,0
4732,3,UFVRN037755,309,UFV7,0,0,180,100,Vestas_V90_2000,None,0,0,0,1,0.1,0
4733,3,UFVRN037769,309,UFV7,0,0,180,100,Vestas_V90_2000,None,0,0,0,1,0.1,0
4734,3,UFVRN037770,309,UFV7,0,0,180,100,Vestas_V90_2000,None,0,0,0,1,0.1,0
4735,3,UFVRN037771,309,UFV7,0,0,180,100,Vestas_V90_2000,None,0,0,0,1,0.1,0
4736,3,UFVRN037772,309,UFV7,0,0,180,100,Vestas_V90_2000,None,0,0,0,1,0.1,0
4737,3,UFVRN037773,309,UFV7,0,0,180,100,Vestas_V90_2000,None,0,0,0,1,0.1,0
4738,3,UFVRN037774,309,UFV7,0,0,180,100,Vestas_V90_2000,None,0,0,0,1,0.1,0
4739,3,UFVRN045016,309,UFV7,0,0,180,100,Vestas_V90_2000,None,0,0,0,1,0.1,0
4740,3,UFVRN045017,309,UFV7,0,0,180,100,Vestas_V90_2000,None,0,0,0,1,0.1,0
4741,3,UFVRN045018,309,UFV7,0,0,180,100,Vestas_V90_2000,None,0,0,0,1,0.1,0
4742,3,UFVRN045019,309,UFV7,0,0,180,100,Vestas_V90_2000,None,0,0,0,1,0.1,0
4743,3,UFVRN045020,309,UFV7,0,0,180,100,Vestas_V90_2000,None,0,0,0,1,0.1,0
4744,3,UFVRN045021,309,UFV7,0,0,180,100,Vestas_V90_2000,None,0,0,0,1,0.1,0
4745,3,UFVRN045154,309,UFV7,0,0,180,100,Vestas_V90_2000,None,0,0,0,1,0.1,0
4746,3,UFVRN045155,309,UFV7,0,0,180,100,Vestas_V90_2000,None,0,0,0,1,0.1,0
4747,3,UFVRN045156,309,UFV7,0,0,180,100,Vestas_V90_2000,None,0,0,0,1,0.1,0
4748,3,UFVRN046923,309,UFV7,0,0,180,100,Vestas_V90_2000,None,0,0,0,1,0.1,0
4749,3,UFVRN046924,309,UFV7,0,0,180,100,Vestas_V90_2000,None,0,0,0,1,0.1,0
4750,3,UFVRN046925,309,UFV7,0,0,180,100,Vestas_V90_2000,None,0,0,0,1,0.1,0
4751,3,UFVRN046926,309,UFV7,0,0,180,100,Vestas_V90_2000,None,0,0,0,1,0.1,0
4752,3,UFVRN046927,309,UFV7,0,0,180,100,Vestas_V90_2000,None,0,0,0,1,0.1,0
4753,3,UFVRN047378,309,UFV7,0,0,180,100,Vestas_V90_2000,None,0,0,0,1,0.1,0
4754,3,UFVRN047379,309,UFV7,0,0,180,100,Vestas_V90_2000,None,0,0,0,1,0.1,0
4755,3,UFVRN047380,309,UFV7,0,0,180,100,Vestas_V90_2000,None,0,0,0,1,0.1,0
4756,3,UFVRN047381,309,UFV7,0,0,180,100,Vestas_V90_2000,None,0,0,0,1,0.1,0
4757,3,UFVRN047382,309,UFV7,0,0,180,100,Vestas_V90_2000,None,0,0,0,1,0.1,0
4758,3,UFVRN047383,309,UFV7,0,0,180,100,Vestas_V90_2000,None,0,0,0,1,0.1,0
4759,3,UFVRN047384,309,UFV7,0,0,180,100,Vestas_V90_2000,None,0,0,0,1,0.1,0
4760,3,UFVRN047385,309,UFV7,0,0,180,100,Vestas_V90_2000,None,0,0,0,1,0.1,0
4761,3,UFVRN047386,309,UFV7,0,0,180,100,Vestas_V90_2000,None,0,0,0,1,0.1,0
4762,3,UFVRN047387,309,UFV7,0,0,180,100,Vestas_V90_2000,None,0,0,0,1,0.1,0
4763,3,UFVRN047388,309,UFV7,0,0,180,100,Vestas_V90_2000,None,0,0,0,1,0.1,0
4764,3,UFVBA037517,310,UFV8,0,0,180,100,Vestas_V90_2000,None,0,0,0,1,0.1,0
4765,3,UFVBA037518,310,UFV8,0,0,180,100,Vestas_V90_2000,None,0,0,0,1,0.1,0
4766,3,UFVBA047041,310,UFV8,0,0,180,100,Vestas_V90_2000,None,0,0,0,1,0.1,0
4767,3,UFVBA047042,310,UFV8,0,0,180,100,Vestas_V90_2000,None,0,0,0,1,0.1,0
4768,3,UFVBA047045,310,UFV8,0,0,180,100,Vestas_V90_2000,None,0,0,0,1,0.1,0
4769,3,UFVBA049939,310,UFV8,0,0,180,100,Vestas_V90_2000,None,0,0,0,1,0.1,0
4770,3,UFVBA049940,310,UFV8,0,0,180,100,Vestas_V90_2000,None,0,0,0,1,0.1,0
4771,3,UFVBA051678,310,UFV8,0,0,180,100,Vestas_V90_2000,None,0,0,0,1,0.1,0
4772,3,UFVBA053502,310,UFV8,0,0,180,100,Vestas_V90_2000,None,0,0,0,1,0.1,0
4773,3,UFVBA053503,310,UFV8,0,0,180,100,Vestas_V90_2000,None,0,0,0,1,0.1,0
4774,3,UFVBA053504,310,UFV8,0,0,180,100,Vestas_V90_2000,None,0,0,0,1,0.1,0
4775,3,UFVBA053505,310,UFV8,0,0,180,100,Vestas_V90_2000,None,0,0,0,1,0.1,0
4776,3,UFVBA063846,310,UFV8,0,0,180,100,Vestas_V90_2000,None,0,0,0,1,0.1,0
4863,3,MMGDAL11501,559,GD_EQ_AL,0,0,180,100,Vestas_V90_2000,None,0,0,0,1,0.1,0
4864,3,MMGDAL17501,559,GD_EQ_AL,0,0,180,100,Vestas_V90_2000,None,0,0,0,1,0.1,0
4865,3,MMGDAL17502,559,GD_EQ_AL,0,0,180,100,Vestas_V90_2000,None,0,0,0,1,0.1,0
4866,3,MMGDAL17503,559,GD_EQ_AL,0,0,180,100,Vestas_V90_2000,None,0,0,0,1,0.1,0
4867,3,MMGDAL17504,559,GD_EQ_AL,0,0,180,100,Vestas_V90_2000,None,0,0,0,1,0.1,0
4868,3,MMGDAL641,559,GD_EQ_AL,0,0,180,100,Vestas_V90_2000,None,0,0,0,1,0.1,0
4869,3,MMGDAL642,559,GD_EQ_AL,0,0,180,100,Vestas_V90_2000,None,0,0,0,1,0.1,0
4870,3,MMGDAL658,559,GD_EQ_AL,0,0,180,100,Vestas_V90_2000,None,0,0,0,1,0.1,0
4871,3,MMGDAL659,559,GD_EQ_AL,0,0,180,100,Vestas_V90_2000,None,0,0,0,1,0.1,0
4872,3,MMGDAL708,559,GD_EQ_AL,0,0,180,100,Vestas_V90_2000,None,0,0,0,1,0.1,0
4946,3,MMGDBA103,562,GD_COELBA,0,0,180,100,Vestas_V90_2000,None,0,0,0,1,0.1,0
4947,3,MMGDBA11473,562,GD_COELBA,0,0,180,100,Vestas_V90_2000,None,0,0,0,1,0.1,0
4948,3,MMGDBA162,562,GD_COELBA,0,0,180,100,Vestas_V90_2000,None,0,0,0,1,0.1,0
4949,3,MMGDBA169,562,GD_COELBA,0,0,180,100,Vestas_V90_2000,None,0,0,0,1,0.1,0
4950,3,MMGDBA183,562,GD_COELBA,0,0,180,100,Vestas_V90_2000,None,0,0,0,1,0.1,0
4951,3,MMGDBA18504,562,GD_COELBA,0,0,180,100,Vestas_V90_2000,None,0,0,0,1,0.1,0
4952,3,MMGDBA18510,562,GD_COELBA,0,0,180,100,Vestas_V90_2000,None,0,0,0,1,0.1,0
4953,3,MMGDBA18530,562,GD_COELBA,0,0,180,100,Vestas_V90_2000,None,0,0,0,1,0.1,0
4954,3,MMGDBA18553,562,GD_COELBA,0,0,180,100,Vestas_V90_2000,None,0,0,0,1,0.1,0
4955,3,MMGDBA18554,562,GD_COELBA,0,0,180,100,Vestas_V90_2000,None,0,0,0,1,0.1,0
4956,3,MMGDBA18586,562,GD_COELBA,0,0,180,100,Vestas_V90_2000,None,0,0,0,1,0.1,0
4957,3,MMGDBA186,562,GD_COELBA,0,0,180,100,Vestas_V90_2000,None,0,0,0,1,0.1,0
4958,3,MMGDBA18600,562,GD_COELBA,0,0,180,100,Vestas_V90_2000,None,0,0,0,1,0.1,0
4959,3,MMGDBA18601,562,GD_COELBA,0,0,180,100,Vestas_V90_2000,None,0,0,0,1,0.1,0
4960,3,MMGDBA18602,562,GD_COELBA,0,0,180,100,Vestas_V90_2000,None,0,0,0,1,0.1,0
4961,3,MMGDBA18630,562,GD_COELBA,0,0,180,100,Vestas_V90_2000,None,0,0,0,1,0.1,0
4962,3,MMGDBA18636,562,GD_COELBA,0,0,180,100,Vestas_V90_2000,None,0,0,0,1,0.1,0
4963,3,MMGDBA18640,562,GD_COELBA,0,0,180,100,Vestas_V90_2000,None,0,0,0,1,0.1,0
4964,3,MMGDBA18641,562,GD_COELBA,0,0,180,100,Vestas_V90_2000,None,0,0,0,1,0.1,0
4965,3,MMGDBA18642,562,GD_COELBA,0,0,180,100,Vestas_V90_2000,None,0,0,0,1,0.1,0
4966,3,MMGDBA18643,562,GD_COELBA,0,0,180,100,Vestas_V90_2000,None,0,0,0,1,0.1,0
4967,3,MMGDBA18644,562,GD_COELBA,0,0,180,100,Vestas_V90_2000,None,0,0,0,1,0.1,0
4968,3,MMGDBA18645,562,GD_COELBA,0,0,180,100,Vestas_V90_2000,None,0,0,0,1,0.1,0
4969,3,MMGDBA18763,562,GD_COELBA,0,0,180,100,Vestas_V90_2000,None,0,0,0,1,0.1,0
4970,3,MMGDBA18764,562,GD_COELBA,0,0,180,100,Vestas_V90_2000,None,0,0,0,1,0.1,0
4971,3,MMGDBA18765,562,GD_COELBA,0,0,180,100,Vestas_V90_2000,None,0,0,0,1,0.1,0
4972,3,MMGDBA18797,562,GD_COELBA,0,0,180,100,Vestas_V90_2000,None,0,0,0,1,0.1,0
4973,3,MMGDBA188,562,GD_COELBA,0,0,180,100,Vestas_V90_2000,None,0,0,0,1,0.1,0
4974,3,MMGDBA207,562,GD_COELBA,0,0,180,100,Vestas_V90_2000,None,0,0,0,1,0.1,0
4975,3,MMGDBA600,562,GD_COELBA,0,0,180,100,Vestas_V90_2000,None,0,0,0,1,0.1,0
4976,3,MMGDBA601,562,GD_COELBA,0,0,180,100,Vestas_V90_2000,None,0,0,0,1,0.1,0
4977,3,MMGDBA602,562,GD_COELBA,0,0,180,100,Vestas_V90_2000,None,0,0,0,1,0.1,0
4978,3,MMGDBA603,562,GD_COELBA,0,0,180,100,Vestas_V90_2000,None,0,0,0,1,0.1,0
4979,3,MMGDBA613,562,GD_COELBA,0,0,180,100,Vestas_V90_2000,None,0,0,0,1,0.1,0
4980,3,MMGDBA664,562,GD_COELBA,0,0,180,100,Vestas_V90_2000,None,0,0,0,1,0.1,0
4981,3,MMGDBA666,562,GD_COELBA,0,0,180,100,Vestas_V90_2000,None,0,0,0,1,0.1,0
4982,3,MMGDBA668,562,GD_COELBA,0,0,180,100,Vestas_V90_2000,None,0,0,0,1,0.1,0
4983,3,MMGDBA670,562,GD_COELBA,0,0,180,100,Vestas_V90_2000,None,0,0,0,1,0.1,0
4984,3,MMGDBA672,562,GD_COELBA,0,0,180,100,Vestas_V90_2000,None,0,0,0,1,0.1,0
4985,3,MMGDBA674,562,GD_COELBA,0,0,180,100,Vestas_V90_2000,None,0,0,0,1,0.1,0
4986,3,MMGDBA675,562,GD_COELBA,0,0,180,100,Vestas_V90_2000,None,0,0,0,1,0.1,0
4987,3,MMGDBA676,562,GD_COELBA,0,0,180,100,Vestas_V90_2000,None,0,0,0,1,0.1,0
4988,3,MMGDBA677,562,GD_COELBA,0,0,180,100,Vestas_V90_2000,None,0,0,0,1,0.1,0
4989,3,MMGDBA678,562,GD_COELBA,0,0,180,100,Vestas_V90_2000,None,0,0,0,1,0.1,0
4990,3,MMGDBA679,562,GD_COELBA,0,0,180,100,Vestas_V90_2000,None,0,0,0,1,0.1,0
4991,3,MMGDBA680,562,GD_COELBA,0,0,180,100,Vestas_V90_2000,None,0,0,0,1,0.1,0
4992,3,MMGDBA681,562,GD_COELBA,0,0,180,100,Vestas_V90_2000,None,0,0,0,1,0.1,0
4993,3,MMGDBA683,562,GD_COELBA,0,0,180,100,Vestas_V90_2000,None,0,0,0,1,0.1,0
4994,3,MMGDBA685,562,GD_COELBA,0,0,180,100,Vestas_V90_2000,None,0,0,0,1,0.1,0
4995,3,MMGDBA686,562,GD_COELBA,0,0,180,100,Vestas_V90_2000,None,0,0,0,1,0.1,0
4996,3,MMGDBA794,562,GD_COELBA,0,0,180,100,Vestas_V90_2000,None,0,0,0,1,0.1,0
4997,3,MMGDBA876,562,GD_COELBA,0,0,180,100,Vestas_V90_2000,None,0,0,0,1,0.1,0
4998,3,MMGDBA909,562,GD_COELBA,0,0,180,100,Vestas_V90_2000,None,0,0,0,1,0.1,0
4999,3,MMGDBA972,562,GD_COELBA,0,0,180,100,Vestas_V90_2000,None,0,0,0,1,0.1,0
5000,3,MMGDBA976,562,GD_COELBA,0,0,180,100,Vestas_V90_2000,None,0,0,0,1,0.1,0
5001,3,MMGDCE11517,563,GD_ENEL_CE,0,0,180,100,Vestas_V90_2000,None,0,0,0,1,0.1,0
5002,3,MMGDCE11618,563,GD_ENEL_CE,0,0,180,100,Vestas_V90_2000,None,0,0,0,1,0.1,0
5003,3,MMGDCE11619,563,GD_ENEL_CE,0,0,180,100,Vestas_V90_2000,None,0,0,0,1,0.1,0
5004,3,MMGDCE55431,563,GD_ENEL_CE,0,0,180,100,Vestas_V90_2000,None,0,0,0,1,0.1,0
5005,3,MMGDCE616,563,GD_ENEL_CE,0,0,180,100,Vestas_V90_2000,None,0,0,0,1,0.1,0
5006,3,MMGDCE617,563,GD_ENEL_CE,0,0,180,100,Vestas_V90_2000,None,0,0,0,1,0.1,0
5007,3,MMGDCE618,563,GD_ENEL_CE,0,0,180,100,Vestas_V90_2000,None,0,0,0,1,0.1,0
5008,3,MMGDCE619,563,GD_ENEL_CE,0,0,180,100,Vestas_V90_2000,None,0,0,0,1,0.1,0
5009,3,MMGDCE621,563,GD_ENEL_CE,0,0,180,100,Vestas_V90_2000,None,0,0,0,1,0.1,0
5010,3,MMGDCE622,563,GD_ENEL_CE,0,0,180,100,Vestas_V90_2000,None,0,0,0,1,0.1,0
5011,3,MMGDCE623,563,GD_ENEL_CE,0,0,180,100,Vestas_V90_2000,None,0,0,0,1,0.1,0
5012,3,MMGDCE625,563,GD_ENEL_CE,0,0,180,100,Vestas_V90_2000,None,0,0,0,1,0.1,0
5013,3,MMGDCE626,563,GD_ENEL_CE,0,0,180,100,Vestas_V90_2000,None,0,0,0,1,0.1,0
5014,3,MMGDCE634,563,GD_ENEL_CE,0,0,180,100,Vestas_V90_2000,None,0,0,0,1,0.1,0
5015,3,MMGDCE765,563,GD_ENEL_CE,0,0,180,100,Vestas_V90_2000,None,0,0,0,1,0.1,0
5016,3,MMGDCE819,563,GD_ENEL_CE,0,0,180,100,Vestas_V90_2000,None,0,0,0,1,0.1,0
5017,3,MMGDCE820,563,GD_ENEL_CE,0,0,180,100,Vestas_V90_2000,None,0,0,0,1,0.1,0
5744,3,MMGDPB12699,573,GD_EPB,0,0,180,100,Vestas_V90_2000,None,0,0,0,1,0.1,0
5745,3,MMGDPB16645,573,GD_EPB,0,0,180,100,Vestas_V90_2000,None,0,0,0,1,0.1,0
5746,3,MMGDPB633,573,GD_EPB,0,0,180,100,Vestas_V90_2000,None,0,0,0,1,0.1,0
5747,3,MMGDPB644,573,GD_EPB,0,0,180,100,Vestas_V90_2000,None,0,0,0,1,0.1,0
5748,3,MMGDPB648,573,GD_EPB,0,0,180,100,Vestas_V90_2000,None,0,0,0,1,0.1,0
5749,3,MMGDPB684,573,GD_EPB,0,0,180,100,Vestas_V90_2000,None,0,0,0,1,0.1,0
5750,3,MMGDPB694,573,GD_EPB,0,0,180,100,Vestas_V90_2000,None,0,0,0,1,0.1,0
5751,3,MMGDPB745,573,GD_EPB,0,0,180,100,Vestas_V90_2000,None,0,0,0,1,0.1,0
5752,3,MMGDPE120,574,GD_CELPE,0,0,180,100,Vestas_V90_2000,None,0,0,0,1,0.1,0
5753,3,MMGDPE12033,574,GD_CELPE,0,0,180,100,Vestas_V90_2000,None,0,0,0,1,0.1,0
5754,3,MMGDPE122,574,GD_CELPE,0,0,180,100,Vestas_V90_2000,None,0,0,0,1,0.1,0
5755,3,MMGDPE12602,574,GD_CELPE,0,0,180,100,Vestas_V90_2000,None,0,0,0,1,0.1,0
5756,3,MMGDPE17001,574,GD_CELPE,0,0,180,100,Vestas_V90_2000,None,0,0,0,1,0.1,0
5757,3,MMGDPE17002,574,GD_CELPE,0,0,180,100,Vestas_V90_2000,None,0,0,0,1,0.1,0
5758,3,MMGDPE17007,574,GD_CELPE,0,0,180,100,Vestas_V90_2000,None,0,0,0,1,0.1,0
5759,3,MMGDPE17105,574,GD_CELPE,0,0,180,100,Vestas_V90_2000,None,0,0,0,1,0.1,0
5760,3,MMGDPE17230,574,GD_CELPE,0,0,180,100,Vestas_V90_2000,None,0,0,0,1,0.1,0
5761,3,MMGDPE17447,574,GD_CELPE,0,0,180,100,Vestas_V90_2000,None,0,0,0,1,0.1,0
5762,3,MMGDPE5876,574,GD_CELPE,0,0,180,100,Vestas_V90_2000,None,0,0,0,1,0.1,0
5763,3,MMGDPE609,574,GD_CELPE,0,0,180,100,Vestas_V90_2000,None,0,0,0,1,0.1,0
5764,3,MMGDPE620,574,GD_CELPE,0,0,180,100,Vestas_V90_2000,None,0,0,0,1,0.1,0
5765,3,MMGDPE640,574,GD_CELPE,0,0,180,100,Vestas_V90_2000,None,0,0,0,1,0.1,0
5766,3,MMGDPE643,574,GD_CELPE,0,0,180,100,Vestas_V90_2000,None,0,0,0,1,0.1,0
5767,3,MMGDPE647,574,GD_CELPE,0,0,180,100,Vestas_V90_2000,None,0,0,0,1,0.1,0
5768,3,MMGDPE649,574,GD_CELPE,0,0,180,100,Vestas_V90_2000,None,0,0,0,1,0.1,0
5769,3,MMGDPE650,574,GD_CELPE,0,0,180,100,Vestas_V90_2000,None,0,0,0,1,0.1,0
5770,3,MMGDPE654,574,GD_CELPE,0,0,180,100,Vestas_V90_2000,None,0,0,0,1,0.1,0
5771,3,MMGDPE655,574,GD_CELPE,0,0,180,100,Vestas_V90_2000,None,0,0,0,1,0.1,0
5772,3,MMGDPE656,574,GD_CELPE,0,0,180,100,Vestas_V90_2000,None,0,0,0,1,0.1,0
5773,3,MMGDPE660,574,GD_CELPE,0,0,180,100,Vestas_V90_2000,None,0,0,0,1,0.1,0
5774,3,MMGDPE661,574,GD_CELPE,0,0,180,100,Vestas_V90_2000,None,0,0,0,1,0.1,0
5775,3,MMGDPE752,574,GD_CELPE,0,0,180,100,Vestas_V90_2000,None,0,0,0,1,0.1,0
5776,3,MMGDPI127,575,GD_EQ_PI,0,0,180,100,Vestas_V90_2000,None,0,0,0,1,0.1,0
5777,3,MMGDPI12904,575,GD_EQ_PI,0,0,180,100,Vestas_V90_2000,None,0,0,0,1,0.1,0
5778,3,MMGDPI15029,575,GD_EQ_PI,0,0,180,100,Vestas_V90_2000,None,0,0,0,1,0.1,0
5779,3,MMGDPI15056,575,GD_EQ_PI,0,0,180,100,Vestas_V90_2000,None,0,0,0,1,0.1,0
5780,3,MMGDPI15100,575,GD_EQ_PI,0,0,180,100,Vestas_V90_2000,None,0,0,0,1,0.1,0
5781,3,MMGDPI15203,575,GD_EQ_PI,0,0,180,100,Vestas_V90_2000,None,0,0,0,1,0.1,0
5782,3,MMGDPI15205,575,GD_EQ_PI,0,0,180,100,Vestas_V90_2000,None,0,0,0,1,0.1,0
5783,3,MMGDPI15230,575,GD_EQ_PI,0,0,180,100,Vestas_V90_2000,None,0,0,0,1,0.1,0
5784,3,MMGDPI627,575,GD_EQ_PI,0,0,180,100,Vestas_V90_2000,None,0,0,0,1,0.1,0
5785,3,MMGDPI628,575,GD_EQ_PI,0,0,180,100,Vestas_V90_2000,None,0,0,0,1,0.1,0
5786,3,MMGDPI637,575,GD_EQ_PI,0,0,180,100,Vestas_V90_2000,None,0,0,0,1,0.1,0
5787,3,MMGDPI657,575,GD_EQ_PI,0,0,180,100,Vestas_V90_2000,None,0,0,0,1,0.1,0
5788,3,MMGDPI687,575,GD_EQ_PI,0,0,180,100,Vestas_V90_2000,None,0,0,0,1,0.1,0
5789,3,MMGDPI695,575,GD_EQ_PI,0,0,180,100,Vestas_V90_2000,None,0,0,0,1,0.1,0
6149,3,MMGDRN12246,579,GD_COSERN,0,0,180,100,Vestas_V90_2000,None,0,0,0,1,0.1,0
6150,3,MMGDRN16013,579,GD_COSERN,0,0,180,100,Vestas_V90_2000,None,0,0,0,1,0.1,0
6151,3,MMGDRN56264,579,GD_COSERN,0,0,180,100,Vestas_V90_2000,None,0,0,0,1,0.1,0
6152,3,MMGDRN57700,579,GD_COSERN,0,0,180,100,Vestas_V90_2000,None,0,0,0,1,0.1,0
6153,3,MMGDRN624,579,GD_COSERN,0,0,180,100,Vestas_V90_2000,None,0,0,0,1,0.1,0
6154,3,MMGDRN645,579,GD_COSERN,0,0,180,100,Vestas_V90_2000,None,0,0,0,1,0.1,0
6155,3,MMGDRN646,579,GD_COSERN,0,0,180,100,Vestas_V90_2000,None,0,0,0,1,0.1,0
6156,3,MMGDRN651,579,GD_COSERN,0,0,180,100,Vestas_V90_2000,None,0,0,0,1,0.1,0
6157,3,MMGDRN652,579,GD_COSERN,0,0,180,100,Vestas_V90_2000,None,0,0,0,1,0.1,0
6158,3,MMGDRN653,579,GD_COSERN,0,0,180,100,Vestas_V90_2000,None,0,0,0,1,0.1,0
6159,3,MMGDRN689,579,GD_COSERN,0,0,180,100,Vestas_V90_2000,None,0,0,0,1,0.1,0
6160,3,MMGDRN746,579,GD_COSERN,0,0,180,100,Vestas_V90_2000,None,0,0,0,1,0.1,0
6614,3,MMGDSE11673,585,GD_ESE,0,0,180,100,Vestas_V90_2000,None,0,0,0,1,0.1,0
6615,3,MMGDSE18007,585,GD_ESE,0,0,180,100,Vestas_V90_2000,None,0,0,0,1,0.1,0
6616,3,MMGDSE608,585,GD_ESE,0,0,180,100,Vestas_V90_2000,None,0,0,0,1,0.1,0
6617,3,MMGDSE662,585,GD_ESE,0,0,180,100,Vestas_V90_2000,None,0,0,0,1,0.1,0
6618,3,MMGDSE665,586,GD_SULGIPE,0,0,180,100,Vestas_V90_2000,None,0,0,0,1,0.1,0
6619,3,MMGDSE671,585,GD_ESE,0,0,180,100,Vestas_V90_2000,None,0,0,0,1,0.1,0
6620,3,MMGDSE673,585,GD_ESE,0,0,180,100,Vestas_V90_2000,None,0,0,0,1,0.1,0
738,4,EOLMA033673,282,EOL1,0,0,180,100,Vestas_V90_2000,None,0,0,0,1,0.1,0
739,4,EOLMA033675,282,EOL1,0,0,180,100,Vestas_V90_2000,None,0,0,0,1,0.1,0
740,4,EOLMA033680,282,EOL1,0,0,180,100,Vestas_V90_2000,None,0,0,0,1,0.1,0
741,4,EOLMA033682,282,EOL1,0,0,180,100,Vestas_V90_2000,None,0,0,0,1,0.1,0
742,4,EOLMA033683,282,EOL1,0,0,180,100,Vestas_V90_2000,None,0,0,0,1,0.1,0
743,4,EOLMA033684,282,EOL1,0,0,180,100,Vestas_V90_2000,None,0,0,0,1,0.1,0
744,4,EOLMA033685,282,EOL1,0,0,180,100,Vestas_V90_2000,None,0,0,0,1,0.1,0
745,4,EOLMA033686,282,EOL1,0,0,180,100,Vestas_V90_2000,None,0,0,0,1,0.1,0
746,4,EOLMA037967,282,EOL1,0,0,180,100,Vestas_V90_2000,None,0,0,0,1,0.1,0
747,4,EOLMA037970,282,EOL1,0,0,180,100,Vestas_V90_2000,None,0,0,0,1,0.1,0
748,4,EOLMA037972,282,EOL1,0,0,180,100,Vestas_V90_2000,None,0,0,0,1,0.1,0
749,4,EOLMA037976,282,EOL1,0,0,180,100,Vestas_V90_2000,None,0,0,0,1,0.1,0
750,4,EOLMA040572,282,EOL1,0,0,180,100,Vestas_V90_2000,None,0,0,0,1,0.1,0
751,4,EOLMA040573,282,EOL1,0,0,180,100,Vestas_V90_2000,None,0,0,0,1,0.1,0
752,4,EOLMA040574,282,EOL1,0,0,180,100,Vestas_V90_2000,None,0,0,0,1,0.1,0
2128,4,UFVTO033608,321,UFV2_NO,0,0,180,100,Vestas_V90_2000,None,0,0,0,1,0.1,0
4498,4,UFVMA057143,321,UFV2_NO,0,0,180,100,Vestas_V90_2000,None,0,0,0,1,0.1,0
4499,4,UFVMA074608,321,UFV2_NO,0,0,180,100,Vestas_V90_2000,None,0,0,0,1,0.1,0
4505,4,UFVPA072279,321,UFV2_NO,0,0,180,100,Vestas_V90_2000,None,0,0,0,1,0.1,0
4506,4,UFVPA073397,321,UFV2_NO,0,0,180,100,Vestas_V90_2000,None,0,0,0,1,0.1,0
5223,4,MMGDMA115,567,GD_EQ_MA,0,0,180,100,Vestas_V90_2000,None,0,0,0,1,0.1,0
5224,4,MMGDMA131,567,GD_EQ_MA,0,0,180,100,Vestas_V90_2000,None,0,0,0,1,0.1,0
5225,4,MMGDMA13102,567,GD_EQ_MA,0,0,180,100,Vestas_V90_2000,None,0,0,0,1,0.1,0
5226,4,MMGDMA14483,567,GD_EQ_MA,0,0,180,100,Vestas_V90_2000,None,0,0,0,1,0.1,0
5227,4,MMGDMA19002,567,GD_EQ_MA,0,0,180,100,Vestas_V90_2000,None,0,0,0,1,0.1,0
5228,4,MMGDMA19069,567,GD_EQ_MA,0,0,180,100,Vestas_V90_2000,None,0,0,0,1,0.1,0
5229,4,MMGDMA19090,567,GD_EQ_MA,0,0,180,100,Vestas_V90_2000,None,0,0,0,1,0.1,0
5230,4,MMGDMA19110,567,GD_EQ_MA,0,0,180,100,Vestas_V90_2000,None,0,0,0,1,0.1,0
5231,4,MMGDMA19300,567,GD_EQ_MA,0,0,180,100,Vestas_V90_2000,None,0,0,0,1,0.1,0
5232,4,MMGDMA19302,567,GD_EQ_MA,0,0,180,100,Vestas_V90_2000,None,0,0,0,1,0.1,0
5233,4,MMGDMA19310,567,GD_EQ_MA,0,0,180,100,Vestas_V90_2000,None,0,0,0,1,0.1,0
5234,4,MMGDMA19317,567,GD_EQ_MA,0,0,180,100,Vestas_V90_2000,None,0,0,0,1,0.1,0
5235,4,MMGDMA19318,567,GD_EQ_MA,0,0,180,100,Vestas_V90_2000,None,0,0,0,1,0.1,0
5236,4,MMGDMA19322,567,GD_EQ_MA,0,0,180,100,Vestas_V90_2000,None,0,0,0,1,0.1,0
5237,4,MMGDMA607,567,GD_EQ_MA,0,0,180,100,Vestas_V90_2000,None,0,0,0,1,0.1,0
5238,4,MMGDMA615,567,GD_EQ_MA,0,0,180,100,Vestas_V90_2000,None,0,0,0,1,0.1,0
5239,4,MMGDMA630,567,GD_EQ_MA,0,0,180,100,Vestas_V90_2000,None,0,0,0,1,0.1,0
5240,4,MMGDMA631,567,GD_EQ_MA,0,0,180,100,Vestas_V90_2000,None,0,0,0,1,0.1,0
5241,4,MMGDMA632,567,GD_EQ_MA,0,0,180,100,Vestas_V90_2000,None,0,0,0,1,0.1,0
5242,4,MMGDMA636,567,GD_EQ_MA,0,0,180,100,Vestas_V90_2000,None,0,0,0,1,0.1,0
5243,4,MMGDMA638,567,GD_EQ_MA,0,0,180,100,Vestas_V90_2000,None,0,0,0,1,0.1,0
5244,4,MMGDMA639,567,GD_EQ_MA,0,0,180,100,Vestas_V90_2000,None,0,0,0,1,0.1,0
5245,4,MMGDMA669,567,GD_EQ_MA,0,0,180,100,Vestas_V90_2000,None,0,0,0,1,0.1,0
5246,4,MMGDMA814,567,GD_EQ_MA,0,0,180,100,Vestas_V90_2000,None,0,0,0,1,0.1,0
5247,4,MMGDMA831,567,GD_EQ_MA,0,0,180,100,Vestas_V90_2000,None,0,0,0,1,0.1,0
5248,4,MMGDMA930,567,GD_EQ_MA,0,0,180,100,Vestas_V90_2000,None,0,0,0,1,0.1,0
5701,4,MMGDPA10001,572,GD_EQ_PA,0,0,180,100,Vestas_V90_2000,None,0,0,0,1,0.1,0
5702,4,MMGDPA10998,572,GD_EQ_PA,0,0,180,100,Vestas_V90_2000,None,0,0,0,1,0.1,0
5703,4,MMGDPA13015,572,GD_EQ_PA,0,0,180,100,Vestas_V90_2000,None,0,0,0,1,0.1,0
5704,4,MMGDPA192,572,GD_EQ_PA,0,0,180,100,Vestas_V90_2000,None,0,0,0,1,0.1,0
5705,4,MMGDPA19507,572,GD_EQ_PA,0,0,180,100,Vestas_V90_2000,None,0,0,0,1,0.1,0
5706,4,MMGDPA19508,572,GD_EQ_PA,0,0,180,100,Vestas_V90_2000,None,0,0,0,1,0.1,0
5707,4,MMGDPA19513,572,GD_EQ_PA,0,0,180,100,Vestas_V90_2000,None,0,0,0,1,0.1,0
5708,4,MMGDPA19515,572,GD_EQ_PA,0,0,180,100,Vestas_V90_2000,None,0,0,0,1,0.1,0
5709,4,MMGDPA19516,572,GD_EQ_PA,0,0,180,100,Vestas_V90_2000,None,0,0,0,1,0.1,0
5710,4,MMGDPA19519,572,GD_EQ_PA,0,0,180,100,Vestas_V90_2000,None,0,0,0,1,0.1,0
5711,4,MMGDPA19523,572,GD_EQ_PA,0,0,180,100,Vestas_V90_2000,None,0,0,0,1,0.1,0
5712,4,MMGDPA19525,572,GD_EQ_PA,0,0,180,100,Vestas_V90_2000,None,0,0,0,1,0.1,0
5713,4,MMGDPA19545,572,GD_EQ_PA,0,0,180,100,Vestas_V90_2000,None,0,0,0,1,0.1,0
5714,4,MMGDPA19546,572,GD_EQ_PA,0,0,180,100,Vestas_V90_2000,None,0,0,0,1,0.1,0
5715,4,MMGDPA19549,572,GD_EQ_PA,0,0,180,100,Vestas_V90_2000,None,0,0,0,1,0.1,0
5716,4,MMGDPA19550,572,GD_EQ_PA,0,0,180,100,Vestas_V90_2000,None,0,0,0,1,0.1,0
5717,4,MMGDPA19564,572,GD_EQ_PA,0,0,180,100,Vestas_V90_2000,None,0,0,0,1,0.1,0
5718,4,MMGDPA19566,572,GD_EQ_PA,0,0,180,100,Vestas_V90_2000,None,0,0,0,1,0.1,0
5719,4,MMGDPA19588,572,GD_EQ_PA,0,0,180,100,Vestas_V90_2000,None,0,0,0,1,0.1,0
5720,4,MMGDPA19589,572,GD_EQ_PA,0,0,180,100,Vestas_V90_2000,None,0,0,0,1,0.1,0
5721,4,MMGDPA19658,572,GD_EQ_PA,0,0,180,100,Vestas_V90_2000,None,0,0,0,1,0.1,0
5722,4,MMGDPA19659,572,GD_EQ_PA,0,0,180,100,Vestas_V90_2000,None,0,0,0,1,0.1,0
5723,4,MMGDPA19660,572,GD_EQ_PA,0,0,180,100,Vestas_V90_2000,None,0,0,0,1,0.1,0
5724,4,MMGDPA19662,572,GD_EQ_PA,0,0,180,100,Vestas_V90_2000,None,0,0,0,1,0.1,0
5725,4,MMGDPA19699,572,GD_EQ_PA,0,0,180,100,Vestas_V90_2000,None,0,0,0,1,0.1,0
5726,4,MMGDPA19751,572,GD_EQ_PA,0,0,180,100,Vestas_V90_2000,None,0,0,0,1,0.1,0
5727,4,MMGDPA19752,572,GD_EQ_PA,0,0,180,100,Vestas_V90_2000,None,0,0,0,1,0.1,0
5728,4,MMGDPA19757,572,GD_EQ_PA,0,0,180,100,Vestas_V90_2000,None,0,0,0,1,0.1,0
5729,4,MMGDPA19760,572,GD_EQ_PA,0,0,180,100,Vestas_V90_2000,None,0,0,0,1,0.1,0
5730,4,MMGDPA19787,572,GD_EQ_PA,0,0,180,100,Vestas_V90_2000,None,0,0,0,1,0.1,0
5731,4,MMGDPA560,572,GD_EQ_PA,0,0,180,100,Vestas_V90_2000,None,0,0,0,1,0.1,0
5732,4,MMGDPA561,572,GD_EQ_PA,0,0,180,100,Vestas_V90_2000,None,0,0,0,1,0.1,0
5733,4,MMGDPA690,572,GD_EQ_PA,0,0,180,100,Vestas_V90_2000,None,0,0,0,1,0.1,0
5734,4,MMGDPA691,572,GD_EQ_PA,0,0,180,100,Vestas_V90_2000,None,0,0,0,1,0.1,0
5735,4,MMGDPA692,572,GD_EQ_PA,0,0,180,100,Vestas_V90_2000,None,0,0,0,1,0.1,0
5736,4,MMGDPA693,572,GD_EQ_PA,0,0,180,100,Vestas_V90_2000,None,0,0,0,1,0.1,0
5737,4,MMGDPA696,572,GD_EQ_PA,0,0,180,100,Vestas_V90_2000,None,0,0,0,1,0.1,0
5738,4,MMGDPA697,572,GD_EQ_PA,0,0,180,100,Vestas_V90_2000,None,0,0,0,1,0.1,0
5739,4,MMGDPA698,572,GD_EQ_PA,0,0,180,100,Vestas_V90_2000,None,0,0,0,1,0.1,0
5740,4,MMGDPA699,572,GD_EQ_PA,0,0,180,100,Vestas_V90_2000,None,0,0,0,1,0.1,0
5741,4,MMGDPA800,572,GD_EQ_PA,0,0,180,100,Vestas_V90_2000,None,0,0,0,1,0.1,0
5742,4,MMGDPA862,572,GD_EQ_PA,0,0,180,100,Vestas_V90_2000,None,0,0,0,1,0.1,0
5743,4,MMGDPA948,572,GD_EQ_PA,0,0,180,100,Vestas_V90_2000,None,0,0,0,1,0.1,0
7148,4,MMGDTO20505,594,GD_ETO,0,0,180,100,Vestas_V90_2000,None,0,0,0,1,0.1,0
7149,4,MMGDTO20506,594,GD_ETO,0,0,180,100,Vestas_V90_2000,None,0,0,0,1,0.1,0
7150,4,MMGDTO20511,594,GD_ETO,0,0,180,100,Vestas_V90_2000,None,0,0,0,1,0.1,0
7151,4,MMGDTO20518,594,GD_ETO,0,0,180,100,Vestas_V90_2000,None,0,0,0,1,0.1,0
7152,4,MMGDTO20531,594,GD_ETO,0,0,180,100,Vestas_V90_2000,None,0,0,0,1,0.1,0
7153,4,MMGDTO20532,594,GD_ETO,0,0,180,100,Vestas_V90_2000,None,0,0,0,1,0.1,0
7154,4,MMGDTO20536,594,GD_ETO,0,0,180,100,Vestas_V90_2000,None,0,0,0,1,0.1,0
7155,4,MMGDTO20537,594,GD_ETO,0,0,180,100,Vestas_V90_2000,None,0,0,0,1,0.1,0
7156,4,MMGDTO20538,594,GD_ETO,0,0,180,100,Vestas_V90_2000,None,0,0,0,1,0.1,0
7157,4,MMGDTO20542,594,GD_ETO,0,0,180,100,Vestas_V90_2000,None,0,0,0,1,0.1,0
7158,4,MMGDTO20543,594,GD_ETO,0,0,180,100,Vestas_V90_2000,None,0,0,0,1,0.1,0
7159,4,MMGDTO20551,594,GD_ETO,0,0,180,100,Vestas_V90_2000,None,0,0,0,1,0.1,0
7160,4,MMGDTO20552,594,GD_ETO,0,0,180,100,Vestas_V90_2000,None,0,0,0,1,0.1,0
7161,4,MMGDTO20555,594,GD_ETO,0,0,180,100,Vestas_V90_2000,None,0,0,0,1,0.1,0
7162,4,MMGDTO20556,594,GD_ETO,0,0,180,100,Vestas_V90_2000,None,0,0,0,1,0.1,0
7163,4,MMGDTO20558,594,GD_ETO,0,0,180,100,Vestas_V90_2000,None,0,0,0,1,0.1,0
7164,4,MMGDTO20559,594,GD_ETO,0,0,180,100,Vestas_V90_2000,None,0,0,0,1,0.1,0
7165,4,MMGDTO20564,594,GD_ETO,0,0,180,100,Vestas_V90_2000,None,0,0,0,1,0.1,0
7166,4,MMGDTO20565,594,GD_ETO,0,0,180,100,Vestas_V90_2000,None,0,0,0,1,0.1,0
7167,4,MMGDTO20567,594,GD_ETO,0,0,180,100,Vestas_V90_2000,None,0,0,0,1,0.1,0
7168,4,MMGDTO20568,594,GD_ETO,0,0,180,100,Vestas_V90_2000,None,0,0,0,1,0.1,0
7169,4,MMGDTO20570,594,GD_ETO,0,0,180,100,Vestas_V90_2000,None,0,0,0,1,0.1,0
7170,4,MMGDTO20571,594,GD_ETO,0,0,180,100,Vestas_V90_2000,None,0,0,0,1,0.1,0
7171,4,MMGDTO20577,594,GD_ETO,0,0,180,100,Vestas_V90_2000,None,0,0,0,1,0.1,0
7172,4,MMGDTO20578,594,GD_ETO,0,0,180,100,Vestas_V90_2000,None,0,0,0,1,0.1,0
7173,4,MMGDTO20579,594,GD_ETO,0,0,180,100,Vestas_V90_2000,None,0,0,0,1,0.1,0
7174,4,MMGDTO20581,594,GD_ETO,0,0,180,100,Vestas_V90_2000,None,0,0,0,1,0.1,0
7175,4,MMGDTO20585,594,GD_ETO,0,0,180,100,Vestas_V90_2000,None,0,0,0,1,0.1,0
7176,4,MMGDTO20586,594,GD_ETO,0,0,180,100,Vestas_V90_2000,None,0,0,0,1,0.1,0
7177,4,MMGDTO20591,594,GD_ETO,0,0,180,100,Vestas_V90_2000,None,0,0,0,1,0.1,0
7178,4,MMGDTO20592,594,GD_ETO,0,0,180,100,Vestas_V90_2000,None,0,0,0,1,0.1,0
7179,4,MMGDTO20605,594,GD_ETO,0,0,180,100,Vestas_V90_2000,None,0,0,0,1,0.1,0
7180,4,MMGDTO911,594,GD_ETO,0,0,180,100,Vestas_V90_2000,None,0,0,0,1,0.1,0
7181,4,MMGDTO9778,594,GD_ETO,0,0,180,100,Vestas_V90_2000,None,0,0,0,1,0.1,0
7182,4,MMGDTO9799,594,GD_ETO,0,0,180,100,Vestas_V90_2000,None,0,0,0,1,0.1,0
2069,6,UFVRO053687,320,UFV9_AR,0,0,180,100,Vestas_V90_2000,None,0,0,0,1,0.1,0
2070,6,UFVRO056129,320,UFV9_AR,0,0,180,100,Vestas_V90_2000,None,0,0,0,1,0.1,0
2071,6,UFVRO056130,320,UFV9_AR,0,0,180,100,Vestas_V90_2000,None,0,0,0,1,0.1,0
2072,6,UFVRO072139,320,UFV9_AR,0,0,180,100,Vestas_V90_2000,None,0,0,0,1,0.1,0
4850,6,MMGDAC42151,558,GD_EAC,0,0,180,100,Vestas_V90_2000,None,0,0,0,1,0.1,0
4851,6,MMGDAC42154,558,GD_EAC,0,0,180,100,Vestas_V90_2000,None,0,0,0,1,0.1,0
4852,6,MMGDAC42156,558,GD_EAC,0,0,180,100,Vestas_V90_2000,None,0,0,0,1,0.1,0
4853,6,MMGDAC42157,558,GD_EAC,0,0,180,100,Vestas_V90_2000,None,0,0,0,1,0.1,0
4854,6,MMGDAC42158,558,GD_EAC,0,0,180,100,Vestas_V90_2000,None,0,0,0,1,0.1,0
4855,6,MMGDAC42159,558,GD_EAC,0,0,180,100,Vestas_V90_2000,None,0,0,0,1,0.1,0
4856,6,MMGDAC42160,558,GD_EAC,0,0,180,100,Vestas_V90_2000,None,0,0,0,1,0.1,0
4857,6,MMGDAC42163,558,GD_EAC,0,0,180,100,Vestas_V90_2000,None,0,0,0,1,0.1,0
4858,6,MMGDAC42164,558,GD_EAC,0,0,180,100,Vestas_V90_2000,None,0,0,0,1,0.1,0
4859,6,MMGDAC9551,558,GD_EAC,0,0,180,100,Vestas_V90_2000,None,0,0,0,1,0.1,0
4860,6,MMGDAC9559,558,GD_EAC,0,0,180,100,Vestas_V90_2000,None,0,0,0,1,0.1,0
4861,6,MMGDAC9659,558,GD_EAC,0,0,180,100,Vestas_V90_2000,None,0,0,0,1,0.1,0
4862,6,MMGDAC9660,558,GD_EAC,0,0,180,100,Vestas_V90_2000,None,0,0,0,1,0.1,0
6161,6,MMGDRO9515,580,GD_ERO,0,0,180,100,Vestas_V90_2000,None,0,0,0,1,0.1,0
6162,6,MMGDRO9536,580,GD_ERO,0,0,180,100,Vestas_V90_2000,None,0,0,0,1,0.1,0
6163,6,MMGDRO9591,580,GD_ERO,0,0,180,100,Vestas_V90_2000,None,0,0,0,1,0.1,0
6164,6,MMGDRO9633,580,GD_ERO,0,0,180,100,Vestas_V90_2000,None,0,0,0,1,0.1,0
6165,6,MMGDRO9634,580,GD_ERO,0,0,180,100,Vestas_V90_2000,None,0,0,0,1,0.1,0
6166,6,MMGDRO9635,580,GD_ERO,0,0,180,100,Vestas_V90_2000,None,0,0,0,1,0.1,0
6167,6,MMGDRO9636,580,GD_ERO,0,0,180,100,Vestas_V90_2000,None,0,0,0,1,0.1,0
6168,6,MMGDRO9639,580,GD_ERO,0,0,180,100,Vestas_V90_2000,None,0,0,0,1,0.1,0
6169,6,MMGDRO9640,580,GD_ERO,0,0,180,100,Vestas_V90_2000,None,0,0,0,1,0.1,0
6170,6,MMGDRO9641,580,GD_ERO,0,0,180,100,Vestas_V90_2000,None,0,0,0,1,0.1,0
6171,6,MMGDRO9642,580,GD_ERO,0,0,180,100,Vestas_V90_2000,None,0,0,0,1,0.1,0
6172,6,MMGDRO9645,580,GD_ERO,0,0,180,100,Vestas_V90_2000,None,0,0,0,1,0.1,0
6173,6,MMGDRO9646,580,GD_ERO,0,0,180,100,Vestas_V90_2000,None,0,0,0,1,0.1,0
6174,6,MMGDRO9649,580,GD_ERO,0,0,180,100,Vestas_V90_2000,None,0,0,0,1,0.1,0
6175,6,MMGDRO9652,580,GD_ERO,0,0,180,100,Vestas_V90_2000,None,0,0,0,1,0.1,0
6176,6,MMGDRO9653,580,GD_ERO,0,0,180,100,Vestas_V90_2000,None,0,0,0,1,0.1,0
6177,6,MMGDRO9655,580,GD_ERO,0,0,180,100,Vestas_V90_2000,None,0,0,0,1,0.1,0
6178,6,MMGDRO9656,580,GD_ERO,0,0,180,100,Vestas_V90_2000,None,0,0,0,1,0.1,0
6179,6,MMGDRO9657,580,GD_ERO,0,0,180,100,Vestas_V90_2000,None,0,0,0,1,0.1,0
6180,6,MMGDRO9662,580,GD_ERO,0,0,180,100,Vestas_V90_2000,None,0,0,0,1,0.1,0
6181,6,MMGDRO9663,580,GD_ERO,0,0,180,100,Vestas_V90_2000,None,0,0,0,1,0.1,0
1750,7,UFVAM062083,304,UFV2,0,0,180,100,Vestas_V90_2000,None,0,0,0,1,0.1,0
4873,7,MMGDAM10300,560,GD_AME,0,0,180,100,Vestas_V90_2000,None,0,0,0,1,0.1,0
4874,7,MMGDAM10304,560,GD_AME,0,0,180,100,Vestas_V90_2000,None,0,0,0,1,0.1,0
4875,7,MMGDAM10306,560,GD_AME,0,0,180,100,Vestas_V90_2000,None,0,0,0,1,0.1,0
4876,7,MMGDAM10308,560,GD_AME,0,0,180,100,Vestas_V90_2000,None,0,0,0,1,0.1,0
4877,7,MMGDAM10310,560,GD_AME,0,0,180,100,Vestas_V90_2000,None,0,0,0,1,0.1,0
4878,7,MMGDAM10312,560,GD_AME,0,0,180,100,Vestas_V90_2000,None,0,0,0,1,0.1,0
4879,7,MMGDAM10313,560,GD_AME,0,0,180,100,Vestas_V90_2000,None,0,0,0,1,0.1,0
4880,7,MMGDAM10314,560,GD_AME,0,0,180,100,Vestas_V90_2000,None,0,0,0,1,0.1,0
4881,7,MMGDAM10335,560,GD_AME,0,0,180,100,Vestas_V90_2000,None,0,0,0,1,0.1,0
4882,7,MMGDAM10350,560,GD_AME,0,0,180,100,Vestas_V90_2000,None,0,0,0,1,0.1,0
4883,7,MMGDAM10351,560,GD_AME,0,0,180,100,Vestas_V90_2000,None,0,0,0,1,0.1,0
4884,7,MMGDAM10360,560,GD_AME,0,0,180,100,Vestas_V90_2000,None,0,0,0,1,0.1,0
4885,7,MMGDAM10370,560,GD_AME,0,0,180,100,Vestas_V90_2000,None,0,0,0,1,0.1,0
4886,7,MMGDAM10380,560,GD_AME,0,0,180,100,Vestas_V90_2000,None,0,0,0,1,0.1,0
4887,7,MMGDAM10395,560,GD_AME,0,0,180,100,Vestas_V90_2000,None,0,0,0,1,0.1,0
4888,7,MMGDAM10420,560,GD_AME,0,0,180,100,Vestas_V90_2000,None,0,0,0,1,0.1,0
4889,7,MMGDAM10430,560,GD_AME,0,0,180,100,Vestas_V90_2000,None,0,0,0,1,0.1,0
4890,7,MMGDAM10437,560,GD_AME,0,0,180,100,Vestas_V90_2000,None,0,0,0,1,0.1,0
4891,7,MMGDAM10440,560,GD_AME,0,0,180,100,Vestas_V90_2000,None,0,0,0,1,0.1,0
4892,7,MMGDAM10450,560,GD_AME,0,0,180,100,Vestas_V90_2000,None,0,0,0,1,0.1,0
4893,7,MMGDAM10460,560,GD_AME,0,0,180,100,Vestas_V90_2000,None,0,0,0,1,0.1,0
4894,7,MMGDAM10461,560,GD_AME,0,0,180,100,Vestas_V90_2000,None,0,0,0,1,0.1,0
4895,7,MMGDAM10480,560,GD_AME,0,0,180,100,Vestas_V90_2000,None,0,0,0,1,0.1,0
4896,7,MMGDAM10485,560,GD_AME,0,0,180,100,Vestas_V90_2000,None,0,0,0,1,0.1,0
4897,7,MMGDAM10490,560,GD_AME,0,0,180,100,Vestas_V90_2000,None,0,0,0,1,0.1,0
4898,7,MMGDAM10492,560,GD_AME,0,0,180,100,Vestas_V90_2000,None,0,0,0,1,0.1,0
4899,7,MMGDAM10515,560,GD_AME,0,0,180,100,Vestas_V90_2000,None,0,0,0,1,0.1,0
4900,7,MMGDAM10520,560,GD_AME,0,0,180,100,Vestas_V90_2000,None,0,0,0,1,0.1,0
4901,7,MMGDAM10530,560,GD_AME,0,0,180,100,Vestas_V90_2000,None,0,0,0,1,0.1,0
4902,7,MMGDAM10540,560,GD_AME,0,0,180,100,Vestas_V90_2000,None,0,0,0,1,0.1,0
4903,7,MMGDAM10545,560,GD_AME,0,0,180,100,Vestas_V90_2000,None,0,0,0,1,0.1,0
4904,7,MMGDAM10550,560,GD_AME,0,0,180,100,Vestas_V90_2000,None,0,0,0,1,0.1,0
4905,7,MMGDAM10555,560,GD_AME,0,0,180,100,Vestas_V90_2000,None,0,0,0,1,0.1,0
4906,7,MMGDAM10567,560,GD_AME,0,0,180,100,Vestas_V90_2000,None,0,0,0,1,0.1,0
4907,7,MMGDAM10576,560,GD_AME,0,0,180,100,Vestas_V90_2000,None,0,0,0,1,0.1,0
4908,7,MMGDAM10577,560,GD_AME,0,0,180,100,Vestas_V90_2000,None,0,0,0,1,0.1,0
4909,7,MMGDAM10578,560,GD_AME,0,0,180,100,Vestas_V90_2000,None,0,0,0,1,0.1,0
4910,7,MMGDAM10700,560,GD_AME,0,0,180,100,Vestas_V90_2000,None,0,0,0,1,0.1,0
4911,7,MMGDAM10701,560,GD_AME,0,0,180,100,Vestas_V90_2000,None,0,0,0,1,0.1,0
4912,7,MMGDAM10722,560,GD_AME,0,0,180,100,Vestas_V90_2000,None,0,0,0,1,0.1,0
4913,7,MMGDAM10723,560,GD_AME,0,0,180,100,Vestas_V90_2000,None,0,0,0,1,0.1,0
4914,7,MMGDAM10724,560,GD_AME,0,0,180,100,Vestas_V90_2000,None,0,0,0,1,0.1,0
4915,7,MMGDAM10725,560,GD_AME,0,0,180,100,Vestas_V90_2000,None,0,0,0,1,0.1,0
4916,7,MMGDAM10726,560,GD_AME,0,0,180,100,Vestas_V90_2000,None,0,0,0,1,0.1,0
4917,7,MMGDAM10727,560,GD_AME,0,0,180,100,Vestas_V90_2000,None,0,0,0,1,0.1,0
4918,7,MMGDAM10728,560,GD_AME,0,0,180,100,Vestas_V90_2000,None,0,0,0,1,0.1,0
4919,7,MMGDAM10729,560,GD_AME,0,0,180,100,Vestas_V90_2000,None,0,0,0,1,0.1,0
4920,7,MMGDAM10730,560,GD_AME,0,0,180,100,Vestas_V90_2000,None,0,0,0,1,0.1,0
4921,7,MMGDAM10731,560,GD_AME,0,0,180,100,Vestas_V90_2000,None,0,0,0,1,0.1,0
4922,7,MMGDAM10733,560,GD_AME,0,0,180,100,Vestas_V90_2000,None,0,0,0,1,0.1,0
4923,7,MMGDAM10735,560,GD_AME,0,0,180,100,Vestas_V90_2000,None,0,0,0,1,0.1,0
4924,7,MMGDAM10736,560,GD_AME,0,0,180,100,Vestas_V90_2000,None,0,0,0,1,0.1,0
4925,7,MMGDAM10737,560,GD_AME,0,0,180,100,Vestas_V90_2000,None,0,0,0,1,0.1,0
4926,7,MMGDAM10801,560,GD_AME,0,0,180,100,Vestas_V90_2000,None,0,0,0,1,0.1,0
4927,7,MMGDAM10802,560,GD_AME,0,0,180,100,Vestas_V90_2000,None,0,0,0,1,0.1,0
4928,7,MMGDAM10803,560,GD_AME,0,0,180,100,Vestas_V90_2000,None,0,0,0,1,0.1,0
4929,7,MMGDAM10804,560,GD_AME,0,0,180,100,Vestas_V90_2000,None,0,0,0,1,0.1,0
4930,7,MMGDAM10805,560,GD_AME,0,0,180,100,Vestas_V90_2000,None,0,0,0,1,0.1,0
4931,7,MMGDAM10807,560,GD_AME,0,0,180,100,Vestas_V90_2000,None,0,0,0,1,0.1,0
4932,7,MMGDAM10808,560,GD_AME,0,0,180,100,Vestas_V90_2000,None,0,0,0,1,0.1,0
4933,7,MMGDAP10026,561,GD_CEA,0,0,180,100,Vestas_V90_2000,None,0,0,0,1,0.1,0
4934,7,MMGDAP10049,561,GD_CEA,0,0,180,100,Vestas_V90_2000,None,0,0,0,1,0.1,0
4935,7,MMGDAP10060,561,GD_CEA,0,0,180,100,Vestas_V90_2000,None,0,0,0,1,0.1,0
4936,7,MMGDAP10061,561,GD_CEA,0,0,180,100,Vestas_V90_2000,None,0,0,0,1,0.1,0
4937,7,MMGDAP10062,561,GD_CEA,0,0,180,100,Vestas_V90_2000,None,0,0,0,1,0.1,0
4938,7,MMGDAP10066,561,GD_CEA,0,0,180,100,Vestas_V90_2000,None,0,0,0,1,0.1,0
4939,7,MMGDAP10067,561,GD_CEA,0,0,180,100,Vestas_V90_2000,None,0,0,0,1,0.1,0
4940,7,MMGDAP10068,561,GD_CEA,0,0,180,100,Vestas_V90_2000,None,0,0,0,1,0.1,0
4941,7,MMGDAP10072,561,GD_CEA,0,0,180,100,Vestas_V90_2000,None,0,0,0,1,0.1,0
4942,7,MMGDAP10073,561,GD_CEA,0,0,180,100,Vestas_V90_2000,None,0,0,0,1,0.1,0
4943,7,MMGDAP10074,561,GD_CEA,0,0,180,100,Vestas_V90_2000,None,0,0,0,1,0.1,0
4944,7,MMGDAP10088,561,GD_CEA,0,0,180,100,Vestas_V90_2000,None,0,0,0,1,0.1,0
4945,7,MMGDAP10146,561,GD_CEA,0,0,180,100,Vestas_V90_2000,None,0,0,0,1,0.1,0
6182,7,MMGDRR52227,581,GD_RORAIMA,0,0,180,100,Vestas_V90_2000,None,0,0,0,1,0.1,0
6183,7,MMGDRR52228,581,GD_RORAIMA,0,0,180,100,Vestas_V90_2000,None,0,0,0,1,0.1,0
6184,7,MMGDRR52229,581,GD_RORAIMA,0,0,180,100,Vestas_V90_2000,None,0,0,0,1,0.1,0
6185,7,MMGDRR52230,581,GD_RORAIMA,0,0,180,100,Vestas_V90_2000,None,0,0,0,1,0.1,0
6186,7,MMGDRR52231,581,GD_RORAIMA,0,0,180,100,Vestas_V90_2000,None,0,0,0,1,0.1,0
6187,7,MMGDRR52232,581,GD_RORAIMA,0,0,180,100,Vestas_V90_2000,None,0,0,0,1,0.1,0
6188,7,MMGDRR52240,581,GD_RORAIMA,0,0,180,100,Vestas_V90_2000,None,0,0,0,1,0.1,0
6189,7,MMGDRR52244,581,GD_RORAIMA,0,0,180,100,Vestas_V90_2000,None,0,0,0,1,0.1,0
6190,7,MMGDRR52248,581,GD_RORAIMA,0,0,180,100,Vestas_V90_2000,None,0,0,0,1,0.1,0
6191,7,MMGDRR52252,581,GD_RORAIMA,0,0,180,100,Vestas_V90_2000,None,0,0,0,1,0.1,0
6192,7,MMGDRR52256,581,GD_RORAIMA,0,0,180,100,Vestas_V90_2000,None,0,0,0,1,0.1,0
6193,7,MMGDRR52260,581,GD_RORAIMA,0,0,180,100,Vestas_V90_2000,None,0,0,0,1,0.1,0
6194,7,MMGDRR52264,581,GD_RORAIMA,0,0,180,100,Vestas_V90_2000,None,0,0,0,1,0.1,0
6195,7,MMGDRR52276,581,GD_RORAIMA,0,0,180,100,Vestas_V90_2000,None,0,0,0,1,0.1,0
6196,7,MMGDRR52305,581,GD_RORAIMA,0,0,180,100,Vestas_V90_2000,None,0,0,0,1,0.1,0
6197,7,MMGDRR52310,581,GD_RORAIMA,0,0,180,100,Vestas_V90_2000,None,0,0,0,1,0.1,0
