code,name,lat,lon,confidence,source
1,PAF1-1UHE013,-9.400000,-38.200000,case-existing,case-existing
4,PAF2A1UHE013,-9.400000,-38.200000,case-existing,case-existing
5,PAF2A2UHE013,-9.400000,-38.200000,case-existing,case-existing
6,PAF2A3UHE013,-9.400000,-38.200000,case-existing,case-existing
7,PAF2B1UHE013,-9.400000,-38.200000,case-existing,case-existing
8,PAF2B2UHE013,-9.400000,-38.200000,case-existing,case-existing
9,PAF2B3UHE013,-9.400000,-38.200000,case-existing,case-existing
10,PAF3-1UHE013,-9.400000,-38.200000,case-existing,case-existing
11,PAF3-2UHE013,-9.400000,-38.200000,case-existing,case-existing
14,PAF4-1UHE013,-9.420000,-38.210000,case-existing,case-existing
21,SOBRA1UHE013,-9.430000,-40.830000,case-existing,case-existing
22,SOBRM2SIN013,-9.430000,-40.830000,case-existing,case-existing
28,ASALE1UHE013,-9.360000,-38.210000,case-existing,case-existing
29,ASALE2UHE013,-9.360000,-38.210000,case-existing,case-existing
33,LGONZ1UHE013,-9.140000,-38.310000,case-existing,case-existing
34,LGONZ2UHE013,-9.140000,-38.310000,case-existing,case-existing
35,LGONZA-PE000,-9.140000,-38.310000,interpolated,topology-interp
44,BESPE1UHE013,-6.750000,-43.560000,case-existing,case-existing
46,BESPE3UHE013,-6.750000,-43.560000,case-existing,case-existing
47,BESPM4SIN013,-6.720000,-43.560000,interpolated,topology-interp
48,PCAVA1UHE013,-12.580000,-39.000000,case-existing,case-existing
50,TUC1-5UHE013,-3.830000,-49.640000,case-existing,case-existing
52,TUC1-3UHE013,-3.830000,-49.640000,case-existing,case-existing
54,TUC1-4UHE013,-3.830000,-49.640000,case-existing,case-existing
63,FUNIL1UHE013,-14.230000,-39.460000,case-existing,case-existing
68,RGONCAUHE013,-7.630000,-45.210000,interpolated,topology-interp
69,URUCUIUHE013,-7.630000,-45.210000,interpolated,topology-interp
70,TUC2-4UHE013,-3.830000,-49.640000,case-existing,case-existing
71,TUC2-7UHE013,-3.830000,-49.640000,case-existing,case-existing
72,TUC1-ASIN013,-3.820000,-49.650000,interpolated,topology-interp
73,TUC1-BSIN013,-3.820000,-49.650000,interpolated,topology-interp
74,E.PCEMUTE013,-3.690000,-38.870000,interpolated,topology-interp
77,SQUEBRUHE013,-5.490000,-47.440000,interpolated,topology-interp
80,ESTREIUHE013,-6.590000,-47.470000,case-existing,case-existing
86,CASTELUHE013,-5.638734,-43.043168,interpolated,topology-interp
87,ESTRE-UHE013,-5.638734,-43.043168,interpolated,topology-interp
88,CACHEAUHE013,-6.720000,-43.560000,interpolated,topology-interp
89,XINGO1UHE013,-9.620000,-37.790000,case-existing,case-existing
95,ITAPE1UHE013,-15.970000,-39.590000,case-existing,case-existing
96,SUAPE1UTE013,-8.350000,-35.020000,case-existing,case-existing
97,SUAPE2UTE013,-8.350000,-35.020000,case-existing,case-existing
98,SUAPE3UTE013,-8.350000,-35.020000,case-existing,case-existing
99,SUAPE4UTE013,-8.350000,-35.020000,case-existing,case-existing
100,SUAPE5UTE013,-8.350000,-35.020000,case-existing,case-existing
101,SUAPE6UTE013,-8.350000,-35.020000,case-existing,case-existing
102,MARAC1UTE013,-3.870000,-38.620000,case-existing,case-existing
103,S.BONF-BA138,-10.440000,-40.190000,case-existing,case-existing
104,PERNA3UTE013,-7.860000,-35.010000,case-existing,case-existing
108,MURICYUTE013,-12.660000,-38.270000,interpolated,topology-interp
109,CAMAPAUTE007,-12.660000,-38.270000,interpolated,topology-interp
110,PROSPE-BA230,-12.500000,-38.210000,case-existing,case-existing
111,PRO2E4UTE013,-12.500000,-38.210000,case-existing,case-existing
112,PROSP1UTE013,-12.500000,-38.210000,case-existing,case-existing
115,P.FRAN-MA138,-6.350000,-47.380000,case-existing,case-existing
120,B.NOME-PE138,-8.000000,-38.630000,case-existing,case-existing
121,MLG-RE-CE013,-7.310000,-38.940000,interpolated,topology-interp
122,BNOME2-PE138,-8.015000,-38.640000,interpolated,topology-interp
125,FORTAB-CE013,-3.830000,-38.540000,interpolated,topology-interp
127,PIRIPI-PI138,-4.290000,-41.750000,case-existing,case-existing
128,GLOB1-UTE013,-12.730000,-38.480000,case-existing,case-existing
129,GLOB2-UTE013,-12.730000,-38.480000,case-existing,case-existing
130,TERMPBUTE013,-7.210000,-34.920000,case-existing,case-existing
131,MIRAND-MA138,-3.570000,-44.540000,case-existing,case-existing
137,TERMNEUTE013,-7.160000,-34.860000,case-existing,case-existing
138,EPASA--PB230,-7.210000,-34.920000,case-existing,case-existing
139,CABO--UTE013,-8.270000,-35.020000,case-existing,case-existing
140,BAHIA1UTE013,-12.670000,-38.320000,case-existing,case-existing
141,SUAPE--PE230,-8.360000,-35.030000,case-existing,case-existing
142,MARAC1-CE069,-3.850000,-38.580000,interpolated,topology-interp
145,S.CRUZ-RN138,-6.236667,-36.023333,interpolated,topology-interp
147,SUAPE1-PE000,-8.353333,-35.023333,interpolated,topology-interp
148,SUAPE2-PE000,-8.353333,-35.023333,interpolated,topology-interp
149,SUAPE3-PE000,-8.353333,-35.023333,interpolated,topology-interp
150,CAMAC1-BA069,-12.645000,-38.330000,interpolated,topology-interp
151,AÇU2---RN138,-5.590000,-36.910000,case-existing,case-existing
152,S.MATO-RN138,-5.774995,-36.785004,interpolated,topology-interp
160,TERPEGUTE013,-8.400000,-34.960000,case-existing,case-existing
161,TERPEVUTE013,-8.400000,-34.960000,case-existing,case-existing
162,T.FREI-BA138,-17.570000,-39.730000,case-existing,case-existing
166,C.M.1-CAP500,-8.755000,-48.490000,interpolated,topology-interp
167,LAJEADUHE013,-9.760000,-48.370000,case-existing,case-existing
169,EUNAPO-BA138,-16.340000,-39.550000,case-existing,case-existing
170,CFURTAUTE013,-12.700000,-38.570000,case-existing,case-existing
172,VERACEUTE013,-16.370000,-39.570000,case-existing,case-existing
174,CMDCS--BA000,-12.620000,-38.340000,interpolated,topology-interp
176,FUNIL--BA115,-14.230000,-39.460000,interpolated,topology-interp
180,B.PULPUTE013,-12.640000,-38.340000,case-existing,case-existing
181,B.PULP-BA069,-12.633325,-38.340000,interpolated,topology-interp
182,COPEC--BA069,-12.626638,-38.340000,interpolated,topology-interp
183,IRECE--BA138,-11.310000,-41.810000,case-existing,case-existing
186,BARREI-BA138,-12.130000,-44.950000,case-existing,case-existing
188,IBICOA-BA138,-13.440000,-41.370000,case-existing,case-existing
190,PIMENT-PA230,-3.440000,-51.900000,case-existing,case-existing
191,COLITACAP500,-6.715000,-48.805000,interpolated,topology-interp
192,ST.MAR-PA138,-1.340000,-47.570000,case-existing,case-existing
193,PIMEN1UHE013,-3.130000,-51.780000,case-existing,case-existing
194,PIMEN2UHE013,-3.130000,-51.780000,case-existing,case-existing
195,PIMEN3UHE013,-3.130000,-51.780000,case-existing,case-existing
196,CGRD--UTE013,-7.230000,-35.890000,case-existing,case-existing
197,MARAB3CAP500,-4.226429,-49.276429,interpolated,topology-interp
198,VCOND2-PA000,-1.570000,-48.730000,interpolated,topology-interp
199,MARABASIN013,-5.200000,-49.020000,interpolated,topology-interp
200,PAF3-A-BA230,-9.400000,-38.200000,case-existing,case-existing
202,JUAZE2-BA230,-9.480000,-40.480000,case-existing,case-existing
203,S.BONF-BA230,-10.440000,-40.190000,case-existing,case-existing
204,SCHIN--MA230,-4.870000,-43.410000,case-existing,case-existing
205,BROTAS-BA230,-12.310000,-42.340000,case-existing,case-existing
206,SOBRAD-BA230,-9.440000,-40.830000,case-existing,case-existing
207,JAGUAR-BA230,-9.870000,-39.860000,case-existing,case-existing
208,ZEBUII-AL230,-9.360000,-38.200000,case-existing,case-existing
209,POCOE2-BA230,-14.520000,-40.380000,case-existing,case-existing
210,RGONCA-PI230,-7.630000,-45.210000,case-existing,case-existing
211,CASTEL-PI230,-5.638725,-43.043164,interpolated,topology-interp
212,FLORII-PE230,-8.750000,-38.340000,case-existing,case-existing
213,ITAGIB-BA230,-14.230000,-39.720000,case-existing,case-existing
214,EMBASA-BA230,-12.450000,-39.000000,interpolated,topology-interp
215,BALSAS-MA230,-7.560000,-46.020000,case-existing,case-existing
216,TAUA2--CE230,-6.000000,-40.280000,case-existing,case-existing
217,ICO----CE230,-6.410000,-38.880000,case-existing,case-existing
218,CAUIPE-CE230,-3.690000,-38.870000,case-existing,case-existing
219,D.GOUV-CE230,-3.790000,-38.520000,case-existing,case-existing
220,BOM-NO-PE230,-8.000000,-38.630000,case-existing,case-existing
221,MILAGR-CE230,-7.310000,-38.940000,case-existing,case-existing
222,BANABU-CE230,-5.300000,-38.910000,case-existing,case-existing
223,RUSSA2-CE230,-4.950000,-38.000000,case-existing,case-existing
224,MOSSR2-RN230,-5.150000,-37.350000,case-existing,case-existing
225,FORTAL-CE230,-3.830000,-38.540000,case-existing,case-existing
226,SOBRAL-CE230,-3.700000,-40.380000,case-existing,case-existing
227,PIRIPI-PI230,-4.290000,-41.750000,case-existing,case-existing
228,TERES--PI230,-5.130000,-42.800000,case-existing,case-existing
229,B.ESPE-PI230,-6.720000,-43.560000,case-existing,case-existing
230,PERITO-MA230,-4.370000,-44.330000,case-existing,case-existing
231,MIRAND-MA230,-3.570000,-44.540000,case-existing,case-existing
232,SLUIS1-MA230,-2.560000,-44.260000,case-existing,case-existing
233,COREM2-PB230,-7.020000,-37.960000,case-existing,case-existing
234,PICI2--CE230,-3.740000,-38.580000,case-existing,case-existing
235,CASTAN-PA230,-1.300000,-47.790000,case-existing,case-existing
236,C.NETO-MA230,-4.300000,-42.990000,case-existing,case-existing
237,S.J.PI-PI230,-8.360000,-42.230000,case-existing,case-existing
238,P.DUTR-MA230,-5.270000,-44.480000,case-existing,case-existing
239,IMPERA-MA230,-5.490000,-47.440000,case-existing,case-existing
240,ANGELI-PE230,-8.890000,-36.290000,case-existing,case-existing
241,RECIFE-PE230,-8.120000,-35.040000,case-existing,case-existing
242,R.LAR--AL230,-9.500000,-35.840000,case-existing,case-existing
243,BONGI--PE230,-8.060000,-34.930000,case-existing,case-existing
245,SRITA2-PB230,-7.160000,-35.010000,case-existing,case-existing
246,NATAL2-RN230,-5.810000,-35.240000,case-existing,case-existing
247,GOIANI-PE230,-7.590000,-35.090000,case-existing,case-existing
248,MUSSU2-PB230,-7.180000,-34.890000,case-existing,case-existing
249,PIRAPA-PE230,-8.270000,-35.030000,case-existing,case-existing
250,MIRUEI-PE230,-7.960000,-34.890000,case-existing,case-existing
251,AÇU2---RN230,-5.590000,-36.910000,case-existing,case-existing
252,RIBEIR-PE230,-8.470000,-35.400000,case-existing,case-existing
253,SUAPE3-PE230,-8.400000,-35.020000,case-existing,case-existing
254,JOAIRA-PE230,-8.080000,-34.980000,case-existing,case-existing
255,TACAIM-PE230,-8.330000,-36.220000,case-existing,case-existing
256,LCARRO-PE230,-7.860000,-35.340000,case-existing,case-existing
257,BNOME2-PE230,-8.030000,-38.650000,case-existing,case-existing
258,PENEDO-AL230,-10.240000,-36.560000,case-existing,case-existing
259,MACEIO-AL230,-9.580000,-35.790000,case-existing,case-existing
260,PAU-FE-PE230,-7.860000,-35.020000,case-existing,case-existing
261,MIRUE2-PE230,-7.960000,-34.890000,case-existing,case-existing
262,T.FREI-BA230,-17.570000,-39.730000,case-existing,case-existing
263,ITAPEB-BA230,-15.970000,-39.580000,case-existing,case-existing
264,S.A.JE-BA230,-12.970000,-39.220000,case-existing,case-existing
265,ITBANI-SE230,-11.290000,-37.720000,case-existing,case-existing
266,TOMBA--BA230,-12.290000,-38.970000,case-existing,case-existing
267,VERACE-BA230,-16.090000,-39.410000,case-existing,case-existing
268,NARAND-BA230,-12.950000,-38.440000,case-existing,case-existing
269,EUNAPO-BA230,-16.340000,-39.550000,case-existing,case-existing
270,C.DANT-BA230,-10.600000,-38.370000,case-existing,case-existing
271,ITABAI-SE230,-10.660000,-37.460000,case-existing,case-existing
272,CATU---BA230,-12.400000,-38.360000,case-existing,case-existing
273,JARDIM-SE230,-10.880000,-37.150000,case-existing,case-existing
274,CMACB1-BA230,-12.620000,-38.340000,case-existing,case-existing
275,G.MANG-BA230,-12.610000,-39.030000,case-existing,case-existing
276,FUNIL--BA230,-14.230000,-39.460000,case-existing,case-existing
277,MATATU-BA230,-12.980000,-38.480000,case-existing,case-existing
278,PITUAC-BA230,-12.940000,-38.420000,case-existing,case-existing
279,COTEGI-BA230,-12.790000,-38.420000,case-existing,case-existing
280,JACARA-BA230,-12.700000,-38.480000,case-existing,case-existing
281,D.PITU-BA230,-12.903333,-38.440000,interpolated,topology-interp
283,IRECE--BA230,-11.310000,-41.810000,case-existing,case-existing
284,CAMAC4-BA230,-12.620000,-38.340000,case-existing,case-existing
285,BJLAPA-BA230,-13.310000,-43.350000,case-existing,case-existing
286,BARREI-BA230,-12.130000,-44.950000,case-existing,case-existing
287,E.MART-PI230,-8.100000,-43.670000,case-existing,case-existing
288,IBICOA-BA230,-13.440000,-41.370000,case-existing,case-existing
289,SAPEAC-BA230,-12.720000,-39.190000,case-existing,case-existing
290,PARAIS-RN230,-6.240000,-36.000000,case-existing,case-existing
291,UTINGA-PA230,-1.340000,-48.380000,case-existing,case-existing
292,ST.MAR-PA230,-1.340000,-47.570000,case-existing,case-existing
293,MIRAMA-PA230,-1.410000,-48.490000,case-existing,case-existing
295,PICOS--PI230,-7.110000,-41.410000,case-existing,case-existing
296,ZEBU3--AL230,-9.340000,-38.150000,case-existing,case-existing
297,TUCURU-PA230,-3.820000,-49.650000,case-existing,case-existing
298,V.COND-PA230,-1.570000,-48.730000,case-existing,case-existing
299,MARABA-PA230,-5.200000,-49.020000,case-existing,case-existing
300,PAF3-B-BA230,-9.410000,-38.200000,case-existing,case-existing
301,ASALEA-AL230,-9.380000,-38.205000,interpolated,topology-interp
302,ASALEB-AL230,-9.385000,-38.205000,interpolated,topology-interp
312,ARACA--CE069,-4.950000,-38.000000,interpolated,topology-interp
313,IGUA-A-CE069,-3.830000,-38.540000,interpolated,topology-interp
314,CAUCA--CE069,-3.690000,-38.870000,interpolated,topology-interp
315,PFRANC-MA230,-6.350000,-47.380000,case-existing,case-existing
316,CSP----CE230,-3.586667,-38.863333,interpolated,topology-interp
317,CRATO--CE069,-7.310000,-38.940000,interpolated,topology-interp
318,JUAZE--CE069,-7.310000,-38.940000,interpolated,topology-interp
319,IGUA-B-CE069,-6.410000,-38.880000,interpolated,topology-interp
325,FORTA2-CE230,-3.830000,-38.540000,case-existing,case-existing
326,SOBRA3-CE230,-3.690000,-40.300000,case-existing,case-existing
327,FORTAGUTE013,-3.680000,-38.860000,interpolated,topology-interp
328,TERES2-PI230,-5.260000,-42.730000,case-existing,case-existing
329,BESPER-MA230,-6.147584,-43.286392,interpolated,topology-interp
330,FORTAVUTE013,-3.680000,-38.860000,interpolated,topology-interp
331,MIRA1A-MA000,-3.570000,-44.540000,interpolated,topology-interp
332,SLUIS2-MA230,-2.720000,-44.320000,case-existing,case-existing
333,JSPERE-RN230,-5.380000,-36.820000,case-existing,case-existing
334,UTEFOR-CE230,-3.680000,-38.860000,case-existing,case-existing
335,CFURTA-BA230,-12.700000,-38.570000,case-existing,case-existing
336,TERPER-PE230,-8.400000,-34.970000,case-existing,case-existing
337,RALMEI-BA069,-12.626638,-38.340000,interpolated,topology-interp
338,UTECEA-CE230,-3.690000,-38.870000,case-existing,case-existing
339,TERCEGUTE013,-3.690000,-38.870000,case-existing,case-existing
341,SLUIS2CER013,-2.720000,-44.320000,interpolated,topology-interp
342,MESSIA-AL230,-9.400000,-35.840000,case-existing,case-existing
343,IGUA-AUTE013,-3.830000,-38.540000,interpolated,topology-interp
344,CAUCA-UTE013,-3.690000,-38.870000,interpolated,topology-interp
345,ITABUN-BA230,-14.860000,-39.270000,case-existing,case-existing
346,NATAL3-RN230,-5.870000,-35.320000,case-existing,case-existing
347,CRATO-UTE013,-7.310000,-38.940000,interpolated,topology-interp
348,ITABUNCER013,-14.860000,-39.270000,interpolated,topology-interp
349,GARANH-PE230,-8.880000,-36.400000,case-existing,case-existing
352,ARACA-UTE013,-4.950000,-38.000000,interpolated,topology-interp
353,SUAPE2-PE230,-8.390000,-35.050000,case-existing,case-existing
355,MCHAP2-BA230,-11.710000,-41.400000,case-existing,case-existing
357,RALMEIUTE013,-12.626600,-38.340000,interpolated,topology-interp
358,JUAZE-UTE013,-7.310000,-38.940000,interpolated,topology-interp
360,JCMR2--RN230,-5.300000,-35.870000,case-existing,case-existing
361,TRANSA-PA230,-3.710000,-53.720000,case-existing,case-existing
362,ALTAMI-PA230,-3.140000,-52.180000,case-existing,case-existing
363,RUROPO-PA230,-4.070000,-54.900000,case-existing,case-existing
364,LNOVA2-RN230,-6.060000,-36.530000,case-existing,case-existing
365,IBIAP2-CE230,-3.900000,-41.190000,case-existing,case-existing
366,CACHIM-PA230,-8.980000,-54.960000,case-existing,case-existing
367,NOVPRO-PA230,-7.090000,-55.390000,case-existing,case-existing
368,CACHI-SIN013,-8.980000,-54.960000,interpolated,topology-interp
369,IGUA-BUTE013,-6.410000,-38.880000,interpolated,topology-interp
370,NOVPRO-PA138,-7.090000,-55.390000,case-existing,case-existing
371,NPROG-SIN013,-7.090000,-55.390000,interpolated,topology-interp
372,SCHINC-BA230,-12.230000,-38.375000,interpolated,topology-interp
374,EMBAAB-BA230,-12.540000,-38.990000,case-existing,case-existing
375,PCAVAL-BA230,-12.590000,-39.000000,case-existing,case-existing
376,BRUMA2-BA230,-14.210000,-41.640000,case-existing,case-existing
381,POLO---BA230,-12.660000,-38.270000,case-existing,case-existing
385,BJLAP2-BA230,-13.310000,-43.340000,case-existing,case-existing
387,REGUA--BA230,-13.847500,-46.045000,interpolated,topology-interp
388,PIRAJA-BA230,-12.910000,-38.460000,case-existing,case-existing
390,GUAMA--PA230,-1.460000,-48.450000,case-existing,case-existing
392,STMAR1-PA000,-1.340000,-47.570000,interpolated,topology-interp
393,LAJEAD-TO230,-9.750000,-48.370000,case-existing,case-existing
394,IGAPO2-BA230,-14.030000,-42.620000,case-existing,case-existing
397,MARAB4CAP500,-4.226429,-49.276429,interpolated,topology-interp
398,VCOND3-PA000,-1.570000,-48.730000,interpolated,topology-interp
399,MARAB2CAP500,-4.510000,-49.335000,interpolated,topology-interp
402,M.G.--CAP500,-10.273333,-48.683333,interpolated,topology-interp
407,RG-CO1CAP500,-7.686667,-45.751667,interpolated,topology-interp
412,PAUFERUTE013,-7.860000,-35.020000,interpolated,topology-interp
413,MANAUSUTE013,-7.860000,-35.020000,interpolated,topology-interp
414,PETROLUTE013,-9.400000,-40.500000,case-existing,case-existing
415,P.FRAN-MA000,-6.350000,-47.380000,interpolated,topology-interp
422,ALDEIA-PE230,-7.860000,-35.020000,case-existing,case-existing
423,MILAG2CER013,-7.310000,-38.940000,interpolated,topology-interp
424,PETROL-PE069,-9.440000,-40.490000,interpolated,topology-interp
428,TERES2SIN013,-5.260000,-42.730000,interpolated,topology-interp
429,CASTA1-PA000,-1.300000,-47.790000,interpolated,topology-interp
430,CASTA2-PA000,-1.300000,-47.790000,interpolated,topology-interp
431,MIRA2A-MA000,-3.570000,-44.540000,interpolated,topology-interp
432,MIRA3A-MA000,-3.570000,-44.540000,interpolated,topology-interp
433,VDOACUUTE013,-5.380000,-36.820000,case-existing,case-existing
434,GUAMA4-PA000,-1.460000,-48.450000,interpolated,topology-interp
436,STMAR3-PA000,-1.340000,-47.570000,interpolated,topology-interp
438,PDUT-1CAP500,-5.343333,-45.466667,interpolated,topology-interp
439,IMP-P1CAP500,-5.416667,-46.453333,interpolated,topology-interp
445,PARAIS-RN138,-6.240000,-36.000000,case-existing,case-existing
452,S.MAT--RN013,-5.867492,-36.722506,interpolated,topology-interp
453,RG-CO2CAP500,-7.686667,-45.751667,interpolated,topology-interp
454,S.MAT2-RN013,-5.867492,-36.722506,interpolated,topology-interp
459,ACAPD1CAP500,-5.036667,-46.426667,interpolated,topology-interp
462,ALTAMI-PA013,-3.140000,-52.180000,interpolated,topology-interp
463,RUROP2-PA013,-4.070000,-54.900000,interpolated,topology-interp
472,OLINDI-BA230,-11.320000,-38.380000,case-existing,case-existing
476,FNL---CER013,-14.230000,-39.460000,interpolated,topology-interp
483,IRECE-SIN013,-11.310000,-41.810000,interpolated,topology-interp
485,BJLAPASIN013,-13.310000,-43.350000,interpolated,topology-interp
490,GUAMA1-PA000,-1.460000,-48.450000,interpolated,topology-interp
491,UTING1-PA000,-1.340000,-48.380000,interpolated,topology-interp
492,STMAR2-PA000,-1.340000,-47.570000,interpolated,topology-interp
493,MIRAM2-PA000,-1.410000,-48.490000,interpolated,topology-interp
494,MIRAM1-PA000,-1.410000,-48.490000,interpolated,topology-interp
498,CASTANCAP230,-1.435000,-48.260000,interpolated,topology-interp
499,MARAB1CAP500,-4.510000,-49.335000,interpolated,topology-interp
500,PAF4---BA500,-9.410000,-38.200000,case-existing,case-existing
502,MARABAUHE013,-5.460000,-49.150000,interpolated,topology-interp
503,SE-MAR-PA500,-5.460000,-49.150000,interpolated,topology-interp
504,XINGO--SE500,-9.630000,-37.800000,case-existing,case-existing
505,L.GONZ-PE500,-9.140000,-38.310000,case-existing,case-existing
506,SOBRAD-BA500,-9.440000,-40.830000,case-existing,case-existing
511,ENPECE-CE230,-3.580000,-38.870000,case-existing,case-existing
516,QUIXAD-CE500,-4.950000,-38.930000,case-existing,case-existing
521,MILAGR-CE500,-7.310000,-38.940000,case-existing,case-existing
523,JCMR3--RN500,-5.380000,-35.890000,case-existing,case-existing
525,FORTA2-CE500,-3.830000,-38.540000,case-existing,case-existing
526,SOBRA3-CE500,-3.690000,-40.300000,case-existing,case-existing
528,TERES2-PI500,-5.260000,-42.730000,case-existing,case-existing
529,BESPER-MA500,-6.720000,-43.560000,case-existing,case-existing
531,MIRA1B-MA000,-3.570000,-44.540000,interpolated,topology-interp
532,SLUIS2-MA500,-2.720000,-44.320000,case-existing,case-existing
536,RGONCA-PI500,-7.630000,-45.210000,case-existing,case-existing
537,S.J.PI-PI500,-8.360000,-42.230000,case-existing,case-existing
538,P.DUTR-MA500,-5.270000,-44.480000,case-existing,case-existing
539,IMPERA-MA500,-5.490000,-47.440000,case-existing,case-existing
540,ANGEL2-PE500,-8.900000,-36.300000,case-existing,case-existing
541,RECIFE-PE500,-8.120000,-35.040000,case-existing,case-existing
542,MESSIA-AL500,-9.400000,-35.840000,case-existing,case-existing
543,SUAPE2-PE500,-8.390000,-35.050000,case-existing,case-existing
544,CGRD3--PB500,-7.250000,-35.980000,case-existing,case-existing
546,G.ARAN-MA500,-5.370000,-44.360000,case-existing,case-existing
549,GARANH-PE500,-8.880000,-36.400000,case-existing,case-existing
555,MCHAP2-BA500,-11.710000,-41.400000,case-existing,case-existing
559,ACAILA-MA500,-4.920000,-47.400000,case-existing,case-existing
560,RUROP--PA138,-4.070000,-54.900000,case-existing,case-existing
561,TRANSA-PA034,-3.710000,-53.710000,case-existing,case-existing
563,RUROP1-PA013,-4.070000,-54.900000,interpolated,topology-interp
564,SALOPE-MA500,-4.820000,-44.350000,case-existing,case-existing
565,MIRAND-MA500,-3.570000,-44.540000,case-existing,case-existing
566,PAU-FE-PE500,-7.860000,-35.020000,case-existing,case-existing
570,ESTREI-MA500,-6.580000,-47.460000,case-existing,case-existing
571,MIRACE-TO500,-9.540000,-48.520000,case-existing,case-existing
572,S.ISABUHE013,-9.540000,-48.520000,interpolated,topology-interp
573,JARDIM-SE500,-10.880000,-37.150000,case-existing,case-existing
574,CAMAC2-BA500,-12.620000,-38.340000,case-existing,case-existing
581,BJLAP-CER013,-13.310000,-43.340000,interpolated,topology-interp
582,OLINDI-BA500,-11.320000,-38.380000,case-existing,case-existing
584,CAMAC4-BA500,-12.620000,-38.340000,case-existing,case-existing
585,BJLAP2-BA500,-13.310000,-43.340000,case-existing,case-existing
586,JUAZEI-BA069,-9.490000,-40.520000,interpolated,topology-interp
587,R.EGUA-BA500,-13.850000,-46.180000,case-existing,case-existing
588,IBICOA-BA500,-13.440000,-41.370000,case-existing,case-existing
589,SAPEAC-BA500,-12.720000,-39.190000,case-existing,case-existing
590,ABAIXB-SE069,-9.420000,-38.200000,interpolated,topology-interp
591,COLINA-TO500,-7.970000,-48.460000,case-existing,case-existing
592,STMRT2-PA000,-1.340000,-47.570000,interpolated,topology-interp
593,LAJEAD-TO500,-9.750000,-48.370000,case-existing,case-existing
594,COLIN2-TO500,-7.743333,-46.293333,interpolated,topology-interp
595,SQUEBR-MA500,-5.490000,-47.440000,interpolated,topology-interp
596,TUCR-2-PA500,-3.252857,-49.532857,interpolated,topology-interp
597,TUCR-1-PA500,-3.820000,-49.650000,case-existing,case-existing
598,V.COND-PA500,-1.570000,-48.730000,case-existing,case-existing
599,MARABA-PA500,-5.200000,-49.020000,case-existing,case-existing
600,ABAIXA-BA069,-9.420000,-38.200000,case-existing,case-existing
601,MOXOTO-BA069,-9.380000,-38.240000,case-existing,case-existing
602,JUAZE2-BA069,-9.480000,-40.480000,case-existing,case-existing
603,S.BONF-BA069,-10.440000,-40.190000,case-existing,case-existing
604,M.REDU-BA069,-9.400000,-38.220000,interpolated,topology-interp
605,ZEBU---AL069,-9.420000,-38.200000,interpolated,topology-interp
606,MULUNG-BA069,-9.420000,-38.200000,interpolated,topology-interp
607,BALSAS-MA069,-7.560000,-46.020000,case-existing,case-existing
608,ZEBU---SE069,-9.360000,-38.200000,case-existing,case-existing
609,ZEBU---PE069,-8.280000,-35.040000,case-existing,case-existing
611,ITAPAR-BA069,-9.360000,-38.200000,interpolated,topology-interp
612,M.REDZ-BA069,-9.400000,-38.220000,interpolated,topology-interp
613,ZEBU---BA069,-9.360000,-38.200000,case-existing,case-existing
615,P.FRAN-MA069,-6.350000,-47.380000,case-existing,case-existing
616,TAUA2--CE069,-6.000000,-40.280000,case-existing,case-existing
617,ICO----CE069,-6.410000,-38.880000,case-existing,case-existing
618,CAUIPE-CE069,-3.690000,-38.870000,case-existing,case-existing
619,D.GOUV-CE069,-3.790000,-38.520000,case-existing,case-existing
620,B.NOME-PE069,-8.000000,-38.630000,case-existing,case-existing
621,MILAGR-CE069,-7.310000,-38.940000,case-existing,case-existing
622,BANABU-CE069,-5.300000,-38.910000,case-existing,case-existing
623,RUSSAS-CE069,-4.950000,-38.000000,case-existing,case-existing
624,MOSSOR-RN069,-5.150000,-37.350000,case-existing,case-existing
625,FORTAL-CE069,-3.830000,-38.540000,case-existing,case-existing
626,SOBRAL-CE069,-3.700000,-40.380000,case-existing,case-existing
627,PIRIPI-PI069,-4.290000,-41.750000,case-existing,case-existing
628,TERES--PI069,-5.130000,-42.800000,case-existing,case-existing
629,B.ESPE-PI069,-6.750000,-43.570000,case-existing,case-existing
630,PERITO-MA069,-4.370000,-44.330000,case-existing,case-existing
631,MIRAND-MA069,-3.570000,-44.540000,case-existing,case-existing
632,SLU1S1-MA069,-2.560000,-44.260000,case-existing,case-existing
633,COREM2-PB069,-7.020000,-37.960000,case-existing,case-existing
634,PICI2--CE069,-3.740000,-38.580000,case-existing,case-existing
635,ZEBUCH-SE069,-9.360000,-38.200000,interpolated,topology-interp
636,C.NETO-MA069,-4.300000,-42.990000,case-existing,case-existing
637,S.J.PI-PI069,-8.360000,-42.230000,case-existing,case-existing
638,P.DUTR-MA069,-5.270000,-44.480000,case-existing,case-existing
639,IMPERA-MA069,-5.490000,-47.440000,case-existing,case-existing
640,ANGELI-PE069,-8.890000,-36.290000,case-existing,case-existing
641,ANGELI-AL069,-8.890000,-36.290000,case-existing,case-existing
642,RIO-LA-AL069,-9.500000,-35.840000,case-existing,case-existing
643,BONGIA-PE069,-8.060000,-34.930000,case-existing,case-existing
644,CGRD2--PB069,-7.270000,-35.910000,case-existing,case-existing
645,S.CRUZ-RN069,-6.240000,-36.040000,case-existing,case-existing
646,NATAL2-RN069,-5.810000,-35.240000,case-existing,case-existing
647,GOIANI-PE069,-7.590000,-35.090000,case-existing,case-existing
648,MUSSU2-PB069,-7.180000,-34.890000,case-existing,case-existing
649,PIRAPA-PE069,-8.270000,-35.030000,case-existing,case-existing
650,MIRUEI-PE069,-7.960000,-34.890000,case-existing,case-existing
651,ACU----RN069,-5.590000,-36.910000,case-existing,case-existing
652,S.MATO-RN069,-5.960000,-36.660000,case-existing,case-existing
653,C.NOVO-RN069,-6.270000,-36.550000,case-existing,case-existing
654,JOAIRA-PE069,-8.080000,-34.980000,case-existing,case-existing
655,TACAIM-PE069,-8.330000,-36.220000,case-existing,case-existing
656,LCARRO-PE069,-7.860000,-35.340000,case-existing,case-existing
657,RGONCA-PI069,-7.630000,-45.210000,case-existing,case-existing
658,PENEDO-AL069,-10.240000,-36.560000,case-existing,case-existing
659,MACEIO-AL069,-9.580000,-35.790000,case-existing,case-existing
660,PAU-FE-PE069,-7.860000,-35.020000,case-existing,case-existing
661,MIRUE2-PE069,-7.960000,-34.890000,case-existing,case-existing
662,PENEDO-SE069,-10.240000,-36.560000,case-existing,case-existing
663,BONGIB-PE069,-8.060000,-34.930000,interpolated,topology-interp
664,S.A.JE-BA069,-12.970000,-39.220000,case-existing,case-existing
665,ITBANI-SE069,-11.290000,-37.720000,case-existing,case-existing
666,TOMBA--BA069,-12.290000,-38.970000,case-existing,case-existing
668,NARAND-BA069,-12.950000,-38.450000,case-existing,case-existing
669,B.ESPE-MA069,-6.720000,-43.560000,case-existing,case-existing
670,C.DANT-BA069,-10.600000,-38.370000,case-existing,case-existing
671,ITABAI-SE069,-10.660000,-37.460000,case-existing,case-existing
672,CATU---BA069,-12.400000,-38.360000,case-existing,case-existing
673,JARDIM-SE069,-10.880000,-37.150000,case-existing,case-existing
674,CAMAC2-BA069,-12.620000,-38.340000,case-existing,case-existing
675,G.MANG-BA069,-12.610000,-39.030000,case-existing,case-existing
676,BRUMAD-BA069,-14.210000,-41.640000,case-existing,case-existing
677,MATATU-BA069,-12.980000,-38.480000,case-existing,case-existing
678,PITUAC-BA069,-12.940000,-38.420000,case-existing,case-existing
679,COTEGI-BA069,-12.790000,-38.420000,case-existing,case-existing
680,JACARA-BA069,-12.700000,-38.480000,case-existing,case-existing
681,POLO---BA069,-12.660000,-38.270000,case-existing,case-existing
683,IRECE--BA069,-11.310000,-41.810000,case-existing,case-existing
684,GOIANI-PB069,-7.590000,-35.090000,case-existing,case-existing
685,BJLAPA-BA069,-13.310000,-43.350000,case-existing,case-existing
686,BARREI-BA069,-12.130000,-44.950000,case-existing,case-existing
687,E.MART-PI069,-8.100000,-43.670000,case-existing,case-existing
688,PIRAJA-BA069,-12.910000,-38.460000,interpolated,topology-interp
689,ICO----RN069,-6.410000,-38.880000,case-existing,case-existing
690,GUAMA--PA069,-1.460000,-48.450000,case-existing,case-existing
691,UTINGA-PA069,-1.340000,-48.380000,case-existing,case-existing
692,STMARI-PA069,-1.340000,-47.570000,case-existing,case-existing
693,MIRAMA-PA069,-1.410000,-48.490000,case-existing,case-existing
694,S.CRUZ-PB069,-6.230000,-36.030000,case-existing,case-existing
695,PICOS--PI069,-7.110000,-41.410000,case-existing,case-existing
696,TUCURU-PA138,-3.820000,-49.650000,case-existing,case-existing
697,TUCURU-PA069,-3.750000,-49.690000,case-existing,case-existing
698,V.COND-PA069,-1.570000,-48.730000,case-existing,case-existing
699,MARABA-PA069,-5.200000,-49.020000,case-existing,case-existing
700,UTING4-PA000,-1.340000,-48.380000,interpolated,topology-interp
701,L.FREI-BA069,-12.865000,-38.420000,interpolated,topology-interp
703,UTING5-PA000,-1.340000,-48.380000,interpolated,topology-interp
708,ZEBUII-AL069,-9.360000,-38.200000,case-existing,case-existing
709,RLAM---BA069,-12.700000,-38.570000,interpolated,topology-interp
710,C.M.3-CAP500,-8.755000,-48.490000,interpolated,topology-interp
711,IM-CO1CAP500,-6.316667,-47.780000,interpolated,topology-interp
712,CO-IM-CAP500,-7.143333,-48.120000,interpolated,topology-interp
713,MIRACE-TO000,-9.540000,-48.520000,interpolated,topology-interp
714,FERROR-BA069,-12.700000,-38.480000,interpolated,topology-interp
715,IM-CO2CAP500,-6.730000,-47.950000,interpolated,topology-interp
716,TAUA2-CER013,-6.000000,-40.280000,interpolated,topology-interp
717,DIMOVC-BA069,-12.700000,-38.480000,interpolated,topology-interp
718,MIRAC2-TO000,-9.540000,-48.520000,interpolated,topology-interp
731,MIRA2B-MA000,-3.570000,-44.540000,interpolated,topology-interp
732,MIRAN3-MA000,-3.570000,-44.540000,interpolated,topology-interp
733,MIRAN1-MA013,-3.570000,-44.540000,interpolated,topology-interp
735,CO-IM2CAP500,-7.350000,-48.205000,interpolated,topology-interp
736,IP2TCS-MA500,-6.110000,-47.695000,interpolated,topology-interp
738,PDUT-2CAP500,-5.343333,-45.466667,interpolated,topology-interp
739,IMP-P2CAP500,-5.416667,-46.453333,interpolated,topology-interp
741,RCDCS--PE000,-8.120000,-35.040000,interpolated,topology-interp
745,SRITA2-PB069,-7.160000,-35.010000,case-existing,case-existing
746,NATAL3-RN069,-5.870000,-35.320000,case-existing,case-existing
752,RIBEIR-PE069,-8.470000,-35.400000,case-existing,case-existing
755,MORCHP-BA069,-11.716667,-41.391667,interpolated,topology-interp
757,C.M.2-CAP500,-8.755000,-48.490000,interpolated,topology-interp
759,AC-MA1CAP500,-5.060000,-48.210000,interpolated,topology-interp
762,ALTAMI-PA000,-3.140000,-52.180000,interpolated,topology-interp
763,RUROP1-PA000,-4.070000,-54.900000,interpolated,topology-interp
765,IBIAPI-CE069,-3.900000,-41.190000,case-existing,case-existing
770,B.ALTO-GO500,-15.046667,-49.180000,interpolated,topology-interp
771,GU-MI4CAP500,-11.006667,-48.846667,interpolated,topology-interp
774,MI-GU4CAP500,-10.273333,-48.683333,interpolated,topology-interp
777,PORAN2-GO500,-13.400000,-49.030000,case-existing,case-existing
778,PORAN1SIN013,-13.400000,-49.030000,interpolated,topology-interp
790,GUAMA2-PA000,-1.460000,-48.450000,interpolated,topology-interp
791,UTING2-PA000,-1.340000,-48.380000,interpolated,topology-interp
792,STMRT1-PA000,-1.340000,-47.570000,interpolated,topology-interp
794,IGAPOR-BA069,-14.030000,-42.620000,case-existing,case-existing
797,TUCR-A-PA000,-3.820000,-49.650000,interpolated,topology-interp
798,VCOND1-PA000,-1.570000,-48.730000,interpolated,topology-interp
799,MARAB1-PA000,-5.200000,-49.020000,interpolated,topology-interp
800,CASTAN-PA138,-1.300000,-47.790000,case-existing,case-existing
801,P.ITAQUTE013,-2.520000,-44.300000,case-existing,case-existing
803,STMR-C-PA013,-1.340000,-47.570000,interpolated,topology-interp
805,SUZANO-MA230,-5.410000,-47.560000,case-existing,case-existing
806,SUZANO-MA034,-5.375000,-47.565000,interpolated,topology-interp
807,SUZANOUTE013,-5.340000,-47.570000,case-existing,case-existing
810,ALUML1-MA034,-2.720000,-44.320000,interpolated,topology-interp
811,ALUML2-MA034,-2.720000,-44.320000,interpolated,topology-interp
812,ALUML3-MA034,-2.720000,-44.320000,interpolated,topology-interp
813,ALU-BI-MA034,,,,
814,SLUIS3-MA069,-2.520000,-44.170000,case-existing,case-existing
815,P.FRA2-MA000,-6.350000,-47.380000,interpolated,topology-interp
816,P.FRA3-MA000,-6.350000,-47.380000,interpolated,topology-interp
817,PFRAN3-MA013,-6.350000,-47.380000,interpolated,topology-interp
819,D.MAC2-CE069,-3.800000,-38.530000,case-existing,case-existing
820,PACATB-CE069,-3.900000,-38.540000,case-existing,case-existing
821,MLG-TI-CE013,-7.310000,-38.940000,case-existing,case-existing
822,PACATB-CE500,-3.900000,-38.540000,case-existing,case-existing
823,PACATB-CE230,-3.900000,-38.540000,interpolated,topology-interp
825,FORTAA-CE013,-3.830000,-38.540000,interpolated,topology-interp
826,D.MAC2-CE230,-3.800000,-38.530000,case-existing,case-existing
827,PIRIPI-PI013,-4.290000,-41.750000,interpolated,topology-interp
829,B.ESPE-PI013,-6.529187,-43.468794,interpolated,topology-interp
831,MIRNDT-MA013,-3.570000,-44.540000,case-existing,case-existing
832,MIRAND-MA013,-3.570000,-44.540000,interpolated,topology-interp
833,COREM2-PB013,-7.020000,-37.960000,interpolated,topology-interp
836,GILBU2-PI500,-9.750000,-45.350000,case-existing,case-existing
838,PDACA1CAP500,-5.153333,-45.453333,interpolated,topology-interp
841,RCD-1-SIN013,-8.120000,-35.040000,interpolated,topology-interp
842,BA-GILCAP500,-11.363333,-44.990000,interpolated,topology-interp
846,BARRER-BA500,-12.170000,-44.810000,case-existing,case-existing
851,ACU----RN013,-5.590000,-36.910000,interpolated,topology-interp
852,S.MATO-RN000,-5.867514,-36.722491,interpolated,topology-interp
854,GIL-BACAP500,-10.556667,-45.170000,interpolated,topology-interp
855,BARRE1CAP500,-12.730000,-45.266667,interpolated,topology-interp
857,RE-LUZCAP500,-14.683333,-46.730000,interpolated,topology-interp
858,S.MAT2-RN000,-5.867514,-36.722491,interpolated,topology-interp
859,AC-MA2CAP500,-5.060000,-48.210000,interpolated,topology-interp
860,REBAR1CAP500,-13.290000,-45.723333,interpolated,topology-interp
862,ALTAMI-PA069,-3.140000,-52.180000,case-existing,case-existing
863,RUROP2-PA000,-4.070000,-54.900000,interpolated,topology-interp
872,CATU-A-BA013,-12.400000,-38.360000,interpolated,topology-interp
874,CMD-1-SIN013,-12.620000,-38.340000,interpolated,topology-interp
875,G.MANG-BA013,-12.610000,-39.030000,interpolated,topology-interp
876,FUNIL--BA013,-14.230000,-39.460000,case-existing,case-existing
877,MATA-ASIN011,-12.980000,-38.480000,case-existing,case-existing
885,BJLAPA-BA013,-13.310000,-43.350000,interpolated,topology-interp
886,BJLT2--BA000,-13.310000,-43.350000,interpolated,topology-interp
890,GUAMA3-PA000,-1.460000,-48.450000,interpolated,topology-interp
891,UTING3-PA000,-1.340000,-48.380000,interpolated,topology-interp
892,STMR-A-PA013,-1.340000,-47.570000,interpolated,topology-interp
893,STMARI-PA013,-1.340000,-47.570000,interpolated,topology-interp
897,TUCR-A-PA013,-3.820000,-49.650000,interpolated,topology-interp
898,VCONDESIN013,-1.570000,-48.730000,interpolated,topology-interp
899,MARAB2-PA000,-5.200000,-49.020000,interpolated,topology-interp
900,CASTA1-PA013,-1.300000,-47.790000,interpolated,topology-interp
901,CASTA2-PA013,-1.300000,-47.790000,interpolated,topology-interp
909,POCOE2-BA138,-14.520000,-40.380000,case-existing,case-existing
910,MIRACE-TO013,-9.540000,-48.520000,interpolated,topology-interp
911,MIRACE-TO138,-9.540000,-48.520000,case-existing,case-existing
912,ITACAI-PA500,-5.460000,-49.150000,case-existing,case-existing
913,ITACAI-PA230,-5.460000,-49.150000,case-existing,case-existing
914,SLUIS3-MA230,-2.520000,-44.170000,case-existing,case-existing
915,P.FRAN-MA013,-6.350000,-47.380000,interpolated,topology-interp
916,CARAJA-PA230,-5.980000,-49.890000,case-existing,case-existing
917,SNORTE-PA230,-6.030000,-50.140000,case-existing,case-existing
918,PFRANC-MA013,-6.350000,-47.380000,interpolated,topology-interp
919,MIRAC2-TO013,-9.540000,-48.520000,interpolated,topology-interp
920,GUAMA4-PA013,-1.460000,-48.450000,interpolated,topology-interp
923,MRNDT2-MA013,-3.570000,-44.540000,interpolated,topology-interp
930,PERITO-MA013,-4.370000,-44.330000,case-existing,case-existing
931,MIRAN2-MA013,-3.570000,-44.540000,interpolated,topology-interp
933,MIRAN3-MA013,-3.570000,-44.540000,interpolated,topology-interp
934,PDDCS1-MA000,-5.270000,-44.480000,interpolated,topology-interp
935,PDUTR2SIN013,-5.270000,-44.480000,interpolated,topology-interp
936,INTEGR-PA230,-6.440000,-50.020000,case-existing,case-existing
938,PDUTR1SIN013,-5.270000,-44.480000,interpolated,topology-interp
939,IMPER1SIN013,-5.490000,-47.440000,interpolated,topology-interp
940,IMPER2SIN013,-5.490000,-47.440000,interpolated,topology-interp
941,RCD-2-SIN013,-8.120000,-35.040000,interpolated,topology-interp
942,IMPER3SIN013,-5.490000,-47.440000,interpolated,topology-interp
944,IZ--T2-MA000,-5.490000,-47.440000,interpolated,topology-interp
945,IZ--T2-MA013,-5.490000,-47.440000,interpolated,topology-interp
947,IZ--T1-MA000,-5.490000,-47.440000,interpolated,topology-interp
948,CARAJA-PA138,-5.980000,-49.890000,case-existing,case-existing
949,VCOAT1-PA000,-1.570000,-48.730000,interpolated,topology-interp
950,VCOAT1-PA013,-1.570000,-48.730000,interpolated,topology-interp
951,VCOAT2-PA000,-1.570000,-48.730000,interpolated,topology-interp
952,VCOAT2-PA013,-1.570000,-48.730000,interpolated,topology-interp
953,VCOAT3-PA000,-1.570000,-48.730000,interpolated,topology-interp
954,VCOAT3-PA013,-1.570000,-48.730000,interpolated,topology-interp
955,VCOAT4-PA000,-1.570000,-48.730000,interpolated,topology-interp
956,VCOAT4-PA013,-1.570000,-48.730000,interpolated,topology-interp
969,URUCUI-PI230,-7.630000,-45.210000,interpolated,topology-interp
972,CATU-B-BA013,-12.400000,-38.360000,case-existing,case-existing
974,CMD-2-SIN013,-12.620000,-38.340000,interpolated,topology-interp
976,FUNIL--BA138,-14.230000,-39.460000,case-existing,case-existing
977,MATA-BSIN011,-12.980000,-38.480000,case-existing,case-existing
978,MIRAM1-PA013,-1.410000,-48.490000,interpolated,topology-interp
984,UTINT4-PA013,-1.340000,-48.380000,interpolated,topology-interp
985,UTINT5-PA013,-1.340000,-48.380000,interpolated,topology-interp
986,VCOND2-PA013,-1.570000,-48.730000,interpolated,topology-interp
987,VCOND1-PA013,-1.570000,-48.730000,interpolated,topology-interp
988,ITACAI-PA138,-5.400000,-49.115000,interpolated,topology-interp
989,VCOND3-PA013,-1.570000,-48.730000,interpolated,topology-interp
990,GUAMA--PA013,-1.460000,-48.450000,interpolated,topology-interp
991,UTINGA-PA013,-1.340000,-48.380000,interpolated,topology-interp
992,STMR-T-PA013,-1.340000,-47.570000,interpolated,topology-interp
993,MIRAM2-PA013,-1.410000,-48.490000,interpolated,topology-interp
994,GUAMT2-PA013,-1.460000,-48.450000,interpolated,topology-interp
995,GUAMT3-PA013,-1.460000,-48.450000,interpolated,topology-interp
996,UTINT2-PA013,-1.340000,-48.380000,interpolated,topology-interp
999,MARABA-PA013,-5.200000,-49.020000,interpolated,topology-interp
1000,MARAB2-PA013,-5.200000,-49.020000,interpolated,topology-interp
1001,AVERMLUHE013,-19.860000,-50.350000,case-existing,case-existing
1002,AVANHAUHE013,-21.120000,-50.200000,case-existing,case-existing
1003,IBITINUHE013,-21.760000,-48.990000,case-existing,case-existing
1004,PROMISUHE013,-21.300000,-49.780000,case-existing,case-existing
1005,LIMOEIUHE013,-21.630000,-47.010000,case-existing,case-existing
1006,BBONITUHE013,-22.520000,-48.530000,case-existing,case-existing
1007,CACONDUHE013,-21.580000,-46.620000,case-existing,case-existing
1008,ECUNHAUHE013,-21.600000,-46.950000,case-existing,case-existing
1009,BARIRIUHE013,-22.150000,-48.750000,case-existing,case-existing
1010,UTINT3-PA013,-1.340000,-48.380000,interpolated,topology-interp
1013,ST.MAR-PA013,-1.340000,-47.570000,interpolated,topology-interp
1021,VILANH-SP230,-23.525000,-46.175000,interpolated,topology-interp
1022,AERGUL-SP138,-23.380000,-46.400000,case-existing,case-existing
1023,PETROM-SP138,-23.590000,-46.180000,case-existing,case-existing
1024,SIF22--SP138,-23.680000,-46.120000,case-existing,case-existing
1025,CEBRAS-SP088,-23.200000,-46.020000,case-existing,case-existing
1026,GLEBAD-SP138,-23.800000,-45.410000,case-existing,case-existing
1027,EMBREA-SP138,-23.220000,-45.850000,case-existing,case-existing
1028,SKOL-A-SP088,-23.320000,-46.400000,case-existing,case-existing
1029,RPAR2A-SP138,-23.680000,-45.640000,case-existing,case-existing
1030,P.NOVO-SP138,-23.690000,-45.450000,case-existing,case-existing
1031,UTGCA--SP138,-23.619082,-45.430975,interpolated,topology-interp
1032,JAMBEI-SP138,-23.320000,-45.730000,case-existing,case-existing
1033,DCTA---SP088,-23.210000,-45.860000,case-existing,case-existing
1034,SLUZIA-SP138,-23.230000,-45.820000,case-existing,case-existing
1035,MFOODS-SP088,-23.320000,-46.100000,case-existing,case-existing
1036,AVPAIV-SP088,-23.140000,-45.920000,case-existing,case-existing
1037,SJJAG1-SP088,-23.186810,-45.916138,interpolated,topology-interp
1038,SJJAG2-SP088,-23.192463,-45.904936,interpolated,topology-interp
1039,OLARIA-SP138,-23.760000,-45.410000,case-existing,case-existing
1040,JUQUEH-SP138,-23.760000,-45.710000,case-existing,case-existing
1051,POLIMI-SP138,-23.523904,-46.262630,interpolated,topology-interp
1052,POLIMITAP138,-23.523856,-46.262634,interpolated,topology-interp
1053,MARESI-SP138,-23.780000,-45.560000,case-existing,case-existing
1054,S.CA-A-SP088,-22.660000,-44.930000,interpolated,topology-interp
1055,UNA----SP138,-23.750000,-45.770000,case-existing,case-existing
1056,MAP----SP138,-23.430000,-46.260000,case-existing,case-existing
1057,BIR----SP138,-23.620000,-46.130000,case-existing,case-existing
1058,BOI----SP138,-23.780000,-45.610000,case-existing,case-existing
1059,CAR-BE-SP138,-23.630000,-45.430000,case-existing,case-existing
1060,SKOL-B-SP088,-23.330000,-46.400000,case-existing,case-existing
1061,SSB-BE-SP138,-23.810000,-45.410000,case-existing,case-existing
1062,MAS----SP138,-23.580000,-45.340000,case-existing,case-existing
1063,ITAPTA-SP088,-23.550000,-46.180000,case-existing,case-existing
1064,NOR-BE-SP088,-23.480000,-46.560000,case-existing,case-existing
1065,NOD-BE-SP088,-23.450000,-46.380000,case-existing,case-existing
1066,MOGI---SP088,-23.550000,-46.180000,case-existing,case-existing
1067,SJC----SP088,-23.200000,-45.890000,case-existing,case-existing
1068,TAU-BE-SP138,-23.060000,-45.590000,case-existing,case-existing
1069,APA----SP088,-22.870000,-45.260000,case-existing,case-existing
1070,S.CA-B-SP088,-22.660000,-44.930000,case-existing,case-existing
1081,CDOU11UHE013,-18.500000,-49.490000,case-existing,case-existing
1082,CDOU13UHE013,-18.500000,-49.490000,case-existing,case-existing
1083,CDO13AUHE013,-18.500000,-49.490000,case-existing,case-existing
1084,CDO13NUHE013,-18.500000,-49.490000,case-existing,case-existing
1085,CDO13BUHE013,-18.500000,-49.490000,case-existing,case-existing
1091,SE-BG--DF034,-15.796338,-47.951858,interpolated,topology-interp
1092,SE-BS--DF138,-15.841535,-48.025701,interpolated,topology-interp
1151,CATALA-GO138,-18.150000,-47.950000,case-existing,case-existing
1152,CDOURA-GO138,-18.500000,-49.490000,case-existing,case-existing
1153,CDOURA-GO230,-18.500000,-49.490000,case-existing,case-existing
1154,PQEMAS-GO138,-17.410000,-52.480000,case-existing,case-existing
1155,PLANAL-GO230,-17.810000,-49.230000,case-existing,case-existing
1156,QUIRIN-GO138,-18.440000,-50.420000,case-existing,case-existing
1157,RVERDE-GO138,-17.800000,-50.910000,case-existing,case-existing
1158,RCLARO-GO138,-17.623390,-51.658983,interpolated,topology-interp
1159,R.BOIS-GO138,-18.020000,-50.350000,case-existing,case-existing
1160,CALTA1-GO138,-18.150000,-47.950000,case-existing,case-existing
1161,PERDIG-GO138,-17.755000,-50.910000,interpolated,topology-interp
1162,PARANA-GO230,-18.370000,-49.210000,case-existing,case-existing
1163,ACREUN-GO138,-17.400000,-50.390000,case-existing,case-existing
1164,S.CALD-GO138,-17.800000,-48.620000,case-existing,case-existing
1166,ESPORA-GO138,-18.584000,-51.072000,interpolated,topology-interp
1167,RCLAR2-GO230,-17.630000,-51.690000,case-existing,case-existing
1168,RCLAR2-GO138,-17.591356,-51.575593,interpolated,topology-interp
1169,DIAMANPCH034,-17.350000,-52.810000,case-existing,case-existing
1170,AEROP1-GO138,-16.680000,-49.280000,case-existing,case-existing
1171,ANHANG-GO138,-16.790000,-49.240000,case-existing,case-existing
1172,ANHANG-GO230,-16.790000,-49.240000,case-existing,case-existing
1173,CAMPIN-GO138,-16.670000,-49.300000,case-existing,case-existing
1174,FIRMIN-GO138,-16.590000,-50.330000,case-existing,case-existing
1175,FERROV-GO138,-16.660000,-49.260000,case-existing,case-existing
1176,REAL-1-GO138,-16.750000,-49.250000,case-existing,case-existing
1177,ATLANT-GO138,-16.730000,-49.290000,case-existing,case-existing
1178,GLESTE-GO013,-16.680000,-49.240000,interpolated,topology-interp
1179,INHUMA-GO138,-16.427888,-49.632472,interpolated,topology-interp
1180,IPORA--GO138,-16.440000,-51.080000,case-existing,case-existing
1181,MEIAPO-GO138,-16.580000,-49.320000,case-existing,case-existing
1182,XAVANT-GO138,-16.580000,-49.260000,case-existing,case-existing
1183,XAVANT-GO230,-16.580000,-49.260000,case-existing,case-existing
1184,GOYA---GO138,-16.660000,-49.360000,case-existing,case-existing
1185,ANHANG-GO069,-16.790000,-49.240000,case-existing,case-existing
1186,SGENOV-GO138,-16.640000,-49.180000,case-existing,case-existing
1187,PALMEI-GO230,-16.780000,-49.940000,case-existing,case-existing
1188,B.VIST-GO138,-16.960000,-48.940000,case-existing,case-existing
1189,PIRESR-GO138,-17.310000,-48.290000,case-existing,case-existing
1190,ITABER-GO138,-16.087859,-49.836715,interpolated,topology-interp
1191,RIVIER-GO138,-16.740000,-49.180000,case-existing,case-existing
1192,CARAJA-GO138,-16.720000,-49.350000,case-existing,case-existing
1193,JUSSAR-GO138,-16.013068,-50.812101,interpolated,topology-interp
1194,FIRMIN-GO230,-16.590000,-50.330000,case-existing,case-existing
1195,INDEPE-GO138,-16.810000,-49.310000,case-existing,case-existing
1196,TRINDT-GO138,-16.519472,-49.448118,interpolated,topology-interp
1197,TRINDA-GO138,-16.640000,-49.470000,case-existing,case-existing
1198,PETROB-GO138,-16.625000,-49.067500,interpolated,topology-interp
1199,S.CANE-GO138,-16.700000,-49.110000,case-existing,case-existing
1200,DIMIC--GO138,-18.200000,-47.970000,case-existing,case-existing
1201,D-CANE-GO138,-16.550000,-49.025000,interpolated,topology-interp
1202,CARAJA-GO230,-16.720000,-49.350000,case-existing,case-existing
1203,ITIQUI-GO138,-15.540000,-47.370000,case-existing,case-existing
1204,MARAJO-GO138,-16.150000,-47.990000,case-existing,case-existing
1205,PBERND-GO069,-15.180000,-48.290000,case-existing,case-existing
1206,A.LIND-GO230,-15.770000,-48.280000,case-existing,case-existing
1207,PLANAD-GO138,-16.442709,-48.171151,interpolated,topology-interp
1208,PLANA--GO138,-17.810000,-49.230000,case-existing,case-existing
1209,ANAPOL-GO138,-16.290000,-48.940000,case-existing,case-existing
1210,CORUMB-GO138,-15.920000,-48.800000,case-existing,case-existing
1211,DAIA---GO138,-16.400000,-48.940000,case-existing,case-existing
1212,JUNDIA-GO138,-16.360000,-48.950000,case-existing,case-existing
1213,PIRINE-GO138,-16.280909,-48.896364,interpolated,topology-interp
1214,GOIANI-GO138,-16.430000,-49.430000,case-existing,case-existing
1216,GOIANE-GO069,-15.340000,-49.110000,case-existing,case-existing
1217,MATRI2-GO138,-15.729206,-50.496302,interpolated,topology-interp
1218,PAMPLO-GO034,-16.365000,-47.700000,interpolated,topology-interp
1219,MINACU-GO138,-13.550000,-48.230000,case-existing,case-existing
1220,CRISTA-GO034,-16.703333,-47.690000,interpolated,topology-interp
1221,PORANG-GO138,-13.450000,-49.160000,case-existing,case-existing
1222,SAMA---GO138,-13.550000,-48.230000,interpolated,topology-interp
1223,ITAPAC-GO069,-14.940000,-49.520000,case-existing,case-existing
1224,SMCELG-GO138,-15.991298,-48.037659,interpolated,topology-interp
1225,PACAEM-GO138,-16.080000,-48.020000,case-existing,case-existing
1226,PAMPLO-GO138,-16.290000,-47.610000,case-existing,case-existing
1227,SJALIA-GO138,-16.145000,-48.135000,interpolated,topology-interp
1228,FLORES-GO138,-14.480000,-47.040000,case-existing,case-existing
1229,IACIAR-GO138,-14.120000,-46.630000,case-existing,case-existing
1230,R.VERM-GO138,-16.230000,-47.940000,case-existing,case-existing
1231,SANTAN-GO138,-16.330000,-48.900000,case-existing,case-existing
1232,R.VER1-GO138,-16.190000,-47.965000,interpolated,topology-interp
1233,R.VER2-GO138,-16.290000,-47.688571,interpolated,topology-interp
1234,ESTREL-GO138,-16.090000,-47.950000,case-existing,case-existing
1235,ITAPAC-GO230,-14.940000,-49.520000,case-existing,case-existing
1236,SANTON-GO138,-15.930000,-48.290000,case-existing,case-existing
1237,TAMBOLPCH013,-16.790000,-47.890000,case-existing,case-existing
1238,CORU1B-GO138,-17.990000,-48.540000,case-existing,case-existing
1240,PARANA-GO069,-18.370000,-49.210000,case-existing,case-existing
1241,PLANAL-GO069,-17.810000,-49.230000,case-existing,case-existing
1242,A.LIND-GO069,-15.770000,-48.280000,case-existing,case-existing
1244,PALMEI-GO069,-16.780000,-49.940000,case-existing,case-existing
1245,PIRAN-PCH013,-16.590000,-51.810000,case-existing,case-existing
1246,MOSQUIPCH013,-16.340000,-51.440000,case-existing,case-existing
1247,IRARA-PCH013,-18.070000,-51.170000,case-existing,case-existing
1248,NIQULA-GO034,-14.490000,-48.470000,case-existing,case-existing
1249,JATAI-PCH013,-17.940000,-51.730000,case-existing,case-existing
1250,PALM.2-GO230,-16.795000,-49.925000,interpolated,topology-interp
1251,PALMEIUTE013,-16.810000,-49.910000,case-existing,case-existing
1252,ITAPAC-GO138,-14.940000,-49.520000,case-existing,case-existing
1253,SERRAO-GO138,-14.580000,-49.970000,case-existing,case-existing
1254,SMARCO-GO138,-17.100000,-47.620000,case-existing,case-existing
1256,NEROPO-GO138,-16.490000,-49.240000,interpolated,topology-interp
1257,GESSYL-GO138,-17.750000,-50.940000,interpolated,topology-interp
1258,AREIAO-GO138,-16.750000,-49.250000,interpolated,topology-interp
1262,MINEIR-GO138,-13.450000,-49.160000,case-existing,case-existing
1267,CRISTA-GO138,-16.730000,-47.620000,case-existing,case-existing
1268,GOIANDPCH013,-18.140000,-48.270000,case-existing,case-existing
1269,NVAUROPCH013,-18.060000,-48.210000,case-existing,case-existing
1270,UTEQUI-GO138,-18.456667,-50.116667,interpolated,topology-interp
1271,QUIR--UTE013,-18.430000,-50.440000,case-existing,case-existing
1272,IACIA-PCH006,-14.230000,-46.270000,case-existing,case-existing
1273,TAPAMB-GO138,-16.285455,-48.918182,interpolated,topology-interp
1274,IPE----GO138,-17.750000,-50.940000,case-existing,case-existing
1278,PIRIN--GO230,-16.390000,-48.870000,case-existing,case-existing
1279,PETRO-TAP138,-16.475000,-48.982500,interpolated,topology-interp
1291,COXIPO-MT138,-15.630000,-56.000000,case-existing,case-existing
1293,B-DURO-MT138,-15.590000,-56.080000,case-existing,case-existing
1295,VGRAND-MT138,-15.670000,-56.130000,case-existing,case-existing
1297,C-ALTA-MT138,-15.590000,-56.130000,case-existing,case-existing
1299,RODOV2-MT138,-15.570000,-56.083333,interpolated,topology-interp
1300,C-P-A--MT138,-15.550000,-56.040000,case-existing,case-existing
1302,CRIREI-MT138,-15.630000,-56.100000,case-existing,case-existing
1304,RODOVI-MT138,-15.570000,-56.080000,case-existing,case-existing
1306,TREVOL-MT138,-15.650000,-56.200000,case-existing,case-existing
1307,MCOVAS-MT138,-15.610000,-56.074000,interpolated,topology-interp
1308,CASCA3-MT138,-15.463333,-55.446667,interpolated,topology-interp
1309,C-VERD-MT138,-15.550000,-55.180000,case-existing,case-existing
1310,PRIMAV-MT138,-15.570000,-54.310000,case-existing,case-existing
1311,PRIMRU-MT138,-15.180000,-54.120000,case-existing,case-existing
1312,PARAAA-MT138,-14.450000,-54.040000,case-existing,case-existing
1315,SORRIS-MT000,-12.580000,-55.760000,interpolated,topology-interp
1316,JACIAR-MT138,-15.980000,-54.960000,case-existing,case-existing
1317,RONDON-MT138,-16.470000,-54.600000,case-existing,case-existing
1319,ROND-R-MT034,-16.470000,-54.600000,case-existing,case-existing
1320,RODCEN-MT138,-16.460000,-54.640000,case-existing,case-existing
1322,SOZINH-MT138,-17.310000,-54.760000,case-existing,case-existing
1323,PETRVA-MT138,-16.790000,-54.040000,case-existing,case-existing
1325,FERRON-MT138,-17.250000,-53.320000,case-existing,case-existing
1326,CANGAS-MT138,-16.080000,-56.570000,case-existing,case-existing
1330,SORRIS-MT013,-12.580000,-55.760000,interpolated,topology-interp
1331,B.PEIX-MT138,-16.500000,-52.620000,case-existing,case-existing
1332,B-GARC-MT138,-15.880000,-52.340000,case-existing,case-existing
1333,NXAVAN-MT138,-14.650000,-52.360000,case-existing,case-existing
1334,A-BOA1-MT138,-14.080000,-52.150000,case-existing,case-existing
1335,CANARA-MT138,-13.550000,-52.260000,case-existing,case-existing
1336,QUEREN-MT138,-12.600000,-52.210000,case-existing,case-existing
1337,ALTBVI-MT138,-11.670000,-51.390000,case-existing,case-existing
1338,CONFRE-MT138,-10.650000,-51.560000,case-existing,case-existing
1339,VILARI-MT138,-10.030000,-51.120000,case-existing,case-existing
1340,POCONE-MT138,-16.240000,-56.640000,case-existing,case-existing
1341,CACERE-MT138,-16.100000,-57.670000,case-existing,case-existing
1342,QMARCO-MT138,-15.640000,-58.170000,case-existing,case-existing
1343,ARAPUT-MT138,-15.480000,-58.340000,case-existing,case-existing
1344,JAUR-A-MT138,-15.380000,-58.830000,case-existing,case-existing
1345,PLACER-MT138,-15.250000,-59.330000,case-existing,case-existing
1346,MINERA-MT138,-14.520000,-59.550000,case-existing,case-existing
1347,COMODO-MT138,-13.650000,-59.780000,case-existing,case-existing
1348,CONFRESIN013,-10.650000,-51.560000,interpolated,topology-interp
1350,ITAQU--MT138,-15.170000,-53.660000,case-existing,case-existing
1351,NOBRES-MT138,-14.740000,-56.340000,case-existing,case-existing
1353,CIMENT-MT138,-14.640000,-56.270000,case-existing,case-existing
1354,DENISE-MT138,-14.741818,-56.870000,interpolated,topology-interp
1355,DENISE-MT069,-14.740000,-57.050000,case-existing,case-existing
1356,TANGAR-MT138,-14.740000,-57.050000,case-existing,case-existing
1357,ITANOR-MT138,-14.355906,-57.705848,interpolated,topology-interp
1358,ITNORT-MT069,-14.300000,-57.960000,case-existing,case-existing
1359,DIAMAN-MT138,-14.430000,-56.430000,case-existing,case-existing
1361,BBUGRE-MT069,-15.040000,-57.180000,case-existing,case-existing
1362,NOLIM-TAP069,-14.853333,-57.173333,interpolated,topology-interp
1363,NOLIMP-MT069,-14.780000,-57.290000,case-existing,case-existing
1366,JANGAD-MT138,-15.230000,-56.500000,case-existing,case-existing
1367,CASTAN-MT230,-12.085000,-58.405000,interpolated,topology-interp
1370,CAMPON-MT138,-13.670000,-57.900000,case-existing,case-existing
1371,MANSAP-MT138,-12.801429,-58.237143,interpolated,topology-interp
1372,SAPEZA-MT138,-13.540000,-58.800000,case-existing,case-existing
1373,BRASNO-MT138,-12.120000,-58.020000,case-existing,case-existing
1374,FAZCOR-MT138,-11.603333,-58.103333,interpolated,topology-interp
1375,JUARA--MT138,-11.270000,-57.520000,case-existing,case-existing
1376,JUINA--MT138,-11.420000,-58.770000,case-existing,case-existing
1377,STA-RI-MT138,-13.810000,-55.280000,case-existing,case-existing
1378,BESPER-MT138,-13.520000,-55.150000,case-existing,case-existing
1379,D.TOGA-MT138,-16.460000,-54.560000,case-existing,case-existing
1380,N-MUTU-MT069,-13.830000,-56.080000,case-existing,case-existing
1381,SJRCLA-MT138,-13.440000,-56.730000,case-existing,case-existing
1382,SADILU-MT013,-13.010000,-55.930000,interpolated,topology-interp
1383,SOR.R1-MT069,-12.580000,-55.760000,case-existing,case-existing
1384,SNPIND-MT138,-11.890000,-55.540000,case-existing,case-existing
1385,RODOV1-MT138,-15.570000,-56.083333,interpolated,topology-interp
1386,SINOP--MT069,-11.890000,-55.540000,case-existing,case-existing
1387,SNPCNT-MT138,-11.840000,-55.490000,case-existing,case-existing
1388,JUINRB-MT138,-11.290000,-58.740000,case-existing,case-existing
1389,T-CLA--MT138,-11.333659,-55.310244,interpolated,topology-interp
1390,CLAUDI-MT138,-11.510000,-54.870000,case-existing,case-existing
1391,COLIDE-MT138,-10.810000,-55.450000,case-existing,case-existing
1392,MATUPA-MT138,-10.160000,-54.930000,case-existing,case-existing
1393,AFLORE-MT138,-9.890000,-56.100000,case-existing,case-existing
1394,NMUTUM-MT138,-13.830000,-56.080000,case-existing,case-existing
1395,NMVERD-MT138,-9.970000,-57.450000,case-existing,case-existing
1396,CASTANUHE013,-12.085000,-58.405000,interpolated,topology-interp
1397,IPIRAN-MT138,-12.240000,-56.160000,case-existing,case-existing
1398,LUCA-R-MT138,-13.010000,-55.930000,case-existing,case-existing
1399,JURUEN-MT138,-10.340000,-58.500000,case-existing,case-existing
1400,JUBA-2-MT138,-14.713626,-57.913392,interpolated,topology-interp
1401,JUBA-1-MT138,-15.031209,-58.061131,interpolated,topology-interp
1402,BARUIT-MT138,-13.456842,-57.606842,interpolated,topology-interp
1403,INDIAV-MT138,-15.269231,-58.766154,interpolated,topology-interp
1404,GUAPOR-MT138,-15.250000,-58.895000,interpolated,topology-interp
1405,JAUR-B-MT138,-15.310000,-58.780000,interpolated,topology-interp
1406,ITIQUI-MT230,-17.080000,-54.870000,case-existing,case-existing
1407,PPEDRA-MT230,-17.590000,-54.910000,case-existing,case-existing
1408,SCORGA-MT138,-14.490000,-59.530000,interpolated,topology-interp
1409,PARAAB-MT138,-13.850000,-53.260000,case-existing,case-existing
1410,BNORT3-MT138,-9.573981,-55.182524,interpolated,topology-interp
1411,JARARA-MT138,-13.428947,-57.318947,interpolated,topology-interp
1412,3MAIO--PA138,-9.005243,-55.088447,interpolated,topology-interp
1413,PRNAIT-MT138,-9.350000,-56.840000,case-existing,case-existing
1417,JUBA22-MT138,-14.753762,-57.973197,interpolated,topology-interp
1418,S.PARA-MT138,-10.038333,-56.890000,interpolated,topology-interp
1419,SINORB-MT138,-11.980000,-55.520000,case-existing,case-existing
1420,CLAUD2-MT138,-11.124634,-55.380976,interpolated,topology-interp
1421,AIMOREUHE013,-19.460000,-41.100000,case-existing,case-existing
1423,CANDONUHE013,-20.210000,-42.850000,case-existing,case-existing
1424,CBRAN1UHE013,-18.790000,-48.150000,case-existing,case-existing
1425,CBRAN2UHE013,-18.660000,-48.440000,case-existing,case-existing
1426,EMBORCUHE013,-18.450000,-47.980000,case-existing,case-existing
1427,FUN-MGUHE013,-21.140000,-45.040000,case-existing,case-existing
1428,GUI.AMUHE013,-19.710000,-42.960000,case-existing,case-existing
1429,IGARAPUHE013,-19.990000,-47.760000,case-existing,case-existing
1430,JAGURAUHE013,-20.020000,-47.430000,case-existing,case-existing
1431,IRAPE-UHE013,-16.740000,-42.570000,case-existing,case-existing
1432,ITUTINUHE013,-21.290000,-44.630000,case-existing,case-existing
1433,MIRANDUHE013,-18.910000,-48.040000,case-existing,case-existing
1434,FRNSA4-MG138,-16.377500,-43.682500,interpolated,topology-interp
1435,NPONTEUHE013,-19.130000,-47.700000,case-existing,case-existing
1436,P.ESTRUHE013,-19.120000,-42.660000,case-existing,case-existing
1437,PICADAUHE013,-21.880000,-43.540000,case-existing,case-existing
1438,PJOAQ-UHE013,-19.490000,-47.540000,case-existing,case-existing
1440,QUEIMAUHE013,-16.210000,-47.320000,case-existing,case-existing
1441,S.CARVUHE013,-19.650000,-42.850000,case-existing,case-existing
1442,S.CLARUHE013,-17.900000,-40.200000,case-existing,case-existing
1443,S.GRANUHE013,-19.170000,-42.780000,case-existing,case-existing
1444,SOBRAGUHE013,-21.980000,-43.360000,case-existing,case-existing
1445,S.SIMAUHE013,-19.020000,-50.500000,case-existing,case-existing
1446,T.MARIUHE013,-18.220000,-45.260000,case-existing,case-existing
1447,JAIBA4-MG138,-15.536000,-43.520000,interpolated,topology-interp
1448,V.GRANUHE013,-20.030000,-48.220000,case-existing,case-existing
1450,JECEAB-MG034,-20.580000,-43.970000,interpolated,topology-interp
1452,BAGUARUHE013,-19.020000,-42.120000,case-existing,case-existing
1453,S.MIGUUHE013,-21.300000,-44.630000,interpolated,topology-interp
1454,SACARV-MG069,-19.534507,-42.637447,reference-psrbus,reference-psrbus
1456,NOVAPOPCH013,-20.280000,-42.650000,case-existing,case-existing
1480,BARBAC-MG345,-21.190000,-43.750000,case-existing,case-existing
1481,SDUMO2-MG345,-21.470000,-43.530000,case-existing,case-existing
1482,BARREI-MG345,-20.000000,-43.990000,case-existing,case-existing
1483,ITABI2-MG500,-20.330000,-43.780000,case-existing,case-existing
1484,ITABI2-MG345,-20.330000,-43.780000,case-existing,case-existing
1485,BDESPA-MG500,-19.790000,-45.310000,case-existing,case-existing
1486,ITAJU3-MG500,-22.470000,-45.520000,case-existing,case-existing
1487,JAGURA-MG013,-20.010000,-47.440000,interpolated,topology-interp
1488,JAGUAR-MG500,-20.010000,-47.440000,case-existing,case-existing
1489,JFORA1-MG345,-21.710000,-43.400000,case-existing,case-existing
1491,LAFAIE-MG345,-20.660000,-43.820000,case-existing,case-existing
1492,NLIMA6-MG345,-20.190000,-43.860000,case-existing,case-existing
1493,MCLAR2-MG345,-16.670000,-43.820000,case-existing,case-existing
1494,MESQUI-MG500,-19.420000,-42.550000,case-existing,case-existing
1496,NEVES1-MG345,-19.820000,-44.100000,case-existing,case-existing
1497,NEVES1-MG500,-19.820000,-44.100000,case-existing,case-existing
1498,OPRET2-MG345,-20.300000,-43.760000,case-existing,case-existing
1499,OPRET2-MG500,-20.300000,-43.760000,case-existing,case-existing
1500,PIMENT-MG345,-20.470000,-45.790000,case-existing,case-existing
1502,SGOTA2-MG345,-19.340000,-46.010000,case-existing,case-existing
1503,SGOTA2-MG500,-19.340000,-46.010000,case-existing,case-existing
1504,SGPARA-MG500,-20.070000,-44.840000,case-existing,case-existing
1505,SLAGO4-MG345,-19.520000,-44.320000,case-existing,case-existing
1508,TAQUAR-MG345,-19.930000,-43.850000,case-existing,case-existing
1509,EMBORC-MG500,-18.460000,-47.990000,case-existing,case-existing
1510,IRAPE--MG345,-16.730000,-42.570000,case-existing,case-existing
1511,JAGUAR-MG345,-20.010000,-47.440000,case-existing,case-existing
1512,NPONTE-MG500,-19.130000,-47.700000,case-existing,case-existing
1514,SSIMAO-MG500,-19.020000,-50.490000,case-existing,case-existing
1515,TMARIA-MG345,-18.210000,-45.260000,case-existing,case-existing
1516,TMARIA-MG289,-18.210000,-45.260000,case-existing,case-existing
1517,VGRAND-MG345,-20.040000,-48.220000,case-existing,case-existing
1518,VESPA2-MG500,-19.740000,-43.910000,case-existing,case-existing
1519,VPALMA-MG345,-17.590000,-44.740000,case-existing,case-existing
1521,IRAPE--MG230,-16.730000,-42.570000,case-existing,case-existing
1522,ARACU2-MG230,-16.830000,-42.020000,case-existing,case-existing
1523,PARACA-MG500,-17.070000,-47.110000,case-existing,case-existing
1524,PIRAP2-MG345,-17.340000,-44.870000,case-existing,case-existing
1525,PIRAP2-MG500,-17.340000,-44.870000,case-existing,case-existing
1526,IGARA2-MG138,-20.040000,-44.310000,case-existing,case-existing
1527,IBIRI--MG138,-19.974000,-44.102000,interpolated,topology-interp
1540,NLIMA7-MG138,-19.980000,-43.950000,case-existing,case-existing
1545,ADELA1-MG138,-19.900000,-43.980000,case-existing,case-existing
1546,ATALAI-MG138,-19.940000,-44.020000,case-existing,case-existing
1547,BARRE1-MG138,-20.000000,-43.990000,case-existing,case-existing
1548,BETIM4-MG138,-19.960000,-44.080000,case-existing,case-existing
1549,BETIM5-MG138,-19.990000,-44.190000,case-existing,case-existing
1550,BETIM2-MG138,-19.960000,-44.140000,case-existing,case-existing
1551,BETIM3-MG138,-19.920000,-44.180000,case-existing,case-existing
1552,BONSUC-MG138,-19.980000,-43.980000,case-existing,case-existing
1553,BPRETO-MG138,-19.920000,-43.950000,case-existing,case-existing
1554,CENTR2-MG138,-19.930000,-43.930000,case-existing,case-existing
1555,CINCO--MG138,-19.930000,-44.070000,case-existing,case-existing
1556,CISLUZ-MG138,-19.830000,-43.860000,case-existing,case-existing
1557,COMINC-MG138,-19.540000,-44.080000,case-existing,case-existing
1558,CONTA3-MG138,-19.900000,-44.030000,case-existing,case-existing
1559,GUTIER-MG138,-19.940000,-43.960000,case-existing,case-existing
1560,HORTO--MG138,-19.900000,-43.920000,case-existing,case-existing
1561,JATOBA-MG138,-20.000000,-44.030000,case-existing,case-existing
1562,SLUZI4-MG138,-19.820000,-43.880000,case-existing,case-existing
1563,MARACA-MG138,-19.870000,-43.940000,case-existing,case-existing
1564,MATOZI-MG138,-19.560000,-44.110000,case-existing,case-existing
1565,MVELHO-MG138,-19.960000,-43.830000,case-existing,case-existing
1566,NEVES1-MG138,-19.820000,-44.100000,case-existing,case-existing
1567,NEVES2-MG138,-19.790000,-44.000000,case-existing,case-existing
1568,NEVES3-MG138,-19.830000,-44.040000,case-existing,case-existing
1569,NEVES4-MG138,-19.770000,-44.120000,case-existing,case-existing
1570,NGRANJ-MG138,-19.700000,-43.940000,case-existing,case-existing
1571,NLIMA1-MG138,-19.990000,-43.870000,case-existing,case-existing
1572,PAMPUL-MG138,-19.830000,-43.950000,case-existing,case-existing
1573,PARAOP-MG138,-19.290000,-44.390000,case-existing,case-existing
1574,PLEOP3-MG138,-19.600000,-44.050000,case-existing,case-existing
1575,BETRGP-MG138,-19.970000,-44.090000,case-existing,case-existing
1576,SABARA-MG138,-19.910000,-43.820000,case-existing,case-existing
1577,SEFIGE-MG138,-19.930000,-43.910000,case-existing,case-existing
1578,SION---MG138,-19.950000,-43.940000,case-existing,case-existing
1579,SLAGO1-MG138,-19.440000,-44.240000,case-existing,case-existing
1580,SLAGO2-MG138,-19.470000,-44.210000,case-existing,case-existing
1581,CNCSID-MG138,-19.510000,-44.270000,case-existing,case-existing
1582,SLAGO4-MG138,-19.520000,-44.320000,case-existing,case-existing
1583,SLUZI1-MG138,-19.760000,-43.840000,case-existing,case-existing
1584,SLUZI2-MG138,-19.780000,-43.920000,case-existing,case-existing
1585,SMARCO-MG138,-19.870000,-43.910000,case-existing,case-existing
1586,SVERDA-MG138,-19.780000,-43.950000,case-existing,case-existing
1587,TAQUAR-MG138,-19.930000,-43.850000,case-existing,case-existing
1588,UTIGAR-MG138,-19.970000,-44.280000,case-existing,case-existing
1589,VESPA2-MG138,-19.740000,-43.910000,case-existing,case-existing
1590,VESPA1-MG138,-19.690000,-43.950000,case-existing,case-existing
1591,BCOCA4-MG138,-19.910000,-43.460000,case-existing,case-existing
1592,ESMERA-MG138,-19.680000,-44.170000,case-existing,case-existing
1593,CALAFA-MG138,-19.930000,-43.970000,case-existing,case-existing
1594,CONTA7-MG138,-19.960000,-44.030000,case-existing,case-existing
1595,CONTA4-MG138,-19.920000,-44.120000,case-existing,case-existing
1596,RPEDRAPCH013,-20.210000,-43.730000,case-existing,case-existing
1597,PETI--PCH013,-19.890000,-43.370000,case-existing,case-existing
1598,SLAGO5-MG138,-19.480000,-44.190000,case-existing,case-existing
1599,NLIMA4-MG138,-20.160000,-43.950000,case-existing,case-existing
1600,BRAUN2-MG230,-19.110000,-42.730000,case-existing,case-existing
1607,SGOTA1-MG138,-19.320000,-46.060000,case-existing,case-existing
1609,JMONL4-MG230,-19.810000,-43.110000,case-existing,case-existing
1610,SABAR3-MG230,-19.870000,-43.740000,case-existing,case-existing
1611,ARACUA-MG138,-16.850000,-42.070000,case-existing,case-existing
1612,BCOCA3-MG230,-19.850000,-43.440000,case-existing,case-existing
1613,JMOBLG-MG230,-19.820000,-43.130000,case-existing,case-existing
1614,CAMPAN-MG138,-18.300000,-41.750000,case-existing,case-existing
1615,CARATI-MG138,-19.770000,-42.130000,case-existing,case-existing
1616,CPENA--MG230,-19.180000,-41.480000,case-existing,case-existing
1617,FINOCE-MG138,-18.550000,-41.910000,case-existing,case-existing
1618,GVALA2-MG138,-18.850000,-41.980000,case-existing,case-existing
1619,GVALA2-MG230,-18.850000,-41.980000,case-existing,case-existing
1620,ITABI4-MG230,-19.600000,-43.290000,case-existing,case-existing
1621,INHAP2-MG138,-19.570000,-42.120000,case-existing,case-existing
1622,IPATI1-MG138,-19.440000,-42.560000,case-existing,case-existing
1623,IPATI1-MG230,-19.440000,-42.560000,case-existing,case-existing
1624,NAQUE1-MG138,-19.210000,-42.350000,case-existing,case-existing
1626,ITABI2-MG230,-19.600000,-43.200000,case-existing,case-existing
1627,ITAOBI-MG138,-16.570000,-41.490000,case-existing,case-existing
1628,JEQUI1-MG138,-16.440000,-41.020000,case-existing,case-existing
1629,MANHAA-MG138,-20.240000,-42.030000,case-existing,case-existing
1630,MESQUI-MG230,-19.420000,-42.550000,case-existing,case-existing
1631,NERA2--MG230,-19.700000,-43.050000,case-existing,case-existing
1632,PECAN2-MG138,-18.550000,-42.570000,case-existing,case-existing
1633,PPARAI-MG138,-17.080000,-41.490000,case-existing,case-existing
1634,GVAL2--MG069,-18.850000,-41.980000,case-existing,case-existing
1635,TAQUAR-MG230,-19.930000,-43.850000,case-existing,case-existing
1636,TOTON1-MG138,-17.870000,-41.520000,case-existing,case-existing
1637,AIMORE-MG230,-19.500000,-41.020000,case-existing,case-existing
1638,GUI.AM-MG230,-19.680000,-42.920000,case-existing,case-existing
1640,PESTRE-MG230,-19.120000,-42.670000,case-existing,case-existing
1641,S.CLAR-MG138,-17.865000,-40.285000,interpolated,topology-interp
1644,USIMNA-MG230,-19.420000,-42.550000,interpolated,topology-interp
1645,BAGUAR-MG230,-19.010000,-42.120000,case-existing,case-existing
1646,TIMOTE-MG230,-19.540000,-42.640000,case-existing,case-existing
1647,ARACU2-MG138,-16.830000,-42.020000,case-existing,case-existing
1648,USIMNB-MG230,-19.420000,-42.550000,interpolated,topology-interp
1649,GUANH2-MG138,-18.800000,-42.960000,case-existing,case-existing
1650,JECEAB-MG345,-20.580000,-43.970000,case-existing,case-existing
1651,IPATI2-MG138,-19.480000,-42.550000,case-existing,case-existing
1652,SGRAND-MG161,-19.120000,-42.720000,case-existing,case-existing
1653,BRAUN1-MG138,-19.165556,-42.727778,interpolated,topology-interp
1654,BRAUN1-MG161,-19.116667,-42.723333,interpolated,topology-interp
1655,CARANGPCH013,-20.700000,-42.060000,case-existing,case-existing
1656,TRONQUPCH013,-18.720000,-42.260000,case-existing,case-existing
1657,FUNIL-PCH013,-19.090000,-42.850000,case-existing,case-existing
1659,IPATINPCH013,-19.520000,-42.770000,case-existing,case-existing
1661,CMINAS-MG138,-18.760000,-41.310000,case-existing,case-existing
1666,OPRET4-MG138,-20.400000,-43.520000,case-existing,case-existing
1667,BARBA2-MG138,-21.190000,-43.750000,case-existing,case-existing
1668,BARRO3-MG138,-21.160000,-43.970000,case-existing,case-existing
1669,CARAN2-MG138,-20.910000,-43.830000,case-existing,case-existing
1670,CONGON-MG138,-20.430000,-43.890000,case-existing,case-existing
1671,CPFLSJ-MG138,-21.180000,-44.270000,case-existing,case-existing
1672,ESMAN--MG138,-21.370000,-43.570000,case-existing,case-existing
1673,JFORA1-MG138,-21.710000,-43.400000,case-existing,case-existing
1674,JFORA7-MG138,-21.660000,-43.430000,case-existing,case-existing
1675,LAFAI1-MG138,-20.660000,-43.820000,case-existing,case-existing
1677,MARI-B-MG138,-20.210000,-43.500000,case-existing,case-existing
1678,MARIA2-MG138,-20.390000,-43.430000,case-existing,case-existing
1679,OPRET1-MG138,-20.400000,-43.510000,case-existing,case-existing
1680,OPRET2-MG138,-20.300000,-43.760000,case-existing,case-existing
1681,PNOVA1-MG138,-20.430000,-42.900000,case-existing,case-existing
1682,RACIM4-MG138,-20.115000,-43.805000,interpolated,topology-interp
1683,MARI-A-MG138,-19.960000,-43.830000,interpolated,topology-interp
1684,SDUMON-MG138,-21.440000,-43.550000,case-existing,case-existing
1685,SJDRE1-MG138,-21.140000,-44.250000,case-existing,case-existing
1686,CANDON-MG138,-20.326667,-42.770000,interpolated,topology-interp
1687,PIAU---MG138,-21.510000,-43.370000,case-existing,case-existing
1688,PICADA-MG138,-21.790000,-43.510000,interpolated,topology-interp
1689,SOBRAG-MG138,-21.980000,-43.350000,case-existing,case-existing
1690,VICOSA-MG138,-20.750000,-42.880000,case-existing,case-existing
1691,ALCAN-PCH013,-20.490000,-43.460000,case-existing,case-existing
1692,JFORA8-MG138,-21.770000,-43.400000,case-existing,case-existing
1693,JFORA2-MG138,-21.750000,-43.350000,case-existing,case-existing
1694,JFORA4-MG138,-21.780000,-43.340000,case-existing,case-existing
1695,SDUMO2-MG138,-21.470000,-43.530000,case-existing,case-existing
1696,PIAU--PCH013,-21.490000,-43.400000,case-existing,case-existing
1697,JFORA-PCH023,-21.850000,-43.890000,case-existing,case-existing
1699,ITABIR-MG138,-20.260000,-43.790000,case-existing,case-existing
1708,JANAU3-MG230,-15.920000,-43.330000,case-existing,case-existing
1710,JANAU3-MG138,-15.985882,-43.407647,interpolated,topology-interp
1712,ARAGU2-MG138,-18.650000,-48.210000,case-existing,case-existing
1713,ARAXA1-MG138,-19.610000,-46.940000,case-existing,case-existing
1714,ARAXA2-MG138,-19.726250,-47.052500,interpolated,topology-interp
1715,AVATIN-MG138,-18.770000,-49.070000,case-existing,case-existing
1716,CASSIA-MG138,-20.590000,-46.910000,case-existing,case-existing
1717,COROMA-MG138,-18.470000,-47.210000,case-existing,case-existing
1718,CPARA2-MG138,-18.980000,-46.310000,case-existing,case-existing
1719,FRUTA2-MG138,-20.060000,-48.940000,case-existing,case-existing
1720,IBIA2--MG138,-19.510000,-46.560000,case-existing,case-existing
1721,IRMINA-MG138,-18.990000,-47.480000,case-existing,case-existing
1722,JUMP-U-MG138,-19.326667,-48.116667,interpolated,topology-interp
1723,MCARME-MG138,-18.740000,-47.500000,case-existing,case-existing
1724,NPONTE-MG138,-19.140000,-47.690000,case-existing,case-existing
1725,PASSO1-MG138,-20.700000,-46.590000,case-existing,case-existing
1726,PATROC-MG138,-22.560000,-45.770000,case-existing,case-existing
1727,PRA-1-TAP138,-20.730000,-46.870000,case-existing,case-existing
1728,PTMIN1-MG138,-18.590000,-46.530000,case-existing,case-existing
1729,PTMIN2-MG138,-18.610000,-46.470000,case-existing,case-existing
1730,RPARAN-MG138,-19.370000,-46.260000,case-existing,case-existing
1731,SACRAM-MG138,-19.860000,-47.450000,case-existing,case-existing
1732,SSPARA-MG138,-20.910000,-46.980000,case-existing,case-existing
1733,UBERA1-MG138,-19.720000,-47.920000,case-existing,case-existing
1735,UBERA3-MG138,-19.740000,-47.980000,case-existing,case-existing
1736,UBERA4-MG138,-19.350000,-48.090000,case-existing,case-existing
1737,UBERA5-MG138,-19.980000,-47.890000,case-existing,case-existing
1738,UBERA6-MG138,-19.780000,-47.910000,case-existing,case-existing
1739,UBERL1-MG138,-18.910000,-48.340000,case-existing,case-existing
1740,UBERL6-MG138,-18.930000,-48.260000,case-existing,case-existing
1741,UBERL7-MG138,-18.910000,-48.220000,case-existing,case-existing
1742,UBTFFT-MG138,-19.630000,-46.980000,case-existing,case-existing
1743,CBRAN2-MG138,-18.710000,-48.232000,interpolated,topology-interp
1744,EMBORC-MG138,-18.460000,-47.990000,case-existing,case-existing
1745,IGARPV-MG138,-19.936667,-47.846667,interpolated,topology-interp
1746,JAGUAR-MG138,-20.020000,-47.440000,case-existing,case-existing
1747,MIRAND-MG138,-18.910000,-48.050000,case-existing,case-existing
1748,SGOTA2-MG138,-19.343333,-46.110000,interpolated,topology-interp
1749,CBRAN1-MG138,-18.625000,-48.070000,interpolated,topology-interp
1750,MARTINPCH013,-18.810000,-48.390000,case-existing,case-existing
1751,DELTA-UTE013,-19.940000,-47.810000,case-existing,case-existing
1752,CBMM---MG138,-19.670000,-46.910000,case-existing,case-existing
1760,ARCOS2-MG138,-20.310000,-45.580000,case-existing,case-existing
1770,ARCOS--MG138,-20.300000,-45.550000,case-existing,case-existing
1771,BDESP2-MG138,-19.750000,-45.250000,case-existing,case-existing
1772,DIVIN1-MG138,-20.150000,-44.880000,case-existing,case-existing
1773,DIVIN2-MG138,-20.120000,-44.930000,case-existing,case-existing
1774,DIVIWM-MG138,-20.130000,-44.840000,case-existing,case-existing
1775,IGUAT2-MG138,-20.190000,-45.710000,case-existing,case-existing
1776,ITAUN1-MG138,-20.050000,-44.570000,case-existing,case-existing
1777,MLEME--MG138,-20.010000,-44.430000,case-existing,case-existing
1778,NSERR1-MG138,-19.870000,-44.990000,case-existing,case-existing
1779,PAINS2-MG138,-20.360000,-45.660000,case-existing,case-existing
1780,PIMENT-MG138,-20.470000,-45.790000,case-existing,case-existing
1781,PINDAI-MG138,-20.270000,-45.210000,case-existing,case-existing
1782,PRMIN1-MG138,-19.860000,-44.620000,case-existing,case-existing
1783,SGPARA-MG138,-20.070000,-44.840000,case-existing,case-existing
1784,GAFANH-MG138,-20.100000,-44.850000,case-existing,case-existing
1785,CLAUD2-MG138,-20.430000,-44.780000,case-existing,case-existing
1786,GAFANHPCH013,-20.100000,-44.840000,case-existing,case-existing
1800,BOCAIU-MG138,-17.110000,-43.820000,case-existing,case-existing
1801,BRASI2-MG138,-17.070000,-46.040000,case-existing,case-existing
1802,BURITI-MG138,-17.397476,-45.178213,interpolated,topology-interp
1803,CORINT-MG138,-18.370000,-44.480000,case-existing,case-existing
1804,CURVE2-MG138,-18.740000,-44.400000,case-existing,case-existing
1805,DIAMAN-MG138,-18.230000,-43.620000,case-existing,case-existing
1806,FRNSA1-MG138,-16.350000,-43.670000,case-existing,case-existing
1807,GMOR---MG138,-17.640000,-47.040000,case-existing,case-existing
1808,ITACA2-MG138,-15.090000,-44.090000,case-existing,case-existing
1809,JANAUB-MG138,-15.820000,-43.300000,case-existing,case-existing
1810,JANUA3-MG138,-15.820000,-43.300000,case-existing,case-existing
1811,JANUA4-MG138,-15.910000,-43.340000,case-existing,case-existing
1812,JEQUIT-MG138,-17.240000,-44.450000,case-existing,case-existing
1813,JPINHE-MG138,-17.750000,-46.180000,case-existing,case-existing
1814,MANGA3-MG138,-15.350000,-43.690000,case-existing,case-existing
1815,MANGA5-MG138,-15.110000,-43.810000,case-existing,case-existing
1816,MANGA6-MG138,-15.110000,-43.970000,case-existing,case-existing
1817,MCLAR2-MG138,-16.670000,-43.820000,case-existing,case-existing
1818,MIRABE-MG138,-16.250000,-44.180000,case-existing,case-existing
1819,MOCAMB-MG138,-15.090000,-44.020000,case-existing,case-existing
1820,PARAC1-MG138,-17.220000,-46.860000,case-existing,case-existing
1821,PARAC5-MG138,-17.010000,-46.230000,case-existing,case-existing
1822,PIRAP1-MG138,-17.350000,-44.920000,case-existing,case-existing
1823,SALINA-MG138,-16.180000,-42.290000,case-existing,case-existing
1824,PIRAP2-MG138,-17.340000,-44.870000,case-existing,case-existing
1825,PIRAD1-MG138,-17.310000,-44.920000,case-existing,case-existing
1826,QUEIMA-MG138,-16.210000,-47.320000,case-existing,case-existing
1827,TMARIA-MG138,-18.210000,-45.260000,case-existing,case-existing
1828,UNAI2--MG138,-16.720000,-46.820000,case-existing,case-existing
1829,UNAI3--MG138,-16.400000,-46.890000,case-existing,case-existing
1830,VAZANT-MG138,-17.990000,-46.890000,case-existing,case-existing
1831,VPALM1-MG138,-17.590000,-44.740000,case-existing,case-existing
1833,PIRAD2-MG138,-17.340000,-44.870000,case-existing,case-existing
1834,MCLAR1-MG138,-16.720000,-43.880000,case-existing,case-existing
1838,UNAIBAPCH013,-16.190000,-47.030000,case-existing,case-existing
1839,JPINH3-MG138,-18.033529,-45.905898,interpolated,topology-interp
1840,WD.BIOUTE013,-18.220000,-45.990000,case-existing,case-existing
1851,SBERNAPCH013,-22.600000,-45.550000,case-existing,case-existing
1858,NRESEN-MG138,-21.170000,-46.460000,case-existing,case-existing
1860,ALFEN1-MG138,-21.450000,-45.950000,case-existing,case-existing
1861,ALFEN2-MG138,-21.400000,-45.980000,case-existing,case-existing
1862,ANDRA2-MG138,-22.080000,-46.580000,case-existing,case-existing
1863,BESPER-MG138,-21.120000,-45.570000,case-existing,case-existing
1864,BMATA--MG138,-22.280000,-46.160000,case-existing,case-existing
1865,BOTELH-MG138,-21.650000,-46.410000,case-existing,case-existing
1866,BRASOP-MG138,-22.470000,-45.610000,case-existing,case-existing
1868,CAMBUQ-MG138,-21.860000,-45.280000,case-existing,case-existing
1869,CAXAMB-MG138,-21.970000,-44.920000,case-existing,case-existing
1871,GUAXU2-MG138,-21.290000,-46.700000,case-existing,case-existing
1872,ITAJU1-MG138,-22.440000,-45.460000,case-existing,case-existing
1873,ITAJU3-MG138,-22.470000,-45.520000,case-existing,case-existing
1874,ITUTNA-MG138,-21.290000,-44.620000,case-existing,case-existing
1875,SGSAPU-MG138,-21.890000,-45.590000,case-existing,case-existing
1876,LAVRA2-MG138,-21.260000,-44.970000,case-existing,case-existing
1877,MACHA2-MG138,-21.700000,-45.910000,case-existing,case-existing
1878,MFE2---MG138,-22.320000,-45.360000,case-existing,case-existing
1879,MINDUR-MG138,-21.670000,-44.610000,case-existing,case-existing
1880,MUZAM2-MG138,-21.380000,-46.520000,case-existing,case-existing
1881,NEPOMU-MG138,-21.240000,-45.220000,case-existing,case-existing
1882,OFINO--MG138,-22.280000,-46.360000,case-existing,case-existing
1883,PALEG1-MG138,-22.220000,-45.930000,case-existing,case-existing
1884,PALEG2-MG138,-22.290000,-45.900000,case-existing,case-existing
1885,PARAGU-MG138,-21.560000,-45.730000,case-existing,case-existing
1886,PCALD1-MG138,-21.926000,-46.509333,interpolated,topology-interp
1887,PCALD2-MG138,-21.800000,-46.540000,case-existing,case-existing
1888,SLOURE-MG138,-22.100000,-45.050000,case-existing,case-existing
1889,SRCALD-MG138,-22.030000,-46.330000,case-existing,case-existing
1890,SRSAPU-MG138,-22.270000,-45.710000,case-existing,case-existing
1891,TCORA1-MG138,-21.710000,-45.250000,case-existing,case-existing
1892,TCORA2-MG138,-21.670000,-45.330000,case-existing,case-existing
1893,TPONTA-MG138,-21.380000,-45.510000,case-existing,case-existing
1894,FUNIL--MG138,-21.140000,-45.040000,case-existing,case-existing
1895,ITUTNB-MG138,-21.300000,-44.630000,case-existing,case-existing
1896,VARGI1-MG138,-21.540000,-45.430000,case-existing,case-existing
1897,VARGI2-MG138,-21.600000,-45.440000,case-existing,case-existing
1898,MSIAO--MG138,-22.430000,-46.560000,case-existing,case-existing
1899,PARAIS-MG138,-22.560000,-45.770000,case-existing,case-existing
1900,CAMARGUHE013,-21.330000,-44.620000,case-existing,case-existing
1921,JULIUS-RJ069,-22.290000,-42.510000,case-existing,case-existing
1922,TADEU.-RJ069,-22.270000,-42.570000,case-existing,case-existing
1923,SUMIDO-RJ069,-22.060000,-42.680000,case-existing,case-existing
1924,US.XAV-RJ069,-22.145000,-42.600000,interpolated,topology-interp
1926,C.PAUL-RJ069,-22.230000,-42.520000,case-existing,case-existing
1927,CONQUI-RJ138,-22.260000,-42.680000,case-existing,case-existing
1928,TADEO2-RJ069,-22.270000,-42.570000,case-existing,case-existing
1930,FRIBUR-RJ069,-22.292855,-42.573398,interpolated,topology-interp
1935,JULIUSPCH006,-22.330000,-42.520000,case-existing,case-existing
1941,ITAORN-RJ138,-23.000000,-44.450000,case-existing,case-existing
1943,A.REIS-RJ138,-23.000000,-44.300000,case-existing,case-existing
1945,JACUAC-RJ138,-22.990000,-44.240000,case-existing,case-existing
1947,MURIQU-RJ138,-22.940000,-44.010000,case-existing,case-existing
1950,UTEC---RJ069,-21.683112,-41.367262,interpolated,topology-interp
1951,CDISTR-RJ069,-21.770000,-41.330000,case-existing,case-existing
1952,MOMB01-RJ138,-21.911421,-41.748594,interpolated,topology-interp
1953,MOMBAC-RJ138,-21.730000,-41.360000,case-existing,case-existing
1954,MOMB02-RJ138,-21.911421,-41.748594,interpolated,topology-interp
1955,DCAMPO-RJ138,-21.770000,-41.330000,case-existing,case-existing
1958,IMBARI-RJ138,-22.640000,-43.290000,case-existing,case-existing
1960,CELIS1-RJ138,-22.700000,-43.280000,case-existing,case-existing
1961,CELIS2-RJ138,-22.700000,-43.280000,case-existing,case-existing
1962,PIRAPE-RJ069,-21.155000,-41.810000,interpolated,topology-interp
1963,PNGEL2-RJ138,-22.620000,-43.210000,case-existing,case-existing
1964,ITALVA-RJ069,-21.360000,-41.710000,case-existing,case-existing
1966,P.ANGE-RJ138,-22.620000,-43.210000,case-existing,case-existing
1967,ITALVA-RJ138,-21.503826,-41.559140,interpolated,topology-interp
1969,RIOPOL-RJ138,-22.720000,-43.240000,case-existing,case-existing
1970,CALHEI-RJ069,-21.095000,-41.800000,interpolated,topology-interp
1971,CALHEIPCH006,-20.990000,-41.710000,case-existing,case-existing
1972,ITAPER-RJ069,-21.200000,-41.890000,case-existing,case-existing
1973,CRUZAM-RJ069,-21.250000,-41.760000,case-existing,case-existing
1974,PIRAPEPCH013,-21.110000,-41.730000,case-existing,case-existing
1978,GRADIM-RJ069,-22.827875,-43.066750,interpolated,topology-interp
1979,R.LEAO-RJ138,-22.315615,-42.233331,interpolated,topology-interp
1980,TAPCED-RJ138,-22.620000,-42.270000,case-existing,case-existing
1981,TAPSJA-RJ138,-22.650000,-42.390000,case-existing,case-existing
1982,ENT.AR-RJ138,-22.850000,-42.320000,case-existing,case-existing
1983,ENT.AR-RJ069,-22.855556,-42.316667,interpolated,topology-interp
1984,SPALDE-RJ069,-22.820000,-42.110000,case-existing,case-existing
1985,PCARRO-RJ138,-22.850000,-42.050000,case-existing,case-existing
1986,PCARRO-RJ069,-22.850000,-42.050000,case-existing,case-existing
1987,TAMOI1-RJ069,-22.620000,-42.000000,case-existing,case-existing
1989,R.LEAO-RJ069,-22.420000,-42.010000,case-existing,case-existing
1990,IMBOAS-RJ138,-22.400000,-41.840000,case-existing,case-existing
1991,ALVOR2-RJ138,-21.980000,-42.290000,case-existing,case-existing
1992,VOTORA-RJ138,-21.920000,-42.260000,case-existing,case-existing
1993,GUARUS-RJ069,-21.710000,-41.280000,case-existing,case-existing
1994,ABADIA-RJ069,-21.640000,-41.140000,interpolated,topology-interp
1995,MACABU-RJ138,-22.092841,-42.137189,interpolated,topology-interp
1996,MACABU-RJ069,-22.230000,-42.100000,case-existing,case-existing
1997,PALMAS-RJ069,-21.990000,-42.290000,case-existing,case-existing
1998,FRIBUR-RJ138,-22.295710,-42.636797,interpolated,topology-interp
1999,STROSA-RJ069,-22.113333,-42.233333,interpolated,topology-interp
2000,TERESO-RJ138,-22.400000,-42.950000,case-existing,case-existing
2001,RCIDA1-RJ069,-22.430000,-43.170000,case-existing,case-existing
2002,SECCIO-RJ138,-22.578051,-42.184651,interpolated,topology-interp
2003,E.RDC--RJ138,-22.374314,-43.125393,interpolated,topology-interp
2004,E.RDC--RJ069,-22.334771,-43.148465,interpolated,topology-interp
2005,STACLA-RJ069,-21.520000,-41.080000,case-existing,case-existing
2006,VPEDR1TAP138,-22.760000,-42.903333,interpolated,topology-interp
2007,VPEDR2TAP138,-22.745447,-42.902374,interpolated,topology-interp
2008,VPEDRA-RJ138,-22.730000,-42.790000,case-existing,case-existing
2009,PONTIN-RJ069,-21.690000,-41.060000,case-existing,case-existing
2010,MAGE---RJ138,-22.616340,-42.867123,interpolated,topology-interp
2011,MAGE---RJ069,-22.600000,-43.030000,case-existing,case-existing
2012,QUALIM-RJ069,-22.770000,-42.980000,case-existing,case-existing
2013,IMUNAN-RJ069,-22.690000,-42.950000,case-existing,case-existing
2014,ITAMBI-RJ069,-22.682875,-43.026750,interpolated,topology-interp
2015,GARGAU-RJ069,-21.545000,-41.075000,interpolated,topology-interp
2016,P.ROSA-RJ138,-22.780000,-43.040000,case-existing,case-existing
2017,GARGAUEOL013,-21.570000,-41.070000,case-existing,case-existing
2018,GUAXIN-RJ138,-22.790000,-42.970000,case-existing,case-existing
2019,RCIDA2-RJ069,-22.430000,-43.170000,case-existing,case-existing
2020,ALCANT-RJ138,-22.810000,-43.000000,case-existing,case-existing
2021,ALCANT-RJ069,-22.765750,-43.023500,interpolated,topology-interp
2022,GBRANC-RJ138,-22.830000,-43.040000,case-existing,case-existing
2023,SPONTE-RJ138,-22.860000,-43.080000,case-existing,case-existing
2024,SLOURE-RJ069,-22.890000,-43.110000,case-existing,case-existing
2025,INGA1--RJ138,-22.900000,-43.120000,case-existing,case-existing
2026,Z.SUL--RJ138,-22.910000,-43.060000,case-existing,case-existing
2028,ARSEN1-RJ138,-22.860000,-43.000000,case-existing,case-existing
2029,ARSEN2-RJ138,-22.860000,-43.000000,case-existing,case-existing
2030,ITAMAR-RJ069,-22.490000,-43.150000,case-existing,case-existing
2031,ICARAI-RJ138,-22.910000,-43.100000,case-existing,case-existing
2032,SPONTE-RJ069,-22.827875,-43.066750,interpolated,topology-interp
2033,RESIND-RJ138,-22.490000,-44.450000,case-existing,case-existing
2035,MICHEL-RJ138,-22.480000,-44.540000,case-existing,case-existing
2036,NUCLEI-RJ138,-22.500000,-44.640000,case-existing,case-existing
2037,PIABAN-RJ069,-22.200000,-43.150000,case-existing,case-existing
2038,FAG----RJ069,-22.210000,-43.160000,case-existing,case-existing
2039,AREAL--RJ069,-22.230000,-43.090000,case-existing,case-existing
2041,I.SOLTUHE014,-20.380000,-51.370000,case-existing,case-existing
2042,JUPIA-UHE013,-20.780000,-51.630000,case-existing,case-existing
2043,JUPIA2UHE013,-20.780000,-51.630000,case-existing,case-existing
2044,T.IRMAUHE014,-20.670000,-51.300000,case-existing,case-existing
2045,P.PRIMUHE013,-22.480000,-52.960000,case-existing,case-existing
2046,JAGUAR-SP088,-23.197240,-45.994551,interpolated,topology-interp
2048,PARAIB-SP138,-23.396663,-45.605969,interpolated,topology-interp
2049,I.SOLTSIN013,-20.380000,-51.370000,interpolated,topology-interp
2056,JAGURBUHE013,-23.190000,-46.020000,case-existing,case-existing
2058,PARAIBUHE013,-23.410000,-45.600000,case-existing,case-existing
2070,CACODA-SP138,-21.582819,-46.673357,interpolated,topology-interp
2071,CBRANC-SP138,-21.770000,-47.070000,case-existing,case-existing
2072,MOCO1A-SP138,-21.480000,-47.010000,case-existing,case-existing
2073,SJRPAR-SP138,-21.620000,-46.900000,case-existing,case-existing
2074,P.PRIM-SP440,-22.490000,-52.960000,case-existing,case-existing
2075,ITA.2--SP138,-23.610000,-48.090000,case-existing,case-existing
2076,ITAP1A-SP088,-23.590000,-48.060000,case-existing,case-existing
2077,JAGUAR-SP138,-22.700000,-47.000000,case-existing,case-existing
2078,PEDREI-SP138,-22.740000,-46.900000,case-existing,case-existing
2081,C.AZUL-SP138,-23.590000,-48.150000,case-existing,case-existing
2082,CEARA--SP034,-22.700000,-47.000000,case-existing,case-existing
2083,MOTORO-SP034,-22.720000,-47.000000,case-existing,case-existing
2084,2MARIA-SP034,-22.660000,-47.050000,case-existing,case-existing
2085,JAGUA2-SP034,-22.707619,-47.008571,interpolated,topology-interp
2086,D#CEAR-SP034,-22.692857,-47.015714,interpolated,topology-interp
2087,JAGUA2-SP138,-22.710000,-47.010000,case-existing,case-existing
2088,D#2HOL-SP138,-22.644752,-46.935957,interpolated,topology-interp
2089,D#1HOL-SP138,-22.644752,-46.935957,interpolated,topology-interp
2090,HOLAMB-SP138,-22.643514,-46.936961,interpolated,topology-interp
2091,ALEMPA-MG138,-21.694031,-42.638665,interpolated,topology-interp
2092,LEOPOL-MG138,-21.561355,-42.666203,interpolated,topology-interp
2093,LEOPOL-MG069,-21.520000,-42.660000,case-existing,case-existing
2094,NUMAUR-MG138,-21.417031,-42.810313,interpolated,topology-interp
2095,NUMAUR-MG069,-21.490000,-42.840000,case-existing,case-existing
2096,CATAGU-MG138,-21.441053,-42.608947,interpolated,topology-interp
2097,CATAUA-MG069,-21.390000,-42.700000,case-existing,case-existing
2098,CATAUB-MG069,-21.390000,-42.680000,case-existing,case-existing
2099,LARANJ-MG069,-21.370000,-42.470000,case-existing,case-existing
2100,MURIAE-MG138,-21.226667,-42.383333,interpolated,topology-interp
2101,MURIA2-MG069,-21.120000,-42.340000,case-existing,case-existing
2102,MURIA1-MG069,-21.140000,-42.370000,case-existing,case-existing
2103,ASTODU-MG069,-21.310000,-42.870000,case-existing,case-existing
2104,UBA-2--MG138,-21.130000,-42.932500,interpolated,topology-interp
2105,UBA-2--MG069,-21.110000,-42.960000,case-existing,case-existing
2106,UBA-1--MG069,-21.110000,-42.940000,case-existing,case-existing
2107,VRBRAN-MG138,-21.110000,-42.840000,case-existing,case-existing
2108,VRBRA2-MG069,-21.110000,-42.840000,case-existing,case-existing
2109,VRBRA1-MG069,-21.020000,-42.840000,case-existing,case-existing
2110,COIMBR-MG069,-20.870000,-42.790000,case-existing,case-existing
2111,ITUEREPCH013,-21.300000,-43.200000,case-existing,case-existing
2112,TOCANT-MG138,-21.170000,-43.020000,case-existing,case-existing
2113,MANHAB-MG138,-20.240000,-42.025000,interpolated,topology-interp
2114,MANHUA-MG069,-20.240000,-42.020000,case-existing,case-existing
2115,REALEZ-MG069,-20.240000,-42.140000,case-existing,case-existing
2116,MATIPO-MG138,-20.286923,-42.353077,interpolated,topology-interp
2117,MATIPO-MG069,-20.300000,-42.330000,case-existing,case-existing
2119,GRANAD-MG138,-20.210769,-42.369231,interpolated,topology-interp
2120,ALEMPA-MG069,-21.870000,-42.670000,case-existing,case-existing
2121,PALEST-MG138,-21.340937,-42.959375,interpolated,topology-interp
2122,ERVALI-MG069,-20.920000,-42.660000,case-existing,case-existing
2123,B.BRAU-MG138,-21.463158,-42.426842,interpolated,topology-interp
2124,RIONOV-MG069,-21.460000,-43.120000,case-existing,case-existing
2125,NUMAURPCH006,-21.480000,-42.850000,case-existing,case-existing
2126,RODEI--MG069,-21.255000,-42.870000,interpolated,topology-interp
2127,RODEIR-MG069,-21.200000,-42.870000,case-existing,case-existing
2128,GUIRIC-MG069,-21.000000,-42.510000,case-existing,case-existing
2129,CATAGUPCH006,-21.170000,-42.590000,case-existing,case-existing
2130,SM.ANT-MG138,-20.710000,-41.710000,case-existing,case-existing
2131,MURIA2PCH006,-20.930000,-42.310000,case-existing,case-existing
2132,JFOR-A-MG138,-21.573846,-43.400000,interpolated,topology-interp
2133,MURIA1PCH006,-21.010000,-42.450000,case-existing,case-existing
2134,JFOR-B-MG138,-21.675000,-43.440000,interpolated,topology-interp
2135,GUARI-PCH013,-21.490000,-43.460000,case-existing,case-existing
2136,GUARI--MG138,-21.457692,-43.350000,interpolated,topology-interp
2137,UTE----MG138,-21.309231,-43.190000,interpolated,topology-interp
2138,TRIUNF-MG138,-21.291094,-42.890938,interpolated,topology-interp
2141,PONTE--MG138,-21.355469,-42.974688,interpolated,topology-interp
2142,ENCOBE-MG069,-21.100000,-42.340000,interpolated,topology-interp
2143,DIVINETAP069,-21.070000,-42.926667,interpolated,topology-interp
2144,DIVINE-MG069,-20.990000,-43.000000,case-existing,case-existing
2145,EMBOQU-MG138,-20.165385,-42.384615,interpolated,topology-interp
2147,P.FIAL-MG138,-20.350000,-42.360000,case-existing,case-existing
2148,SAMARC-MG138,-20.380000,-42.350000,case-existing,case-existing
2149,RCO----MG069,-21.540000,-42.460000,case-existing,case-existing
2151,MANHUAPCH006,-20.120000,-41.910000,case-existing,case-existing
2153,ZETUNI-MG138,-21.317344,-42.933438,interpolated,topology-interp
2154,P.FIAL-MG345,-20.350000,-42.360000,case-existing,case-existing
2155,MATIPOPCH006,-20.290000,-42.340000,case-existing,case-existing
2157,P.FIAD-MG138,-20.350000,-42.360000,case-existing,case-existing
2158,UBA3---MG138,-21.130000,-42.910000,case-existing,case-existing
2159,MANHU2-MG138,-20.270000,-42.070000,case-existing,case-existing
2161,GRANADPCH006,-20.180000,-42.370000,case-existing,case-existing
2163,PALESTPCH006,-21.350000,-42.970000,case-existing,case-existing
2164,ERVALIPCH006,-20.910000,-42.660000,case-existing,case-existing
2165,B.BRAUUHE013,-21.450000,-42.400000,case-existing,case-existing
2167,TRIUNFPCH006,-21.300000,-42.910000,case-existing,case-existing
2168,PONTE-PCH006,-21.370000,-42.990000,case-existing,case-existing
2169,ENCOBEPCH006,-21.080000,-42.340000,case-existing,case-existing
2170,EMBOQUPCH006,-20.120000,-42.400000,case-existing,case-existing
2173,ZETUNIPCH006,-21.320000,-42.950000,case-existing,case-existing
2174,VOTORA-MG138,-21.110000,-42.625000,interpolated,topology-interp
2191,OURIN1-SP088,-22.980000,-49.880000,case-existing,case-existing
2192,OURIN2-SP088,-23.000000,-49.850000,case-existing,case-existing
2193,AVARE2-SP138,-23.067143,-48.968571,interpolated,topology-interp
2194,B.CAMP-SP088,-23.020000,-49.470000,case-existing,case-existing
2195,ITAISC-SP138,-23.410000,-49.080000,case-existing,case-existing
2196,R.PARD-SP138,-22.988571,-48.984286,interpolated,topology-interp
2197,R.PAR-UTE013,-22.910000,-49.000000,case-existing,case-existing
2198,IPAUSSUTE013,-23.100000,-49.590000,case-existing,case-existing
2199,AVARE2-SP034,-23.130000,-49.040000,case-existing,case-existing
2200,P.BRAN-SP034,-22.963333,-49.166667,interpolated,topology-interp
2201,P.BRANPCH013,-22.870000,-49.220000,case-existing,case-existing
2202,TAGUA--SP069,-23.450000,-49.400000,case-existing,case-existing
2203,OURIN--SP088,-23.032857,-49.854286,interpolated,topology-interp
2204,ITA2A--SP069,-23.430667,-49.099666,interpolated,topology-interp
2206,CERBIN-SP069,-23.427601,-48.958700,interpolated,topology-interp
2207,HOLAM--SP069,-23.430000,-48.870000,case-existing,case-existing
2208,TIMBU--SP069,-23.210000,-49.610000,case-existing,case-existing
2209,SARUT--SP069,-23.270000,-49.470000,case-existing,case-existing
2210,RCLAR--SP069,-23.200000,-49.760000,case-existing,case-existing
2211,COLONI-SP138,-23.020000,-46.830000,case-existing,case-existing
2212,USELOY-SP138,-22.312000,-46.708000,interpolated,topology-interp
2213,CRUZEI-SP138,-23.000000,-46.850000,case-existing,case-existing
2214,USPINH-SP138,-22.364000,-46.696000,interpolated,topology-interp
2215,CPIC.F-SP138,-22.990000,-47.450000,case-existing,case-existing
2216,BOSCH--SP138,-22.900000,-47.120000,case-existing,case-existing
2217,CLV+ME-SP138,-23.000000,-47.150000,case-existing,case-existing
2218,QAMPAR-SP138,-22.720000,-46.780000,case-existing,case-existing
2219,AMPARO-SP138,-22.710000,-46.780000,case-existing,case-existing
2220,BANDEI-SP138,-22.950000,-47.120000,case-existing,case-existing
2221,BARBAR-SP138,-22.760000,-47.430000,case-existing,case-existing
2222,BOAVIS-SP138,-22.890000,-47.120000,case-existing,case-existing
2223,CJARDI-SP138,-22.920000,-47.100000,case-existing,case-existing
2224,CAPI1A-SP138,-22.990000,-47.500000,case-existing,case-existing
2225,CARIOB-SP138,-22.724919,-47.337100,interpolated,topology-interp
2226,CATERP-SP138,-22.720000,-47.590000,case-existing,case-existing
2227,CHAPAD-SP138,-22.890000,-47.100000,case-existing,case-existing
2228,AMSTED-SP138,-22.860000,-47.190000,case-existing,case-existing
2229,COSTAP-SP138,-22.650000,-47.690000,case-existing,case-existing
2230,PAINEI-SP138,-22.890000,-47.030000,case-existing,case-existing
2231,ESMERA-SP138,-22.760000,-47.380000,case-existing,case-existing
2232,PIRNOR-SP138,-22.690000,-47.650000,case-existing,case-existing
2233,VILLAR-SP138,-22.800000,-47.210000,case-existing,case-existing
2234,VICRAY-SP138,-22.700000,-47.350000,case-existing,case-existing
2235,GEVISA-SP138,-22.880000,-47.140000,case-existing,case-existing
2236,GOODYE-SP138,-22.700000,-47.310000,case-existing,case-existing
2237,IPE----SP138,-22.730000,-47.300000,case-existing,case-existing
2238,ITAPIR-SP138,-22.440000,-46.830000,case-existing,case-existing
2239,JARDIM-SP138,-22.740000,-47.350000,case-existing,case-existing
2240,MAZUL--SP138,-22.890000,-47.190000,case-existing,case-existing
2241,MTEMOR-SP138,-22.950000,-47.290000,case-existing,case-existing
2242,DIC----SP138,-22.990000,-47.120000,case-existing,case-existing
2243,N.APA2-SP138,-22.840000,-47.190000,case-existing,case-existing
2244,AMERCA-SP138,-22.760000,-47.320000,case-existing,case-existing
2245,NAZARE-SP138,-22.730000,-47.670000,case-existing,case-existing
2246,NOTRED-SP138,-22.890000,-47.000000,case-existing,case-existing
2247,OJIPAP-SP138,-22.700000,-47.600000,case-existing,case-existing
2248,PAULIN-SP138,-22.740000,-47.160000,case-existing,case-existing
2249,PINHAL-SP138,-22.190000,-46.770000,case-existing,case-existing
2250,PIRE-C-SP138,-22.950000,-47.150000,case-existing,case-existing
2251,PIRMIR-SP138,-22.760000,-47.640000,case-existing,case-existing
2252,POLYEN-SP138,-22.715067,-47.305017,interpolated,topology-interp
2253,QUILOM-SP138,-22.850000,-47.170000,case-existing,case-existing
2254,REPLAN-SP138,-22.730000,-47.130000,case-existing,case-existing
2255,RHODIA-SP138,-22.760000,-47.110000,case-existing,case-existing
2256,RIOPED-SP138,-22.850000,-47.590000,case-existing,case-existing
2257,SACI---SP138,-23.000000,-47.030000,case-existing,case-existing
2258,SALTIN-SP138,-22.830000,-47.670000,case-existing,case-existing
2259,SAOPED-SP138,-22.560000,-47.900000,case-existing,case-existing
2260,SUMAEA-SP138,-22.810000,-47.260000,case-existing,case-existing
2261,TANQUI-SP138,-22.821216,-47.037191,interpolated,topology-interp
2262,TAQURA-SP138,-22.860000,-47.050000,case-existing,case-existing
2263,SANTIS-SP138,-22.690000,-47.300000,case-existing,case-existing
2264,TOYOBO-SP138,-22.720000,-47.340000,case-existing,case-existing
2265,TREVO--SP138,-22.940000,-47.070000,case-existing,case-existing
2266,UNILES-SP138,-22.740000,-47.590000,case-existing,case-existing
2267,VALINH-SP138,-22.970000,-46.990000,case-existing,case-existing
2268,VIRACO-SP138,-22.980000,-47.100000,case-existing,case-existing
2269,WM-AME-SP138,-22.700000,-47.310000,case-existing,case-existing
2270,EATON--SP138,-23.000000,-47.040000,case-existing,case-existing
2271,MORUMB-SP138,-22.800000,-47.140000,case-existing,case-existing
2272,CORDBR-SP138,-22.810000,-47.190000,case-existing,case-existing
2273,UNILEV-SP138,-22.960000,-47.000000,case-existing,case-existing
2274,CILLOS-SP138,-22.760000,-47.340000,case-existing,case-existing
2275,HORTOL-SP138,-22.880000,-47.240000,case-existing,case-existing
2276,NVENEZ-SP138,-22.810000,-47.220000,case-existing,case-existing
2277,D#MDS2-SP138,-22.957588,-47.147875,interpolated,topology-interp
2278,JDMARA-SP138,-22.970000,-47.160000,case-existing,case-existing
2279,PRADOS-SP138,-22.440000,-46.800000,case-existing,case-existing
2280,AIRLQ1-SP138,-22.760000,-47.110000,case-existing,case-existing
2281,STATER-SP138,-22.680000,-47.670000,case-existing,case-existing
2282,CJBRAS-SP138,-22.700000,-47.750000,case-existing,case-existing
2283,ORION--SP138,-22.750000,-47.140000,case-existing,case-existing
2284,ARCMIT-SP138,-22.690000,-47.660000,case-existing,case-existing
2285,STACEC-SP138,-22.730000,-47.620000,case-existing,case-existing
2286,BEMAF--SP138,-22.880766,-47.199961,interpolated,topology-interp
2287,NEXANS-SP138,-22.700000,-47.310000,case-existing,case-existing
2288,BARREI-SP138,-22.500000,-46.620000,case-existing,case-existing
2289,ANDOR1-SP138,-22.920000,-47.030000,case-existing,case-existing
2290,ORQUID-SP138,-22.830000,-47.280000,case-existing,case-existing
2291,D#PPT2-SP138,-22.779850,-47.088288,interpolated,topology-interp
2292,LINDOI-SP138,-22.520000,-46.650000,case-existing,case-existing
2293,SNEGRA-SP138,-22.610000,-46.710000,case-existing,case-existing
2294,3PONTE-SP138,-22.690000,-46.720000,case-existing,case-existing
2295,PLASTI-SP138,-22.730000,-47.170000,case-existing,case-existing
2296,SOCORR-SP138,-22.570000,-46.530000,case-existing,case-existing
2297,EFAUST-SP138,-23.040000,-47.360000,case-existing,case-existing
2298,LEF-PI-SP138,-22.660000,-47.610000,case-existing,case-existing
2299,MEXICH-SP138,-22.820000,-47.240000,case-existing,case-existing
2300,LYCRA--SP138,-22.750000,-47.140000,case-existing,case-existing
2301,CANAT2-SP138,-22.770000,-47.370000,case-existing,case-existing
2302,MAG-MA-SP138,-22.880000,-47.200000,case-existing,case-existing
2303,D#GER1-SP138,-22.836474,-47.057017,interpolated,topology-interp
2304,SOUZAS-SP034,-22.877500,-46.930000,interpolated,topology-interp
2305,WM-PIR-SP138,-22.690000,-47.660000,case-existing,case-existing
2306,ROMI---SP138,-22.760000,-47.460000,case-existing,case-existing
2307,UNITIK-SP138,-22.759563,-47.266555,interpolated,topology-interp
2308,KSPIST-SP138,-22.760000,-47.250000,case-existing,case-existing
2309,WM-PAU-SP138,-22.730000,-47.130000,case-existing,case-existing
2310,INTPAP-SP138,-22.760000,-47.160000,case-existing,case-existing
2311,CANAT1-SP138,-22.760000,-47.390000,case-existing,case-existing
2312,DEDINI-SP138,-22.670000,-47.620000,case-existing,case-existing
2313,OBER---SP138,-22.780000,-47.320000,case-existing,case-existing
2314,VALIN2-SP138,-22.960000,-47.010000,case-existing,case-existing
2315,COSMOP-SP138,-22.650000,-47.190000,case-existing,case-existing
2316,STABAR-SP069,-22.740000,-47.410000,case-existing,case-existing
2317,PIRACI-SP069,-22.715000,-47.530000,interpolated,topology-interp
2318,SOUZAS-SP069,-22.880000,-46.970000,case-existing,case-existing
2319,TANQUI-SP069,-22.780000,-47.010000,case-existing,case-existing
2320,CARIOB-SP069,-22.732460,-47.373546,interpolated,topology-interp
2321,USAMER-SP138,-22.724172,-47.276238,interpolated,topology-interp
2322,PIRAC2-SP138,-22.720000,-47.650000,case-existing,case-existing
2323,CHARQU-SP138,-22.540000,-47.800000,case-existing,case-existing
2324,ITATIB-SP069,-23.000000,-46.840000,case-existing,case-existing
2325,SUMAR7-SP138,-22.820000,-47.190000,case-existing,case-existing
2326,UPAULV-SP138,-22.773358,-47.227809,interpolated,topology-interp
2327,CVERDE-SP138,-22.720000,-47.320000,case-existing,case-existing
2328,AVCPFL-SP138,-21.120000,-50.200000,case-existing,case-existing
2329,ARACAT-SP138,-21.216723,-50.471265,interpolated,topology-interp
2330,CONGON-SP138,-20.810000,-49.410000,case-existing,case-existing
2331,VALPAR-SP138,-21.210000,-50.870000,case-existing,case-existing
2332,GUARAN-SP138,-21.280000,-50.340000,case-existing,case-existing
2333,IPORA--SP138,-21.240000,-50.450000,case-existing,case-existing
2334,JDPAUL-SP138,-20.730000,-48.900000,case-existing,case-existing
2335,MIRASS-SP138,-20.810000,-49.520000,case-existing,case-existing
2336,AJINV1-SP138,-22.350000,-48.730000,case-existing,case-existing
2337,SJRPR--SP138,-20.800000,-49.350000,case-existing,case-existing
2338,PENA.P-SP138,-21.420000,-50.060000,case-existing,case-existing
2339,PENAPO-SP069,-21.302488,-50.062007,interpolated,topology-interp
2340,PRIMAV-SP138,-20.830000,-49.390000,case-existing,case-existing
2341,AUSTA--SP138,-20.830000,-49.360000,case-existing,case-existing
2342,UBARA--SP069,-21.024576,-49.771616,interpolated,topology-interp
2343,VILAVE-SP138,-20.990000,-49.260000,case-existing,case-existing
2344,AMERCB-SP138,-20.790000,-49.380000,case-existing,case-existing
2345,TECSTA-SP138,-22.780000,-47.320000,case-existing,case-existing
2346,D#LEF1-SP138,-22.670588,-47.594706,interpolated,topology-interp
2347,BIRIG3-SP138,-21.320000,-50.340000,case-existing,case-existing
2348,D#STE1-SP138,-22.665360,-47.640412,interpolated,topology-interp
2349,SJRNOR-SP138,-20.770000,-49.400000,case-existing,case-existing
2350,D#GDY1-SP138,-22.704933,-47.309138,interpolated,topology-interp
2351,D1#NOD-SP138,-22.775600,-47.327108,interpolated,topology-interp
2352,DURATA-SP138,-22.460000,-48.970000,case-existing,case-existing
2354,FAZ-VE-SP138,-22.800000,-47.320000,case-existing,case-existing
2355,PROMCP-SP138,-21.540000,-49.840000,case-existing,case-existing
2356,NESTLE-SP138,-21.240000,-50.450000,case-existing,case-existing
2357,AGUDOS-SP138,-22.460000,-48.970000,case-existing,case-existing
2358,AUXILI-SP138,-22.890000,-48.430000,case-existing,case-existing
2359,BAU.CP-SP138,-22.290000,-49.070000,case-existing,case-existing
2360,BOTUC--SP138,-22.890000,-48.460000,case-existing,case-existing
2361,DUARTI-SP138,-22.410000,-49.400000,case-existing,case-existing
2362,DURATB-SP138,-22.960000,-48.540000,case-existing,case-existing
2363,ESTORI-SP138,-22.350000,-49.070000,case-existing,case-existing
2364,HIPODR-SP138,-22.330000,-49.030000,case-existing,case-existing
2365,ITAMBE-SP138,-22.226364,-49.903455,interpolated,topology-interp
2366,LENCOI-SP138,-22.610000,-48.800000,case-existing,case-existing
2367,LINS---SP138,-21.690000,-49.760000,case-existing,case-existing
2368,MARILI-SP138,-22.210000,-49.960000,case-existing,case-existing
2369,POMPEI-SP138,-22.100000,-50.190000,case-existing,case-existing
2370,SAOMAN-SP138,-22.740000,-48.570000,case-existing,case-existing
2371,TBRANC-SP138,-22.360000,-49.110000,case-existing,case-existing
2372,VITORI-SP138,-22.220000,-49.670000,case-existing,case-existing
2373,OMI----SP138,-22.630000,-48.790000,case-existing,case-existing
2374,GAIVOT-SP138,-22.580000,-48.820000,case-existing,case-existing
2375,TARUMA-SP138,-22.160000,-49.970000,case-existing,case-existing
2376,TROPIC-SP138,-21.650000,-49.760000,case-existing,case-existing
2377,IACANG-SP138,-21.705053,-49.082128,interpolated,topology-interp
2378,EUCAT--SP138,-22.990000,-48.570000,case-existing,case-existing
2379,D#DUR1-SP138,-22.925000,-48.500000,interpolated,topology-interp
2380,PEDERN-SP138,-22.370000,-48.760000,case-existing,case-existing
2381,AJINP1-SP138,-22.350000,-48.730000,case-existing,case-existing
2382,BBONCE-SP069,-22.519125,-48.533421,interpolated,topology-interp
2383,B.BONI-SP138,-22.490000,-48.550000,case-existing,case-existing
2384,DCORRE-SP138,-22.380000,-48.390000,case-existing,case-existing
2385,JAU----SP138,-22.310000,-48.580000,case-existing,case-existing
2386,IGARAT-SP138,-23.040000,-47.360000,case-existing,case-existing
2387,IACANP-SP138,-21.705016,-49.082277,interpolated,topology-interp
2388,FJAUEN-SP138,-22.356116,-48.560847,interpolated,topology-interp
2389,UBARRA-SP138,-22.490931,-48.520518,interpolated,topology-interp
2390,ANTONI-SP138,-22.310000,-48.550000,case-existing,case-existing
2391,#1REPL-SP138,-22.748799,-47.135291,interpolated,topology-interp
2392,MIRAS2-SP138,-20.870000,-49.500000,case-existing,case-existing
2393,LWARCE-SP138,-22.565000,-48.815000,interpolated,topology-interp
2394,ITAPUI-SP069,-22.250000,-48.720000,case-existing,case-existing
2395,UPITAN-SP138,-21.002500,-48.236250,interpolated,topology-interp
2396,COROAD-SP069,-21.350000,-50.290000,case-existing,case-existing
2397,GLICER-SP069,-21.380000,-50.210000,case-existing,case-existing
2398,BAGUAC-SP069,-21.220000,-50.430000,case-existing,case-existing
2399,CAFELA-SP069,-21.810000,-49.600000,case-existing,case-existing
2400,D#HYUN-SP138,-22.681765,-47.574118,interpolated,topology-interp
2401,BAURU--SP069,-22.195000,-49.255000,interpolated,topology-interp
2402,GUARAN-SP069,-21.870000,-49.570000,case-existing,case-existing
2403,GETULI-SP069,-21.750000,-49.680000,interpolated,topology-interp
2404,LINS---SP069,-21.750000,-49.680000,interpolated,topology-interp
2405,PALVES-SP069,-22.100000,-49.440000,case-existing,case-existing
2406,PIRAJU-SP069,-21.990000,-49.450000,case-existing,case-existing
2407,D#GRP--SP069,-21.302091,-50.532657,interpolated,topology-interp
2408,SANTAN-SP138,-22.800000,-47.060000,case-existing,case-existing
2409,ARACAT-SP069,-21.246291,-50.477927,interpolated,topology-interp
2410,PIACAT-SP069,-21.590000,-50.590000,case-existing,case-existing
2411,BIRIGU-SP069,-21.310000,-50.340000,case-existing,case-existing
2412,BRAUNA-SP069,-21.490000,-50.310000,case-existing,case-existing
2413,BARBOS-SP069,-21.250000,-49.950000,case-existing,case-existing
2414,MIRASS-SP069,-20.747500,-49.530000,interpolated,topology-interp
2415,JBONIF-SP069,-21.060000,-49.680000,case-existing,case-existing
2416,MTEAPR-SP069,-20.780000,-49.710000,case-existing,case-existing
2417,NOVGRA-SP069,-20.530000,-49.320000,case-existing,case-existing
2418,PALEST-SP069,-20.390000,-49.430000,case-existing,case-existing
2419,ICEM---SP069,-20.330000,-49.190000,case-existing,case-existing
2420,ALTAIR-SP069,-20.520000,-49.060000,case-existing,case-existing
2421,JPAULI-SP069,-20.680000,-48.864545,interpolated,topology-interp
2422,GUARAR-SP069,-21.260000,-50.630000,case-existing,case-existing
2423,TANABI-SP069,-20.630000,-49.650000,case-existing,case-existing
2424,BARIIA-SP138,-22.080000,-48.730000,case-existing,case-existing
2425,JAU----SP069,-22.280000,-48.616667,interpolated,topology-interp
2426,BOCAIN-SP069,-22.140000,-48.530000,case-existing,case-existing
2427,JBS----SP138,-21.672000,-49.788000,interpolated,topology-interp
2428,TLENCO-SP069,-22.510000,-48.635000,interpolated,topology-interp
2429,MACATU-SP069,-22.500000,-48.710000,case-existing,case-existing
2430,IGTIET-SP069,-22.520000,-48.560000,case-existing,case-existing
2431,PEDERN-SP069,-22.370000,-48.760000,case-existing,case-existing
2432,CANAVI-SP069,-22.280000,-48.550000,case-existing,case-existing
2433,BEBED--SP138,-20.930000,-48.490000,case-existing,case-existing
2434,CITROB-SP138,-20.930702,-48.467757,interpolated,topology-interp
2435,CAICAR-SP138,-20.931404,-48.445514,interpolated,topology-interp
2436,D#NAZ2-SP138,-22.693165,-47.687595,interpolated,topology-interp
2437,BARRET-SP138,-20.520000,-48.600000,case-existing,case-existing
2438,COLOBA-SP138,-20.330000,-48.660000,case-existing,case-existing
2439,CUTR-C-SP138,-20.680000,-48.540000,case-existing,case-existing
2440,GAVEA--SP138,-20.320000,-48.300000,case-existing,case-existing
2441,MINERV-SP138,-20.550000,-48.560000,case-existing,case-existing
2442,VIRADO-SP138,-20.880000,-48.300000,case-existing,case-existing
2443,COLINA-SP138,-20.710000,-48.520000,case-existing,case-existing
2444,SJBAR2-SP138,-20.590000,-47.880000,case-existing,case-existing
2445,LOUSDR-SP138,-20.940000,-48.530000,case-existing,case-existing
2446,D1#JA4-SP138,-22.356116,-48.560848,interpolated,topology-interp
2447,MTAZUL-SP138,-20.910000,-48.640000,case-existing,case-existing
2448,HBAHUT-SP138,-21.280000,-48.500000,case-existing,case-existing
2449,PIRACI-SP138,-22.630000,-47.570000,case-existing,case-existing
2450,D#MDS1-SP138,-22.949179,-47.146185,interpolated,topology-interp
2451,CUTR-A-SP138,-21.800000,-48.170000,case-existing,case-existing
2452,CAMPIN-SP138,-22.770000,-47.000000,case-existing,case-existing
2453,AMBRAS-SP138,-21.750000,-48.120000,case-existing,case-existing
2454,ARARCP-SP138,-21.810000,-48.160000,case-existing,case-existing
2455,BVISTA-SP138,-22.030000,-47.910000,case-existing,case-existing
2456,KLABIN-SP138,-22.690000,-47.670000,case-existing,case-existing
2457,CITROM-SP138,-21.590000,-48.380000,case-existing,case-existing
2458,DESCAL-SP138,-21.920000,-47.620000,case-existing,case-existing
2459,DOBRAD-SP138,-21.520000,-48.390000,case-existing,case-existing
2460,GAVIAO-SP138,-21.793004,-48.477122,interpolated,topology-interp
2461,IBI-CP-SP138,-21.750000,-48.840000,case-existing,case-existing
2462,ITACOL-SP138,-21.270000,-48.500000,case-existing,case-existing
2463,JABOTI-SP138,-21.270000,-48.340000,case-existing,case-existing
2464,LARNJ1-SP138,-21.402852,-48.436088,interpolated,topology-interp
2465,PAIOL--SP138,-21.790000,-48.210000,case-existing,case-existing
2466,PROGRE-SP138,-21.620000,-48.360000,case-existing,case-existing
2467,RINCAO-SP138,-21.590000,-48.080000,case-existing,case-existing
2468,SCARLO-SP138,-22.030000,-47.870000,case-existing,case-existing
2469,TAIUVA-SP138,-21.130000,-48.460000,case-existing,case-existing
2470,UIRAPU-SP138,-21.760000,-48.160000,case-existing,case-existing
2471,PIRANG-SP138,-21.100000,-48.670000,case-existing,case-existing
2472,D#1YAJ-SP138,-22.350650,-48.726992,interpolated,topology-interp
2473,SMARTI-SP138,-21.285714,-48.144286,interpolated,topology-interp
2474,IBATE--SP138,-21.950000,-48.010000,case-existing,case-existing
2475,PARAIS-SP138,-21.990000,-47.900000,case-existing,case-existing
2476,RPRETS-SP138,-21.220000,-47.800000,case-existing,case-existing
2477,BETHAN-SP138,-22.010000,-47.930000,case-existing,case-existing
2478,VOLKSV-SP138,-22.070000,-47.870000,case-existing,case-existing
2479,CITBES-SP138,-21.960000,-48.610000,case-existing,case-existing
2480,ESPERA-SP138,-21.410000,-48.520000,case-existing,case-existing
2481,LNLS---SP138,-22.810000,-47.060000,case-existing,case-existing
2482,ITAPOL-SP138,-21.600000,-48.810000,case-existing,case-existing
2483,VROSAR-SP138,-20.655000,-47.945000,interpolated,topology-interp
2484,ATHENA-SP138,-21.240000,-48.310000,case-existing,case-existing
2485,JARDIN-SP138,-21.020000,-47.760000,case-existing,case-existing
2486,D2#NOD-SP138,-22.786106,-47.328655,interpolated,topology-interp
2487,BARRIN-SP138,-21.190000,-48.150000,case-existing,case-existing
2488,BATATA-SP138,-20.900000,-47.570000,case-existing,case-existing
2489,BRODOS-SP138,-21.000000,-47.660000,case-existing,case-existing
2490,CAJURU-SP138,-21.290000,-47.310000,case-existing,case-existing
2491,CRAVIN-SP138,-21.330000,-47.730000,case-existing,case-existing
2492,FRANCA-SP138,-20.520000,-47.380000,case-existing,case-existing
2493,DIAMAN-SP138,-20.550000,-47.370000,case-existing,case-existing
2494,HUMAIT-SP138,-21.140000,-48.010000,case-existing,case-existing
2495,IGUAPE-SP138,-21.290511,-47.935879,interpolated,topology-interp
2496,IPANEM-SP138,-21.110000,-47.790000,case-existing,case-existing
2497,IPIRAN-SP138,-21.160000,-47.840000,case-existing,case-existing
2498,IPUA---SP138,-20.450000,-48.010000,case-existing,case-existing
2499,ITAIPA-SP138,-21.420000,-47.330000,case-existing,case-existing
2500,LEAOXI-SP138,-21.190000,-47.780000,case-existing,case-existing
2501,PATROC-SP138,-20.630000,-47.290000,case-existing,case-existing
2502,PIONE1-SP138,-20.505755,-47.785660,interpolated,topology-interp
2503,PITANG-SP138,-21.000000,-48.210000,case-existing,case-existing
2504,PRADOP-SP138,-21.340000,-48.060000,case-existing,case-existing
2505,RESEND-SP138,-20.550000,-47.430000,case-existing,case-existing
2506,M.CIPO-SP138,-21.180000,-47.790000,case-existing,case-existing
2507,PET+LO-SP138,-21.140000,-47.880000,case-existing,case-existing
2508,SAOSIM-SP138,-21.480000,-47.550000,case-existing,case-existing
2509,VLALBE-SP138,-21.150000,-47.810000,case-existing,case-existing
2510,CATU---SP138,-20.298236,-47.897266,interpolated,topology-interp
2511,RIBNOR-SP138,-21.120000,-47.820000,case-existing,case-existing
2512,ISIDOR-SP138,-21.440000,-47.340000,case-existing,case-existing
2513,TLYLE--SP138,-21.440000,-47.350000,case-existing,case-existing
2514,NODESS-SP138,-22.770000,-47.280000,case-existing,case-existing
2515,SERTAO-SP138,-21.140000,-47.970000,case-existing,case-existing
2516,ANHANG-SP138,-20.700000,-47.890000,case-existing,case-existing
2517,MAGUDO-SP138,-20.720000,-48.050000,case-existing,case-existing
2518,PONTAL-SP138,-21.030000,-48.030000,case-existing,case-existing
2519,INTERP-SP138,-21.570000,-47.920000,case-existing,case-existing
2520,BGERAL-SP138,-22.830000,-47.070000,case-existing,case-existing
2521,LUPO---SP138,-21.790000,-48.220000,case-existing,case-existing
2522,A.MOG--SP138,-20.453427,-47.863274,interpolated,topology-interp
2523,EMBRAE-SP138,-21.760000,-48.400000,case-existing,case-existing
2524,IESA---SP138,-21.750000,-48.130000,case-existing,case-existing
2525,TECU1--SP138,-22.040000,-47.890000,case-existing,case-existing
2526,D#ALT1-SP069,-20.822105,-47.580526,interpolated,topology-interp
2527,D#SAD1-SP069,-21.185000,-48.681250,interpolated,topology-interp
2528,CHAOPR-SP069,-20.570000,-48.570000,case-existing,case-existing
2529,TECU2--SP138,-21.980000,-47.890000,case-existing,case-existing
2530,#1COSM-SP138,-22.709705,-47.214689,interpolated,topology-interp
2531,US.SJO-SP069,-20.565231,-47.751710,interpolated,topology-interp
2532,BONFPA-SP069,-21.270000,-47.820000,case-existing,case-existing
2533,CAJOBI-SP069,-20.880000,-48.820000,case-existing,case-existing
2534,BARRET-SP069,-20.590000,-48.678182,interpolated,topology-interp
2535,GAVIAO-SP069,-21.850000,-48.490000,case-existing,case-existing
2536,D#BURI-SP069,-20.270995,-47.637314,interpolated,topology-interp
2537,BESUL--SP069,-21.990000,-48.390000,case-existing,case-existing
2538,LARANJ-SP069,-21.480713,-48.479022,interpolated,topology-interp
2539,TAQUAR-SP069,-21.400000,-48.480000,case-existing,case-existing
2540,MTEALT-SP069,-21.270000,-48.510000,case-existing,case-existing
2541,JAU4---SP138,-22.310000,-48.580000,case-existing,case-existing
2542,PIRANG-SP069,-21.055000,-48.723750,interpolated,topology-interp
2543,FSALES-SP138,-22.100000,-48.240000,case-existing,case-existing
2544,STADEL-SP069,-21.230000,-48.810000,case-existing,case-existing
2545,BURITI-SP069,-20.245497,-47.643657,interpolated,topology-interp
2546,RPRETO-SP138,-21.200000,-47.810000,case-existing,case-existing
2547,ALTINO-SP069,-21.020000,-47.370000,case-existing,case-existing
2548,NUPORA-SP069,-20.720000,-47.750000,case-existing,case-existing
2549,CATU---SP069,-20.307487,-47.788285,interpolated,topology-interp
2550,CIPO---SP069,-21.219231,-47.760000,interpolated,topology-interp
2551,GUARA--SP069,-20.430000,-47.830000,case-existing,case-existing
2552,IGARAP-SP069,-20.040000,-47.760000,case-existing,case-existing
2553,ITUVER-SP069,-20.330000,-47.800000,case-existing,case-existing
2554,MIGUEL-SP138,-20.190000,-48.020000,case-existing,case-existing
2555,PEDREG-SP069,-20.260000,-47.480000,case-existing,case-existing
2556,PIONEI-SP069,-20.475694,-47.805130,interpolated,topology-interp
2557,SJBARR-SP069,-20.570000,-47.870000,case-existing,case-existing
2558,US.DOU-SP069,-20.640000,-47.670000,case-existing,case-existing
2559,MDESTE-SP138,-22.810000,-47.050000,case-existing,case-existing
2560,SERRAN-SP069,-21.210000,-47.600000,case-existing,case-existing
2561,EMBRAP-SP138,-23.920000,-46.310000,case-existing,case-existing
2562,TULTRA-SP138,-23.860000,-46.360000,case-existing,case-existing
2563,VRAMI3-SP088,-23.193170,-46.900971,interpolated,topology-interp
2564,VRAMI4-SP088,-23.195120,-46.905650,interpolated,topology-interp
2565,D#2VI2-SP138,-23.076667,-46.998014,interpolated,topology-interp
2566,D#1VI2-SP138,-23.075806,-46.993548,interpolated,topology-interp
2567,HOPYHA-SP138,-23.100000,-47.000000,case-existing,case-existing
2568,GLOBAP-SP138,-23.060000,-47.030000,case-existing,case-existing
2569,DURATJ-SP088,-23.203473,-46.832970,interpolated,topology-interp
2570,D#ALP2-SP088,-23.535581,-47.438140,interpolated,topology-interp
2571,VOTOR2-SP088,-23.550000,-47.430000,case-existing,case-existing
2572,ASCENT-SP088,-23.190000,-46.970000,case-existing,case-existing
2573,USIMIN-SP345,-23.860000,-46.420000,interpolated,topology-interp
2574,SABESP-SP138,-23.920000,-47.160000,case-existing,case-existing
2575,ITATIB-SP138,-22.960000,-46.910000,case-existing,case-existing
2581,VALEF3-SP138,-23.850000,-46.380000,case-existing,case-existing
2582,VCA-PI-SP138,-23.930000,-46.280000,case-existing,case-existing
2583,D#3ASC-SP088,-23.184939,-46.947864,interpolated,topology-interp
2584,D#4ASC-SP088,-23.185671,-46.949619,interpolated,topology-interp
2585,EST273-SP088,-23.869523,-46.430079,interpolated,topology-interp
2586,EST274-SP088,-23.870332,-46.429013,interpolated,topology-interp
2587,N.APA1-SP138,-22.828275,-47.214947,interpolated,topology-interp
2588,EST284-SP088,-23.866191,-46.423410,interpolated,topology-interp
2589,EST283-SP088,-23.866338,-46.426718,interpolated,topology-interp
2590,COPEBR-SP088,-23.840000,-46.390000,case-existing,case-existing
2591,CODESP-SP088,-23.950000,-46.310000,case-existing,case-existing
2592,SANTO8-SP088,-23.950000,-46.310000,case-existing,case-existing
2593,T#1SA8-SP088,-23.945000,-46.315000,interpolated,topology-interp
2594,T#2SA8-SP088,-23.960000,-46.305000,interpolated,topology-interp
2598,INDAI2-SP088,-23.120000,-47.250000,case-existing,case-existing
2599,D#B4SR-SP088,-23.484361,-47.155991,interpolated,topology-interp
2600,D#B3SR-SP088,-23.500415,-47.151383,interpolated,topology-interp
2601,BCA2SR-SP088,-23.492427,-47.153681,interpolated,topology-interp
2603,BOIT.Y-SP138,-23.267177,-47.766118,interpolated,topology-interp
2604,BOITUV-SP138,-23.270000,-47.680000,case-existing,case-existing
2606,ZANCHE-SP138,-23.300000,-47.760000,case-existing,case-existing
2608,CUMMIN-SP138,-23.087158,-46.852958,interpolated,topology-interp
2609,PROCTE-SP138,-23.100000,-46.960000,case-existing,case-existing
2610,S.BARBCER013,-22.730000,-47.420000,interpolated,topology-interp
2611,I.SOLT-SP440,-20.380000,-51.370000,case-existing,case-existing
2612,I.SOLT-SP138,-20.492387,-51.256266,interpolated,topology-interp
2613,JUPIA--SP440,-20.780000,-51.630000,case-existing,case-existing
2614,JUPI-A-SP138,-20.780000,-51.630000,case-existing,case-existing
2615,TIRMAO-SP440,-20.670000,-51.300000,case-existing,case-existing
2616,T.IRMA-SP138,-20.670000,-51.300000,case-existing,case-existing
2617,AVERME-SP500,-19.860000,-50.350000,case-existing,case-existing
2618,AVERML-SP440,-19.860000,-50.350000,case-existing,case-existing
2619,AVERML-SP138,-19.860000,-50.350000,case-existing,case-existing
2620,TAQUAR-SP440,-22.540000,-52.000000,case-existing,case-existing
2621,TAQURB-SP138,-22.540000,-52.000000,case-existing,case-existing
2622,CAPIVA-SP440,-22.660000,-51.360000,case-existing,case-existing
2623,CAPI1B-SP138,-22.660000,-51.360000,case-existing,case-existing
2624,ASSIS--SP440,-22.670000,-50.350000,case-existing,case-existing
2625,ASSIS--SP230,-22.670000,-50.350000,case-existing,case-existing
2626,ASSIS2-SP230,-22.873333,-50.646667,interpolated,topology-interp
2627,ASSIS--SP088,-22.713806,-50.397947,interpolated,topology-interp
2628,BAURU--SP440,-22.280000,-49.100000,case-existing,case-existing
2629,BAURU--SP138,-22.280000,-49.100000,case-existing,case-existing
2630,ARARAQ-SP440,-21.780000,-48.260000,case-existing,case-existing
2631,ARARAQ-SP138,-21.780000,-48.260000,case-existing,case-existing
2632,R.PRET-SP440,-21.200000,-47.690000,case-existing,case-existing
2633,R.PRET-SP138,-21.200000,-47.690000,case-existing,case-existing
2634,S.BARB-SP440,-22.730000,-47.420000,case-existing,case-existing
2635,S.BARB-SP138,-22.730000,-47.420000,case-existing,case-existing
2636,SUMARE-SP440,-22.870000,-47.290000,case-existing,case-existing
2637,SUMAEB-SP138,-22.870000,-47.290000,case-existing,case-existing
2638,BJARDI-SP440,-23.150000,-46.990000,case-existing,case-existing
2639,B.JARD-SP138,-23.150000,-46.990000,case-existing,case-existing
2641,OESTE--SP440,-23.450000,-47.410000,case-existing,case-existing
2642,OESTE--SP088,-23.450000,-47.410000,case-existing,case-existing
2643,EMBU---SP440,-23.840000,-46.800000,case-existing,case-existing
2644,EMBU--SIN013,-23.840000,-46.800000,interpolated,topology-interp
2645,EMBU---SP345,-23.840000,-46.800000,case-existing,case-existing
2646,EMBU---SP138,-23.840000,-46.800000,case-existing,case-existing
2647,CABREU-SP440,-23.280000,-47.120000,case-existing,case-existing
2648,CABRE2-SP440,-23.280000,-47.120000,case-existing,case-existing
2649,CABREU-SP230,-23.280000,-47.120000,case-existing,case-existing
2650,CABRE1-SP138,-23.280000,-47.120000,case-existing,case-existing
2651,SANGEL-SP440,-23.590000,-46.250000,case-existing,case-existing
2652,SANGELSIN013,-23.590000,-46.250000,interpolated,topology-interp
2653,S.ANGE-SP345,-23.590000,-46.250000,case-existing,case-existing
2654,SANGEL-SP138,-23.590000,-46.250000,case-existing,case-existing
2655,TAUBAT-SP500,-23.060000,-45.590000,case-existing,case-existing
2656,TAUBAT-SP440,-23.060000,-45.590000,case-existing,case-existing
2657,TAUBAT-SP230,-23.060000,-45.590000,case-existing,case-existing
2658,TAUBAT-SP138,-23.060000,-45.590000,case-existing,case-existing
2659,M.MIR3-SP440,-22.420000,-47.070000,case-existing,case-existing
2660,M.MIR3-SP138,-22.420000,-47.070000,case-existing,case-existing
2661,M.MIR2-SP138,-22.454027,-46.967316,interpolated,topology-interp
2662,TAUBA2-SP500,-22.546667,-45.826667,interpolated,topology-interp
2663,P.PRIM-SP138,-22.545000,-52.915000,interpolated,topology-interp
2664,DJAND1-SP440,-23.500000,-46.995000,interpolated,topology-interp
2665,DJAND2-SP440,-23.700000,-46.855000,interpolated,topology-interp
2666,JANDIR-SP440,-23.560000,-46.910000,case-existing,case-existing
2667,JANDIR-SP088,-23.560000,-46.910000,case-existing,case-existing
2669,PIRACI-SP440,-22.630000,-47.570000,case-existing,case-existing
2670,MIRAS2-SP440,-20.870000,-49.500000,case-existing,case-existing
2672,CBA-TP-SP440,-23.540000,-47.300000,case-existing,case-existing
2673,ARARAS-SP440,-22.400000,-47.460000,case-existing,case-existing
2674,ARARAS-SP138,-22.400000,-47.460000,case-existing,case-existing
2675,GETULI-SP440,-21.860000,-49.840000,case-existing,case-existing
2676,GETULI-SP138,-21.860000,-49.840000,case-existing,case-existing
2677,ATIBA2-SP345,-23.050000,-46.560000,case-existing,case-existing
2678,ATIBA2-SP138,-23.050000,-46.560000,case-existing,case-existing
2680,SOLVAY-SP440,-23.770000,-46.370000,case-existing,case-existing
2681,SALTO--SP440,-23.180000,-47.240000,case-existing,case-existing
2682,IPAUSS-SP088,-23.092890,-49.557860,interpolated,topology-interp
2683,MRONDO-MS440,-20.800000,-51.640000,case-existing,case-existing
2684,MRONDO-MS138,-20.800000,-51.640000,case-existing,case-existing
2700,JALES--SP138,-20.235091,-50.568847,interpolated,topology-interp
2701,VOTUP2-SP138,-20.400424,-50.041725,interpolated,topology-interp
2702,CARDOS-SP138,-20.114826,-50.021083,interpolated,topology-interp
2703,SJRPRE-SP138,-20.863068,-49.462510,interpolated,topology-interp
2704,CATAN2-SP138,-21.227838,-49.296297,interpolated,topology-interp
2705,PROMIS-SP138,-21.353824,-49.799880,interpolated,topology-interp
2706,AVANHA-SP138,-21.135597,-50.054633,interpolated,topology-interp
2707,IBITIN-SP138,-21.726455,-48.995673,interpolated,topology-interp
2708,VPARAI-SP138,-21.283581,-50.680000,interpolated,topology-interp
2709,PENAPO-SP138,-21.277525,-50.025985,interpolated,topology-interp
2710,STA-FE-SP138,-20.235074,-50.568831,interpolated,topology-interp
2711,UBARAN-SP138,-21.171700,-49.688897,interpolated,topology-interp
2716,TLAGOP-MS138,-20.741453,-51.629520,interpolated,topology-interp
2720,GV-----SP230,-22.920000,-45.410000,case-existing,case-existing
2732,BAGUAC-SP138,-21.163785,-50.266130,interpolated,topology-interp
2733,BAGUAC-SP440,-21.150000,-50.280000,case-existing,case-existing
2744,ROS1TD-SP138,-22.600000,-52.880000,interpolated,topology-interp
2745,ROS2TD-SP138,-22.600000,-52.880000,interpolated,topology-interp
2746,ROSANA-SP230,-22.600000,-52.880000,case-existing,case-existing
2747,BASTOY-SP138,-21.733536,-50.459954,interpolated,topology-interp
2748,FLORID-SP069,-21.623056,-50.902735,interpolated,topology-interp
2749,ENEI.Y-SP138,-21.886301,-51.281363,interpolated,topology-interp
2750,F.PAUL-SP138,-21.644397,-50.880280,interpolated,topology-interp
2751,DRACE1-SP138,-21.534916,-51.504758,interpolated,topology-interp
2752,PPRUDE-SP138,-22.256028,-51.467750,interpolated,topology-interp
2754,ROSAN2-SP138,-22.600000,-52.880000,case-existing,case-existing
2755,MIRANT-SP138,-22.271082,-52.117096,interpolated,topology-interp
2756,PIRAJ--SP230,-23.150000,-49.380000,case-existing,case-existing
2757,APAULI-SP138,-21.640000,-51.160000,case-existing,case-existing
2758,APAULI-SP440,-21.640000,-51.160000,case-existing,case-existing
2761,PARAG2-SP230,-22.440000,-50.590000,case-existing,case-existing
2762,PARAG2-SP088,-22.440000,-50.590000,case-existing,case-existing
2765,PPRUDE-SP088,-22.276626,-51.195630,interpolated,topology-interp
2766,RANCH.-SP088,-22.313195,-50.946088,interpolated,topology-interp
2769,PALMIT-SP088,-22.875554,-50.140123,interpolated,topology-interp
2770,ANDIR2-PR230,-23.080000,-50.190000,case-existing,case-existing
2771,SGRAND-SP230,-22.910000,-50.000000,case-existing,case-existing
2772,SALTOG-SP088,-22.910000,-50.000000,case-existing,case-existing
2773,CHAVAN-SP230,-23.130000,-49.730000,case-existing,case-existing
2774,CHAVAN-SP088,-23.130000,-49.730000,case-existing,case-existing
2775,JURUMI-SP230,-23.210000,-49.230000,case-existing,case-existing
2776,JURUMI-SP138,-23.210000,-49.230000,case-existing,case-existing
2777,BOTUCA-SP230,-22.950000,-48.440000,case-existing,case-existing
2778,BOTUCA-SP138,-22.950000,-48.440000,case-existing,case-existing
2779,BOTUCA-SP088,-23.030684,-48.585067,interpolated,topology-interp
2780,TIET-A-SP138,-23.087653,-47.851036,interpolated,topology-interp
2781,ITAPE2-SP138,-23.625159,-48.143153,interpolated,topology-interp
2782,ITAP-2-SP088,-23.518389,-48.021053,interpolated,topology-interp
2784,CERQUI-SP088,-23.158137,-48.002013,interpolated,topology-interp
2786,AVARE--SP230,-23.060000,-48.930000,case-existing,case-existing
2787,DURATE-SP138,-23.714329,-48.180900,interpolated,topology-interp
2791,DECASA-SP088,-22.801737,-50.178108,interpolated,topology-interp
2800,ITARAR-SP138,-24.100000,-49.310000,case-existing,case-existing
2801,ITAPEV-SP138,-24.030000,-48.843333,interpolated,topology-interp
2802,CBONIT-SP230,-23.990000,-48.340000,case-existing,case-existing
2803,CBONI1-SP138,-23.990000,-48.340000,case-existing,case-existing
2804,REGIST-SP138,-24.454659,-47.865635,interpolated,topology-interp
2805,PERUB1-SP138,-24.262392,-47.091337,interpolated,topology-interp
2806,MONGA1-SP138,-24.032229,-46.692525,interpolated,topology-interp
2808,PAREHA-SP138,-23.912067,-46.743576,interpolated,topology-interp
2809,V.CARV-SP138,-23.908650,-46.249399,interpolated,topology-interp
2810,BERT.2-SP138,-23.804592,-46.127119,interpolated,topology-interp
2811,SSEBAT-SP138,-23.768479,-45.522169,interpolated,topology-interp
2812,CARAGT-SP138,-23.583124,-45.426665,interpolated,topology-interp
2814,MAIRP1-SP138,-23.294477,-46.685492,interpolated,topology-interp
2815,MAIRIP-SP088,-23.314802,-46.495291,interpolated,topology-interp
2817,MNOBRE-SP088,-24.000000,-46.520000,case-existing,case-existing
2818,MNOBRE-SP138,-24.000000,-46.520000,case-existing,case-existing
2819,MNOBRE-SP230,-24.000000,-46.520000,case-existing,case-existing
2820,REPLAN-SP440,-22.740000,-47.110000,case-existing,case-existing
2837,JAU2-Y-SP138,-22.385218,-48.573955,interpolated,topology-interp
2838,JAU1-Y-SP138,-22.385218,-48.573955,interpolated,topology-interp
2840,A.AZUL-SP138,-23.380000,-46.400000,case-existing,case-existing
2841,BIRITI-SP138,-23.634276,-46.033204,interpolated,topology-interp
2850,TREMEM-SP138,-22.900000,-45.610000,interpolated,topology-interp
2852,LARNJF-SP138,-23.070000,-47.860000,interpolated,topology-interp
2853,P.BARR-SP138,-20.546095,-51.093391,interpolated,topology-interp
2854,RPAR2B-SP138,-23.682826,-45.782945,interpolated,topology-interp
2856,VPARAI-SP088,-22.870000,-45.260000,interpolated,topology-interp
2868,BARI-Y-SP138,-22.022964,-48.810961,interpolated,topology-interp
2869,BARI-B-SP138,-22.136633,-48.847863,interpolated,topology-interp
2870,BARIIB-SP138,-22.264276,-48.686436,interpolated,topology-interp
2871,BBONIT-SP138,-22.518256,-48.506836,interpolated,topology-interp
2872,RCLAR1-SP138,-22.427823,-47.528343,interpolated,topology-interp
2873,S.CARL-SP138,-22.071200,-47.963299,interpolated,topology-interp
2874,P.FERR-SP138,-21.825607,-47.513075,interpolated,topology-interp
2875,LIMOEI-SP138,-21.691587,-47.020025,interpolated,topology-interp
2876,ECUNHA-SP138,-21.651010,-46.926925,interpolated,topology-interp
2877,CACODB-SP138,-21.608457,-46.780070,interpolated,topology-interp
2878,SJBVI2-SP138,-22.102639,-46.862312,interpolated,topology-interp
2879,MGUAC1-SP138,-22.379368,-46.977309,interpolated,topology-interp
2881,LIMEI1-SP138,-22.502211,-47.365991,interpolated,topology-interp
2882,BRAGA1-SP138,-22.962724,-46.709101,interpolated,topology-interp
2884,SAPOS--SP138,-22.623863,-46.916025,interpolated,topology-interp
2885,D#2MM3-SP138,-22.653090,-46.963501,interpolated,topology-interp
2886,D#1MM3-SP138,-22.653090,-46.963501,interpolated,topology-interp
2900,ANHANG-SP345,-23.490000,-46.770000,case-existing,case-existing
2901,ANHANG-SP230,-23.490000,-46.770000,case-existing,case-existing
2902,NORTE2-SP088,-23.480000,-46.560000,case-existing,case-existing
2903,ANHAGA-SP088,-23.490000,-46.770000,case-existing,case-existing
2904,NORTE--SP345,-23.480000,-46.560000,case-existing,case-existing
2905,NORT-A-SP088,-23.480000,-46.560000,case-existing,case-existing
2906,MREALE-SP345,-23.560000,-46.630000,case-existing,case-existing
2907,MREAEA-SP088,-23.560000,-46.630000,case-existing,case-existing
2908,MREADA-SP020,-23.560000,-46.630000,case-existing,case-existing
2909,DNORD1-SP345,-23.445000,-46.485000,interpolated,topology-interp
2910,DNORD2-SP345,-23.475000,-46.275000,interpolated,topology-interp
2911,NORDES-SP345,-23.450000,-46.380000,case-existing,case-existing
2912,NORDSA-SP088,-23.450000,-46.380000,case-existing,case-existing
2913,ITAPET-SP345,-23.550000,-46.180000,case-existing,case-existing
2914,ITAPTB-SP088,-23.550000,-46.180000,case-existing,case-existing
2915,LESTE--SP345,-23.600000,-46.470000,case-existing,case-existing
2916,LEST-A-SP088,-23.600000,-46.470000,case-existing,case-existing
2917,RREBER-SP345,-23.580000,-46.520000,case-existing,case-existing
2918,RREBER-SP088,-23.580000,-46.520000,case-existing,case-existing
2919,BAIXAD-SP345,-23.860000,-46.420000,case-existing,case-existing
2920,BAIXAD-SP230,-23.860000,-46.420000,case-existing,case-existing
2921,BAIX.C-SP138,-23.860000,-46.420000,case-existing,case-existing
2922,BAIXAD-SP088,-23.860000,-46.420000,case-existing,case-existing
2923,DRANGO-SP345,-23.940000,-46.260000,case-existing,case-existing
2924,DRANGO-SP138,-23.940000,-46.260000,case-existing,case-existing
2926,SUL----SP345,-23.700000,-46.520000,case-existing,case-existing
2927,SUL-I--SP088,-23.700000,-46.520000,case-existing,case-existing
2929,INTERL-SP345,-23.710000,-46.680000,case-existing,case-existing
2930,INTERL-SP230,-23.710000,-46.680000,case-existing,case-existing
2932,CENTRO-SP345,-23.546667,-46.643333,interpolated,topology-interp
2933,XAVANT-SP345,-23.660000,-46.720000,case-existing,case-existing
2934,BANDEI-SP345,-23.600000,-46.690000,case-existing,case-existing
2935,BAND8A-SP088,-23.600000,-46.690000,case-existing,case-existing
2936,BANDDA-SP034,-23.600000,-46.690000,case-existing,case-existing
2937,MFORNA-SP345,-23.530000,-46.750000,case-existing,case-existing
2938,MFORAA-SP088,-23.530000,-46.750000,case-existing,case-existing
2939,E.SOUZ-SP230,-23.450000,-46.910000,case-existing,case-existing
2940,E.SOUZ-SP088,-23.450000,-46.910000,case-existing,case-existing
2944,CENT8A-SP088,-23.540000,-46.650000,case-existing,case-existing
2945,CENTDA-SP020,-23.540000,-46.650000,case-existing,case-existing
2946,PIRITU-SP230,-23.500000,-46.710000,case-existing,case-existing
2947,PIRIUA-SP088,-23.500000,-46.710000,case-existing,case-existing
2948,PIRATI-SP230,-23.700000,-46.680000,case-existing,case-existing
2949,PIRATI-SP088,-23.700000,-46.680000,case-existing,case-existing
2950,PIRA2A-SP088,-23.710000,-46.680000,case-existing,case-existing
2952,MOGI-C-SP230,-23.550000,-46.180000,case-existing,case-existing
2953,MOGI-8-SP088,-23.550000,-46.180000,case-existing,case-existing
2954,S.JOSE-SP230,-23.200000,-45.890000,case-existing,case-existing
2955,S.JOSE-SP088,-23.200000,-45.890000,case-existing,case-existing
2956,LORENA-SP230,-22.770000,-45.090000,case-existing,case-existing
2957,APAREC-SP230,-22.870000,-45.260000,case-existing,case-existing
2958,APAREC-SP088,-22.870000,-45.260000,case-existing,case-existing
2959,STACAB-SP230,-22.660000,-44.930000,case-existing,case-existing
2960,STACAB-SP088,-22.660000,-44.930000,case-existing,case-existing
2961,LAVRIN-SP088,-22.600000,-44.876000,interpolated,topology-interp
2962,QUELUZ-SP088,-22.570000,-44.838000,interpolated,topology-interp
2963,LAVRINPCH006,-22.570000,-44.860000,case-existing,case-existing
2964,QUELUZPCH006,-22.540000,-44.800000,case-existing,case-existing
2966,CARBOC-SP230,-23.870000,-46.410000,case-existing,case-existing
2967,ITAPET-SP230,-23.550000,-46.180000,case-existing,case-existing
2970,CCBS---SP230,-23.870000,-46.430000,case-existing,case-existing
2971,PIRAT2-SP345,-23.710000,-46.680000,case-existing,case-existing
2974,BAURU-CER013,-22.280000,-49.100000,interpolated,topology-interp
3010,INTLIG-SP230,-22.675000,-44.395000,interpolated,topology-interp
3011,JURUMIUHE013,-23.210000,-49.230000,case-existing,case-existing
3012,CHAVANUHE013,-23.130000,-49.730000,case-existing,case-existing
3013,SGRANDUHE013,-22.900000,-50.000000,case-existing,case-existing
3014,CANOII-SP088,-22.903111,-50.129869,interpolated,topology-interp
3015,CANOAI-SP088,-22.877438,-50.412961,interpolated,topology-interp
3016,CAPIVAUHE014,-22.650000,-51.360000,case-existing,case-existing
3017,TAQUARUHE013,-22.540000,-52.000000,case-existing,case-existing
3019,ROSANAUHE013,-22.600000,-52.870000,case-existing,case-existing
3020,CANOA2UHE006,-22.940000,-50.250000,case-existing,case-existing
3021,CANOA1UHE006,-22.940000,-50.520000,case-existing,case-existing
3031,AGUAI--SP138,-22.060000,-46.960000,case-existing,case-existing
3032,ARARSB-SP138,-22.350000,-47.400000,case-existing,case-existing
3033,ARARA2-SP138,-22.390000,-47.370000,case-existing,case-existing
3034,ARTURN-SP138,-22.570000,-47.180000,case-existing,case-existing
3035,CONCHA-SP138,-22.340000,-47.160000,case-existing,case-existing
3036,CORDEI-SP138,-22.490000,-47.460000,case-existing,case-existing
3037,IRACEM-SP138,-22.580000,-47.530000,case-existing,case-existing
3038,LEME---SP138,-22.190000,-47.400000,case-existing,case-existing
3039,LIMER1-SP138,-22.550000,-47.410000,case-existing,case-existing
3040,LIMER2-SP138,-22.660000,-47.320000,case-existing,case-existing
3041,LIMER3-SP138,-22.590000,-47.370000,case-existing,case-existing
3042,LIME4R-SP138,-22.540000,-47.370000,case-existing,case-existing
3043,LIMER5-SP138,-22.560000,-47.390000,case-existing,case-existing
3044,MOG1-E-SP138,-22.360000,-46.970000,case-existing,case-existing
3045,MGUACM-SP138,-22.240000,-47.015000,interpolated,topology-interp
3046,MGUAC2-SP138,-22.340000,-46.940000,case-existing,case-existing
3047,MMIRIM-SP138,-22.440000,-46.990000,case-existing,case-existing
3048,MOM2-E-SP138,-22.390000,-46.980000,case-existing,case-existing
3049,PIRAS1-SP138,-22.000000,-47.450000,case-existing,case-existing
3050,PIRAS2-SP138,-21.930000,-47.360000,case-existing,case-existing
3051,PFERRE-SP138,-21.850000,-47.500000,case-existing,case-existing
3052,MGUACC-SP138,-22.302912,-46.921300,interpolated,topology-interp
3053,RIC1-E-SP138,-22.440000,-47.550000,case-existing,case-existing
3054,RCLAR2-SP138,-22.360000,-47.550000,case-existing,case-existing
3055,RCLAR3-SP138,-22.400000,-47.590000,case-existing,case-existing
3056,SJBVIS-SP138,-21.980000,-46.810000,case-existing,case-existing
3057,SCPALM-SP138,-21.820000,-47.260000,case-existing,case-existing
3058,SRP4-T-SP138,-21.720000,-47.470000,case-existing,case-existing
3059,SAPOSS-SP138,-22.600000,-46.930000,case-existing,case-existing
3060,VGSUL--SP138,-21.840000,-46.910000,case-existing,case-existing
3061,E.COEL-SP138,-22.525036,-47.212977,interpolated,topology-interp
3062,FORMIG-SP138,-22.466645,-47.502963,interpolated,topology-interp
3063,LIMERR-SP138,-22.662445,-47.318381,interpolated,topology-interp
3064,CRESCI-SP138,-22.217865,-47.382362,interpolated,topology-interp
3065,CORNPRUTE013,-22.360000,-46.960000,case-existing,case-existing
3082,ARUJA--SP138,-23.400000,-46.300000,case-existing,case-existing
3083,ATIBA1-SP138,-23.100000,-46.560000,case-existing,case-existing
3084,BERTI1-SP138,-23.830000,-46.140000,case-existing,case-existing
3085,BER2-P-SP138,-23.790000,-46.060000,case-existing,case-existing
3086,CABR2A-SP138,-23.280000,-47.120000,case-existing,case-existing
3087,CAIEIR-SP138,-23.190000,-47.850000,case-existing,case-existing
3088,CJORDA-SP138,-22.740000,-45.630000,case-existing,case-existing
3089,FMORAT-SP138,-23.290000,-46.740000,case-existing,case-existing
3090,FROCHA-SP138,-23.340000,-46.740000,case-existing,case-existing
3091,GUA1-3-SP138,-23.990000,-46.260000,case-existing,case-existing
3092,GUAR-D-SP138,-23.969836,-46.260029,interpolated,topology-interp
3093,GUAR-2-SP138,-23.970000,-46.210000,case-existing,case-existing
3094,ILHABE-SP138,-23.810000,-45.410000,case-existing,case-existing
3095,JARINU-SP138,-23.070000,-46.700000,case-existing,case-existing
3096,SISA-K-SP088,-23.305007,-46.208405,interpolated,topology-interp
3097,MAIRIP-SP138,-23.310000,-46.580000,case-existing,case-existing
3098,PRAIBN-SP138,-23.410000,-45.600000,case-existing,case-existing
3099,STAINE-SP138,-23.242251,-47.267715,interpolated,topology-interp
3100,SISABE-SP088,-23.360000,-46.260000,case-existing,case-existing
3101,UBATB1-SP138,-23.440000,-45.090000,case-existing,case-existing
3102,UBATB2-SP138,-23.520000,-45.200000,case-existing,case-existing
3103,CABR2B-SP138,-23.250000,-47.080000,case-existing,case-existing
3104,QUEL-C-SP088,-22.870000,-45.260000,interpolated,topology-interp
3105,IGARAT-SP088,-23.220000,-46.170000,case-existing,case-existing
3106,BERTI3-SP138,-23.740000,-45.870000,case-existing,case-existing
3107,ATIBA3-SP138,-23.210000,-46.590000,case-existing,case-existing
3108,CRUZAC-SP138,-23.024998,-46.605032,interpolated,topology-interp
3131,AVERME-SP138,-19.860000,-50.350000,case-existing,case-existing
3132,ANDRAD-SP138,-20.870000,-51.340000,case-existing,case-existing
3133,NAVANH-SP138,-21.120000,-50.200000,case-existing,case-existing
3134,CAPIVA-SP138,-22.650000,-51.360000,case-existing,case-existing
3135,CAR--E-SP138,-20.080000,-49.910000,case-existing,case-existing
3136,DRACEN-SP138,-21.460000,-51.530000,case-existing,case-existing
3137,FERNAN-SP138,-20.270000,-50.270000,case-existing,case-existing
3138,FLORID-SP138,-21.620000,-51.150000,case-existing,case-existing
3139,ISOLTE-SP138,-20.400000,-51.350000,case-existing,case-existing
3140,JAL-EL-SP138,-20.260000,-50.560000,case-existing,case-existing
3141,JAL-SF-SP138,-20.210000,-50.960000,case-existing,case-existing
3142,JUPI-B-SP138,-20.780000,-51.630000,case-existing,case-existing
3143,MIRAND-SP138,-21.120000,-51.090000,case-existing,case-existing
3144,PDOEST-SP138,-20.440000,-50.760000,case-existing,case-existing
3145,PBARRE-SP138,-20.610000,-51.100000,case-existing,case-existing
3146,PIRAPO-SP138,-22.270000,-51.480000,case-existing,case-existing
3147,PPRIMA-SP138,-22.490000,-52.950000,case-existing,case-existing
3148,ROSANA-SP138,-22.600000,-52.880000,case-existing,case-existing
3149,TIRMAO-SP138,-20.680000,-51.300000,case-existing,case-existing
3150,UBARAN-SP069,-20.800000,-50.000000,case-existing,case-existing
3151,VOTUPO-SP138,-20.578154,-50.166686,interpolated,topology-interp
3152,TAQ-EL-SP138,-22.540000,-52.000000,case-existing,case-existing
3153,CASTIL-SP138,-20.790000,-51.600000,case-existing,case-existing
3154,TLAGOE-MS138,-20.780000,-51.740000,case-existing,case-existing
3155,ACN-EL-SP138,-20.775145,-51.697974,interpolated,topology-interp
3156,VOTUP1-SP138,-20.440000,-49.990000,case-existing,case-existing
3157,VOTP3--SP138,-20.400391,-50.041716,interpolated,topology-interp
3158,T.PAUL-SP138,-21.534642,-51.503977,interpolated,topology-interp
3168,VPARAN-SP138,-20.432620,-50.984051,interpolated,topology-interp
3169,VPARANUTE013,-20.410000,-51.030000,case-existing,case-existing
3171,VCPMS--SP138,-20.862251,-51.715573,interpolated,topology-interp
3174,ELD----MS138,-20.560944,-51.512646,interpolated,topology-interp
3175,ELD---UTE013,-20.600000,-51.610000,case-existing,case-existing
3178,PIONE2-SP138,-20.549762,-50.937029,interpolated,topology-interp
3179,UINTER-SP138,-20.524067,-51.203093,interpolated,topology-interp
3180,INTERL-SP138,-20.518072,-51.176006,interpolated,topology-interp
3181,ANGATU-SP138,-23.490000,-48.450000,case-existing,case-existing
3182,APIAI--SP138,-24.510000,-48.880000,case-existing,case-existing
3183,BURI---SP138,-23.800000,-48.580000,case-existing,case-existing
3184,CAJATI-SP138,-24.730000,-48.140000,case-existing,case-existing
3185,CANANE-SP138,-25.010000,-47.960000,case-existing,case-existing
3186,CRG-EL-SP138,-23.990000,-48.340000,interpolated,topology-interp
3187,CBONIT-SP138,-23.990000,-48.340000,case-existing,case-existing
3188,CER-EL-SP088,-23.160000,-47.750000,case-existing,case-existing
3189,CESARI-SP138,-23.230000,-47.950000,case-existing,case-existing
3190,CONCHA-SP088,-23.010000,-48.010000,case-existing,case-existing
3191,GUAPIA-SP138,-24.190000,-48.570000,case-existing,case-existing
3192,ITANHA-SP138,-24.180000,-46.820000,case-existing,case-existing
3193,ITAP-E-SP138,-24.000000,-48.880000,case-existing,case-existing
3194,ITAR-E-SP138,-24.110000,-49.370000,case-existing,case-existing
3195,JUQUIA-SP138,-24.330000,-47.630000,case-existing,case-existing
3196,LPAULI-SP138,-23.070000,-47.860000,case-existing,case-existing
3197,MONGAG-SP138,-24.100000,-46.630000,case-existing,case-existing
3198,PERUIB-SP138,-24.300000,-47.030000,case-existing,case-existing
3199,REGI-E-SP138,-24.520000,-47.860000,case-existing,case-existing
3200,TATUI1-SP088,-23.340000,-47.860000,case-existing,case-existing
3201,TATUI2-SP138,-23.320000,-47.820000,case-existing,case-existing
3202,TAT3-A-SP138,-23.360000,-47.880000,case-existing,case-existing
3203,TIET-B-SP138,-23.080000,-47.740000,case-existing,case-existing
3204,CERQU2-SP138,-23.140000,-47.740000,case-existing,case-existing
3205,PIE-PI-SP088,-23.710000,-47.440000,case-existing,case-existing
3206,PTAQUE-SP088,-24.020000,-46.500000,case-existing,case-existing
3207,SERRAN-SP138,-24.691699,-47.972292,interpolated,topology-interp
3208,MIRACA-SP138,-24.280000,-47.450000,case-existing,case-existing
3209,ITANH2-SP138,-24.150000,-46.740000,case-existing,case-existing
3212,SGERTR-SP138,-22.470000,-47.510000,case-existing,case-existing
3213,BERTI4-SP138,-23.780000,-46.000000,case-existing,case-existing
3214,ITIRA2-SP138,-22.230000,-47.790000,case-existing,case-existing
3215,CEDASA-SP138,-22.406467,-47.579463,interpolated,topology-interp
3230,NOBIOEUTE013,-22.350000,-47.400000,case-existing,case-existing
3231,B.PEI1-MT000,-16.500000,-52.620000,interpolated,topology-interp
3232,B.PEI2-MT000,-16.500000,-52.620000,interpolated,topology-interp
3234,B.PEI1-MT013,-16.500000,-52.620000,interpolated,topology-interp
3235,B.PEI2-MT013,-16.500000,-52.620000,interpolated,topology-interp
3236,B.PEIX-MT230,-16.500000,-52.620000,case-existing,case-existing
3237,B.PEI3-MT000,-16.500000,-52.620000,interpolated,topology-interp
3238,ROBPE2CAP230,-16.485000,-53.610000,interpolated,topology-interp
3239,B.PEI3-MT013,-16.500000,-52.620000,interpolated,topology-interp
3245,C.MAGA-MT138,-17.120000,-53.130000,case-existing,case-existing
3251,PETRVB-MT138,-16.793333,-53.923333,interpolated,topology-interp
3253,RONDO1-MT000,-16.470000,-54.600000,interpolated,topology-interp
3254,RONDO2-MT000,-16.470000,-54.600000,interpolated,topology-interp
3255,RONDO3-MT000,-16.470000,-54.600000,interpolated,topology-interp
3256,RONDO4-MT000,-16.470000,-54.600000,interpolated,topology-interp
3258,RONDA1-MT013,-16.470000,-54.600000,interpolated,topology-interp
3259,RONDO2-MT013,-16.470000,-54.600000,interpolated,topology-interp
3260,RONDON-MT230,-16.470000,-54.600000,case-existing,case-existing
3261,CUIRO1CAP230,-16.080000,-55.225000,interpolated,topology-interp
3262,RONDA3-MT013,-16.470000,-54.600000,interpolated,topology-interp
3263,RONDA4-MT013,-16.470000,-54.600000,interpolated,topology-interp
3268,COXIP4-MT000,-15.630000,-56.000000,interpolated,topology-interp
3269,COXIP5-MT000,-15.630000,-56.000000,interpolated,topology-interp
3273,COXIA4-MT013,-15.630000,-56.000000,interpolated,topology-interp
3274,COXIP5-MT013,-15.630000,-56.000000,interpolated,topology-interp
3276,COXIPO-MT230,-15.630000,-56.000000,case-existing,case-existing
3280,JUBA---MT230,-14.840000,-57.910000,case-existing,case-existing
3286,JAURU--MT500,-15.380000,-58.830000,case-existing,case-existing
3287,JAURU1-MT000,-15.380000,-58.830000,interpolated,topology-interp
3288,JAURU--MT230,-15.380000,-58.830000,case-existing,case-existing
3289,JAURU1-MT013,-15.380000,-58.830000,interpolated,topology-interp
3290,JUINA--MT230,-11.290000,-58.740000,case-existing,case-existing
3291,JUINA2-MT230,-12.085000,-58.405000,interpolated,topology-interp
3292,NOBREA-MT000,-14.730000,-56.300000,interpolated,topology-interp
3293,NOBREB-MT000,-14.730000,-56.300000,interpolated,topology-interp
3294,JAURU2-MT000,-15.380000,-58.830000,interpolated,topology-interp
3295,NOBR-A-MT013,-14.730000,-56.300000,interpolated,topology-interp
3296,NOBR-2-MT013,-14.730000,-56.300000,interpolated,topology-interp
3297,NOBRES-MT230,-14.730000,-56.300000,case-existing,case-existing
3298,JAURU2-MT013,-15.380000,-58.830000,interpolated,topology-interp
3300,BRASNO-MT230,-12.880000,-58.070000,case-existing,case-existing
3301,BR-RB--MT138,-12.880000,-58.070000,case-existing,case-existing
3302,JU-RB--MT138,-14.840000,-57.910000,case-existing,case-existing
3303,NOVAVG-MT230,-15.710000,-56.190000,case-existing,case-existing
3304,NMUTUM-MT230,-13.830000,-56.080000,case-existing,case-existing
3305,NMUTU1-MT013,-13.830000,-56.080000,interpolated,topology-interp
3306,NMUTU2-MT013,-13.830000,-56.080000,interpolated,topology-interp
3307,LUCA-R-MT230,-13.010000,-55.930000,case-existing,case-existing
3308,NMUTU1-MT000,-13.830000,-56.080000,interpolated,topology-interp
3309,NMUTU2-MT000,-13.830000,-56.080000,interpolated,topology-interp
3310,SORRIS-MT230,-12.580000,-55.760000,case-existing,case-existing
3311,SORRI1-MT000,-12.580000,-55.760000,interpolated,topology-interp
3312,SORRI2-MT000,-12.580000,-55.760000,interpolated,topology-interp
3313,SINO-A-MT000,-11.980000,-55.520000,interpolated,topology-interp
3314,SINO-B-MT000,-11.980000,-55.520000,interpolated,topology-interp
3315,JAURU1-MT000 999kV-2,-15.380000,-58.830000,interpolated,topology-interp
3316,JAURU2-MT000 999kV-2,-15.380000,-58.830000,interpolated,topology-interp
3317,SINOP1-MT013,-11.980000,-55.520000,interpolated,topology-interp
3318,SINOP2-MT013,-11.980000,-55.520000,interpolated,topology-interp
3319,JAURU1-MT013 013kV-2,-15.380000,-58.830000,interpolated,topology-interp
3320,SORRI1-MT013,-12.580000,-55.760000,interpolated,topology-interp
3321,SORRI2-MT013,-12.580000,-55.760000,interpolated,topology-interp
3322,SINOP--MT230,-11.980000,-55.520000,case-existing,case-existing
3323,ROBPE1CAP230,-16.485000,-53.610000,interpolated,topology-interp
3324,JAURU2-MT013 013kV-2,-15.380000,-58.830000,interpolated,topology-interp
3325,SINOP3-MT000,-11.980000,-55.520000,interpolated,topology-interp
3326,SINOP3-MT013,-11.980000,-55.520000,interpolated,topology-interp
3330,SINOP-CER013,-11.980000,-55.520000,interpolated,topology-interp
3331,ANH----SP088,-23.490000,-46.770000,case-existing,case-existing
3332,BAN----SP088,-23.600000,-46.690000,case-existing,case-existing
3333,BAN----SP034,-23.600000,-46.690000,case-existing,case-existing
3335,CTR----SP088,-23.540000,-46.650000,case-existing,case-existing
3336,CTR----SP020,-23.540000,-46.650000,case-existing,case-existing
3337,EMB-EN-SP138,-23.840000,-46.800000,case-existing,case-existing
3338,ESO----SP088,-23.450000,-46.910000,case-existing,case-existing
3339,SMIGUE-SP088,-23.510000,-46.520000,case-existing,case-existing
3340,SCAETA-SP088,-23.610000,-46.580000,case-existing,case-existing
3341,JAD----SP088,-23.560000,-46.910000,case-existing,case-existing
3342,LES----SP088,-23.600000,-46.470000,case-existing,case-existing
3343,MFO----SP088,-23.530000,-46.750000,case-existing,case-existing
3344,MRE----SP088,-23.560000,-46.630000,case-existing,case-existing
3345,MRE----SP020,-23.560000,-46.630000,case-existing,case-existing
3346,NOD-EN-SP088,-23.450000,-46.380000,case-existing,case-existing
3347,NOR1EN-SP088,-23.480000,-46.560000,case-existing,case-existing
3348,PRE----SP138,-23.880000,-46.740000,case-existing,case-existing
3350,PI1----SP088,-23.700000,-46.680000,case-existing,case-existing
3351,PI2----SP088,-23.710000,-46.680000,case-existing,case-existing
3352,PRI----SP088,-23.500000,-46.710000,case-existing,case-existing
3353,RRF----SP088,-23.580000,-46.520000,case-existing,case-existing
3361,D#ICO2-SP138,-23.316876,-46.922596,interpolated,topology-interp
3362,D#REC8-SP138,-23.334858,-46.876272,interpolated,topology-interp
3363,ICON-2-SP138,-23.320000,-46.860000,case-existing,case-existing
3364,REC-8--SP138,-23.360000,-46.850000,case-existing,case-existing
3378,NOR2EN-SP088,-23.480000,-46.560000,case-existing,case-existing
3379,SUL1---SP088,-23.700000,-46.520000,case-existing,case-existing
3380,SUL2---SP088,-23.700000,-46.520000,case-existing,case-existing
3381,H.BO-N-SP088,-23.878687,-46.440164,interpolated,topology-interp
3382,HBORD1UHE013,-23.860000,-46.460000,case-existing,case-existing
3383,HBORD2UHE013,-23.860000,-46.460000,case-existing,case-existing
3384,H.BORD-SP230,-23.880000,-46.450000,case-existing,case-existing
3385,HBORD4UHE013,-23.860000,-46.460000,case-existing,case-existing
3386,PI88--UTE013,-23.700000,-46.670000,case-existing,case-existing
3387,PI230-UTE013,-23.700000,-46.670000,case-existing,case-existing
3388,HBORD8UHE013,-23.860000,-46.460000,case-existing,case-existing
3389,HBORD9UHE013,-23.860000,-46.460000,case-existing,case-existing
3393,NPI88K-SP013,-23.710000,-46.680000,interpolated,topology-interp
3394,NPI88-UTE013,-23.700000,-46.680000,case-existing,case-existing
3395,NPI230UTE013,-23.700000,-46.680000,case-existing,case-existing
3400,H.BO-S-SP088,-23.899437,-46.418719,interpolated,topology-interp
3402,HBORD1SIN013,-23.878686,-46.440164,interpolated,topology-interp
3403,HBORD2SIN013,-23.878686,-46.440164,interpolated,topology-interp
3404,HBORD3SIN013,-23.899419,-46.418739,interpolated,topology-interp
3405,HBORD4SIN013,-23.880000,-46.450000,interpolated,topology-interp
3408,HBORD8SIN013,-23.880000,-46.450000,interpolated,topology-interp
3409,HBORD9SIN013,-23.880000,-46.450000,interpolated,topology-interp
3444,VIANA--ES138,-20.370000,-40.440000,case-existing,case-existing
3487,C.ITAP-ES138,-20.997000,-41.073500,interpolated,topology-interp
3518,LINUTE-ES138,-19.477500,-39.901250,interpolated,topology-interp
3542,S.ROQU-ES069,-19.780000,-40.660000,case-existing,case-existing
3545,S.SILV-ES138,-19.540000,-40.680000,case-existing,case-existing
3562,MASCAR-ES230,-19.500000,-40.920000,case-existing,case-existing
3563,MASCAR-ES138,-19.500000,-40.920000,case-existing,case-existing
3572,S.GABR-ES138,-19.040000,-40.540000,case-existing,case-existing
3579,VERONA-ES138,-18.740000,-40.450000,case-existing,case-existing
3580,VERONA-ES230,-18.740000,-40.450000,case-existing,case-existing
3581,ANGRA1UNE013,-23.010000,-44.460000,case-existing,case-existing
3582,ANGRA2UNE013,-23.010000,-44.460000,case-existing,case-existing
3583,R.BAIXUHE013,-18.880000,-44.780000,case-existing,case-existing
3584,ITAIPUUHE013,-25.410000,-54.590000,case-existing,case-existing
3585,BATALHUHE013,-17.350000,-47.490000,case-existing,case-existing
3586,LCBARRUHE013,-20.150000,-47.280000,case-existing,case-existing
3587,FURNASUHE013,-20.670000,-46.320000,case-existing,case-existing
3588,MARIMBUHE013,-20.300000,-49.200000,case-existing,case-existing
3589,MASC-AUHE013,-20.290000,-47.060000,case-existing,case-existing
3590,MASC-BUHE013,-20.290000,-47.060000,case-existing,case-existing
3591,P.COLOUHE013,-20.120000,-48.570000,case-existing,case-existing
3592,ITUMBIUHE013,-18.420000,-49.120000,case-existing,case-existing
3593,CORUMBUHE013,-17.990000,-48.530000,case-existing,case-existing
3594,S.MESAUHE013,-13.830000,-48.300000,case-existing,case-existing
3595,MANSO-UHE013,-14.870000,-55.790000,case-existing,case-existing
3596,FUNIL-UHE013,-22.530000,-44.570000,case-existing,case-existing
3598,SCRUV1UTE016,-22.910000,-43.770000,case-existing,case-existing
3599,PEIXE-UHE013,-12.240000,-48.390000,case-existing,case-existing
3600,SIMPLIUHE013,-21.920000,-42.790000,case-existing,case-existing
3601,SCRUG-UTE016,-22.910000,-43.770000,case-existing,case-existing
3602,ANGRA3UNE013,-23.010000,-44.470000,case-existing,case-existing
3604,FURNASSIN013,-20.670000,-46.320000,interpolated,topology-interp
3605,B.BRAN-MG345,-20.430000,-43.320000,case-existing,case-existing
3606,LCBARRSIN013,-20.150000,-47.280000,interpolated,topology-interp
3607,ZOES11-RJ000,-22.870000,-43.710000,interpolated,topology-interp
3608,ZOEST1-RJ013,-22.870000,-43.710000,interpolated,topology-interp
3609,ZOES21-RJ000,-22.870000,-43.710000,interpolated,topology-interp
3610,ZOEST2-RJ013,-22.870000,-43.710000,interpolated,topology-interp
3616,LAGOS--RJ345,-22.410000,-41.990000,case-existing,case-existing
3618,LAGOS--RJ138,-22.477219,-42.067838,interpolated,topology-interp
3621,TPRETOSIN013,-23.710000,-46.270000,interpolated,topology-interp
3622,IBIUNASIN013,-23.670000,-47.100000,interpolated,topology-interp
3623,GRAJAASIN013,-22.930000,-43.260000,interpolated,topology-interp
3624,GRAJABSIN013,-22.930000,-43.260000,interpolated,topology-interp
3628,B.ALTOCER013,-15.120000,-48.930000,interpolated,topology-interp
3629,VITOR2SIN013,-20.190000,-40.290000,interpolated,topology-interp
3630,BANDEICER013,-16.790000,-49.230000,interpolated,topology-interp
3632,BANDE2CER013,-16.790000,-49.230000,interpolated,topology-interp
3633,FOZ.IG-PR500,-25.470000,-54.540000,case-existing,case-existing
3634,PARAGUIND500,-25.420000,-54.610000,interpolated,topology-interp
3636,R.BAIX-MG138,-18.810000,-44.590000,interpolated,topology-interp
3637,ITAI50UHE013,-25.445000,-54.575000,interpolated,topology-interp
3638,ITAI50-PR500,-25.445000,-54.575000,interpolated,topology-interp
3639,FOZ-LI-PR500,-25.470000,-54.540000,case-existing,case-existing
3640,MDIREI-PR500,-25.420000,-54.610000,case-existing,case-existing
3641,ITAIPU-PR500,-25.440000,-54.565000,interpolated,topology-interp
3642,FOZ.IG-PR765,-25.470000,-54.540000,case-existing,case-existing
3643,FOZIGA-PR000,-25.470000,-54.540000,interpolated,topology-interp
3644,FOZIGA-PR069,-25.470000,-54.540000,interpolated,topology-interp
3645,FOZIGB-PR000,-25.470000,-54.540000,interpolated,topology-interp
3646,FOZIGB-PR069,-25.470000,-54.540000,interpolated,topology-interp
3647,FOZIGC-PR000,-25.470000,-54.540000,interpolated,topology-interp
3648,FOZIGC-PR069,-25.470000,-54.540000,interpolated,topology-interp
3649,FOZIGD-PR000,-25.470000,-54.540000,interpolated,topology-interp
3650,FOZIGD-PR069,-25.470000,-54.540000,interpolated,topology-interp
3651,IV/FO1CAP765,-24.950000,-53.110000,interpolated,topology-interp
3652,IV/FO2CAP765,-24.950000,-53.110000,interpolated,topology-interp
3653,IV/FO3CAP765,-24.950000,-53.110000,interpolated,topology-interp
3654,IVAIPO-PR765,-24.430000,-51.680000,case-existing,case-existing
3655,IVAIPA-PR000,-24.430000,-51.680000,interpolated,topology-interp
3656,IVAIPA-PR069,-24.430000,-51.680000,interpolated,topology-interp
3657,IVAIPB-PR000,-24.430000,-51.680000,interpolated,topology-interp
3658,IVAIPB-PR069,-24.430000,-51.680000,interpolated,topology-interp
3659,IVAIPC-PR000,-24.430000,-51.680000,interpolated,topology-interp
3660,IVAIPC-PR069,-24.430000,-51.680000,interpolated,topology-interp
3661,IV/IT1CAP765,-24.190000,-50.405000,interpolated,topology-interp
3662,IV/IT2CAP765,-24.190000,-50.405000,interpolated,topology-interp
3663,IV/IT3CAP765,-24.190000,-50.405000,interpolated,topology-interp
3664,ITABER-SP765,-23.950000,-49.130000,case-existing,case-existing
3665,IT/TP1CAP765,-23.830000,-47.700000,interpolated,topology-interp
3666,IT/TP2CAP765,-23.830000,-47.700000,interpolated,topology-interp
3667,IT/TP3CAP765,-23.830000,-47.700000,interpolated,topology-interp
3668,T.PRET-SP765,-23.710000,-46.270000,case-existing,case-existing
3669,T.PRET-SP500,-23.710000,-46.270000,case-existing,case-existing
3670,TPRET1-SP345,-23.710000,-46.270000,case-existing,case-existing
3671,TPRET2-SP345,-23.696667,-46.425000,interpolated,topology-interp
3672,TPRT5A-SP000,-23.710000,-46.270000,interpolated,topology-interp
3673,TPRT5A-SP069,-23.710000,-46.270000,interpolated,topology-interp
3674,TPRT5B-SP000,-23.710000,-46.270000,interpolated,topology-interp
3675,TPRT5B-SP069,-23.710000,-46.270000,interpolated,topology-interp
3676,TPRT5C-SP000,-23.710000,-46.270000,interpolated,topology-interp
3677,TPRT5C-SP069,-23.710000,-46.270000,interpolated,topology-interp
3678,TPRT3A-SP000,-23.710000,-46.270000,interpolated,topology-interp
3679,TPRT3B-SP000,-23.710000,-46.270000,interpolated,topology-interp
3680,TPRT3B-SP020,-23.710000,-46.270000,interpolated,topology-interp
3681,TPRT3C-SP000,-23.703333,-46.347500,interpolated,topology-interp
3682,TPRT3C-SP020,-23.703333,-46.347500,interpolated,topology-interp
3683,TPRT3D-SP000,-23.703333,-46.347500,interpolated,topology-interp
3684,TPRT3D-SP020,-23.703333,-46.347500,interpolated,topology-interp
3688,IBIUNC-SP000,-23.670000,-47.100000,interpolated,topology-interp
3689,IBIUNC-SP013,-23.670000,-47.100000,interpolated,topology-interp
3690,IBIUNA-SP500,-23.670000,-47.100000,case-existing,case-existing
3691,IBIUNA-SP345,-23.670000,-47.100000,case-existing,case-existing
3692,IBIUNA-SP000,-23.670000,-47.100000,interpolated,topology-interp
3693,IBIUNA-SP013,-23.670000,-47.100000,interpolated,topology-interp
3694,IBIUNB-SP000,-23.670000,-47.100000,interpolated,topology-interp
3695,IBIUNB-SP013,-23.670000,-47.100000,interpolated,topology-interp
3696,BATEIA-PR500,-24.224000,-48.034001,interpolated,topology-interp
3697,IBIUN1CAP500,-23.947000,-47.567000,interpolated,topology-interp
3698,IBIUN2CAP500,-23.947000,-47.567000,interpolated,topology-interp
3699,BATEIACAP500,-23.592000,-47.472000,interpolated,topology-interp
3700,CAMPIN-SP500,-22.770000,-47.000000,case-existing,case-existing
3701,CAMPIN-SP345,-22.770000,-47.000000,case-existing,case-existing
3702,LORENA-SP500,-22.770000,-45.090000,case-existing,case-existing
3703,CAMP3A-SP000,-22.770000,-47.000000,interpolated,topology-interp
3704,CAMP3A-SP013,-22.770000,-47.000000,interpolated,topology-interp
3705,CAMP3B-SP000,-22.770000,-47.000000,interpolated,topology-interp
3706,CAMP3B-SP013,-22.770000,-47.000000,interpolated,topology-interp
3707,CAMP1A-SP000,-22.770000,-47.000000,interpolated,topology-interp
3708,CAMP1A-SP013,-22.770000,-47.000000,interpolated,topology-interp
3709,CAMP1B-SP000,-22.770000,-47.000000,interpolated,topology-interp
3710,CAMP1B-SP013,-22.770000,-47.000000,interpolated,topology-interp
3711,CAMP1C-SP000,-22.770000,-47.000000,interpolated,topology-interp
3712,CAMP1C-SP013,-22.770000,-47.000000,interpolated,topology-interp
3713,CAMP1D-SP000,-22.770000,-47.000000,interpolated,topology-interp
3714,CAMP1D-SP013,-22.770000,-47.000000,interpolated,topology-interp
3717,ITATIB-SP500,-22.960000,-46.910000,case-existing,case-existing
3718,ITATIBCER013,-22.960000,-46.910000,interpolated,topology-interp
3720,C.PAUL-SP500,-22.630000,-45.040000,case-existing,case-existing
3721,C.PAUL-SP138,-22.630000,-45.040000,case-existing,case-existing
3722,C.PA59-SP000,-22.630000,-45.040000,interpolated,topology-interp
3723,CPAULA-SP013,-22.630000,-45.040000,interpolated,topology-interp
3724,C.PA57-SP000,-22.630000,-45.040000,interpolated,topology-interp
3725,CPAULB-SP013,-22.630000,-45.040000,interpolated,topology-interp
3726,FUNIL--RJ138,-22.505443,-44.488228,interpolated,topology-interp
3727,ADRIA0-RJ500,-22.773333,-43.460000,interpolated,topology-interp
3728,ADRIAN-RJ500,-22.670000,-43.480000,case-existing,case-existing
3729,ADRIAN-RJ345,-22.670000,-43.480000,case-existing,case-existing
3730,ADRIAN-RJ138,-22.670000,-43.480000,case-existing,case-existing
3731,ADRI51-RJ000,-22.670000,-43.480000,interpolated,topology-interp
3732,ADRI3A-RJ013,-22.670000,-43.480000,interpolated,topology-interp
3733,ADRI53-RJ000,-22.670000,-43.480000,interpolated,topology-interp
3734,ADRI3B-RJ013,-22.670000,-43.480000,interpolated,topology-interp
3735,ADRI55-RJ000,-22.670000,-43.480000,interpolated,topology-interp
3736,ADRI3C-RJ013,-22.670000,-43.480000,interpolated,topology-interp
3737,ADRI1A-RJ000,-22.670000,-43.480000,interpolated,topology-interp
3738,ADRI1A-RJ013,-22.670000,-43.480000,interpolated,topology-interp
3739,ADRI1B-RJ000,-22.670000,-43.480000,interpolated,topology-interp
3740,ADRI1B-RJ013,-22.670000,-43.480000,interpolated,topology-interp
3741,ADRI2A-RJ000,-22.670000,-43.480000,interpolated,topology-interp
3742,ADRI1C-RJ013,-22.670000,-43.480000,interpolated,topology-interp
3743,ADRI2B-RJ000,-22.670000,-43.480000,interpolated,topology-interp
3744,ADRI1D-RJ013,-22.670000,-43.480000,interpolated,topology-interp
3745,ANGRA--RJ500,-23.010000,-44.460000,case-existing,case-existing
3746,ANGRA--RJ138,-22.983197,-44.246008,interpolated,topology-interp
3747,ANGRAD-RJ138,-23.010000,-44.460000,case-existing,case-existing
3748,S.JOSE-RJ500,-22.750000,-43.330000,case-existing,case-existing
3749,SJOSE1-RJ138,-22.750000,-43.330000,case-existing,case-existing
3750,SJOSE2-RJ138,-22.750000,-43.330000,case-existing,case-existing
3751,SJOS13-RJ000,-22.750000,-43.330000,interpolated,topology-interp
3752,SJOS1A-RJ013,-22.750000,-43.330000,interpolated,topology-interp
3753,SJOS14-RJ000,-22.750000,-43.330000,interpolated,topology-interp
3754,SJOS1B-RJ013,-22.750000,-43.330000,interpolated,topology-interp
3755,SJOS11-RJ000,-22.750000,-43.330000,interpolated,topology-interp
3756,SJOS2A-RJ013,-22.750000,-43.330000,interpolated,topology-interp
3757,SJOS12-RJ000,-22.750000,-43.330000,interpolated,topology-interp
3758,SJOS2B-RJ013,-22.750000,-43.330000,interpolated,topology-interp
3759,GRAJAU-RJ500,-22.930000,-43.260000,case-existing,case-existing
3760,GRAJAU-RJ138,-22.930000,-43.260000,case-existing,case-existing
3761,GRAJ52-RJ000,-22.930000,-43.260000,interpolated,topology-interp
3762,GRAJ54-RJ000,-22.930000,-43.260000,interpolated,topology-interp
3763,GRAJ56-RJ000,-22.930000,-43.260000,interpolated,topology-interp
3764,GRAJAC-RJ013,-22.930000,-43.260000,interpolated,topology-interp
3765,GRAJ58-RJ000,-22.930000,-43.260000,interpolated,topology-interp
3766,GRAJAD-RJ013,-22.930000,-43.260000,interpolated,topology-interp
3767,JACR3A-RJ000,-22.920000,-43.420000,interpolated,topology-interp
3768,JACR1C-RJ013,-22.920000,-43.420000,interpolated,topology-interp
3769,JACARE-RJ345,-22.920000,-43.420000,case-existing,case-existing
3770,JACAR1-RJ138,-22.920000,-43.420000,case-existing,case-existing
3772,JACR1A-RJ000,-22.920000,-43.420000,interpolated,topology-interp
3773,JACR1A-RJ013,-22.920000,-43.420000,interpolated,topology-interp
3774,JACR1B-RJ000,-22.920000,-43.420000,interpolated,topology-interp
3775,JACRBA-RJ013,-22.920000,-43.420000,interpolated,topology-interp
3776,JACR2B-RJ000,-22.920000,-43.420000,interpolated,topology-interp
3777,JACR2A-RJ013,-22.920000,-43.420000,interpolated,topology-interp
3778,JACR2A-RJ000,-22.920000,-43.420000,interpolated,topology-interp
3779,ZOESTE-RJ138,-22.870000,-43.710000,case-existing,case-existing
3780,S.CRUZ-RJ138,-22.915986,-43.780039,interpolated,topology-interp
3781,ZOESTE-RJ500,-22.870000,-43.710000,case-existing,case-existing
3782,RESEND-RJ500,-22.500000,-44.520000,case-existing,case-existing
3783,V.PEDR-RJ345,-22.730000,-42.790000,case-existing,case-existing
3784,MACAE--RJ345,-22.310000,-41.870000,case-existing,case-existing
3785,CAMPOS-RJ345,-21.720000,-41.340000,case-existing,case-existing
3786,CAMPOS-RJ138,-21.720000,-41.340000,case-existing,case-existing
3787,CAMPO1-RJ000,-21.720000,-41.340000,interpolated,topology-interp
3788,CAMPOA-RJ013,-21.720000,-41.340000,interpolated,topology-interp
3789,CAMPO2-RJ000,-21.720000,-41.340000,interpolated,topology-interp
3790,CAMPOB-RJ013,-21.720000,-41.340000,interpolated,topology-interp
3791,CAMPO3-RJ000,-21.720000,-41.340000,interpolated,topology-interp
3792,CAMPOC-RJ013,-21.720000,-41.340000,interpolated,topology-interp
3793,IRIRI--RJ138,-22.223787,-41.779497,interpolated,topology-interp
3794,ROC.LE-RJ138,-22.408935,-42.267488,interpolated,topology-interp
3795,VIANA--ES345,-20.370000,-40.440000,case-existing,case-existing
3796,VITORI-ES345,-20.190000,-40.290000,case-existing,case-existing
3799,UTVIAN-ES345,-20.370000,-40.434286,interpolated,topology-interp
3801,VTRI-3-ES000,-20.190000,-40.290000,interpolated,topology-interp
3802,VTRI-C-ES013,-20.190000,-40.290000,interpolated,topology-interp
3803,VTRI-4-ES000,-20.190000,-40.290000,interpolated,topology-interp
3804,VTRI-D-ES013,-20.190000,-40.290000,interpolated,topology-interp
3806,JACRBB-RJ013,-22.920000,-43.420000,interpolated,topology-interp
3807,ITUTIN-MG345,-21.300000,-44.630000,case-existing,case-existing
3808,FURNAS-MG345,-20.670000,-46.320000,case-existing,case-existing
3809,LCBARR-MG345,-20.150000,-47.280000,case-existing,case-existing
3810,MASCAR-MG345,-20.290000,-47.070000,case-existing,case-existing
3811,MASCAR-MG138,-20.290000,-47.070000,case-existing,case-existing
3816,POCOS--MG500,-21.800000,-46.610000,case-existing,case-existing
3817,POCOS--MG345,-21.800000,-46.610000,case-existing,case-existing
3818,POCOS--MG138,-21.800000,-46.610000,case-existing,case-existing
3819,POCOS3-MG000,-21.800000,-46.610000,interpolated,topology-interp
3820,POCOS3-MG013,-21.800000,-46.610000,interpolated,topology-interp
3821,PCOS1A-MG000,-21.800000,-46.610000,interpolated,topology-interp
3822,PCOS1A-MG013,-21.800000,-46.610000,interpolated,topology-interp
3823,PCOS1B-MG000,-21.800000,-46.610000,interpolated,topology-interp
3824,PCOS1B-MG013,-21.800000,-46.610000,interpolated,topology-interp
3827,PCOS1D-MG000,-21.800000,-46.610000,interpolated,topology-interp
3828,PCOS1D-MG013,-21.800000,-46.610000,interpolated,topology-interp
3829,PCOS1E-MG000,-21.800000,-46.610000,interpolated,topology-interp
3830,PCOS1E-MG013,-21.800000,-46.610000,interpolated,topology-interp
3831,GUARUL-SP345,-23.440000,-46.590000,case-existing,case-existing
3832,PCOS1F-MG000,-21.800000,-46.610000,interpolated,topology-interp
3833,PCOS1F-MG013,-21.800000,-46.610000,interpolated,topology-interp
3834,MOGI---SP345,-23.500000,-46.170000,case-existing,case-existing
3835,MOGI-F-SP230,-23.500000,-46.170000,case-existing,case-existing
3836,MOGI-A-SP000,-23.500000,-46.170000,interpolated,topology-interp
3837,MOGI-A-SP013,-23.500000,-46.170000,interpolated,topology-interp
3838,MOGI-B-SP000,-23.500000,-46.170000,interpolated,topology-interp
3839,MOGI-B-SP013,-23.500000,-46.170000,interpolated,topology-interp
3840,RLC01--SP345,-23.525000,-46.175000,interpolated,topology-interp
3841,RLC02--SP345,-23.525000,-46.175000,interpolated,topology-interp
3842,PCOLOM-MG345,-20.120000,-48.570000,case-existing,case-existing
3843,PCOLOM-MG138,-20.211915,-48.630213,interpolated,topology-interp
3844,RVRD1C-GO000,-17.760000,-50.880000,interpolated,topology-interp
3845,RVRD1C-GO013,-17.760000,-50.880000,interpolated,topology-interp
3846,CAMP-BUTE013,-21.647653,-41.408279,interpolated,topology-interp
3847,BSUL2F-DF000,-15.860000,-48.070000,interpolated,topology-interp
3848,VIANA2-ES345,-20.380000,-40.510000,case-existing,case-existing
3849,VIANA2-ES500,-20.380000,-40.510000,case-existing,case-existing
3851,PCOLOD-MG138,-20.120000,-48.570000,case-existing,case-existing
3852,ARARAQ-SP500,-21.770000,-48.250000,case-existing,case-existing
3853,MARIMB-MG500,-20.300000,-49.200000,case-existing,case-existing
3854,MARIMB-MG345,-20.300000,-49.200000,case-existing,case-existing
3855,MARIM3-MG000,-20.300000,-49.200000,interpolated,topology-interp
3856,MARIM3-MG013,-20.300000,-49.200000,interpolated,topology-interp
3857,BSUL1I-DF000,-15.860000,-48.070000,interpolated,topology-interp
3858,BSUL1I-DF013,-15.860000,-48.070000,interpolated,topology-interp
3859,UTEC---RJ138,-21.647620,-41.408311,interpolated,topology-interp
3860,ITUMBI-MG500,-18.410000,-49.110000,case-existing,case-existing
3861,ITUMBI-MG345,-18.410000,-49.110000,case-existing,case-existing
3862,ITUMBI-MG230,-18.410000,-49.110000,case-existing,case-existing
3863,ITMB3A-MG000,-18.410000,-49.110000,interpolated,topology-interp
3864,ITMB3A-MG013,-18.410000,-49.110000,interpolated,topology-interp
3865,ITMB3B-MG000,-18.410000,-49.110000,interpolated,topology-interp
3866,ITMB3B-MG013,-18.410000,-49.110000,interpolated,topology-interp
3867,ITMB3C-MG000,-18.410000,-49.110000,interpolated,topology-interp
3868,ITMB3C-MG013,-18.410000,-49.110000,interpolated,topology-interp
3869,ITMB2A-MG000,-18.410000,-49.110000,interpolated,topology-interp
3870,ITMB2A-MG013,-18.410000,-49.110000,interpolated,topology-interp
3871,ITMB2B-MG000,-18.410000,-49.110000,interpolated,topology-interp
3872,ITMB2B-MG013,-18.410000,-49.110000,interpolated,topology-interp
3873,ITMB2C-MG000,-18.410000,-49.110000,interpolated,topology-interp
3874,ITMB2C-MG013,-18.410000,-49.110000,interpolated,topology-interp
3875,SAMAMB-DF500,-15.930000,-48.170000,case-existing,case-existing
3876,SAMAMB-DF345,-15.930000,-48.170000,case-existing,case-existing
3877,SAMAMB-DF138,-15.930000,-48.170000,case-existing,case-existing
3878,SMAM3A-DF000,-15.930000,-48.170000,interpolated,topology-interp
3879,SMAM3A-DF013,-15.930000,-48.170000,interpolated,topology-interp
3880,SMAM3B-DF000,-15.930000,-48.170000,interpolated,topology-interp
3881,SMAM3B-DF013,-15.930000,-48.170000,interpolated,topology-interp
3882,SMAM3C-DF000,-15.930000,-48.170000,interpolated,topology-interp
3883,SMAM3C-DF013,-15.930000,-48.170000,interpolated,topology-interp
3884,SMAM1A-DF000,-15.930000,-48.170000,interpolated,topology-interp
3885,SMAM1A-DF013,-15.930000,-48.170000,interpolated,topology-interp
3886,SMAM1B-DF000,-15.930000,-48.170000,interpolated,topology-interp
3887,SMAM1B-DF013,-15.930000,-48.170000,interpolated,topology-interp
3888,SMAM1C-DF000,-15.930000,-48.170000,interpolated,topology-interp
3889,SMAM1C-DF013,-15.930000,-48.170000,interpolated,topology-interp
3890,CORUMA-GO000,-17.990000,-48.540000,interpolated,topology-interp
3891,CORUMA-GO013,-17.990000,-48.540000,interpolated,topology-interp
3892,SM/SA1CAP500,-14.880000,-48.235000,interpolated,topology-interp
3893,SM/SA2CAP500,-14.880000,-48.235000,interpolated,topology-interp
3894,SM/SA3CAP500,-14.880000,-48.235000,interpolated,topology-interp
3895,SMESA1-GO500,-13.830000,-48.300000,case-existing,case-existing
3896,S.MESA-GO230,-13.830000,-48.300000,case-existing,case-existing
3897,S.MESA-GO138,-13.830000,-48.300000,case-existing,case-existing
3898,SMES2A-GO000,-13.830000,-48.300000,interpolated,topology-interp
3899,SMES2A-GO013,-13.830000,-48.300000,interpolated,topology-interp
3900,SMES2B-GO000,-13.830000,-48.300000,interpolated,topology-interp
3901,SMES2B-GO013,-13.830000,-48.300000,interpolated,topology-interp
3902,SMES1A-GO000,-13.830000,-48.300000,interpolated,topology-interp
3903,SMES1A-GO013,-13.830000,-48.300000,interpolated,topology-interp
3904,SMES1B-GO000,-13.830000,-48.300000,interpolated,topology-interp
3905,SMES1B-GO013,-13.830000,-48.300000,interpolated,topology-interp
3906,SMES1C-GO000,-13.830000,-48.300000,interpolated,topology-interp
3907,SMES1C-GO013,-13.830000,-48.300000,interpolated,topology-interp
3908,CORUMB-GO345,-17.990000,-48.540000,case-existing,case-existing
3909,BANDEI-GO345,-16.790000,-49.230000,case-existing,case-existing
3910,BANDEI-GO230,-16.790000,-49.230000,case-existing,case-existing
3911,BANDEA-GO000,-16.790000,-49.230000,interpolated,topology-interp
3912,BANDEA-GO013,-16.790000,-49.230000,interpolated,topology-interp
3913,BANDEB-GO000,-16.790000,-49.230000,interpolated,topology-interp
3914,BANDEB-GO013,-16.790000,-49.230000,interpolated,topology-interp
3915,BANDEC-GO000,-16.790000,-49.230000,interpolated,topology-interp
3916,BANDEC-GO013,-16.790000,-49.230000,interpolated,topology-interp
3917,BANDED-GO000,-16.790000,-49.230000,interpolated,topology-interp
3918,BANDED-GO013,-16.790000,-49.230000,interpolated,topology-interp
3919,BR.SUL-DF345,-15.860000,-48.070000,case-existing,case-existing
3920,BR.SUL-DF230,-15.860000,-48.070000,case-existing,case-existing
3921,BR.SUL-DF138,-15.860000,-48.070000,case-existing,case-existing
3922,BSUL2C-DF000,-15.860000,-48.070000,interpolated,topology-interp
3923,BSUL2C-DF013,-15.860000,-48.070000,interpolated,topology-interp
3924,BSUL2E-DF000,-15.860000,-48.070000,interpolated,topology-interp
3925,BSUL2E-DF013,-15.860000,-48.070000,interpolated,topology-interp
3926,BSUL1A-DF000,-15.860000,-48.070000,interpolated,topology-interp
3927,BSUL1A-DF013,-15.860000,-48.070000,interpolated,topology-interp
3928,BSUL1B-DF000,-15.860000,-48.070000,interpolated,topology-interp
3929,BSUL1B-DF013,-15.860000,-48.070000,interpolated,topology-interp
3930,BSUL1D-DF000,-15.860000,-48.070000,interpolated,topology-interp
3931,BSUL1D-DF013,-15.860000,-48.070000,interpolated,topology-interp
3932,BSUL1G-DF000,-15.860000,-48.070000,interpolated,topology-interp
3933,BSUL1G-DF013,-15.860000,-48.070000,interpolated,topology-interp
3934,BSUL1H-DF000,-15.860000,-48.070000,interpolated,topology-interp
3935,BSUL1H-DF013,-15.860000,-48.070000,interpolated,topology-interp
3936,BR.GER-DF230,-15.810000,-47.950000,case-existing,case-existing
3937,BR.GER-DF034,-15.806065,-47.950525,interpolated,topology-interp
3938,BRGERA-DF000,-15.808018,-47.950256,interpolated,topology-interp
3939,BRGERB-DF000,-15.808018,-47.950256,interpolated,topology-interp
3940,BRGERC-DF000,-15.808018,-47.950256,interpolated,topology-interp
3941,BRGERC-DF013,-15.808016,-47.950258,interpolated,topology-interp
3942,BRGERD-DF000,-15.808018,-47.950256,interpolated,topology-interp
3943,BRGERD-DF013,-15.808016,-47.950258,interpolated,topology-interp
3944,BALTAA-GO000,-15.120000,-48.930000,interpolated,topology-interp
3945,BSUL2F-DF011,-15.860000,-48.070000,interpolated,topology-interp
3946,ESTREI-MG345,-20.260000,-47.180000,case-existing,case-existing
3947,B.ALTO-GO230,-15.120000,-48.930000,case-existing,case-existing
3948,B.ALOB-GO069,-15.120000,-48.930000,case-existing,case-existing
3949,BALTAB-GO000,-15.120000,-48.930000,interpolated,topology-interp
3950,BALTOA-GO013,-15.120000,-48.930000,interpolated,topology-interp
3951,CORUMB-GO000,-17.990000,-48.540000,interpolated,topology-interp
3952,CORUMB-GO013,-17.990000,-48.540000,interpolated,topology-interp
3953,NIQUEL-GO230,-14.470000,-48.490000,case-existing,case-existing
3954,RIOVER-GO230,-17.760000,-50.880000,case-existing,case-existing
3955,R.VERF-GO138,-17.760000,-50.880000,case-existing,case-existing
3956,RVRD1A-GO000,-17.760000,-50.880000,interpolated,topology-interp
3957,RVRD1A-GO013,-17.760000,-50.880000,interpolated,topology-interp
3958,RVRD1B-GO000,-17.760000,-50.880000,interpolated,topology-interp
3959,RVRD1B-GO013,-17.760000,-50.880000,interpolated,topology-interp
3960,BALTBA-GO013,-15.120000,-48.930000,interpolated,topology-interp
3961,NIQULB-GO069,-14.470000,-48.490000,case-existing,case-existing
3962,MANSO--MT230,-14.870000,-55.790000,case-existing,case-existing
3963,CAN/SA-GO138,-13.550000,-48.230000,interpolated,topology-interp
3964,RVITU1CAP230,-18.193333,-49.700000,interpolated,topology-interp
3965,RVITU2CAP230,-17.976667,-50.290000,interpolated,topology-interp
3966,BPERV1CAP230,-17.340000,-51.460000,interpolated,topology-interp
3967,BPERV2CAP230,-16.920000,-52.040000,interpolated,topology-interp
3968,RVITU3CAP230,-18.085000,-49.995000,interpolated,topology-interp
3969,BPERV3CAP230,-17.130000,-51.750000,interpolated,topology-interp
3970,IMALCA-RJ138,-22.695000,-43.215000,interpolated,topology-interp
3971,IMALCB-RJ138,-22.696667,-43.270000,interpolated,topology-interp
3972,IMALCC-RJ138,-22.645000,-43.345000,interpolated,topology-interp
3973,IMALCD-RJ138,-22.645000,-43.345000,interpolated,topology-interp
3974,VPED-1-RJ000,-22.730000,-42.790000,interpolated,topology-interp
3975,VPED-A-RJ013,-22.730000,-42.790000,interpolated,topology-interp
3976,VPED-2-RJ000,-22.730000,-42.790000,interpolated,topology-interp
3977,VPED-B-RJ013,-22.730000,-42.790000,interpolated,topology-interp
3978,PIRINE-GO230,-16.390000,-48.870000,case-existing,case-existing
3979,SIMPLI-RJ138,-22.078246,-42.567333,interpolated,topology-interp
3980,BATALH-MG138,-17.285000,-47.175000,interpolated,topology-interp
3981,BRAGAN-SP138,-22.961186,-46.709233,interpolated,topology-interp
3982,POCO32-MG000,-21.800000,-46.610000,interpolated,topology-interp
3983,S.TERE-SP138,-22.862879,-46.743138,interpolated,topology-interp
3984,BRGERA-DF013,-15.808016,-47.950258,interpolated,topology-interp
3985,BRGERB-DF013,-15.808016,-47.950258,interpolated,topology-interp
3986,POCO32-MG013,-21.800000,-46.610000,interpolated,topology-interp
3987,CAMBU2-MG138,-22.560000,-45.770000,interpolated,topology-interp
3988,MARTIN-SP088,-22.296499,-51.071060,interpolated,topology-interp
3989,PRP-P1-SP088,-22.250000,-51.170000,case-existing,case-existing
3990,RVRD1D-GO000,-17.760000,-50.880000,interpolated,topology-interp
3991,RVRD1D-GO013,-17.760000,-50.880000,interpolated,topology-interp
3992,PRP-P5-SP138,-22.260737,-51.686738,interpolated,topology-interp
3993,PRP-P4-SP138,-22.128569,-51.404449,interpolated,topology-interp
3994,ENEIDA-SP138,-21.899068,-51.285698,interpolated,topology-interp
3995,UFA----SP138,-21.812704,-51.238853,interpolated,topology-interp
3999,P.VENC-SP138,-21.903950,-51.811982,interpolated,topology-interp
4002,OSV.CR-SP138,-21.691285,-50.659714,interpolated,topology-interp
4003,ADAMAN-SP069,-21.602689,-50.918934,interpolated,topology-interp
4004,HALOT1-SP088,-22.863132,-50.202306,interpolated,topology-interp
4005,HALOT2-SP088,-22.863475,-50.203275,interpolated,topology-interp
4006,ASSIS1-SP088,-22.811750,-50.279264,interpolated,topology-interp
4008,ASSIS3-SP088,-22.688123,-50.516594,interpolated,topology-interp
4009,ABONIT-SP088,-22.714020,-50.558258,interpolated,topology-interp
4010,PARAGU-SP088,-22.440000,-50.590000,interpolated,topology-interp
4012,SANTAL-SP088,-22.335990,-50.827465,interpolated,topology-interp
4013,D#QATA-SP088,-22.316356,-50.708938,interpolated,topology-interp
4014,RANCHA-SP088,-22.316116,-50.946819,interpolated,topology-interp
4015,CAND.M-SP088,-22.880000,-50.330000,case-existing,case-existing
4016,PLMITL-SP088,-22.876601,-50.139023,interpolated,topology-interp
4017,IBIRAR-SP088,-22.872802,-50.111883,interpolated,topology-interp
4019,BASTOS-SP138,-21.737515,-50.440790,interpolated,topology-interp
4020,TUPA---SP138,-21.775440,-50.253823,interpolated,topology-interp
4021,CATAND-SP138,-21.184535,-49.174350,interpolated,topology-interp
4024,CERRDA-SP138,-21.142725,-49.051881,interpolated,topology-interp
4027,BORBOR-SP138,-21.473735,-49.183097,interpolated,topology-interp
4028,URUPES-SP138,-21.224286,-49.422691,interpolated,topology-interp
4029,FARTUR-SP069,-21.108186,-49.663856,interpolated,topology-interp
4030,UBRAN--SP069,-21.066296,-49.717749,interpolated,topology-interp
4049,NFLUV-UTE013,-22.300000,-41.870000,case-existing,case-existing
4051,NFLUG-UTE013,-22.300000,-41.870000,case-existing,case-existing
4057,NPECANUHE013,-22.680000,-43.870000,case-existing,case-existing
4058,N.PECA-RJ138,-22.690000,-43.860000,case-existing,case-existing
4059,NPECAN-RJ230,-22.690000,-43.860000,case-existing,case-existing
4060,FONTE1UHE013,-22.690000,-43.860000,case-existing,case-existing
4061,FONTES-RJ138,-22.700295,-43.805461,interpolated,topology-interp
4062,P.PASSUHE013,-22.690000,-43.820000,case-existing,case-existing
4063,P.PASS-RJ138,-22.700795,-43.783170,interpolated,topology-interp
4064,S.BRANUHE013,-23.370000,-45.870000,case-existing,case-existing
4065,S.BRAN-SP088,-23.460000,-46.025000,interpolated,topology-interp
4066,I.POMBUHE013,-21.840000,-42.580000,case-existing,case-existing
4067,I.POMB-RJ138,-21.874875,-42.518508,interpolated,topology-interp
4077,THYSSE-RJ138,-22.516922,-43.839230,interpolated,topology-interp
4078,PAPELP-RJ138,-22.520000,-43.810000,case-existing,case-existing
4079,S.CECI-RJ138,-22.480000,-43.840000,case-existing,case-existing
4080,SCECIL-RJ013,-22.480000,-43.840000,case-existing,case-existing
4081,CENTEN-RJ138,-22.400000,-43.660000,case-existing,case-existing
4082,VIGARI-RJ138,-22.630000,-43.900000,case-existing,case-existing
4083,VIGARI-RJ013,-22.630000,-43.900000,case-existing,case-existing
4089,V.REDO-RJ138,-22.510000,-44.090000,case-existing,case-existing
4090,RETIRO-RJ138,-22.500000,-44.120000,case-existing,case-existing
4091,BARBAR-RJ138,-22.550000,-44.150000,case-existing,case-existing
4092,FONTIN-RJ138,-22.550000,-44.160000,case-existing,case-existing
4093,CIM.TU-RJ138,-22.509213,-44.118651,interpolated,topology-interp
4094,S.BAR1-RJ138,-22.530000,-44.190000,case-existing,case-existing
4095,SAUDAD-RJ138,-22.530000,-44.200000,case-existing,case-existing
4096,TP-R.S-RJ138,-22.503291,-44.406835,interpolated,topology-interp
4097,DUPONT-RJ138,-22.510000,-44.240000,case-existing,case-existing
4098,CONCAL-RJ138,-22.490000,-44.240000,case-existing,case-existing
4100,MACKEN-RJ138,-22.900000,-43.190000,case-existing,case-existing
4101,BAYER--RJ138,-22.770000,-43.390000,case-existing,case-existing
4102,ILLINO-RJ138,-22.890000,-43.260000,case-existing,case-existing
4103,PACIEN-RJ138,-22.930000,-43.640000,case-existing,case-existing
4104,SEROPE-RJ138,-22.700000,-43.720000,case-existing,case-existing
4105,GUA--ATAP138,-22.807500,-43.575000,interpolated,topology-interp
4106,GUA--BTAP138,-22.807500,-43.575000,interpolated,topology-interp
4107,BERNAR-RJ138,-22.760000,-43.460000,case-existing,case-existing
4109,GUANDU-RJ138,-22.840000,-43.610000,case-existing,case-existing
4110,MADURE-RJ138,-22.880000,-43.330000,case-existing,case-existing
4111,N.IGAA-RJ138,-22.760000,-43.450000,case-existing,case-existing
4112,PAV.NO-RJ138,-22.820000,-43.390000,case-existing,case-existing
4113,PANAME-RJ138,-22.850000,-43.360000,case-existing,case-existing
4114,C.ROCH-RJ138,-22.770000,-43.390000,case-existing,case-existing
4115,SANTIS-RJ138,-22.870000,-43.550000,case-existing,case-existing
4116,LAMEIR-RJ138,-22.890000,-43.520000,case-existing,case-existing
4118,C.SOAR-RJ138,-22.760000,-43.480000,case-existing,case-existing
4119,CAIOAB-RJ138,-22.794494,-43.428959,interpolated,topology-interp
4120,M.BARR-RJ138,-22.800000,-43.420000,case-existing,case-existing
4122,CASCA1-RJ138,-22.867472,-43.355873,interpolated,topology-interp
4129,QUEIM1-RJ138,-22.740000,-43.560000,case-existing,case-existing
4130,R.FREI-RJ138,-22.690000,-43.470000,case-existing,case-existing
4131,ABRAN1-RJ138,-22.750000,-43.400000,case-existing,case-existing
4132,TURIAC-RJ138,-22.860000,-43.350000,case-existing,case-existing
4133,GUADAL-RJ138,-22.840000,-43.370000,case-existing,case-existing
4134,S.CLAR-RJ138,-22.720000,-43.550000,case-existing,case-existing
4135,CASCA2-RJ138,-22.880000,-43.330000,case-existing,case-existing
4141,PMETR1-RJ138,-22.840000,-43.340000,case-existing,case-existing
4142,PMETR2-RJ138,-22.840000,-43.340000,case-existing,case-existing
4144,FICAP--RJ138,-22.810000,-43.330000,case-existing,case-existing
4145,MERITI-RJ138,-22.800000,-43.330000,case-existing,case-existing
4146,CAXIAS-RJ138,-22.770000,-43.310000,case-existing,case-existing
4147,COLEGI-RJ138,-22.840000,-43.340000,case-existing,case-existing
4149,ROSALI-RJ138,-22.790000,-43.370000,case-existing,case-existing
4151,AGRAN1-RJ138,-22.830000,-43.310000,case-existing,case-existing
4153,V.GERA-RJ138,-22.810000,-43.320000,case-existing,case-existing
4155,W.LUIZ-RJ138,-22.790000,-43.310000,case-existing,case-existing
4156,CORDOV-RJ138,-22.806514,-43.306600,interpolated,topology-interp
4157,S.JOAO-RJ138,-22.770000,-43.330000,case-existing,case-existing
4158,VULCAN-RJ138,-22.837466,-43.335160,interpolated,topology-interp
4163,B.PINA-RJ138,-22.830000,-43.280000,case-existing,case-existing
4164,P.ERNE-RJ138,-22.850000,-43.260000,case-existing,case-existing
4165,FUNDAO-RJ138,-22.840000,-43.240000,case-existing,case-existing
4166,GUANAB-RJ138,-22.800000,-43.190000,case-existing,case-existing
4167,GOVERN-RJ138,-22.800000,-43.200000,case-existing,case-existing
4168,AEROP1-RJ138,-22.820000,-43.240000,case-existing,case-existing
4169,CENPES-RJ138,-22.850000,-43.230000,case-existing,case-existing
4174,T.OLR1-RJ138,-22.867826,-43.295190,interpolated,topology-interp
4175,T.OLR2-RJ138,-22.871658,-43.291359,interpolated,topology-interp
4179,RAMOS1-RJ138,-22.860000,-43.250000,case-existing,case-existing
4180,CACH1A-RJ138,-22.920000,-43.570000,case-existing,case-existing
4181,T.NOVA-RJ138,-22.870000,-43.270000,case-existing,case-existing
4182,DEMOCR-RJ138,-22.880000,-43.260000,case-existing,case-existing
4183,MATURA-RJ138,-22.840000,-43.300000,case-existing,case-existing
4185,TRIAGE-RJ138,-22.890000,-43.250000,case-existing,case-existing
4186,TROVAO-RJ138,-22.890000,-43.230000,case-existing,case-existing
4187,C.MART-RJ138,-22.900000,-43.220000,case-existing,case-existing
4192,CPR-PL-RJ138,-22.590000,-43.290000,case-existing,case-existing
4193,V.TELE-RJ138,-22.740000,-43.350000,case-existing,case-existing
4194,SARAPU-RJ138,-22.720000,-43.320000,case-existing,case-existing
4195,ELDORA-RJ138,-22.650000,-43.300000,case-existing,case-existing
4196,CIFERA-RJ138,-22.600000,-43.290000,case-existing,case-existing
4197,INMETR-RJ138,-22.590000,-43.280000,case-existing,case-existing
4198,T.RIOS-RJ138,-22.120000,-43.230000,case-existing,case-existing
4199,SAPUCA-RJ138,-21.990000,-42.900000,case-existing,case-existing
4200,T.TRS1-RJ138,-22.195562,-43.173678,interpolated,topology-interp
4201,T.TRS2-RJ138,-22.067798,-43.096827,interpolated,topology-interp
4203,MARAPI-RJ138,-22.820000,-43.600000,case-existing,case-existing
4204,CARMAR-RJ138,-22.890000,-43.480000,case-existing,case-existing
4205,B.MATO-RJ138,-22.910000,-43.290000,case-existing,case-existing
4206,PIEDAD-RJ138,-22.890000,-43.310000,case-existing,case-existing
4207,INFLUE-RJ138,-21.880000,-42.650000,case-existing,case-existing
4209,ACAMP1-RJ138,-22.920000,-43.240000,case-existing,case-existing
4210,MANGUE-RJ138,-22.910000,-43.240000,case-existing,case-existing
4211,LEOPOL-RJ138,-22.930000,-43.260000,case-existing,case-existing
4212,URUGUA-RJ138,-22.940000,-43.240000,case-existing,case-existing
4213,R.COMP-RJ138,-22.930000,-43.220000,case-existing,case-existing
4214,JBOTA1-RJ138,-22.940000,-43.225714,interpolated,topology-interp
4215,F.CANE-RJ138,-22.920000,-43.200000,case-existing,case-existing
4217,GARDEN-RJ138,-22.970000,-43.380000,case-existing,case-existing
4221,CAMERI-RJ138,-22.900000,-43.190000,case-existing,case-existing
4222,S.ANTO-RJ138,-22.910000,-43.180000,case-existing,case-existing
4223,S.LUZI-RJ138,-22.910000,-43.170000,case-existing,case-existing
4224,BAEPEN-RJ138,-22.930000,-43.180000,case-existing,case-existing
4225,SAMARI-RJ138,-22.950000,-43.190000,case-existing,case-existing
4226,BOTAFO-RJ138,-22.960000,-43.180000,case-existing,case-existing
4227,M.BOT1-RJ138,-22.950000,-43.180000,case-existing,case-existing
4228,M.BOT2-RJ138,-22.950000,-43.180000,case-existing,case-existing
4229,HUMAIT-RJ138,-22.960000,-43.200000,case-existing,case-existing
4230,P.SEIS-RJ138,-22.990000,-43.190000,case-existing,case-existing
4231,COPACA-RJ138,-22.970000,-43.190000,case-existing,case-existing
4232,LEME-1-RJ138,-22.960000,-43.180000,case-existing,case-existing
4233,JBOTA2-RJ138,-22.960000,-43.220000,case-existing,case-existing
4234,LEBLON-RJ138,-22.980000,-43.220000,case-existing,case-existing
4235,M.VAZ1-RJ138,-22.969045,-43.222438,interpolated,topology-interp
4236,T.SUL--RJ138,-22.967134,-43.227314,interpolated,topology-interp
4242,S.CONR-RJ138,-22.990000,-43.250000,case-existing,case-existing
4243,BAR---TAP138,-22.950835,-43.339960,interpolated,topology-interp
4244,BARRA1-RJ138,-23.000000,-43.330000,case-existing,case-existing
4245,PDG---TAP138,-22.950835,-43.339960,interpolated,topology-interp
4246,PROJAC-RJ138,-22.960000,-43.400000,case-existing,case-existing
4247,PDAGUA-RJ138,-22.940000,-43.330000,case-existing,case-existing
4248,CURICI-RJ138,-22.960000,-43.400000,case-existing,case-existing
4249,V.VALQ-RJ138,-22.890000,-43.370000,case-existing,case-existing
4250,TAQUAR-RJ138,-22.910000,-43.370000,case-existing,case-existing
4251,RECREI-RJ138,-23.010000,-43.470000,case-existing,case-existing
4252,ITAPEB-RJ138,-23.000000,-43.430000,case-existing,case-existing
4253,ALVORA-RJ138,-22.990000,-43.380000,case-existing,case-existing
4257,AFRAN-TAP138,-22.872559,-43.499653,interpolated,topology-interp
4260,P.MIGU-RJ138,-22.890000,-43.430000,case-existing,case-existing
4261,AFRAN1-RJ138,-22.860000,-43.470000,case-existing,case-existing
4262,CAMARA-RJ138,-22.890000,-43.480000,case-existing,case-existing
4263,REALEN-RJ138,-22.870000,-43.450000,case-existing,case-existing
4264,JABOAT-RJ138,-22.900000,-43.560000,case-existing,case-existing
4265,COSMOS-RJ138,-22.900000,-43.620000,case-existing,case-existing
4266,ESPERA-RJ138,-22.910000,-43.680000,case-existing,case-existing
4267,ZIN----RJ138,-22.890000,-43.740000,case-existing,case-existing
4268,CACH1B-RJ138,-22.920000,-43.570000,case-existing,case-existing
4269,M.ALTO-RJ138,-22.940000,-43.570000,case-existing,case-existing
4270,PALMAR-RJ138,-22.922441,-43.664453,interpolated,topology-interp
4272,BRISAM-RJ138,-22.890000,-43.840000,case-existing,case-existing
4274,BRAHMA-RJ138,-22.870000,-43.610000,case-existing,case-existing
4275,ITAGUA-RJ138,-22.890000,-43.760000,case-existing,case-existing
4277,CEPEL--RJ138,-22.850000,-43.230000,case-existing,case-existing
4278,PARACAPCH013,-22.670000,-43.760000,case-existing,case-existing
4279,PARACA-RJ138,-22.683750,-43.759999,interpolated,topology-interp
4280,LAJES-PCH013,-22.700000,-43.880000,case-existing,case-existing
4281,LONDRI-PR500,-23.065000,-50.745000,interpolated,topology-interp
4282,ASSIS--SP500,-22.670000,-50.350000,case-existing,case-existing
4283,CUIABA-MT230,-15.690000,-55.850000,case-existing,case-existing
4284,CUIABA-MT500,-15.690000,-55.850000,case-existing,case-existing
4285,RVERDN-GO500,-17.720000,-50.860000,case-existing,case-existing
4286,RIBEIR-MT230,-16.470000,-52.640000,case-existing,case-existing
4287,RIBEIR-MT500,-16.470000,-52.640000,case-existing,case-existing
4288,B.FLUM-RJ500,-22.720000,-43.640000,case-existing,case-existing
4289,ITARAR-SP230,-24.100000,-49.310000,case-existing,case-existing
4290,P.PRIM-SP230,-22.490000,-52.960000,case-existing,case-existing
4291,TRIODC-RJ500,-22.650000,-43.770000,case-existing,case-existing
4292,ITAGUA-GO230,-19.010000,-50.670000,case-existing,case-existing
4293,ITAGUA-GO500,-19.010000,-50.670000,case-existing,case-existing
4294,SMGUR5CAP500,-12.965000,-48.300000,interpolated,topology-interp
4295,GUMIR5CAP500,-11.006667,-48.846667,interpolated,topology-interp
4296,GUMIR6CAP500,-10.273333,-48.683333,interpolated,topology-interp
4297,B.COQU-GO230,-18.730000,-50.990000,case-existing,case-existing
4298,SMESA2-GO500,-13.770000,-48.050000,case-existing,case-existing
4299,SM/LUZCAP500,-15.490000,-47.903333,interpolated,topology-interp
4300,LUZIAN-GO500,-16.350000,-47.830000,case-existing,case-existing
4301,LUZIANCER013,-16.350000,-47.830000,interpolated,topology-interp
4302,ESTREI-MG500,-20.260000,-47.180000,case-existing,case-existing
4303,TRINDA-GO500,-16.620000,-49.580000,case-existing,case-existing
4304,TRINDA-GO230,-16.620000,-49.580000,case-existing,case-existing
4305,SM2LUZCAP500,-14.630000,-47.976667,interpolated,topology-interp
4306,LUZIAN-GO138,-16.350000,-47.830000,case-existing,case-existing
4307,RIBEIR-SP500,-21.200000,-47.690000,case-existing,case-existing
4308,NIG6---RJ000,-22.750000,-43.540000,interpolated,topology-interp
4309,NIG51A-RJ013,-22.750000,-43.540000,interpolated,topology-interp
4310,NIG7---RJ000,-22.750000,-43.540000,interpolated,topology-interp
4311,NIG51B-RJ013,-22.750000,-43.540000,interpolated,topology-interp
4312,NIG4---RJ000,-22.750000,-43.540000,interpolated,topology-interp
4313,NIG53A-RJ013,-22.750000,-43.540000,interpolated,topology-interp
4314,PARECI-MT230,-13.070000,-58.960000,case-existing,case-existing
4315,PARECIPCH013,-13.190000,-59.000000,case-existing,case-existing
4316,ESTREISIN013,-20.260000,-47.180000,interpolated,topology-interp
4317,LINH-2-ES138,-19.400000,-40.110000,case-existing,case-existing
4318,LUZ-RECAP500,-15.516667,-47.280000,interpolated,topology-interp
4319,SALTO--GO230,-18.810000,-51.170000,case-existing,case-existing
4320,COMPRJ-RJ345,-22.650000,-42.860000,case-existing,case-existing
4321,F.DIAS-SP440,-23.060000,-46.510000,case-existing,case-existing
4322,F.DIAS-SP500,-23.060000,-46.510000,case-existing,case-existing
4323,CAÇU1--GO230,-18.790000,-51.010000,case-existing,case-existing
4324,F.DIASCER013,-23.060000,-46.510000,interpolated,topology-interp
4325,N.IGAB-RJ138,-22.750000,-43.540000,case-existing,case-existing
4326,N.IGUA-RJ500,-22.750000,-43.540000,case-existing,case-existing
4327,F.R.CL-GO230,-19.120000,-50.650000,case-existing,case-existing
4328,N.IGUA-RJ345,-22.750000,-43.540000,case-existing,case-existing
4329,S.R.VE-GO230,-19.140000,-50.750000,case-existing,case-existing
4330,AGUALIUHE013,-16.470000,-52.640000,interpolated,topology-interp
4331,SRVERDUHE013,-19.140000,-50.750000,case-existing,case-existing
4332,MATRI2-GO230,-15.753068,-50.115434,interpolated,topology-interp
4335,SFACAO-MG138,-18.100000,-47.810000,interpolated,topology-interp
4336,SFACAOUHE013,-18.050000,-47.670000,case-existing,case-existing
4338,BOAVI2PCH013,-21.610000,-45.460000,case-existing,case-existing
4339,BOAVI2-MG138,-21.605000,-45.450000,interpolated,topology-interp
4341,FRCLARUHE013,-19.120000,-50.650000,case-existing,case-existing
4342,B.COQUUHE013,-18.720000,-51.000000,case-existing,case-existing
4343,CACU--UHE013,-18.530000,-51.150000,case-existing,case-existing
4344,SALTO-UHE013,-18.810000,-51.170000,case-existing,case-existing
4346,TORICOUHE013,-16.470000,-52.640000,interpolated,topology-interp
4347,TORIXOUHE013,-16.470000,-52.640000,interpolated,topology-interp
4350,TUCANOUHE013,-18.730000,-50.990000,interpolated,topology-interp
4360,DARDA1UHE013,-10.160000,-59.460000,case-existing,case-existing
4361,DARDAN-MT230,-10.160000,-59.440000,case-existing,case-existing
4364,DARDA4UHE013,-10.160000,-59.460000,case-existing,case-existing
4370,CORUM4-GO138,-16.186198,-48.128635,interpolated,topology-interp
4371,CORUM4UHE013,-16.320000,-48.190000,case-existing,case-existing
4372,CORUM3-GO138,-16.388935,-47.881789,interpolated,topology-interp
4373,CORUM3UHE013,-16.790000,-47.930000,case-existing,case-existing
4374,CCBS-GUTE013,-23.880000,-46.430000,case-existing,case-existing
4380,BAIXA2UTE013,-22.720000,-43.640000,case-existing,case-existing
4381,PAULIVUTE013,-22.770000,-47.200000,case-existing,case-existing
4382,SFE-TR-RJ138,-22.723380,-43.664937,interpolated,topology-interp
4383,SEROPEUTE013,-22.720000,-43.650000,case-existing,case-existing
4384,CCBS-VUTE013,-23.880000,-46.430000,case-existing,case-existing
4385,CSN---UTE013,-22.520000,-44.120000,case-existing,case-existing
4386,JFOR-AUTE013,-21.690000,-43.450000,case-existing,case-existing
4387,JFOR-BUTE013,-21.690000,-43.450000,case-existing,case-existing
4388,TRIV28UTE013,-22.710000,-43.250000,case-existing,case-existing
4389,TRIV38UTE013,-22.710000,-43.250000,case-existing,case-existing
4390,TRMOR1-RJ138,-22.718000,-43.266000,interpolated,topology-interp
4391,TRIG11UTE013,-22.710000,-43.250000,case-existing,case-existing
4392,TLAGOAUTE013,-20.740000,-51.650000,case-existing,case-existing
4393,TLAGOBUTE013,-20.740000,-51.650000,case-existing,case-existing
4394,TMAC1-UTE013,-22.310000,-41.870000,case-existing,case-existing
4395,CUIA-GUTE013,-15.600000,-56.100000,case-existing,case-existing
4396,TMAC2-UTE013,-22.310000,-41.870000,case-existing,case-existing
4397,IBI-V-UTE013,-19.990000,-44.100000,case-existing,case-existing
4398,BAIXADUTE013,-22.720000,-43.640000,case-existing,case-existing
4399,TRIV18UTE013,-22.710000,-43.250000,case-existing,case-existing
4400,TRIG31UTE013,-22.710000,-43.250000,case-existing,case-existing
4401,TRMOR2-RJ138,-22.716667,-43.263333,interpolated,topology-interp
4402,TRIG21UTE013,-22.710000,-43.250000,case-existing,case-existing
4403,COCAL1-SP088,-22.546000,-50.030000,interpolated,topology-interp
4404,MARA-A-SP088,-22.551643,-50.566270,interpolated,topology-interp
4405,VNA1A-UTE013,-20.370000,-40.430000,case-existing,case-existing
4406,LORM--UTE013,-19.530000,-39.800000,case-existing,case-existing
4407,SJOSE2UTE013,-22.490000,-48.780000,case-existing,case-existing
4408,LORMEXUTE013,-19.530000,-39.800000,case-existing,case-existing
4409,VNA2A-UTE013,-20.370000,-40.430000,case-existing,case-existing
4410,VNA2B-UTE013,-20.370000,-40.430000,case-existing,case-existing
4411,VNA1AEUTE013,-20.370000,-40.430000,case-existing,case-existing
4412,VNA1BEUTE013,-20.370000,-40.430000,case-existing,case-existing
4413,VNA2AEUTE013,-20.370000,-40.430000,case-existing,case-existing
4414,VNA2BEUTE013,-20.370000,-40.430000,case-existing,case-existing
4415,UTVNA1-ES000,-20.370000,-40.431429,interpolated,topology-interp
4416,UTVNA2-ES000,-20.370000,-40.431429,interpolated,topology-interp
4420,VNA1B-UTE013,-20.370000,-40.430000,case-existing,case-existing
4421,UTESOR-MT230,-12.430000,-55.650000,case-existing,case-existing
4422,SORRISUTE013,-13.000000,-55.950000,case-existing,case-existing
4423,IBI-G-UTE013,-19.990000,-44.100000,case-existing,case-existing
4424,UTETRI-MG138,-18.790000,-48.636667,interpolated,topology-interp
4425,TRIANGUTE013,-18.760000,-48.610000,case-existing,case-existing
4431,SMGUR3CAP500,-13.133333,-48.536667,interpolated,topology-interp
4432,SMGUR4CAP500,-12.436667,-48.773333,interpolated,topology-interp
4433,GUMIR3CAP500,-11.006667,-48.846667,interpolated,topology-interp
4434,GUMIR4CAP500,-10.273333,-48.683333,interpolated,topology-interp
4435,COMPRJ-RJ138,-22.650000,-42.860000,interpolated,topology-interp
4436,COMP-GUTE013,-22.650000,-42.860000,case-existing,case-existing
4437,TOYOTA-SP230,-23.380000,-47.460000,case-existing,case-existing
4438,SETOYO-SP230,-23.380000,-47.460000,interpolated,topology-interp
4439,GER-OB-MG345,-20.380000,-43.550000,interpolated,topology-interp
4442,WMARTB-MG230,-19.420000,-42.550000,interpolated,topology-interp
4443,VALEJM-MG230,-19.820000,-43.130000,interpolated,topology-interp
4444,WMARJM-MG230,-19.820000,-43.130000,interpolated,topology-interp
4445,WMARTA-MG230,-19.420000,-42.550000,interpolated,topology-interp
4446,WMARTI-MG034,-20.580000,-43.970000,interpolated,topology-interp
4447,WMARBC-MG230,-19.910000,-43.460000,interpolated,topology-interp
4448,ANGBCO-MG230,-19.970000,-43.480000,case-existing,case-existing
4449,ACESIT-MG069,-19.530000,-42.640000,case-existing,case-existing
4450,RIMACE-MG138,-16.670000,-43.820000,interpolated,topology-interp
4460,ANGGOL-MG230,-19.870000,-43.740000,interpolated,topology-interp
4463,VLAPOL-MG230,-19.930000,-43.850000,interpolated,topology-interp
4464,VLCNCE-MG230,-19.600000,-43.290000,interpolated,topology-interp
4467,VSB----MG034,-20.580000,-43.970000,interpolated,topology-interp
4470,ARCEJM-MG230,-19.820000,-43.130000,interpolated,topology-interp
4471,VALEIT-MG230,-19.600000,-43.200000,interpolated,topology-interp
4472,SAMAR--MG345,-20.430000,-43.320000,interpolated,topology-interp
4473,VALEVG-MG138,-20.190000,-43.860000,case-existing,case-existing
4474,ANGFER-MG230,-19.600000,-43.200000,interpolated,topology-interp
4475,ACESIT-MG230,-19.530000,-42.640000,case-existing,case-existing
4476,SILICO-MG230,-19.590000,-43.030000,case-existing,case-existing
4477,VALEBR-MG230,-19.850000,-43.440000,interpolated,topology-interp
4480,C.BRAVSIN013,-13.400000,-48.140000,interpolated,topology-interp
4481,C.BRAV-GO230,-13.400000,-48.140000,case-existing,case-existing
4482,C.BRAVUHE013,-13.400000,-48.140000,case-existing,case-existing
4483,OURIN-UHE013,-23.070000,-49.840000,case-existing,case-existing
4484,ITGAÇUUHE013,-19.010000,-50.670000,interpolated,topology-interp
4485,SSALVA-GO230,-12.800000,-48.240000,case-existing,case-existing
4486,SSALVAUHE013,-12.810000,-48.240000,case-existing,case-existing
4487,STAFE-PCH013,-22.030000,-43.150000,case-existing,case-existing
4488,SANTA--RJ138,-22.061187,-43.157820,interpolated,topology-interp
4489,BONFA-PCH013,-22.010000,-43.270000,case-existing,case-existing
4490,BONFAN-RJ138,-22.044949,-43.234255,interpolated,topology-interp
4491,MONSE-PCH013,-22.020000,-43.300000,case-existing,case-existing
4492,M.SERR-RJ138,-22.032476,-43.267125,interpolated,topology-interp
4493,BSB----RJ138,-22.092379,-43.165637,interpolated,topology-interp
4494,PIRAJ-UHE013,-23.150000,-49.380000,case-existing,case-existing
4504,PARANAUHE013,-12.230000,-48.390000,interpolated,topology-interp
4505,PARNA--TO138,-12.230000,-48.390000,interpolated,topology-interp
4509,FDZNHO-MS013,-18.990000,-53.170000,case-existing,case-existing
4531,CARBOC-SP138,-23.870000,-46.410000,case-existing,case-existing
4532,CBA-2--SP230,-23.540000,-47.300000,case-existing,case-existing
4533,GERDAU-SP440,-23.440000,-47.080000,case-existing,case-existing
4535,CBA-TP-SP230,-23.540000,-47.260000,case-existing,case-existing
4536,ALCOA1-MG138,-21.800000,-46.610000,interpolated,topology-interp
4537,CSA----RJ500,-22.910000,-43.740000,case-existing,case-existing
4538,CSA----RJ138,-22.910000,-43.740000,case-existing,case-existing
4539,CSAVAPUTE013,-22.910000,-43.740000,case-existing,case-existing
4540,CSAGASUTE013,-22.910000,-43.740000,case-existing,case-existing
4541,CSAGA2UTE013,-22.910000,-43.740000,case-existing,case-existing
4581,SINOP-UHE013,-11.270000,-55.450000,case-existing,case-existing
4582,CLAUDI-MT500,-11.290000,-55.330000,case-existing,case-existing
4583,COLIDEUHE013,-10.980000,-55.770000,case-existing,case-existing
4585,SMANOEUHE013,-9.190000,-57.050000,case-existing,case-existing
4586,PRNAIT-MT500,-9.350000,-56.840000,case-existing,case-existing
4587,FAPIACUHE013,-9.350000,-56.840000,interpolated,topology-interp
4588,CLAUDI-MT230,-10.464878,-55.223659,interpolated,topology-interp
4589,TPIRESUHE013,-9.350000,-56.780000,case-existing,case-existing
4590,SINOPP-MT500,-12.140000,-55.226000,interpolated,topology-interp
4591,CL-PNACAP500,-13.150000,-54.828000,interpolated,topology-interp
4592,CL-PNBCAP500,-12.725000,-54.880000,interpolated,topology-interp
4593,CL-PNCCAP500,-12.725000,-54.880000,interpolated,topology-interp
4594,PRNTGA-MT500,-14.160000,-54.430000,case-existing,case-existing
4595,PRN-BACAP500,-15.315000,-53.535000,interpolated,topology-interp
4596,PRN-BBCAP500,-15.315000,-53.535000,interpolated,topology-interp
4597,PRN-BCCAP500,-15.315000,-53.535000,interpolated,topology-interp
4598,MARIM2-MG500,-20.250000,-49.220000,case-existing,case-existing
4601,BARBAC-MG000,-21.190000,-43.750000,interpolated,topology-interp
4602,BARBAC-MG013,-21.190000,-43.750000,interpolated,topology-interp
4613,EMBOCA-MG000,-18.460000,-47.990000,interpolated,topology-interp
4614,EMBOCA-MG013,-18.460000,-47.990000,interpolated,topology-interp
4615,EMBOCB-MG000,-18.460000,-47.990000,interpolated,topology-interp
4616,EMBOCB-MG013,-18.460000,-47.990000,interpolated,topology-interp
4618,GVAL2A-MG013,,,,
4620,GVAL2B-MG013,,,,
4621,GVAL2C-MG000,-18.850000,-41.980000,interpolated,topology-interp
4622,GVAL2C-MG013,-18.850000,-41.980000,interpolated,topology-interp
4623,GVAL2D-MG000,-18.850000,-41.980000,interpolated,topology-interp
4624,GVAL2D-MG013,-18.850000,-41.980000,interpolated,topology-interp
4627,IPAT1A-MG000,-19.440000,-42.560000,interpolated,topology-interp
4628,IPAT1A-MG013,-19.440000,-42.560000,interpolated,topology-interp
4629,MESQU4-MG000,-19.420000,-42.550000,interpolated,topology-interp
4630,MESQU4-MG013,-19.420000,-42.550000,interpolated,topology-interp
4631,ITAJ3A-MG000,-22.470000,-45.520000,interpolated,topology-interp
4632,ITAJ3A-MG013,-22.470000,-45.520000,interpolated,topology-interp
4633,ITAJ3B-MG000,-22.470000,-45.520000,interpolated,topology-interp
4634,ITAJ3B-MG013,-22.470000,-45.520000,interpolated,topology-interp
4635,ITUTNA-MG000,-21.295000,-44.625000,interpolated,topology-interp
4636,ITUTNA-MG013,-21.295000,-44.625000,interpolated,topology-interp
4637,ITUTNB-MG000,-21.295000,-44.625000,interpolated,topology-interp
4638,ITUTNB-MG013,-21.295000,-44.625000,interpolated,topology-interp
4639,JAGURA-MG000,-20.010000,-47.440000,interpolated,topology-interp
4640,JAGURB-MG013,-20.010000,-47.440000,interpolated,topology-interp
4641,JAGURB-MG000,-20.010000,-47.440000,interpolated,topology-interp
4642,JAGURC-MG013,-20.010000,-47.440000,interpolated,topology-interp
4643,JAGURC-MG000,-20.010000,-47.440000,interpolated,topology-interp
4644,JAGURD-MG013,-20.010000,-47.440000,interpolated,topology-interp
4645,JAGURD-MG000,-20.015000,-47.440000,interpolated,topology-interp
4646,JAGURE-MG013,-20.015000,-47.440000,interpolated,topology-interp
4647,JAGURE-MG000,-20.015000,-47.440000,interpolated,topology-interp
4648,JAGURF-MG013,-20.015000,-47.440000,interpolated,topology-interp
4649,JFOR1A-MG000,-21.710000,-43.400000,interpolated,topology-interp
4650,JFOR1A-MG013,-21.710000,-43.400000,interpolated,topology-interp
4651,JFOR1B-MG000,-21.710000,-43.400000,interpolated,topology-interp
4652,JFOR1B-MG013,-21.710000,-43.400000,interpolated,topology-interp
4653,JFOR1C-MG000,-21.710000,-43.400000,interpolated,topology-interp
4654,JFOR1C-MG013,-21.710000,-43.400000,interpolated,topology-interp
4655,LAFAEA-MG000,-20.660000,-43.820000,interpolated,topology-interp
4656,LAFAEA-MG013,-20.660000,-43.820000,interpolated,topology-interp
4657,LAFAEB-MG000,-20.660000,-43.820000,interpolated,topology-interp
4658,LAFAEB-MG013,-20.660000,-43.820000,interpolated,topology-interp
4659,MESQIA-MG000,-19.420000,-42.550000,interpolated,topology-interp
4660,MESQIA-MG013,-19.420000,-42.550000,interpolated,topology-interp
4661,MESQIB-MG000,-19.420000,-42.550000,interpolated,topology-interp
4662,MESQIB-MG013,-19.420000,-42.550000,interpolated,topology-interp
4663,MESQIC-MG000,-19.420000,-42.550000,interpolated,topology-interp
4664,MESQUISIN013,-19.420000,-42.550000,interpolated,topology-interp
4671,NEVE1A-MG000,-19.820000,-44.100000,interpolated,topology-interp
4672,NEVE1A-MG013,-19.820000,-44.100000,interpolated,topology-interp
4673,NEVE1B-MG000,-19.820000,-44.100000,interpolated,topology-interp
4674,NEVE1B-MG013,-19.820000,-44.100000,interpolated,topology-interp
4678,NEVES1SIN013,-19.820000,-44.100000,interpolated,topology-interp
4680,NEVES2SIN013,-19.820000,-44.100000,interpolated,topology-interp
4681,OPRE2A-MG000,-20.300000,-43.760000,interpolated,topology-interp
4682,OPRE2A-MG013,-20.300000,-43.760000,interpolated,topology-interp
4683,OPRE2B-MG000,-20.300000,-43.760000,interpolated,topology-interp
4684,OPRE2B-MG013,-20.300000,-43.760000,interpolated,topology-interp
4685,OPRE2C-MG000,-20.300000,-43.760000,interpolated,topology-interp
4686,OPRE2C-MG013,-20.300000,-43.760000,interpolated,topology-interp
4687,OPRE2D-MG000,-20.300000,-43.760000,interpolated,topology-interp
4688,OPRET2CER013,-20.300000,-43.760000,interpolated,topology-interp
4689,PIRAP--MG000,-17.340000,-44.870000,interpolated,topology-interp
4690,PIRAP--MG013,-17.340000,-44.870000,interpolated,topology-interp
4692,PIMETA-MG013,-20.470000,-45.790000,interpolated,topology-interp
4694,PIMETB-MG013,-20.470000,-45.790000,interpolated,topology-interp
4695,SGPAAA-MG000,-20.070000,-44.840000,interpolated,topology-interp
4696,SGPAAA-MG013,-20.070000,-44.840000,interpolated,topology-interp
4697,SGPAAB-MG000,-20.070000,-44.840000,interpolated,topology-interp
4698,SGPAAB-MG013,-20.070000,-44.840000,interpolated,topology-interp
4699,SGOTRA-MG000,-19.340000,-46.010000,interpolated,topology-interp
4700,SGOTRA-MG013,-19.340000,-46.010000,interpolated,topology-interp
4701,SGOTRB-MG000,-19.340000,-46.010000,interpolated,topology-interp
4702,SGOTRB-MG013,-19.340000,-46.010000,interpolated,topology-interp
4703,TAQURA-MG000,-19.930000,-43.850000,interpolated,topology-interp
4704,TAQURA-MG013,-19.930000,-43.850000,interpolated,topology-interp
4705,TAQURB-MG000,-19.930000,-43.850000,interpolated,topology-interp
4706,TAQURB-MG013,-19.930000,-43.850000,interpolated,topology-interp
4707,TAQURC-MG000,-19.930000,-43.850000,interpolated,topology-interp
4708,TAQURC-MG013,-19.930000,-43.850000,interpolated,topology-interp
4709,TAQURD-MG000,-19.930000,-43.850000,interpolated,topology-interp
4710,TAQURD-MG013,-19.930000,-43.850000,interpolated,topology-interp
4711,TAQURE-MG000,-19.930000,-43.850000,interpolated,topology-interp
4712,TAQURE-MG013,-19.930000,-43.850000,interpolated,topology-interp
4713,OPRE2E-MG000,-20.300000,-43.760000,interpolated,topology-interp
4714,OPRE2D-MG013,-20.300000,-43.760000,interpolated,topology-interp
4715,TMARAA-MG000,-18.210000,-45.260000,interpolated,topology-interp
4716,TMARAA-MG013,-18.210000,-45.260000,interpolated,topology-interp
4717,TMARAB-MG000,-18.210000,-45.260000,interpolated,topology-interp
4718,TMARAB-MG013,-18.210000,-45.260000,interpolated,topology-interp
4719,TMARAC-MG000,-18.210000,-45.260000,interpolated,topology-interp
4720,TMARAC-MG013,-18.210000,-45.260000,interpolated,topology-interp
4721,TAQUA4-MG000,-19.930000,-43.850000,interpolated,topology-interp
4722,TAQUA4-MG013,-19.930000,-43.850000,interpolated,topology-interp
4723,VPALAA-MG000,-17.590000,-44.740000,interpolated,topology-interp
4724,VPALAA-MG013,-17.590000,-44.740000,interpolated,topology-interp
4725,VPALAB-MG000,-17.590000,-44.740000,interpolated,topology-interp
4726,VPALAB-MG013,-17.590000,-44.740000,interpolated,topology-interp
4729,SGPAAC-MG000,-20.070000,-44.840000,interpolated,topology-interp
4730,SGPAAC-MG013,-20.070000,-44.840000,interpolated,topology-interp
4731,SDUMO2-MG000,-21.470000,-43.530000,interpolated,topology-interp
4732,SDUMO2-MG013,-21.470000,-43.530000,interpolated,topology-interp
4733,BRAUN2-MG000,-19.137778,-42.728889,interpolated,topology-interp
4734,BRAUN2-MG013,-19.137778,-42.728889,interpolated,topology-interp
4735,PIRA2A-MG000,-17.340000,-44.870000,interpolated,topology-interp
4736,PIRA2A-MG013,-17.340000,-44.870000,interpolated,topology-interp
4737,PIRA2B-MG000,-17.340000,-44.870000,interpolated,topology-interp
4738,PIRA2B-MG013,-17.340000,-44.870000,interpolated,topology-interp
4739,SLAGO4-MG000,-19.520000,-44.320000,interpolated,topology-interp
4740,SLAGO4-MG013,-19.520000,-44.320000,interpolated,topology-interp
4741,SGOT2D-MG138,-19.340000,-46.010000,case-existing,case-existing
4742,EMBOCC-MG000,-18.460000,-47.990000,interpolated,topology-interp
4743,EMBOCC-MG013,-18.460000,-47.990000,interpolated,topology-interp
4744,BRAUN1-MG000,-19.113333,-42.726667,interpolated,topology-interp
4745,ARACU2-MG000,-16.830000,-42.020000,interpolated,topology-interp
4746,ARACU2-MG013,-16.830000,-42.020000,interpolated,topology-interp
4747,PARA4A-MG000,-17.070000,-47.110000,interpolated,topology-interp
4748,PARA4A-MG013,-17.070000,-47.110000,interpolated,topology-interp
4749,ITAB2A-MG000,-20.330000,-43.780000,interpolated,topology-interp
4750,ITABI2-MG013,-20.330000,-43.780000,interpolated,topology-interp
4751,VEPS2A-MG000,-19.740000,-43.910000,interpolated,topology-interp
4752,VESP3A-MG013,-19.740000,-43.910000,interpolated,topology-interp
4753,VEPS2B-MG000,-19.740000,-43.910000,interpolated,topology-interp
4754,VESP3B-MG013,-19.740000,-43.910000,interpolated,topology-interp
4755,IRAPE--MG000,-16.730000,-42.570000,interpolated,topology-interp
4756,IRAPE--MG013,-16.730000,-42.570000,interpolated,topology-interp
4757,IRAPEB-MG000,-16.730000,-42.570000,interpolated,topology-interp
4758,IRAPEB-MG013,-16.730000,-42.570000,interpolated,topology-interp
4759,ARAC2B-MG000,-16.830000,-42.020000,interpolated,topology-interp
4760,PARA4B-MG000,-17.070000,-47.110000,interpolated,topology-interp
4761,PARA4B-MG013,-17.070000,-47.110000,interpolated,topology-interp
4762,PARAC3-MG138,-17.145000,-46.985000,interpolated,topology-interp
4763,ARAC2B-MG013,-16.830000,-42.020000,interpolated,topology-interp
4764,LAFAEC-MG000,-20.660000,-43.820000,interpolated,topology-interp
4765,LAFAEC-MG013,-20.660000,-43.820000,interpolated,topology-interp
4881,PIRA2C-MG000,-17.340000,-44.870000,interpolated,topology-interp
4882,PIRA2C-MG013,-17.340000,-44.870000,interpolated,topology-interp
4902,BARRE1-MG013,-20.000000,-43.990000,interpolated,topology-interp
4903,BARRE1-MG000,-20.000000,-43.990000,interpolated,topology-interp
4938,TRIO.1-RJ034,-22.650000,-43.770000,interpolated,topology-interp
4939,TRIO.2-RJ034,-22.650000,-43.770000,interpolated,topology-interp
4941,BMONTEUHE018,-3.130000,-51.780000,case-existing,case-existing
4942,B.MONT-PA500,-3.120000,-51.735000,interpolated,topology-interp
4943,EST-XI-MG500,-20.260000,-47.180000,interpolated,topology-interp
4945,XIN-ES-PA500,-3.110000,-51.690000,interpolated,topology-interp
4946,XIN-TR-PA500,-3.110000,-51.690000,interpolated,topology-interp
4947,TRI-XI-RJ500,-22.650000,-43.770000,case-existing,case-existing
4948,T.RIO-SIN013,-22.650000,-43.770000,interpolated,topology-interp
4949,BMONTESIN013,-3.120000,-51.735000,interpolated,topology-interp
4986,SPELAD-PA500,-6.080000,-49.680000,case-existing,case-existing
4991,VIANA1-ES000,-20.370000,-40.440000,interpolated,topology-interp
4992,VIANAA-ES013,-20.370000,-40.440000,interpolated,topology-interp
4993,VIANA2-ES000,-20.370000,-40.440000,interpolated,topology-interp
4994,VIANAB-ES013,-20.370000,-40.440000,interpolated,topology-interp
4995,VIANA3-ES000,-20.370000,-40.440000,interpolated,topology-interp
4996,VIANAC-ES013,-20.370000,-40.440000,interpolated,topology-interp
4997,VIANA4-ES000,-20.370000,-40.440000,interpolated,topology-interp
4998,VIANAD-ES013,-20.370000,-40.440000,interpolated,topology-interp
5000,SMGUR1CAP500,-13.133333,-48.536667,interpolated,topology-interp
5001,SMGUR2CAP500,-12.436667,-48.773333,interpolated,topology-interp
5002,GURUPI-TO500,-11.740000,-49.010000,case-existing,case-existing
5003,GUMIR1CAP500,-11.006667,-48.846667,interpolated,topology-interp
5004,PEIX-A-TO500,-12.160000,-48.550000,case-existing,case-existing
5005,PEIXE--TO138,-12.230000,-48.390000,case-existing,case-existing
5006,SMGUR6CAP500,-11.950000,-48.780000,interpolated,topology-interp
5007,PEIX-B-TO500,-12.230000,-48.390000,case-existing,case-existing
5014,NIQUEL-GO000,-14.470000,-48.490000,interpolated,topology-interp
5015,NIQUEL-GO013,-14.470000,-48.490000,interpolated,topology-interp
5016,BALTOB-GO000,-15.120000,-48.930000,interpolated,topology-interp
5017,BALTBB-GO013,-15.120000,-48.930000,interpolated,topology-interp
5018,NIQUE2-GO000,-14.470000,-48.490000,interpolated,topology-interp
5019,NIQUE2-GO013,-14.470000,-48.490000,interpolated,topology-interp
5190,JIRAMEUHE013,-9.270000,-64.650000,case-existing,case-existing
5191,JIRAMDUHE013,-9.270000,-64.650000,case-existing,case-existing
5192,SANME5UHE013,-8.800000,-63.950000,case-existing,case-existing
5193,SANLE5UHE013,-8.800000,-63.950000,case-existing,case-existing
5194,SANMD5UHE013,-8.800000,-63.950000,case-existing,case-existing
5195,SANMDI-RO500,-8.855000,-63.955000,interpolated,topology-interp
5196,SANMES-RO500,-8.855000,-63.955000,interpolated,topology-interp
5197,SANLEI-RO500,-8.855000,-63.955000,interpolated,topology-interp
5198,COLET--RO230,-8.910000,-63.960000,case-existing,case-existing
5199,COLETO-RO230,-8.910000,-63.960000,case-existing,case-existing
5200,JIRMD--RO500,-9.090000,-64.305000,interpolated,topology-interp
5201,COL-PV-RO500,-8.910000,-63.960000,case-existing,case-existing
5202,ARARA2-SP500,-21.830000,-48.350000,case-existing,case-existing
5203,ARARA2-SP440,-21.830000,-48.350000,case-existing,case-existing
5204,ARARA2SIN013,-21.830000,-48.350000,interpolated,topology-interp
5205,COLET--RO500,-8.910000,-63.960000,interpolated,topology-interp
5206,ELOARA-SP500,-21.830000,-48.350000,interpolated,topology-interp
5210,JIRME--RO500,-9.090000,-64.305000,interpolated,topology-interp
5876,SUAPE3-PE069,-8.400000,-35.020000,case-existing,case-existing
5885,IGA----RN069,-5.810000,-35.240000,interpolated,topology-interp
6051,BIGUQB-SC138,-27.510000,-48.660000,case-existing,case-existing
6053,BOMBIN-SC138,-27.160000,-48.580000,interpolated,topology-interp
6054,PBELO-TAP138,-27.206667,-48.660000,interpolated,topology-interp
6055,CERPBE-SC138,-27.220000,-48.630000,case-existing,case-existing
6056,GOVCRA-SC138,-27.370000,-48.630000,case-existing,case-existing
6065,COQUEI-SC069,-27.600000,-48.580000,case-existing,case-existing
6067,CAPOE--SC138,-27.600000,-48.590000,case-existing,case-existing
6069,FLAGRO-SC138,-27.570000,-48.540000,case-existing,case-existing
6072,FLMVER-SC138,-27.560000,-48.500000,case-existing,case-existing
6073,ILHACE-SC138,-27.590000,-48.560000,case-existing,case-existing
6074,ILHANO-SC138,-27.450000,-48.450000,case-existing,case-existing
6075,ILHASU-SC138,-27.670000,-48.500000,case-existing,case-existing
6076,PALHPI-SC138,-27.870000,-48.610000,case-existing,case-existing
6077,PALHOC-SC138,-27.670000,-48.680000,case-existing,case-existing
6078,INGLES-SC138,-27.430000,-48.410000,case-existing,case-existing
6079,PTOBEL-SC138,-27.160000,-48.580000,case-existing,case-existing
6081,ROCADO-SC069,-27.575714,-48.720001,interpolated,topology-interp
6082,ROCADO-SC138,-27.590000,-48.620000,case-existing,case-existing
6083,REPARQ-SC138,-27.560000,-48.640000,case-existing,case-existing
6084,STOAMA-SC138,-27.680000,-48.760000,case-existing,case-existing
6085,SLIMOE-SC138,-27.600000,-48.545000,interpolated,topology-interp
6086,SAOJOS-SC138,-27.590000,-48.690000,case-existing,case-existing
6087,SJOBAT-SC138,-27.370000,-48.870909,interpolated,topology-interp
6088,PACNOV-SC138,-27.640000,-48.690000,case-existing,case-existing
6091,TIJUCA-SC138,-27.260000,-48.720000,case-existing,case-existing
6095,GARCIAPCH023,-27.550000,-49.010000,case-existing,case-existing
6096,TRINDA-SC138,-27.600000,-48.500000,case-existing,case-existing
6097,GARCIA-SC069,-27.530000,-49.010000,case-existing,case-existing
6098,CIACAN-SC138,-26.190000,-50.360000,case-existing,case-existing
6099,MILI---SC138,-26.150000,-50.350000,case-existing,case-existing
6100,CANOIN-SC138,-26.200000,-50.400000,case-existing,case-existing
6101,WROCK--SC138,-26.120000,-50.320000,case-existing,case-existing
6102,ARAQUA-SC069,-26.380000,-48.680000,case-existing,case-existing
6104,ARQCOR-SC138,-26.480000,-48.740000,case-existing,case-existing
6105,JCOMPA-SC138,-26.250000,-48.870000,case-existing,case-existing
6106,TUPY---SC138,-26.290000,-48.810000,case-existing,case-existing
6107,DOHLER-SC138,-26.260000,-48.860000,case-existing,case-existing
6108,GARUVA-SC138,-26.070000,-48.860000,case-existing,case-existing
6109,PUNIAO-SC138,-26.260000,-51.040000,case-existing,case-existing
6110,GUARAM-SC138,-26.470000,-49.030000,case-existing,case-existing
6111,GUALOT-SC138,-26.470000,-49.000000,case-existing,case-existing
6112,JCOMPATAP138,-26.252857,-48.873810,interpolated,topology-interp
6113,WETZELTAP138,-26.258571,-48.871429,interpolated,topology-interp
6114,DOHLERTAP138,-26.262857,-48.860476,interpolated,topology-interp
6115,ITAPOA-SC138,-26.080000,-48.610000,case-existing,case-existing
6119,BRACINPCH013,-26.330000,-49.100000,case-existing,case-existing
6120,JARAGU-SC138,-26.470000,-49.080000,case-existing,case-existing
6121,JARRLU-SC138,-26.530000,-49.140000,case-existing,case-existing
6122,RLUZ1-TAP138,-26.616316,-49.122105,interpolated,topology-interp
6123,RLUZ2-TAP138,-26.614545,-49.110909,interpolated,topology-interp
6124,JARTRR-SC138,-26.489474,-49.153158,interpolated,topology-interp
6125,SCHROE-SC138,-26.489473,-49.153158,interpolated,topology-interp
6126,JIRIRI-SC138,-26.260000,-48.810000,case-existing,case-existing
6130,JVVNOV-SC138,-26.270000,-48.900000,interpolated,topology-interp
6131,CISER--SC138,-26.350000,-48.800000,interpolated,topology-interp
6132,JPARAN-SC138,-26.350000,-48.800000,case-existing,case-existing
6133,ITAIBJ-SC138,-26.390000,-50.140000,interpolated,topology-interp
6135,BMW-AR-SC138,-26.480000,-48.740000,case-existing,case-existing
6137,JOINSC-SC138,-26.380000,-48.840000,case-existing,case-existing
6142,JOINVU-SC069,-26.290000,-48.890000,case-existing,case-existing
6143,JOINVU-SC138,-26.290000,-48.890000,case-existing,case-existing
6144,JOINVUTAP138,-26.283333,-48.876667,interpolated,topology-interp
6146,JOINV3-SC069,-26.320000,-48.840000,case-existing,case-existing
6151,JOINV4-SC069,-26.278571,-48.832857,interpolated,topology-interp
6153,JONV4B-SC000,-26.272857,-48.844286,interpolated,topology-interp
6154,JONV4C-SC000,-26.272857,-48.844286,interpolated,topology-interp
6156,JOIN4B-SC013,-26.270000,-48.850000,case-existing,case-existing
6157,JOIN4C-SC013,-26.270000,-48.850000,case-existing,case-existing
6160,JOINV4-SC138,-26.270000,-48.850000,case-existing,case-existing
6161,JOINV5-SC069,-26.290000,-48.870000,case-existing,case-existing
6162,JOINPE-SC138,-26.250000,-48.880000,case-existing,case-existing
6163,JOINGM-SC138,-26.360000,-48.860000,case-existing,case-existing
6165,MAFRA--SC138,-26.140000,-49.810000,case-existing,case-existing
6166,MALW2-TAP138,-26.533636,-49.102727,interpolated,topology-interp
6167,MALWEE-SC138,-26.520000,-49.130000,case-existing,case-existing
6168,MALW1-TAP138,-26.538947,-49.136316,interpolated,topology-interp
6169,PAPAND-SC138,-26.390000,-50.140000,case-existing,case-existing
6170,PETROB-SC069,-26.230000,-48.530000,case-existing,case-existing
6171,PIRABE-SC138,-26.230000,-48.910000,case-existing,case-existing
6172,SFRANA-SC013,-26.344063,-48.729194,interpolated,topology-interp
6173,POITAP-SC138,-26.180000,-48.610000,case-existing,case-existing
6174,SFRANB-SC013,-26.344063,-48.729194,interpolated,topology-interp
6175,TUPER--SC138,-26.220000,-49.340000,interpolated,topology-interp
6176,RNEGRI-SC138,-26.240000,-49.500000,case-existing,case-existing
6177,SFRANA-SC000,-26.344046,-48.729140,interpolated,topology-interp
6178,SFRANB-SC000,-26.344046,-48.729140,interpolated,topology-interp
6179,SBEBB-TAP138,-26.246667,-49.210000,interpolated,topology-interp
6180,SAOBEN-SC138,-26.230000,-49.400000,case-existing,case-existing
6181,SBENBR-SC138,-26.220000,-49.340000,case-existing,case-existing
6182,SBEBA-TAP138,-26.226667,-49.216667,interpolated,topology-interp
6183,SFRANC-SC069,-26.260000,-48.630000,case-existing,case-existing
6184,SFRNC2-SC069,-26.332032,-48.692097,interpolated,topology-interp
6185,SFRAN2-SC138,-26.356042,-48.766130,interpolated,topology-interp
6186,TUPY---SC069,-26.290000,-48.810000,case-existing,case-existing
6187,SFRARG-SC069,-26.240000,-48.585000,interpolated,topology-interp
6188,TIGRE--SC138,-26.250000,-48.910000,case-existing,case-existing
6189,UBATUB-SC069,-26.220000,-48.540000,case-existing,case-existing
6191,DOCOL--SC138,-26.240000,-48.910000,interpolated,topology-interp
6192,WETZEL-SC138,-26.260000,-48.880000,case-existing,case-existing
6194,WEG---TAP138,-26.473333,-49.053333,interpolated,topology-interp
6195,WEG----SC138,-26.480000,-49.050000,case-existing,case-existing
6196,WEGFUN-SC138,-26.450000,-48.940000,case-existing,case-existing
6197,ALTONA-SC069,-26.900000,-49.090000,case-existing,case-existing
6198,COTEMI-SC069,-26.960000,-49.070000,case-existing,case-existing
6199,CREMER-SC069,-26.900000,-49.080000,case-existing,case-existing
6200,BGARCI-SC069,-26.950000,-49.080000,case-existing,case-existing
6201,BGARCI-SC138,-26.950000,-49.080000,case-existing,case-existing
6203,BGARCB-SC000,-26.950000,-49.080000,interpolated,topology-interp
6204,BGARCC-SC000,-26.950000,-49.080000,interpolated,topology-interp
6205,SALTO-PCH023,-26.880000,-49.110000,case-existing,case-existing
6206,BSALTO-SC069,-26.880000,-49.110000,case-existing,case-existing
6208,BFORTA-SC138,-26.860000,-49.060000,case-existing,case-existing
6209,ALTONATAP069,-26.898750,-49.095000,interpolated,topology-interp
6210,CREMERTAP069,-26.916250,-49.085000,interpolated,topology-interp
6211,BLUME2-SC069,-26.780000,-49.090000,case-existing,case-existing
6212,BLUME2-SC138,-26.780000,-49.090000,case-existing,case-existing
6213,BLUM2A-SC000,-26.780000,-49.090000,interpolated,topology-interp
6214,BLUM2B-SC000,-26.780000,-49.090000,interpolated,topology-interp
6215,BLUM2A-SC013,-26.780000,-49.090000,interpolated,topology-interp
6216,BLUM2B-SC013,-26.780000,-49.090000,interpolated,topology-interp
6217,BVELHA-SC138,-26.920000,-49.120000,case-existing,case-existing
6219,BGARCB-SC013,-26.950000,-49.080000,interpolated,topology-interp
6220,BGARCC-SC013,-26.950000,-49.080000,interpolated,topology-interp
6223,BRUSQU-SC138,-27.060000,-48.900000,case-existing,case-existing
6224,BRUSQR-SC138,-27.120000,-48.940000,case-existing,case-existing
6225,BRUSPD-SC138,-27.070000,-48.940000,case-existing,case-existing
6226,BOTUVE-SC138,-27.035000,-49.010000,interpolated,topology-interp
6228,CAMBOR-SC138,-27.000000,-48.630000,case-existing,case-existing
6229,CAMBMB-SC138,-27.030000,-48.600000,case-existing,case-existing
6231,CCCP---SC069,-26.880000,-48.710000,case-existing,case-existing
6232,ITUPRG-SC069,-27.600000,-49.545000,interpolated,topology-interp
6233,AGUASN-SC069,-27.293333,-49.642222,interpolated,topology-interp
6235,CEBRAC-SC138,-26.630000,-48.710000,case-existing,case-existing
6236,FICCEBTAP138,-26.590000,-48.746667,interpolated,topology-interp
6237,FICCEATAP138,-26.653375,-48.757116,interpolated,topology-interp
6238,PALMEIPCH013,-26.650000,-49.340000,case-existing,case-existing
6239,KARSFI-SC069,-26.850000,-49.150000,case-existing,case-existing
6240,RCEDROPCH023,-26.650000,-49.360000,case-existing,case-existing
6244,GASPAR-SC138,-26.930000,-48.940000,case-existing,case-existing
6249,IBIRAM-SC069,-27.060000,-49.510000,case-existing,case-existing
6252,INDAIA-SC138,-26.900000,-49.270000,case-existing,case-existing
6255,ILHOTA-SC069,-26.860109,-48.775669,interpolated,topology-interp
6256,MPRAIA-SC138,-27.140000,-48.630000,case-existing,case-existing
6257,CODESA-SC138,-26.790000,-49.420000,case-existing,case-existing
6258,RSLPNA-SC138,-27.245000,-49.710000,interpolated,topology-interp
6259,PNARSL-SC138,-27.245000,-49.710000,interpolated,topology-interp
6260,METRSL-SC138,-27.245000,-49.710000,interpolated,topology-interp
6262,ITUPOR-SC069,-27.410000,-49.600000,case-existing,case-existing
6263,PNAPGI-SC138,-27.020000,-49.640000,interpolated,topology-interp
6265,ITAJSA-SC069,-26.890000,-48.720000,case-existing,case-existing
6266,ITAJSA-SC138,-26.890000,-48.720000,case-existing,case-existing
6268,ITAJIT-SC138,-26.950000,-48.740000,case-existing,case-existing
6269,ITAJFA-SC138,-26.950000,-48.640000,case-existing,case-existing
6270,NAVEGA-SC138,-26.860000,-48.680000,case-existing,case-existing
6271,CVGOLS-SC069,-26.470000,-49.590000,case-existing,case-existing
6272,PALMEI-SC069,-26.692222,-49.344444,interpolated,topology-interp
6273,VOLTAG-SC069,-26.540000,-49.570000,case-existing,case-existing
6274,POMERO-SC138,-26.760000,-49.170000,case-existing,case-existing
6275,PORTON-SC138,-26.890000,-48.660000,case-existing,case-existing
6276,PICARR-SC138,-26.760000,-48.690000,case-existing,case-existing
6277,PGETUL-SC138,-27.020000,-49.640000,case-existing,case-existing
6279,RIOSU1-SC069,-27.200000,-49.650000,case-existing,case-existing
6280,RIOSU2-SC069,-27.176667,-49.684444,interpolated,topology-interp
6281,RIOSU2-SC138,-27.190000,-49.630000,case-existing,case-existing
6283,RSULCG-SC138,-27.200000,-49.650000,case-existing,case-existing
6284,RIOS2A-SC000,-27.183334,-49.657222,interpolated,topology-interp
6285,RIOS2B-SC000,-27.183334,-49.657222,interpolated,topology-interp
6286,RIOS2A-SC013,-27.183333,-49.657222,interpolated,topology-interp
6287,RIOS2B-SC013,-27.183333,-49.657222,interpolated,topology-interp
6289,TAIO---SC069,-27.140000,-49.990000,case-existing,case-existing
6290,TROMCE-SC138,-27.300000,-49.790000,case-existing,case-existing
6293,TIMBO--SC069,-26.850000,-49.260000,case-existing,case-existing
6294,TIMBO--SC000,-26.850000,-49.260000,interpolated,topology-interp
6295,TIMBO--SC138,-26.850000,-49.260000,case-existing,case-existing
6297,VIDALR-SC138,-27.380000,-49.360000,case-existing,case-existing
6298,BARVEL-SC138,-26.630000,-48.710000,case-existing,case-existing
6299,VOTORA-SC138,-27.360000,-49.340000,case-existing,case-existing
6300,AMBEV--SC138,-27.830000,-50.260000,case-existing,case-existing
6301,BRETIR-SC069,-27.790000,-49.490000,case-existing,case-existing
6302,BERNEC-SC138,-27.320000,-50.510000,case-existing,case-existing
6303,PERY02-SC138,-27.385000,-50.590000,interpolated,topology-interp
6304,KLABOT-SC069,-27.510000,-50.120000,case-existing,case-existing
6305,PERY02PCH023,-27.460000,-50.640000,case-existing,case-existing
6309,CAVEIRPCH023,-27.800000,-50.360000,interpolated,topology-interp
6310,LAGESI-SC138,-27.800000,-50.360000,case-existing,case-existing
6312,KLABCP-SC138,-27.550000,-50.360000,case-existing,case-existing
6313,KIMBER-SC138,-27.550000,-50.360000,case-existing,case-existing
6314,BJARDI-SC138,-28.281764,-49.522456,interpolated,topology-interp
6315,SJOAQ1TAP138,-28.110530,-49.913849,interpolated,topology-interp
6316,SJOAQ2TAP138,-28.127196,-49.900515,interpolated,topology-interp
6317,OTACKB-SC000,-27.496666,-50.126667,interpolated,topology-interp
6318,KLOTAC-SC069,-27.503333,-50.123333,interpolated,topology-interp
6319,OTACIL-SC069,-27.483333,-50.290000,interpolated,topology-interp
6320,OTACIL-SC138,-27.490000,-50.130000,case-existing,case-existing
6321,OTACIL-SC000,-27.486667,-50.209998,interpolated,topology-interp
6322,OTACIL-SC013,-27.486667,-50.210000,interpolated,topology-interp
6323,PTEALT-SC069,-27.480000,-50.370000,case-existing,case-existing
6325,SCECIL-SC069,-26.980000,-50.410000,case-existing,case-existing
6326,SCRIST-SC069,-27.260000,-50.480000,case-existing,case-existing
6327,CURITI-SC138,-27.310000,-50.540000,case-existing,case-existing
6328,SJOAQU-SC138,-28.270000,-49.920000,case-existing,case-existing
6330,SUDATI-SC138,-27.480000,-50.120000,case-existing,case-existing
6331,SCRIST-SC000,-27.276666,-50.499999,interpolated,topology-interp
6332,OTACKB-SC013,-27.496667,-50.126667,interpolated,topology-interp
6333,SCRIST-SC013,-27.276667,-50.500000,interpolated,topology-interp
6334,SCRIST-SC138,-27.293333,-50.520000,interpolated,topology-interp
6335,URUBIC-SC138,-28.270000,-49.920000,interpolated,topology-interp
6336,ABBWOO-SC069,-26.980000,-50.410000,interpolated,topology-interp
6337,CHLORM-SC138,-27.635000,-50.215000,interpolated,topology-interp
6339,VRAMJR-SC138,-27.780000,-50.300000,case-existing,case-existing
6340,ITASEC-SC138,-27.646471,-50.681765,interpolated,topology-interp
6341,BNKSEA-SC138,-27.870000,-50.390000,case-existing,case-existing
6345,CACADO-SC138,-26.790000,-51.020000,case-existing,case-existing
6346,CDCAST-SC138,-26.810000,-50.930000,case-existing,case-existing
6347,ADAMI--SC138,-26.810000,-50.930000,case-existing,case-existing
6348,VARGB--SC138,-26.870000,-51.790000,case-existing,case-existing
6349,PCNLEB-SC138,-26.810000,-50.930000,interpolated,topology-interp
6350,CNOVSA-SC138,-27.380000,-51.210000,case-existing,case-existing
6356,CAPINZ-SC069,-27.350000,-51.600000,case-existing,case-existing
6357,FRAPRT-SC138,-26.790000,-51.030000,case-existing,case-existing
6360,IRANI--SC138,-26.870000,-51.790000,case-existing,case-existing
6361,CATA1-TAP138,-27.086827,-51.702459,interpolated,topology-interp
6362,CATA2-TAP138,-27.086827,-51.702459,interpolated,topology-interp
6363,PTESER-SC138,-27.001033,-51.937599,interpolated,topology-interp
6364,TIROLT-SC138,-26.970000,-51.430000,interpolated,topology-interp
6365,CATAND-SC138,-27.070000,-51.670000,case-existing,case-existing
6366,BATPIO-SC138,-26.970000,-51.430000,interpolated,topology-interp
6367,FRAIBU-SC069,-27.020000,-50.920000,case-existing,case-existing
6368,ADOL3P-SC138,-26.877641,-51.838766,interpolated,topology-interp
6373,CNCEB-TAP138,-27.476176,-51.074412,interpolated,topology-interp
6374,CNCEA-TAP138,-27.526250,-50.931250,interpolated,topology-interp
6375,HCN---TAP138,-27.418750,-51.283750,interpolated,topology-interp
6376,HVR---TAP138,-27.402059,-51.331471,interpolated,topology-interp
6377,VIDPLA-SC069,-27.020000,-51.140000,case-existing,case-existing
6378,GUARAR-SC138,-26.790000,-50.950000,case-existing,case-existing
6384,PERDCA-SC138,-27.380000,-51.590000,case-existing,case-existing
6385,PERDVI-SC138,-27.010000,-51.160000,case-existing,case-existing
6386,HERVAL-SC138,-27.190000,-51.500000,case-existing,case-existing
6387,HERVAL-SC069,-27.296667,-51.566667,interpolated,topology-interp
6388,HERVAL-SC000,-27.243332,-51.533332,interpolated,topology-interp
6389,VIDEIA-SC000,-27.020000,-51.110001,interpolated,topology-interp
6390,VIDEIR-SC069,-27.020000,-51.070000,interpolated,topology-interp
6391,VIDEIR-SC138,-27.020000,-51.150000,case-existing,case-existing
6392,VIDEIB-SC000,-27.020000,-51.110001,interpolated,topology-interp
6394,HERVAL-SC013,-27.243333,-51.533333,interpolated,topology-interp
6395,TROMBI-SC069,-27.020000,-50.920000,case-existing,case-existing
6396,VIDEIA-SC013,-27.020000,-51.110000,interpolated,topology-interp
6397,VIDEIB-SC013,-27.020000,-51.110000,interpolated,topology-interp
6398,TANGAR-SC138,-27.120000,-51.250000,case-existing,case-existing
6399,SCARLOPCH013,-27.300000,-51.570000,case-existing,case-existing
6400,ARABUT-SC069,-27.140000,-52.130000,case-existing,case-existing
6401,ARABUTTAP069,-27.132500,-52.107500,interpolated,topology-interp
6413,CHAPSA-SC138,-27.110000,-52.640000,case-existing,case-existing
6414,CONCSC-SC069,-27.225000,-52.010001,interpolated,topology-interp
6415,CONC2A-SC000,-27.222500,-51.999999,interpolated,topology-interp
6416,CONC2B-SC000,-27.222500,-51.999999,interpolated,topology-interp
6417,CONC2A-SC013,-27.222500,-52.000001,interpolated,topology-interp
6418,CONC2B-SC013,-27.222500,-52.000001,interpolated,topology-interp
6422,CTOMAZTAP138,-27.095714,-52.681429,interpolated,topology-interp
6423,AUROGBTAP138,-27.098571,-52.697143,interpolated,topology-interp
6424,CTOMAZ-SC138,-27.100000,-52.700000,case-existing,case-existing
6425,AUROGB-SC138,-27.100000,-52.710000,case-existing,case-existing
6426,CONCOR-SC069,-27.230000,-52.030000,case-existing,case-existing
6427,CONCSC-SC138,-27.220000,-51.990000,case-existing,case-existing
6430,CHAPE2-SC138,-27.080000,-52.640000,case-existing,case-existing
6431,CHAPEC-SC069,-27.080000,-52.610000,case-existing,case-existing
6433,CELSORPCH023,-26.760000,-52.260000,case-existing,case-existing
6434,CELSOR-SC069,-26.810000,-52.250000,interpolated,topology-interp
6435,IPUMIR-SC069,-27.090000,-52.140000,case-existing,case-existing
6436,ITAPIR-SC069,-27.160000,-53.720000,case-existing,case-existing
6437,FAXINA-SC069,-26.860000,-52.240000,case-existing,case-existing
6438,MARAVI-SC138,-26.760000,-53.150000,case-existing,case-existing
6439,IPUMIRTAP069,-27.027500,-52.162500,interpolated,topology-interp
6440,ITAPIR-SC138,-27.125000,-53.565000,interpolated,topology-interp
6441,PALMIT-SC138,-27.060000,-53.150000,case-existing,case-existing
6442,PINHAL-SC138,-26.810000,-53.030000,case-existing,case-existing
6443,MONDAI-SC138,-27.090000,-53.410000,case-existing,case-existing
6445,ABLLUZ-SC138,-26.610000,-52.290000,case-existing,case-existing
6452,VARLSP-SC138,-26.860000,-52.140000,case-existing,case-existing
6453,AVEBRA-SC138,-26.860000,-52.140000,interpolated,topology-interp
6454,NESPUR-SC138,-26.860000,-52.140000,interpolated,topology-interp
6456,QUILOM-SC138,-26.800000,-52.720000,case-existing,case-existing
6462,SMIGUA-SC000,-26.755714,-53.524999,interpolated,topology-interp
6463,SMIGUB-SC000,-26.755714,-53.524999,interpolated,topology-interp
6464,SMIGU2-SC069,-26.781429,-53.550001,interpolated,topology-interp
6465,SMIGUE-SC138,-26.730000,-53.500000,case-existing,case-existing
6466,SMIGUA-SC013,-26.755714,-53.525001,interpolated,topology-interp
6467,SMIGUB-SC013,-26.755714,-53.525001,interpolated,topology-interp
6468,BRFCON-SC138,-27.230000,-52.030000,case-existing,case-existing
6469,BRFCHA-SC138,-27.090000,-52.650000,case-existing,case-existing
6470,SJCEDR-SC069,-26.450000,-53.510000,case-existing,case-existing
6471,SLOEST-SC138,-26.360000,-52.850000,case-existing,case-existing
6472,PARATI-SC138,-26.350000,-52.840000,case-existing,case-existing
6473,AUROCHTAP138,-27.088571,-52.657143,interpolated,topology-interp
6474,AUROCH-SC138,-27.100000,-52.690000,case-existing,case-existing
6478,SEARA--SC069,-27.150000,-52.310000,case-existing,case-existing
6479,JBSSRA-SC069,-27.160000,-52.320000,case-existing,case-existing
6486,SECPLA-SC069,-27.036420,-52.362557,interpolated,topology-interp
6489,XANXER-SC069,-26.966904,-52.377926,interpolated,topology-interp
6490,XANXER-SC138,-26.860000,-52.390000,case-existing,case-existing
6491,XANXEA-SC000,-26.913451,-52.383963,interpolated,topology-interp
6492,XANXEB-SC000,-26.913451,-52.383963,interpolated,topology-interp
6493,XANXEC-SC000,-26.913451,-52.383963,interpolated,topology-interp
6494,XANXEA-SC013,-26.913452,-52.383963,interpolated,topology-interp
6495,XANXEB-SC013,-26.913452,-52.383963,interpolated,topology-interp
6496,XANXEC-SC013,-26.913452,-52.383963,interpolated,topology-interp
6501,BRANOR-SC069,-28.280000,-49.150000,case-existing,case-existing
6505,BRANORTAP069,-28.312871,-49.112490,interpolated,topology-interp
6509,GRAVAT-SC069,-28.330000,-49.040000,case-existing,case-existing
6510,GRAVATTAP069,-28.370967,-49.054156,interpolated,topology-interp
6518,IMBITU-SC138,-28.240000,-48.670000,case-existing,case-existing
6519,IMBARA-SC138,-28.120000,-48.700000,case-existing,case-existing
6520,GAROPA-SC138,-27.880000,-48.695000,interpolated,topology-interp
6521,CEJATE-SC069,-28.590000,-49.050000,case-existing,case-existing
6522,JAGUAR-SC069,-28.610000,-49.030000,case-existing,case-existing
6523,TUBA2-TAP069,-28.530000,-49.040000,interpolated,topology-interp
6525,LAGUNA-SC138,-28.470000,-48.780000,case-existing,case-existing
6530,ORLEAN-SC138,-28.380000,-49.280000,case-existing,case-existing
6531,TUBAR2-SC069,-28.530000,-49.060000,case-existing,case-existing
6532,TUBARA-SC069,-28.470000,-49.010000,case-existing,case-existing
6533,CAPIVB-SC138,-28.420000,-48.940000,case-existing,case-existing
6535,SANGAO-SC069,-28.670000,-49.110000,case-existing,case-existing
6536,JAGUA-TAP069,-28.623333,-49.063333,interpolated,topology-interp
6538,BASILI-SC138,-28.237540,-49.174657,interpolated,topology-interp
6539,VOTIMB-SC138,-28.210000,-48.680000,case-existing,case-existing
6552,ARARAN-SC069,-28.950000,-49.520000,case-existing,case-existing
6553,ARARLS-SC069,-28.960000,-49.440000,case-existing,case-existing
6555,TURVO--SC069,-28.750000,-49.520000,interpolated,topology-interp
6556,CRIFLO-SC069,-28.680000,-49.410000,case-existing,case-existing
6557,CRICI3-SC069,-28.735000,-49.405000,interpolated,topology-interp
6558,CARAVA-SC069,-28.750000,-49.520000,interpolated,topology-interp
6561,CRICIU-SC069,-28.690000,-49.350000,case-existing,case-existing
6563,CERELD-SC069,-28.780000,-49.360000,case-existing,case-existing
6564,CERPOR-SC069,-28.810000,-49.370000,case-existing,case-existing
6565,CERBET-SC069,-28.770000,-49.370000,case-existing,case-existing
6566,CERBETTAP069,-28.763333,-49.386667,interpolated,topology-interp
6571,ELIANE-SC069,-28.610000,-49.320000,case-existing,case-existing
6572,FSANTA-SC069,-28.750000,-49.520000,interpolated,topology-interp
6574,FORQUI-SC069,-28.740000,-49.430000,case-existing,case-existing
6576,ICARA--SC069,-28.720000,-49.290000,case-existing,case-existing
6577,RINCAO-SC069,-28.780000,-49.270000,case-existing,case-existing
6578,LAUROM-SC069,-28.400000,-49.400000,case-existing,case-existing
6579,MARACA-SC069,-28.860000,-49.470000,case-existing,case-existing
6581,MINAES-SC069,-28.490000,-49.460000,case-existing,case-existing
6583,MORROF-SC069,-28.660000,-49.210000,case-existing,case-existing
6584,IMBRAL-SC069,-28.670000,-49.330000,case-existing,case-existing
6585,CERMOF-SC069,-28.670000,-49.320000,case-existing,case-existing
6588,CERMMV-SC069,-28.660000,-49.210000,case-existing,case-existing
6589,EFLUL--SC069,-28.530000,-49.330000,interpolated,topology-interp
6590,ERMO---SC069,-29.000000,-49.630000,case-existing,case-existing
6593,SOMBRI-SC069,-29.100000,-49.640000,case-existing,case-existing
6594,SIDEOA-SC069,-28.590000,-49.410000,case-existing,case-existing
6595,CEPRAG-SC069,-29.230000,-49.760000,case-existing,case-existing
6596,URUSSA-SC069,-28.530000,-49.330000,case-existing,case-existing
6601,APUCAR-PR230,-23.530000,-51.450000,case-existing,case-existing
6602,PRVNRT-PR230,-23.030000,-52.450000,case-existing,case-existing
6603,LONSUL-PR230,-23.390000,-51.240000,case-existing,case-existing
6604,ARAUCGUTE013,-25.590000,-49.360000,case-existing,case-existing
6605,ARAUCVUTE013,-25.590000,-49.360000,case-existing,case-existing
6606,LNASUL-PR138,-23.390000,-51.240000,case-existing,case-existing
6607,PRVNRT-PR138,-23.030000,-52.450000,case-existing,case-existing
6608,B.IGUA-PR230,-25.510000,-53.680000,case-existing,case-existing
6609,BIGUACUHE013,-25.500000,-53.670000,case-existing,case-existing
6615,C.COMP-PR230,-25.430000,-49.370000,case-existing,case-existing
6616,UBERAB-PR230,-25.480000,-49.210000,case-existing,case-existing
6617,CIC----PR230,-25.530000,-49.330000,case-existing,case-existing
6618,PILARZ-PR230,-25.370000,-49.280000,case-existing,case-existing
6619,UMBARA-PR230,-25.590000,-49.320000,case-existing,case-existing
6623,CCPRB--PR230,-25.200000,-49.320000,case-existing,case-existing
6624,CASCAV-PR230,-25.000000,-53.460000,case-existing,case-existing
6625,CASCVO-PR230,-25.030000,-53.530000,case-existing,case-existing
6626,CASCVO-PR525,-25.030000,-53.530000,case-existing,case-existing
6627,BATEIA-PR230,-25.410000,-49.530000,case-existing,case-existing
6628,BATEIA-PR525,-25.410000,-49.530000,case-existing,case-existing
6629,CSN----PR230,-25.590000,-49.350000,interpolated,topology-interp
6630,GUAIRA-PR525,-24.513899,-53.479267,interpolated,topology-interp
6649,IPU-FI-PR525,-25.120974,-54.007313,interpolated,topology-interp
6651,FIGUEI-PR230,-23.850000,-50.390000,case-existing,case-existing
6652,FOZNOR-PR230,-25.490000,-54.540000,case-existing,case-existing
6653,F.CHOP-PR230,-25.520000,-53.100000,case-existing,case-existing
6654,IGUACU-PR230,-25.470000,-54.480000,case-existing,case-existing
6655,IGUACU-PR525,-25.470000,-54.480000,case-existing,case-existing
6662,GBM----PR525,-26.010000,-51.670000,case-existing,case-existing
6663,GPS----PR230,-25.250000,-48.760000,case-existing,case-existing
6664,GRALHA-PR230,-25.590000,-49.350000,case-existing,case-existing
6665,GUAIRA-PR230,-24.100000,-54.230000,case-existing,case-existing
6673,R.POXI-PR230,-25.580000,-49.370000,interpolated,topology-interp
6675,PLM2T1-PR000,-26.430000,-52.070000,interpolated,topology-interp
6676,PLM2T1-PR013,-26.430000,-52.070000,interpolated,topology-interp
6677,PLM2T2-PR000,-26.430000,-52.070000,interpolated,topology-interp
6678,PLM2T2-PR013,-26.430000,-52.070000,interpolated,topology-interp
6680,IBIPOR-PR230,-23.290000,-51.080000,case-existing,case-existing
6688,JAGUAR-PR230,-24.230000,-49.690000,case-existing,case-existing
6699,LONDRC-PR230,-23.280000,-51.240000,case-existing,case-existing
6708,MARING-PR230,-23.450000,-51.990000,case-existing,case-existing
6710,SARAND-PR525,-23.804622,-52.149727,interpolated,topology-interp
6715,MAUA---PR230,-24.040000,-50.690000,case-existing,case-existing
6716,MAUA--UHE013,-24.060000,-50.710000,case-existing,case-existing
6720,PISA---PR138,-24.230000,-49.690000,interpolated,topology-interp
6721,GPVA-O-PR138,-25.430000,-51.600000,case-existing,case-existing
6722,IRATIN-PR138,-25.370000,-50.670000,case-existing,case-existing
6723,CASTR2-PR138,-24.562233,-50.159145,interpolated,topology-interp
6724,UVIT-N-PR138,-25.915466,-51.178807,interpolated,topology-interp
6730,PATOBR-PR230,-26.210000,-52.670000,case-existing,case-existing
6731,P.FISC-PR230,-25.550000,-48.560000,case-existing,case-existing
6732,P.GR-N-PR230,-25.040000,-50.140000,case-existing,case-existing
6733,P.GR-S-PR230,-25.180000,-50.100000,case-existing,case-existing
6735,PALMA2-PR230,-26.430000,-52.070000,case-existing,case-existing
6747,REPAR--PR230,-25.580000,-49.360000,case-existing,case-existing
6754,SARAND-PR230,-23.440000,-51.830000,case-existing,case-existing
6755,S.CAXI-PR525,-25.540000,-53.500000,case-existing,case-existing
6757,SEGRED-PR525,-25.790000,-52.105000,interpolated,topology-interp
6758,SE-SEG-PR525,-25.790000,-52.100000,case-existing,case-existing
6759,SIDGUA-PR230,-25.570000,-49.420000,case-existing,case-existing
6761,DI.SJP-PR230,-25.530000,-49.130000,case-existing,case-existing
6762,CASSOB-PR230,-25.670000,-49.180000,case-existing,case-existing
6763,SMATEU-PR230,-25.850000,-50.400000,case-existing,case-existing
6764,SMONIC-PR230,-25.360000,-49.140000,case-existing,case-existing
6768,CAVER2-PR006,-25.665601,-52.108659,interpolated,topology-interp
6769,CAVER2-PR138,-25.665602,-52.108665,interpolated,topology-interp
6770,STEPR-UTE013,-22.880000,-52.180000,case-existing,case-existing
6771,STEPRC-PR138,-22.955464,-52.213242,interpolated,topology-interp
6775,JTAVOR-PR138,-23.387733,-50.269931,interpolated,topology-interp
6777,PGS-T4-PR000,-25.180000,-50.100000,interpolated,topology-interp
6778,PGN-T3-PR000,-25.054998,-50.142500,interpolated,topology-interp
6779,AVERDE-PR069,-25.475624,-49.301241,interpolated,topology-interp
6780,SMT-T1-PR013,-25.850000,-50.400000,interpolated,topology-interp
6781,PGS-T4-PR013,-25.180000,-50.100000,interpolated,topology-interp
6782,PGN-T3-PR013,-25.055001,-50.142500,interpolated,topology-interp
6783,AALEG2-PR138,-22.936733,-51.930297,interpolated,topology-interp
6785,PASSOM-PR138,-26.502892,-51.887607,interpolated,topology-interp
6786,LUDESA-PR138,-26.520881,-52.425416,interpolated,topology-interp
6787,USACIG-PR138,-23.466329,-52.956607,interpolated,topology-interp
6788,CROWN--PR138,-25.180000,-50.100000,interpolated,topology-interp
6789,TAFISA-PR138,-25.517937,-49.485216,interpolated,topology-interp
6790,MASISA-PR138,-25.180000,-50.100000,interpolated,topology-interp
6791,AALEG2UTE006,-22.930000,-51.950000,case-existing,case-existing
6792,PEDR1-PCH013,-24.790000,-51.430000,case-existing,case-existing
6794,PASSOMPCH013,-26.700000,-51.920000,case-existing,case-existing
6795,PESQUE-PR034,-24.165714,-49.655714,interpolated,topology-interp
6796,CARGIL-PR138,-24.564239,-50.159127,interpolated,topology-interp
6798,ECOLUZUTE013,-25.360000,-51.480000,case-existing,case-existing
6799,FIGUEIUTE013,-23.850000,-50.390000,case-existing,case-existing
6800,LUDESAPCH013,-26.580000,-52.500000,case-existing,case-existing
6801,USACIGUTE013,-23.370000,-52.910000,case-existing,case-existing
6802,MARGEM-PR138,-25.204615,-49.190769,interpolated,topology-interp
6803,SUMITO-PR138,-25.642028,-49.235678,interpolated,topology-interp
6804,PACCAR-PR138,-25.040000,-50.140000,interpolated,topology-interp
6805,CAFELA-PR138,-24.386111,-53.546938,interpolated,topology-interp
6806,ATLANT-PR138,-23.784491,-52.768715,interpolated,topology-interp
6807,SMIGUA-PR138,-25.326290,-54.360966,interpolated,topology-interp
6808,JCANAD-PR138,-23.314286,-51.194286,interpolated,topology-interp
6809,DITBOR-PR138,-24.273737,-50.273875,interpolated,topology-interp
6810,CHOPIN-PR138,-26.210000,-52.670000,interpolated,topology-interp
6811,AALEGR-PR138,-22.943469,-51.910601,interpolated,topology-interp
6812,ACHATE-PR138,-24.138220,-53.595647,interpolated,topology-interp
6814,ALTONI-PR138,-23.986619,-53.686443,interpolated,topology-interp
6815,VGALUPPCH006,-26.060000,-52.920000,case-existing,case-existing
6816,ANDIRA-PR138,-23.150000,-50.486667,interpolated,topology-interp
6818,APUCAR-PR138,-23.530000,-51.450000,case-existing,case-existing
6819,CRISTO-PR138,-23.539359,-51.515007,interpolated,topology-interp
6820,ALPARA-PR138,-23.209431,-52.304181,interpolated,topology-interp
6821,TANGAR-PR138,-23.374734,-51.295262,interpolated,topology-interp
6822,ARAPON-PR138,-23.431577,-51.328420,interpolated,topology-interp
6823,ARAPOT-PR138,-24.230000,-49.690000,interpolated,topology-interp
6824,ARAUCA-PR069,-25.570000,-49.323333,interpolated,topology-interp
6825,TOMAZC-PR069,-25.550000,-49.326667,interpolated,topology-interp
6826,AREIA--PR138,-25.970000,-51.600000,case-existing,case-existing
6827,ASSAI--PR138,-23.290000,-51.080000,interpolated,topology-interp
6828,ASTORG-PR138,-23.243386,-51.894237,interpolated,topology-interp
6829,ALMTAM-PR138,-25.350000,-49.460000,interpolated,topology-interp
6833,S.INACUTE013,-22.710000,-51.780000,case-existing,case-existing
6834,ANDLST-PR138,-23.080000,-50.190000,case-existing,case-existing
6839,BAIRRA-PR069,-25.440195,-49.215866,interpolated,topology-interp
6840,BDRANT-PR138,-23.150000,-50.486667,interpolated,topology-interp
6841,BATAVI-PR138,-24.721199,-50.152557,interpolated,topology-interp
6844,BARFER-PR138,-24.043362,-52.000141,interpolated,topology-interp
6845,HUHTAM-PR069,-25.416667,-49.136667,interpolated,topology-interp
6846,BVPARA-PR138,-23.175000,-51.275000,interpolated,topology-interp
6847,SPIVAI-PR138,-23.810082,-51.887583,interpolated,topology-interp
6850,CASSOB-PR013,-25.670000,-49.180000,interpolated,topology-interp
6851,CCOMPR-PR013,-25.430000,-49.370000,interpolated,topology-interp
6854,CBACEN-PR230,-25.440000,-49.250000,case-existing,case-existing
6855,I.CELU-PR138,-24.451199,-50.002557,interpolated,topology-interp
6856,ITAMBE-PR138,-25.410000,-49.530000,interpolated,topology-interp
6857,CACHOE-PR138,-26.210000,-52.670000,interpolated,topology-interp
6858,CACHEBUHE013,-26.210000,-52.670000,interpolated,topology-interp
6859,CASTRO-PR138,-24.673916,-50.136288,interpolated,topology-interp
6860,CAPANE-PR069,-25.438601,-49.258103,interpolated,topology-interp
6861,SQUITE-PR069,-25.460000,-49.310000,case-existing,case-existing
6862,C.COMP-PR069,-25.430000,-49.370000,case-existing,case-existing
6863,UBERAB-PR069,-25.480000,-49.210000,case-existing,case-existing
6864,ATUBA--PR069,-25.400390,-49.221733,interpolated,topology-interp
6865,CENTRO-PR069,-25.400000,-49.325000,interpolated,topology-interp
6867,CIC----PR069,-25.530000,-49.330000,case-existing,case-existing
6868,PILARZ-PR069,-25.370000,-49.280000,case-existing,case-existing
6870,UMBARA-PR069,-25.590000,-49.320000,case-existing,case-existing
6871,TARUMA-PR069,-25.440195,-49.215866,interpolated,topology-interp
6872,BACACH-PR069,-25.391563,-49.256929,interpolated,topology-interp
6873,PAROLI-PR069,-25.491251,-49.292508,interpolated,topology-interp
6874,BATEL--PR069,-25.449300,-49.284052,interpolated,topology-interp
6875,NOVOMU-PR069,-25.495000,-49.320000,interpolated,topology-interp
6876,BOQUEI-PR069,-25.535000,-49.265000,interpolated,topology-interp
6877,ALTGLO-PR069,-25.406506,-49.260254,interpolated,topology-interp
6878,MERCES-PR069,-25.400000,-49.325000,interpolated,topology-interp
6879,TATU+F-PR069,-25.575000,-49.322500,interpolated,topology-interp
6880,STAFEL-PR069,-25.400000,-49.325000,interpolated,topology-interp
6881,CASTROPCH013,-24.740000,-50.120000,case-existing,case-existing
6883,CSIQUE-PR069,-25.445000,-49.340000,interpolated,topology-interp
6885,HAUER--PR069,-25.483751,-49.237505,interpolated,topology-interp
6886,JAMERI-PR069,-25.459300,-49.234052,interpolated,topology-interp
6888,PNHROS-PR069,-24.602603,-53.193133,interpolated,topology-interp
6889,B.RETI-PR069,-25.389356,-49.265728,interpolated,topology-interp
6890,XAXIM--PR069,-25.510624,-49.311241,interpolated,topology-interp
6891,CGAUCH-PR138,-23.562645,-53.003703,interpolated,topology-interp
6893,PINHEI-PR138,-24.742869,-53.444725,interpolated,topology-interp
6894,CASCAV-PR138,-25.000000,-53.460000,case-existing,case-existing
6895,OLIMPI-PR138,-24.871436,-53.452390,interpolated,topology-interp
6896,SCRIST-PR138,-25.200000,-53.275000,interpolated,topology-interp
6897,CEUAZU-PR138,-25.054346,-53.700759,interpolated,topology-interp
6898,CHAMIN-PR069,-25.767941,-49.063961,interpolated,topology-interp
6899,CHAMINPCH013,-25.820000,-49.070000,case-existing,case-existing
6900,CIANOR-PR138,-23.777807,-52.422608,interpolated,topology-interp
6901,CLEVEL-PR138,-26.372664,-52.246253,interpolated,topology-interp
6902,CLARGO-PR138,-25.410000,-49.530000,interpolated,topology-interp
6903,BATEIA-PR138,-25.410000,-49.530000,case-existing,case-existing
6904,DICLAR-PR138,-25.410000,-49.530000,interpolated,topology-interp
6906,MOURAO-PR069,-24.170719,-52.451537,interpolated,topology-interp
6907,MOURAOPCH013,-24.110000,-52.330000,case-existing,case-existing
6908,SDUMON-PR138,-23.953120,-52.390944,interpolated,topology-interp
6909,CMOURA-PR069,-24.120344,-52.410806,interpolated,topology-interp
6910,C.MOUR-PR138,-24.070000,-52.370000,case-existing,case-existing
6911,BDEIRA-PR138,-24.011549,-52.380548,interpolated,topology-interp
6912,COCAMA-PR138,-23.440000,-51.985000,interpolated,topology-interp
6913,COCELP-PR069,-25.560000,-49.325000,interpolated,topology-interp
6914,SBANDEPCH013,-22.990000,-51.820000,case-existing,case-existing
6915,COLORA-PR138,-22.897224,-51.998444,interpolated,topology-interp
6916,COPACO-PR138,-24.633155,-53.498876,interpolated,topology-interp
6917,CPROCO-PR138,-23.220000,-50.783333,interpolated,topology-interp
6918,CIC----PR013,-25.530000,-49.330000,interpolated,topology-interp
6919,CSEGRE-PR138,-25.852005,-52.012115,interpolated,topology-interp
6920,COOENT-PR069,-25.436052,-51.418010,interpolated,topology-interp
6921,CLMARQ-PR138,-25.780000,-53.520000,interpolated,topology-interp
6922,COLOMB-PR138,-25.290000,-49.390000,interpolated,topology-interp
6923,COAMO--PR138,-24.070000,-52.370000,interpolated,topology-interp
6925,DI.SJP-PR069,-25.530000,-49.130000,case-existing,case-existing
6926,DISJOS-PR013,-25.530000,-49.130000,interpolated,topology-interp
6929,RSADI2-PR138,-24.573476,-53.598830,interpolated,topology-interp
6930,DIXIET-PR138,-23.336463,-51.182361,interpolated,topology-interp
6931,2VIZIN-PR138,-25.704171,-53.048260,interpolated,topology-interp
6932,SADIAF-PR138,-25.860768,-53.241376,interpolated,topology-interp
6933,COOPAV-PR138,-25.200000,-53.275000,interpolated,topology-interp
6934,AUDIVW-PR138,-25.670000,-49.180000,interpolated,topology-interp
6935,CONCOR-PR138,-24.786764,-53.529461,interpolated,topology-interp
6936,PETROP-PR138,-25.820384,-53.380688,interpolated,topology-interp
6945,RENAUL-PR069,-25.530000,-49.130000,interpolated,topology-interp
6951,FAFEN--PR069,-25.590000,-49.320000,interpolated,topology-interp
6952,FAXINA-PR138,-23.686669,-51.477611,interpolated,topology-interp
6953,FAZIGU-PR138,-25.642429,-49.234814,interpolated,topology-interp
6954,FBELTR-PR138,-25.860790,-53.241331,interpolated,topology-interp
6955,FCHOPU-PR138,-25.520000,-53.100000,interpolated,topology-interp
6956,FCHOP-PCH013,-25.520000,-53.100000,interpolated,topology-interp
6957,FIGUEI-PR138,-23.850000,-50.390000,case-existing,case-existing
6958,FLORES-PR138,-23.070000,-51.310000,interpolated,topology-interp
6959,NEWHOL-PR069,-25.545000,-49.327500,interpolated,topology-interp
6960,F.IGUA-PR069,-25.490000,-54.540000,interpolated,topology-interp
6961,FIGUAC-PR138,-25.490000,-54.540000,interpolated,topology-interp
6962,VYOLAN-PR138,-25.490000,-54.540000,interpolated,topology-interp
6963,PORTAL-PR138,-25.490000,-54.540000,interpolated,topology-interp
6964,FOZNOR-PR138,-25.490000,-54.540000,case-existing,case-existing
6965,FCHOPI-PR138,-25.520000,-53.100000,case-existing,case-existing
6966,FRGRAN-PR138,-25.628255,-49.263592,interpolated,topology-interp
6967,SADIA--PR138,-24.573528,-53.598921,interpolated,topology-interp
6968,FUNDAO-PR138,-25.706434,-51.914048,interpolated,topology-interp
6969,FUNDA-UHE013,-25.700000,-52.000000,case-existing,case-existing
6970,CANHADPCH013,-25.980000,-52.220000,case-existing,case-existing
6979,GBM---UHE013,-26.010000,-51.670000,case-existing,case-existing
6980,GOIOER-PR138,-24.122116,-53.000177,interpolated,topology-interp
6981,GPS----PR138,-25.250000,-48.760000,case-existing,case-existing
6982,GPS---UHE013,-25.140000,-48.870000,case-existing,case-existing
6984,GUAIRA-PR138,-24.100000,-54.230000,case-existing,case-existing
6985,GUARAI-PR069,-25.360000,-49.140000,interpolated,topology-interp
6986,GUARAT-PR138,-25.550000,-48.560000,interpolated,topology-interp
6987,GUARIC-PR069,-25.663799,-49.051987,interpolated,topology-interp
6988,GUARI-UHE013,-25.710000,-48.970000,case-existing,case-existing
6989,GUARAP-PR069,-25.436245,-51.417824,interpolated,topology-interp
6990,GUARAP-PR138,-25.482792,-51.446066,interpolated,topology-interp
6991,VILACA-PR138,-25.362732,-51.398059,interpolated,topology-interp
6993,GPS---SIN013,-25.250000,-48.760000,interpolated,topology-interp
6994,GBM---SIN013,-26.010000,-51.670000,interpolated,topology-interp
6995,PESQUEPCH006,-24.130000,-49.640000,case-existing,case-existing
7000,UMUSUL-PR230,-23.790000,-53.290000,case-existing,case-existing
7001,BERNEC-PR230,-25.535000,-49.350000,interpolated,topology-interp
7002,BERNECUTE013,-25.540000,-49.370000,case-existing,case-existing
7008,FOZEST-PR138,-26.121928,-51.778405,interpolated,topology-interp
7009,IBAITI-PR138,-23.695835,-50.349957,interpolated,topology-interp
7010,IBEMA--PR138,-25.000000,-53.460000,interpolated,topology-interp
7011,IBIPOR-PR138,-23.290000,-51.080000,case-existing,case-existing
7012,IMBITU-PR138,-25.243846,-50.437611,interpolated,topology-interp
7013,INPACE-PR138,-24.230000,-49.690000,interpolated,topology-interp
7014,IRATI--PR138,-25.497664,-51.036196,interpolated,topology-interp
7015,PGROSS-PR525,-25.090000,-50.320000,case-existing,case-existing
7016,ITAIPU-PR069,-25.490000,-54.540000,interpolated,topology-interp
7017,IVAIPO-PR138,-24.250007,-51.742833,interpolated,topology-interp
7018,CAMBE--PR138,-23.298946,-51.251052,interpolated,topology-interp
7020,PGROSS-PR230,-25.090000,-50.320000,case-existing,case-existing
7021,GPVA-O-PR230,-25.430000,-51.600000,case-existing,case-existing
7022,IRATIN-PR230,-25.370000,-50.670000,case-existing,case-existing
7023,CASTR2-PR230,-24.780000,-50.060000,case-existing,case-existing
7024,UVIT-N-PR230,-26.130000,-51.150000,case-existing,case-existing
7026,JAGUAR-PR034,-24.201429,-49.671429,interpolated,topology-interp
7027,P.GROS-PR500,-23.880000,-50.335000,interpolated,topology-interp
7028,JAGUAR-PR138,-24.230000,-49.690000,case-existing,case-existing
7041,KLABIN-PR230,-24.290000,-50.600000,case-existing,case-existing
7042,KLACEL-PR230,-24.250000,-50.740000,case-existing,case-existing
7050,LACTA--PR069,-25.575000,-49.322500,interpolated,topology-interp
7051,LAPA---PR138,-25.462534,-49.597530,interpolated,topology-interp
7053,LARANJ-PR138,-25.479200,-52.205210,interpolated,topology-interp
7054,V.CRUZ-PR138,-23.449411,-51.067060,interpolated,topology-interp
7055,LONDRC-PR138,-23.280000,-51.240000,case-existing,case-existing
7056,JBANDE-PR138,-23.297143,-51.217143,interpolated,topology-interp
7057,RDAVID-PR138,-23.392936,-51.124711,interpolated,topology-interp
7058,PALERM-PR138,-23.285000,-51.160000,interpolated,topology-interp
7059,IGAPO--PR138,-23.331429,-51.171429,interpolated,topology-interp
7060,SEMIRA-PR138,-23.364704,-51.153531,interpolated,topology-interp
7061,LOANDA-PR138,-23.310828,-52.729330,interpolated,topology-interp
7062,CACIQE-PR138,-23.280000,-51.240000,interpolated,topology-interp
7063,C-VALE-PR138,-24.118752,-53.913964,interpolated,topology-interp
7070,MAMBOR-PR069,-24.322088,-52.689775,interpolated,topology-interp
7071,MAMBOR-PR138,-24.333324,-52.676050,interpolated,topology-interp
7072,MANDAC-PR138,-23.447569,-51.951099,interpolated,topology-interp
7073,MANDAG-PR138,-23.576799,-51.775029,interpolated,topology-interp
7074,ROLAND-PR138,-23.317891,-51.262103,interpolated,topology-interp
7075,MARIAL-PR138,-23.508401,-51.802514,interpolated,topology-interp
7076,MATINH-PR138,-25.550000,-48.560000,interpolated,topology-interp
7077,VGAUCH-PR138,-24.402694,-54.111666,interpolated,topology-interp
7078,MCROND-PR138,-24.325100,-53.957917,interpolated,topology-interp
7079,MEDIAN-PR138,-25.162935,-54.182171,interpolated,topology-interp
7080,JALVOR-PR138,-23.442703,-51.873249,interpolated,topology-interp
7081,MARING-PR138,-23.450000,-51.990000,case-existing,case-existing
7082,HORIZO-PR138,-23.445000,-51.910000,interpolated,topology-interp
7086,MORRET-PR138,-25.406667,-48.746667,interpolated,topology-interp
7088,PAICND-PR138,-23.450000,-51.990000,interpolated,topology-interp
7090,PGRO.N-PR034,-25.070001,-50.145000,interpolated,topology-interp
7091,PGRO.S-PR034,-25.180000,-50.100000,interpolated,topology-interp
7096,NESPER-PR138,-23.329694,-52.147035,interpolated,topology-interp
7116,PALMAS-PR138,-26.305779,-51.855212,interpolated,topology-interp
7117,PALMEI-PR138,-25.273154,-49.992595,interpolated,topology-interp
7118,PALOTI-PR138,-24.119621,-53.912919,interpolated,topology-interp
7119,PRANAV-PR138,-23.089175,-52.461145,interpolated,topology-interp
7120,PARAN-UHE013,-25.520000,-53.100000,interpolated,topology-interp
7121,PARANH-PR138,-25.520000,-53.100000,interpolated,topology-interp
7122,PATOBR-PR138,-26.210000,-52.670000,case-existing,case-existing
7124,PIRIZA-PR069,-25.663746,-49.052017,interpolated,topology-interp
7125,PRANAG-PR138,-25.421433,-48.645712,interpolated,topology-interp
7126,P.FISC-PR138,-25.550000,-48.560000,case-existing,case-existing
7127,PORTO--PR138,-25.464292,-48.617139,interpolated,topology-interp
7128,P.GR-N-PR138,-25.040000,-50.140000,case-existing,case-existing
7129,P.GR-S-PR138,-25.180000,-50.100000,case-existing,case-existing
7130,SABARA-PR138,-25.148984,-50.250218,interpolated,topology-interp
7131,BELEM--PR138,-25.124049,-50.115986,interpolated,topology-interp
7132,UVARAN-PR138,-25.068030,-50.131991,interpolated,topology-interp
7133,VENDRA-PR138,-25.164847,-50.175661,interpolated,topology-interp
7134,PINHAI-PR069,-25.416665,-49.136667,interpolated,topology-interp
7135,BVISTA-PR138,-26.291321,-52.458124,interpolated,topology-interp
7136,PIRAQU-PR069,-25.473333,-49.133333,interpolated,topology-interp
7137,PITANG-PR138,-24.730000,-52.010000,case-existing,case-existing
7139,PLESTE-PR138,-25.550000,-48.560000,interpolated,topology-interp
7140,PLPARA-PR138,-24.230000,-49.690000,interpolated,topology-interp
7141,PROVID-PR069,-25.547746,-49.129084,interpolated,topology-interp
7142,PRUDEN-PR138,-25.252211,-51.008016,interpolated,topology-interp
7144,PiraiS-PR138,-24.340880,-49.846381,interpolated,topology-interp
7147,SJOAO2PCH013,-25.060000,-50.990000,case-existing,case-existing
7148,COBRE-PCH013,-25.120000,-52.390000,case-existing,case-existing
7149,MACACOPCH034,-24.070000,-49.620000,case-existing,case-existing
7150,FSALTOPCH034,-24.640000,-53.100000,case-existing,case-existing
7152,4BARRA-PR069,-25.416667,-49.136667,interpolated,topology-interp
7153,QIGUAC-PR138,-25.499600,-52.652606,interpolated,topology-interp
7163,BOSCH--PR069,-25.545000,-49.327500,interpolated,topology-interp
7166,RCOCEL-PR069,-25.560000,-49.325000,interpolated,topology-interp
7167,RCOPAC-PR138,-24.632509,-53.499301,interpolated,topology-interp
7168,RDIXIE-PR138,-23.336467,-51.182356,interpolated,topology-interp
7169,REALEZ-PR138,-25.780000,-53.520000,case-existing,case-existing
7170,C-PROD-PR069,-25.430000,-49.370000,interpolated,topology-interp
7171,REFRIP-PR069,-25.487498,-49.264985,interpolated,topology-interp
7172,RBRANC-PR138,-25.281538,-49.346923,interpolated,topology-interp
7173,RIOAZU-PR138,-25.640232,-50.992665,interpolated,topology-interp
7175,MSMARI-PR069,-25.435963,-51.417506,interpolated,topology-interp
7177,BRCAPA-PR138,-25.780000,-53.520000,interpolated,topology-interp
7178,AMBEV--PR138,-25.178629,-50.343258,interpolated,topology-interp
7179,SEPAC--PR138,-25.777836,-51.085698,interpolated,topology-interp
7181,SALTOM-PR069,-25.715829,-49.057998,interpolated,topology-interp
7182,SGCHOP-PR138,-25.860840,-53.241374,interpolated,topology-interp
7183,SGCHO-UHE013,-25.860971,-53.241242,interpolated,topology-interp
7185,SAOJOA-PR138,-23.510000,-49.690000,interpolated,topology-interp
7186,SAOJO-UHE013,-20.810000,-46.710000,case-existing,case-existing
7187,SAPLAT-PR138,-23.234165,-50.230043,interpolated,topology-interp
7188,SARAND-PR138,-23.440000,-51.830000,case-existing,case-existing
7189,SANTSU-PR138,-25.780000,-53.520000,interpolated,topology-interp
7190,S.CAXIUHE013,-25.540000,-53.500000,case-existing,case-existing
7191,S.CAXISIN013,-25.540000,-53.500000,interpolated,topology-interp
7192,STACLA-PR138,-25.567301,-51.730000,interpolated,topology-interp
7193,SCLAR-UHE013,-25.650000,-51.960000,case-existing,case-existing
7194,JTROPI-PR138,-23.441352,-51.851630,interpolated,topology-interp
7195,SEGREDUHE013,-25.790000,-52.110000,case-existing,case-existing
7196,SENGES-PR138,-24.133333,-49.643333,interpolated,topology-interp
7197,STAHEL-PR138,-24.782540,-54.146727,interpolated,topology-interp
7198,SEGREDSIN013,-25.790000,-52.105000,interpolated,topology-interp
7200,SICAMP-PR138,-23.542267,-50.310069,interpolated,topology-interp
7202,SJPINH-PR069,-25.565463,-49.128225,interpolated,topology-interp
7203,GUATUP-PR069,-25.473333,-49.133333,interpolated,topology-interp
7204,CASSOB-PR138,-25.670000,-49.180000,case-existing,case-existing
7206,SAOMAT-PR034,-25.850000,-50.400000,interpolated,topology-interp
7207,SMONIC-PR069,-25.360000,-49.140000,case-existing,case-existing
7209,SALTNA-PR069,-24.130344,-52.375806,interpolated,topology-interp
7210,SNATA-PCH013,-24.090000,-52.300000,case-existing,case-existing
7211,SOCORR-PR138,-25.666369,-51.499029,interpolated,topology-interp
7212,STEREZ-PR138,-23.788037,-52.941127,interpolated,topology-interp
7213,STERE-UTE013,-23.750000,-52.870000,case-existing,case-existing
7221,TAF-PI-PR138,-25.517433,-49.486615,interpolated,topology-interp
7222,TELBOR-PR069,-24.197542,-50.330864,interpolated,topology-interp
7223,TELBOR-PR138,-24.197778,-50.330994,interpolated,topology-interp
7224,TOLEDO-PR138,-24.360324,-53.668346,interpolated,topology-interp
7225,CONFLU-PR138,-25.012543,-51.406620,interpolated,topology-interp
7226,TBORBA-PR138,-24.062172,-50.332031,interpolated,topology-interp
7227,TBORB-UHE013,-24.061921,-50.331896,interpolated,topology-interp
7228,TIBAGIUHE013,-24.530000,-50.410000,case-existing,case-existing
7229,TUNAS--PR138,-25.204616,-49.190770,interpolated,topology-interp
7230,NHORIZ-PR138,-25.102308,-48.905384,interpolated,topology-interp
7231,TIBAGI-PR138,-24.468736,-50.328826,interpolated,topology-interp
7232,CONFLUPCH013,-24.920000,-51.410000,case-existing,case-existing
7233,UBIRAT-PR138,-24.471104,-53.025360,interpolated,topology-interp
7234,UBIRAT-PR069,-24.462394,-52.941306,interpolated,topology-interp
7235,UMUARA-PR138,-23.911295,-53.323555,interpolated,topology-interp
7237,TAMOIO-PR138,-23.829490,-53.185562,interpolated,topology-interp
7238,BITURU-PR138,-25.942726,-51.389386,interpolated,topology-interp
7239,UVITOR-PR138,-26.010696,-51.215116,interpolated,topology-interp
7240,PIGUAC-PR138,-26.039035,-51.258467,interpolated,topology-interp
7241,STETR-UTE034,-22.780000,-52.700000,case-existing,case-existing
7242,GEOEL-UTE034,-23.270000,-52.490000,case-existing,case-existing
7243,AALFLO-PR138,-22.965000,-51.345000,interpolated,topology-interp
7244,AALFLOUTE013,-22.860000,-51.380000,case-existing,case-existing
7245,COOPCA-PR138,-23.179583,-52.475632,interpolated,topology-interp
7246,COOPC-UTE013,-23.270000,-52.490000,case-existing,case-existing
7247,COCAMAUTE013,-23.430000,-51.980000,case-existing,case-existing
7251,VOLVO--PR069,-25.430000,-49.370000,interpolated,topology-interp
7265,XISTO--PR230,-25.850000,-50.400000,interpolated,topology-interp
7299,CBALES-PR230,-25.570000,-49.080000,case-existing,case-existing
7300,CBALES-PR525,-25.570000,-49.080000,case-existing,case-existing
7301,C.NOVOUHE013,-27.600000,-51.330000,case-existing,case-existing
7302,C.NOVO-SC230,-27.570000,-51.375000,interpolated,topology-interp
7303,B.GRANUHE013,-27.780000,-51.190000,case-existing,case-existing
7304,B.GRAN-SC230,-27.770000,-51.180000,case-existing,case-existing
7305,F.CHAPUHE013,-27.140000,-53.040000,case-existing,case-existing
7306,F.CHAP-SC230,-27.140000,-53.050000,case-existing,case-existing
7307,MCLARO-RS230,-29.010000,-51.540000,case-existing,case-existing
7308,MCLARU-RS230,-29.020000,-51.530000,interpolated,topology-interp
7309,M.CLA-UHE013,-29.030000,-51.520000,case-existing,case-existing
7310,C.ALVE-RS230,-29.010000,-51.460000,interpolated,topology-interp
7311,C.ALV-UHE013,-29.010000,-51.380000,case-existing,case-existing
7312,14JULH-RS230,-29.035000,-51.605000,interpolated,topology-interp
7313,14JULHUHE013,-29.060000,-51.670000,case-existing,case-existing
7314,F.CHAPSIN013,-27.140000,-53.050000,interpolated,topology-interp
7361,MUDCA3-RS069,-30.865000,-55.520000,interpolated,topology-interp
7364,ALEGR4-RS069,-29.810000,-55.840000,case-existing,case-existing
7365,Y-ALE4-RS069,-29.883333,-55.903333,interpolated,topology-interp
7366,QUARA2-RS069,-30.060000,-56.150000,case-existing,case-existing
7367,CBOM-A-RS023,-29.690000,-51.070000,case-existing,case-existing
7368,PLANSU-RS138,-29.830000,-51.180000,case-existing,case-existing
7369,CBOM-B-RS023,-29.690000,-51.070000,case-existing,case-existing
7371,Y-MSPR-RS138,-29.853333,-51.176667,interpolated,topology-interp
7372,VAI1-B-RS013,-29.630000,-52.160000,case-existing,case-existing
7373,VAI1-A-RS013,-29.630000,-52.160000,case-existing,case-existing
7374,LAJEA2-RS013,-29.470000,-51.980000,interpolated,topology-interp
7375,MSPRIN-RS138,-29.880000,-51.190000,case-existing,case-existing
7377,Y-SUBR-RS069,-29.689091,-51.080909,interpolated,topology-interp
7378,QUARA1-RS069,-30.380000,-56.440000,case-existing,case-existing
7379,LIVRA2-RS069,-30.860000,-55.540000,case-existing,case-existing
7380,LIV2-A-RS013,-30.860000,-55.540000,case-existing,case-existing
7381,LIVRAB-RS013,-30.860000,-55.540000,interpolated,topology-interp
7382,TSLUIS-RS138,-29.890000,-51.180000,case-existing,case-existing
7383,CIND-A-RS023,-29.890000,-51.180000,case-existing,case-existing
7384,URUGU1-RS069,-29.780000,-57.060000,case-existing,case-existing
7385,URUGU3-RS069,-30.100000,-57.330000,case-existing,case-existing
7386,ALEGR2-RS069,-29.780000,-55.720000,case-existing,case-existing
7387,LIVRA1-RS069,-30.870000,-55.500000,case-existing,case-existing
7388,URUGU2-RS069,-29.900000,-56.720000,case-existing,case-existing
7389,SCHA-A-RS023,-29.720000,-51.150000,case-existing,case-existing
7390,SMARI2-RS069,-29.710000,-53.740000,case-existing,case-existing
7393,SAPUCA-RS138,-29.810000,-51.130000,case-existing,case-existing
7395,AGUDO--RS069,-29.650000,-53.260000,case-existing,case-existing
7403,CACAPA-RS069,-30.520000,-53.480000,case-existing,case-existing
7404,CACEQU-RS069,-29.870000,-54.820000,case-existing,case-existing
7405,CACHOE-RS069,-30.000000,-52.910000,case-existing,case-existing
7413,VFUMOS-RS069,-29.710000,-52.564000,interpolated,topology-interp
7414,CANDE1-RS069,-29.680000,-52.780000,case-existing,case-existing
7416,VSOL---RS069,-29.690000,-52.650000,case-existing,case-existing
7418,NHAMB3-RS069,-29.680000,-51.090000,case-existing,case-existing
7419,ENT86--RS069,-29.687273,-51.112727,interpolated,topology-interp
7420,CPG2---RS069,-29.840000,-51.180000,case-existing,case-existing
7424,CIMBAG-RS069,-29.920000,-51.280000,case-existing,case-existing
7426,Y-SATI-RS069,-29.750000,-51.953333,interpolated,topology-interp
7427,Y-PID--RS069,-29.850000,-51.400000,interpolated,topology-interp
7428,Y-CIMB-RS069,-29.870909,-51.266364,interpolated,topology-interp
7431,ESTEIO-RS069,-29.840000,-51.180000,case-existing,case-existing
7432,ESTREL-RS069,-29.480000,-51.960000,case-existing,case-existing
7434,FAXINA-RS069,-29.590000,-53.430000,case-existing,case-existing
7438,JAGUAR-RS069,-29.490000,-54.700000,case-existing,case-existing
7439,MACAMB-RS023,-29.150000,-56.070000,case-existing,case-existing
7440,LAJEA1-RS069,-29.440000,-51.960000,case-existing,case-existing
7442,SSCAI--RS138,-29.580000,-51.360000,case-existing,case-existing
7444,NHAMB1-RS069,-29.660000,-51.130000,case-existing,case-existing
7445,MONTE1-RS138,-29.670000,-51.460000,case-existing,case-existing
7446,CMPOB2-RS138,-29.577145,-51.207138,interpolated,topology-interp
7447,MONTE2-RS069,-29.830000,-51.410000,case-existing,case-existing
7448,PETROB-RS069,-29.870000,-51.170000,case-existing,case-existing
7449,ROSARI-RS069,-30.240000,-54.920000,case-existing,case-existing
7450,RPARDO-RS069,-29.960000,-52.360000,case-existing,case-existing
7451,SOLEIL-RS069,-29.840000,-51.170000,case-existing,case-existing
7454,SANTIA-RS069,-29.210000,-54.870000,case-existing,case-existing
7455,SCR1-A-RS013,-29.750000,-52.420000,interpolated,topology-interp
7456,SAPIRA-RS069,-29.650000,-51.010000,case-existing,case-existing
7457,SCR1-B-RS013,-29.750000,-52.420000,interpolated,topology-interp
7460,SBORJ1-RS069,-28.670000,-56.020000,case-existing,case-existing
7469,SBORJ2-RS023,-28.690000,-56.000000,case-existing,case-existing
7470,ALEGR1-RS013,-29.780000,-55.770000,case-existing,case-existing
7472,SGABRI-RS069,-30.340000,-54.330000,case-existing,case-existing
7473,SITEL--RS069,-29.850000,-51.380000,case-existing,case-existing
7474,SCRUZ2-RS069,-29.700000,-52.440000,case-existing,case-existing
7476,SSEPE--RS069,-30.170000,-53.590000,case-existing,case-existing
7478,SATIPE-RS069,-29.810000,-51.850000,case-existing,case-existing
7479,ENT830-RS069,-29.635827,-53.617062,interpolated,topology-interp
7480,Y-TABA-RS069,-29.760000,-52.430000,case-existing,case-existing
7481,TAQUAR-RS069,-29.810000,-51.850000,case-existing,case-existing
7483,SOUZAC-RS069,-29.780000,-52.410000,case-existing,case-existing
7484,CNA1-A-RS023,-29.950000,-51.190000,case-existing,case-existing
7485,TFATIM-RS069,-29.950000,-51.180000,case-existing,case-existing
7486,BIANCH-RS069,-29.920000,-51.240000,case-existing,case-existing
7487,Y-TFAT-RS069,-29.952000,-51.200000,interpolated,topology-interp
7488,Y-BIAN-RS069,-29.936000,-51.220000,interpolated,topology-interp
7489,TREMSU-RS069,-29.810000,-51.140000,case-existing,case-existing
7490,INCOBR-RS069,-29.970000,-51.200000,case-existing,case-existing
7491,CNA1-B-RS023,-29.950000,-51.190000,case-existing,case-existing
7492,SVICEN-RS023,-29.700000,-54.700000,case-existing,case-existing
7493,Y-VFUM-RS069,-29.710000,-52.564000,interpolated,topology-interp
7494,SPEDRO-RS069,-29.600000,-54.170000,case-existing,case-existing
7496,SFRANC-RS069,-29.560000,-55.130000,case-existing,case-existing
7498,ALEGR3-RS069,-29.380000,-56.040000,case-existing,case-existing
7506,Y-QUAR-RS069,-30.037411,-56.113115,interpolated,topology-interp
7508,Y-SITE-RS069,-29.863636,-51.345455,interpolated,topology-interp
7514,SCHA-B-RS023,-29.720000,-51.150000,case-existing,case-existing
7517,SMARI4-RS069,-29.700000,-53.840000,case-existing,case-existing
7519,SMA1-A-RS013,-29.660000,-53.790000,case-existing,case-existing
7520,FORMIG-RS069,-30.090000,-53.640000,case-existing,case-existing
7522,Y-SMA5-RS069,-29.706667,-53.796667,interpolated,topology-interp
7523,SMARI5-RS069,-29.710000,-53.810000,case-existing,case-existing
7525,SUBRAS-RS069,-29.690000,-51.060000,case-existing,case-existing
7526,Y-PETR-RS069,-29.860312,-51.154586,interpolated,topology-interp
7531,SCHA-C-RS023,-29.720000,-51.150000,case-existing,case-existing
7532,SMA1-B-RS013,-29.660000,-53.790000,case-existing,case-existing
7533,TRIUNF-RS069,-29.940000,-51.710000,case-existing,case-existing
7535,Y-TAQU-RS069,-29.880000,-51.735000,interpolated,topology-interp
7536,SCHA-D-RS023,-29.720000,-51.150000,case-existing,case-existing
7537,URUGU4-RS069,-29.550000,-56.740000,case-existing,case-existing
7540,Y-VAI2-RS069,-29.653333,-52.220000,interpolated,topology-interp
7541,VAIRE2-RS069,-29.630000,-52.200000,case-existing,case-existing
7544,NHAMB2-RS138,-29.710000,-51.110000,case-existing,case-existing
7545,CANOA3-RS138,-29.900000,-51.150000,case-existing,case-existing
7547,PORTAO-RS138,-29.710000,-51.250000,case-existing,case-existing
7548,SBORJ3-RS069,-28.810000,-55.560000,case-existing,case-existing
7551,SOBRAD-RS069,-29.430000,-53.030000,case-existing,case-existing
7562,SINIMB-RS069,-29.540000,-52.520000,case-existing,case-existing
7564,GRANOL-RS069,-29.480000,-51.970000,case-existing,case-existing
7566,PPETRO-RS034,-29.870000,-51.390000,interpolated,topology-interp
7570,CCOIN1-RS069,-29.870769,-51.124023,interpolated,topology-interp
7571,CBOM---RS069,-29.690000,-51.070000,case-existing,case-existing
7573,URUGU7-RS069,-29.760000,-57.060000,case-existing,case-existing
7574,DIRMAO-RS138,-29.590000,-51.110000,case-existing,case-existing
7575,EVELHA-RS138,-29.650000,-51.150000,case-existing,case-existing
7576,CIND-B-RS023,-29.890000,-51.180000,case-existing,case-existing
7577,LAJEA2-RS069,-29.470000,-51.980000,case-existing,case-existing
7578,MACAMB-RS069,-29.150000,-56.070000,case-existing,case-existing
7579,NUTEPA-RS069,-29.970000,-51.200000,interpolated,topology-interp
7580,PPETRO-RS069,-29.870000,-51.390000,case-existing,case-existing
7581,PEPSI--RS138,-29.810000,-51.170000,case-existing,case-existing
7582,SCHARL-RS138,-29.720000,-51.150000,case-existing,case-existing
7583,SCRUZ1-RS069,-29.750000,-52.420000,case-existing,case-existing
7584,SIDERU-RS230,-29.810000,-51.180000,case-existing,case-existing
7585,SMARI3-RS069,-29.680000,-53.880000,case-existing,case-existing
7587,SVIC-A-RS069,-29.700000,-54.700000,case-existing,case-existing
7588,URUGU5-RS069,-29.810000,-57.000000,case-existing,case-existing
7589,VAIRE1-RS069,-29.630000,-52.160000,case-existing,case-existing
7590,SLEOP2-RS138,-29.790000,-51.160000,case-existing,case-existing
7591,ALEGR1-RS069,-29.672217,-55.749335,interpolated,topology-interp
7592,SLEOP1-RS138,-29.760000,-51.110000,case-existing,case-existing
7593,SCHARL-RS069,-29.720000,-51.150000,case-existing,case-existing
7594,SMAR2B-RS069,-29.607481,-53.681185,interpolated,topology-interp
7595,UFSEGR-RS069,-29.430000,-54.600000,interpolated,topology-interp
7596,SBORJ2-RS069,-28.690000,-56.000000,case-existing,case-existing
7598,FSEGREPCH013,-29.370000,-54.500000,case-existing,case-existing
7599,SCR1-C-RS013,-29.750000,-52.420000,case-existing,case-existing
7600,CANDE2-RS069,-29.650000,-52.800000,case-existing,case-existing
7602,SCR1-D-RS013,-29.750000,-52.420000,case-existing,case-existing
7603,SVIC-B-RS069,-29.756667,-54.740000,interpolated,topology-interp
7604,PFILMS-RS069,-29.820000,-51.390000,case-existing,case-existing
7608,MAXFOR-RS069,-29.880000,-51.170000,case-existing,case-existing
7610,Y-SCR2-RS069,-29.716667,-52.386667,interpolated,topology-interp
7620,PERDIG-RS069,-29.460000,-51.990000,case-existing,case-existing
7624,MASISA-RS230,-29.830000,-51.420000,case-existing,case-existing
7631,LAJEA3-RS069,-29.440000,-51.900000,case-existing,case-existing
7632,BPRINC-RS138,-29.500000,-51.360000,case-existing,case-existing
7637,LIBERD-RS069,-29.730000,-51.140000,case-existing,case-existing
7638,HEXION-RS069,-29.830000,-51.420000,case-existing,case-existing
7711,JNVSUL-SC525,-26.390000,-48.950000,case-existing,case-existing
7712,ITAJI2-SC525,-26.960000,-48.700000,case-existing,case-existing
7713,GASPAR-SC525,-26.882500,-48.945000,interpolated,topology-interp
7714,IGUAT2-MS230,-23.027485,-54.711256,interpolated,topology-interp
7715,TUBARB-SC138,-28.540000,-49.100000,case-existing,case-existing
7717,INDAI2-SC138,-26.860000,-49.290000,case-existing,case-existing
7718,ITAJA2-SC138,-26.960000,-48.700000,case-existing,case-existing
7719,MACHAD-SC525,-27.530000,-51.790000,case-existing,case-existing
7720,MRACJU-MS138,-21.558161,-55.225779,interpolated,topology-interp
7721,OURO---SC138,-27.590000,-51.455000,interpolated,topology-interp
7722,ITA----SC525,-27.270000,-52.410000,case-existing,case-existing
7723,CNOVOS-SC230,-27.540000,-51.420000,case-existing,case-existing
7724,MRACJU-MS230,-21.466121,-55.351835,interpolated,topology-interp
7725,LAGES--SC230,-27.760000,-50.340000,case-existing,case-existing
7726,BIGUACCER013,-27.490000,-48.730000,interpolated,topology-interp
7727,TUBARB-SC069,-28.540000,-49.100000,case-existing,case-existing
7728,CNOVSB-SC138,-27.540000,-51.420000,case-existing,case-existing
7729,PSJOAO-RS069,-28.130000,-55.060000,case-existing,case-existing
7730,PSJOA-UHE013,-28.140000,-55.050000,case-existing,case-existing
7731,ITAJAI-SC230,-26.970000,-48.780000,case-existing,case-existing
7732,CURITI-PR525,-25.590000,-49.320000,case-existing,case-existing
7733,BLUMEN-SC525,-26.780000,-49.080000,case-existing,case-existing
7734,BLUMEN-SC230,-26.780000,-49.080000,case-existing,case-existing
7735,BLUMEN-SC138,-26.780000,-49.080000,case-existing,case-existing
7736,CNOVOS-SC525,-27.540000,-51.420000,case-existing,case-existing
7738,ITAJAI-SC138,-26.970000,-48.780000,case-existing,case-existing
7739,CURITI-PR230,-25.590000,-49.320000,case-existing,case-existing
7740,BIGUAC-SC230,-27.490000,-48.730000,case-existing,case-existing
7741,BIGUAC-SC525,-27.490000,-48.730000,case-existing,case-existing
7742,BIGUCB-SC138,-27.490000,-48.730000,case-existing,case-existing
7743,FORQUI-SC230,-28.750000,-49.520000,case-existing,case-existing
7744,ABDONB-SC525,-27.570000,-51.070000,case-existing,case-existing
7745,DESTER-SC230,-27.670000,-48.510000,case-existing,case-existing
7746,DESTER-SC138,-27.670000,-48.510000,case-existing,case-existing
7747,ABDONB-SC230,-27.570000,-51.070000,case-existing,case-existing
7748,AREIA--PR525,-25.970000,-51.600000,case-existing,case-existing
7749,AREIA--PR230,-25.970000,-51.600000,case-existing,case-existing
7750,GRAVAT-RS525,-29.880000,-51.060000,case-existing,case-existing
7751,CAXIAS-RS525,-29.280000,-51.200000,case-existing,case-existing
7752,N.S.RI-RS525,-29.820000,-51.340000,case-existing,case-existing
7753,CANDI2-RS525,-31.570000,-53.690000,case-existing,case-existing
7754,CGR-ES-MS138,-20.546818,-54.436820,interpolated,topology-interp
7755,IMBIRU-MS230,-20.550000,-54.750000,case-existing,case-existing
7756,IGRA---MS230,-23.132509,-54.643747,interpolated,topology-interp
7757,DOURAD-MS230,-22.270000,-54.990000,case-existing,case-existing
7758,ANASTA-MS230,-20.570000,-55.840000,case-existing,case-existing
7759,SIDER2-SC525,-28.560000,-49.410000,case-existing,case-existing
7760,IVAIPO-PR525,-24.430000,-51.680000,case-existing,case-existing
7762,LONDRI-PR525,-23.460000,-51.140000,case-existing,case-existing
7763,LONDRI-PR230,-23.460000,-51.140000,case-existing,case-existing
7765,SANGEL-RS525,-28.280000,-54.330000,case-existing,case-existing
7766,SSANTI-PR525,-25.630000,-52.620000,case-existing,case-existing
7770,JNORTE-SC230,-26.250000,-48.900000,case-existing,case-existing
7771,DOURA2-MS230,-22.230000,-54.700000,case-existing,case-existing
7772,CGNDE3-MS230,-20.481966,-54.620000,interpolated,topology-interp
7776,CMOURA-PR230,-24.070000,-52.370000,case-existing,case-existing
7777,JNORTE-SC138,-26.250000,-48.900000,case-existing,case-existing
7778,CANOIN-SC230,-26.200000,-50.400000,case-existing,case-existing
7779,VIDEIR-SC230,-27.000000,-51.090000,case-existing,case-existing
7780,CHARQU-RS230,-29.950000,-51.620000,case-existing,case-existing
7781,LGRAND-RS230,-28.990000,-50.560000,case-existing,case-existing
7782,FARROU-RS230,-29.220000,-51.320000,case-existing,case-existing
7783,S.CAV2PCH013,-28.790000,-50.750000,case-existing,case-existing
7784,S.CAV1PCH013,-28.800000,-50.730000,case-existing,case-existing
7785,LGRAN2-RS230,-29.040000,-50.510000,case-existing,case-existing
7790,RIODOS-SC230,-27.160000,-49.610000,case-existing,case-existing
7793,VIDRRB-SC138,-27.000000,-51.090000,case-existing,case-existing
7794,JOINVI-SC230,-26.290000,-48.890000,case-existing,case-existing
7795,JOINVI-SC138,-26.290000,-48.890000,case-existing,case-existing
7796,JOINVI-SC069,-26.290000,-48.890000,case-existing,case-existing
7797,CHAPEC-SC138,-27.071250,-52.660000,interpolated,topology-interp
7798,ILHOT1SIN013,-26.845163,-48.803504,interpolated,topology-interp
7799,ILHOT2SIN013,-26.845163,-48.803504,interpolated,topology-interp
7800,JLACEA-SC230,-28.450000,-48.970000,case-existing,case-existing
7802,JLACEB-SC230,-28.460000,-48.970000,case-existing,case-existing
7803,JLACER-SC138,-28.450000,-48.970000,case-existing,case-existing
7804,JLACER-SC069,-28.450000,-48.970000,case-existing,case-existing
7806,LAGES--SC138,-27.760000,-50.340000,case-existing,case-existing
7808,PALHOC-SC230,-27.640000,-48.690000,case-existing,case-existing
7809,PALHRB-SC138,-27.640000,-48.690000,case-existing,case-existing
7812,PFUNDO-RS230,-27.480000,-52.720000,case-existing,case-existing
7816,ALEGRE-RS138,-29.676041,-54.814098,interpolated,topology-interp
7818,URUG---RS230,-29.810000,-57.010000,case-existing,case-existing
7819,URUGUAINT013,-29.810000,-57.010000,interpolated,topology-interp
7820,SOSORI-PR230,-25.540000,-53.010000,case-existing,case-existing
7821,SOSORI-PR069,-25.540000,-53.010000,case-existing,case-existing
7822,CONCOR-SC230,-27.210000,-51.910000,case-existing,case-existing
7823,SIDER2-SC230,-28.560000,-49.410000,case-existing,case-existing
7824,SIDERO-SC230,-28.600000,-49.410000,case-existing,case-existing
7825,SIDEOB-SC069,-28.600000,-49.410000,case-existing,case-existing
7826,XANXER-SC230,-26.860000,-52.390000,case-existing,case-existing
7827,ITA----SC230,-27.039977,-52.432502,interpolated,topology-interp
7828,CHAPEC-SC230,-27.023750,-52.700000,interpolated,topology-interp
7829,PEZZI--RS230,-28.815556,-50.611111,interpolated,topology-interp
7830,TUBARB-SC230,-28.540000,-49.100000,case-existing,case-existing
7831,DESCAN-SC230,-26.921250,-53.107500,interpolated,topology-interp
7832,VDSUL2-SC230,-27.226364,-51.267273,interpolated,topology-interp
7833,ILHOTA-SC138,-26.830130,-48.831357,interpolated,topology-interp
7834,T-ILH1-SC000,-26.845122,-48.803490,interpolated,topology-interp
7845,GASPRB-SC138,-26.870000,-49.020000,case-existing,case-existing
7850,COLECC-RS230,-30.810000,-55.710000,case-existing,case-existing
7878,RIOSRB-SC138,-27.160000,-49.610000,case-existing,case-existing
7880,VDSUL2-SC138,-27.139091,-51.291818,interpolated,topology-interp
7882,CHARQ3-RS230,-29.970000,-51.600000,case-existing,case-existing
7883,CHARS1-RS230,-29.930000,-51.390000,interpolated,topology-interp
7884,CHARS2-RS230,-29.860000,-52.010000,interpolated,topology-interp
7885,IVOTI2-RS230,-29.600000,-51.150000,case-existing,case-existing
7886,SSCAI2-RS230,-29.506204,-51.227905,interpolated,topology-interp
7890,VEGASU-SC230,-26.290000,-48.890000,interpolated,topology-interp
7898,CONCOR-SC138,-27.143494,-51.945793,interpolated,topology-interp
7899,DESCAN-SC138,-26.803750,-53.252500,interpolated,topology-interp
7900,RATONE-SC230,-27.480000,-48.500000,case-existing,case-existing
7901,RATONE-SC138,-27.480000,-48.500000,case-existing,case-existing
7903,ITAJA2-SC230,-26.960000,-48.700000,case-existing,case-existing
7904,INDAI2-SC230,-26.860000,-49.290000,case-existing,case-existing
7905,ILHOT2-SC230,-26.869116,-48.885562,interpolated,topology-interp
7917,CONT---SC230,-27.550000,-48.656667,interpolated,topology-interp
7918,ILHA---SC230,-27.610000,-48.583333,interpolated,topology-interp
7919,T-ILH2-SC000,-26.845122,-48.803490,interpolated,topology-interp
7921,N.S.RI-RS230,-29.820000,-51.340000,case-existing,case-existing
7922,S.ANGE-RS230,-28.280000,-54.330000,case-existing,case-existing
7923,ATLANT-RS230,-29.780000,-50.050000,case-existing,case-existing
7924,GRAVT3-RS230,-29.890000,-50.960000,case-existing,case-existing
7926,CONT1--SC230,-27.486667,-48.653333,interpolated,topology-interp
7927,ILHA1--SC230,-27.483333,-48.576667,interpolated,topology-interp
7928,CONT2--SC230,-27.486667,-48.653333,interpolated,topology-interp
7929,ILHA2--SC230,-27.483333,-48.576667,interpolated,topology-interp
7945,FORQRB-SC069,-28.750000,-49.520000,case-existing,case-existing
7980,JNVSUL-SC230,-26.390000,-48.950000,case-existing,case-existing
7981,JNVSUL-SC138,-26.390000,-48.950000,case-existing,case-existing
7982,JNVNT2-SC230,-26.003750,-49.043750,interpolated,topology-interp
7983,JNVNT2-SC138,-26.171250,-48.911250,interpolated,topology-interp
7990,JRGSUL-SC230,-26.440000,-49.170000,case-existing,case-existing
7991,JRGSUL-SC138,-26.440000,-49.170000,case-existing,case-existing
8012,VINHED-RS069,-29.180000,-51.470000,case-existing,case-existing
8013,BGONC3-RS069,-29.130000,-51.520000,case-existing,case-existing
8014,FAR2---RS069,-29.200000,-51.360000,case-existing,case-existing
8015,TRAMO2-RS069,-29.230000,-51.330000,case-existing,case-existing
8016,Y1-BGC-RS069,-29.156667,-51.496667,interpolated,topology-interp
8017,Y2-BGC-RS069,-29.168750,-51.456250,interpolated,topology-interp
8018,BGONC1-RS069,-29.160000,-51.500000,case-existing,case-existing
8019,Y1-YTH-RS069,-29.191250,-51.505000,interpolated,topology-interp
8020,Y2-YTH-RS069,-29.183333,-51.496667,interpolated,topology-interp
8021,BGONC2-RS069,-29.180000,-51.510000,case-existing,case-existing
8022,TODESC-RS069,-29.190000,-51.510000,case-existing,case-existing
8025,CBARBO-RS069,-29.270000,-51.500000,case-existing,case-existing
8026,TRAMO3-RS069,-29.270000,-51.470000,case-existing,case-existing
8030,CAXI5A-RS013,-29.130000,-51.190000,case-existing,case-existing
8031,CAXI5C-RS013,-29.130000,-51.190000,interpolated,topology-interp
8037,CAXI5B-RS013,-29.130000,-51.190000,case-existing,case-existing
8039,CAXIA4-RS069,-29.120000,-51.110000,case-existing,case-existing
8045,CAXIA3-RS069,-29.170000,-51.160000,case-existing,case-existing
8050,MONJO--RS138,-27.415000,-52.725000,interpolated,topology-interp
8053,CAXI2--RS013,-29.140000,-51.160000,case-existing,case-existing
8054,FCUNHA-RS069,-29.040000,-51.170000,case-existing,case-existing
8055,MPLTOM-RS069,-29.110000,-51.110000,case-existing,case-existing
8056,DRMST--RS069,-29.070000,-51.093333,interpolated,topology-interp
8057,SMARCO-RS069,-28.980000,-51.060000,case-existing,case-existing
8058,GARIBA-RS069,-29.240000,-51.510000,case-existing,case-existing
8059,CAXIA2-RS069,-29.140000,-51.160000,case-existing,case-existing
8060,CAXIA5-RS069,-29.140000,-51.160000,interpolated,topology-interp
8061,FARROU-RS069,-29.220000,-51.320000,case-existing,case-existing
8063,RANDON-RS069,-29.150000,-51.160000,case-existing,case-existing
8064,EBERLE-RS069,-29.170000,-51.170000,case-existing,case-existing
8066,CAXIA6-RS069,-29.160000,-51.120000,case-existing,case-existing
8085,INTERL-RS069,-28.825238,-51.711905,interpolated,topology-interp
8086,CACADO-RS069,-28.767619,-51.780952,interpolated,topology-interp
8087,LEMILI-RS069,-28.898095,-51.744762,interpolated,topology-interp
8088,COTIPO-RS069,-28.929048,-51.752381,interpolated,topology-interp
8089,DA-ILH-RS069,-28.868000,-51.522000,interpolated,topology-interp
8090,MISSOE-RS069,-28.390000,-54.930000,case-existing,case-existing
8091,JARARA-RS069,-28.904000,-51.496000,interpolated,topology-interp
8100,GRAV2R-RS069,-29.905000,-51.075000,interpolated,topology-interp
8101,GRAV2A-RS023,-29.880000,-51.060000,case-existing,case-existing
8102,CACHEB-RS069,-29.930000,-51.080000,case-existing,case-existing
8103,MUNDIA-RS069,-29.950000,-51.030000,case-existing,case-existing
8104,GRAVT1-RS069,-29.950000,-51.000000,case-existing,case-existing
8105,PIRELL-RS069,-29.940000,-50.970000,case-existing,case-existing
8106,GLORIN-RS069,-29.890000,-50.800000,case-existing,case-existing
8107,FITESA-RS069,-29.950000,-51.020000,case-existing,case-existing
8108,DR.ALB-RS069,-29.943333,-51.033333,interpolated,topology-interp
8109,CACHOE-RS023,-29.910000,-51.090000,case-existing,case-existing
8110,ALBARU-RS069,-29.950000,-51.020000,case-existing,case-existing
8111,ICOTRO-RS069,-29.950000,-50.970000,case-existing,case-existing
8112,CAC1-4-RS023,-29.910000,-51.090000,case-existing,case-existing
8120,CANAS2-RS138,-29.390000,-50.750000,case-existing,case-existing
8122,DER2-P-RS069,-29.926667,-50.976667,interpolated,topology-interp
8130,LGRAND-RS138,-28.990000,-50.560000,case-existing,case-existing
8133,SCHIN--RS138,-29.540000,-50.770000,case-existing,case-existing
8134,TCOROA-RS138,-29.510000,-50.770000,case-existing,case-existing
8135,NPETR2-RS230,-29.350000,-51.010000,case-existing,case-existing
8136,PAROBE-RS138,-29.640000,-50.870000,case-existing,case-existing
8137,ROLANT-RS138,-29.640000,-50.560000,case-existing,case-existing
8138,CACHO1-RS138,-29.881111,-51.093252,interpolated,topology-interp
8139,CACHO3-RS138,-29.833533,-51.068852,interpolated,topology-interp
8140,IGREJI-RS138,-29.600000,-50.800000,case-existing,case-existing
8143,NPETR2-RS069,-29.350000,-51.010000,case-existing,case-existing
8155,L3LESTPCH013,-28.290000,-53.880000,case-existing,case-existing
8156,PCHS-GPCH013,-27.770000,-53.560000,case-existing,case-existing
8180,NPRATA-RS069,-28.810000,-51.610000,case-existing,case-existing
8186,CACADOPCH013,-28.710000,-51.850000,case-existing,case-existing
8187,LEMILIPCH013,-28.940000,-51.770000,case-existing,case-existing
8188,COTIPOPCH013,-28.960000,-51.760000,case-existing,case-existing
8189,DA-ILHPCH013,-28.890000,-51.460000,case-existing,case-existing
8191,JARARAPCH013,-28.940000,-51.470000,case-existing,case-existing
8197,GRAVT3-RS069,-29.890000,-50.960000,case-existing,case-existing
8198,DER1-P-RS069,-29.940000,-50.960000,interpolated,topology-interp
8200,GUARIT-RS069,-27.610000,-53.570000,case-existing,case-existing
8201,GRAV2B-RS023,-29.880000,-51.060000,case-existing,case-existing
8202,BBURI2-RS069,-27.745000,-54.015000,interpolated,topology-interp
8220,F.CHAP-SC138,-27.140000,-53.050000,case-existing,case-existing
8224,CLARGO-RS069,-28.150000,-54.720000,case-existing,case-existing
8248,JACUIR-RS023,-29.080000,-53.230000,case-existing,case-existing
8256,PCHS-G-RS069,-27.690000,-53.565000,interpolated,topology-interp
8260,SANGL2-RS069,-28.300000,-54.290000,case-existing,case-existing
8261,SANGL2-RS023,-28.300000,-54.290000,case-existing,case-existing
8262,SANG2B-RS023,-28.300000,-54.290000,case-existing,case-existing
8280,TAPERA-RS069,-28.670000,-52.860000,case-existing,case-existing
8285,SROSA--RS069,-27.880000,-54.460000,case-existing,case-existing
8288,USISMTPCH013,-28.560000,-52.550000,case-existing,case-existing
8289,SMARTA-RS044,-28.280000,-52.430000,case-existing,case-existing
8290,SMARTA-RS138,-28.280000,-52.430000,case-existing,case-existing
8291,PFUND1-RS138,-28.240000,-52.360000,case-existing,case-existing
8292,SMARTA-RS069,-28.280000,-52.430000,case-existing,case-existing
8293,PFUND3-RS069,-28.280000,-52.430000,case-existing,case-existing
8294,CAPIGUPCH013,-28.350000,-52.210000,case-existing,case-existing
8300,PFUNDO-RS138,-27.480000,-52.720000,case-existing,case-existing
8301,ERECH1-RS138,-27.660000,-52.310000,case-existing,case-existing
8310,ERECHI-RS138,-27.864545,-52.137273,interpolated,topology-interp
8317,SERAFI-RS138,-28.710000,-51.930000,case-existing,case-existing
8318,LVERM1-RS138,-28.220000,-51.510000,case-existing,case-existing
8319,VACARI-RS138,-28.490000,-50.910000,case-existing,case-existing
8320,ERECH2-RS138,-27.630000,-52.240000,case-existing,case-existing
8321,VMARIA-RS230,-28.550000,-52.080000,case-existing,case-existing
8322,TAPEJA-RS138,-28.090000,-52.060000,case-existing,case-existing
8323,DR-SAN-RS138,-28.073333,-51.803333,interpolated,topology-interp
8324,SANAND-RS138,-27.940000,-51.830000,case-existing,case-existing
8325,GUAPOR-RS069,-28.840000,-51.900000,case-existing,case-existing
8326,GUAPOR-RS138,-28.840000,-51.900000,case-existing,case-existing
8327,CASCA--RS138,-28.570000,-51.990000,case-existing,case-existing
8328,VMARIA-RS138,-28.550000,-52.080000,case-existing,case-existing
8329,PERDIG-RS138,-28.470000,-52.210000,case-existing,case-existing
8330,MARAU--RS138,-28.460000,-52.210000,case-existing,case-existing
8331,CALTA1-RS138,-28.610000,-53.620000,case-existing,case-existing
8332,CALTA1-RS069,-28.610000,-53.620000,case-existing,case-existing
8333,GMOTOR-RS230,-29.930000,-50.920000,case-existing,case-existing
8334,IJUI1--RS069,-28.410000,-53.930000,case-existing,case-existing
8335,SANGL1-RS069,-28.300000,-54.240000,case-existing,case-existing
8336,PANAMB-RS069,-28.290000,-53.510000,case-existing,case-existing
8339,JULIO1-RS138,-29.288198,-53.585358,interpolated,topology-interp
8340,JULIO2-RS138,-29.240000,-53.650000,case-existing,case-existing
8341,PANAM2-RS069,-28.280000,-53.510000,case-existing,case-existing
8344,AFELIZ-RS069,-29.380000,-51.290000,case-existing,case-existing
8345,PINHAL-RS138,-27.500000,-53.220000,case-existing,case-existing
8346,PFI---PCH013,-27.760000,-51.330000,case-existing,case-existing
8348,PALMEI-RS069,-27.880000,-53.310000,case-existing,case-existing
8349,SARAND-RS069,-27.940000,-52.930000,case-existing,case-existing
8350,CONSTA-RS138,-27.750000,-53.000000,case-existing,case-existing
8351,SARAND-RS138,-27.845000,-52.965000,interpolated,topology-interp
8352,PLANAL-RS138,-27.340000,-53.060000,case-existing,case-existing
8353,FELIZ--RS069,-29.450000,-51.300000,case-existing,case-existing
8354,CANAS2-RS069,-29.386000,-50.794000,interpolated,topology-interp
8355,NPETR1-RS069,-29.380000,-51.120000,case-existing,case-existing
8356,CANELA-RS069,-29.360000,-50.850000,case-existing,case-existing
8357,GRAMAD-RS069,-29.400000,-50.870000,case-existing,case-existing
8358,LVERM2-RS138,-28.190000,-51.520000,case-existing,case-existing
8359,DR-GMD-RS069,-29.382000,-50.838000,interpolated,topology-interp
8360,FORQIVPCH006,-27.610000,-51.750000,case-existing,case-existing
8361,INPASA-MS138,-22.426251,-54.838750,interpolated,topology-interp
8362,FDZNHO-MS138,-19.073000,-53.138500,interpolated,topology-interp
8363,CHAPAD-MS034,-18.810000,-52.620000,case-existing,case-existing
8364,LAJEADPCH034,-19.060000,-52.530000,case-existing,case-existing
8365,INDAIAPCH034,-18.930000,-52.690000,case-existing,case-existing
8366,ACLARA-MS138,-20.450000,-52.880000,case-existing,case-existing
8367,MIMOS2-MS138,-20.531364,-54.021364,interpolated,topology-interp
8368,ACLARA-MS013,-20.450000,-52.880000,case-existing,case-existing
8371,AGUAST-MS138,-20.470000,-54.530000,case-existing,case-existing
8372,AGUASB-MS138,-20.470000,-54.530000,interpolated,topology-interp
8373,CGINDU-MS034,-20.490000,-54.740000,case-existing,case-existing
8374,PREDON-MS138,-23.510000,-54.190000,case-existing,case-existing
8375,BANDMS-MS138,-19.920000,-54.380000,case-existing,case-existing
8376,CORREGPCH034,-18.980000,-52.610000,case-existing,case-existing
8378,AMAMBA-MS138,-23.110000,-55.220000,case-existing,case-existing
8379,VICENT-MS069,-22.390000,-54.430000,case-existing,case-existing
8380,CAMRUR-MS138,-19.540000,-54.030000,case-existing,case-existing
8381,PARANA-MS034,-19.700000,-51.180000,case-existing,case-existing
8382,PARANA-MS013,-19.700000,-51.180000,case-existing,case-existing
8383,JARDIM-MS013,-21.460000,-56.150000,case-existing,case-existing
8384,JARDIM-MS034,-21.460000,-56.150000,case-existing,case-existing
8397,ATABOA-MS138,-20.090000,-51.110000,case-existing,case-existing
8403,AQUIDA-MS138,-20.500000,-55.810000,case-existing,case-existing
8404,AQUIDA-MS069,-20.625000,-55.950000,interpolated,topology-interp
8406,AQUIDA-MS013,-20.500000,-55.810000,case-existing,case-existing
8418,AMIRAN-MS069,-20.750000,-56.090000,case-existing,case-existing
8419,BONIT1-MS069,-21.120000,-56.480000,case-existing,case-existing
8440,CAMAPU-MS138,-19.540000,-54.030000,case-existing,case-existing
8441,CAARAP-MS138,-22.718774,-54.956266,interpolated,topology-interp
8442,CAARAP-MS000,-22.674377,-54.883124,interpolated,topology-interp
8443,CAARAP-MS069,-22.630000,-54.810000,case-existing,case-existing
8444,CAARAP-MS013,-22.674414,-54.883150,interpolated,topology-interp
8450,CASSIL-MS138,-19.130000,-51.710000,case-existing,case-existing
8454,CGPARQ-MS138,-20.430000,-54.550000,case-existing,case-existing
8456,CGALMO-MS138,-20.480000,-54.650000,case-existing,case-existing
8458,CGALMO-MS013,-20.480000,-54.650000,case-existing,case-existing
8461,CGSCAF-MS138,-20.520000,-54.580000,case-existing,case-existing
8462,CGSCAF-MS013,-20.520000,-54.580000,case-existing,case-existing
8463,CGMORE-MS138,-20.520000,-54.580000,interpolated,topology-interp
8464,CGMORE-MS013,-20.520000,-54.580000,interpolated,topology-interp
8465,CGCENT-MS138,-20.460000,-54.620000,case-existing,case-existing
8466,CGCENT-MS013,-20.460000,-54.620000,case-existing,case-existing
8469,CGCUIA-MS138,-20.420000,-54.580000,case-existing,case-existing
8471,CGCUIA-MS013,-20.420000,-54.580000,case-existing,case-existing
8477,CGINDU-MS138,-20.490000,-54.740000,case-existing,case-existing
8479,CGINDU-MS013,-20.490000,-54.740000,case-existing,case-existing
8482,CGJABR-MS138,-20.430000,-54.660000,case-existing,case-existing
8483,CGJABR-MS013,-20.430000,-54.660000,case-existing,case-existing
8486,CGMCOU-MS138,-20.470000,-54.590000,case-existing,case-existing
8487,CGMCOU-MS013,-20.470000,-54.590000,case-existing,case-existing
8488,CGPROG-MS013,-20.490000,-54.610000,case-existing,case-existing
8489,CGPROG-MS138,-20.490000,-54.610000,case-existing,case-existing
8490,CGTama-MS138,-20.430000,-54.620000,case-existing,case-existing
8491,CGTAMA-MS013,-20.430000,-54.620000,case-existing,case-existing
8492,CHAPAD-MS138,-18.810000,-52.620000,case-existing,case-existing
8495,PMURTI-MS138,-21.700000,-57.870000,case-existing,case-existing
8497,CIMENT-MS138,-19.010000,-57.620000,case-existing,case-existing
8506,CORUMB-MS138,-19.010000,-57.620000,case-existing,case-existing
8508,CORUMB-MS013,-19.010000,-57.620000,case-existing,case-existing
8511,COXIM--MS138,-18.500000,-54.730000,case-existing,case-existing
8515,CRUZAL-MS138,-22.100000,-54.530000,case-existing,case-existing
8518,DALVOR-MS138,-22.240000,-54.840000,case-existing,case-existing
8519,DALVOR-MS013,-22.240000,-54.840000,case-existing,case-existing
8521,DOUIND-MS138,-22.260000,-54.790000,case-existing,case-existing
8523,DOUIND-MS013,-22.260000,-54.790000,case-existing,case-existing
8524,DMAXWE-MS138,-22.220000,-54.790000,case-existing,case-existing
8526,DMAXWE-MS013,-22.220000,-54.790000,case-existing,case-existing
8529,DSTACR-MS138,-22.270000,-54.990000,case-existing,case-existing
8531,DEODAP-MS069,-22.290000,-54.170000,case-existing,case-existing
8535,DNACOE-MS138,-22.230000,-54.750000,case-existing,case-existing
8536,DNACOE-MS069,-22.297500,-54.812500,interpolated,topology-interp
8537,DNACOE-MS013,-22.230000,-54.750000,case-existing,case-existing
8541,ELDORF-MS138,-23.990000,-54.253333,interpolated,topology-interp
8542,ELDOAA-MS138,-23.770000,-54.300000,case-existing,case-existing
8543,ELDORA-MS034,-23.770000,-54.300000,case-existing,case-existing
8544,ELDORA-MS013,-23.770000,-54.300000,case-existing,case-existing
8546,FATIMA-MS069,-22.360000,-54.500000,case-existing,case-existing
8554,GLORIA-MS069,-22.420000,-54.220000,case-existing,case-existing
8557,IGUATE-MS138,-23.670000,-54.550000,case-existing,case-existing
8561,CGIMBI-MS138,-20.550000,-54.750000,case-existing,case-existing
8571,IVINEA-MS138,-22.289000,-53.973000,interpolated,topology-interp
8572,IVINHE-MS000,-22.299500,-53.911500,interpolated,topology-interp
8573,IVINHE-MS069,-22.310000,-53.850000,case-existing,case-existing
8574,IVINHE-MS013,-22.299500,-53.911500,interpolated,topology-interp
8575,IVINHE-MS034,-22.310000,-53.850000,case-existing,case-existing
8582,JARDIM-MS138,-21.460000,-56.150000,case-existing,case-existing
8586,CGLAGE-MS138,-20.540000,-54.660000,case-existing,case-existing
8587,CGLAGE-MS013,-20.540000,-54.660000,case-existing,case-existing
8591,MARACA-MS138,-21.650000,-55.100000,case-existing,case-existing
8593,MARACA-MS013,-21.650000,-55.100000,case-existing,case-existing
8598,MIMOSO-MS138,-20.680000,-53.570000,case-existing,case-existing
8605,MIRAND-MS138,-20.260000,-56.350000,case-existing,case-existing
8611,NANDRA-MS138,-22.260000,-53.340000,case-existing,case-existing
8612,NANDRA-MS034,-22.260000,-53.340000,case-existing,case-existing
8613,NANDRA-MS013,-22.260000,-53.340000,case-existing,case-existing
8615,NAMERI-MS069,-22.500000,-54.860000,case-existing,case-existing
8618,NAVIRA-MS138,-23.070000,-54.210000,case-existing,case-existing
8627,POVIDI-MS069,-22.370000,-55.250000,case-existing,case-existing
8629,PASSAT-MS138,-21.315000,-54.755000,interpolated,topology-interp
8630,P.GALE-MS138,-20.741481,-51.629562,interpolated,topology-interp
8631,P.GALEUHE013,-20.741512,-51.629690,interpolated,topology-interp
8634,MIMOSO-MS034,-20.680000,-53.570000,case-existing,case-existing
8637,PTPORA-MS138,-22.500000,-55.700000,case-existing,case-existing
8639,FAZITA-MS138,-22.120000,-55.510000,case-existing,case-existing
8640,PTPORA-MS034,-22.500000,-55.700000,case-existing,case-existing
8641,PTPORA-MS013,-22.500000,-55.700000,case-existing,case-existing
8648,PARANA-MS138,-19.700000,-51.180000,case-existing,case-existing
8655,RBRILH-MS138,-21.800000,-54.550000,case-existing,case-existing
8656,RBRILH-MS034,-21.800000,-54.550000,case-existing,case-existing
8666,RIOVER-MS138,-18.900000,-54.840000,case-existing,case-existing
8669,RBRILH-MS013,-21.800000,-54.550000,case-existing,case-existing
8676,SGABRI-MS138,-19.400000,-54.560000,case-existing,case-existing
8677,SGABRI-MS034,-19.400000,-54.560000,case-existing,case-existing
8678,SGABRI-MS013,-19.400000,-54.560000,case-existing,case-existing
8681,SANESU-MS069,-22.230000,-54.750000,case-existing,case-existing
8682,SANES--MS069,-22.365000,-54.805000,interpolated,topology-interp
8686,ACARAC-MS138,-21.690000,-56.800000,case-existing,case-existing
8688,SELVIR-MS138,-20.321947,-51.236700,interpolated,topology-interp
8689,ONCAPIUTE013,-20.380000,-51.430000,case-existing,case-existing
8691,SIDRLA-MS138,-20.930000,-54.950000,case-existing,case-existing
8692,SIDROL-MS034,-20.930000,-54.950000,case-existing,case-existing
8693,SIDROL-MS013,-20.930000,-54.950000,case-existing,case-existing
8705,SECVAL-MS138,-21.620000,-55.440000,case-existing,case-existing
8709,TRAVES-MS138,-22.453750,-53.105000,interpolated,topology-interp
8712,CANDI-UTE013,-31.550000,-53.660000,case-existing,case-existing
8713,UT-CAN-RS230,-31.550000,-53.670000,interpolated,topology-interp
8714,PAMPASUTE020,-31.450000,-53.780000,case-existing,case-existing
8716,S.TIA2UTE013,-29.880000,-51.150000,case-existing,case-existing
8717,S.TIA1UTE013,-29.880000,-51.150000,case-existing,case-existing
8718,MACHADUHE013,-27.530000,-51.790000,case-existing,case-existing
8719,Q.FUN-PCH013,-28.841111,-50.652222,interpolated,topology-interp
8720,GAR-A-INT525,-28.250000,-55.670000,case-existing,case-existing
8721,GAR-B-INT525,-28.250000,-55.670000,case-existing,case-existing
8722,AUTODRPCH013,-28.830000,-51.840000,case-existing,case-existing
8723,MACHADSIN013,-27.530000,-51.790000,interpolated,topology-interp
8724,OURO--PCH013,-27.640000,-51.490000,case-existing,case-existing
8725,BOAFE-PCH013,-28.750000,-51.840000,case-existing,case-existing
8726,SAOPA-PCH013,-28.770000,-51.840000,case-existing,case-existing
8728,S.SEPEUTE013,-30.100000,-53.650000,case-existing,case-existing
8729,PEZZI-PCH013,-28.790000,-50.570000,case-existing,case-existing
8730,GARIBAUHE013,-27.620000,-50.980000,case-existing,case-existing
8731,GARIBA-SC230,-27.640000,-51.000000,case-existing,case-existing
8733,STACARPCH013,-28.610000,-51.400000,case-existing,case-existing
8735,SAORO-UHE013,-27.500000,-50.800000,case-existing,case-existing
8736,SAOROQ-SC230,-27.500000,-50.810000,case-existing,case-existing
8738,CRIUV-PCH013,-28.960000,-50.800000,case-existing,case-existing
8740,ITAPI-UHE013,-27.270000,-52.410000,interpolated,topology-interp
8741,ITAPIR-RS525,-27.270000,-52.410000,interpolated,topology-interp
8742,CAZFERPCH013,-29.020000,-50.730000,case-existing,case-existing
8743,PALANQPCH013,-28.900000,-50.810000,case-existing,case-existing
8744,TUPIT-PCH013,-27.530000,-51.420000,case-existing,case-existing
8750,MONJO-UHE013,-27.350000,-52.730000,case-existing,case-existing
8759,QQUEIXUHE013,-26.660000,-52.540000,case-existing,case-existing
8760,QQUEIX-SC138,-26.735000,-52.785000,interpolated,topology-interp
8771,MML----RS525,-33.140000,-52.990000,case-existing,case-existing
8772,SVP----RS525,-33.470000,-53.300000,case-existing,case-existing
8773,MML---SIN013,-33.140000,-52.990000,interpolated,topology-interp
8774,MML2--SIN013,-33.140000,-52.990000,interpolated,topology-interp
8780,P.MEIO-RS230,-28.841111,-50.652222,interpolated,topology-interp
8781,P.MEI-UHE013,-28.810000,-50.610000,case-existing,case-existing
8800,SPILAO-SC138,-27.015000,-49.422500,interpolated,topology-interp
8801,S.PIL-UHE013,-27.140000,-49.520000,case-existing,case-existing
8918,URUG-GUTE013,-29.760000,-56.990000,case-existing,case-existing
8920,URUG-VUTE013,-29.760000,-56.990000,case-existing,case-existing
8952,ITA-GE-SC525,-27.275000,-52.395000,interpolated,topology-interp
8954,JLACP-UTE013,-28.450000,-48.970000,case-existing,case-existing
8955,JLACM-UTE013,-28.450000,-48.970000,case-existing,case-existing
8956,JLACG-UTE013,-28.450000,-48.970000,case-existing,case-existing
8957,JLACEGUTE013,-28.450000,-48.970000,case-existing,case-existing
8960,P.FUN-UHE013,-27.550000,-52.740000,case-existing,case-existing
8961,P.FUNDSIN013,-27.480000,-52.720000,interpolated,topology-interp
8970,SOSO4-SIN013,-25.540000,-53.010000,interpolated,topology-interp
8971,SOSO2-SIN013,-25.540000,-53.010000,interpolated,topology-interp
8972,SOSO4-UHE013,-25.540000,-53.010000,case-existing,case-existing
8973,SOSO2-UHE013,-25.540000,-53.010000,case-existing,case-existing
8974,SSANT-UHE013,-25.630000,-52.610000,case-existing,case-existing
8975,ITA---UHE013,-27.280000,-52.380000,case-existing,case-existing
8976,SSANT-SIN013,-25.630000,-52.620000,interpolated,topology-interp
8977,ITA---SIN013,-27.275000,-52.395000,interpolated,topology-interp
9001,AGR----RS138,-32.230000,-53.090000,case-existing,case-existing
9002,ALEGR2-RS230,-29.780000,-55.720000,case-existing,case-existing
9010,BAGE2--RS230,-31.290000,-54.070000,case-existing,case-existing
9015,CAMPOB-RS230,-29.690000,-51.070000,case-existing,case-existing
9020,C.INDU-RS230,-29.890000,-51.180000,case-existing,case-existing
9021,C.INDU-RS138,-29.890000,-51.180000,case-existing,case-existing
9023,SVP----RS138,-33.540000,-53.370000,case-existing,case-existing
9030,CAMAQU-RS230,-30.830000,-51.820000,case-existing,case-existing
9033,CANASA-RS000,-29.375455,-50.716364,interpolated,topology-interp
9034,CANASB-RS000,-29.375455,-50.716364,interpolated,topology-interp
9035,CANAST-RS138,-29.412727,-50.738182,interpolated,topology-interp
9036,CANAST-RS069,-29.363636,-50.710909,interpolated,topology-interp
9037,BUGRES-RS069,-29.340000,-50.700000,case-existing,case-existing
9038,CANA1-UHE013,-29.350000,-50.700000,case-existing,case-existing
9039,CANA2-UHE013,-29.350000,-50.700000,case-existing,case-existing
9040,CANDI2-RS230,-31.570000,-53.690000,case-existing,case-existing
9045,CANOA1-RS230,-29.950000,-51.190000,case-existing,case-existing
9050,CANOA2-RS230,-29.870000,-51.140000,case-existing,case-existing
9051,CACHOE-RS230,-29.900000,-51.100000,case-existing,case-existing
9052,CAMBARUTE013,-29.210000,-50.240000,case-existing,case-existing
9060,CAXIAS-RS230,-29.280000,-51.200000,case-existing,case-existing
9061,IJUI-2-RS069,-28.346418,-53.803284,interpolated,topology-interp
9062,CAXIA2-RS230,-29.140000,-51.160000,case-existing,case-existing
9065,CAXIA5-RS230,-29.130000,-51.190000,case-existing,case-existing
9066,CAXIA6-RS230,-29.160000,-51.120000,case-existing,case-existing
9078,CCORIB-RS000,-29.876121,-51.108407,interpolated,topology-interp
9079,CCORIA-RS000,-29.876121,-51.108407,interpolated,topology-interp
9080,CCORI-SIN013,-29.876017,-51.108691,interpolated,topology-interp
9081,CCORI--RS013,-29.876017,-51.108691,interpolated,topology-interp
9084,CHAES--RS069,-29.950000,-51.620000,case-existing,case-existing
9086,CHAES3-RS069,-29.962000,-51.630000,interpolated,topology-interp
9090,DFRANC-RS230,-29.450000,-53.290000,case-existing,case-existing
9091,DFRAN-UHE013,-29.450000,-53.290000,case-existing,case-existing
9092,DFRAN-SIN013,-29.450000,-53.290000,interpolated,topology-interp
9095,FIBRAP-RS230,-29.900000,-50.770000,case-existing,case-existing
9097,ELDORA-RS230,-30.010000,-51.320000,case-existing,case-existing
9100,GARIBA-RS230,-29.240000,-51.510000,case-existing,case-existing
9102,PAL21--RS230,-30.010000,-51.185000,interpolated,topology-interp
9110,GRAVT2-RS230,-29.880000,-51.070000,case-existing,case-existing
9111,GRA2---RS069,-29.880000,-51.070000,case-existing,case-existing
9116,PAL19--RS230,-30.020000,-51.100000,case-existing,case-existing
9120,GUAIBA-RS230,-30.130000,-51.380000,case-existing,case-existing
9130,GUARIT-RS230,-27.610000,-53.570000,case-existing,case-existing
9131,BBURI2-RS230,-27.745000,-54.015000,interpolated,topology-interp
9137,BUGRE-PCH013,-29.310000,-50.680000,case-existing,case-existing
9140,ITAUBA-RS230,-29.260000,-53.230000,case-existing,case-existing
9141,ITB-A-UHE013,-29.260000,-53.240000,case-existing,case-existing
9145,ITB-A-SIN013,-29.260000,-53.230000,interpolated,topology-interp
9150,JACUI--RS138,-29.045457,-53.360765,interpolated,topology-interp
9151,JAC-A-UHE013,-29.070000,-53.210000,case-existing,case-existing
9152,E.KOTZPCH013,-29.130000,-53.320000,case-existing,case-existing
9163,JGR----RS138,-32.550000,-53.370000,case-existing,case-existing
9165,LAJEAD-RS230,-29.470000,-51.980000,case-existing,case-existing
9166,LAJE3A-RS000,-29.470000,-51.980000,interpolated,topology-interp
9167,AJ2-TA-RS000,-29.470000,-51.980000,interpolated,topology-interp
9168,AJ2-TB-RS000,-29.470000,-51.980000,interpolated,topology-interp
9169,LAJEA1-RS013,-29.470000,-51.980000,interpolated,topology-interp
9170,LIVRAM-RS230,-30.860000,-55.540000,case-existing,case-existing
9171,LIVR2--RS000,-30.860000,-55.540000,interpolated,topology-interp
9172,LIVRA-INT230,-30.860000,-55.540000,interpolated,topology-interp
9173,LIVRA2-RS000,-30.860000,-55.540000,interpolated,topology-interp
9174,LAJE3A-RS013,-29.470000,-51.980000,interpolated,topology-interp
9177,PAL4-A-RS000,-30.052800,-51.228000,interpolated,topology-interp
9178,PAL4-B-RS000,-30.052800,-51.228000,interpolated,topology-interp
9179,PAL4-C-RS000,-30.052800,-51.228000,interpolated,topology-interp
9180,LVERME-RS230,-28.190000,-51.520000,case-existing,case-existing
9181,PAL4-A-RS013,-30.052800,-51.228000,interpolated,topology-interp
9182,PAL4-B-RS013,-30.052800,-51.228000,interpolated,topology-interp
9183,PAL4-C-RS013,-30.052800,-51.228000,interpolated,topology-interp
9184,MACAMB-RS230,-29.150000,-56.070000,case-existing,case-existing
9186,MML----RS138,-33.150000,-52.990000,case-existing,case-existing
9188,MISSOE-RS230,-28.390000,-54.930000,case-existing,case-existing
9190,MOS----RS138,-30.780000,-50.640000,case-existing,case-existing
9192,OSORIO-RS230,-29.900000,-50.310000,case-existing,case-existing
9193,OSORIO-RS138,-29.900000,-50.310000,case-existing,case-existing
9194,OSO2---RS069,-29.900000,-50.310000,case-existing,case-existing
9195,N.PRAT-RS230,-28.810000,-51.610000,case-existing,case-existing
9197,PASULD-RS000,-30.142855,-51.125715,interpolated,topology-interp
9198,PASULE-RS000,-30.142855,-51.125715,interpolated,topology-interp
9199,PASULF-RS000,-30.142855,-51.125715,interpolated,topology-interp
9204,PAL4---RS230,-30.050000,-51.230000,case-existing,case-existing
9206,PAL6---RS230,-30.060000,-51.140000,case-existing,case-existing
9208,PAL8---RS230,-30.010000,-51.140000,case-existing,case-existing
9209,PAL9---RS230,-29.970000,-51.200000,case-existing,case-existing
9210,PAL10--RS230,-30.050000,-51.200000,case-existing,case-existing
9212,PAL10--RS069,-30.050000,-51.200000,case-existing,case-existing
9213,PAL13--RS230,-30.100000,-51.220000,case-existing,case-existing
9216,PAL6--SIN013,-30.060000,-51.140000,interpolated,topology-interp
9217,PAL6TA-RS000,-30.060000,-51.140000,interpolated,topology-interp
9218,PAL6---RS069,-30.060000,-51.140000,case-existing,case-existing
9219,PAL6TB-RS000,-30.060000,-51.140000,interpolated,topology-interp
9220,PAL9---RS069,-29.970000,-51.200000,case-existing,case-existing
9221,PAL6-A-RS013,-30.060000,-51.140000,case-existing,case-existing
9222,PAL9TA-RS000,-29.970000,-51.200000,interpolated,topology-interp
9223,PAL9--SIN013,-29.970000,-51.200000,interpolated,topology-interp
9224,PAL9TB-RS000,-29.970000,-51.200000,interpolated,topology-interp
9225,PAL6-B-RS013,-30.060000,-51.140000,interpolated,topology-interp
9226,PAL9-A-RS013,-29.970000,-51.200000,interpolated,topology-interp
9228,PEL3---RS138,-31.730000,-52.410000,case-existing,case-existing
9230,PELOTA-RS230,-31.730000,-52.410000,case-existing,case-existing
9231,PAL62--RS013,-30.060000,-51.140000,case-existing,case-existing
9232,PMED---RS069,-31.550000,-53.690000,case-existing,case-existing
9233,PMEDIC-RS230,-31.550000,-53.680000,case-existing,case-existing
9234,PMED---RS138,-31.550000,-53.680000,case-existing,case-existing
9241,RESTTA-RS000,-30.120000,-51.160000,interpolated,topology-interp
9242,RESTTA-RS013,-30.120000,-51.160000,interpolated,topology-interp
9243,RESTTB-RS000,-30.120000,-51.160000,interpolated,topology-interp
9244,PAL9-B-RS013,-29.970000,-51.200000,case-existing,case-existing
9245,POLOPE-RS230,-29.870000,-51.390000,case-existing,case-existing
9246,PAL9B--RS013,-29.970000,-51.200000,case-existing,case-existing
9247,RESTTB-RS013,-30.120000,-51.160000,interpolated,topology-interp
9250,P.REAL-RS230,-29.020000,-53.190000,case-existing,case-existing
9251,PRE-A-UHE013,-29.020000,-53.190000,case-existing,case-existing
9253,P.REAL-RS138,-29.020000,-53.190000,case-existing,case-existing
9254,POS----RS138,-31.930000,-52.740000,case-existing,case-existing
9261,QUINTA-RS230,-32.080000,-52.270000,case-existing,case-existing
9262,QUINTA-RS138,-32.080000,-52.270000,case-existing,case-existing
9263,QUI----RS069,-32.080000,-52.270000,case-existing,case-existing
9264,IJUI-2-RS230,-28.360000,-53.900000,case-existing,case-existing
9265,SANGL2-RS230,-28.300000,-54.290000,case-existing,case-existing
9266,C.ALTA-RS230,-28.660000,-53.650000,case-existing,case-existing
9267,C.ALTA-RS069,-28.660000,-53.650000,case-existing,case-existing
9268,C.ALT1-RS000,-28.660000,-53.650000,interpolated,topology-interp
9269,SAO----RS138,-29.820000,-50.500000,case-existing,case-existing
9271,C.ALT1-RS013,-28.660000,-53.650000,interpolated,topology-interp
9272,S.BORJ-RS230,-28.690000,-56.000000,case-existing,case-existing
9273,SCHARL-RS013,-29.720000,-51.150000,interpolated,topology-interp
9274,C.ALT2-RS000,-28.660000,-53.650000,interpolated,topology-interp
9275,SCHARL-RS000,-29.720000,-51.150000,interpolated,topology-interp
9276,SCHARL-RS230,-29.720000,-51.150000,case-existing,case-existing
9277,C.ALT2-RS013,-28.660000,-53.650000,interpolated,topology-interp
9279,S-CRUZ-RS000,-29.750000,-52.420000,interpolated,topology-interp
9280,STACRU-RS230,-29.750000,-52.420000,case-existing,case-existing
9281,STACRU-RS000,-29.750000,-52.420000,interpolated,topology-interp
9282,SMARI1-RS138,-29.579136,-53.745309,interpolated,topology-interp
9283,CANDEL-RS230,-29.650000,-52.800000,case-existing,case-existing
9284,SMARI3-RS138,-29.680000,-53.880000,case-existing,case-existing
9286,S.MARI-RS230,-29.680000,-53.880000,case-existing,case-existing
9288,GUAI3D-RS000,-30.130000,-51.380000,interpolated,topology-interp
9289,GUAI3D-RS013,-30.130000,-51.380000,interpolated,topology-interp
9290,STAMAR-RS230,-28.280000,-52.430000,case-existing,case-existing
9304,STA.RO-RS230,-27.880000,-54.460000,case-existing,case-existing
9305,EPAL16-RS069,-30.040000,-51.120000,interpolated,topology-interp
9306,SVICEN-RS230,-29.700000,-54.700000,case-existing,case-existing
9310,TAPERA-RS230,-28.670000,-52.860000,case-existing,case-existing
9314,TAQUAR-RS230,-29.660000,-50.790000,case-existing,case-existing
9315,ENT832-RS069,-30.000000,-51.194000,interpolated,topology-interp
9316,PAL10A-RS000,-30.050000,-51.200000,interpolated,topology-interp
9317,PAL101-RS013,-30.050000,-51.200000,interpolated,topology-interp
9318,PAL10B-RS000,-30.050000,-51.200000,interpolated,topology-interp
9319,PAL10B-RS013,-30.050000,-51.200000,interpolated,topology-interp
9322,DR-CAR-RS069,-28.472500,-52.605000,interpolated,topology-interp
9327,S.JOSEUHE013,-28.180000,-54.810000,case-existing,case-existing
9328,SJOSE--RS069,-28.165000,-54.765000,interpolated,topology-interp
9329,PAL13C-RS013,-30.100000,-51.220000,interpolated,topology-interp
9330,URUGUA-RS230,-29.810000,-57.000000,case-existing,case-existing
9331,C.INDA-RS000,-29.890000,-51.180000,interpolated,topology-interp
9332,C.INDA-RS013,-29.890000,-51.180000,interpolated,topology-interp
9333,C.INDB-RS000,-29.890000,-51.180000,interpolated,topology-interp
9334,C.INDB-RS013,-29.890000,-51.180000,interpolated,topology-interp
9335,SCHARA-RS000,-29.720000,-51.150000,interpolated,topology-interp
9336,SCHARA-RS013,-29.720000,-51.150000,interpolated,topology-interp
9337,SCHARB-RS000,-29.720000,-51.150000,interpolated,topology-interp
9338,SCHARB-RS013,-29.720000,-51.150000,interpolated,topology-interp
9339,SCHARC-RS000,-29.720000,-51.150000,interpolated,topology-interp
9340,UTUR---RS230,-29.760000,-57.000000,case-existing,case-existing
9341,SCHARC-RS013,-29.720000,-51.150000,interpolated,topology-interp
9342,POLOPA-RS000,-29.870000,-51.390000,interpolated,topology-interp
9343,POLOPA-RS013,-29.870000,-51.390000,interpolated,topology-interp
9344,POLOPB-RS000,-29.870000,-51.390000,interpolated,topology-interp
9345,V.AIRE-RS230,-29.630000,-52.160000,case-existing,case-existing
9346,POLOPB-RS013,-29.870000,-51.390000,interpolated,topology-interp
9348,V.AIR-SIN013,-29.630000,-52.160000,interpolated,topology-interp
9349,VAIRES-RS000,-29.630000,-52.160000,interpolated,topology-interp
9350,VIAMAO-RS230,-30.040000,-51.060000,case-existing,case-existing
9353,DPOSOR-RS138,-31.736667,-52.943333,interpolated,topology-interp
9354,ENT856-RS069,-29.990000,-51.180000,interpolated,topology-interp
9355,PAL2---RS069,-30.000000,-51.140000,case-existing,case-existing
9356,ATL2---RS069,-29.780000,-50.050000,case-existing,case-existing
9357,PAL14--RS069,-30.160000,-51.150000,case-existing,case-existing
9358,PAL1-B-RS069,-30.020000,-51.170000,case-existing,case-existing
9359,PAL1-A-RS069,-30.020000,-51.170000,case-existing,case-existing
9360,BAG2---RS069,-31.290000,-54.070000,case-existing,case-existing
9361,PAL3---RS069,-30.060000,-51.210000,case-existing,case-existing
9362,PAL5---RS069,-30.030000,-51.190000,case-existing,case-existing
9363,ENT974-RS069,-29.990000,-51.178000,interpolated,topology-interp
9364,CAM1---RS069,-30.830000,-51.820000,case-existing,case-existing
9365,MNA----RS069,-30.010000,-51.210000,case-existing,case-existing
9366,GER----RS069,-30.000000,-51.194000,interpolated,topology-interp
9367,FRP----RS069,-30.000000,-51.200000,case-existing,case-existing
9369,ENTPAA-RS069,-30.050000,-51.155000,interpolated,topology-interp
9370,ENTPAB-RS069,-30.045000,-51.185000,interpolated,topology-interp
9371,PAL12--RS069,-30.040000,-51.170000,case-existing,case-existing
9372,ELD----RS023,-30.010000,-51.320000,case-existing,case-existing
9374,ELD-C--RS023,-30.010000,-51.320000,case-existing,case-existing
9375,PAL16--RS069,-30.020000,-51.100000,case-existing,case-existing
9376,GUA2---RS069,-30.130000,-51.380000,case-existing,case-existing
9377,ALV----RS069,-30.010000,-51.030000,case-existing,case-existing
9378,CBOMTB-RS000,-29.690000,-51.070000,interpolated,topology-interp
9379,CBOMTB-RS013,-29.690000,-51.070000,interpolated,topology-interp
9380,DVIA2--RS069,-30.053333,-51.106667,interpolated,topology-interp
9381,CBOMTC-RS000,-29.690000,-51.070000,interpolated,topology-interp
9382,ENTBRA-RS069,-30.166667,-50.873333,interpolated,topology-interp
9383,CBOMTC-RS013,-29.690000,-51.070000,interpolated,topology-interp
9384,PAL10--RS013,-30.050000,-51.200000,case-existing,case-existing
9385,PUC----RS069,-30.060000,-51.170000,case-existing,case-existing
9386,VIA1---RS069,-30.080000,-51.040000,case-existing,case-existing
9387,VIA2---RS069,-30.050000,-51.090000,case-existing,case-existing
9388,PAL13A-RS013,-30.100000,-51.220000,case-existing,case-existing
9389,PAL13B-RS013,-30.100000,-51.220000,case-existing,case-existing
9390,DVONPA-RS069,-29.960000,-51.115000,interpolated,topology-interp
9391,VONPAR-RS069,-29.970000,-51.120000,case-existing,case-existing
9393,PA13-C-RS013,-30.100000,-51.220000,interpolated,topology-interp
9394,E834A--RS069,-30.143333,-51.346667,interpolated,topology-interp
9395,PAL4E--RS013,-30.050000,-51.230000,case-existing,case-existing
9396,PAL4A--RS013,-30.050000,-51.230000,case-existing,case-existing
9397,PAL4B--RS013,-30.050000,-51.230000,case-existing,case-existing
9398,PAL4C--RS013,-30.050000,-51.230000,case-existing,case-existing
9399,PAL4D--RS013,-30.050000,-51.230000,case-existing,case-existing
9400,PAL8---RS069,-30.010000,-51.140000,case-existing,case-existing
9401,CBOMTA-RS000,-29.690000,-51.070000,interpolated,topology-interp
9406,CBOMTA-RS013,-29.690000,-51.070000,interpolated,topology-interp
9408,PMR----RS138,-30.240000,-50.480000,case-existing,case-existing
9409,PAL15--RS069,-30.150000,-51.220000,case-existing,case-existing
9410,RESTTC-RS000,-30.120000,-51.160000,interpolated,topology-interp
9411,RESTTC-RS013,-30.120000,-51.160000,interpolated,topology-interp
9416,PEL1---RS138,-31.760000,-52.300000,case-existing,case-existing
9417,EST-7--RS069,-30.135000,-51.190000,interpolated,topology-interp
9418,ELDORA-RS000,-30.010000,-51.320000,interpolated,topology-interp
9419,ELDORA-RS013,-30.010000,-51.320000,interpolated,topology-interp
9420,PEL2---RS138,-31.760000,-52.350000,case-existing,case-existing
9421,PAL13C-RS000,-30.100000,-51.220000,interpolated,topology-interp
9422,PAL13A-RS000,-30.100000,-51.220000,interpolated,topology-interp
9423,PAL13B-RS000,-30.100000,-51.220000,interpolated,topology-interp
9424,PELOTA-RS138,-31.660000,-52.350000,case-existing,case-existing
9425,PA13-A-RS013,-30.100000,-51.220000,interpolated,topology-interp
9426,PAL132-RS013,-30.100000,-51.220000,interpolated,topology-interp
9428,PEL4---RS069,-31.660000,-52.350000,case-existing,case-existing
9430,BRA----RS069,-30.170000,-50.870000,case-existing,case-existing
9431,CHA2---RS069,-29.960000,-51.610000,case-existing,case-existing
9434,PAL6T1-RS000,-30.060000,-51.140000,interpolated,topology-interp
9435,PAL6TA-RS013,-30.060000,-51.140000,interpolated,topology-interp
9445,PAL9T1-RS000,-29.970000,-51.200000,interpolated,topology-interp
9446,PAL9TA-RS013,-29.970000,-51.200000,interpolated,topology-interp
9448,SJE----RS069,-29.970000,-51.730000,case-existing,case-existing
9449,ALB1---RS069,-30.000000,-51.140000,case-existing,case-existing
9451,GUAI1A-RS069,-30.130000,-51.330000,case-existing,case-existing
9452,SVP2---RS138,-33.470000,-53.300000,case-existing,case-existing
9453,STHGUA-RS069,-30.170000,-51.330000,case-existing,case-existing
9455,GUAI1B-RS069,-30.130000,-51.330000,case-existing,case-existing
9458,SCHAR1-RS000,-29.720000,-51.150000,interpolated,topology-interp
9459,SCHAR2-RS000,-29.720000,-51.150000,interpolated,topology-interp
9460,S.JER--RS069,-29.970000,-51.730000,interpolated,topology-interp
9461,SCHAR1-RS013,-29.720000,-51.150000,interpolated,topology-interp
9462,SCHAR2-RS013,-29.720000,-51.150000,interpolated,topology-interp
9463,E872---RS069,-30.056667,-51.123333,interpolated,topology-interp
9464,PAL101-RS000,-30.050000,-51.200000,interpolated,topology-interp
9465,PAL102-RS000,-30.050000,-51.200000,interpolated,topology-interp
9466,PAL11A-RS013,-30.050000,-51.200000,interpolated,topology-interp
9467,PAL102-RS013,-30.050000,-51.200000,interpolated,topology-interp
9468,C.IND1-RS000,-29.890000,-51.180000,interpolated,topology-interp
9469,C.IND2-RS000,-29.890000,-51.180000,interpolated,topology-interp
9470,VIA3---RS069,-30.040000,-51.060000,case-existing,case-existing
9471,C.IND1-RS013,-29.890000,-51.180000,interpolated,topology-interp
9472,C.IND2-RS013,-29.890000,-51.180000,interpolated,topology-interp
9473,PAL4TA-RS000,-30.050000,-51.230000,interpolated,topology-interp
9474,PAL4TB-RS000,-30.050000,-51.230000,interpolated,topology-interp
9475,PAL4TC-RS000,-30.050000,-51.230000,interpolated,topology-interp
9476,PAL4TD-RS000,-30.050000,-51.230000,interpolated,topology-interp
9477,PAL4TE-RS000,-30.050000,-51.230000,interpolated,topology-interp
9478,PAL4TA-RS013,-30.050000,-51.230000,interpolated,topology-interp
9479,PAL4TB-RS013,-30.050000,-51.230000,interpolated,topology-interp
9480,PAL4TC-RS013,-30.050000,-51.230000,interpolated,topology-interp
9481,PAL4TD-RS013,-30.050000,-51.230000,interpolated,topology-interp
9482,PAL4TE-RS013,-30.050000,-51.230000,interpolated,topology-interp
9483,LAT----RS069,-30.160000,-50.880000,case-existing,case-existing
9486,PASULF-RS013,-30.142858,-51.125714,interpolated,topology-interp
9487,CNA1-A-RS000,-29.950000,-51.190000,interpolated,topology-interp
9488,CNA1-B-RS000,-29.950000,-51.190000,interpolated,topology-interp
9489,CNA1-A-RS013,-29.950000,-51.190000,interpolated,topology-interp
9490,CNA1-B-RS013,-29.950000,-51.190000,interpolated,topology-interp
9491,PASULD-RS013,-30.142858,-51.125714,interpolated,topology-interp
9492,CBOMT1-RS000,-29.690000,-51.070000,interpolated,topology-interp
9493,CBOMT2-RS000,-29.690000,-51.070000,interpolated,topology-interp
9494,CBOMT1-RS013,-29.690000,-51.070000,interpolated,topology-interp
9495,CBOMT2-RS013,-29.690000,-51.070000,interpolated,topology-interp
9496,ELDORB-RS000,-30.010000,-51.320000,interpolated,topology-interp
9497,ELDORB-RS013,-30.010000,-51.320000,interpolated,topology-interp
9498,PALT1A-RS000,-29.970000,-51.200000,interpolated,topology-interp
9499,PAL9TC-RS013,-29.970000,-51.200000,interpolated,topology-interp
9500,PASULE-RS013,-30.142858,-51.125714,interpolated,topology-interp
9501,SAMU1-UHE013,-8.750000,-63.450000,case-existing,case-existing
9502,CALADI-RO069,-8.790000,-63.860000,interpolated,topology-interp
9503,CALAD2-RO069,-8.816667,-63.870000,interpolated,topology-interp
9504,VILHENCER013,-12.720000,-60.260000,interpolated,topology-interp
9505,RIOBRACER013,-10.010000,-67.730000,interpolated,topology-interp
9506,SAMUEL-RO230,-8.750000,-63.460000,case-existing,case-existing
9508,PV-P34UTE013,-8.770000,-63.830000,case-existing,case-existing
9509,R-BRA1-AC000,-10.010000,-67.730000,interpolated,topology-interp
9510,PVELHO-RO230,-8.800000,-63.820000,case-existing,case-existing
9511,C.PVELSIN013,-8.910000,-63.960000,interpolated,topology-interp
9512,TN2-G-UTE013,-8.770000,-63.830000,case-existing,case-existing
9513,R-BRA2-AC000,-10.010000,-67.730000,interpolated,topology-interp
9514,TN2-V-UTE013,-8.770000,-63.830000,case-existing,case-existing
9515,ROLIM--RO013,-11.710000,-61.780000,case-existing,case-existing
9516,ROLI01PCH013,-12.110000,-61.930000,case-existing,case-existing
9517,NMPARA-RO230,-9.177500,-64.377500,interpolated,topology-interp
9518,RONDIIUHE013,-12.000000,-60.700000,case-existing,case-existing
9519,R-BR01-AC013,-10.010000,-67.730000,interpolated,topology-interp
9520,ARIQUE-RO230,-9.930000,-63.010000,case-existing,case-existing
9521,R-BR02-AC013,-10.010000,-67.730000,interpolated,topology-interp
9522,JACYPA-RO069,-9.260000,-64.420000,case-existing,case-existing
9523,JACYPA-RO034,-9.485000,-64.470000,interpolated,topology-interp
9524,U.BAND-RO034,-9.710000,-64.520000,case-existing,case-existing
9525,JARU1--RO230,-10.420000,-62.450000,case-existing,case-existing
9526,JIPPAC-RO000,-10.860000,-61.890000,interpolated,topology-interp
9527,NMPARA-RO069,-9.290000,-64.560000,case-existing,case-existing
9528,JIPPAC-RO013,-10.860000,-61.890000,interpolated,topology-interp
9530,JIPARA-RO230,-10.860000,-61.890000,case-existing,case-existing
9534,P-BUEN-RO230,-11.610000,-61.140000,case-existing,case-existing
9535,VILHEN-RO230,-12.720000,-60.260000,case-existing,case-existing
9536,MEDICE-RO138,-11.160000,-61.900000,case-existing,case-existing
9537,ABUNA--RO230,-9.710000,-65.170000,case-existing,case-existing
9538,R-BRAN-AC230,-10.010000,-67.730000,case-existing,case-existing
9539,C.ALT-PCH006,-11.930000,-62.130000,case-existing,case-existing
9540,TUCUMA-AC230,-10.040000,-67.940000,case-existing,case-existing
9541,FEIJO--AC230,-8.190000,-70.550000,case-existing,case-existing
9542,R-BRAN-AC138,-10.010000,-67.730000,case-existing,case-existing
9543,EPITAC-AC138,-10.520000,-68.225000,interpolated,topology-interp
9544,TUCUMASIN013,-10.040000,-67.940000,interpolated,topology-interp
9551,S-MADU-AC069,-9.090000,-68.640000,case-existing,case-existing
9554,FEIJO--AC069,-8.190000,-70.550000,case-existing,case-existing
9559,TAQUAR-AC069,-10.010000,-67.800000,case-existing,case-existing
9561,PVELH3-RO013,-8.800000,-63.820000,interpolated,topology-interp
9562,PVELH1-RO013,-8.800000,-63.820000,interpolated,topology-interp
9563,PVELH2-RO013,-8.800000,-63.820000,interpolated,topology-interp
9564,PVELH4-RO013,-8.800000,-63.820000,interpolated,topology-interp
9565,ARIQU1-RO013,-9.930000,-63.010000,interpolated,topology-interp
9566,ARIQU2-RO013,-9.930000,-63.010000,interpolated,topology-interp
9567,ARIQ3--RO013,-9.930000,-63.010000,interpolated,topology-interp
9568,JA26-A-RO013,-10.420000,-62.450000,interpolated,topology-interp
9569,JIPRT2-RO013,-10.860000,-61.890000,interpolated,topology-interp
9570,JIPRT3-RO013,-10.860000,-61.890000,interpolated,topology-interp
9571,JIPRT4-RO013,-10.860000,-61.890000,interpolated,topology-interp
9572,JIPAR3-RO013,-10.860000,-61.890000,interpolated,topology-interp
9573,CRUSUL-AC230,-7.690000,-72.640000,case-existing,case-existing
9574,CRUSUL-AC069,-7.690000,-72.640000,case-existing,case-existing
9575,PBUEN1-RO013,-11.610000,-61.140000,interpolated,topology-interp
9576,PBUEN2-RO013,-11.610000,-61.140000,interpolated,topology-interp
9577,VILHE1-RO013,-12.720000,-60.260000,interpolated,topology-interp
9578,VILHE2-RO013,-12.720000,-60.260000,interpolated,topology-interp
9579,ROLI02PCH013,-11.950000,-62.180000,case-existing,case-existing
9580,PBEN3--RO013,-11.610000,-61.140000,interpolated,topology-interp
9581,FEIJ1-SIN013,-8.190000,-70.550000,interpolated,topology-interp
9582,FEIJ2-SIN013,-8.190000,-70.550000,interpolated,topology-interp
9583,ARIQ-D-RO013,-9.930000,-63.010000,interpolated,topology-interp
9587,VILH3--RO000,-12.720000,-60.260000,interpolated,topology-interp
9588,VILHE3-RO013,-12.720000,-60.260000,interpolated,topology-interp
9590,ABUNA--RO013,-9.710000,-65.170000,interpolated,topology-interp
9591,G-MIRI-RO013,-10.760000,-65.310000,case-existing,case-existing
9592,RBRAN1-AC013,-10.010000,-67.730000,interpolated,topology-interp
9593,RBRAN2-AC013,-10.010000,-67.730000,interpolated,topology-interp
9597,ABUNA2-RO013,-9.710000,-65.170000,interpolated,topology-interp
9598,JA26-B-RO013,-10.420000,-62.450000,interpolated,topology-interp
9599,RBRAN3-AC013,-10.010000,-67.730000,interpolated,topology-interp
9600,RBRAN4-AC013,-10.010000,-67.730000,interpolated,topology-interp
9601,JA21-A-RO013,-10.420000,-62.450000,interpolated,topology-interp
9602,JA26-C-RO013,-10.420000,-62.450000,interpolated,topology-interp
9603,JIPAR--RO013,-10.860000,-61.890000,interpolated,topology-interp
9604,ARIQ-D-RO000,-9.930000,-63.010000,interpolated,topology-interp
9605,PVET---RO000,-8.800000,-63.820000,interpolated,topology-interp
9606,PVE--A-RO000,-8.800000,-63.820000,interpolated,topology-interp
9607,PVE--B-RO000,-8.800000,-63.820000,interpolated,topology-interp
9608,ARIQ-A-RO000,-9.930000,-63.010000,interpolated,topology-interp
9609,ARIQ-B-RO000,-9.930000,-63.010000,interpolated,topology-interp
9610,ARIQT3-RO000,-9.930000,-63.010000,interpolated,topology-interp
9611,JA26-A-RO000,-10.420000,-62.450000,interpolated,topology-interp
9612,JA26-B-RO000,-10.420000,-62.450000,interpolated,topology-interp
9613,JIPA-A-RO000,-10.860000,-61.890000,interpolated,topology-interp
9614,JIPA-B-RO000,-10.860000,-61.890000,interpolated,topology-interp
9615,JIPPAA-RO000,-10.860000,-61.890000,interpolated,topology-interp
9616,JIPPAB-RO000,-10.860000,-61.890000,interpolated,topology-interp
9617,JIPAT3-RO000,-10.860000,-61.890000,interpolated,topology-interp
9618,PBEN3--RO000,-11.610000,-61.140000,interpolated,topology-interp
9619,PBEN1--RO000,-11.610000,-61.140000,interpolated,topology-interp
9620,PBEN2--RO000,-11.610000,-61.140000,interpolated,topology-interp
9621,PVE4---RO000,-8.800000,-63.820000,interpolated,topology-interp
9622,VILH1--RO000,-12.720000,-60.260000,interpolated,topology-interp
9623,VILH2--RO000,-12.720000,-60.260000,interpolated,topology-interp
9624,JA21-A-RO000,-10.420000,-62.450000,interpolated,topology-interp
9625,JA26-C-RO000,-10.420000,-62.450000,interpolated,topology-interp
9626,COL.PV-RO069,-8.910000,-63.960000,case-existing,case-existing
9627,ABUNA--RO000,-9.710000,-65.170000,interpolated,topology-interp
9628,ABUN2--RO000,-9.710000,-65.170000,interpolated,topology-interp
9629,R-BR1--AC000,-10.010000,-67.730000,interpolated,topology-interp
9630,R-BR2--AC000,-10.010000,-67.730000,interpolated,topology-interp
9631,R-BR3--AC000,-10.010000,-67.730000,interpolated,topology-interp
9632,JIPARA-RO138,-10.860000,-61.890000,case-existing,case-existing
9633,CACOAL-RO138,-11.440000,-61.470000,case-existing,case-existing
9634,P-BUEN-RO138,-11.610000,-61.140000,case-existing,case-existing
9635,G-MIRI-RO138,-10.760000,-65.310000,case-existing,case-existing
9636,ABUNA--RO138,-9.710000,-65.170000,case-existing,case-existing
9637,P-BUEC-RO138,-11.900000,-61.016667,interpolated,topology-interp
9638,PBUENOPCH013,-12.090000,-61.210000,case-existing,case-existing
9639,PVELHO-RO069,-8.800000,-63.820000,case-existing,case-existing
9640,TIRADE-RO069,-8.750000,-63.830000,case-existing,case-existing
9641,AREAL--RO069,-8.780000,-63.890000,case-existing,case-existing
9642,ARIQUE-RO069,-9.930000,-63.010000,case-existing,case-existing
9643,R-BR4--AC000,-10.010000,-67.730000,interpolated,topology-interp
9644,ARIQUEPCH013,-10.100000,-63.290000,case-existing,case-existing
9645,JARU---RO069,-10.420000,-62.450000,case-existing,case-existing
9646,JIPARA-RO069,-10.860000,-61.890000,case-existing,case-existing
9648,ROLIM--RO138,-11.522000,-61.976000,interpolated,topology-interp
9649,ALFAVI-RO069,-8.730000,-63.880000,case-existing,case-existing
9650,ALF1---RO069,-8.733333,-63.873333,interpolated,topology-interp
9651,ALF2---RO069,-8.733333,-63.873333,interpolated,topology-interp
9652,VILHEN-RO069,-12.720000,-60.260000,case-existing,case-existing
9653,RMADEI-RO069,-8.720000,-63.910000,case-existing,case-existing
9654,VILHENPCH034,-12.840000,-60.220000,case-existing,case-existing
9655,CUJUBI-RO138,-9.390000,-62.580000,case-existing,case-existing
9656,MACHAD-RO138,-9.440000,-62.000000,case-existing,case-existing
9657,CENTRO-RO069,-8.780000,-63.900000,case-existing,case-existing
9658,R-BRAN-AC069,-10.010000,-67.730000,case-existing,case-existing
9659,S-FRAN-AC069,-9.970000,-67.790000,case-existing,case-existing
9660,TANGAR-AC069,-9.960000,-67.850000,case-existing,case-existing
9661,JARU---RO138,-10.420000,-62.450000,case-existing,case-existing
9662,THEOBR-RO138,-10.270000,-62.320000,case-existing,case-existing
9663,ANARY--RO138,-9.870000,-62.180000,case-existing,case-existing
9664,RONDIIUTE013,-11.900000,-61.016667,interpolated,topology-interp
9665,TUCUMA-AC069,-10.040000,-67.940000,case-existing,case-existing
9666,ABUNA3-RO000,-9.710000,-65.170000,interpolated,topology-interp
9667,ABUNA3-RO013,-9.710000,-65.170000,interpolated,topology-interp
9677,GUAPOR-RO069,-8.800000,-63.820000,interpolated,topology-interp
9701,IMPERA-TO069,-5.624881,-47.532559,interpolated,topology-interp
9702,ITAFOS-TO138,-12.926667,-46.813333,interpolated,topology-interp
9715,PAL21A-RS000,-30.005000,-51.162500,interpolated,topology-interp
9716,PAL21B-RS000,-30.005000,-51.162500,interpolated,topology-interp
9717,PAL21A-RS013,-30.005000,-51.162500,interpolated,topology-interp
9718,PAL21B-RS013,-30.005000,-51.162500,interpolated,topology-interp
9738,AREIA-PCH013,-11.700000,-46.740000,case-existing,case-existing
9739,AGUALIPCH013,-11.690000,-46.700000,case-existing,case-existing
9744,AGROTRPCH013,-11.680000,-46.670000,case-existing,case-existing
9745,ISAMUI-TO006,-10.734893,-47.787557,interpolated,topology-interp
9767,AREIA--TO138,-11.686612,-46.738589,interpolated,topology-interp
9768,AGUALI-TO138,-11.673226,-46.737178,interpolated,topology-interp
9769,SECAGU-TO138,-11.643063,-46.772948,interpolated,topology-interp
9770,PARAI1-TO138,-10.221143,-48.833997,interpolated,topology-interp
9771,ALMAS--TO138,-11.379571,-47.293254,interpolated,topology-interp
9772,AGROTR-TO138,-11.661533,-46.721473,interpolated,topology-interp
9773,AGUIAR-TO138,-6.662583,-47.621802,interpolated,topology-interp
9774,XAMBIO-TO138,-7.950805,-47.797052,interpolated,topology-interp
9775,TOCANTTAP138,-6.755167,-47.763606,interpolated,topology-interp
9777,BIELAN-TO138,-7.453511,-48.041497,interpolated,topology-interp
9778,PEIXE--TO013,-12.040000,-48.550000,case-existing,case-existing
9779,PEIXE--TO034,-12.040000,-48.550000,case-existing,case-existing
9780,P.NACI-TO138,-10.573357,-48.467998,interpolated,topology-interp
9781,TAQUAR-TO138,-10.353893,-48.320151,interpolated,topology-interp
9782,PALMA3-TO138,-10.260380,-48.323736,interpolated,topology-interp
9783,ARAGU3-TO138,-7.417023,-48.212993,interpolated,topology-interp
9784,ALVORA-TO138,-12.657443,-49.134480,interpolated,topology-interp
9785,FIGUEI-TO138,-12.199774,-49.117921,interpolated,topology-interp
9786,GURUP1-TO138,-11.801877,-49.049283,interpolated,topology-interp
9787,N.ROSA-TO138,-10.760708,-48.928160,interpolated,topology-interp
9788,PARAI2-TO138,-10.303430,-48.701992,interpolated,topology-interp
9789,DIANOP-TO138,-11.594434,-46.860189,interpolated,topology-interp
9790,ISAMUI-TO138,-10.753616,-47.795203,interpolated,topology-interp
9791,PALMA4-TO138,-10.195638,-48.333324,interpolated,topology-interp
9792,PALMA2-TO138,-10.200000,-48.310000,case-existing,case-existing
9793,MIRANO-TO138,-9.273275,-48.533238,interpolated,topology-interp
9794,GUARA2-TO138,-8.749825,-48.489713,interpolated,topology-interp
9795,COLINA-TO138,-8.231843,-48.516422,interpolated,topology-interp
9796,NOVAOL-TO138,-7.599454,-48.372491,interpolated,topology-interp
9797,AR2TAP-TO138,-7.373782,-48.296996,interpolated,topology-interp
9798,ARAGU2-TO138,-7.321891,-48.278498,interpolated,topology-interp
9799,ARAGU1-TO138,-7.200000,-48.240000,case-existing,case-existing
9800,TOCANT-TO138,-6.588857,-47.627572,interpolated,topology-interp
9805,COLIAB-TO138,-7.804580,-48.390477,interpolated,topology-interp
9905,MIRSEC-TO138,-9.870000,-48.415000,interpolated,topology-interp
9924,PAL19A-RS000,-30.020000,-51.100000,interpolated,topology-interp
9925,PAL19B-RS000,-30.020000,-51.100000,interpolated,topology-interp
9926,PAL19A-RS013,-30.020000,-51.100000,interpolated,topology-interp
9927,PAL19B-RS013,-30.020000,-51.100000,interpolated,topology-interp
9998,TMARI2-MG000,-18.210000,-45.260000,interpolated,topology-interp
9999,TMARI2-MG013,-18.210000,-45.260000,interpolated,topology-interp
10000,JURUPA-PA230,-1.550000,-52.770000,case-existing,case-existing
10001,JURUPA-PA069,-1.550000,-52.760000,case-existing,case-existing
10002,ORIXIM-PA000,-1.580000,-55.720000,interpolated,topology-interp
10003,ORIXMA-PA013,-1.580000,-55.720000,interpolated,topology-interp
10005,SILVES-AM000,-2.710000,-58.280000,interpolated,topology-interp
10006,SILVES-AM013,-2.710000,-58.280000,interpolated,topology-interp
10007,SILVES-AM138,-2.710000,-58.280000,case-existing,case-existing
10008,XINGU--PA500,-3.110000,-51.690000,case-existing,case-existing
10009,JURUPA-PA500,-1.550000,-52.770000,case-existing,case-existing
10010,SILVES-AM500,-2.710000,-58.280000,case-existing,case-existing
10011,ORIXIM-PA500,-1.580000,-55.720000,case-existing,case-existing
10012,LECHUG-AM500,-2.920000,-60.010000,case-existing,case-existing
10013,JURUPACER013,-1.550000,-52.770000,interpolated,topology-interp
10014,SILVESCER013,-2.710000,-58.280000,interpolated,topology-interp
10015,ORIXIMCER013,-1.580000,-55.720000,interpolated,topology-interp
10016,MACAPACER013,0.100000,-51.120000,interpolated,topology-interp
10017,MACAPA-AP230,0.100000,-51.120000,case-existing,case-existing
10018,LARANJ-AP230,-0.810000,-52.480000,case-existing,case-existing
10019,LARANJ-AP069,-0.810000,-52.480000,case-existing,case-existing
10020,CNUN12UHE013,0.900000,-51.260000,case-existing,case-existing
10021,CNUNE3UHE013,0.900000,-51.260000,case-existing,case-existing
10025,SIL-T2-AM000,-2.710000,-58.280000,interpolated,topology-interp
10026,CNUNES-AP138,0.900000,-51.260000,case-existing,case-existing
10027,SIL-T2-AM013,-2.710000,-58.280000,interpolated,topology-interp
10032,MACAP3-AP230,0.050000,-51.170000,case-existing,case-existing
10033,MACAP3-AP069,0.050000,-51.170000,case-existing,case-existing
10049,SANTTF-AP013,-0.010000,-51.180000,case-existing,case-existing
10050,SANTAT-AP013,0.205243,-51.168381,interpolated,topology-interp
10051,STAT1--AP013,0.205243,-51.168381,interpolated,topology-interp
10052,SANTAN-AP069,0.085394,-51.142497,interpolated,topology-interp
10053,SANTAN-AP138,0.325121,-51.194190,interpolated,topology-interp
10054,AZULAO-AM500,-2.737500,-58.205000,interpolated,topology-interp
10055,AZULAOUTE023,-2.740000,-58.180000,case-existing,case-existing
10057,SANAT2-AP000,0.205256,-51.168352,interpolated,topology-interp
10058,SANAT1-AP000,0.205256,-51.168352,interpolated,topology-interp
10060,SRTF01-AP013,0.040000,-51.080000,case-existing,case-existing
10061,SRTF02-AP013,0.040000,-51.080000,case-existing,case-existing
10062,SRTF03-AP013,0.040000,-51.080000,case-existing,case-existing
10063,S.RITA-AP069,0.055063,-51.096045,interpolated,topology-interp
10066,M2TR01-AP013,0.080000,-51.070000,case-existing,case-existing
10067,M2TR02-AP013,0.080000,-51.070000,case-existing,case-existing
10068,M2TR03-AP013,0.080000,-51.070000,case-existing,case-existing
10069,MCP-II-AP069,0.078375,-51.079351,interpolated,topology-interp
10070,AMAZ01-AP013,0.092680,-51.131285,interpolated,topology-interp
10072,EQTR01-AP013,0.000000,-51.090000,case-existing,case-existing
10073,EQTR02-AP013,0.000000,-51.090000,case-existing,case-existing
10074,EQTR03-AP013,0.000000,-51.090000,case-existing,case-existing
10075,EQUATO-AP069,0.028173,-51.103053,interpolated,topology-interp
10076,EQTR04-AP013,0.000000,-51.090000,case-existing,case-existing
10077,AMAZ02-AP013,0.092680,-51.131285,interpolated,topology-interp
10081,F.GOME-AP230,0.860000,-51.200000,case-existing,case-existing
10082,F.GOMEUHE013,0.860000,-51.200000,case-existing,case-existing
10083,S.A.JA-AP230,-0.650000,-52.520000,case-existing,case-existing
10084,S.A.JAUHE013,-0.650000,-52.520000,case-existing,case-existing
10088,LJTR01-AP013,-0.830000,-52.510000,case-existing,case-existing
10093,FAZE01-AP013,0.056753,-51.122827,interpolated,topology-interp
10094,FAZE02-AP013,0.056753,-51.122827,interpolated,topology-interp
10096,FAZEND-AP069,0.056770,-51.122801,interpolated,topology-interp
10099,MACAPA-AP069,0.100000,-51.120000,case-existing,case-existing
10102,S.JOSE-AP069,0.051874,-51.066756,interpolated,topology-interp
10103,SJTR01-AP013,0.040000,-51.050000,case-existing,case-existing
10104,SJTR02-AP013,0.040000,-51.050000,case-existing,case-existing
10106,SJTR03-AP013,0.045937,-51.058378,interpolated,topology-interp
10108,MANAU1UTE013,-3.110000,-59.920000,case-existing,case-existing
10110,LECHUG-AM230,-2.920000,-60.010000,case-existing,case-existing
10111,LECHUG-AM138,-2.920000,-60.010000,case-existing,case-existing
10112,MANA-I-AM138,-3.080000,-59.910000,interpolated,topology-interp
10113,LECHUD-AM013,-2.920000,-60.010000,interpolated,topology-interp
10115,AZULA2UTE013,-2.740000,-58.180000,case-existing,case-existing
10116,AZULA4UTE013,-2.760000,-58.180000,case-existing,case-existing
10120,LECHU1-AM000,-2.920000,-60.010000,interpolated,topology-interp
10121,LECHU2-AM000,-2.920000,-60.010000,interpolated,topology-interp
10122,LECHU3-AM000,-2.920000,-60.010000,interpolated,topology-interp
10123,LECHU1-AM013,-2.920000,-60.010000,interpolated,topology-interp
10124,LECHU2-AM013,-2.920000,-60.010000,interpolated,topology-interp
10125,LECHU3-AM013,-2.920000,-60.010000,interpolated,topology-interp
10126,LECHU4-AM000,-2.920000,-60.010000,interpolated,topology-interp
10128,LECHU4-AM013,-2.920000,-60.010000,interpolated,topology-interp
10130,LECHUA-AM000,-2.920000,-60.010000,interpolated,topology-interp
10131,LECHUB-AM000,-2.920000,-60.010000,interpolated,topology-interp
10132,LECHUC-AM000,-2.920000,-60.010000,interpolated,topology-interp
10133,LECHUA-AM013,-2.920000,-60.010000,interpolated,topology-interp
10134,LECHUB-AM013,-2.920000,-60.010000,interpolated,topology-interp
10135,LECHUC-AM013,-2.920000,-60.010000,interpolated,topology-interp
10136,LECHUD-AM000,-2.920000,-60.010000,interpolated,topology-interp
10146,SANT01-AP013,-0.010000,-51.180000,case-existing,case-existing
10154,SRTF04-AP013,0.055060,-51.096049,interpolated,topology-interp
10169,AMAZ---AP069,0.092692,-51.131263,interpolated,topology-interp
10171,C.CALDUHE013,0.850000,-51.300000,case-existing,case-existing
10187,C.CALD-AP230,0.850000,-51.290000,case-existing,case-existing
10199,LJRCEA-AP069,-0.820000,-52.495000,interpolated,topology-interp
10206,TU-X-ACAP500,-3.181429,-50.611429,interpolated,topology-interp
10207,TU-X-BCAP500,-3.181429,-50.611429,interpolated,topology-interp
10208,XI-J-ACAP500,-2.590000,-52.050000,interpolated,topology-interp
10209,XI-J-BCAP500,-2.590000,-52.050000,interpolated,topology-interp
10210,JU-X-ACAP500,-2.070000,-52.410000,interpolated,topology-interp
10211,JU-X-BCAP500,-2.070000,-52.410000,interpolated,topology-interp
10212,JU-O-ACAP500,-1.560000,-53.753333,interpolated,topology-interp
10213,JU-O-BCAP500,-1.560000,-53.753333,interpolated,topology-interp
10214,OR-J-ACAP500,-1.570000,-54.736667,interpolated,topology-interp
10215,OR-J-BCAP500,-1.570000,-54.736667,interpolated,topology-interp
10216,OR-S-ACAP500,-1.956667,-56.573333,interpolated,topology-interp
10217,OR-S-BCAP500,-1.956667,-56.573333,interpolated,topology-interp
10218,SI-O-ACAP500,-2.333333,-57.426667,interpolated,topology-interp
10219,SI-O-BCAP500,-2.333333,-57.426667,interpolated,topology-interp
10220,SI-L-ACAP500,-2.780000,-58.856667,interpolated,topology-interp
10221,SI-L-BCAP500,-2.780000,-58.856667,interpolated,topology-interp
10222,LE-S-ACAP500,-2.850000,-59.433333,interpolated,topology-interp
10223,LE-S-BCAP500,-2.850000,-59.433333,interpolated,topology-interp
10300,APAREC-AM069,-3.130000,-60.030000,case-existing,case-existing
10304,ITACO2-AM138,-3.110000,-58.460000,case-existing,case-existing
10306,IRANDU-AM138,-3.200000,-60.170000,case-existing,case-existing
10308,PARQ10-AM138,-3.050000,-59.990000,case-existing,case-existing
10310,DI-4---AM138,-3.130000,-59.970000,case-existing,case-existing
10312,RIOPTE-AM138,-2.700000,-59.710000,case-existing,case-existing
10313,J.PAUL-AM138,-2.960000,-60.010000,case-existing,case-existing
10314,PETROP-AM069,-3.110000,-60.000000,case-existing,case-existing
10315,APARB1UTE013,-3.130000,-60.030000,case-existing,case-existing
10317,APARB2UTE013,-3.130000,-60.030000,case-existing,case-existing
10325,MAUAB2-AM069,-3.113333,-59.936667,interpolated,topology-interp
10330,TARUMA-AM230,-3.000000,-60.050000,case-existing,case-existing
10331,TARUMA-AM138,-3.021429,-60.051429,interpolated,topology-interp
10335,MAUA2M-AM069,-3.120000,-59.930000,case-existing,case-existing
10336,D4-CE--AM069,-3.130000,-59.973333,interpolated,topology-interp
10344,CONSE1-AM069,-3.110000,-59.940000,case-existing,case-existing
10345,CONSE2-AM069,-3.050000,-59.910000,case-existing,case-existing
10350,CACHO2-AM069,-3.120000,-60.000000,case-existing,case-existing
10351,CACHO1-AM069,-3.120000,-60.000000,case-existing,case-existing
10360,VOITO--AM069,-3.090000,-59.990000,case-existing,case-existing
10361,JTEIX1-AM000,-3.020000,-59.900000,interpolated,topology-interp
10362,JTEIX2-AM000,-3.020000,-59.900000,interpolated,topology-interp
10363,JTEIX3-AM000,-3.020000,-59.900000,interpolated,topology-interp
10364,JTEIX4-AM000,-3.020000,-59.900000,interpolated,topology-interp
10365,JTEIX1-AM013,-3.020000,-59.900000,interpolated,topology-interp
10366,JTEIX2-AM013,-3.020000,-59.900000,interpolated,topology-interp
10367,JTEIX3-AM013,-3.020000,-59.900000,interpolated,topology-interp
10368,JTEIX4-AM013,-3.020000,-59.900000,interpolated,topology-interp
10369,JTEIX5-AM000,-3.020000,-59.900000,interpolated,topology-interp
10370,FLORES-AM069,-3.080000,-60.030000,case-existing,case-existing
10371,JTEIX5-AM013,-3.020000,-59.900000,interpolated,topology-interp
10377,SUMAUM-AM069,-3.030000,-59.970000,interpolated,topology-interp
10379,AMBEV--AM069,-3.080000,-60.030000,case-existing,case-existing
10380,PNEGRA-AM069,-3.080000,-60.070000,case-existing,case-existing
10381,MAU3-1-AM000,-3.120000,-59.930000,interpolated,topology-interp
10382,MAU3-2-AM000,-3.120000,-59.930000,interpolated,topology-interp
10383,MAU3-3-AM000,-3.120000,-59.930000,interpolated,topology-interp
10384,MAU3-4-AM000,-3.120000,-59.930000,interpolated,topology-interp
10385,MAU3-1-AM013,-3.120000,-59.930000,interpolated,topology-interp
10386,MAU3-2-AM013,-3.120000,-59.930000,interpolated,topology-interp
10387,MAU3-3-AM013,-3.120000,-59.930000,interpolated,topology-interp
10388,MAU3-4-AM013,-3.120000,-59.930000,interpolated,topology-interp
10389,MAU3-5-AM000,-3.120000,-59.930000,interpolated,topology-interp
10390,PIEPNG-AM069,-3.085000,-60.070000,interpolated,topology-interp
10391,PIEPNGUTE013,-3.090000,-60.070000,case-existing,case-existing
10393,PISMAE-AM069,-3.137074,-60.088770,interpolated,topology-interp
10394,SHOPMA-AM069,-3.100000,-60.010000,case-existing,case-existing
10395,SERING-AM069,-3.110000,-60.020000,case-existing,case-existing
10399,MAU3-5-AM013,-3.120000,-59.930000,interpolated,topology-interp
10400,MANAUS-AM230,-3.080000,-59.990000,case-existing,case-existing
10401,MANA1A-AM069,-3.080000,-59.990000,case-existing,case-existing
10405,CROCHA-AM230,-2.890000,-60.030000,case-existing,case-existing
10406,CROCHAUTE013,-2.890000,-60.020000,case-existing,case-existing
10407,CROCHBUTE013,-2.890000,-60.020000,case-existing,case-existing
10410,BALBIN-AM230,-1.920000,-59.480000,case-existing,case-existing
10411,BALBI1UHE013,-1.920000,-59.480000,case-existing,case-existing
10416,P.FIG.-AM069,-2.050000,-59.940000,interpolated,topology-interp
10419,P.FIG.-AM230,-2.050000,-59.930000,case-existing,case-existing
10420,DISTR1-AM069,-3.120000,-59.970000,case-existing,case-existing
10421,CESPEC-AM069,-3.120000,-59.970000,case-existing,case-existing
10422,MANA-1-AM000,-3.080000,-59.990000,interpolated,topology-interp
10423,MANA-1-AM013,-3.080000,-59.990000,interpolated,topology-interp
10424,MANA-2-AM000,-3.080000,-59.990000,interpolated,topology-interp
10425,MANA-2-AM013,-3.080000,-59.990000,interpolated,topology-interp
10426,MANA-3-AM000,-3.080000,-59.990000,interpolated,topology-interp
10427,MANA-3-AM013,-3.080000,-59.990000,interpolated,topology-interp
10428,MANA-4-AM000,-3.080000,-59.990000,interpolated,topology-interp
10429,MANA-4-AM013,-3.080000,-59.990000,interpolated,topology-interp
10430,CIDNOV-AM069,-3.030000,-59.970000,case-existing,case-existing
10435,MANAUA-AM069,-2.950000,-60.020000,case-existing,case-existing
10436,PIEMANUTE013,-2.940000,-60.010000,case-existing,case-existing
10437,STAETE-AM069,-3.000000,-59.980000,case-existing,case-existing
10440,DISTR2-AM069,-3.100000,-59.950000,case-existing,case-existing
10444,DISTR4-AM069,-3.130000,-59.973333,interpolated,topology-interp
10445,TAMBAQ-AM069,-3.112000,-59.938000,interpolated,topology-interp
10447,PIETBQUTE013,-3.110000,-59.940000,case-existing,case-existing
10450,SJOSE--AM069,-3.060000,-59.950000,case-existing,case-existing
10451,PLACIB-AM069,-3.090000,-59.950000,case-existing,case-existing
10460,STOANT-AM069,-3.030000,-60.020000,case-existing,case-existing
10461,JARAQU-AM069,-2.990000,-60.030000,case-existing,case-existing
10466,SIVAM--AM069,-3.020000,-60.060000,case-existing,case-existing
10471,PIEJRQUTE013,-2.980000,-60.020000,case-existing,case-existing
10472,PIEJRQUTE013 013kV-2,-2.980000,-60.020000,case-existing,case-existing
10480,MANACA-AM069,-3.280317,-60.652125,reference-psrbus,reference-psrbus
10485,IRANDU-AM069,-3.201222,-60.166311,reference-psrbus,reference-psrbus
10490,REDENC-AM069,-3.070000,-60.040000,case-existing,case-existing
10492,MARAPA-AM069,-3.130000,-59.980000,case-existing,case-existing
10493,CES----AM069,-3.130000,-59.970000,case-existing,case-existing
10500,MAUA-3-AM230,-3.120000,-59.930000,case-existing,case-existing
10501,MAUA3GUTE013,-3.120000,-59.930000,case-existing,case-existing
10503,MAUA3VUTE013,-3.120000,-59.930000,case-existing,case-existing
10504,MAUA-3-AM138,-3.120000,-59.930000,case-existing,case-existing
10505,MAUA-3-AM069,-3.120000,-59.930000,case-existing,case-existing
10510,J.TEIX-AM230,-3.020000,-59.900000,case-existing,case-existing
10511,J.TEIX-AM138,-3.020000,-59.900000,case-existing,case-existing
10515,J.PAUL-AM069,-2.960000,-60.010000,case-existing,case-existing
10520,MUTIRA-AM138,-3.030000,-59.940000,case-existing,case-existing
10530,CGRAND-AM138,-3.070000,-59.980000,case-existing,case-existing
10533,BARREI-AM138,-2.670000,-56.740000,interpolated,topology-interp
10534,B.VIST-AM138,-2.670000,-56.740000,interpolated,topology-interp
10540,COMPEN-AM138,-3.110000,-60.050000,case-existing,case-existing
10543,MAUES--AM138,-2.670000,-56.740000,interpolated,topology-interp
10545,CENTRO-AM138,-3.100000,-60.020000,case-existing,case-existing
10548,N.OLIN-AM138,-2.670000,-56.740000,interpolated,topology-interp
10550,DISTR3-AM138,-3.050000,-59.900000,case-existing,case-existing
10555,ST.ETE-AM138,-3.010000,-59.970000,case-existing,case-existing
10557,PARNT1-AM000,-2.670000,-56.740000,interpolated,topology-interp
10558,PARNT1-AM013,-2.670000,-56.740000,interpolated,topology-interp
10566,URICUR-AM138,-2.670000,-56.740000,interpolated,topology-interp
10567,PARINT-AM138,-2.670000,-56.740000,case-existing,case-existing
10569,PARNT2-AM000,-2.670000,-56.740000,interpolated,topology-interp
10570,PARNT2-AM013,-2.670000,-56.740000,interpolated,topology-interp
10571,PARNT3-AM000,-2.670000,-56.740000,interpolated,topology-interp
10572,PARNT3-AM013,-2.670000,-56.740000,interpolated,topology-interp
10575,HUMAIT-AM138,-8.200000,-63.470000,interpolated,topology-interp
10576,HUMAIT-AM013,-7.530000,-63.050000,case-existing,case-existing
10577,ITAPIR-AM138,-2.740000,-58.030000,case-existing,case-existing
10578,BRASIL-AM138,-3.030000,-59.920000,case-existing,case-existing
10700,JARAQ2-AM138,-2.980000,-60.050000,case-existing,case-existing
10701,P.NEG2-AM138,-3.080000,-60.070000,case-existing,case-existing
10722,MANACU-AM138,-3.270000,-60.650000,case-existing,case-existing
10723,BRASPN-AM138,-3.090000,-60.060000,case-existing,case-existing
10724,C.ELIS-AM069,-3.070000,-60.060000,case-existing,case-existing
10725,PURAQU-AM138,-3.080000,-59.910000,case-existing,case-existing
10726,EP.SAL-AM138,-3.090000,-60.000000,case-existing,case-existing
10727,AD.DUC-AM138,-3.010000,-59.950000,case-existing,case-existing
10728,COLONI-AM138,-3.080000,-60.000000,case-existing,case-existing
10729,SETEMA-AM138,-2.990000,-60.000000,case-existing,case-existing
10730,DISTR5-AM138,-3.130000,-59.950000,case-existing,case-existing
10731,CAMSAL-AM138,-3.010000,-60.040000,case-existing,case-existing
10733,SAOJOR-AM138,-3.110000,-60.040000,case-existing,case-existing
10735,SAOLAZ-AM138,-3.140000,-59.990000,case-existing,case-existing
10736,T.NOVA-AM138,-3.000000,-60.010000,case-existing,case-existing
10737,SHANGR-AM138,-3.070000,-60.000000,case-existing,case-existing
10755,AE-SB5-AM230,-3.100000,-59.960000,interpolated,topology-interp
10756,AE-SB6-AM230,-2.960000,-60.030000,interpolated,topology-interp
10757,AE-SB7-AM230,-2.960000,-60.030000,interpolated,topology-interp
10801,TURISM-AM138,-3.020000,-60.060000,case-existing,case-existing
10802,COROAD-AM069,-3.080000,-59.960000,case-existing,case-existing
10803,PLANAL-AM138,-3.060000,-60.080000,case-existing,case-existing
10804,SPNEGR-AM069,-3.080000,-60.070000,case-existing,case-existing
10805,AGUASM-AM069,-3.110000,-60.060000,case-existing,case-existing
10806,CEMANA-AM069,-2.950000,-60.020000,case-existing,case-existing
10807,SIDOIS-AM138,-2.720000,-58.200000,case-existing,case-existing
10808,P.FIGU-AM069,-2.050000,-59.950000,case-existing,case-existing
10809,TACE---AM069,-3.106000,-59.944000,interpolated,topology-interp
10998,ORIXIM-PA138,-1.580000,-55.720000,case-existing,case-existing
10999,ORIXMB-PA013,-1.580000,-55.720000,interpolated,topology-interp
11000,ORIXM2-PA000,-1.580000,-55.720000,interpolated,topology-interp
11001,PPECE1UTE020,-3.550000,-38.810000,case-existing,case-existing
11002,PPECE1-CE230,-3.565000,-38.840000,interpolated,topology-interp
11003,CSP-G-UTE013,-3.580000,-38.860000,case-existing,case-existing
11004,CSP-V-UTE013,-3.580000,-38.860000,case-existing,case-existing
11010,PPECE2UTE020,-3.590000,-38.870000,case-existing,case-existing
11011,PPECE2-CE230,-3.585000,-38.870000,interpolated,topology-interp
11012,LINS---PI500,-9.025714,-43.844286,interpolated,topology-interp
11013,ENPECE-CE069,-3.580000,-38.870000,interpolated,topology-interp
11014,QUIXER-CE230,-5.030000,-37.790000,case-existing,case-existing
11015,VEAII--PI500,-4.402857,-41.765714,interpolated,topology-interp
11033,COTEMI-PE230,-7.565000,-35.625000,interpolated,topology-interp
11050,B.JESU-PI230,-9.100000,-44.310000,case-existing,case-existing
11051,GILBU2-PI230,-9.750000,-45.350000,case-existing,case-existing
11089,XINGO1SIN013,-9.630000,-37.800000,interpolated,topology-interp
11100,TERES3-PI230,-5.090000,-42.690000,case-existing,case-existing
11110,FSANT3-BA230,-12.130000,-38.930000,case-existing,case-existing
11149,PSER1VUTE024,-10.820000,-36.940000,case-existing,case-existing
11150,PSER1GUTE024,-10.820000,-36.940000,case-existing,case-existing
11151,PSERG1-SE500,-10.820000,-36.940000,case-existing,case-existing
11188,RFORM2-BA138,-14.580000,-45.880000,case-existing,case-existing
11200,FORMRP-BA230,-10.790000,-45.750000,case-existing,case-existing
11201,SANTA2-AL230,-9.350000,-37.290000,case-existing,case-existing
11217,CRATO2-CE230,-7.190000,-39.380000,case-existing,case-existing
11218,MARACN-CE230,-3.910000,-38.650000,case-existing,case-existing
11219,AQUIR2-CE230,-3.930000,-38.400000,case-existing,case-existing
11220,MRDNVA-CE230,-5.130000,-38.450000,case-existing,case-existing
11225,PECEM2-CE230,-3.600000,-38.870000,case-existing,case-existing
11229,MTNORT-PE230,-7.745000,-34.990000,interpolated,topology-interp
11230,MTNORT-PE013,-7.745000,-34.990000,interpolated,topology-interp
11231,MTNORT-PE000,-7.745000,-34.990000,interpolated,topology-interp
11242,ARAPI3-AL230,-9.790000,-36.650000,case-existing,case-existing
11244,CGRD2--PB230,-7.270000,-35.910000,case-existing,case-existing
11245,PILOE3-PB230,-6.880000,-35.620000,case-existing,case-existing
11246,CMRIM2-RN230,-5.670000,-35.450000,case-existing,case-existing
11250,NSGLO2-SE230,-10.280000,-37.440000,case-existing,case-existing
11253,C.NOVO-RN230,-6.260000,-36.550000,case-existing,case-existing
11260,GOURO2-BA230,-11.280000,-42.670000,case-existing,case-existing
11261,OUROL2-BA230,-10.870000,-41.340000,case-existing,case-existing
11265,AÇU3---RN230,-5.580000,-37.030000,case-existing,case-existing
11273,NSSOCO-SE230,-10.880000,-37.150000,case-existing,case-existing
11281,TACARA-PE230,-9.060000,-38.130000,case-existing,case-existing
11282,JUAZE3-BA230,-9.490000,-40.520000,case-existing,case-existing
11286,BARRE2-BA230,-12.170000,-44.810000,case-existing,case-existing
11287,RGRAND-BA230,-12.840000,-45.490000,case-existing,case-existing
11288,B2BFIC-BA230,-12.150000,-44.880000,interpolated,topology-interp
11388,RFORM2-BA230,-14.580000,-45.880000,case-existing,case-existing
11394,IGAPO3-BA230,-13.980000,-42.610000,case-existing,case-existing
11461,C.FORM-BA230,-10.580000,-40.610000,case-existing,case-existing
11473,OLINDI-BA069,-11.320000,-38.380000,case-existing,case-existing
11500,SLUZI2-PB500,-6.910000,-36.980000,case-existing,case-existing
11501,SANTA2-AL069,-9.350000,-37.290000,case-existing,case-existing
11517,CRATO2-CE069,-7.190000,-39.380000,case-existing,case-existing
11520,MRDNVA-CE500,-5.130000,-38.450000,case-existing,case-existing
11525,PECEM2-CE500,-3.600000,-38.870000,case-existing,case-existing
11528,TERES4-PI500,-5.140000,-42.610000,case-existing,case-existing
11546,CMRIM2-RN500,-5.670000,-35.450000,case-existing,case-existing
11560,GOURO2-BA500,-11.280000,-42.670000,case-existing,case-existing
11561,OUROL2-BA500,-10.870000,-41.340000,case-existing,case-existing
11562,GENTIOCER013,-11.280000,-42.670000,interpolated,topology-interp
11563,M.NETO-BA500,-17.340000,-40.180000,case-existing,case-existing
11565,AÇU3---RN500,-5.580000,-37.030000,case-existing,case-existing
11566,JCMR3-SIN013,-5.380000,-35.890000,interpolated,topology-interp
11567,MILAG2-CE500,-7.340000,-38.920000,case-existing,case-existing
11570,M.NETOSIN013,-17.340000,-40.180000,interpolated,topology-interp
11575,CPOFR2-BA500,-10.240000,-40.910000,case-existing,case-existing
11576,BARRA2-BA500,-11.240000,-43.420000,case-existing,case-existing
11577,CORREN-BA500,-13.410000,-44.740000,case-existing,case-existing
11578,BNOME2-PE500,-8.030000,-38.650000,case-existing,case-existing
11579,SJ.PI2-PI500,-8.280000,-42.510000,case-existing,case-existing
11580,CRTEUS-CE500,-5.100000,-40.620000,case-existing,case-existing
11582,JUAZE3-BA500,-9.490000,-40.520000,case-existing,case-existing
11583,ZEBU3--AL500,-9.340000,-38.150000,case-existing,case-existing
11584,JUSSIA-BA500,-13.560000,-41.540000,case-existing,case-existing
11594,IGAPO3-BA500,-13.980000,-42.610000,case-existing,case-existing
11595,PINDA2-BA230,-14.420000,-42.620000,case-existing,case-existing
11612,POCOE3-BA500,-14.520000,-40.380000,case-existing,case-existing
11618,MARACN-CE069,-3.910000,-38.650000,case-existing,case-existing
11619,AQUIR2-CE069,-3.930000,-38.400000,case-existing,case-existing
11666,TOUROS-RN230,-5.180000,-35.660000,case-existing,case-existing
11673,NSSOCO-SE069,-10.880000,-37.150000,case-existing,case-existing
11695,PINDAÍ-BA069,-14.420000,-42.620000,case-existing,case-existing
11697,DIMANT-BA034,-13.440000,-41.370000,interpolated,topology-interp
11698,DIMANT-BA138,-13.440000,-41.370000,interpolated,topology-interp
11760,ALAGO2-BA230,-12.060000,-38.390000,case-existing,case-existing
11809,PECEM2UTE034,-7.860000,-35.020000,case-existing,case-existing
11810,CAMUR2UTE034,-7.860000,-35.020000,case-existing,case-existing
11837,SJPARASIN013,-15.530000,-41.810000,interpolated,topology-interp
11922,SJPARA-MG500,-15.530000,-41.810000,case-existing,case-existing
12033,GARAN2-PE069,-8.880000,-36.400000,case-existing,case-existing
12094,CANDEIUTE014,-12.770000,-38.480000,case-existing,case-existing
12101,RECBG1-PE230,-8.090000,-34.985000,interpolated,topology-interp
12102,RECBG2-PE230,-8.090000,-34.985000,interpolated,topology-interp
12104,PERNA3-PE230,-7.860000,-35.020000,case-existing,case-existing
12200,FORMRPSIN013,-10.790000,-45.750000,interpolated,topology-interp
12201,CNOVO2-PI230,-8.030000,-40.640000,case-existing,case-existing
12202,JABOAT-PE230,-8.180000,-34.990000,case-existing,case-existing
12203,ARCVER-PE230,-8.500000,-37.000000,case-existing,case-existing
12244,CGRD3--PB230,-7.250000,-35.980000,case-existing,case-existing
12246,EXTREM-RN069,-5.740000,-35.300000,case-existing,case-existing
12249,NORFIL-PB230,-7.200000,-34.900000,case-existing,case-existing
12259,MACEII-AL230,-9.530000,-35.750000,case-existing,case-existing
12312,QNOVA2-PI500,-8.590000,-41.430000,case-existing,case-existing
12318,BURITI-BA500,-10.600000,-44.030000,case-existing,case-existing
12319,BARRE2CAP500,-12.730000,-45.266667,interpolated,topology-interp
12320,REBAR2CAP500,-13.290000,-45.723333,interpolated,topology-interp
12321,JCMR3--RN230,-5.286089,-35.889728,interpolated,topology-interp
12330,CMIRIMSIN013,-5.670000,-35.450000,interpolated,topology-interp
12331,CMRIM2CER013,-5.670000,-35.450000,interpolated,topology-interp
12332,EXTREMCER013,-5.740000,-35.300000,interpolated,topology-interp
12333,SAPEACCER013,-12.720000,-39.190000,interpolated,topology-interp
12334,MCHAP2CER013,-11.710000,-41.400000,interpolated,topology-interp
12335,SOBRALCER013,-3.690000,-40.300000,interpolated,topology-interp
12336,E.MARTCER013,-8.100000,-43.670000,interpolated,topology-interp
12338,QUIXADSIN013,-4.950000,-38.930000,interpolated,topology-interp
12339,ACU3--SIN013,-5.580000,-37.030000,interpolated,topology-interp
12340,MRDNOVSIN013,-5.130000,-38.450000,interpolated,topology-interp
12404,PAF2A1-BA138,-9.400000,-38.200000,interpolated,topology-interp
12405,PAF2A2-BA138,-9.400000,-38.200000,interpolated,topology-interp
12407,PAF2B1-BA138,-9.400000,-38.200000,interpolated,topology-interp
12501,CNOVO2-PI500,-8.030000,-40.640000,case-existing,case-existing
12505,PROSP3UTE013,-12.500000,-38.210000,case-existing,case-existing
12513,CVWENEUTE013,-10.110000,-36.280000,case-existing,case-existing
12529,BESPER-MA069,-6.529186,-43.468793,interpolated,topology-interp
12546,EXTRE2-RN230,-5.740000,-35.300000,case-existing,case-existing
12602,JABOAT-PE069,-8.180000,-34.990000,case-existing,case-existing
12699,JPSII--PB069,-7.220000,-34.930000,case-existing,case-existing
12759,PRTCEM-CE500,-3.600000,-38.870000,interpolated,topology-interp
12901,PARNAI-PI500,-3.120000,-41.760000,case-existing,case-existing
12902,ACARA3-CE500,-2.940000,-40.110000,case-existing,case-existing
12903,PARNAI-PI230,-3.120000,-41.760000,case-existing,case-existing
12904,PARNAI-PI138,-3.120000,-41.760000,case-existing,case-existing
12905,TIANG2-CE500,-3.770000,-41.030000,case-existing,case-existing
12907,ACARA3-CE230,-2.940000,-40.110000,case-existing,case-existing
12911,PARNAICER013,-3.120000,-41.760000,interpolated,topology-interp
12912,TIANG2-CE230,-3.770000,-41.030000,case-existing,case-existing
12913,JAGUA2CER013,-4.930000,-37.680000,interpolated,topology-interp
12980,CRTEUSSIN013,-5.100000,-40.620000,interpolated,topology-interp
12998,JPSII--PB500,-7.220000,-34.930000,case-existing,case-existing
12999,JPSII--PB230,-7.220000,-34.930000,case-existing,case-existing
13001,SALOBO-PA230,-5.790000,-50.510000,case-existing,case-existing
13002,MOP----PA230,-6.580000,-51.090000,case-existing,case-existing
13003,MARA4GUTE013,-4.820000,-44.360000,case-existing,case-existing
13004,SOSSEG-PA230,-6.440000,-50.020000,interpolated,topology-interp
13005,ALTAM2-PA000,-3.140000,-52.180000,interpolated,topology-interp
13006,ALTAM2-PA013,-3.140000,-52.180000,interpolated,topology-interp
13007,MARA4VUTE013,-4.820000,-44.360000,case-existing,case-existing
13008,MARA5GUTE013,-4.830000,-44.360000,case-existing,case-existing
13009,MARA5VUTE013,-4.830000,-44.360000,case-existing,case-existing
13010,INTEGR-PA500,-6.260000,-49.850000,interpolated,topology-interp
13011,XINGUA-PA230,-7.070000,-49.920000,case-existing,case-existing
13012,MARAB3-PA000,-5.200000,-49.020000,interpolated,topology-interp
13013,MARAB3-PA013,-5.200000,-49.020000,interpolated,topology-interp
13014,TAPAJ2-PA230,-2.620000,-54.680000,case-existing,case-existing
13015,TAPAJO-PA138,-2.480000,-54.730000,case-existing,case-existing
13016,MARA3GUTE013,-4.820000,-44.350000,case-existing,case-existing
13017,TUCURU-PA013,-3.820000,-49.650000,interpolated,topology-interp
13018,TAPAJ2-PA138,-2.620000,-54.680000,case-existing,case-existing
13020,CHAPAD-MA230,-3.800000,-43.410000,case-existing,case-existing
13021,P.ITAQ-MA230,-2.590000,-44.340000,case-existing,case-existing
13022,MARA3VUTE013,-4.820000,-44.350000,case-existing,case-existing
13023,TOMEAC-PA230,-2.360000,-48.140000,case-existing,case-existing
13024,TOMEA1-PA000,-2.360000,-48.140000,interpolated,topology-interp
13025,TOMEA2-PA000,-2.360000,-48.140000,interpolated,topology-interp
13026,TOMEA1-PA013,-2.360000,-48.140000,interpolated,topology-interp
13027,TOMEA2-PA013,-2.360000,-48.140000,interpolated,topology-interp
13029,N.VE.GUTE013,-4.870000,-44.350000,case-existing,case-existing
13030,ALTAM3-PA000,-3.140000,-52.180000,interpolated,topology-interp
13031,ALTAM3-PA013,-3.140000,-52.180000,interpolated,topology-interp
13032,PARN4GUTE013,-4.810000,-44.340000,case-existing,case-existing
13033,PARNAVUTE013,-4.820000,-44.360000,case-existing,case-existing
13034,URUCUP-AP230,-0.810000,-52.480000,interpolated,topology-interp
13036,URUCUPUHE013,-0.810000,-52.480000,interpolated,topology-interp
13039,N.VE.VUTE013,-4.870000,-44.350000,case-existing,case-existing
13040,REFRON-PA230,-3.820000,-49.650000,interpolated,topology-interp
13041,SLDAT1-MA000,-2.720000,-44.320000,interpolated,topology-interp
13042,SLDAT2-MA000,-2.720000,-44.320000,interpolated,topology-interp
13043,SLDAT3-MA000,-2.720000,-44.320000,interpolated,topology-interp
13044,SLDAT4-MA000,-2.720000,-44.320000,interpolated,topology-interp
13045,SLDAT1-MA013,-2.720000,-44.320000,interpolated,topology-interp
13046,SLDAT2-MA013,-2.720000,-44.320000,interpolated,topology-interp
13047,SLDAT3-MA013,-2.720000,-44.320000,interpolated,topology-interp
13048,SLDAT4-MA013,-2.720000,-44.320000,interpolated,topology-interp
13090,NTBARCUTE013,-1.550000,-48.750000,case-existing,case-existing
13096,NTBARC-PA230,-1.550000,-48.750000,case-existing,case-existing
13097,PRTP1GUTE013,-1.550000,-48.750000,case-existing,case-existing
13098,PRTPEM-CE500,-1.560000,-48.740000,interpolated,topology-interp
13100,SLUIS4-MA500,-2.680000,-44.310000,case-existing,case-existing
13101,SLUIS4-MA230,-2.680000,-44.310000,case-existing,case-existing
13102,SLUIS4-MA069,-2.680000,-44.310000,case-existing,case-existing
13103,BACABE-MA500,-3.020000,-44.300000,case-existing,case-existing
13230,ENCRUZ-MA230,-2.220000,-45.850000,case-existing,case-existing
13231,ENCRZ1-MA000,-2.220000,-45.850000,interpolated,topology-interp
13232,ENCRZ2-MA000,-2.220000,-45.850000,interpolated,topology-interp
13233,ENCRUZSIN013,-2.220000,-45.850000,interpolated,topology-interp
13234,CAXIASCER013,-4.880000,-43.410000,interpolated,topology-interp
13363,RUROPOSIN013,-4.070000,-54.900000,interpolated,topology-interp
13364,TAPAJOSIN013,-2.620000,-54.680000,interpolated,topology-interp
13410,G.NORT-MA230,-3.570000,-44.560000,case-existing,case-existing
13411,GERAM1UTE013,-3.570000,-44.560000,case-existing,case-existing
13412,GERAMIUTE013,-3.570000,-44.560000,case-existing,case-existing
13413,GERAM2UTE013,-3.570000,-44.560000,case-existing,case-existing
13414,N.OLI2UTE013,-3.570000,-44.560000,case-existing,case-existing
13495,MIRAM3-PA000,-1.410000,-48.490000,interpolated,topology-interp
13499,PALMAS-TO138,-10.190182,-48.308092,interpolated,topology-interp
13500,PALMAS-TO230,-10.180000,-48.290000,case-existing,case-existing
13501,JURUTI-PA230,-2.260000,-56.060000,case-existing,case-existing
13502,XINGU--PA230,-3.110000,-51.690000,case-existing,case-existing
13503,XINGU--PA013,-3.110000,-51.690000,interpolated,topology-interp
13504,XINGU--PA000,-3.110000,-51.690000,interpolated,topology-interp
13505,XINGU2-PA013,-3.110000,-51.690000,interpolated,topology-interp
13506,XINGU2-PA000,-3.110000,-51.690000,interpolated,topology-interp
13510,PALMSA-TO000,-10.185090,-48.299045,interpolated,topology-interp
13511,PALMSB-TO000,-10.185090,-48.299045,interpolated,topology-interp
13512,PALMSA-TO013,-10.185091,-48.299046,interpolated,topology-interp
13513,PALMSB-TO013,-10.185091,-48.299046,interpolated,topology-interp
13514,PALMSC-TO000,-10.185090,-48.299045,interpolated,topology-interp
13515,PALMSC-TO013,-10.185091,-48.299046,interpolated,topology-interp
13550,PARINT-AM230,-2.670000,-56.740000,case-existing,case-existing
13797,TUCURI-PA000,-3.820000,-49.650000,interpolated,topology-interp
13800,TAPAJ1-PA000,-2.620000,-54.680000,interpolated,topology-interp
13801,TAPAJ2-PA000,-2.620000,-54.680000,interpolated,topology-interp
13802,TAPAJ1-PA013,-2.620000,-54.680000,interpolated,topology-interp
13803,TAPAJ2-PA013,-2.620000,-54.680000,interpolated,topology-interp
13804,JURUT1-PA000,-2.260000,-56.060000,interpolated,topology-interp
13805,JURUT2-PA000,-2.260000,-56.060000,interpolated,topology-interp
13806,JURUT1-PA013,-2.260000,-56.060000,interpolated,topology-interp
13807,JURUT2-PA013,-2.260000,-56.060000,interpolated,topology-interp
13810,RUROP3-PA000,-4.070000,-54.900000,interpolated,topology-interp
13811,RUROP3-PA013,-4.070000,-54.900000,interpolated,topology-interp
13995,MIRAM3-PA013,-1.410000,-48.490000,interpolated,topology-interp
14000,ORIXIM-PA230,-1.580000,-55.720000,case-existing,case-existing
14002,ORIXI1-PA000,-1.580000,-55.720000,interpolated,topology-interp
14003,ORIXI1-PA013,-1.580000,-55.720000,interpolated,topology-interp
14004,ORIXI2-PA000,-1.580000,-55.720000,interpolated,topology-interp
14005,ORIXI2-PA013,-1.580000,-55.720000,interpolated,topology-interp
14102,MARITU-PA500,-1.410000,-48.360000,case-existing,case-existing
14302,MARITU-PA230,-1.410000,-48.360000,case-existing,case-existing
14303,MARIT4-PA013,-1.410000,-48.360000,interpolated,topology-interp
14304,MARIT4-PA000,-1.410000,-48.360000,interpolated,topology-interp
14305,MARIT5-PA013,-1.410000,-48.360000,interpolated,topology-interp
14306,MARIT5-PA000,-1.410000,-48.360000,interpolated,topology-interp
14307,MARIT6-PA013,-1.410000,-48.360000,interpolated,topology-interp
14308,MARIT7-PA000,-1.410000,-48.360000,interpolated,topology-interp
14311,MIRAM4-PA000,-1.410000,-48.490000,interpolated,topology-interp
14312,MIRAM4-PA013,-1.410000,-48.490000,interpolated,topology-interp
14400,ACAILA-MA230,-4.705000,-47.466250,interpolated,topology-interp
14401,ACAILA-MA069,-4.855000,-47.458750,interpolated,topology-interp
14450,D.ELI2-PA230,-4.340000,-47.540000,case-existing,case-existing
14451,D.ELI2-PA069,-4.340000,-47.540000,case-existing,case-existing
14480,S.LUZ3-MA500,-4.000000,-45.710000,case-existing,case-existing
14481,S.LUZ3-MA230,-4.000000,-45.710000,case-existing,case-existing
14483,S.LUZ3-MA138,-4.000000,-45.710000,case-existing,case-existing
14484,VRF11 -MA500,-4.680000,-42.516667,interpolated,topology-interp
14485,VRF11 -MA034,-5.360000,-39.323333,interpolated,topology-interp
14921,SILVAN-GO500,-16.580000,-48.300000,case-existing,case-existing
14965,MARIT1-PA000,-1.410000,-48.360000,interpolated,topology-interp
14966,MARIT2-PA000,-1.410000,-48.360000,interpolated,topology-interp
14968,MARIT1-PA013,-1.410000,-48.360000,interpolated,topology-interp
14969,MARIT2-PA013,-1.410000,-48.360000,interpolated,topology-interp
15029,BESPER-PI069,-6.720000,-43.560000,case-existing,case-existing
15054,TERESA-PI013,-5.130000,-42.800000,interpolated,topology-interp
15055,TERESB-PI013,-5.130000,-42.800000,interpolated,topology-interp
15056,TERES2-PI069,-5.260000,-42.730000,case-existing,case-existing
15100,TERES3-PI069,-5.090000,-42.690000,case-existing,case-existing
15101,TABULE-PI138,-2.942976,-41.741899,interpolated,topology-interp
15115,SECPBT-PI138,-3.031487,-41.750950,interpolated,topology-interp
15117,SCPB2T-PI138,-3.031487,-41.750950,interpolated,topology-interp
15203,B.JESU-PI069,-9.100000,-44.310000,case-existing,case-existing
15204,CHAPA1-PI069,-7.560000,-40.720000,interpolated,topology-interp
15205,GILBUE-PI069,-9.750000,-45.350000,case-existing,case-existing
15230,CHAPA1-PI138,-7.560000,-40.720000,case-existing,case-existing
15301,C.NETO-PI069,-4.300000,-42.990000,interpolated,topology-interp
15351,S.JOAO-PI069,-8.407500,-42.245000,interpolated,topology-interp
15510,CASTANPCH013,-5.300000,-38.910000,interpolated,topology-interp
15511,CASTAN-CE069,-5.300000,-38.910000,interpolated,topology-interp
16001,BFORM--RN069,-6.145000,-35.190000,interpolated,topology-interp
16002,BAFORMUTE013,-6.420000,-35.060000,case-existing,case-existing
16004,C.NOV--RN013,-6.270000,-36.550000,interpolated,topology-interp
16005,ARMRIBPCH013,-5.670000,-36.880000,case-existing,case-existing
16006,ARMRIB-RN069,-5.630000,-36.895000,interpolated,topology-interp
16013,CARAU2-RN069,-5.720000,-37.510000,case-existing,case-existing
16146,S.CRUZ-RN013,-6.240000,-36.040000,interpolated,topology-interp
16400,PNA----RN069,-5.810000,-35.240000,interpolated,topology-interp
16401,POTIGT-RN069,-5.870000,-35.303333,interpolated,topology-interp
16402,POTI1-UTE013,-5.870000,-35.290000,case-existing,case-existing
16403,POTI3-UTE013,-5.870000,-35.300000,case-existing,case-existing
16501,CUREMAPCH013,-7.020000,-37.950000,case-existing,case-existing
16502,GIASA2UTE013,-7.350000,-35.030000,case-existing,case-existing
16503,JAPUNGUTE013,-6.990000,-35.010000,case-existing,case-existing
16504,MONALEUTE013,-6.680000,-35.150000,case-existing,case-existing
16506,FIAT---PB069,-7.630000,-34.960000,interpolated,topology-interp
16645,PILOS3-PB069,-6.880000,-35.620000,case-existing,case-existing
17001,ANGELI-PE013,-8.780000,-36.350000,case-existing,case-existing
17002,B.NOME-PE013,-8.060000,-37.970000,case-existing,case-existing
17003,VALVERPCH013,-8.510000,-35.600000,case-existing,case-existing
17004,PEDFURPCH013,-8.520000,-35.490000,case-existing,case-existing
17005,MANOPLPCH013,-8.650000,-35.220000,case-existing,case-existing
17006,S.JOSEUTE013,-7.820000,-35.000000,case-existing,case-existing
17007,ARCVER-PE069,-8.500000,-37.000000,case-existing,case-existing
17008,IPOJUCUTE013,-8.390000,-35.090000,case-existing,case-existing
17009,TRAPICUTE013,-8.590000,-35.120000,case-existing,case-existing
17010,UNIINDUTE013,-8.350000,-35.350000,case-existing,case-existing
17011,ZIHUATUTE013,-8.640000,-35.260000,case-existing,case-existing
17012,ALCNACUTE013,-8.220000,-35.270000,case-existing,case-existing
17013,PAMESAUTE013,-8.400000,-35.020000,interpolated,topology-interp
17014,PIRAPAUTE013,-8.470000,-35.400000,interpolated,topology-interp
17015,STATERUTE013,-7.560000,-35.000000,case-existing,case-existing
17016,ITAENGUTE013,-7.910000,-35.280000,case-existing,case-existing
17017,ASJABR-PE069,-8.175000,-34.985000,interpolated,topology-interp
17018,ASJABRUTE013,-8.170000,-34.980000,case-existing,case-existing
17105,JUAZE2-PE069,-9.480000,-40.480000,interpolated,topology-interp
17230,CHAPA1-PE138,-7.470000,-40.760000,case-existing,case-existing
17442,SSCAI2-RS138,-29.594525,-51.298612,interpolated,topology-interp
17447,MTNORT-PE069,-7.745000,-34.990000,interpolated,topology-interp
17501,MACEII-AL069,-9.530000,-35.750000,case-existing,case-existing
17502,ARAPI3-AL069,-9.790000,-36.650000,case-existing,case-existing
17503,SLQUIT-AL069,-9.310000,-35.570000,case-existing,case-existing
17504,ABX----AL069,-9.400000,-38.200000,case-existing,case-existing
17505,GUSPAIPCH013,-9.490000,-35.850000,case-existing,case-existing
17506,SERGRAUTE013,-9.010000,-36.060000,case-existing,case-existing
17507,BENBIOUTE013,-9.920000,-36.330000,case-existing,case-existing
17508,BIOFLEUTE013,-9.780000,-36.090000,case-existing,case-existing
17509,JITITUUTE013,-9.290000,-35.560000,case-existing,case-existing
17510,SINIMBUTE013,-9.880000,-36.150000,case-existing,case-existing
17511,CORURIUTE013,-10.120000,-36.270000,case-existing,case-existing
17512,MARITUUTE013,-10.150000,-36.540000,case-existing,case-existing
18001,CAMLINUTE013,-10.470000,-37.180000,case-existing,case-existing
18002,IOLLEIUTE013,-10.510000,-37.050000,case-existing,case-existing
18003,SJPINHUTE013,-10.760000,-37.200000,case-existing,case-existing
18004,TAQUARUTE013,-10.510000,-37.050000,case-existing,case-existing
18007,NSGLO2-SE069,-10.280000,-37.440000,case-existing,case-existing
18501,PREGULPCH013,-13.340000,-44.630000,case-existing,case-existing
18502,AFEMEAPCH013,-12.450000,-45.190000,case-existing,case-existing
18503,ITABN3-BA138,-14.623750,-39.341250,interpolated,topology-interp
18504,OLINDI-BA013,-11.320000,-38.380000,case-existing,case-existing
18506,COLIN2PCH013,-17.070000,-40.110000,case-existing,case-existing
18507,COLIN1PCH013,-17.080000,-40.090000,case-existing,case-existing
18508,SYKUE-UTE013,-12.840000,-45.490000,interpolated,topology-interp
18509,CDLIXAPCH013,-17.070000,-40.070000,case-existing,case-existing
18510,RGRAN2-BA138,-12.840000,-45.490000,case-existing,case-existing
18512,AGROV1UTE013,-9.500000,-40.370000,case-existing,case-existing
18513,AGROV2UTE013,-9.500000,-40.370000,case-existing,case-existing
18514,SITGRAPCH013,-12.440000,-45.170000,case-existing,case-existing
18515,CANDENPCH013,-13.350000,-39.100000,case-existing,case-existing
18516,BRTRNAPCH013,-11.930000,-46.300000,case-existing,case-existing
18517,PIABNHPCH013,-11.930000,-46.270000,case-existing,case-existing
18518,SIRIVEPCH013,-11.920000,-46.280000,case-existing,case-existing
18519,SUCURIPCH013,-11.930000,-46.310000,case-existing,case-existing
18520,TAPUIAPCH013,-11.930000,-46.280000,case-existing,case-existing
18521,PEDRA-PCH013,-13.870000,-40.240000,case-existing,case-existing
18522,FUNIL-PCH013 013kV-2,-14.230000,-39.460000,case-existing,case-existing
18523,BOASORPCH013,-11.890000,-46.770000,case-existing,case-existing
18524,PORTOF-BA138,-11.850732,-46.556829,interpolated,topology-interp
18525,PORTOFPCH013,-11.810000,-46.780000,case-existing,case-existing
18526,RIACHO-BA138,-11.966585,-46.601463,interpolated,topology-interp
18527,RIACHOPCH013,-11.950000,-46.760000,case-existing,case-existing
18528,LAGOAG-BA138,-12.058293,-46.710732,interpolated,topology-interp
18529,LAGOAGPCH013,-12.150000,-46.820000,case-existing,case-existing
18530,RGRAN1-BA138,-12.840000,-45.490000,case-existing,case-existing
18531,GALVANUTE013,-12.090000,-45.810000,case-existing,case-existing
18532,BOASOR-BA138,-11.891463,-46.333659,interpolated,topology-interp
18533,CANARIUTE013,-12.320000,-38.370000,case-existing,case-existing
18534,JUL12VPCH013,-13.840000,-39.280000,case-existing,case-existing
18535,DOIDO-PCH013,-11.710000,-46.750000,case-existing,case-existing
18536,PITUACUFV013,-12.950000,-38.420000,case-existing,case-existing
18537,SUZMUCUTE013,-18.040000,-39.920000,case-existing,case-existing
18538,SALVADUTE013,-12.860000,-38.350000,case-existing,case-existing
18552,ZEBU---BA013,-9.360000,-38.200000,case-existing,case-existing
18553,BRUMAD-BA138,-14.210000,-41.640000,case-existing,case-existing
18554,ITAMAR-BA138,-16.955000,-39.640000,interpolated,topology-interp
18555,GARFIC-BA138,-11.439753,-46.605302,interpolated,topology-interp
18556,PANAMB-BA138,-11.260158,-46.421273,interpolated,topology-interp
18558,SMARCE-BA138,-11.079550,-46.236205,interpolated,topology-interp
18560,COACEI-BA138,-10.899302,-46.051507,interpolated,topology-interp
18562,COACII-BA138,-10.900292,-46.052521,interpolated,topology-interp
18564,M.NETO-BA230,-17.340000,-40.180000,case-existing,case-existing
18565,GARGAN-BA138,-11.620000,-46.790000,interpolated,topology-interp
18567,FORMOS-BA138,-10.900124,-46.052349,interpolated,topology-interp
18568,GARG2A-BA138,-11.620000,-46.790000,interpolated,topology-interp
18570,DIANOP-BA138,-11.594432,-46.860190,interpolated,topology-interp
18586,JUAZE3-BA069,-9.490000,-40.520000,case-existing,case-existing
18596,BARRA2-BA138,-11.240000,-43.420000,interpolated,topology-interp
18600,ITAPEB-BA138,-15.917548,-39.531981,interpolated,topology-interp
18601,CAMACA-BA138,-15.496731,-39.514031,interpolated,topology-interp
18602,P.ASTE-BA138,-15.073269,-39.495969,interpolated,topology-interp
18603,D. MEI-BA138,-14.652452,-39.478019,interpolated,topology-interp
18604,EKA----BA230,-16.090000,-39.410000,interpolated,topology-interp
18612,POCOE3-BA230,-14.520000,-40.380000,case-existing,case-existing
18628,DPS----BA138,-16.340000,-39.550000,interpolated,topology-interp
18629,DTC----BA138,-16.340000,-39.550000,interpolated,topology-interp
18630,PORSEG-BA138,-16.340000,-39.550000,interpolated,topology-interp
18636,TRANCO-BA138,-16.340000,-39.550000,interpolated,topology-interp
18640,RBRANC-BA138,-12.223614,-45.021199,interpolated,topology-interp
18641,RPEDRA-BA138,-12.317921,-45.092926,interpolated,topology-interp
18642,CICERR-BA138,-12.365318,-45.128974,interpolated,topology-interp
18643,MVERDE-BA138,-12.413158,-45.165359,interpolated,topology-interp
18644,LEMAGA-BA138,-12.270525,-45.056878,interpolated,topology-interp
18645,BAREI3-BA138,-12.176703,-44.985521,interpolated,topology-interp
18751,S.LUZIPCH013,-12.550000,-45.090000,case-existing,case-existing
18752,S.LUZI-BA138,-12.695000,-45.290000,interpolated,topology-interp
18761,ALAGO2-BA069,-12.060000,-38.390000,interpolated,topology-interp
18763,FSANT3-BA069,-12.130000,-38.930000,interpolated,topology-interp
18764,ITABU1-BA138,-14.308750,-39.436250,interpolated,topology-interp
18765,ITABN2-BA138,-14.387500,-39.412500,interpolated,topology-interp
18766,RGRAN3-BA138,-12.840000,-45.490000,case-existing,case-existing
18797,ALTO.F-BA138,-12.460998,-45.201745,interpolated,topology-interp
19002,CHAPAD-MA069,-3.800000,-43.410000,case-existing,case-existing
19013,ENCRUZ-MA013,-2.220000,-45.850000,interpolated,topology-interp
19014,PAF4--SIN013,-9.410000,-38.200000,interpolated,topology-interp
19069,ENCRUZ-MA069,-2.220000,-45.850000,case-existing,case-existing
19070,DINDCN-MA069,-4.300000,-42.990000,interpolated,topology-interp
19071,FICCHA-MA069,-4.157143,-43.110000,interpolated,topology-interp
19072,CHPAD2-MA069,-4.014286,-43.230000,interpolated,topology-interp
19074,PALEST-MA069,-4.085714,-43.170000,interpolated,topology-interp
19075,URBAPR-MA069,-3.942857,-43.290000,interpolated,topology-interp
19090,TERES--MA069,-5.130000,-42.800000,case-existing,case-existing
19099,CAXIA2-MA230,-4.880000,-43.410000,case-existing,case-existing
19110,CAXIA2-MA069,-4.880000,-43.410000,case-existing,case-existing
19300,ACAIL--MA069,-4.960000,-47.510000,case-existing,case-existing
19301,ITINGA-MA069,-4.960000,-47.510000,interpolated,topology-interp
19302,PIQUIA-MA069,-4.900000,-47.400000,case-existing,case-existing
19310,ST.LUZ-MA138,-3.970000,-45.680000,case-existing,case-existing
19314,VITORI-MA138,-4.124995,-45.460007,interpolated,topology-interp
19315,VFFIC1-MA000,-4.202511,-45.349984,interpolated,topology-interp
19316,VITORI-MA013,-4.202493,-45.350010,interpolated,topology-interp
19317,S.INES-MA138,-3.670000,-45.370000,case-existing,case-existing
19318,VITORI-MA069,-4.280000,-45.240000,case-existing,case-existing
19319,VFFIC2-MA000,-4.202511,-45.349984,interpolated,topology-interp
19320,VITOR2-MA013,-4.202493,-45.350010,interpolated,topology-interp
19322,BACAB1-MA069,-4.220000,-44.780000,case-existing,case-existing
19501,XINGUA-PA138,-7.070000,-49.920000,case-existing,case-existing
19507,R.VERM-PA138,-6.540000,-49.410000,case-existing,case-existing
19508,ELDORA-PA138,-6.100000,-49.350000,case-existing,case-existing
19509,MABFC1-PA230,-5.246667,-49.040000,interpolated,topology-interp
19510,MABFC2-PA230,-5.293333,-49.060000,interpolated,topology-interp
19511,MABCPA-PA230,-5.340000,-49.080000,case-existing,case-existing
19512,MABCPA-PA000,-5.340000,-49.080000,interpolated,topology-interp
19513,MABCPA-PA013,-5.340000,-49.080000,case-existing,case-existing
19514,MABCPA-PA138,-5.340000,-49.080000,interpolated,topology-interp
19515,MABCP2-PA138,-5.340000,-49.080000,case-existing,case-existing
19516,ITACPA-PA138,-5.340000,-49.080000,case-existing,case-existing
19519,SANTAN-PA138,-9.330000,-50.390000,case-existing,case-existing
19520,SANTAN-PA230,-9.330000,-50.390000,case-existing,case-existing
19521,BERTIM-PA138,-5.380000,-48.880000,case-existing,case-existing
19522,ST-DEF-PA138,-9.680000,-50.755000,interpolated,topology-interp
19523,JURUTI-PA138,-2.260000,-56.060000,case-existing,case-existing
19525,AGUA_A-PA138,-6.800000,-50.500000,case-existing,case-existing
19529,CURU-A-PA138,-2.752000,-54.386000,interpolated,topology-interp
19534,CURUADUHE006,-2.820000,-54.300000,case-existing,case-existing
19535,CURUAAUHE006,-2.820000,-54.300000,case-existing,case-existing
19536,CURUABUHE006,-2.820000,-54.300000,case-existing,case-existing
19537,CURUACUHE006,-2.820000,-54.300000,case-existing,case-existing
19545,XINCPA-PA138,-7.090000,-49.930000,case-existing,case-existing
19546,MOP----PA138,-6.580000,-51.090000,case-existing,case-existing
19547,SPELAD-PA138,-6.085000,-49.745000,interpolated,topology-interp
19549,PARCPA-PA138,-6.080000,-49.880000,case-existing,case-existing
19550,CANAA--PA138,-6.500000,-49.850000,case-existing,case-existing
19561,DEROP1-PA138,-6.690000,-50.795000,interpolated,topology-interp
19564,NOPAP--PA138,-6.090000,-49.810000,case-existing,case-existing
19566,BELTER-PA138,-2.680000,-54.840000,case-existing,case-existing
19582,3MAIO-PCH013,-8.750000,-55.030000,case-existing,case-existing
19586,CURUABPCH013,-8.740000,-54.960000,case-existing,case-existing
19587,CURUAB-PA138,-8.691748,-55.052816,interpolated,topology-interp
19588,CASTSO-PA138,-8.330000,-55.110000,case-existing,case-existing
19589,NOVPR1-PA138,-7.050000,-55.410000,case-existing,case-existing
19658,RONDON-PA069,-4.780000,-48.090000,case-existing,case-existing
19659,M.NOVA-PA069,-5.200000,-49.030000,case-existing,case-existing
19660,D.ELIS-PA069,-4.290000,-47.570000,case-existing,case-existing
19662,B.JESU-PA069,-5.050000,-48.610000,case-existing,case-existing
19664,PPSA2--PA138,-2.830000,-47.920000,case-existing,case-existing
19666,MARAJO-PA069,-3.750000,-49.690000,interpolated,topology-interp
19699,TOMEA2-PA138,-2.360000,-48.140000,case-existing,case-existing
19751,S.MIGU-PA138,-1.600000,-47.490000,case-existing,case-existing
19752,M.RIO--PA138,-2.040000,-47.540000,case-existing,case-existing
19757,PARAGO-PA138,-2.980000,-47.370000,case-existing,case-existing
19760,MARITU-PA069,-1.410000,-48.360000,case-existing,case-existing
19762,TOMEAC-PA138,-2.360000,-48.140000,case-existing,case-existing
19766,FLORAP-PA138,-3.020000,-47.370000,case-existing,case-existing
19787,LARANJ-PA069,-1.510000,-52.580000,case-existing,case-existing
19822,DERIV1-PA138,-3.267143,-54.842857,interpolated,topology-interp
19823,DERIV2-PA138,-3.267143,-54.842857,interpolated,topology-interp
19825,FICTAP-PA138,-2.550000,-54.705000,interpolated,topology-interp
19826,FICRUR-PA138,-3.051429,-54.788571,interpolated,topology-interp
19874,BRAZAU-PA138,-7.050000,-55.410000,interpolated,topology-interp
19877,BRAZAU-PA013,-7.050000,-55.410000,interpolated,topology-interp
19878,BRZCS1-PA013,-7.050000,-55.410000,interpolated,topology-interp
19879,BRZCS2-PA013,-7.050000,-55.410000,interpolated,topology-interp
20501,ISAMUIPCH013,-10.700000,-47.790000,case-existing,case-existing
20502,PALMA5-TO138,-10.228009,-48.328530,interpolated,topology-interp
20504,S.JOAO-TO138,-10.471297,-48.336717,interpolated,topology-interp
20505,ALMAS--TO034,-11.560000,-47.160000,case-existing,case-existing
20506,ALMAS--TO013,-11.560000,-47.160000,case-existing,case-existing
20507,ANANAS-TO138,-6.973220,-47.828209,interpolated,topology-interp
20508,ANANAS-TO034,-6.380000,-48.060000,case-existing,case-existing
20509,ANANAS-TO013,-6.380000,-48.060000,case-existing,case-existing
20510,GURUP2-TO138,-11.861944,-48.766842,interpolated,topology-interp
20511,GURUP2-TO013,-11.740000,-49.020000,case-existing,case-existing
20512,L.CONF-TO138,-10.736142,-49.389632,interpolated,topology-interp
20513,GRANOL-TO138,-10.610000,-48.370000,case-existing,case-existing
20514,LUZIMA-TO138,-10.251715,-48.592246,interpolated,topology-interp
20515,LUZIMA-TO013,-10.190000,-48.460000,case-existing,case-existing
20516,ARRAIA-TO138,-12.920000,-46.960000,case-existing,case-existing
20517,SMIGUE-TO069,-5.759763,-47.625118,interpolated,topology-interp
20518,SMIGUE-TO034,-5.550000,-47.560000,case-existing,case-existing
20519,ITAGUA-TO069,-5.932268,-47.557865,interpolated,topology-interp
20520,ITAGUA-TO013,-5.760000,-47.510000,case-existing,case-existing
20521,AUGUST-TO069,-5.931905,-47.850047,interpolated,topology-interp
20522,AUGUST-TO034,-5.470000,-47.880000,case-existing,case-existing
20523,AUGUST-TO013,-5.470000,-47.880000,case-existing,case-existing
20524,ARAGUA-TO069,-6.565952,-48.045024,interpolated,topology-interp
20525,ARAGUA-TO034,-7.200000,-48.240000,case-existing,case-existing
20530,TOCANT-TO069,-6.277041,-47.538480,interpolated,topology-interp
20531,TOCANT-TO034,-6.310000,-47.430000,case-existing,case-existing
20532,TOCANT-TO013,-6.310000,-47.430000,case-existing,case-existing
20533,XAMBIO-TO034,-6.430000,-48.430000,case-existing,case-existing
20534,XAMBIO-TO013,-6.410000,-48.530000,case-existing,case-existing
20535,AGUIAR-TO013,-6.570000,-47.480000,case-existing,case-existing
20536,ARAGU1-TO034,-7.270000,-48.260000,case-existing,case-existing
20537,ARAGU1-TO013,-7.200000,-48.240000,case-existing,case-existing
20538,ARAGU2-TO013,-7.270000,-48.260000,case-existing,case-existing
20539,ARAGU3-TO013,-7.210000,-48.180000,case-existing,case-existing
20540,BIELAN-TO034,-7.490000,-47.870000,case-existing,case-existing
20541,NOVAOL-TO034,-7.620000,-48.430000,case-existing,case-existing
20542,NOVAOL-TO013,-7.620000,-48.430000,case-existing,case-existing
20543,GUARA2-TO034,-8.820000,-48.500000,case-existing,case-existing
20544,GUARA1-TO034,-8.820000,-48.500000,interpolated,topology-interp
20547,P.AFON-TO034,-8.980000,-48.180000,case-existing,case-existing
20548,P.AFON-TO013,-8.980000,-48.180000,case-existing,case-existing
20549,GUARA2-TO013,-8.820000,-48.500000,case-existing,case-existing
20551,COLINA-TO034,-8.050000,-48.500000,case-existing,case-existing
20552,COLINA-TO013,-8.050000,-48.500000,case-existing,case-existing
20553,BUNGE--TO138,-9.200000,-48.130000,case-existing,case-existing
20554,P.AFONUTE013,-9.200000,-48.140000,case-existing,case-existing
20555,PALM2A-TO013,-10.200000,-48.310000,case-existing,case-existing
20556,PALM2A-TO034,-10.200000,-48.310000,case-existing,case-existing
20557,PALM2B-TO013,-10.200000,-48.310000,case-existing,case-existing
20558,PALM3A-TO013,-10.260000,-48.330000,case-existing,case-existing
20559,PALM4A-TO013,-10.180000,-48.360000,case-existing,case-existing
20560,PALM4B-TO013,-10.180000,-48.360000,case-existing,case-existing
20561,PALMA5-TO034,-10.228008,-48.328530,interpolated,topology-interp
20562,TAQUAR-TO013,-10.330000,-48.300000,case-existing,case-existing
20563,PARAI2-TO034,-10.210000,-48.880000,case-existing,case-existing
20564,PARAI1-TO034,-10.180000,-48.900000,case-existing,case-existing
20565,PARAI1-TO013,-10.180000,-48.900000,case-existing,case-existing
20566,P.NACI-TO069,-10.712979,-48.217511,interpolated,topology-interp
20567,P.NACI-TO034,-10.690000,-48.400000,case-existing,case-existing
20568,P.NACI-TO013,-10.690000,-48.400000,case-existing,case-existing
20570,N.ROSA-TO034,-10.560000,-48.920000,case-existing,case-existing
20571,N.ROSA-TO013,-10.560000,-48.920000,case-existing,case-existing
20573,CRISTA-TO034,-10.580000,-49.190000,case-existing,case-existing
20574,CRISTA-TO013,-10.580000,-49.190000,case-existing,case-existing
20575,L.CONF-TO034,-10.780000,-49.610000,case-existing,case-existing
20576,L.CONF-TO013,-10.780000,-49.610000,case-existing,case-existing
20577,MIRANO-TO034,-9.530000,-48.590000,case-existing,case-existing
20578,MIRANO-TO013,-9.530000,-48.590000,case-existing,case-existing
20579,S.JOAO-TO034,-10.450000,-48.320000,case-existing,case-existing
20580,ISAMUI-TO069,-10.734893,-47.787556,interpolated,topology-interp
20581,P.ALTA-TO034,-10.750000,-47.530000,case-existing,case-existing
20582,MCARMO-TO069,-10.735957,-48.035023,interpolated,topology-interp
20583,MCARMO-TO034,-10.760000,-48.100000,case-existing,case-existing
20584,MCARMO-TO013,-10.760000,-48.100000,case-existing,case-existing
20585,DIANOPPCH034,-11.610000,-46.830000,case-existing,case-existing
20586,DIANOP-TO013,-11.610000,-46.830000,case-existing,case-existing
20587,FIGUEI-TO013,-12.140000,-49.170000,case-existing,case-existing
20588,ALVORA-TO034,-12.490000,-49.130000,case-existing,case-existing
20589,ALVORA-TO013,-12.490000,-49.130000,case-existing,case-existing
20590,GURUP1-TO069,-11.762424,-49.289553,interpolated,topology-interp
20591,GURUP1-TO034,-11.750000,-49.100000,case-existing,case-existing
20592,GURUP1-TO013,-11.750000,-49.100000,case-existing,case-existing
20593,FORMOS-TO069,-11.722969,-49.529821,interpolated,topology-interp
20594,FORMOS-TO034,-11.800000,-49.560000,case-existing,case-existing
20595,FORMOS-TO013,-11.800000,-49.560000,case-existing,case-existing
20596,COBRAP-TO069,-11.606485,-49.739911,interpolated,topology-interp
20597,COBRAP-TO013,-11.490000,-49.950000,case-existing,case-existing
20598,ARRAIA-TO034,-12.920000,-46.960000,case-existing,case-existing
20599,ITAFOS-TO013,-12.930000,-46.740000,case-existing,case-existing
20601,BSAYAO-TO138,-8.050922,-48.703211,interpolated,topology-interp
20602,BSAYAO-TO034,-7.870000,-48.890000,case-existing,case-existing
20603,PALM3B-TO013,-10.260000,-48.330000,case-existing,case-existing
20604,CASEAR-TO138,-9.295000,-50.175000,interpolated,topology-interp
20605,CASEAR-TO034,-9.260000,-49.960000,case-existing,case-existing
20610,COBRAP-TO034,-11.490000,-49.950000,case-existing,case-existing
20611,CRISTA-TO138,-10.692284,-49.169264,interpolated,topology-interp
20612,LUZIND-TO138,-10.261715,-48.614746,interpolated,topology-interp
20613,LUZIND-TO013,-10.230000,-48.550000,case-existing,case-existing
20614,SMAIO2UFV013,-9.540000,-48.540000,case-existing,case-existing
20618,SERRAS-TO138,-12.015000,-46.605000,interpolated,topology-interp
20619,SERRAS-TO034,-12.410000,-46.420000,case-existing,case-existing
20621,S.GERA-PA138,-11.970000,-46.500000,case-existing,case-existing
20630,RCONCEPCH034,-11.400000,-46.890000,case-existing,case-existing
20631,RCONCE-TO138,-11.510000,-46.840000,interpolated,topology-interp
20659,CMANGA-TO138,-10.830000,-46.170000,case-existing,case-existing
20880,TP-PAR-TO138,-12.578182,-47.691818,interpolated,topology-interp
20881,PARANA-TO138,-12.584545,-47.725455,interpolated,topology-interp
20882,PARANA-TO034,-12.610000,-47.860000,case-existing,case-existing
20883,MANUEL-TO138,-11.504668,-47.047815,interpolated,topology-interp
20884,AURAMN-TO138,-11.700000,-47.170000,case-existing,case-existing
20885,ARAGU4TAP138,-7.014066,-48.041441,interpolated,topology-interp
20886,ARAGU4-TO138,-7.087032,-48.120721,interpolated,topology-interp
20887,ARAGU4-TO013,-7.160000,-48.200000,case-existing,case-existing
20888,GURUP3-TO138,-11.487121,-48.921382,interpolated,topology-interp
20889,GURUP3-TO013,-11.710000,-49.100000,case-existing,case-existing
20890,PKNEDY-TO138,-8.503889,-48.498712,interpolated,topology-interp
20891,PKNEDY-TO034,-8.530000,-48.490000,case-existing,case-existing
20892,MANUELPCH034,-11.540000,-46.990000,case-existing,case-existing
20894,S.GRLD-TO138,-6.380000,-48.590000,case-existing,case-existing
20903,VOTORM-TO138,-6.430000,-48.430000,case-existing,case-existing
20904,PARANA-TO013,-12.610000,-47.860000,case-existing,case-existing
20905,ARAGUA-TO013,-5.660000,-48.110000,case-existing,case-existing
20906,BSAYAO-TO013,-7.870000,-48.890000,case-existing,case-existing
20907,PAFON--TO138,-8.849942,-48.389904,interpolated,topology-interp
20908,ALTAMI-TO138,-10.753616,-47.795202,interpolated,topology-interp
20909,TAGUA--TO138,-12.015000,-46.605000,interpolated,topology-interp
20910,TAGUA--TO034,-12.015000,-46.605000,interpolated,topology-interp
21001,ALBRAS-PA230,-1.570000,-48.730000,interpolated,topology-interp
21002,NORFI1-PB230,-7.200000,-34.900000,interpolated,topology-interp
21003,ELIZCI-PB230,-7.200000,-34.900000,interpolated,topology-interp
21004,CCP----PB230,-7.200000,-34.900000,interpolated,topology-interp
21005,ALUNOR-PA230,-1.570000,-48.730000,interpolated,topology-interp
21006,COTEM1-PE230,-7.565000,-35.625000,interpolated,topology-interp
21007,VALEPE-MA230,-2.720000,-44.320000,interpolated,topology-interp
21009,GLOBE--PA230,-3.820000,-49.650000,interpolated,topology-interp
21010,CONSPR-PA069,-3.750000,-49.690000,interpolated,topology-interp
21011,ACOVER-MA230,-5.490000,-47.440000,interpolated,topology-interp
21012,S11D---PA230,-6.440000,-50.020000,interpolated,topology-interp
21013,AIRLIQ-BA230,-12.700000,-38.480000,interpolated,topology-interp
21014,MINVV--AL230,-9.790000,-36.650000,interpolated,topology-interp
21015,ALEMAO-PA230,-6.030000,-50.140000,interpolated,topology-interp
21016,CRISTA-PA230,-6.210000,-49.955000,interpolated,topology-interp
21017,VALECA-PA230,-5.980000,-49.890000,interpolated,topology-interp
21018,VALEOP-PA230,-2.700000,-44.330000,case-existing,case-existing
21019,VALEPO-MA230,-2.720000,-44.320000,interpolated,topology-interp
21020,ARAGNM-PA230,-7.070000,-49.920000,interpolated,topology-interp
21022,MILTON-PA230,-3.250000,-47.740000,case-existing,case-existing
21025,VALEMA-BA230,-12.790000,-38.420000,interpolated,topology-interp
21026,CAP----PA230,-1.570000,-48.730000,interpolated,topology-interp
21027,ALPA---PA230,-5.460000,-49.150000,interpolated,topology-interp
21030,SINOBR-PA230,-5.460000,-49.150000,interpolated,topology-interp
21034,PISF-1-PE230,-8.750000,-38.340000,interpolated,topology-interp
21035,PISF-2-PE230,-8.000000,-38.630000,interpolated,topology-interp
21036,CARAIB-BA230,-9.870000,-39.860000,interpolated,topology-interp
21037,LIBRA--CE230,-5.300000,-38.910000,interpolated,topology-interp
21038,PORTLA-CE230,-3.700000,-40.380000,interpolated,topology-interp
21039,GERDAU-PE230,-8.060000,-34.930000,interpolated,topology-interp
21040,PETROF-PE230,-8.270000,-35.030000,interpolated,topology-interp
21041,PETROQ-PE230,-8.400000,-35.020000,interpolated,topology-interp
21042,FERBAS-BA230,-12.400000,-38.340000,case-existing,case-existing
21043,GERDAU-BA230,-12.790000,-38.420000,interpolated,topology-interp
21044,DOWQUI-BA230,-12.770000,-38.480000,case-existing,case-existing
21045,ATLANT-BA230,-14.180000,-39.730000,case-existing,case-existing
21046,BRASKE-AL230,-9.500000,-35.840000,interpolated,topology-interp
21047,VALEFE-SE230,-10.880000,-37.150000,interpolated,topology-interp
21048,APODI--CE006,-5.030000,-37.790000,interpolated,topology-interp
21049,FORD---BA230,-12.670000,-38.280000,case-existing,case-existing
21051,RNEST--PE230,-8.370000,-35.030000,case-existing,case-existing
21052,U-50--UTE069,-8.390000,-35.030000,case-existing,case-existing
21100,BKNUNB-BA230,-12.620000,-38.340000,interpolated,topology-interp
21101,BKNUSC-BA230,-12.620000,-38.340000,interpolated,topology-interp
21102,PARANA-BA230,-12.620000,-38.340000,interpolated,topology-interp
21110,FIAT---PE230,-7.630000,-34.960000,case-existing,case-existing
21111,DATPEC-CE230,-3.600000,-38.870000,interpolated,topology-interp
21116,FIAT---PE069,-7.630000,-34.960000,case-existing,case-existing
21200,FAFEN--SE230,-10.880000,-37.150000,interpolated,topology-interp
21201,CIMESA-SE230,-10.880000,-37.150000,interpolated,topology-interp
21301,ALCOA--PA230,-2.465000,-56.400000,interpolated,topology-interp
21302,MRN----PA230,-1.580000,-55.720000,interpolated,topology-interp
21502,BARIRBUHE013,-22.150000,-48.750000,case-existing,case-existing
22001,D#2MSG-SP138,-23.556172,-45.323749,interpolated,topology-interp
22002,D#1MSG-SP138,-23.556172,-45.323749,interpolated,topology-interp
22003,D1DCTA-SP088,-23.198936,-45.888713,interpolated,topology-interp
22004,D2DCTA-SP088,-23.200821,-45.884979,interpolated,topology-interp
22051,A.AZUL-SP088,-23.380000,-46.400000,case-existing,case-existing
22052,GV--BE-SP138,-22.920000,-45.410000,case-existing,case-existing
22801,SE--AC-DF138,-15.856397,-48.051615,interpolated,topology-interp
22802,SE--TG-DF138,-15.773583,-48.090140,interpolated,topology-interp
22803,SE--RB-DF138,-15.610000,-48.130000,case-existing,case-existing
22804,SE--RD-DF138,-15.780000,-48.230000,case-existing,case-existing
22805,E-CN01-DF138,-15.782711,-48.172029,interpolated,topology-interp
22806,E-CN02-DF138,-15.803107,-48.165232,interpolated,topology-interp
22807,SE--CN-DF138,-15.837701,-48.155078,interpolated,topology-interp
22808,SE--CS-DF138,-15.846340,-48.046736,interpolated,topology-interp
22810,SE--RF-DF138,-15.886161,-48.034795,interpolated,topology-interp
22811,SE--TN-DF138,-15.785426,-48.114055,interpolated,topology-interp
22812,SE--GD-DF138,-15.815274,-47.990283,interpolated,topology-interp
22813,SE--BN-DF138,-15.789252,-47.954829,interpolated,topology-interp
22814,SE--BC-DF138,-15.799493,-47.840764,interpolated,topology-interp
22815,SE--CD-DF138,-15.761383,-47.919538,interpolated,topology-interp
22816,SE--JK-DF138,-15.993963,-47.951552,interpolated,topology-interp
22817,TOCANT-DF138,-15.640000,-47.850000,case-existing,case-existing
22818,SE-ST--DF138,-15.978127,-47.913461,interpolated,topology-interp
22819,SE--CT-DF138,-15.699652,-47.891940,interpolated,topology-interp
22820,SE--SW-DF138,-15.841478,-48.006216,interpolated,topology-interp
22821,SE--ES-DF138,-15.819316,-47.888378,interpolated,topology-interp
22822,SE--SO-DF138,-15.880387,-48.161904,interpolated,topology-interp
22823,SE--MJ-DF138,-15.954019,-48.061080,interpolated,topology-interp
22824,SE--SM-DF138,-16.052402,-48.067269,interpolated,topology-interp
22825,SE--MG-DF138,-15.987869,-47.833589,interpolated,topology-interp
22827,SE--HP-DF138,-15.848489,-47.954388,interpolated,topology-interp
22829,SE--VA-DF069,-15.701350,-47.670118,interpolated,topology-interp
22831,SE--CS-DF069,-15.857535,-48.024493,interpolated,topology-interp
22833,SE--NB-DF069,-15.868761,-48.002250,interpolated,topology-interp
22835,SE--ST-DF069,-15.650000,-47.760000,case-existing,case-existing
22836,SE--PL-DF069,-15.630000,-47.705000,interpolated,topology-interp
22837,SE--PD-DF069,-15.816576,-47.560088,interpolated,topology-interp
22838,SE--SJ-DF069,-15.766880,-47.520122,interpolated,topology-interp
22839,SE--NB-DF138,-15.883824,-48.052073,interpolated,topology-interp
22840,SE--BA-DF069,-15.795342,-47.580055,interpolated,topology-interp
22841,SE--01-DF034,-15.803668,-47.921585,interpolated,topology-interp
22842,SE--02-DF034,-15.801478,-47.913479,interpolated,topology-interp
22843,SE--05-DF034,-15.804715,-47.902905,interpolated,topology-interp
22844,E_GR01-DF034,-15.789107,-48.001078,interpolated,topology-interp
22845,E_GR02-DF034,-15.792597,-47.999233,interpolated,topology-interp
22846,SE--GR-DF034,-15.799540,-47.995534,interpolated,topology-interp
22847,SE--GM-DF138,-16.002139,-48.062783,interpolated,topology-interp
22850,SE--RJ-DF069,-15.774038,-47.600436,interpolated,topology-interp
22854,SE--TG-DF034,-15.771488,-48.055837,interpolated,topology-interp
22856,SE--EN-DF138,-15.806730,-47.928672,interpolated,topology-interp
22857,SE--BZ-DF034,-15.730738,-48.132920,interpolated,topology-interp
22860,SE-06B-DF138,-15.798728,-47.879806,interpolated,topology-interp
22861,SE0502-DF034,-15.804930,-47.899171,interpolated,topology-interp
22863,SE0802-DF034,-15.790847,-47.938597,interpolated,topology-interp
22864,SE--CC-DF138,-15.821162,-48.185713,interpolated,topology-interp
22865,SE--RJ-DF138,-15.789990,-47.672144,interpolated,topology-interp
22866,SE--NW-DF138,-15.796887,-47.960354,interpolated,topology-interp
22867,SE--PW-DF138,-15.815274,-47.990283,interpolated,topology-interp
22869,SE-BN2-DF034,-15.746780,-47.908379,interpolated,topology-interp
22870,BNFIC4-DF000,-15.770247,-47.932292,interpolated,topology-interp
22872,SE--BN-DF034,-15.766324,-47.913935,interpolated,topology-interp
22873,SE--BC-DF034,-15.805478,-47.850139,interpolated,topology-interp
22874,SE--03-DF034,-15.779934,-47.898083,interpolated,topology-interp
22875,SE--04-DF034,-15.773268,-47.901416,interpolated,topology-interp
22876,SE--06-DF034,-15.793624,-47.890325,interpolated,topology-interp
22877,E_0701-DF034,-15.751745,-47.867446,interpolated,topology-interp
22878,E_0702-DF034,-15.778186,-47.851082,interpolated,topology-interp
22879,SE--07-DF034,-15.753013,-47.856051,interpolated,topology-interp
22880,SE--08-DF034,-15.790847,-47.938597,interpolated,topology-interp
22881,SE--09-DF034,-15.813690,-47.807974,interpolated,topology-interp
22882,SE--10-DF034,-15.850287,-47.830742,interpolated,topology-interp
22883,SE--SB-DF034,-15.715952,-47.859360,interpolated,topology-interp
22884,E_TO11-DF034,-15.735989,-47.897722,interpolated,topology-interp
22885,E_TO12-DF034,-15.734463,-47.895239,interpolated,topology-interp
22886,SE--TO-DF034,-15.700000,-47.910000,case-existing,case-existing
22887,E_TO21-DF034,-15.751475,-47.897057,interpolated,topology-interp
22888,E_TO22-DF034,-15.743785,-47.884620,interpolated,topology-interp
22891,UHE-PA-DF034,-15.823471,-47.819388,interpolated,topology-interp
22892,BNFIC1-DF000,-15.776772,-47.934146,interpolated,topology-interp
22893,BNFIC2-DF000,-15.776772,-47.934146,interpolated,topology-interp
22894,BNFIC3-DF000,-15.776772,-47.934146,interpolated,topology-interp
22895,E_0901-DF034,-15.838138,-47.816712,interpolated,topology-interp
22896,E_0902-DF034,-15.822955,-47.827241,interpolated,topology-interp
22898,SE--SS-DF034,-15.888733,-47.806436,interpolated,topology-interp
22899,SE--MG-DF034,-15.877593,-47.822932,interpolated,topology-interp
22901,SE--TG-DF013,-15.830000,-48.050000,case-existing,case-existing
22902,SE--CN-DF013,-15.780000,-48.130000,case-existing,case-existing
22903,SE--CS-DF013,-15.840000,-48.090000,case-existing,case-existing
22904,SE--AC-DF013,-15.850000,-48.030000,case-existing,case-existing
22905,SE--GR-DF013,-15.810000,-47.990000,case-existing,case-existing
22907,SE--BZ-DF013,-15.690000,-48.210000,case-existing,case-existing
22908,SE--NB-DF013,-15.880000,-47.980000,case-existing,case-existing
22909,SE--TN-DF013,-15.800000,-48.080000,case-existing,case-existing
22910,SE--GD-DF013,-15.815195,-47.990265,interpolated,topology-interp
22911,SE--SO-DF013,-15.890000,-48.130000,case-existing,case-existing
22912,SE--RF-DF013,-15.880000,-47.980000,case-existing,case-existing
22913,SE--01-DF013,-15.810000,-47.910000,case-existing,case-existing
22914,SE--02-DF013,-15.800000,-47.900000,case-existing,case-existing
22915,SE--03-DF013,-15.780000,-47.890000,case-existing,case-existing
22916,SE--04-DF013,-15.760000,-47.900000,case-existing,case-existing
22917,SE05---DF013,-15.820000,-47.890000,case-existing,case-existing
22919,SE--07-DF013,-15.730000,-47.850000,case-existing,case-existing
22920,SE--08-DF013,-15.810000,-47.950000,case-existing,case-existing
22921,SE--09-DF013,-15.780000,-47.780000,case-existing,case-existing
22922,SE--10-DF013,-15.850000,-47.850000,case-existing,case-existing
22923,PA----UHE013,-15.800000,-47.780000,case-existing,case-existing
22924,SE--BN-DF013,-15.775004,-47.933633,interpolated,topology-interp
22925,SE--BC-DF013,-15.790000,-47.860000,case-existing,case-existing
22926,SE--SW-DF013,-15.790000,-47.920000,case-existing,case-existing
22927,SE--CT-DF013,-15.640000,-47.850000,case-existing,case-existing
22928,SE--SB-DF013,-15.650000,-47.760000,case-existing,case-existing
22929,SE--PL-DF013,-15.610000,-47.650000,case-existing,case-existing
22930,SE--PD-DF013,-15.930000,-47.540000,case-existing,case-existing
22931,SE--SJ-DF013,-15.710000,-47.400000,case-existing,case-existing
22932,SE--ES-DF013,-15.810000,-47.870000,case-existing,case-existing
22934,SE--VA-DF013,-15.680000,-47.650000,case-existing,case-existing
22936,SE--JK-DF013,-16.040000,-47.960000,case-existing,case-existing
22937,SE--BA-DF013,-15.795363,-47.579940,interpolated,topology-interp
22938,SE--MJ-DF013,-15.890000,-48.060000,case-existing,case-existing
22939,SE--SM-DF013,-16.030000,-48.040000,case-existing,case-existing
22940,SE--SS-DF013,-15.900000,-47.790000,case-existing,case-existing
22943,SE--HP-DF013,-15.840000,-47.940000,case-existing,case-existing
22944,SE--MG-DF013,-15.890000,-47.820000,case-existing,case-existing
22945,SE--CD-DF013,-15.710000,-47.910000,case-existing,case-existing
22947,SE--GM-DF013,-16.000000,-48.060000,case-existing,case-existing
22957,SE--PW-DF013,-15.815195,-47.990265,interpolated,topology-interp
22959,SE--EN-DF013,-15.780000,-47.900000,case-existing,case-existing
22960,SE--06-DF013,-15.790000,-47.870000,case-existing,case-existing
22961,SE0502-DF013,-15.820000,-47.890000,case-existing,case-existing
22962,SEGR02-DF013,-15.810000,-47.990000,case-existing,case-existing
22963,SE0802-DF013,-15.810000,-47.950000,case-existing,case-existing
22964,SE--CC-DF013,-15.821160,-48.185713,interpolated,topology-interp
22966,SE--NW-DF013,-15.760000,-47.920000,case-existing,case-existing
22995,SE-BC1-DF138,-15.784998,-47.893780,interpolated,topology-interp
22996,SE--IT-DF138,-15.841674,-47.809257,interpolated,topology-interp
22997,SE--IT-DF013,-15.740000,-47.790000,case-existing,case-existing
22998,B.LEST-DF138,-15.789037,-47.691789,interpolated,topology-interp
23003,SE--GT-DF034,-15.755513,-47.874774,interpolated,topology-interp
23004,E--E30-DF034,-15.750197,-47.866820,interpolated,topology-interp
23005,E--181-DF034,-15.752486,-47.879588,interpolated,topology-interp
23006,E--182-DF034,-15.758827,-47.870025,interpolated,topology-interp
23007,SE-ELN-DF034,-15.749985,-47.866759,interpolated,topology-interp
23043,TOCT--TAP138,-15.669784,-47.870963,interpolated,topology-interp
23044,CIPLAN-DF138,-15.669768,-47.870974,interpolated,topology-interp
23045,AUX-RJ-DF138,-15.806896,-47.724361,interpolated,topology-interp
23302,SBARTO-GO034,-16.422500,-47.740000,interpolated,topology-interp
23303,SALGAD-GO034,-16.382500,-47.750000,interpolated,topology-interp
23304,IPEGUA-GO138,-17.800000,-50.580000,case-existing,case-existing
23305,CHAPAD-GO138,-18.496250,-51.997500,interpolated,topology-interp
23306,TRBIO-UTE013,-17.340000,-49.930000,case-existing,case-existing
23307,PLANALUTE013,-18.000000,-49.430000,case-existing,case-existing
23308,CODORAUTE013,-15.080000,-49.300000,case-existing,case-existing
23309,CABUI--GO138,-21.995000,-43.335000,interpolated,topology-interp
23310,ESPORAPCH013,-18.680000,-51.870000,case-existing,case-existing
23313,JALLESUTE013,-15.220000,-48.990000,case-existing,case-existing
23314,NGERACUTE013,-17.270000,-50.140000,case-existing,case-existing
23315,GAMELE-GO034,-16.676667,-47.760000,interpolated,topology-interp
23318,DAIA--UTE013,-16.400000,-48.930000,case-existing,case-existing
23319,XAVANTUTE013,-16.580000,-49.260000,case-existing,case-existing
23321,GLESTE-GO230,-16.680000,-49.240000,case-existing,case-existing
23328,CATALA-GO069,-18.150000,-47.950000,case-existing,case-existing
23329,ULTRAF-GO138,-18.150000,-47.950000,interpolated,topology-interp
23330,AMBEV--GO138,-16.285455,-48.918182,interpolated,topology-interp
23334,CAIAPO-GO138,-16.440000,-51.240000,interpolated,topology-interp
23335,PONTALPCH013,-18.740000,-52.300000,case-existing,case-existing
23336,QUEIXA-GO138,-18.488000,-50.274000,interpolated,topology-interp
23337,QUEIX-PCH013,-18.730000,-51.800000,case-existing,case-existing
23338,CAIAPOPCH013,-16.440000,-51.400000,case-existing,case-existing
23340,ANHANG-GO013,-16.790000,-49.240000,case-existing,case-existing
23341,DAIA---GO034,-16.400000,-48.940000,case-existing,case-existing
23342,CERRAD-GO138,-18.465000,-49.470000,interpolated,topology-interp
23343,CIBA---GO138,-18.417500,-49.365000,interpolated,topology-interp
23344,CIBA--UTE013,-18.370000,-49.260000,case-existing,case-existing
23345,VOTORA-GO138,-17.300000,-49.910000,interpolated,topology-interp
23347,SVERDE-GO138,-13.550000,-48.230000,interpolated,topology-interp
23348,MBALSA-GO138,-16.610000,-49.220000,interpolated,topology-interp
23349,APAREC-GO138,-16.830000,-49.210000,case-existing,case-existing
23350,JARAGU-GO069,-15.730000,-49.320000,case-existing,case-existing
23351,C.MAGA-MT230,-17.050000,-53.145000,interpolated,topology-interp
23352,RENIC--GO138,-16.476000,-51.296000,interpolated,topology-interp
23353,RENIC-PCH006,-16.480000,-51.420000,case-existing,case-existing
23354,TAMBOR-GO138,-16.508000,-51.388000,interpolated,topology-interp
23355,TAMBORPCH006,-16.540000,-51.480000,case-existing,case-existing
23356,VILCOR-GO138,-17.990000,-48.540000,case-existing,case-existing
23357,CARAJA-GO069,-16.720000,-49.350000,case-existing,case-existing
23358,CARTGO-GO138,-16.400000,-48.940000,interpolated,topology-interp
23359,CAOA---GO138,-16.280909,-48.896364,interpolated,topology-interp
23362,VERDE8-GO138,-17.725000,-50.530000,interpolated,topology-interp
23363,VERDE8PCH013,-17.650000,-50.480000,case-existing,case-existing
23364,YPE----GO138,-17.765000,-50.515000,interpolated,topology-interp
23365,YPE---PCH013,-17.730000,-50.450000,case-existing,case-existing
23366,FAZVELPCH013,-17.970000,-51.760000,case-existing,case-existing
23367,NIQULC-GO069,-14.480000,-48.480000,interpolated,topology-interp
23373,VERD2B-GO069,-17.360000,-51.020000,interpolated,topology-interp
23374,RCLARO-GO069,-17.630000,-51.690000,case-existing,case-existing
23375,MONTIV-GO069,-17.450000,-51.180000,case-existing,case-existing
23377,JATAI--GO069,-17.880000,-51.710000,case-existing,case-existing
23378,COIMBR-GO069,-17.905000,-51.700000,interpolated,topology-interp
23379,S.AZUL-GO069,-17.930000,-51.690000,case-existing,case-existing
23382,CHAPAD-GO069,-18.400000,-52.650000,case-existing,case-existing
23384,RVERDE-GO069,-17.813333,-50.826667,interpolated,topology-interp
23385,CABRIU-GO069,-17.820000,-50.970000,case-existing,case-existing
23387,INHUMA-GO069,-16.360000,-49.490000,case-existing,case-existing
23388,ITABER-GO069,-16.040000,-49.790000,case-existing,case-existing
23389,ARACU--GO069,-16.370000,-49.670000,case-existing,case-existing
23390,PETROL-GO069,-16.110000,-49.340000,case-existing,case-existing
23391,TAPNER-GO069,-16.420000,-49.376667,interpolated,topology-interp
23392,ANICUN-GO069,-16.470000,-49.950000,case-existing,case-existing
23393,FIRMIN-GO069,-16.590000,-50.330000,case-existing,case-existing
23394,SFRANC-GO069,-15.940000,-49.270000,case-existing,case-existing
23395,GOIANI-GO069,-16.500000,-49.420000,case-existing,case-existing
23396,ETERNI-GO069,-16.683333,-49.436667,interpolated,topology-interp
23397,NEROPO-GO069,-16.400000,-49.220000,case-existing,case-existing
23398,GUAPO--GO069,-16.830000,-49.540000,case-existing,case-existing
23399,GOIAS--GO069,-15.950000,-50.130000,case-existing,case-existing
23400,ITAPUR-GO069,-15.570000,-49.930000,case-existing,case-existing
23402,SLMBEL-GO069,-16.590000,-50.330000,interpolated,topology-interp
23403,PARAUN-GO069,-16.940000,-50.450000,case-existing,case-existing
23404,HIDROL-GO138,-16.830000,-49.210000,interpolated,topology-interp
23405,PIRENO-GO138,-15.920000,-48.800000,interpolated,topology-interp
23408,FAZCAN-GO138,-16.013068,-50.812101,interpolated,topology-interp
23412,JKJATA-GO138,-17.725593,-51.669322,interpolated,topology-interp
23417,GAMELEPCH006,-16.650000,-47.830000,case-existing,case-existing
23418,SALGADPCH006,-16.400000,-47.800000,case-existing,case-existing
23419,SBARTOPCH006,-16.480000,-47.780000,case-existing,case-existing
23503,PORANG-GO069,-13.450000,-49.160000,case-existing,case-existing
23504,NPLANA-GO069,-13.240000,-49.510000,case-existing,case-existing
23505,SMIGUE-GO069,-13.270000,-50.150000,case-existing,case-existing
23506,MARARO-GO069,-16.150000,-47.990000,case-existing,case-existing
23507,CAMPIN-GO069,-16.670000,-49.300000,case-existing,case-existing
23508,URUAC--GO069,-14.520000,-49.120000,case-existing,case-existing
23509,B.ALTO-GO069,-14.980000,-48.910000,case-existing,case-existing
23511,AMARIL-GO138,-13.450000,-49.160000,interpolated,topology-interp
23633,UCDOUR-GO138,-18.477500,-49.555000,interpolated,topology-interp
23770,REAL-2-GO138,-16.750000,-49.250000,case-existing,case-existing
23771,CROWN--GO138,-17.580000,-50.635000,interpolated,topology-interp
23772,R.VER3-GO138,-16.290000,-47.845714,interpolated,topology-interp
23773,TAPYPE-GO138,-17.755000,-50.910000,interpolated,topology-interp
23776,STAHEL-GO069,-17.820000,-50.600000,case-existing,case-existing
23777,CARGI-TAP138,-16.620000,-49.260000,interpolated,topology-interp
23778,FLORA-TAP138,-16.290000,-47.767143,interpolated,topology-interp
23779,EEAB---GO138,-15.930000,-48.170000,interpolated,topology-interp
24000,IPORA--GO069,-16.440000,-51.080000,case-existing,case-existing
24003,BRITAN-GO069,-15.260000,-51.190000,case-existing,case-existing
24004,ARUANA-GO069,-14.940000,-51.080000,case-existing,case-existing
24005,FAZCAN-GO069,-15.590000,-51.250000,case-existing,case-existing
24006,MATRIN-GO069,-15.450000,-50.750000,case-existing,case-existing
24007,JUSSAR-GO069,-15.870000,-50.860000,case-existing,case-existing
24008,STACEC-GO138,-17.135000,-48.615000,interpolated,topology-interp
24009,T.MARI-GO138,-16.725000,-49.320000,interpolated,topology-interp
24010,APORE--GO138,-18.371250,-49.647500,interpolated,topology-interp
24011,CBELOS-GO138,-12.923333,-46.886667,interpolated,topology-interp
24012,CABRIU-GO138,-17.784000,-50.916000,interpolated,topology-interp
24013,URUACU-GO138,-14.730000,-49.320000,interpolated,topology-interp
24014,S.AZUL-GO138,-17.827797,-51.679661,interpolated,topology-interp
24015,ITAPUR-GO138,-15.795688,-50.087673,interpolated,topology-interp
24016,MONTIV-GO138,-17.520678,-51.377797,interpolated,topology-interp
24017,RVERD2-GO138,-17.772000,-50.898000,interpolated,topology-interp
24094,BRITA2-GO138,-15.494603,-50.843152,interpolated,topology-interp
24096,MATRIN-GO138,-15.589603,-50.623152,interpolated,topology-interp
24099,ARAG-N-GO069,-16.253333,-51.500000,interpolated,topology-interp
24100,ARAG-N-GO138,-16.066667,-51.920000,interpolated,topology-interp
24201,NMUTU3-MT013,-13.830000,-56.080000,interpolated,topology-interp
24202,NMUTU3-MT000,-13.830000,-56.080000,interpolated,topology-interp
25661,NOBREC-MT000,-14.730000,-56.300000,interpolated,topology-interp
25662,NOBR-C-MT013,-14.730000,-56.300000,interpolated,topology-interp
25696,V.GRD2-MT138,-15.710000,-56.190000,case-existing,case-existing
25701,SNPDST-MT138,-11.950000,-55.520000,case-existing,case-existing
25702,TSANTA-MT138,-14.787661,-57.956199,interpolated,topology-interp
25703,TSANTAPCH013,-14.790000,-57.970000,case-existing,case-existing
25704,PAMPEA-MT138,-14.819220,-57.925400,interpolated,topology-interp
25705,PAMPEAPCH013,-14.830000,-57.910000,case-existing,case-existing
25706,DSACRE-MT138,-13.224000,-58.026000,interpolated,topology-interp
25707,SACRE2-MT138,-13.122000,-58.108000,interpolated,topology-interp
25708,SACRE2PCH013,-13.020000,-58.190000,case-existing,case-existing
25709,ARIPUA-MT034,-10.170000,-59.460000,case-existing,case-existing
25710,GUACU-UTE013,-10.190000,-59.460000,case-existing,case-existing
25711,CBA-DI-MT138,-15.660000,-56.000000,case-existing,case-existing
25712,FAXINAPCH013,-10.160000,-59.450000,case-existing,case-existing
25713,SC1STD-MT138,-15.876250,-55.232500,interpolated,topology-interp
25714,ARIPUAPCH013,-10.150000,-59.460000,case-existing,case-existing
25715,SC2STD-MT138,-15.701250,-55.752500,interpolated,topology-interp
25716,STADEU-MT138,-15.772500,-55.505000,interpolated,topology-interp
25717,INPAS1UTE013,-15.580000,-55.950000,case-existing,case-existing
25718,INPAS2UTE013,-13.780000,-56.050000,case-existing,case-existing
25719,NGUAPOPCH013,-15.210000,-59.010000,case-existing,case-existing
25720,BNORT4-MT138,-9.804660,-55.024175,interpolated,topology-interp
25721,JAUCMT-MT013,-15.380000,-58.830000,interpolated,topology-interp
25723,COLET--MT034,-15.036667,-58.773333,interpolated,topology-interp
25724,COLET--MT138,-15.208333,-58.801667,interpolated,topology-interp
25725,UTNMIL-MT138,-15.813333,-57.990000,interpolated,topology-interp
25726,NOVMILUTE013,-15.700000,-58.130000,case-existing,case-existing
25727,SOR.R2-MT069,-12.580000,-55.710000,case-existing,case-existing
25728,SOR.CT-MT069,-12.550000,-55.720000,case-existing,case-existing
25729,CQUEB--MT069,-12.670000,-55.865000,interpolated,topology-interp
25730,ARIPUA-MT138,-9.933333,-59.380000,interpolated,topology-interp
25731,ADM----MT138,-16.470000,-54.670000,case-existing,case-existing
25732,BUNGE--MT138,-16.500000,-54.640000,case-existing,case-existing
25733,COLNZA-MT138,-9.696667,-59.300000,interpolated,topology-interp
25735,LUCAS--MT138,-13.040000,-55.940000,case-existing,case-existing
25736,BELEZAPCH034,-16.180000,-55.020000,case-existing,case-existing
25739,ACLAR-PCH034,-16.090000,-55.070000,case-existing,case-existing
25740,ABRANCPCH034,-16.125000,-55.025455,interpolated,topology-interp
25741,NMVERD-MT034,-9.905000,-57.635000,interpolated,topology-interp
25743,SAPZAL-MT034,-13.495455,-58.952727,interpolated,topology-interp
25760,SORRI4-MT000,-12.580000,-55.760000,interpolated,topology-interp
25761,SORRI4-MT013,-12.580000,-55.760000,interpolated,topology-interp
25762,CGHSMSPCH013,-17.280000,-54.930000,case-existing,case-existing
25763,CGHGLRPCH013,-16.030000,-55.360000,case-existing,case-existing
25765,CAIANAPCH013,-15.550000,-55.180000,interpolated,topology-interp
25766,B.FUT--MT138,-15.556667,-54.890000,interpolated,topology-interp
25767,B.FUT--MT034,-15.550000,-55.180000,case-existing,case-existing
25768,GALHERPCH006,-15.550000,-55.180000,interpolated,topology-interp
25769,PXOREUPCH013,-15.840000,-54.380000,case-existing,case-existing
25770,CULUENPCH013,-14.630000,-53.910000,case-existing,case-existing
25771,SUSPIRPCH013,-15.020000,-53.940000,case-existing,case-existing
25772,DIAMANPCH013,-14.410000,-56.670000,case-existing,case-existing
25773,COPRODUTE013,-13.780000,-57.840000,case-existing,case-existing
25774,RIOALGPCH013,-28.200000,-53.440000,case-existing,case-existing
25775,ITANRTPCH013,-14.610000,-57.740000,case-existing,case-existing
25776,CARAMJPCH013,-14.950000,-58.060000,case-existing,case-existing
25777,MINERAPCH013,-14.510000,-59.470000,case-existing,case-existing
25778,COMODOPCH013,-13.650000,-59.900000,case-existing,case-existing
25779,SLUCI-PCH013,-13.540000,-59.030000,case-existing,case-existing
25780,AQ-MAZPCH013,-13.630000,-59.060000,case-existing,case-existing
25781,CARAMUUTE013,-12.570000,-55.720000,case-existing,case-existing
25782,CONSNVUTE013,-9.930000,-59.920000,case-existing,case-existing
25783,MARTINUTE013,-9.460000,-59.220000,case-existing,case-existing
25784,BNRTIIPCH013,-9.780000,-54.990000,case-existing,case-existing
25785,ATOS--UTE013,-9.840000,-57.820000,case-existing,case-existing
25786,EGIDIOUTE013,-10.340000,-58.500000,interpolated,topology-interp
25787,BERTIN-MT138,-14.360000,-56.350000,case-existing,case-existing
25788,CARGPV-MT138,-15.570000,-54.310000,case-existing,case-existing
25789,FZMALU-MT138,-12.390000,-51.750000,case-existing,case-existing
25795,NOVAVG-MT138,-15.710000,-56.190000,interpolated,topology-interp
25796,NOVVG2-MT138,-15.710000,-56.190000,interpolated,topology-interp
25797,NOVVG3-MT138,-15.710000,-56.190000,interpolated,topology-interp
25800,JACIAR-MT034,-16.011875,-55.184375,interpolated,topology-interp
25801,SUCUPI-MT034,-15.996750,-55.129750,interpolated,topology-interp
25802,PEQUI--MT034,-15.998375,-55.124875,interpolated,topology-interp
25803,PEQUI-PCH013,-16.000000,-55.120000,case-existing,case-existing
25804,SUCUPIPCH013,-15.980000,-55.080000,case-existing,case-existing
25805,JONAS--MT034,-16.040750,-55.287750,interpolated,topology-interp
25806,JONAS-PCH013,-16.100000,-55.350000,case-existing,case-existing
25807,ZEFERN-MT138,-16.140000,-54.972000,interpolated,topology-interp
25808,7QUEDA-MT138,-16.220000,-55.016000,interpolated,topology-interp
25809,7QUEDAPCH013,-16.300000,-55.060000,case-existing,case-existing
25810,SLOUREPCH013,-16.220000,-54.940000,case-existing,case-existing
25811,CPRATA-MT138,-16.205000,-54.829091,interpolated,topology-interp
25812,COLETO-MT138,-16.165000,-54.927273,interpolated,topology-interp
25813,COLETO-MT034,-16.125000,-55.025455,interpolated,topology-interp
25814,APRAT-PCH034,-16.090000,-55.070000,case-existing,case-existing
25815,ABRAV-PCH034,-16.100000,-55.040000,case-existing,case-existing
25816,MESTRE-MT034,-16.010375,-55.328875,interpolated,topology-interp
25817,MESTREPCH013,-15.980000,-55.370000,case-existing,case-existing
25818,C.MAGAPCH013,-17.060000,-53.270000,case-existing,case-existing
26000,VOTORA-MT138,-15.330000,-56.140000,case-existing,case-existing
26001,N.UBIR-MT138,-13.040000,-55.220000,case-existing,case-existing
26002,ESPIGA-MT138,-11.450000,-52.180000,case-existing,case-existing
26003,TAPURA-MT138,-12.750000,-56.510000,case-existing,case-existing
26005,DESPI--MT138,-11.256667,-51.710000,interpolated,topology-interp
26050,PRNITA-MT138,-9.670000,-56.470000,case-existing,case-existing
26094,MUTUM-PCH013,-13.600000,-56.200000,case-existing,case-existing
26096,PERDI-PCH013,-13.800000,-56.700000,case-existing,case-existing
26098,BTZAL-PCH013,-13.700000,-56.790000,case-existing,case-existing
26103,BOCAIUPCH013,-12.530000,-57.880000,case-existing,case-existing
26104,BOCAIU-MT138,-12.665714,-58.058571,interpolated,topology-interp
26106,RECANTPCH013,-14.420000,-57.820000,case-existing,case-existing
26107,MARACAPCH013,-14.330000,-57.620000,case-existing,case-existing
26150,MINERN-MT138,-15.330000,-59.250000,case-existing,case-existing
26160,DARDAN-MT034,-10.165000,-59.450000,interpolated,topology-interp
26200,NOBLE--MT138,-16.700000,-54.660000,case-existing,case-existing
26201,ESTIV-PCH006,-14.840000,-58.620000,case-existing,case-existing
26202,ESTIVA-MT034,-14.938333,-58.696667,interpolated,topology-interp
26203,JU117-PCH013,-13.390000,-59.390000,case-existing,case-existing
26204,JUI117-MT138,-13.474412,-59.288529,interpolated,topology-interp
26205,MANTO-PCH006,-16.450000,-55.320000,case-existing,case-existing
26206,MANTOV-MT034,-16.460000,-54.960000,interpolated,topology-interp
26207,A.GU2-PCH006,-14.890000,-58.870000,case-existing,case-existing
26208,A.GUA2-MT034,-14.963333,-58.821667,interpolated,topology-interp
26209,SECJUI-MT138,-13.558824,-59.187059,interpolated,topology-interp
26211,FCEDR-PCH013,-12.750000,-56.030000,case-existing,case-existing
26212,SECFOZ-MT138,-12.808000,-56.204000,interpolated,topology-interp
26300,BE.RIO-MT138,-15.610000,-56.130000,case-existing,case-existing
26308,CASCASPCH013,-15.360000,-55.450000,case-existing,case-existing
26310,PRIMAVPCH034,-15.380000,-54.410000,case-existing,case-existing
26314,STADEUPCH013,-15.740000,-55.530000,case-existing,case-existing
26322,BNOR3-PCH013,-9.630000,-54.970000,case-existing,case-existing
26323,BNOR4-PCH013,-9.680000,-54.960000,case-existing,case-existing
26326,LAJARIPCH013,-17.930000,-53.380000,case-existing,case-existing
26330,BURIT-PCH006,-13.410000,-58.600000,case-existing,case-existing
26337,RONDONPCH013,-16.670000,-54.740000,case-existing,case-existing
26338,STAGAB-MT138,-17.425000,-54.595000,interpolated,topology-interp
26339,STAGABPCH013,-17.540000,-54.430000,case-existing,case-existing
26340,J.GELAPCH006,-16.710000,-54.750000,case-existing,case-existing
26341,RONDIN-MT138,-16.616667,-54.696667,interpolated,topology-interp
26361,BALCO-UTE013,-15.030000,-57.210000,case-existing,case-existing
26363,ITAMA-UTE013,-14.760000,-57.200000,case-existing,case-existing
26372,SLUCIIPCH013,-13.540000,-59.030000,case-existing,case-existing
26376,JUINA-PCH013,-11.310000,-59.220000,case-existing,case-existing
26378,ARS---PCH013,-13.100000,-54.820000,case-existing,case-existing
26383,CQUEB-PCH013,-12.790000,-56.010000,case-existing,case-existing
26384,FSBIO--MT138,-15.366667,-54.213333,interpolated,topology-interp
26386,PCHSBF-MT138,-13.826250,-56.311250,interpolated,topology-interp
26387,PCHPER-MT138,-13.822500,-56.542500,interpolated,topology-interp
26388,PCHSUM-MT138,-13.841250,-56.616250,interpolated,topology-interp
26390,ITAMAR-MT138,-14.747273,-57.040000,interpolated,topology-interp
26391,SECCI--MT138,-13.662059,-59.472647,interpolated,topology-interp
26392,BNOR1-PCH013,-9.830000,-55.020000,case-existing,case-existing
26395,DFAZENPCH013,-10.330000,-56.980000,case-existing,case-existing
26397,APIAC-PCH013,-10.340000,-56.980000,case-existing,case-existing
26398,C.BOI-PCH013,-10.350000,-56.990000,case-existing,case-existing
26400,JUBA2-UHE013,-14.760000,-58.050000,case-existing,case-existing
26401,JUBA1-UHE013,-14.740000,-58.100000,case-existing,case-existing
26402,BARUI-PCH013,-13.320000,-57.600000,case-existing,case-existing
26403,INDIA-PCH013,-15.260000,-58.720000,case-existing,case-existing
26404,GUAPO-UHE013,-15.120000,-58.960000,case-existing,case-existing
26405,JAURH-UHE013,-15.240000,-58.730000,case-existing,case-existing
26406,ITIQUIUHE013,-17.090000,-54.830000,case-existing,case-existing
26407,PPEDRAUHE013,-17.610000,-54.830000,case-existing,case-existing
26408,SCORG-PCH013,-14.460000,-59.510000,case-existing,case-existing
26409,PARAN-PCH013,-13.850000,-53.260000,case-existing,case-existing
26411,JARAR-PCH013,-13.390000,-57.620000,case-existing,case-existing
26412,ITIQU2UHE013,-17.090000,-54.830000,case-existing,case-existing
26413,FSPRIMUTE034,-15.350000,-54.210000,case-existing,case-existing
26414,STALUZPCH034,-13.860000,-59.430000,case-existing,case-existing
26415,STOAN-PCH034,-13.810000,-59.450000,case-existing,case-existing
26416,BURIT--MT034,-13.452727,-58.776364,interpolated,topology-interp
26417,SUMDROPCH013,-13.860000,-56.690000,case-existing,case-existing
26419,SECCI--MT034,-13.777353,-59.450882,interpolated,topology-interp
26420,OMBREI-MT138,-15.167692,-58.748462,interpolated,topology-interp
26421,OMBRE-PCH013,-15.130000,-58.730000,case-existing,case-existing
26422,BRENAN-MT138,-15.103846,-58.749231,interpolated,topology-interp
26423,BRENA-PCH013,-15.040000,-58.750000,case-existing,case-existing
26426,NGUAPO-MT138,-15.295000,-58.920000,interpolated,topology-interp
26428,SALTO--MT138,-15.346000,-58.744000,interpolated,topology-interp
26429,SALTO-PCH013,-15.290000,-58.710000,case-existing,case-existing
26430,FIGUEI-MT138,-15.368000,-58.692000,interpolated,topology-interp
26431,FIGUEIPCH013,-15.390000,-58.640000,case-existing,case-existing
26432,LAJARI-MT138,-17.590000,-53.350000,interpolated,topology-interp
26433,CHAPAD-MT138,-15.480000,-55.710000,case-existing,case-existing
26434,CANAR2-MT138,-13.520000,-52.290000,case-existing,case-existing
26435,NOBRRB-MT138,-14.730000,-56.300000,case-existing,case-existing
26436,LCDIST-MT138,-12.924001,-56.071999,interpolated,topology-interp
26437,AGROSLUTE013,-12.924000,-56.072000,interpolated,topology-interp
26438,INXU---MT138,-13.408421,-57.608421,interpolated,topology-interp
26439,INXU--PCH013,-13.360000,-57.610000,case-existing,case-existing
26441,ITNRT2-MT034,-14.503333,-57.970000,interpolated,topology-interp
26442,ITNRT3-MT034,-18.973333,-56.406667,interpolated,topology-interp
26444,CORRNTPCH034,-13.440000,-56.730000,interpolated,topology-interp
26445,FENIX-UTE013,-17.290000,-53.280000,case-existing,case-existing
26446,SAPZALPCH006,-13.270000,-59.020000,case-existing,case-existing
26447,ARICA--MT138,-15.530000,-55.860000,case-existing,case-existing
26448,PRIMA2-MT138,-15.570000,-54.310000,case-existing,case-existing
26449,SOR.C2-MT069,-12.550000,-55.720000,case-existing,case-existing
26450,PSTNIO-MT138,-15.665000,-56.065000,interpolated,topology-interp
26451,IPAT1B-MG000,-19.440000,-42.560000,interpolated,topology-interp
26452,IPAT1B-MG013,-19.440000,-42.560000,interpolated,topology-interp
26453,BDESPACER013,-19.790000,-45.310000,interpolated,topology-interp
26454,BETIM6-MG345,-19.900000,-44.240000,case-existing,case-existing
26455,BETM16-MG000,-19.900000,-44.240000,interpolated,topology-interp
26456,BETM16-MG013,-19.900000,-44.240000,interpolated,topology-interp
26457,BETIM6-MG138,-19.900000,-44.240000,case-existing,case-existing
26458,BETM26-MG000,-19.900000,-44.240000,interpolated,topology-interp
26459,BETM26-MG013,-19.900000,-44.240000,interpolated,topology-interp
26460,TIMOT2-MG230,-19.540000,-42.600000,case-existing,case-existing
26461,SARZED-MG345,-20.040000,-44.170000,case-existing,case-existing
26462,NEVE11-MG013,-19.820000,-44.100000,interpolated,topology-interp
26463,NEVE21-MG000,-19.820000,-44.100000,interpolated,topology-interp
26464,NEVE21-MG013,-19.820000,-44.100000,interpolated,topology-interp
26465,JUSCEL-MG500,-18.670000,-44.090000,case-existing,case-existing
26466,JUSCEL-MG000,-18.670000,-44.090000,interpolated,topology-interp
26469,JUSCEL-MG013,-18.670000,-44.090000,interpolated,topology-interp
26470,JUSCEL-MG345,-18.670000,-44.090000,case-existing,case-existing
26471,SLAG24-MG000,-19.520000,-44.320000,interpolated,topology-interp
26472,SLAG24-MG013,-19.520000,-44.320000,interpolated,topology-interp
26473,BARRE3-MG000,-20.000000,-43.990000,interpolated,topology-interp
26474,BARRE4-MG000,-20.000000,-43.990000,interpolated,topology-interp
26475,BARRE4-MG013,-20.000000,-43.990000,interpolated,topology-interp
26476,NEVE11-MG000,-19.820000,-44.100000,interpolated,topology-interp
26477,IPAT11-MG013,-19.440000,-42.560000,case-existing,case-existing
26478,BARRE3-MG013,-20.000000,-43.990000,interpolated,topology-interp
26479,OPRE2F-MG000,-20.300000,-43.760000,interpolated,topology-interp
26480,BARREISIN013,-20.000000,-43.990000,interpolated,topology-interp
26481,TIMOTE-MG013,-19.540000,-42.640000,case-existing,case-existing
26482,GVALD2-MG013,-18.850000,-41.980000,interpolated,topology-interp
26483,JANA3E-MG013,-15.952941,-43.368824,interpolated,topology-interp
26484,JANA3E-MG000,-15.952941,-43.368823,interpolated,topology-interp
26485,JANA3A-MG013,-15.920000,-43.330000,interpolated,topology-interp
26486,JANA3A-MG000,-15.920000,-43.330000,interpolated,topology-interp
26487,MALGR4-MG013,-18.800000,-49.000000,interpolated,topology-interp
26488,OPRE2E-MG013,-20.300000,-43.760000,interpolated,topology-interp
26490,MALGR3-MG000,-18.800000,-49.000000,interpolated,topology-interp
26491,TIMOT2-MG069,-19.540000,-42.600000,case-existing,case-existing
26492,NEVES5-MG138,-19.760000,-44.100000,case-existing,case-existing
26493,JANA3B-MG013,-15.920000,-43.330000,interpolated,topology-interp
26494,JANA3B-MG000,-15.920000,-43.330000,interpolated,topology-interp
26495,JANA3C-MG013,-15.920000,-43.330000,interpolated,topology-interp
26496,JANA3C-MG000,-15.920000,-43.330000,interpolated,topology-interp
26497,JANA3D-MG013,-15.920000,-43.330000,interpolated,topology-interp
26498,JANA3D-MG000,-15.920000,-43.330000,interpolated,topology-interp
26499,PARA4C-MG000,-17.070000,-47.110000,interpolated,topology-interp
26500,PARA4C-MG013,-17.070000,-47.110000,interpolated,topology-interp
26501,MALGR4-MG000,-18.800000,-49.000000,interpolated,topology-interp
26502,MALGR3-MG013,-18.800000,-49.000000,interpolated,topology-interp
26504,JAGUA--MG345,-20.010000,-47.440000,interpolated,topology-interp
26510,ITABI5-MG500,-19.600000,-43.330000,case-existing,case-existing
26511,ITABI5-MG000,-19.600000,-43.330000,interpolated,topology-interp
26512,ITABI5-MG013,-19.600000,-43.330000,interpolated,topology-interp
26513,ITABI5-MG230,-19.600000,-43.330000,case-existing,case-existing
26515,ITAB5B-MG000,-19.600000,-43.330000,interpolated,topology-interp
26516,ITAB5B-MG013,-19.600000,-43.330000,interpolated,topology-interp
26543,S.ANGE-MG138,-20.085957,-48.665106,interpolated,topology-interp
26544,S.ANGEUTE013,-19.960000,-48.700000,case-existing,case-existing
26570,BRAUN1-MG013,-19.113333,-42.726667,interpolated,topology-interp
26600,EMBORCSIN013,-18.460000,-47.990000,interpolated,topology-interp
26601,NPONTESIN013,-19.130000,-47.700000,interpolated,topology-interp
26602,VGRANDSIN013,-20.040000,-48.220000,interpolated,topology-interp
26603,IRAPE-SIN013,-16.730000,-42.570000,interpolated,topology-interp
26604,NPON31SIN013,-19.390000,-47.700000,interpolated,topology-interp
26605,NPON32SIN013,-19.390000,-47.700000,interpolated,topology-interp
26606,PARAC4SIN013,-17.070000,-47.110000,interpolated,topology-interp
26656,ITABT2-MG000,-20.330000,-43.780000,interpolated,topology-interp
26657,ITABT2-MG013,-20.330000,-43.780000,interpolated,topology-interp
26666,DEMETC-MG138,-19.940000,-44.020000,case-existing,case-existing
26668,VALLOU-MG138,-19.960000,-44.010000,case-existing,case-existing
26700,VPALM4-MG345,-17.580000,-44.640000,case-existing,case-existing
26739,JABOT1-MG138,-19.400000,-43.850000,case-existing,case-existing
26740,NLIM10-MG138,-20.100000,-43.980000,case-existing,case-existing
26741,BRUMD2-MG138,-20.140000,-44.030000,case-existing,case-existing
26742,SLAGO8-MG138,-19.440000,-44.350000,case-existing,case-existing
26743,SLAGO9-MG138,-19.490000,-44.260000,case-existing,case-existing
26744,CONTA6-MG138,-19.960000,-44.050000,case-existing,case-existing
26745,BARRE4-MG138,-19.970000,-44.010000,case-existing,case-existing
26746,ITAMIN-MG138,-20.070000,-44.120000,case-existing,case-existing
26747,PLEOP-UFV034,-19.390000,-43.820000,case-existing,case-existing
26748,MULTEC-MG138,-19.490000,-44.310000,case-existing,case-existing
26750,NLIMA5-MG138,-20.100000,-43.950000,case-existing,case-existing
26787,IBIRI2-MG138,-20.010000,-44.090000,case-existing,case-existing
26793,FBETIM-MG138,-19.950000,-44.130000,case-existing,case-existing
26798,NLIMA8-MG138,-20.170000,-43.970000,case-existing,case-existing
26820,BARRE3-MG138,-19.970000,-44.000000,case-existing,case-existing
26825,BARRIISIN013,-11.240000,-43.420000,interpolated,topology-interp
26829,MAGOTT-MG138,-19.950000,-44.030000,case-existing,case-existing
26832,SVERDB-MG138,-19.780000,-43.950000,case-existing,case-existing
26842,CCHAG1-MG138,-17.720000,-40.760000,case-existing,case-existing
26843,NANUQU-MG138,-17.830000,-40.370000,case-existing,case-existing
26844,ITING1-MG138,-16.730000,-41.890000,case-existing,case-existing
26845,JEQUI2-MG138,-16.583333,-41.396667,interpolated,topology-interp
26846,UFVJEQ-MG034,-16.480000,-41.150000,case-existing,case-existing
26847,FERROS-MG138,-19.200000,-43.050000,case-existing,case-existing
26848,JMONL5-MG069,-19.741250,-43.143750,interpolated,topology-interp
26894,MNOVA2-MG138,-17.200000,-42.580000,case-existing,case-existing
26900,CACHOEPCH013,-19.440000,-41.610000,case-existing,case-existing
26901,PIPOCAPCH013,-19.770000,-41.790000,case-existing,case-existing
26902,AREIABPCH013,-19.610000,-41.800000,case-existing,case-existing
26904,PAIOL-PCH013,-18.600000,-41.850000,case-existing,case-existing
26907,VARGINPCH013,-20.050000,-41.740000,case-existing,case-existing
26908,V.ALEGPCH013,-19.990000,-41.720000,case-existing,case-existing
26909,SGONCAPCH006,-19.810000,-43.270000,case-existing,case-existing
26910,BPACIEPCH013,-18.940000,-42.490000,case-existing,case-existing
26911,CGRADBPCH013,-18.950000,-42.530000,case-existing,case-existing
26912,MUCURIPCH013,-17.600000,-40.990000,case-existing,case-existing
26914,ITABR2-MG069,-19.600000,-43.200000,case-existing,case-existing
26915,JMONL4-MG069,-19.741250,-43.143750,interpolated,topology-interp
26916,MONLE3-MG069,-19.810000,-43.190000,case-existing,case-existing
26917,NERA-1-MG069,-19.770000,-43.030000,case-existing,case-existing
26918,SGONCA-MG069,-19.810000,-43.230000,interpolated,topology-interp
26919,ITAB2--MG013,-19.600000,-43.200000,case-existing,case-existing
26920,ITABR3-MG069,-19.680000,-43.200000,case-existing,case-existing
26928,GVALA1-MG138,-18.860000,-41.960000,case-existing,case-existing
26930,ITAB2B-MG000,-19.600000,-43.200000,interpolated,topology-interp
26932,JMONL4-MG000,-19.775625,-43.126875,interpolated,topology-interp
26935,JMONL4-MG013,-19.775625,-43.126875,interpolated,topology-interp
26936,ITAB2A-MG013,-19.600000,-43.200000,interpolated,topology-interp
26939,CORFAB-MG069,-19.530000,-42.640000,case-existing,case-existing
26941,DURANDPCH013,-20.240000,-42.030000,interpolated,topology-interp
26942,DIVINOPCH013,-20.720000,-42.040000,interpolated,topology-interp
26943,CARATIPCH013,-19.820000,-42.320000,case-existing,case-existing
26944,INHAPIPCH013,-19.570000,-42.120000,interpolated,topology-interp
26945,PNVTOTPCH013,-20.470000,-43.090000,case-existing,case-existing
26972,CARANG-MG138,-20.720000,-42.040000,case-existing,case-existing
27001,MCLR2A-MG013,-16.670000,-43.820000,interpolated,topology-interp
27002,MCLR2A-MG000,-16.670000,-43.820000,interpolated,topology-interp
27003,MCLR2B-MG013,-16.670000,-43.820000,interpolated,topology-interp
27004,MCLR2B-MG000,-16.670000,-43.820000,interpolated,topology-interp
27005,DIVINO-MG138,-20.620000,-42.140000,case-existing,case-existing
27016,MCLAR5-MG138,-16.700000,-43.866667,interpolated,topology-interp
27027,ITABI5-MG138,-20.336000,-43.918000,interpolated,topology-interp
27032,CAPEL2-MG138,-17.710000,-42.500000,case-existing,case-existing
27034,ITABR6-MG069,-19.670625,-43.171875,interpolated,topology-interp
27051,IBIRAC-MG013,-20.310000,-47.080000,case-existing,case-existing
27055,MUCURI-MG138,-17.660000,-40.875000,interpolated,topology-interp
27057,FORTUNPCH013,-18.890000,-42.680000,case-existing,case-existing
27058,DGUANHPCH013,-19.070000,-42.890000,case-existing,case-existing
27059,JACAREPCH013,-19.000000,-42.950000,case-existing,case-existing
27060,SPORTOPCH013,-19.040000,-42.920000,case-existing,case-existing
27061,JACARE-MG138,-18.900000,-42.955000,interpolated,topology-interp
27062,VGRAN1-MG138,-21.694066,-42.638609,interpolated,topology-interp
27063,OBRAN1-MG138,-20.530000,-43.690000,case-existing,case-existing
27065,OPRE1A-MG138,-20.400000,-43.510000,case-existing,case-existing
27077,ITABI3-MG138,-20.242000,-43.946000,interpolated,topology-interp
27108,GVAL21-MG000,-18.850000,-41.980000,interpolated,topology-interp
27109,GVAL21-MG013,-18.850000,-41.980000,interpolated,topology-interp
27110,GVAL22-MG000,-18.850000,-41.980000,interpolated,topology-interp
27111,GVAL22-MG013,-18.850000,-41.980000,interpolated,topology-interp
27118,OPRET3-MG138,-20.350000,-43.640000,interpolated,topology-interp
27145,CARAN3-MG138,-20.950000,-43.800000,case-existing,case-existing
27153,MURTIN-MG138,-20.550000,-43.820000,case-existing,case-existing
27154,BURNIE-MG138,-20.370000,-43.770000,interpolated,topology-interp
27155,GERBUR-MG138,-20.440000,-43.780000,case-existing,case-existing
27156,CONGO3-MG138,-20.390000,-43.840000,interpolated,topology-interp
27157,CSNCON-MG138,-20.480000,-43.920000,case-existing,case-existing
27171,BARBA1-MG138,-21.210000,-43.780000,case-existing,case-existing
27186,VMZJF--MG138,-21.700000,-43.480000,case-existing,case-existing
27203,JEQERI-MG138,-20.400000,-42.700000,case-existing,case-existing
27210,VICOS2-MG138,-20.720000,-42.880000,case-existing,case-existing
27212,CONGO2-MG138,-20.430000,-43.890000,interpolated,topology-interp
27217,OPRET5-MG138,-20.340000,-43.650000,case-existing,case-existing
27226,ANGLOF-MG138,-20.340000,-42.560000,case-existing,case-existing
27228,NRIVLI-MG138,-21.220000,-43.740000,case-existing,case-existing
27231,RPARA2-MG138,-19.210000,-46.110000,case-existing,case-existing
27232,CANAP1-MG138,-18.870000,-49.263333,interpolated,topology-interp
27233,CANAP2UTE013,-18.880000,-49.270000,case-existing,case-existing
27234,SERYA--MG138,-19.590000,-47.070000,case-existing,case-existing
27235,ITAPA1-MG138,-19.900000,-49.360000,case-existing,case-existing
27236,ARAGU4-MG138,-18.670000,-48.160000,case-existing,case-existing
27237,PATRC3-MG138,-19.020000,-46.820000,case-existing,case-existing
27238,CDOUR2-MG138,-18.580000,-49.510000,case-existing,case-existing
27241,C.ALTO-MG138,-19.343333,-46.110000,interpolated,topology-interp
27245,CVRDE2-MG138,-19.530000,-49.500000,case-existing,case-existing
27252,ITURA1-MG138,-19.720000,-50.190000,case-existing,case-existing
27255,VPONTA-MG138,-19.310000,-50.730000,case-existing,case-existing
27257,SVITOR-MG138,-18.850000,-50.120000,case-existing,case-existing
27258,MALGR1-MG000,-18.800000,-49.000000,interpolated,topology-interp
27260,PLANRA-MG138,-20.100000,-48.720000,case-existing,case-existing
27271,UBERL2-MG138,-18.860000,-48.280000,case-existing,case-existing
27273,SDIACA-MG138,-18.910000,-48.300000,case-existing,case-existing
27290,MALGR1-MG013,-18.800000,-49.000000,interpolated,topology-interp
27300,TIJUCOUTE013,-19.350000,-48.230000,case-existing,case-existing
27301,CCFLORUTE013,-19.810000,-48.730000,case-existing,case-existing
27302,MALAGOPCH013,-18.680000,-48.500000,case-existing,case-existing
27303,VPONTAUTE013,-19.520000,-50.660000,case-existing,case-existing
27304,ITUIUT-MG138,-18.960000,-49.450000,case-existing,case-existing
27305,ITURAMUTE013,-19.700000,-50.330000,case-existing,case-existing
27306,SJULIAUTE013,-19.300000,-47.460000,case-existing,case-existing
27307,ITUIU-UTE013,-19.020000,-49.670000,case-existing,case-existing
27308,PIEDADPCH013,-18.690000,-49.010000,case-existing,case-existing
27310,CERRA1UTE013,-19.920000,-49.150000,case-existing,case-existing
27311,CRRADO-MG138,-19.955000,-49.102500,interpolated,topology-interp
27314,FRUTA1-MG138,-19.855000,-48.955000,interpolated,topology-interp
27330,PETRBL-MG138,-18.990000,-48.400000,case-existing,case-existing
27337,CGOMES-MG138,-19.650000,-48.970000,case-existing,case-existing
27340,SZCRUZ-MG138,-18.870000,-48.300000,case-existing,case-existing
27352,MALEG1-MG138,-18.930000,-48.700000,interpolated,topology-interp
27353,PRATA1-MG138,-19.300000,-48.930000,case-existing,case-existing
27354,PRATA2-MG138,-19.080000,-48.760000,case-existing,case-existing
27358,MALGR3-MG138,-18.820000,-48.663333,interpolated,topology-interp
27359,AROEIA-MG138,-18.790000,-48.636667,interpolated,topology-interp
27360,AROEIAUTE013,-18.760000,-48.610000,case-existing,case-existing
27361,UBERA9-MG138,-19.333333,-48.136667,interpolated,topology-interp
27371,ADMSAD-MG138,-18.900000,-48.380000,case-existing,case-existing
27373,UBRB10-MG138,-19.940000,-47.930000,case-existing,case-existing
27374,BALVORUTE013,-18.440000,-49.190000,case-existing,case-existing
27375,ARAGU3-MG138,-18.840000,-48.090000,case-existing,case-existing
27376,UBERA2UTE013,-19.390000,-47.820000,case-existing,case-existing
27377,UBERA2-MG138,-19.150000,-47.856667,interpolated,topology-interp
27378,UBER12-MG138,-19.050000,-47.895000,interpolated,topology-interp
27379,NPONT2-MG138,-19.150000,-47.700000,case-existing,case-existing
27380,UBER11-MG138,-19.840000,-47.890000,case-existing,case-existing
27384,LFRMS2-MG138,-18.810000,-46.420000,case-existing,case-existing
27390,GALVAN-MG138,-18.280000,-46.860000,case-existing,case-existing
27404,COROM2-MG138,-18.640000,-46.890000,case-existing,case-existing
27408,UBERL9-MG138,-18.970000,-48.340000,case-existing,case-existing
27409,DIVIN3-MG138,-20.130000,-44.820000,case-existing,case-existing
27411,PTEMP2-MG138,-21.860000,-44.510000,case-existing,case-existing
27441,NSERR2-MG138,-19.860000,-44.970000,case-existing,case-existing
27462,PMASCA-MG138,-19.430000,-43.830000,interpolated,topology-interp
27463,ALAGO3-MG138,-22.165000,-44.860000,interpolated,topology-interp
27499,PIUMHI-MG138,-20.490000,-45.980000,case-existing,case-existing
27500,BAMBUIUTE013,-20.090000,-46.040000,case-existing,case-existing
27501,LPRATA-MG138,-20.030000,-45.550000,case-existing,case-existing
27502,LDC---UTE013,-20.070000,-45.540000,case-existing,case-existing
27503,CAJURUPCH013,-20.240000,-44.750000,case-existing,case-existing
27511,ITATI1-MG138,-20.056667,-44.660000,interpolated,topology-interp
27526,ITATI2-MG138,-20.063334,-44.750003,interpolated,topology-interp
27548,USIMIN-MG138,-20.063333,-44.750000,interpolated,topology-interp
27549,HEINKE-MG138,-20.700000,-46.570000,case-existing,case-existing
27557,SSOEST-MG138,-20.270000,-44.990000,case-existing,case-existing
27562,COTEMI-MG138,-16.700000,-43.840000,case-existing,case-existing
27565,LAFARG-MG138,-16.680000,-43.880000,case-existing,case-existing
27571,JPINH2-MG138,-17.060000,-46.140000,case-existing,case-existing
27572,UNAI5--MG138,-16.362216,-46.548834,interpolated,topology-interp
27573,BURIT1-MG138,-16.324467,-46.207985,interpolated,topology-interp
27574,URUCU1-MG138,-16.286658,-45.866591,interpolated,topology-interp
27575,PARC12-MG138,-17.140000,-46.820000,case-existing,case-existing
27577,VPALM9-MG138,-17.836082,-45.045817,interpolated,topology-interp
27579,BURIZ6-MG138,-17.389154,-45.022749,interpolated,topology-interp
27580,CRIAC-UFV034,-17.420000,-44.970000,case-existing,case-existing
27581,TMARI4-MG138,-18.130615,-45.547573,interpolated,topology-interp
27583,MCLAR7-MG138,-16.896667,-44.130000,interpolated,topology-interp
27584,BESPA-UFV034,-16.730000,-44.060000,case-existing,case-existing
27585,PCHIQ2-MG138,-16.786667,-44.993333,interpolated,topology-interp
27586,PCHIQ-UFV034,-16.660000,-45.010000,case-existing,case-existing
27587,JPINH6-MG138,-17.232488,-45.692749,interpolated,topology-interp
27588,JPINH-UFV034,-17.230000,-45.860000,case-existing,case-existing
27590,PARAC7-MG138,-16.960000,-46.480000,case-existing,case-existing
27591,PARAC2-MG138,-17.450000,-46.690000,case-existing,case-existing
27592,URUCU2-MG138,-16.248898,-45.525636,interpolated,topology-interp
27602,SSALIT-MG138,-19.070000,-46.720000,case-existing,case-existing
27608,MCLAR4-MG138,-16.760000,-43.900000,case-existing,case-existing
27619,FRNSA2-MG138,-16.190000,-43.570000,case-existing,case-existing
27620,FORMG2-MG138,-20.440000,-45.450000,case-existing,case-existing
27621,SROMAO-MG138,-16.360000,-45.100000,case-existing,case-existing
27630,PORTEI-MG138,-15.760000,-43.050000,case-existing,case-existing
27684,CONFI1-MG138,-19.640000,-43.990000,case-existing,case-existing
27687,LONTRA-MG138,-15.930000,-44.310000,case-existing,case-existing
27694,FRNSA3-MG138,-16.460000,-43.680000,case-existing,case-existing
27695,SERRAN-MG138,-19.870000,-44.000000,case-existing,case-existing
27700,BEVAP-UTE013,-17.060000,-46.180000,case-existing,case-existing
27701,BEVAP--MG138,-17.060000,-46.180000,case-existing,case-existing
27702,SJUDASUTE013,-15.200000,-43.880000,case-existing,case-existing
27704,DVAP--UTE013,-17.120000,-46.660000,case-existing,case-existing
27742,VPALM2-MG138,-17.550000,-44.760000,case-existing,case-existing
27743,VPALM7-MG138,-17.618184,-45.077807,interpolated,topology-interp
27744,VPALM3-MG138,-17.810000,-44.916667,interpolated,topology-interp
27745,VPALM5-MG138,-17.507647,-44.816471,interpolated,topology-interp
27746,UNAI7--MG138,-16.490000,-47.280000,case-existing,case-existing
27748,PARAC8-MG138,-17.100000,-46.610000,case-existing,case-existing
27750,PIRAP4-MG138,-17.447647,-44.817647,interpolated,topology-interp
27776,VGRANDUTE013,-19.980000,-48.260000,case-existing,case-existing
27777,MONJOL-MG138,-18.320000,-44.020000,interpolated,topology-interp
27778,SAGULHPCH013,-18.360000,-43.960000,case-existing,case-existing
27779,ENERVAUTE013,-17.060000,-46.180000,case-existing,case-existing
27780,ALPARG-MG138,-16.680000,-43.870000,case-existing,case-existing
27782,PCAL1B-MG138,-21.794000,-46.517333,interpolated,topology-interp
27850,BARRE2-MG013,-20.000000,-43.990000,interpolated,topology-interp
27851,SVITORUTE013,-18.780000,-50.230000,case-existing,case-existing
27852,BARRE2-MG000,-20.000000,-43.990000,interpolated,topology-interp
27900,ALVORAUTE013,-21.290000,-46.810000,case-existing,case-existing
27901,MALEGRUTE013,-21.390000,-46.250000,case-existing,case-existing
27902,NAGUIAPCH013,-22.490000,-45.330000,case-existing,case-existing
27903,PFUNDOPCH013,-21.810000,-46.140000,case-existing,case-existing
27908,EMEDES-MG138,-21.600000,-45.560000,case-existing,case-existing
27910,VARGI4-MG345,-21.510000,-45.400000,case-existing,case-existing
27911,PALGR4-MG138,-22.310000,-45.900000,case-existing,case-existing
27913,VARGI4-MG138,-21.510000,-45.400000,case-existing,case-existing
27922,VARG4A-MG013,-21.510000,-45.400000,interpolated,topology-interp
27923,VARG4A-MG000,-21.510000,-45.400000,interpolated,topology-interp
27924,COQUEI-MG138,-21.190000,-45.460000,case-existing,case-existing
27928,VARG4B-MG013,-21.510000,-45.400000,interpolated,topology-interp
27929,VARG4B-MG000,-21.510000,-45.400000,interpolated,topology-interp
27930,ILICIN-MG138,-20.950000,-45.820000,case-existing,case-existing
27934,PIMENA-MG000,-20.470000,-45.790000,interpolated,topology-interp
27935,PIMENB-MG000,-20.470000,-45.790000,interpolated,topology-interp
27950,SDUMO2CER013,-21.470000,-43.530000,interpolated,topology-interp
28251,AÇUPOR-RJ000,-21.840000,-41.160000,interpolated,topology-interp
28252,CRUZAMPCH013,-21.070000,-41.720000,case-existing,case-existing
28253,MACABUPCH013,-22.140000,-42.100000,case-existing,case-existing
28254,AÇUPOR-RJ013,-21.840000,-41.160000,interpolated,topology-interp
28255,STROSAPCH013,-22.120000,-42.310000,case-existing,case-existing
28256,PIABANPCH013,-22.210000,-43.140000,case-existing,case-existing
28257,CAJU--PCH013,-21.900000,-42.050000,case-existing,case-existing
28258,S.S.ALPCH013,-21.940000,-42.090000,case-existing,case-existing
28259,S.ANTOPCH013,-22.140000,-42.350000,case-existing,case-existing
28261,NITRIF-RJ138,-22.720000,-43.240000,case-existing,case-existing
28262,POLIBR-RJ138,-22.720000,-43.240000,case-existing,case-existing
28263,SCHIN--RJ069,-22.520000,-42.700000,case-existing,case-existing
28265,PTROF2-RJ138,-22.720000,-43.250000,case-existing,case-existing
28266,RIOPO2-RJ138,-22.720000,-43.240000,case-existing,case-existing
28267,TECAB--RJ138,-22.290000,-41.730000,case-existing,case-existing
28268,TEBIG--RJ138,-22.990000,-44.220000,case-existing,case-existing
28269,TECAM--RJ138,-22.710000,-43.250000,case-existing,case-existing
28270,MBR----RJ138,-23.010000,-44.040000,case-existing,case-existing
28271,COMPER-RJ138,-22.660000,-42.870000,case-existing,case-existing
28272,PTROF1-RJ138,-22.720000,-43.250000,case-existing,case-existing
28273,KLABIN-RJ069,-22.550000,-42.980000,case-existing,case-existing
28274,MAUA---RJ138,-21.940000,-42.270000,case-existing,case-existing
28275,MMX----RJ138,-21.820000,-41.020000,case-existing,case-existing
28276,AREAL-PCH013,-22.230000,-43.080000,case-existing,case-existing
28277,FAGUNDPCH013,-22.220000,-43.170000,case-existing,case-existing
28278,MPAUL1-RJ138,-22.880000,-43.030000,case-existing,case-existing
28279,MPAUL2-RJ138,-22.880000,-43.030000,case-existing,case-existing
28280,ITAMAR-RJ138,-22.432156,-43.137698,interpolated,topology-interp
28281,ITAMBI-RJ138,-22.720000,-42.950000,case-existing,case-existing
28282,GBRAN2-RJ138,-22.830000,-43.040000,case-existing,case-existing
28283,INGA2--RJ138,-22.900000,-43.120000,case-existing,case-existing
28284,PIRATI-RJ138,-22.940000,-43.050000,case-existing,case-existing
28285,NEVES--RJ138,-22.850000,-43.100000,case-existing,case-existing
28300,VDP.AM-RJ138,-22.760000,-42.840000,case-existing,case-existing
28301,VPEDR4-RJ069,-22.696667,-42.760000,interpolated,topology-interp
28302,VPEDR3-RJ069,-22.830000,-42.835000,interpolated,topology-interp
28303,MARICA-RJ069,-22.900000,-42.830000,case-existing,case-existing
28304,TANGUA-RJ069,-22.750000,-42.720000,case-existing,case-existing
28305,RBONIT-RJ069,-22.710000,-42.630000,case-existing,case-existing
28306,PAPUCA-RJ069,-22.580000,-42.720000,case-existing,case-existing
28307,CMACAC-RJ069,-22.480000,-42.660000,case-existing,case-existing
28308,PMODEL-RJ069,-22.550000,-42.980000,case-existing,case-existing
28309,INOAA--RJ069,-22.855250,-43.024500,interpolated,topology-interp
28310,INOA---RJ069,-22.910000,-42.940000,case-existing,case-existing
28376,SAMARO-RJ138,-21.788889,-41.252222,interpolated,topology-interp
28377,CBIUNA-RJ138,-22.300000,-41.720000,case-existing,case-existing
28379,ACUTAP-RJ138,-21.797222,-41.165556,interpolated,topology-interp
28403,MACAE--RJ069,-22.370000,-41.790000,case-existing,case-existing
28411,MACAE--RJ034,-22.370000,-41.790000,case-existing,case-existing
28426,VVERDE-RJ069,-22.480000,-42.010000,case-existing,case-existing
28427,TAMOI2-RJ069,-22.620000,-42.000000,case-existing,case-existing
28428,RDOST--RJ069,-22.523225,-41.989702,interpolated,topology-interp
28429,ROSTRA-RJ069,-22.520000,-41.940000,case-existing,case-existing
28430,BACAXA-RJ069,-22.890000,-42.470000,case-existing,case-existing
28431,ARARUA-RJ069,-22.870000,-42.340000,case-existing,case-existing
28432,IGUABA-RJ069,-22.830000,-42.240000,case-existing,case-existing
28433,ARRA.C-RJ069,-22.960000,-42.030000,case-existing,case-existing
28434,C.FRIO-RJ069,-22.880000,-42.030000,case-existing,case-existing
28435,BUZIOS-RJ069,-22.780000,-41.920000,case-existing,case-existing
28436,NSAJUD-RJ069,-22.320000,-41.750000,case-existing,case-existing
28449,TAPSPA-RJ069,-22.835000,-42.080000,interpolated,topology-interp
28455,TAPEAR-RJ069,-22.837778,-42.213333,interpolated,topology-interp
28500,C.ABRE-RJ138,-22.480000,-42.190000,case-existing,case-existing
28502,NISSAN-RJ138,-22.440000,-44.380000,case-existing,case-existing
28503,LROVER-RJ138,-22.490000,-44.540000,case-existing,case-existing
28504,NISS1--RJ138,-22.456545,-44.399818,interpolated,topology-interp
28505,NISS2--RJ138,-22.456545,-44.399818,interpolated,topology-interp
28508,RESEND-RJ138,-22.500000,-44.520000,case-existing,case-existing
28510,TAPNU1-RJ138,-22.496250,-44.572500,interpolated,topology-interp
28511,TAPNU2-RJ138,-22.494000,-44.532000,interpolated,topology-interp
28512,MICHL2-RJ138,-22.488000,-44.544000,interpolated,topology-interp
28513,MICHL1-RJ138,-22.488750,-44.557500,interpolated,topology-interp
28514,VLKS1--RJ138,-22.439636,-44.369455,interpolated,topology-interp
28515,VLKS2--RJ138,-22.439636,-44.369455,interpolated,topology-interp
28516,GALV2--RJ138,-22.432364,-44.348545,interpolated,topology-interp
28517,VW-MAN-RJ138,-22.430000,-44.360000,case-existing,case-existing
28518,GALVAS-RJ138,-22.430000,-44.350000,case-existing,case-existing
28519,P.REAL-RJ138,-22.430000,-44.320000,case-existing,case-existing
28520,GUARDI-RJ138,-22.420000,-44.310000,case-existing,case-existing
28521,PEUGEO-RJ138,-22.420000,-44.340000,case-existing,case-existing
28522,GALV1--RJ138,-22.432364,-44.348545,interpolated,topology-interp
28523,GUAR1--RJ138,-22.427455,-44.326182,interpolated,topology-interp
28524,GUAR2--RJ138,-22.427455,-44.326182,interpolated,topology-interp
28528,ITATIA-RJ138,-22.490000,-44.560000,case-existing,case-existing
28700,CAMBUC-RJ069,-21.570000,-41.920000,case-existing,case-existing
28701,COLETO-RJ069,-22.015000,-42.132500,interpolated,topology-interp
28702,PADUA--RJ069,-21.560000,-42.170000,case-existing,case-existing
28703,PADUA--RJ138,-21.511579,-42.298421,interpolated,topology-interp
28710,B.JARD-RJ069,-22.160000,-42.430000,case-existing,case-existing
28720,TERESO-RJ034,-22.400000,-42.950000,case-existing,case-existing
28721,ITAORE-RJ138,-23.000000,-44.460000,case-existing,case-existing
28722,MAMBUC-RJ138,-23.030000,-44.540000,case-existing,case-existing
28723,RDOST2-RJ138,-22.555476,-42.096727,interpolated,topology-interp
28724,ACU-EN-RJ138,-21.850000,-41.030000,case-existing,case-existing
28725,BALEGR-RJ138,-22.260000,-42.320000,case-existing,case-existing
28726,FRIBUU-RJ138,-22.260000,-42.500000,interpolated,topology-interp
28727,GOITAC-RJ069,-21.830000,-41.280000,case-existing,case-existing
28728,OUTEIR-RJ069,-21.640000,-41.410000,case-existing,case-existing
28729,ECJOS--RJ069,-21.545000,-41.410000,interpolated,topology-interp
28730,V.NOVA-RJ069,-21.450000,-41.410000,case-existing,case-existing
28731,NATIVI-RJ069,-21.040000,-41.980000,case-existing,case-existing
28732,SFIDEL-RJ069,-21.650000,-41.740000,case-existing,case-existing
28733,PALATI-RJ069,-22.520000,-43.170000,case-existing,case-existing
28734,RDOST2-RJ069,-22.532900,-42.008810,interpolated,topology-interp
28735,SAMARO-RJ069,-21.839444,-41.231111,interpolated,topology-interp
28737,SBRAGA-RJ069,-21.890000,-41.210000,case-existing,case-existing
28750,POCFU-PCH006,-22.190000,-42.890000,case-existing,case-existing
28769,MOCOC4-SP138,-21.445173,-47.000386,interpolated,topology-interp
28771,MOCOC3-SP034,-21.370000,-46.950000,case-existing,case-existing
28808,D#CRYO-SP034,-22.670952,-47.038571,interpolated,topology-interp
28809,CRYOVA-SP034,-22.660000,-47.050000,case-existing,case-existing
28811,ITAPE9-SP138,-23.590000,-48.010000,case-existing,case-existing
28812,CBRAN5-SP138,-21.760000,-47.070000,case-existing,case-existing
28814,CACOND-SP011,-21.570000,-46.620000,case-existing,case-existing
28816,AMBEV--SP138,-22.710000,-47.010000,case-existing,case-existing
28817,DURAT2-SP138,-23.590000,-48.100000,case-existing,case-existing
28818,JAGUA5-SP138,-22.680000,-47.010000,case-existing,case-existing
28836,ITAPE4-SP138,-23.630000,-48.060000,case-existing,case-existing
28913,MOCOC5-SP138,-21.437082,-47.190077,interpolated,topology-interp
28914,IBMOCO-SP138,-21.419027,-47.176692,interpolated,topology-interp
28915,IBMOCOUTE013,-21.410000,-47.170000,case-existing,case-existing
29051,P.FIALCER013,-20.350000,-42.360000,interpolated,topology-interp
29052,CANAA--MG138,-20.680000,-42.620000,case-existing,case-existing
29053,MURIA3-MG138,-21.110000,-42.410000,case-existing,case-existing
29054,MSOARE-MG069,-20.250000,-41.890000,case-existing,case-existing
29055,B.BRA2-MG138,-21.450000,-42.400000,case-existing,case-existing
29056,CENTE2-RJ138,-22.194276,-42.386993,interpolated,topology-interp
29551,JACARE-SP069,-23.160000,-49.970000,case-existing,case-existing
29552,D#UJAC-SP069,-23.137818,-49.954727,interpolated,topology-interp
29553,UJACAR-SP069,-23.100000,-49.940000,case-existing,case-existing
29554,OURI2--SP069,-23.008000,-49.776000,interpolated,topology-interp
29555,IPAUS--SP069,-23.060000,-49.640000,case-existing,case-existing
29556,CHAVA--SP069,-23.050000,-49.700000,case-existing,case-existing
29557,USLUI--SP069,-22.940000,-49.780000,case-existing,case-existing
29559,IPMOC3UTE013,-21.410000,-47.170000,case-existing,case-existing
29561,SPTUR--SP069,-22.760000,-49.720000,case-existing,case-existing
29562,SCRPA--SP069,-22.900000,-49.620000,case-existing,case-existing
29563,BCAMP--SP069,-23.020000,-49.470000,case-existing,case-existing
29566,SBERT--SP069,-23.130000,-49.335714,interpolated,topology-interp
29567,SBERT--SP034,-23.070001,-49.281428,interpolated,topology-interp
29568,MANDU--SP034,-23.010000,-49.310000,case-existing,case-existing
29569,D#CCE--SP034,-23.040000,-49.212857,interpolated,topology-interp
29570,D#ASB--SP034,-23.010000,-49.197143,interpolated,topology-interp
29571,ASTBA--SP034,-22.890000,-49.240000,case-existing,case-existing
29572,CCESA--SP034,-23.040000,-49.160000,case-existing,case-existing
29574,GSAIT--SP034,-23.130000,-49.040000,interpolated,topology-interp
29575,D#CER--SP034,-23.130000,-49.040000,interpolated,topology-interp
29576,CERIP--SP034,-23.130000,-49.040000,interpolated,topology-interp
29577,D#ARA--SP034,-23.130000,-49.040000,interpolated,topology-interp
29578,ARAND--SP034,-23.130000,-49.040000,interpolated,topology-interp
29579,MELIT--SP034,-23.130000,-49.040000,interpolated,topology-interp
29580,TAQBA--SP069,-23.530000,-49.250000,case-existing,case-existing
29581,AVARE1-SP138,-23.090000,-48.920000,case-existing,case-existing
29582,D#1SL--SP069,-22.920000,-49.710000,interpolated,topology-interp
29583,D#2SL--SP069,-22.974000,-49.778000,interpolated,topology-interp
29584,PIRAJ1-SP011,-23.251094,-49.278495,interpolated,topology-interp
29585,ITA2B--SP069,-23.424829,-49.150086,interpolated,topology-interp
29586,AUX.R1-SP034,-23.130000,-49.040000,interpolated,topology-interp
29587,AUX.R2-SP034,-23.040000,-49.295714,interpolated,topology-interp
29588,AUX.R3-SP034,-22.950000,-49.218571,interpolated,topology-interp
29589,JACER2-SP088,-23.160000,-49.970000,case-existing,case-existing
29590,JACR2A-SP069,-23.153455,-49.954182,interpolated,topology-interp
29591,JACR2B-SP069,-23.162545,-49.937818,interpolated,topology-interp
29592,D#JAC1-SP069,-23.174182,-49.889273,interpolated,topology-interp
29593,AUX1R4-SP034,-23.058000,-49.136000,interpolated,topology-interp
29594,AUX2R4-SP034,-23.094000,-49.088000,interpolated,topology-interp
29595,D#RONC-SP069,-23.425201,-49.047399,interpolated,topology-interp
29596,ITA2C--SP069,-23.423174,-49.033413,interpolated,topology-interp
29597,MANFRI-SP069,-22.870000,-49.600000,case-existing,case-existing
29600,CEC2---SP088,-23.020000,-49.160000,case-existing,case-existing
29601,CEC21Y-SP088,-23.037757,-49.054400,interpolated,topology-interp
29602,CCES2Y-SP088,-23.033118,-49.032883,interpolated,topology-interp
29603,PIRAJ--SP069,-23.190000,-49.390000,case-existing,case-existing
29604,D#TAQ--SP069,-23.338276,-49.293362,interpolated,topology-interp
29605,TAQUA--SP069,-23.400000,-49.340000,case-existing,case-existing
29606,SANTAN-SP069,-22.900000,-49.640000,case-existing,case-existing
29607,HOLAMB-SP069,-23.430000,-48.870000,case-existing,case-existing
29608,CEC2---SP034,-23.040000,-49.160000,case-existing,case-existing
29610,ACC2---SP069,-23.475334,-49.164833,interpolated,topology-interp
29611,CEREUR-SP069,-23.520000,-49.230000,case-existing,case-existing
29612,CERRON-SP069,-23.420000,-49.070000,case-existing,case-existing
29618,D#PIR3-SP138,-23.312189,-49.166990,interpolated,topology-interp
29619,SANTAN-SP034,-22.900000,-49.640000,interpolated,topology-interp
29620,ESTURV-SP034,-22.900000,-49.640000,interpolated,topology-interp
29624,CACON2-SP138,-21.570000,-46.620000,case-existing,case-existing
29851,BROTAS-SP138,-22.270000,-48.110000,case-existing,case-existing
29852,D#ARAR-SP138,-22.669652,-47.671512,interpolated,topology-interp
29853,D#NAZ1-SP138,-22.693218,-47.687170,interpolated,topology-interp
29854,MORUNG-SP138,-22.880000,-46.800000,case-existing,case-existing
29855,HYUNDA-SP138,-22.690000,-47.600000,case-existing,case-existing
29856,ARACAT-SP013,-21.190000,-50.470000,case-existing,case-existing
29857,BURIT-UTE013,-20.220000,-47.650000,case-existing,case-existing
29858,UTBROT-SP138,-22.336667,-48.083333,interpolated,topology-interp
29859,BROTA-UTE013,-22.350000,-48.110000,case-existing,case-existing
29861,PEDRA--SP138,-21.190000,-47.660000,interpolated,topology-interp
29862,ANHAGU-SP138,-20.483060,-47.836310,interpolated,topology-interp
29863,ANHANGPCH013,-20.490000,-47.860000,case-existing,case-existing
29864,SFRANC-SP138,-21.233333,-48.110000,interpolated,topology-interp
29865,SFRANCUTE013,-21.170000,-48.120000,case-existing,case-existing
29866,PEDRA-UTE013,-21.180000,-47.630000,case-existing,case-existing
29867,D#RES3-SP138,-20.526486,-47.476362,interpolated,topology-interp
29868,D#BATA-SP069,-20.916842,-47.494210,interpolated,topology-interp
29869,METROP-SP138,-21.180000,-47.820000,case-existing,case-existing
29871,D#HIPO-SP138,-22.321250,-49.060000,interpolated,topology-interp
29872,D2#AGU-SP138,-22.482815,-48.948571,interpolated,topology-interp
29873,D2#HIP-SP138,-22.391818,-48.994545,interpolated,topology-interp
29874,IACANG-SP034,-21.890000,-49.050000,case-existing,case-existing
29875,REGINO-SP034,-21.880000,-49.230000,case-existing,case-existing
29876,FAZEMU-SP034,-21.810000,-49.160000,case-existing,case-existing
29877,PONGAI-SP034,-21.740000,-49.360000,case-existing,case-existing
29878,CAFELA-SP034,-21.670000,-49.513333,interpolated,topology-interp
29879,D#AUST-SP138,-20.830973,-49.390855,interpolated,topology-interp
29880,AREALV-SP034,-22.020000,-48.920000,case-existing,case-existing
29881,YIACAN-SP034,-21.890000,-49.050000,interpolated,topology-interp
29882,IACAN-UTE013,-21.890000,-49.050000,case-existing,case-existing
29883,DOOSAN-SP138,-22.700000,-47.370000,case-existing,case-existing
29884,TEXFIB-SP138,-22.700000,-47.360000,interpolated,topology-interp
29885,D#ATHE-SP138,-21.248745,-48.392972,interpolated,topology-interp
29886,D#JABO-SP138,-21.201419,-48.407201,interpolated,topology-interp
29887,PATRIA-SP138,-21.200000,-47.850000,case-existing,case-existing
29888,D#REG3-SP138,-20.509459,-47.579088,interpolated,topology-interp
29889,GUANAB-SP138,-20.520000,-47.420000,case-existing,case-existing
29890,BATATA-SP069,-20.908421,-47.532105,interpolated,topology-interp
29891,D#NUPO-SP069,-20.727369,-47.666842,interpolated,topology-interp
29892,BRASKE-SP138,-22.710000,-47.130000,case-existing,case-existing
29893,D#MTM1-SP138,-22.936190,-47.317619,interpolated,topology-interp
29894,D#EFA1-SP138,-22.988571,-47.372857,interpolated,topology-interp
29895,D#AMI1-SP138,-22.690588,-47.504706,interpolated,topology-interp
29896,AMTALI-SP138,-22.660000,-47.520000,case-existing,case-existing
29897,D1#YHO-SP138,-22.826164,-47.220146,interpolated,topology-interp
29898,HONDA--SP138,-22.830000,-47.200000,case-existing,case-existing
29899,USJAGU-SP034,-22.848750,-46.905000,interpolated,topology-interp
29900,A.MOG-UTE013,-20.480000,-47.870000,case-existing,case-existing
29901,VIRALC-SP138,-20.942340,-48.187872,interpolated,topology-interp
29902,VIRAL1UTE013,-20.940000,-48.250000,case-existing,case-existing
29903,S.CRUZ-SP138,-21.770000,-48.120000,interpolated,topology-interp
29904,SCRUZ-UTE013,-21.750000,-48.080000,case-existing,case-existing
29905,COLORA-SP138,-20.227305,-48.280071,interpolated,topology-interp
29906,COLOR-UTE013,-20.280000,-48.190000,case-existing,case-existing
29907,CLEALC-SP138,-21.950000,-50.200000,interpolated,topology-interp
29908,CLEAL-UTE013,-21.800000,-50.210000,case-existing,case-existing
29909,VROSA-UTE013,-20.610000,-48.000000,case-existing,case-existing
29910,D#S.AN-SP138,-21.196203,-47.954349,interpolated,topology-interp
29911,S.ANT-UTE013,-21.120000,-47.960000,case-existing,case-existing
29912,S.ANTO-SP138,-21.158103,-47.957176,interpolated,topology-interp
29914,CRZALT-SP138,-20.616842,-48.983155,interpolated,topology-interp
29915,CALTA1UTE013,-20.690000,-49.110000,case-existing,case-existing
29916,EQUIPA-SP138,-21.656000,-49.814000,interpolated,topology-interp
29917,EQI-IIUTE013,-21.640000,-49.840000,case-existing,case-existing
29918,D#ADEL-SP138,-21.371426,-48.350544,interpolated,topology-interp
29919,S.ADEL-SP138,-21.355713,-48.325272,interpolated,topology-interp
29920,S.ADE-UTE013,-21.340000,-48.300000,case-existing,case-existing
29921,SMART-UTE013,-21.320000,-48.120000,case-existing,case-existing
29922,BGRAND-SP138,-22.636250,-48.706250,interpolated,topology-interp
29923,BGRAN-UTE013,-22.630000,-48.750000,case-existing,case-existing
29924,USJOSE-SP138,-22.538750,-48.758750,interpolated,topology-interp
29925,SJOSE-UTE013,-22.490000,-48.790000,case-existing,case-existing
29926,COI+II-SP138,-21.155000,-48.755000,interpolated,topology-interp
29927,COLOM-UTE013,-21.210000,-48.840000,case-existing,case-existing
29928,RUETTE-SP138,-21.070000,-48.695000,interpolated,topology-interp
29929,RUETT-UTE013,-21.040000,-48.720000,case-existing,case-existing
29930,SMBIO-UTE013,-21.320000,-48.120000,case-existing,case-existing
29931,SELISA-SP138,-21.097872,-48.068298,interpolated,topology-interp
29932,SELIS-UTE013,-21.110000,-48.080000,case-existing,case-existing
29933,D#MAND-SP138,-20.506301,-48.236262,interpolated,topology-interp
29934,GUAMD--SP138,-20.493150,-48.323131,interpolated,topology-interp
29935,MANDU-UTE013,-20.480000,-48.410000,case-existing,case-existing
29936,D#MIV--SP138,-20.487411,-48.484701,interpolated,topology-interp
29937,D#FRIG-SP138,-20.529137,-48.534900,interpolated,topology-interp
29938,FRIG.M-SP138,-20.550000,-48.560000,case-existing,case-existing
29939,D#GAV--SP138,-20.413097,-48.319202,interpolated,topology-interp
29940,D#IPU--SP138,-20.462544,-47.989521,interpolated,topology-interp
29941,GUAIR--SP138,-20.431880,-48.172908,interpolated,topology-interp
29942,GUAIR-UTE013,-20.420000,-48.210000,case-existing,case-existing
29943,D#SCOL-SP138,-20.635000,-48.552500,interpolated,topology-interp
29944,SJCOLI-SP138,-20.647499,-48.541250,interpolated,topology-interp
29945,SJCOL-UTE013,-20.660000,-48.530000,case-existing,case-existing
29946,D#2JA4-SP138,-22.379174,-48.551273,interpolated,topology-interp
29947,D#1BBO-SP138,-22.463339,-48.563018,interpolated,topology-interp
29948,D#2BBO-SP138,-22.463339,-48.563018,interpolated,topology-interp
29949,CEVASA-SP138,-20.777572,-47.467330,interpolated,topology-interp
29950,CEVAS-UTE013,-20.750000,-47.430000,case-existing,case-existing
29951,D#TAIU-SP138,-21.103383,-48.432829,interpolated,topology-interp
29952,NARDIN-SP138,-21.150000,-48.680000,interpolated,topology-interp
29953,NARDI-UTE013,-21.200000,-48.690000,case-existing,case-existing
29954,SCANDI-SP138,-21.946502,-48.478561,interpolated,topology-interp
29955,SCAND-UTE013,-22.100000,-48.480000,case-existing,case-existing
29956,D#PEDR-SP069,-21.207692,-47.670000,interpolated,topology-interp
29957,UPEDRA-SP069,-21.193846,-47.650000,interpolated,topology-interp
29958,UPEDR-UTE013,-21.180000,-47.630000,case-existing,case-existing
29962,RAFAR-UTE013,-23.010000,-47.530000,case-existing,case-existing
29963,USSGRA-SP034,-22.903750,-46.915000,interpolated,topology-interp
29964,CPINT-UTE013,-22.630000,-47.680000,case-existing,case-existing
29965,LWARCEUTE013,-22.550000,-48.810000,case-existing,case-existing
29966,RAFARD-SP138,-22.910000,-47.470000,interpolated,topology-interp
29967,ESTER-UTE013,-22.660000,-47.210000,case-existing,case-existing
29968,IBTIUV-SP138,-20.957500,-48.228750,interpolated,topology-interp
29969,IBTIV-UTE013,-21.000000,-48.290000,case-existing,case-existing
29970,BARRA-UTE013,-22.480000,-48.530000,case-existing,case-existing
29971,D#SGO1-SP138,-22.989524,-47.440952,interpolated,topology-interp
29972,US.CPI-SP138,-22.612595,-47.711737,interpolated,topology-interp
29973,VPARA2-SP138,-21.146266,-50.863012,interpolated,topology-interp
29974,DAMATA-SP138,-21.098217,-50.851283,interpolated,topology-interp
29975,MATA--UTE013,-21.050000,-50.840000,case-existing,case-existing
29976,BIOPAV-SP138,-21.207002,-50.028969,interpolated,topology-interp
29977,BI+CH-UTE013,-21.206938,-50.029021,interpolated,topology-interp
29978,CERRDB-SP138,-21.186849,-49.452344,interpolated,topology-interp
29979,CERRD-UTE013,-21.110000,-49.320000,case-existing,case-existing
29980,JBS---UTE013,-21.670000,-49.790000,case-existing,case-existing
29981,BIOEB--SP138,-21.453213,-48.344022,interpolated,topology-interp
29982,BONFI-UTE013,-21.410000,-48.280000,case-existing,case-existing
29983,#1USES-SP138,-22.668322,-47.192407,interpolated,topology-interp
29984,US.EST-SP138,-22.665625,-47.198189,interpolated,topology-interp
29985,D#DIC1-SP138,-22.985000,-47.110000,interpolated,topology-interp
29986,D#MER1-SP138,-22.990000,-47.125000,interpolated,topology-interp
29987,SIFCO--SP138,-22.990000,-47.140000,case-existing,case-existing
29988,CAMPCE-SP138,-22.900000,-47.060000,case-existing,case-existing
29989,PALMEI-SP138,-20.504904,-47.687440,interpolated,topology-interp
29990,RETIRO-SP138,-20.397221,-47.883512,interpolated,topology-interp
29991,PALME-UHE006,-20.550000,-47.810000,case-existing,case-existing
29992,RETIR-UHE006,-20.440000,-47.890000,case-existing,case-existing
29993,D#CRCO-SP138,-22.935169,-46.904045,interpolated,topology-interp
29994,D#CRUZ-SP138,-22.983596,-46.846292,interpolated,topology-interp
29995,D#VAL1-SP138,-22.917072,-46.979063,interpolated,topology-interp
29996,D#VAL2-SP138,-22.912584,-46.952022,interpolated,topology-interp
29997,D#SAE1-SP138,-22.972000,-46.972000,interpolated,topology-interp
29998,D#SAE2-SP138,-22.972000,-46.974000,interpolated,topology-interp
29999,D#SACI-SP138,-22.984000,-47.034000,interpolated,topology-interp
30000,D#EATO-SP138,-22.984000,-47.038000,interpolated,topology-interp
30001,D#MIRA-SP138,-20.842647,-49.462059,interpolated,topology-interp
30002,SANTA-PCH034,-22.930000,-46.900000,case-existing,case-existing
30003,JAGUARPCH006,-22.820000,-46.880000,case-existing,case-existing
30004,ARACAT-SP034,-21.125000,-50.465000,interpolated,topology-interp
30005,ARACAN-SP034,-20.940000,-50.500000,case-existing,case-existing
30006,ITAMBE-SP013,-22.230000,-49.930000,case-existing,case-existing
30007,NILIT--SP138,-22.700000,-47.360000,case-existing,case-existing
30008,D#MORU-SP138,-22.932921,-46.850112,interpolated,topology-interp
30009,PIRAC9-SP138,-22.670000,-47.600000,case-existing,case-existing
30010,ITAMBE-SP034,-22.335000,-49.925000,interpolated,topology-interp
30011,D#COL2-SP138,-20.343972,-48.666738,interpolated,topology-interp
30012,COLOM2-SP138,-20.300000,-48.770000,case-existing,case-existing
30013,MORLAN-SP138,-20.550000,-47.810000,case-existing,case-existing
30014,PINHALPCH006,-22.280000,-46.760000,case-existing,case-existing
30015,ELOY--PCH006,-22.260000,-46.720000,case-existing,case-existing
30016,SOCORRPCH006,-21.890000,-48.150000,case-existing,case-existing
30017,OCAUCU-SP034,-22.440000,-49.920000,case-existing,case-existing
30018,GAVIAO-SP034,-21.800000,-48.530000,interpolated,topology-interp
30019,TABATI-SP034,-21.730000,-48.680000,case-existing,case-existing
30020,AUXTR3-SP034,-22.890000,-48.430000,case-existing,case-existing
30021,PARDIN-SP034,-23.080000,-48.380000,case-existing,case-existing
30022,ITATIN-SP034,-23.100000,-48.610000,case-existing,case-existing
30023,D#ASUM-SP034,-22.907273,-48.425455,interpolated,topology-interp
30024,FSTAMO-SP034,-22.890000,-48.430000,case-existing,case-existing
30025,FASUMI-SP034,-22.890000,-48.430000,case-existing,case-existing
30026,D#1PIR-SP138,-22.681787,-47.650137,interpolated,topology-interp
30027,D#2PIR-SP138,-22.681772,-47.650253,interpolated,topology-interp
30028,D#STE2-SP138,-22.665316,-47.640759,interpolated,topology-interp
30029,D#BET1-SP138,-22.006667,-47.930476,interpolated,topology-interp
30030,D#2IBT-SP138,-21.982500,-47.946250,interpolated,topology-interp
30031,D#TECU-SP138,-21.983333,-47.913810,interpolated,topology-interp
30032,PROMIS-SP069,-21.750000,-49.680000,interpolated,topology-interp
30033,D#MRB1-SP138,-22.807131,-47.141239,interpolated,topology-interp
30034,D#MRB2-SP138,-22.807660,-47.140671,interpolated,topology-interp
30035,BVISTA-SP013,-21.997500,-47.898750,interpolated,topology-interp
30036,BVISTA-SP034,-21.965000,-47.887500,interpolated,topology-interp
30037,CPRET--SP034,-21.880000,-47.790000,case-existing,case-existing
30038,CPRET-PCH013,-24.040000,-49.460000,case-existing,case-existing
30039,SANTA--SP034,-22.017500,-47.973750,interpolated,topology-interp
30040,SANTA-PCH034 034kV-2,-22.070000,-48.060000,case-existing,case-existing
30041,D#C191-SP138,-22.824071,-47.155944,interpolated,topology-interp
30042,D#C192-SP138,-22.824298,-47.155701,interpolated,topology-interp
30043,CPS19--SP138,-22.850000,-47.140000,case-existing,case-existing
30044,D#PPT1-SP138,-22.770563,-47.098272,interpolated,topology-interp
30045,D#JDM1-SP138,-22.962761,-47.160071,interpolated,topology-interp
30046,D#JDM2-SP138,-22.965996,-47.160721,interpolated,topology-interp
30047,D#C181-SP138,-22.969104,-47.174028,interpolated,topology-interp
30048,D#C182-SP138,-22.970398,-47.174289,interpolated,topology-interp
30049,CPS18--SP138,-22.960000,-47.200000,case-existing,case-existing
30050,BOFETE-SP034,-23.090000,-48.270000,case-existing,case-existing
30051,D2#YAA-SP138,-22.523655,-48.901429,interpolated,topology-interp
30052,AMBEVA-SP138,-22.500000,-48.940000,case-existing,case-existing
30053,D#LWAR-SP138,-22.606667,-48.803333,interpolated,topology-interp
30054,D#BGE2-SP138,-22.836474,-47.057017,interpolated,topology-interp
30055,D#MDE1-SP138,-22.819423,-47.051052,interpolated,topology-interp
30056,D#MDE2-SP138,-22.819423,-47.051052,interpolated,topology-interp
30057,D#REG4-SP138,-20.509459,-47.579088,interpolated,topology-interp
30058,D#RES4-SP138,-20.526486,-47.476362,interpolated,topology-interp
30059,D#RPR1-SP138,-21.191250,-47.783750,interpolated,topology-interp
30060,D#RPR2-SP138,-21.191250,-47.783750,interpolated,topology-interp
30061,D#LEA1-SP138,-21.193750,-47.751250,interpolated,topology-interp
30062,D#LEA2-SP138,-21.193750,-47.751250,interpolated,topology-interp
30063,D1#EST-SP138,-22.367273,-49.058182,interpolated,topology-interp
30064,D2#EST-SP138,-22.343750,-49.080000,interpolated,topology-interp
30065,D#BET2-SP138,-22.007500,-47.928750,interpolated,topology-interp
30066,PITAN-UTE013,-21.050000,-48.270000,case-existing,case-existing
30067,VIRAL2UTE013,-20.940000,-48.250000,case-existing,case-existing
30068,79_331-SP138,-22.965000,-47.110000,interpolated,topology-interp
30069,79_332-SP138,-22.968794,-47.123937,interpolated,topology-interp
30070,D1#YTO-SP138,-22.719962,-47.332552,interpolated,topology-interp
30071,D#DEDN-SP138,-22.675882,-47.597059,interpolated,topology-interp
30072,D#2AER-SP138,-22.985199,-47.162144,interpolated,topology-interp
30073,D#1AER-SP138,-22.984552,-47.162014,interpolated,topology-interp
30074,AEROPO-SP138,-23.000000,-47.150000,case-existing,case-existing
30075,D2#IPE-SP138,-22.739113,-47.301726,interpolated,topology-interp
30076,D1#YUK-SP138,-22.756697,-47.265051,interpolated,topology-interp
30077,IBM----SP138,-22.900000,-47.200000,case-existing,case-existing
30078,D1#YKP-SP138,-22.762814,-47.253589,interpolated,topology-interp
30079,D2#YKP-SP138,-22.762559,-47.258249,interpolated,topology-interp
30080,D1#SUM-SP138,-22.804271,-47.234530,interpolated,topology-interp
30081,D2#SUM-SP138,-22.804186,-47.236083,interpolated,topology-interp
30082,D1#NVE-SP138,-22.793366,-47.218415,interpolated,topology-interp
30083,D2#NVE-SP138,-22.788597,-47.235980,interpolated,topology-interp
30084,D1#YEL-SP138,-22.802298,-47.211270,interpolated,topology-interp
30085,D2#YEL-SP138,-22.800504,-47.217871,interpolated,topology-interp
30086,D1#YPL-SP138,-22.813523,-47.205407,interpolated,topology-interp
30087,D2#YPL-SP138,-22.812927,-47.207602,interpolated,topology-interp
30088,D2#YTO-SP138,-22.720334,-47.332377,interpolated,topology-interp
30089,D1#CVE-SP138,-22.714964,-47.320566,interpolated,topology-interp
30090,D2#CVE-SP138,-22.716082,-47.320042,interpolated,topology-interp
30091,D1#IPE-SP138,-22.737209,-47.300705,interpolated,topology-interp
30092,D2#YUK-SP138,-22.762411,-47.268117,interpolated,topology-interp
30093,D#MORL-SP138,-20.656667,-47.916667,interpolated,topology-interp
30094,D1#YCC-SP138,-22.749658,-47.396622,interpolated,topology-interp
30095,D2#YCC-SP138,-22.750291,-47.396126,interpolated,topology-interp
30096,D1#ESM-SP138,-22.758975,-47.379866,interpolated,topology-interp
30097,D2#ESM-SP138,-22.760873,-47.378379,interpolated,topology-interp
30098,D1#YCB-SP138,-22.767265,-47.362977,interpolated,topology-interp
30099,D#1SJ2-SP138,-20.598584,-47.851885,interpolated,topology-interp
30100,D#2SJ2-SP138,-20.548584,-47.825219,interpolated,topology-interp
30101,D2#YCB-SP138,-22.772326,-47.359011,interpolated,topology-interp
30102,T#1CIL-SP138,-22.772822,-47.339064,interpolated,topology-interp
30103,T#2CIL-SP138,-22.775601,-47.327108,interpolated,topology-interp
30104,D1#OQD-SP138,-22.814481,-47.276330,interpolated,topology-interp
30105,D2#OQD-SP138,-22.810600,-47.297108,interpolated,topology-interp
30106,D1#YFO-SP138,-22.820215,-47.245491,interpolated,topology-interp
30107,D2#YFO-SP138,-22.822474,-47.233430,interpolated,topology-interp
30108,D2#YHO-SP138,-22.826916,-47.216124,interpolated,topology-interp
30111,D1#YJU-SP138,-22.787572,-47.317025,interpolated,topology-interp
30112,D2#YJU-SP138,-22.780898,-47.321392,interpolated,topology-interp
30113,D1#YOB-SP138,-22.779090,-47.313884,interpolated,topology-interp
30114,D2#YOB-SP138,-22.776587,-47.315522,interpolated,topology-interp
30115,D1#AME-SP138,-22.769697,-47.304628,interpolated,topology-interp
30116,D2#AME-SP138,-22.768862,-47.305174,interpolated,topology-interp
30117,D2#PI9-SP138,-22.676667,-47.530000,interpolated,topology-interp
30118,D1#C20-SP138,-22.857072,-47.019063,interpolated,topology-interp
30119,D#2C20-SP138,-22.857072,-47.019063,interpolated,topology-interp
30120,CPS20--SP138,-22.860000,-46.990000,case-existing,case-existing
30121,T1#GUA-SP138,-21.355713,-48.290272,interpolated,topology-interp
30122,T#2GUA-SP138,-21.312857,-48.187143,interpolated,topology-interp
30123,GUARIB-SP138,-21.340000,-48.230000,case-existing,case-existing
30124,D#1R13-SP138,-21.128611,-47.755378,interpolated,topology-interp
30125,D#2R13-SP138,-21.127072,-47.753516,interpolated,topology-interp
30126,RPRE13-SP138,-21.160000,-47.750000,case-existing,case-existing
30127,D#1JDN-SP138,-21.045826,-47.726139,interpolated,topology-interp
30128,D#2JDN-SP138,-21.041218,-47.720548,interpolated,topology-interp
30129,D#1BDQ-SP138,-20.988878,-47.663029,interpolated,topology-interp
30130,D#2BDQ-SP138,-20.976583,-47.648132,interpolated,topology-interp
30131,D#1BAT-SP138,-20.852686,-47.542879,interpolated,topology-interp
30132,D#2BAT-SP138,-20.917884,-47.591950,interpolated,topology-interp
30133,T#1YCV-SP138,-20.847727,-47.529636,interpolated,topology-interp
30134,T#2YCV-SP138,-20.734993,-47.442357,interpolated,topology-interp
30135,D#1PPA-SP138,-20.639074,-47.364181,interpolated,topology-interp
30136,D#2PPA-SP138,-20.622258,-47.349820,interpolated,topology-interp
30137,D#1DMT-SP138,-20.549964,-47.346860,interpolated,topology-interp
30138,D#2DMT-SP138,-20.544359,-47.342072,interpolated,topology-interp
30139,D#1PVE-SP138,-20.848230,-49.435641,interpolated,topology-interp
30140,D#2PVE-SP138,-20.848230,-49.435641,interpolated,topology-interp
30141,SJRP7--SP138,-20.830000,-49.390000,case-existing,case-existing
30142,#2BRAS-SP138,-22.755335,-47.122732,interpolated,topology-interp
30143,#1BRAS-SP138,-22.754848,-47.123767,interpolated,topology-interp
30144,BRASWE-SP138,-22.750000,-47.130000,case-existing,case-existing
30145,D#2EMS-SP138,-22.897377,-47.187134,interpolated,topology-interp
30146,D#1EMS-SP138,-22.895815,-47.188579,interpolated,topology-interp
30147,EMS----SP138,-22.890000,-47.190000,case-existing,case-existing
30148,UNICAM-SP138,-22.830000,-47.070000,case-existing,case-existing
30149,D#1YBM-SP138,-22.340081,-48.658374,interpolated,topology-interp
30150,COSAN--SP138,-22.370000,-48.690000,case-existing,case-existing
30151,D#1YIL-SP138,-22.340244,-48.705122,interpolated,topology-interp
30152,ABBRAS-SP138,-22.330000,-48.730000,case-existing,case-existing
30153,D#2IBM-SP138,-22.895792,-47.192378,interpolated,topology-interp
30154,D#1IBM-SP138,-22.892297,-47.196470,interpolated,topology-interp
30155,MARIL4-SP138,-22.240000,-49.980000,case-existing,case-existing
30156,GUAPI2-SP138,-20.830000,-49.360000,case-existing,case-existing
30157,FALPIN-SP138,-22.880000,-46.800000,case-existing,case-existing
30158,UNIUTE-SP138,-21.462888,-50.668327,interpolated,topology-interp
30159,UNIVALUTE013,-21.330000,-50.950000,case-existing,case-existing
30160,G.TAN-UTE013,-20.490000,-49.540000,case-existing,case-existing
30161,TANABY-SP138,-20.565779,-49.637096,interpolated,topology-interp
30164,D#ITA4-SP138,-23.017865,-46.838764,interpolated,topology-interp
30165,D#2BNV-SP138,-21.643376,-49.769215,interpolated,topology-interp
30166,D#1BNV-SP138,-21.643378,-49.769214,interpolated,topology-interp
30167,D#2TRP-SP138,-21.596715,-49.778439,interpolated,topology-interp
30168,D#1TRP-SP138,-21.596727,-49.778438,interpolated,topology-interp
30169,D#2PRO-SP138,-21.496900,-49.806083,interpolated,topology-interp
30170,D#1PRO-SP138,-21.496902,-49.806082,interpolated,topology-interp
30171,T#2RNO-SP138,-21.162103,-47.847176,interpolated,topology-interp
30172,D#1IPI-SP138,-21.178326,-47.854568,interpolated,topology-interp
30173,D#2IPI-SP138,-21.204203,-47.874349,interpolated,topology-interp
30174,D#1PET-SP138,-21.210812,-47.891414,interpolated,topology-interp
30175,D#1LOG-SP138,-21.163605,-47.883806,interpolated,topology-interp
30176,LOGUM--SP138,-21.140000,-47.880000,case-existing,case-existing
30177,D#2HOR-SP138,-22.874217,-47.253293,interpolated,topology-interp
30178,D#1HOR-SP138,-22.874242,-47.253365,interpolated,topology-interp
30179,T#2SUM-SP138,-22.872639,-47.229844,interpolated,topology-interp
30180,T#1SUM-SP138,-22.872742,-47.230135,interpolated,topology-interp
30181,BGASBOUTE013,-21.410000,-48.280000,case-existing,case-existing
30182,PREDILUTE013,-21.520000,-48.390000,interpolated,topology-interp
30183,D#2VVT-SP138,-21.026582,-49.339736,interpolated,topology-interp
30184,D#1VVT-SP138,-21.026582,-49.339736,interpolated,topology-interp
30185,ITATI4-SP138,-23.050000,-46.840000,case-existing,case-existing
30186,D#1IPA-SP138,-21.146000,-47.794000,interpolated,topology-interp
30187,D#2IPA-SP138,-21.140000,-47.796000,interpolated,topology-interp
30188,D#1VAL-SP138,-21.148000,-47.802000,interpolated,topology-interp
30189,D#2VAL-SP138,-21.164163,-47.832283,interpolated,topology-interp
30190,T#1RNO-SP138,-21.130000,-47.808000,interpolated,topology-interp
30191,D1#AMC-SP138,-20.794412,-49.376765,interpolated,topology-interp
30192,D2#AMC-SP138,-20.794412,-49.376765,interpolated,topology-interp
30193,D1#AER-SP138,-20.845000,-49.495000,interpolated,topology-interp
30194,D2#AER-SP138,-20.833333,-49.503333,interpolated,topology-interp
30195,AIRPRT-SP138,-20.820000,-49.490000,case-existing,case-existing
30196,BEBED3-SP138,-20.970000,-48.470000,case-existing,case-existing
30199,SERRA2-SP138,-21.209457,-47.732884,interpolated,topology-interp
30200,D#1SR2-SP138,-21.207778,-47.729144,interpolated,topology-interp
30201,D#2SR2-SP138,-21.211111,-47.736588,interpolated,topology-interp
30203,AMERI7-SP138,-22.700000,-47.300000,case-existing,case-existing
30204,AMERI-PCH006,-22.700000,-47.280000,case-existing,case-existing
30205,D#2GDY-SP138,-22.707915,-47.307741,interpolated,topology-interp
30206,D#1AM7-SP138,-22.709702,-47.295126,interpolated,topology-interp
30207,D#2AM7-SP138,-22.723491,-47.288663,interpolated,topology-interp
30208,#1CRIS-SP138,-22.474966,-46.710338,interpolated,topology-interp
30209,#2CRIS-SP138,-22.474966,-46.710338,interpolated,topology-interp
30210,CRISTA-SP138,-22.470000,-46.720000,case-existing,case-existing
30214,#1ITAP-SP138,-22.449747,-46.862686,interpolated,topology-interp
30215,#2ITAP-SP138,-22.449747,-46.862686,interpolated,topology-interp
30216,#1PRAD-SP138,-22.454841,-46.791063,interpolated,topology-interp
30217,#2PRAD-SP138,-22.454841,-46.791063,interpolated,topology-interp
30219,#1ASCS-SP138,-22.804456,-47.216135,interpolated,topology-interp
30220,#2ASCS-SP138,-22.802862,-47.222002,interpolated,topology-interp
30221,ASC-SU-SP138,-22.810000,-47.210000,case-existing,case-existing
30222,#1ASCH-SP138,-22.905147,-47.179265,interpolated,topology-interp
30223,#2ASCH-SP138,-22.906338,-47.179025,interpolated,topology-interp
30224,ASC-HO-SP138,-22.890000,-47.180000,case-existing,case-existing
30225,D#1MMA-SP138,-22.881076,-47.200834,interpolated,topology-interp
30226,D#2MMA-SP138,-22.880457,-47.199089,interpolated,topology-interp
30227,D#1AMT-SP138,-22.871241,-47.206904,interpolated,topology-interp
30228,D#2AMT-SP138,-22.871061,-47.206395,interpolated,topology-interp
30229,D#PIR1-SP138,-22.934775,-47.158483,interpolated,topology-interp
30230,D#PIR2-SP138,-22.937976,-47.158967,interpolated,topology-interp
30231,D#1CPI-SP138,-22.650380,-47.686952,interpolated,topology-interp
30232,D#2CPI-SP138,-22.669494,-47.672785,interpolated,topology-interp
30233,T#1UCP-SP138,-22.631487,-47.699345,interpolated,topology-interp
30234,T#2UCP-SP138,-22.576297,-47.755869,interpolated,topology-interp
30235,PIRA10-SP138,-22.680000,-47.720000,case-existing,case-existing
30236,D#1CJB-SP138,-22.776667,-47.970000,interpolated,topology-interp
30237,D#2CJB-SP138,-22.690000,-47.735000,interpolated,topology-interp
30238,D#1AN--SP138,-22.916250,-47.032500,interpolated,topology-interp
30239,D#2AN--SP138,-22.916250,-47.032500,interpolated,topology-interp
30240,D#1VA2-SP138,-22.938750,-47.037500,interpolated,topology-interp
30241,D#2VA2-SP138,-22.938750,-47.037500,interpolated,topology-interp
30242,D#1SU7-SP138,-22.828024,-47.178649,interpolated,topology-interp
30243,D#2SU7-SP138,-22.828099,-47.178568,interpolated,topology-interp
30244,#1ASCP-SP138,-22.797323,-47.127765,interpolated,topology-interp
30245,#2ASCP-SP138,-22.798682,-47.126304,interpolated,topology-interp
30246,ASC-PA-SP138,-22.800000,-47.130000,case-existing,case-existing
30247,#1SYNG-SP138,-22.746999,-47.146372,interpolated,topology-interp
30248,#2SYNG-SP138,-22.745624,-47.158871,interpolated,topology-interp
30249,SYNGEN-SP138,-22.750000,-47.150000,case-existing,case-existing
30250,ODATA--SP138,-22.900000,-47.190000,case-existing,case-existing
30251,#1ABL--SP138,-22.689341,-47.189036,interpolated,topology-interp
30252,#2ABL--SP138,-22.690036,-47.188272,interpolated,topology-interp
30253,ABL----SP138,-22.690000,-47.160000,case-existing,case-existing
30254,#1RHOD-SP138,-22.782321,-47.084400,interpolated,topology-interp
30255,#2RHOD-SP138,-22.782365,-47.084306,interpolated,topology-interp
30256,#1AIRL-SP138,-22.765745,-47.106008,interpolated,topology-interp
30257,#2AIRL-SP138,-22.765878,-47.105726,interpolated,topology-interp
30258,T#1LYC-SP138,-22.750128,-47.132469,interpolated,topology-interp
30259,T#2LYC-SP138,-22.747812,-47.149437,interpolated,topology-interp
30260,#1ORIO-SP138,-22.744549,-47.135734,interpolated,topology-interp
30261,#2ORIO-SP138,-22.745048,-47.134676,interpolated,topology-interp
30262,#1WMPA-SP138,-22.734850,-47.131911,interpolated,topology-interp
30263,#2WMPA-SP138,-22.735016,-47.131559,interpolated,topology-interp
30264,PAULI3-SP138,-22.700000,-47.140000,case-existing,case-existing
30265,#1PAU3-SP138,-22.726854,-47.122759,interpolated,topology-interp
30266,#2PAU3-SP138,-22.729950,-47.119431,interpolated,topology-interp
30267,T#1PAU-SP138,-22.742200,-47.153823,interpolated,topology-interp
30268,T#2PAU-SP138,-22.734888,-47.181762,interpolated,topology-interp
30269,#1PLAS-SP138,-22.737400,-47.161274,interpolated,topology-interp
30270,#2PLAS-SP138,-22.734963,-47.170587,interpolated,topology-interp
30271,#2INTP-SP138,-22.739060,-47.177178,interpolated,topology-interp
30272,#2USES-SP138,-22.668554,-47.192152,interpolated,topology-interp
30273,#2COSM-SP138,-22.711559,-47.212652,interpolated,topology-interp
30274,#1SANT-SP138,-22.704885,-47.273281,interpolated,topology-interp
30275,#2SABT-SP138,-22.705580,-47.272517,interpolated,topology-interp
30276,#1POLY-SP138,-22.714959,-47.305122,interpolated,topology-interp
30277,#2POLY-SP138,-22.715190,-47.304867,interpolated,topology-interp
30278,#1LIND-SP138,-22.530000,-46.650000,interpolated,topology-interp
30279,#2LIND-SP138,-22.510000,-46.635000,interpolated,topology-interp
30280,T#1SNE-SP138,-22.570000,-46.680000,interpolated,topology-interp
30281,T#2SNE-SP138,-22.636667,-46.713333,interpolated,topology-interp
30282,T#1TPT-SP138,-22.663333,-46.716667,interpolated,topology-interp
30283,T#2TPT-SP138,-22.700000,-46.750000,interpolated,topology-interp
30286,#1PIR2-SP138,-22.683333,-47.606667,interpolated,topology-interp
30287,#2PIR2-SP138,-22.693333,-47.613333,interpolated,topology-interp
30288,D2#MR4-SP138,-22.225455,-49.947818,interpolated,topology-interp
30289,D1#MR4-SP138,-22.224545,-49.924182,interpolated,topology-interp
30290,D2#ITB-SP138,-22.223636,-49.832545,interpolated,topology-interp
30291,DAEARC-SP034,-21.060000,-50.460000,case-existing,case-existing
30292,SA2TIE-SP034,-21.040000,-50.460000,case-existing,case-existing
30293,D#1TRN-SP138,-21.190514,-50.428695,interpolated,topology-interp
30294,D#2TRN-SP138,-21.190514,-50.428695,interpolated,topology-interp
30295,TRIANO-SP138,-21.170000,-50.450000,case-existing,case-existing
30296,D2#MIR-SP138,-20.842647,-49.462059,interpolated,topology-interp
30297,D1#COG-SP138,-20.815294,-49.424118,interpolated,topology-interp
30298,D2#COG-SP138,-20.815294,-49.424118,interpolated,topology-interp
30299,D1#SJN-SP138,-20.793235,-49.400294,interpolated,topology-interp
30300,D2#SJN-SP138,-20.793235,-49.400294,interpolated,topology-interp
30301,D1#EMB-SP138,-22.920000,-48.450000,interpolated,topology-interp
30302,DE#EMB-SP138,-22.920000,-48.450000,interpolated,topology-interp
30303,EBRAER-SP138,-22.920000,-48.450000,interpolated,topology-interp
30304,CALTA2UTE013,-20.616842,-48.983158,interpolated,topology-interp
30305,VERTET-SP138,-20.508421,-48.991579,interpolated,topology-interp
30306,VERTETUTE013,-20.400000,-49.000000,case-existing,case-existing
30307,SABINO-SP034,-21.460000,-49.580000,case-existing,case-existing
30308,POMPEI-SP034,-22.100000,-50.190000,interpolated,topology-interp
30309,HRCLAN-SP034,-22.100000,-50.190000,case-existing,case-existing
30310,AUXTR4-SP034,-22.959091,-48.411818,interpolated,topology-interp
30330,D#1BE3-SP138,-21.000468,-48.528505,interpolated,topology-interp
30331,D#2BE3-SP138,-21.000468,-48.528505,interpolated,topology-interp
30333,B.VIST-SP138,-20.940000,-48.076667,interpolated,topology-interp
30334,BVSTA-UTE013,-20.940000,-48.080000,case-existing,case-existing
30340,BAZAN-UTE013,-21.010000,-47.990000,case-existing,case-existing
30341,BGRAN2UTE013,-22.630000,-48.750000,case-existing,case-existing
30342,UBGRAN-SP138,-22.592750,-48.668947,interpolated,topology-interp
30345,D#1GET-SP138,-21.918750,-49.905000,interpolated,topology-interp
30346,D#2GET-SP138,-21.783333,-49.843333,interpolated,topology-interp
30347,GET-CP-SP138,-21.800000,-49.930000,case-existing,case-existing
30348,D#1TAR-SP138,-22.096250,-49.945000,interpolated,topology-interp
30349,D#2TAR-SP138,-22.076667,-49.923333,interpolated,topology-interp
30350,D#1GPC-SP138,-20.786667,-49.203333,interpolated,topology-interp
30351,D#2GPC-SP138,-20.748947,-49.231053,interpolated,topology-interp
30352,D#1GRP-SP138,-21.254974,-50.613883,interpolated,topology-interp
30353,D#2GU2-SP138,-21.254974,-50.613883,interpolated,topology-interp
30354,GUARP2-SP138,-21.240000,-50.650000,case-existing,case-existing
30355,BILAC--SP069,-21.400000,-50.490000,case-existing,case-existing
30356,JACI---SP069,-20.870000,-49.570000,case-existing,case-existing
30359,TANAB2-SP138,-20.630000,-49.650000,case-existing,case-existing
30362,JBONI2-SP138,-21.080000,-49.680000,case-existing,case-existing
30365,BADYBA-SP138,-20.900000,-49.450000,case-existing,case-existing
30366,VILAVE-SP034,-21.015000,-49.315000,interpolated,topology-interp
30367,POTI---SP034,-21.040000,-49.370000,case-existing,case-existing
30368,D#1BCL-SP138,-22.451670,-48.616509,interpolated,topology-interp
30369,D#2BCL-SP138,-22.451670,-48.616509,interpolated,topology-interp
30370,BRACEL-SP138,-22.440000,-48.670000,case-existing,case-existing
30374,D#1RPS-SP138,-21.213893,-47.764578,interpolated,topology-interp
30375,D#2RPS-SP138,-21.223905,-47.786935,interpolated,topology-interp
30376,FRA5B1-SP138,-20.460821,-47.306398,interpolated,topology-interp
30377,FRA5B2-SP138,-20.458959,-47.466664,interpolated,topology-interp
30378,D#3FR1-SP138,-20.496139,-47.475250,interpolated,topology-interp
30379,D#4FR1-SP138,-20.496139,-47.475250,interpolated,topology-interp
30392,D#2ASC-SP138,-23.063333,-47.011348,interpolated,topology-interp
30400,US.SJOPCH013,-20.580000,-47.780000,case-existing,case-existing
30410,UTELEN-SP138,-22.519125,-48.573421,interpolated,topology-interp
30411,UTELENUTE013,-22.520000,-48.640000,case-existing,case-existing
30412,#D1AGU-SP138,-22.445462,-48.998571,interpolated,topology-interp
30414,D1#YDA-SP138,-22.452731,-48.984286,interpolated,topology-interp
30415,D2#YDA-SP138,-22.467605,-48.962857,interpolated,topology-interp
30416,EVONIK-SP138,-22.700000,-47.360000,case-existing,case-existing
30417,D#1ALT-SP138,-20.920776,-47.602965,interpolated,topology-interp
30418,D#2ALT-SP138,-20.947232,-47.620038,interpolated,topology-interp
30419,ALTIN2-SP138,-20.920801,-47.602951,interpolated,topology-interp
30440,DALLAS-SP138,-22.765811,-47.105868,interpolated,topology-interp
30441,SCALAC-SP138,-22.786609,-47.110152,interpolated,topology-interp
30442,D#SCLC-SP138,-22.788380,-47.108255,interpolated,topology-interp
30443,D#SCLP-SP138,-22.784831,-47.112070,interpolated,topology-interp
30444,GLPCP--SP138,-22.837094,-47.147910,interpolated,topology-interp
30445,D#GLPC-SP138,-22.837131,-47.147872,interpolated,topology-interp
30446,D#GLPP-SP138,-22.837055,-47.147953,interpolated,topology-interp
30447,MSF03--SP138,-22.852069,-47.246237,interpolated,topology-interp
30448,D#MS03-SP138,-22.850115,-47.250394,interpolated,topology-interp
30449,D#MF03-SP138,-22.854023,-47.242079,interpolated,topology-interp
30450,MSF07--SP138,-22.870000,-47.290000,interpolated,topology-interp
30451,MSF11--SP138,-22.870000,-47.290000,interpolated,topology-interp
30452,D#MS11-SP138,-22.870000,-47.290000,interpolated,topology-interp
30453,D#MF11-SP138,-22.870000,-47.290000,interpolated,topology-interp
30454,ODATAH-SP138,-22.874230,-47.253329,interpolated,topology-interp
30455,SYNERG-SP138,-22.819423,-47.051052,interpolated,topology-interp
30456,SMARTC-SP138,-22.819423,-47.051052,interpolated,topology-interp
30457,GLPHOR-SP138,-22.871152,-47.206649,interpolated,topology-interp
30465,D#1SPM-SP138,-20.737250,-47.455690,interpolated,topology-interp
30466,D#2SPM-SP138,-20.692416,-47.417392,interpolated,topology-interp
30467,SAPMIR-SP138,-20.720000,-47.460000,case-existing,case-existing
30468,D#1BA4-SP138,-20.577499,-48.576251,interpolated,topology-interp
30470,BARRE4-SP138,-20.577500,-48.576250,interpolated,topology-interp
30490,ASCENT-SP138,-22.730000,-47.420000,interpolated,topology-interp
30497,D1#TAK-SP138,-22.820488,-47.244152,interpolated,topology-interp
30498,D2#TAK-SP138,-22.816491,-47.265603,interpolated,topology-interp
30499,D#1IBT-SP138,-21.980000,-47.951429,interpolated,topology-interp
30500,D#1GP2-SP138,-21.794335,-48.455707,interpolated,topology-interp
30501,D#2GP2-SP138,-21.804335,-48.392374,interpolated,topology-interp
30503,GAVPX2-SP138,-21.830000,-48.490000,case-existing,case-existing
30504,NVAEUR-SP034,-21.770000,-48.570000,case-existing,case-existing
30505,SMSERR-SP034,-22.560000,-47.900000,interpolated,topology-interp
30506,RIFAIN-SP069,-20.150000,-47.620000,interpolated,topology-interp
30507,D#1CRA-SP138,-21.311250,-47.642500,interpolated,topology-interp
30508,D#2CRA-SP138,-21.308000,-47.678000,interpolated,topology-interp
30509,D#1BES-SP069,-21.920000,-48.440000,interpolated,topology-interp
30510,D#2BES-SP069,-21.920000,-48.440000,interpolated,topology-interp
30511,SAOPED-SP034,-22.560000,-47.900000,interpolated,topology-interp
30512,BAURU5-SP138,-22.343750,-49.080000,interpolated,topology-interp
30513,D#1AR5-SP138,-21.184756,-50.364966,interpolated,topology-interp
30514,D#2AR5-SP138,-21.184756,-50.364966,interpolated,topology-interp
30515,ARACA5-SP138,-21.200000,-50.400000,case-existing,case-existing
30516,D#1AMY-SP138,-22.496393,-48.515787,interpolated,topology-interp
30517,D#2AMY-SP138,-22.496393,-48.515787,interpolated,topology-interp
30518,AMYRIS-SP138,-22.480000,-48.520000,case-existing,case-existing
30519,D#1PTR-SP138,-22.367236,-48.755285,interpolated,topology-interp
30520,D#2PTR-SP138,-22.361707,-48.745854,interpolated,topology-interp
30521,PTRACT-SP138,-22.364472,-48.750569,interpolated,topology-interp
30522,SBARB4-SP138,-22.791197,-47.314214,interpolated,topology-interp
30524,OLIMP2-SP138,-20.616842,-48.983158,interpolated,topology-interp
30526,GALIA--SP138,-22.220000,-49.670000,interpolated,topology-interp
30538,SJRP8--SP138,-20.748947,-49.231050,interpolated,topology-interp
30539,BIRIG4-SP138,-21.298718,-50.361455,interpolated,topology-interp
30540,D#1SSI-SP138,-21.403750,-47.507500,interpolated,topology-interp
30541,D#2SSI-SP138,-21.394000,-47.614000,interpolated,topology-interp
30542,TAKODA-SP138,-22.818505,-47.254887,interpolated,topology-interp
30543,GUAICA-SP138,-21.596752,-49.778431,interpolated,topology-interp
30544,D1#VA2-SP138,-21.461041,-50.491736,interpolated,topology-interp
30545,D2#VA2-SP138,-21.546813,-50.324366,interpolated,topology-interp
30546,VLPAR2-SP138,-21.504394,-50.406616,interpolated,topology-interp
30549,D1#BI4-SP138,-21.298703,-50.361374,interpolated,topology-interp
30550,D2#BI4-SP138,-21.298703,-50.361374,interpolated,topology-interp
30560,D#CAGB-SP138,-20.853801,-48.498505,interpolated,topology-interp
30561,CARGBB-SP138,-20.920000,-48.530000,case-existing,case-existing
30562,RIBP14-SP138,-21.257238,-47.861429,interpolated,topology-interp
30563,D#1R14-SP138,-21.273856,-47.898619,interpolated,topology-interp
30564,D#2R14-SP138,-21.240546,-47.824134,interpolated,topology-interp
30645,D#VIRA-SP138,-20.893801,-48.301838,interpolated,topology-interp
30646,D#PONT-SP138,-21.019362,-48.091489,interpolated,topology-interp
30647,D#STAE-SP138,-21.085745,-48.056596,interpolated,topology-interp
30649,MRAGUD-SP138,-20.870000,-48.160000,case-existing,case-existing
30650,TOYPFE-SP088,-23.220000,-47.470000,case-existing,case-existing
30651,D#1YTP-SP088,-23.220099,-47.451499,interpolated,topology-interp
30652,D#2YTP-SP088,-23.220343,-47.451030,interpolated,topology-interp
30653,ASCENV-SP138,-23.070000,-47.010000,case-existing,case-existing
30654,D#B2SR-SP088,-23.488570,-47.160842,interpolated,topology-interp
30655,D#B1SR-SP088,-23.440483,-47.174632,interpolated,topology-interp
30656,BCA1SR-SP088,-23.464658,-47.167524,interpolated,topology-interp
30657,T#1SRQ-SP088,-23.372227,-47.200411,interpolated,topology-interp
30658,D#2YPG-SP088,-23.531408,-47.180418,interpolated,topology-interp
30659,D#2MAI-SP088,-23.548902,-47.213161,interpolated,topology-interp
30660,D#1CAP-SP088,-23.400000,-47.640000,interpolated,topology-interp
30661,D#2CAP-SP088,-23.413548,-47.636774,interpolated,topology-interp
30662,D#1IN4-SP088,-23.129333,-47.246186,interpolated,topology-interp
30663,D#2IN4-SP088,-23.129146,-47.246163,interpolated,topology-interp
30664,INDAI4-SP088,-23.129198,-47.246189,interpolated,topology-interp
30665,INDAI1-SP088,-23.090000,-47.200000,case-existing,case-existing
30666,TOYOTA-SP088,-23.140000,-47.240000,case-existing,case-existing
30667,PFELIZ-SP088,-23.210000,-47.510000,case-existing,case-existing
30668,FEDRIG-SP088,-23.210000,-47.300000,case-existing,case-existing
30669,IMERY--SP088,-23.210000,-47.290000,case-existing,case-existing
30670,EUCATE-SP088,-23.210000,-47.280000,case-existing,case-existing
30671,P.GOES-SP088,-23.210000,-47.300000,case-existing,case-existing
30672,ITU-C1-SP088,-23.310000,-47.300000,case-existing,case-existing
30673,ITU-C2-SP088,-23.310000,-47.300000,case-existing,case-existing
30674,ZF-----SP088,-23.430000,-47.390000,case-existing,case-existing
30675,YPZZF2-SP088,-23.410000,-47.382000,interpolated,topology-interp
30676,JUNDI4-SP138,-23.150000,-47.000000,case-existing,case-existing
30677,JUNDI5-SP138,-23.150000,-46.870000,case-existing,case-existing
30678,LOU-C1-SP138,-23.090000,-46.950000,case-existing,case-existing
30679,LOU-C2-SP138,-23.090000,-46.950000,case-existing,case-existing
30680,CAPALT-SP088,-23.450000,-47.700000,case-existing,case-existing
30681,SCALAJ-SP088,-23.150000,-46.990000,interpolated,topology-interp
30682,SCHIN--SP088,-23.250000,-47.350000,case-existing,case-existing
30683,VINHE1-SP138,-23.030000,-46.980000,case-existing,case-existing
30684,VINHE2-SP138,-23.070000,-47.000000,case-existing,case-existing
30685,ARACAR-SP088,-23.430000,-47.090000,case-existing,case-existing
30686,D#1IN3-SP088,-23.147601,-47.240954,interpolated,topology-interp
30687,D#2IN3-SP088,-23.145162,-47.240648,interpolated,topology-interp
30688,INDAI3-SP088,-23.140000,-47.240000,case-existing,case-existing
30689,D#1SPI-SP088,-23.653205,-47.512639,interpolated,topology-interp
30690,D#2SPI-SP088,-23.653195,-47.512628,interpolated,topology-interp
30691,SPIRAP-SP088,-23.650000,-47.560000,case-existing,case-existing
30692,D#1SV3-SP088,-23.975243,-46.455613,interpolated,topology-interp
30693,D#2SV3-SP088,-23.975243,-46.455613,interpolated,topology-interp
30694,SVICE3-SP088,-23.970000,-46.470000,case-existing,case-existing
30695,ITU2---SP088,-23.270000,-47.260000,case-existing,case-existing
30696,D#1TOY-SP088,-23.139016,-47.242382,interpolated,topology-interp
30697,D#2TOY-SP088,-23.138077,-47.242264,interpolated,topology-interp
30698,D#1UNI-SP088,-23.115716,-47.210001,interpolated,topology-interp
30699,D#2UNI-SP088,-23.115716,-47.210001,interpolated,topology-interp
30700,UNILEV-SP088,-23.120000,-47.210000,case-existing,case-existing
30701,D#YDI1-SP088,-23.482484,-47.426289,interpolated,topology-interp
30702,D#YDI2-SP088,-23.478372,-47.427209,interpolated,topology-interp
30703,D#VTR1-SP088,-23.515013,-47.442533,interpolated,topology-interp
30704,D#VTR2-SP088,-23.506744,-47.444419,interpolated,topology-interp
30705,D#YAP1-SP088,-23.512462,-47.471344,interpolated,topology-interp
30706,D#YAP2-SP088,-23.506279,-47.467907,interpolated,topology-interp
30707,SIMUS1-SP088,-23.510000,-47.500000,case-existing,case-existing
30708,SIMUS2-SP088,-23.510000,-47.500000,case-existing,case-existing
30709,SOROC6-SP088,-23.470000,-47.550000,case-existing,case-existing
30710,REPRE2-SP088,-23.450000,-47.410000,case-existing,case-existing
30711,REPRE1-SP088,-23.450000,-47.410000,case-existing,case-existing
30712,SCHAEF-SP088,-23.430000,-47.410000,case-existing,case-existing
30713,D#YPU1-SP088,-23.453333,-47.433333,interpolated,topology-interp
30714,JOHNSO-SP088,-23.430000,-47.420000,case-existing,case-existing
30715,D#YEN1-SP088,-23.456667,-47.456667,interpolated,topology-interp
30716,D#YPC2-SP088,-23.428750,-47.428750,interpolated,topology-interp
30717,D#YPC1-SP088,-23.460000,-47.480000,interpolated,topology-interp
30718,D#YPF2-SP088,-23.436250,-47.446250,interpolated,topology-interp
30719,D#YPF1-SP088,-23.463333,-47.503333,interpolated,topology-interp
30720,SOROC5-SP088,-23.460000,-47.460000,case-existing,case-existing
30721,D#1SOR-SP088,-23.466667,-47.526667,interpolated,topology-interp
30722,D#SOR2-SP088,-23.502093,-47.459302,interpolated,topology-interp
30723,D#SOR1-SP088,-23.512546,-47.471368,interpolated,topology-interp
30724,SOROC4-SP088,-23.500000,-47.450000,case-existing,case-existing
30725,D#ALR1-SP088,-23.512412,-47.471470,interpolated,topology-interp
30726,DIXIE--SP088,-23.482511,-47.426279,interpolated,topology-interp
30727,VOTORA-SP088,-23.550000,-47.430000,case-existing,case-existing
30728,FALPIN-SP088,-23.550000,-47.440000,case-existing,case-existing
30729,SOROC1-SP088,-23.500000,-47.460000,case-existing,case-existing
30730,RBOSCH-SP088,-23.430000,-47.390000,case-existing,case-existing
30731,ARAMAR-SP088,-23.400000,-47.600000,case-existing,case-existing
30732,BOITU2-SP088,-23.350000,-47.620000,case-existing,case-existing
30733,BOITU1-SP088,-23.350000,-47.620000,case-existing,case-existing
30734,PRYSMI-SP088,-23.420000,-47.420000,case-existing,case-existing
30735,METSO--SP088,-23.420000,-47.450000,case-existing,case-existing
30736,D#2PIE-SP088,-23.656389,-47.465257,interpolated,topology-interp
30737,D#1636-SP088,-23.303832,-47.226516,interpolated,topology-interp
30738,T#1ARA-SP088,-23.339442,-47.158326,interpolated,topology-interp
30739,D#1MOB-SP088,-23.987148,-46.492565,interpolated,topology-interp
30740,D#2MOB-SP088,-23.987148,-46.492565,interpolated,topology-interp
30741,D#1IN2-SP088,-23.129432,-47.246195,interpolated,topology-interp
30742,D#2IN2-SP088,-23.129057,-47.246148,interpolated,topology-interp
30743,D#2GPA-SP138,-23.060000,-46.994043,interpolated,topology-interp
30744,D#1GPA-SP138,-23.057419,-46.980645,interpolated,topology-interp
30745,D#1TRI-SP138,-23.029677,-46.942581,interpolated,topology-interp
30746,D#2TRI-SP138,-23.030000,-46.944255,interpolated,topology-interp
30747,D#1SL2-SP088,-23.187138,-47.248275,interpolated,topology-interp
30748,D#2SL2-SP088,-23.187138,-47.248275,interpolated,topology-interp
30749,SALTO2-SP088,-23.186851,-47.248087,interpolated,topology-interp
30750,VI_CA2-SP138,-23.925794,-46.252746,interpolated,topology-interp
30751,SOROC8-SP088,-23.465000,-47.505000,interpolated,topology-interp
30754,D#1IT1-SP088,-23.137146,-47.220002,interpolated,topology-interp
30755,D#2IT1-SP088,-23.137146,-47.220002,interpolated,topology-interp
30759,ITUPV1-SP088,-23.137148,-47.220003,interpolated,topology-interp
30760,D#2TRE-SP088,-23.224877,-47.278397,interpolated,topology-interp
30761,D#IPV3-SP088,-23.171640,-46.972650,interpolated,topology-interp
30762,D#IPV4-SP088,-23.171886,-46.973231,interpolated,topology-interp
30763,ITUPV3-SP088,-23.180000,-46.980000,case-existing,case-existing
30764,ITUPV4-SP088,-23.180000,-46.980000,case-existing,case-existing
30765,D#VRA3-SP088,-23.193126,-46.901124,interpolated,topology-interp
30766,D#VRA4-SP088,-23.195089,-46.905780,interpolated,topology-interp
30767,D#YDR3-SP088,-23.201371,-46.854077,interpolated,topology-interp
30768,D#YDR4-SP088,-23.204546,-46.861691,interpolated,topology-interp
30769,D#VPL3-SP088,-23.205217,-46.844339,interpolated,topology-interp
30770,D#VPL4-SP088,-23.206223,-46.853647,interpolated,topology-interp
30771,VPL--3-SP088,-23.210000,-46.840000,case-existing,case-existing
30772,VPL--4-SP088,-23.210000,-46.840000,case-existing,case-existing
30773,ADVANC-SP088,-23.210000,-46.840000,case-existing,case-existing
30774,D#ALV4-SP088,-23.204162,-46.859052,interpolated,topology-interp
30775,D#ALV3-SP088,-23.204363,-46.838596,interpolated,topology-interp
30776,D#YEK4-SP088,-23.202074,-46.864564,interpolated,topology-interp
30777,D#YEK3-SP088,-23.203422,-46.833134,interpolated,topology-interp
30778,ELEKEI-SP088,-23.200000,-46.820000,case-existing,case-existing
30779,D#YSI3-SP088,-23.202553,-46.827363,interpolated,topology-interp
30780,D#YIT3-SP088,-23.204177,-46.819148,interpolated,topology-interp
30781,PLASIN-SP088,-23.200000,-46.830000,case-existing,case-existing
30782,CONTIN-SP088,-23.210000,-46.810000,case-existing,case-existing
30783,SIFCO--SP088,-23.200000,-46.870000,case-existing,case-existing
30784,D#CLI4-SP088,-23.212261,-46.825907,interpolated,topology-interp
30785,D#CLI3-SP088,-23.205667,-46.817119,interpolated,topology-interp
30786,CLIMPO-SP088,-23.220000,-46.790000,case-existing,case-existing
30787,KRUPP--SP088,-23.210000,-46.780000,case-existing,case-existing
30788,D#1BCS-SP088,-23.194228,-47.256398,interpolated,topology-interp
30789,D#2BCS-SP088,-23.194228,-47.256398,interpolated,topology-interp
30790,EBCSAL-SP088,-23.194564,-47.256739,interpolated,topology-interp
30791,D#1BCM-SP088,-23.202170,-47.265265,interpolated,topology-interp
30792,D#2BCM-SP088,-23.202170,-47.265265,interpolated,topology-interp
30793,EBCMSE-SP088,-23.201792,-47.264933,interpolated,topology-interp
30794,D#1EUC-SP088,-23.209665,-47.273643,interpolated,topology-interp
30795,D#2EUC-SP088,-23.209665,-47.273643,interpolated,topology-interp
30796,D#1BCT-SP088,-23.217376,-47.276131,interpolated,topology-interp
30797,D#2BCT-SP088,-23.217376,-47.276131,interpolated,topology-interp
30798,EBCTRA-SP088,-23.217204,-47.275995,interpolated,topology-interp
30799,D#1TRE-SP088,-23.224877,-47.278397,interpolated,topology-interp
30800,D#YPN1-SP088,-23.153781,-46.972473,interpolated,topology-interp
30801,D#YPN2-SP088,-23.158286,-46.968000,interpolated,topology-interp
30802,D#YTS1-SP088,-23.157582,-46.954848,interpolated,topology-interp
30803,D#YTS2-SP088,-23.158000,-46.956001,interpolated,topology-interp
30804,D#YCI1-SP088,-23.166321,-46.930694,interpolated,topology-interp
30805,D#YCI2-SP088,-23.162571,-46.934667,interpolated,topology-interp
30806,T.UVA1-SP088,-23.170000,-46.920000,case-existing,case-existing
30807,T.UVA2-SP088,-23.170000,-46.920000,case-existing,case-existing
30808,VRAMI1-SP088,-23.180000,-46.900000,interpolated,topology-interp
30809,VRAMI2-SP088,-23.170000,-46.920000,interpolated,topology-interp
30810,JUNDIA-SP088,-23.190000,-46.880000,case-existing,case-existing
30811,D#YPP1-SP088,-23.153778,-46.972493,interpolated,topology-interp
30812,D#YFE1-SP088,-23.153763,-46.972554,interpolated,topology-interp
30813,AMBEAM-SP088,-23.170000,-46.960000,case-existing,case-existing
30814,AIRLIQ-SP088,-23.180000,-46.950000,case-existing,case-existing
30815,D#YFE2-SP088,-23.172286,-46.956000,interpolated,topology-interp
30816,D#YPP2-SP088,-23.166857,-46.958000,interpolated,topology-interp
30817,AKZO_N-SP088,-23.170000,-46.950000,case-existing,case-existing
30818,SIEMEN-SP088,-23.160000,-46.950000,case-existing,case-existing
30819,PLASIB-SP088,-23.170000,-46.930000,case-existing,case-existing
30820,D#YSZ1-SP088,-23.158962,-46.942086,interpolated,topology-interp
30821,D#YSZ2-SP088,-23.157714,-46.944000,interpolated,topology-interp
30822,SULZER-SP088,-23.150000,-46.940000,case-existing,case-existing
30823,D#1JU7-SP088,-23.152988,-46.940694,interpolated,topology-interp
30824,D#2JU7-SP088,-23.152571,-46.941334,interpolated,topology-interp
30825,D#VOT1-SP088,-23.547255,-47.374243,interpolated,topology-interp
30826,D#VOT2-SP088,-23.547105,-47.374068,interpolated,topology-interp
30827,D#IBI1-SP088,-23.585756,-47.269530,interpolated,topology-interp
30828,D#IBI2-SP088,-23.585355,-47.269061,interpolated,topology-interp
30829,D#1MAI-SP088,-23.549950,-47.214402,interpolated,topology-interp
30830,D#1YPG-SP088,-23.534148,-47.183672,interpolated,topology-interp
30831,MAIRIN-SP088,-23.530000,-47.190000,case-existing,case-existing
30832,CARGIL-SP088,-23.540000,-47.170000,case-existing,case-existing
30833,SROQUE-SP088,-23.520000,-47.140000,case-existing,case-existing
30834,T#2SRQ-SP088,-23.500590,-47.163637,interpolated,topology-interp
30835,IBIUN1-SP088,-23.660000,-47.220000,case-existing,case-existing
30836,IBIUN2-SP088,-23.660000,-47.220000,case-existing,case-existing
30837,D#VPS1-SP088,-23.606021,-47.443197,interpolated,topology-interp
30838,D#VPS2-SP088,-23.605974,-47.443144,interpolated,topology-interp
30839,D#YPV1-SP088,-23.590408,-47.433278,interpolated,topology-interp
30840,D#YPV2-SP088,-23.590389,-47.433257,interpolated,topology-interp
30841,D#PIED-SP088,-23.656408,-47.465279,interpolated,topology-interp
30842,VOT.SP-SP088,-23.630000,-47.500000,case-existing,case-existing
30843,VOT.SH-SP088,-23.590000,-47.420000,case-existing,case-existing
30844,D#YVT1-SP088,-23.575206,-47.436639,interpolated,topology-interp
30845,D#YVT2-SP088,-23.575196,-47.436628,interpolated,topology-interp
30846,VITOPE-SP088,-23.560000,-47.440000,case-existing,case-existing
30847,VOTBC1-SP088,-23.575204,-47.436638,interpolated,topology-interp
30848,VOTBC2-SP088,-23.575194,-47.436627,interpolated,topology-interp
30849,T#2ARA-SP088,-23.467638,-47.124066,interpolated,topology-interp
30850,D#BTP--SP088,-23.932981,-46.358364,interpolated,topology-interp
30851,BTP----SP088,-23.930000,-46.350000,case-existing,case-existing
30852,D#INTC-SP088,-23.833145,-46.367138,interpolated,topology-interp
30853,INTERC-SP088,-23.830000,-46.360000,case-existing,case-existing
30854,PCOQUE-SP088,-23.870000,-46.430000,case-existing,case-existing
30855,JUNDI7-SP088,-23.150000,-46.940000,case-existing,case-existing
30856,PARIS1-SP088,-23.850000,-46.400000,case-existing,case-existing
30857,D#YCL1-SP088,-23.842740,-46.390822,interpolated,topology-interp
30858,D#YCL2-SP088,-23.842014,-46.389965,interpolated,topology-interp
30859,BIRLA--SP088,-23.840000,-46.390000,case-existing,case-existing
30860,D#YUP1-SP088,-23.838493,-46.380548,interpolated,topology-interp
30861,D#YUP2-SP088,-23.839435,-46.381413,interpolated,topology-interp
30862,ULTRAP-SP088,-23.840000,-46.380000,case-existing,case-existing
30863,D#YMR1-SP088,-23.834246,-46.370274,interpolated,topology-interp
30864,D#YMR2-SP088,-23.836290,-46.374276,interpolated,topology-interp
30865,MRSLOG-SP088,-23.830000,-46.360000,case-existing,case-existing
30866,D#YVC2-SP088,-23.849541,-46.396148,interpolated,topology-interp
30867,D#YVC1-SP088,-23.849863,-46.400959,interpolated,topology-interp
30868,VOTCUB-SP088,-23.850000,-46.390000,case-existing,case-existing
30869,D#YAG4-SP088,-23.862058,-46.417808,interpolated,topology-interp
30870,D#YAG3-SP088,-23.863164,-46.423366,interpolated,topology-interp
30871,LINDE--SP088,-23.860000,-46.410000,case-existing,case-existing
30872,D#YPQ4-SP088,-23.874506,-46.434588,interpolated,topology-interp
30873,D#YPQ3-SP088,-23.872729,-46.433415,interpolated,topology-interp
30874,PETCOQ-SP088,-23.872720,-46.433426,interpolated,topology-interp
30875,D#YUL1-SP088,-23.875473,-46.436066,interpolated,topology-interp
30876,D#YUL2-SP088,-23.875210,-46.434100,interpolated,topology-interp
30877,ULTRAC-SP088,-23.880000,-46.440000,case-existing,case-existing
30878,D#YRF5-SP088,-23.867734,-46.428036,interpolated,topology-interp
30879,D#YRF6-SP088,-23.871734,-46.428036,interpolated,topology-interp
30880,PET.RF-SP088,-23.880000,-46.430000,case-existing,case-existing
30881,D#HBO1-SP088,-23.904805,-46.452335,interpolated,topology-interp
30882,D#HBO2-SP088,-23.904805,-46.452335,interpolated,topology-interp
30883,HBOPI1-SP088,-23.880000,-46.450000,case-existing,case-existing
30884,HBOPI2-SP088,-23.880000,-46.450000,case-existing,case-existing
30885,D#PGR1-SP088,-23.955729,-46.466840,interpolated,topology-interp
30886,D#PGR2-SP088,-23.955729,-46.466840,interpolated,topology-interp
30887,PGRAN1-SP088,-24.000000,-46.430000,case-existing,case-existing
30888,PGRAN2-SP088,-24.000000,-46.430000,case-existing,case-existing
30889,D#PTA1-SP088,-24.005716,-46.490856,interpolated,topology-interp
30890,D#PTA2-SP088,-24.005716,-46.490856,interpolated,topology-interp
30891,OCIAN--SP088,-24.010000,-46.480000,case-existing,case-existing
30892,P.TAQU-SP088,-24.020000,-46.500000,case-existing,case-existing
30893,SOROC7-SP088,-23.390000,-47.380000,case-existing,case-existing
30894,D#YSP1-SP088,-23.920968,-46.404482,interpolated,topology-interp
30895,D#YSP2-SP088,-23.920573,-46.404132,interpolated,topology-interp
30896,MDPAPE-SP088,-23.920574,-46.404134,interpolated,topology-interp
30897,D#MBR1-SP088,-23.942527,-46.390215,interpolated,topology-interp
30898,D#MBR2-SP088,-23.941775,-46.389471,interpolated,topology-interp
30899,MBRIG1-SP088,-23.960000,-46.400000,case-existing,case-existing
30900,MBRIG2-SP088,-23.960000,-46.400000,case-existing,case-existing
30901,D#VOR1-SP088,-23.946614,-46.366160,interpolated,topology-interp
30902,D#VOR2-SP088,-23.944750,-46.364278,interpolated,topology-interp
30903,D#MPE1-SP088,-23.952204,-46.362054,interpolated,topology-interp
30904,D#MPE2-SP088,-23.947375,-46.357140,interpolated,topology-interp
30905,MARAP1-SP088,-23.950000,-46.350000,case-existing,case-existing
30906,MARAP2-SP088,-23.950000,-46.350000,case-existing,case-existing
30907,VOTURU-SP088,-23.960000,-46.370000,case-existing,case-existing
30908,PCOQUEUTE013,-23.870000,-46.420000,case-existing,case-existing
30909,BIRLA-UTE013,-23.880000,-46.420000,case-existing,case-existing
30911,D#CUB3-SP088,-23.904794,-46.404694,interpolated,topology-interp
30912,D#CUB4-SP088,-23.911620,-46.398816,interpolated,topology-interp
30913,CUBATA-SP088,-23.890000,-46.420000,case-existing,case-existing
30914,D#YPM3-SP088,-23.924967,-46.375337,interpolated,topology-interp
30915,D#YPM4-SP088,-23.923838,-46.378877,interpolated,topology-interp
30916,D#STO3-SP088,-23.924987,-46.375114,interpolated,topology-interp
30917,D#STO4-SP088,-23.926911,-46.379447,interpolated,topology-interp
30918,SANTS2-SP088,-23.930000,-46.380000,case-existing,case-existing
30919,SANTS1-SP088,-23.930000,-46.380000,case-existing,case-existing
30920,P-TRAN-SP088,-23.920000,-46.370000,case-existing,case-existing
30921,BOQUEI-SP088,-23.960000,-46.330000,case-existing,case-existing
30922,ESTUA1-SP088,-23.970000,-46.300000,case-existing,case-existing
30923,V.NOVA-SP088,-23.940000,-46.320000,case-existing,case-existing
30924,ESTUA2-SP088,-23.970000,-46.300000,case-existing,case-existing
30925,VMATH1-SP088,-23.941707,-46.335400,interpolated,topology-interp
30926,JABAQU-SP088,-23.945127,-46.346194,interpolated,topology-interp
30927,VMATH2-SP088,-23.940000,-46.340000,case-existing,case-existing
30928,D#1SAL-SP088,-23.235309,-47.252636,interpolated,topology-interp
30929,D#2SAL-SP088,-23.248884,-47.226652,interpolated,topology-interp
30930,D#PGO1-SP088,-23.222045,-47.291546,interpolated,topology-interp
30931,D#PGO2-SP088,-23.227210,-47.281631,interpolated,topology-interp
30932,D#AWI1-SP088,-23.220783,-47.322006,interpolated,topology-interp
30933,D#AWI2-SP088,-23.222747,-47.318240,interpolated,topology-interp
30934,D#1SCH-SP088,-23.230297,-47.374501,interpolated,topology-interp
30935,D#2SCH-SP088,-23.231030,-47.373090,interpolated,topology-interp
30936,D#1SLT-SP088,-23.163802,-47.240477,interpolated,topology-interp
30937,D#1954-SP088,-23.158574,-47.230001,interpolated,topology-interp
30938,D#2954-SP088,-23.158574,-47.230001,interpolated,topology-interp
30939,D#2SLT-SP088,-23.162582,-47.240324,interpolated,topology-interp
30940,D#YUN1-SP088,-23.856575,-46.413973,interpolated,topology-interp
30941,D#YUN2-SP088,-23.854311,-46.409223,interpolated,topology-interp
30942,BRASKE-SP088,-23.860000,-46.420000,case-existing,case-existing
30943,D#PAS1-SP088,-23.849726,-46.401918,interpolated,topology-interp
30944,D#PAS2-SP088,-23.848622,-46.398445,interpolated,topology-interp
30945,PARIS2-SP088,-23.850000,-46.400000,case-existing,case-existing
30946,DTX.DE-SP088,-23.160000,-46.940000,case-existing,case-existing
30947,D#1HOP-SP138,-23.039032,-46.967742,interpolated,topology-interp
30948,D#2HOP-SP138,-23.040000,-46.972766,interpolated,topology-interp
30949,D#1SO7-SP088,-23.370000,-47.354000,interpolated,topology-interp
30950,D#2SO7-SP088,-23.376667,-47.356667,interpolated,topology-interp
30951,A.AZUL-SP440,-23.380000,-46.400000,case-existing,case-existing
30952,BJARDI-SP088,-23.150000,-46.990000,case-existing,case-existing
30953,SALTO--SP088,-23.180000,-47.240000,case-existing,case-existing
30954,JALES--SP069,-20.295025,-50.529610,interpolated,topology-interp
30955,SCAETA-SP345,-23.610000,-46.580000,case-existing,case-existing
30956,SMIGUE-SP345,-23.510000,-46.520000,case-existing,case-existing
30957,D#2CCS-SP088,-23.066274,-48.199027,interpolated,topology-interp
30958,D#1CCS-SP088,-23.066274,-48.199027,interpolated,topology-interp
30959,GV_BR--SP138,-22.920000,-45.410000,case-existing,case-existing
30960,YDOOSA-SP138,-22.697834,-47.369583,interpolated,topology-interp
30961,VOTUPO-SP069,-20.634082,-50.378345,interpolated,topology-interp
30962,REGIST-SP034,-24.454347,-47.865598,interpolated,topology-interp
30963,ANHAD1-SP230,-23.490000,-46.770000,interpolated,topology-interp
30968,D1#IT4-SP138,-23.597929,-48.066563,interpolated,topology-interp
30969,D2#IT4-SP138,-23.597929,-48.066563,interpolated,topology-interp
30974,D#1CS2-SP138,-20.741867,-51.476419,interpolated,topology-interp
30975,D#2CS2-SP138,-20.741867,-51.476419,interpolated,topology-interp
30976,D#1CAS-SP138,-20.776132,-51.583293,interpolated,topology-interp
30977,D#2CAS-SP138,-20.778141,-51.585133,interpolated,topology-interp
30978,D#1JPT-SP138,-20.772796,-51.620634,interpolated,topology-interp
30979,D#2JPT-SP138,-20.778824,-51.626147,interpolated,topology-interp
30980,D#1ANC-SP138,-20.762243,-51.648550,interpolated,topology-interp
30981,D#2ANC-SP138,-20.778323,-51.663286,interpolated,topology-interp
30982,D#1EMP-SP138,-20.791642,-51.638513,interpolated,topology-interp
30984,BRACEL-SP440,-22.540000,-48.810000,case-existing,case-existing
30998,D#PIR4-SP138,-23.342738,-49.111234,interpolated,topology-interp
30999,D#PIR5-SP138,-23.342738,-49.111234,interpolated,topology-interp
31000,UNIVAL-SP138,-21.596138,-50.385188,interpolated,topology-interp
31001,D#2CRD-SP138,-20.067299,-50.152219,interpolated,topology-interp
31002,D#1CRD-SP138,-20.197180,-50.001030,interpolated,topology-interp
31003,D#2ENE-SP138,-21.901066,-51.287083,interpolated,topology-interp
31004,D#1ENE-SP138,-21.901066,-51.287083,interpolated,topology-interp
31007,D#2BTY-SP138,-21.735540,-50.447624,interpolated,topology-interp
31008,D#1BTY-SP138,-21.735540,-50.447624,interpolated,topology-interp
31009,D#2PBA-SP138,-20.490318,-51.111197,interpolated,topology-interp
31010,D#1PBA-SP138,-20.538004,-51.068910,interpolated,topology-interp
31011,D#2AR2-SP138,-22.363604,-47.425630,interpolated,topology-interp
31012,D#1AR2-SP138,-22.363768,-47.425557,interpolated,topology-interp
31013,D#2AR1-SP138,-22.318280,-47.409805,interpolated,topology-interp
31014,D#1AR1-SP138,-22.318708,-47.409613,interpolated,topology-interp
31015,D#1CRC-SP138,-22.241233,-47.403799,interpolated,topology-interp
31016,D#2CRC-SP138,-22.242360,-47.403297,interpolated,topology-interp
31017,D#2NTL-SP138,-22.381284,-47.388538,interpolated,topology-interp
31018,D#1NTL-SP138,-22.381304,-47.388529,interpolated,topology-interp
31019,D#2LEM-SP138,-22.131337,-47.423874,interpolated,topology-interp
31020,D#1LEM-SP138,-22.139060,-47.420430,interpolated,topology-interp
31021,D#2PS1-SP138,-22.016500,-47.452405,interpolated,topology-interp
31022,D#1PS1-SP138,-21.981004,-47.459720,interpolated,topology-interp
31023,D#2PSP-SP138,-21.918077,-47.483337,interpolated,topology-interp
31024,D#1PSP-SP138,-21.906244,-47.485775,interpolated,topology-interp
31025,D#2CJA-SP138,-23.030723,-46.727095,interpolated,topology-interp
31026,D#1CJA-SP138,-23.030723,-46.727095,interpolated,topology-interp
31027,D#2JRN-SP138,-23.061564,-46.771865,interpolated,topology-interp
31028,D#1JRN-SP138,-23.061564,-46.771865,interpolated,topology-interp
31029,D#2JNU-SP138,-23.065504,-46.736016,interpolated,topology-interp
31030,D#1JNU-SP138,-23.065504,-46.736016,interpolated,topology-interp
31031,D#2CUM-SP138,-23.086619,-46.853220,interpolated,topology-interp
31032,D#1CUM-SP138,-23.086619,-46.853220,interpolated,topology-interp
31033,D#2PGM-SP138,-23.112386,-46.934319,interpolated,topology-interp
31034,D#1PGM-SP138,-23.112386,-46.934319,interpolated,topology-interp
31035,D#2GJ2-SP138,-23.904869,-46.199036,interpolated,topology-interp
31036,D#1GJ2-SP138,-23.904869,-46.199036,interpolated,topology-interp
31037,D#2BT1-SP138,-23.847785,-46.172144,interpolated,topology-interp
31038,D#1BT1-SP138,-23.847785,-46.172144,interpolated,topology-interp
31039,D#2TMG-SP138,-23.941512,-46.255627,interpolated,topology-interp
31040,D#1TMG-SP138,-23.941512,-46.255627,interpolated,topology-interp
31041,D#2CTL-SP138,-23.956244,-46.257761,interpolated,topology-interp
31042,D#1CTL-SP138,-23.956244,-46.257761,interpolated,topology-interp
31043,D#2DWQ-SP138,-23.969516,-46.260270,interpolated,topology-interp
31044,D#1DWQ-SP138,-23.969516,-46.260270,interpolated,topology-interp
31045,D#2GJ1-SP138,-23.981880,-46.261925,interpolated,topology-interp
31046,D#1GJ1-SP138,-23.981880,-46.261925,interpolated,topology-interp
31047,D#2GJ3-SP138,-23.985749,-46.265787,interpolated,topology-interp
31048,D#1GJ3-SP138,-23.985749,-46.265787,interpolated,topology-interp
31049,D#2GJ4-SP138,-23.975268,-46.265248,interpolated,topology-interp
31050,D#1GJ4-SP138,-23.975268,-46.265248,interpolated,topology-interp
31051,D#2MRS-SP138,-23.773596,-45.570795,interpolated,topology-interp
31052,D#1MRS-SP138,-23.773596,-45.570795,interpolated,topology-interp
31053,D#2BOI-SP138,-23.772309,-45.630214,interpolated,topology-interp
31054,D#1BOI-SP138,-23.772309,-45.630214,interpolated,topology-interp
31055,D#2UNA-SP138,-23.757680,-45.789328,interpolated,topology-interp
31056,D#1UNA-SP138,-23.757680,-45.789328,interpolated,topology-interp
31057,D#2BT3-SP138,-23.759708,-45.888140,interpolated,topology-interp
31058,D#1BT3-SP138,-23.759708,-45.888140,interpolated,topology-interp
31059,D#2BT4-SP138,-23.781439,-46.005082,interpolated,topology-interp
31060,D#1BT4-SP138,-23.781439,-46.005082,interpolated,topology-interp
31061,D#2TMB-SP138,-21.613894,-47.490767,interpolated,topology-interp
31062,D#1TMB-SP138,-21.613894,-47.490767,interpolated,topology-interp
31063,D#2DOO-SP138,-22.696787,-47.369353,interpolated,topology-interp
31064,D#1DOO-SP138,-22.696787,-47.369353,interpolated,topology-interp
31065,D#2LIM-SP138,-22.662227,-47.318135,interpolated,topology-interp
31066,D#1LIM-SP138,-22.662227,-47.318135,interpolated,topology-interp
31067,D#2LIE-SP138,-22.627654,-47.266544,interpolated,topology-interp
31068,D#1LIE-SP138,-22.627654,-47.266544,interpolated,topology-interp
31069,D#2AJI-SP138,-22.628204,-47.267900,interpolated,topology-interp
31070,D#1AJI-SP138,-22.628204,-47.267900,interpolated,topology-interp
31071,D#2ATY-SP138,-22.559318,-47.159243,interpolated,topology-interp
31072,D#1ATY-SP138,-22.559318,-47.159243,interpolated,topology-interp
31073,D#2ATN-SP138,-22.565982,-47.172130,interpolated,topology-interp
31074,D#1ATN-SP138,-22.565982,-47.172130,interpolated,topology-interp
31075,D#2MGM-SP138,-22.484612,-47.038792,interpolated,topology-interp
31076,D#1MGM-SP138,-22.484612,-47.038792,interpolated,topology-interp
31077,D#2LM3-SP138,-22.634050,-47.391287,interpolated,topology-interp
31078,D#1LM3-SP138,-22.634050,-47.391287,interpolated,topology-interp
31079,D#2LM5-SP138,-22.582214,-47.383873,interpolated,topology-interp
31080,D#1LM5-SP138,-22.582214,-47.383873,interpolated,topology-interp
31081,D#2TRW-SP138,-22.571065,-47.386946,interpolated,topology-interp
31082,D#1TRW-SP138,-22.571065,-47.386946,interpolated,topology-interp
31083,D#2LM4-SP138,-22.541386,-47.373276,interpolated,topology-interp
31084,D#1LM4-SP138,-22.541386,-47.373276,interpolated,topology-interp
31085,D#2PP5-SP138,-22.267940,-51.688380,interpolated,topology-interp
31086,D#1PP5-SP138,-22.267940,-51.688380,interpolated,topology-interp
31087,D#2FEL-SP138,-23.177625,-47.809860,interpolated,topology-interp
31088,D#1FEL-SP138,-23.177625,-47.809860,interpolated,topology-interp
31089,D#2VKW-SP138,-22.056769,-47.897444,interpolated,topology-interp
31090,D#1VKW-SP138,-22.056769,-47.897444,interpolated,topology-interp
31091,D#2TEC-SP138,-22.029025,-47.859182,interpolated,topology-interp
31092,D#1TEC-SP138,-22.029025,-47.859182,interpolated,topology-interp
31093,D#2SCA-SP138,-21.990347,-47.790067,interpolated,topology-interp
31094,D#1SCA-SP138,-21.990347,-47.790067,interpolated,topology-interp
31095,D#2DES-SP138,-21.911969,-47.641047,interpolated,topology-interp
31096,D#1DES-SP138,-21.911969,-47.641047,interpolated,topology-interp
31097,D#2HON-SP138,-22.155820,-47.851936,interpolated,topology-interp
31098,D#1HON-SP138,-22.155820,-47.851936,interpolated,topology-interp
31099,D#2ITI-SP138,-22.240151,-47.741142,interpolated,topology-interp
31100,D#1ZAR-SP138,-23.295737,-47.031603,interpolated,topology-interp
31101,D#2ZAR-SP138,-23.284868,-47.072931,interpolated,topology-interp
31102,RVERME-SP138,-21.471700,-51.295559,interpolated,topology-interp
31104,D#1RC2-SP138,-22.334854,-47.581132,interpolated,topology-interp
31105,D#2RC2-SP138,-22.334854,-47.581132,interpolated,topology-interp
31107,D#2PAL-SP088,-22.875194,-50.142815,interpolated,topology-interp
31110,D#1SAP-SP138,-22.634648,-46.910030,interpolated,topology-interp
31111,D#2SAP-SP138,-22.634648,-46.910030,interpolated,topology-interp
31112,D#1JAG-SP138,-22.638856,-46.875317,interpolated,topology-interp
31113,D#2JAG-SP138,-22.638856,-46.875317,interpolated,topology-interp
31114,D#1FER-SP138,-20.285549,-50.314909,interpolated,topology-interp
31115,D#2MFD-SP138,-22.515641,-46.936455,interpolated,topology-interp
31116,D#1MFD-SP138,-22.515641,-46.936455,interpolated,topology-interp
31117,D#2LUK-SP138,-22.575794,-46.907009,interpolated,topology-interp
31118,D#1LUK-SP138,-22.575794,-46.907009,interpolated,topology-interp
31119,D#2QAM-SP138,-22.762194,-46.778066,interpolated,topology-interp
31120,D#1QAM-SP138,-22.762194,-46.778066,interpolated,topology-interp
31121,D#2STE-SP138,-22.861266,-46.743668,interpolated,topology-interp
31122,D#1STE-SP138,-22.861266,-46.743668,interpolated,topology-interp
31123,D#2AUX-SP138,-22.786084,-48.458947,interpolated,topology-interp
31124,D#1AUX-SP138,-22.786084,-48.458947,interpolated,topology-interp
31125,D#2DCR-SP138,-22.415292,-48.339775,interpolated,topology-interp
31126,D#1DCR-SP138,-22.387239,-48.323618,interpolated,topology-interp
31127,D#2BRO-SP138,-22.347661,-48.122433,interpolated,topology-interp
31128,D#1BRO-SP138,-22.263510,-48.073953,interpolated,topology-interp
31129,D#2RC3-SP138,-22.383711,-47.723212,interpolated,topology-interp
31130,D#1RC3-SP138,-22.371390,-47.716120,interpolated,topology-interp
31131,D#2RCD-SP138,-22.393260,-47.663316,interpolated,topology-interp
31132,D#1RCD-SP138,-22.388450,-47.660550,interpolated,topology-interp
31133,D#2CDS-SP138,-22.405388,-47.605499,interpolated,topology-interp
31134,D#1CDS-SP138,-22.403284,-47.604291,interpolated,topology-interp
31135,D#2IBI-SP138,-21.823642,-48.895670,interpolated,topology-interp
31136,D#1IBI-SP138,-21.823642,-48.895670,interpolated,topology-interp
31137,D#2BAR-SP138,-21.994449,-48.851477,interpolated,topology-interp
31138,D#1BAR-SP138,-21.994449,-48.851477,interpolated,topology-interp
31139,D#2ASE-SP088,-22.847759,-50.274280,interpolated,topology-interp
31140,D#1ASE-SP088,-22.775849,-50.284901,interpolated,topology-interp
31141,D#2CDM-SP088,-22.823726,-50.380234,interpolated,topology-interp
31142,D#1CDM-SP088,-22.868342,-50.338890,interpolated,topology-interp
31143,D#2IBI-SP088,-22.885868,-50.084580,interpolated,topology-interp
31144,D#1IBI-SP088,-22.859176,-50.139801,interpolated,topology-interp
31145,D#2HAL-SP088,-22.861888,-50.206080,interpolated,topology-interp
31146,D#1ITI-SP138,-22.240151,-47.741142,interpolated,topology-interp
31147,D#2VNC-SP138,-21.902106,-51.810673,interpolated,topology-interp
31148,D#1VNC-SP138,-21.902106,-51.810673,interpolated,topology-interp
31149,D#1VC2-SP138,-23.925593,-46.252383,interpolated,topology-interp
31150,D#2VC2-SP138,-23.925593,-46.252383,interpolated,topology-interp
31151,D#2MC1-SP138,-21.541437,-46.974847,interpolated,topology-interp
31152,D#1MC1-SP138,-21.534409,-47.000155,interpolated,topology-interp
31153,D#2MC4-SP138,-21.493305,-46.987615,interpolated,topology-interp
31154,D#1MC4-SP138,-21.472221,-47.063538,interpolated,topology-interp
31155,D#2FER-SP138,-20.285549,-50.314909,interpolated,topology-interp
31156,D#1VGE-SP138,-20.367134,-50.150813,interpolated,topology-interp
31157,D#2VGE-SP138,-20.367134,-50.150813,interpolated,topology-interp
31158,D#1VT3-SP138,-20.395832,-50.067506,interpolated,topology-interp
31159,D#2VT3-SP138,-20.395832,-50.067506,interpolated,topology-interp
31160,D#1VT1-SP138,-20.453815,-49.939943,interpolated,topology-interp
31161,D#2VT1-SP138,-20.468891,-49.939437,interpolated,topology-interp
31162,D#1FAC-SP138,-20.521114,-49.788137,interpolated,topology-interp
31163,D#2FAC-SP138,-20.566384,-49.786598,interpolated,topology-interp
31167,D#2POE-SP138,-20.397522,-50.810831,interpolated,topology-interp
31168,D#1POE-SP138,-20.441472,-50.793239,interpolated,topology-interp
31171,D#2PP4-SP138,-22.141620,-51.408840,interpolated,topology-interp
31172,D#1PP4-SP138,-22.141620,-51.408840,interpolated,topology-interp
31173,D#2UFA-SP138,-21.778753,-51.226478,interpolated,topology-interp
31174,D#1UFA-SP138,-21.778753,-51.226478,interpolated,topology-interp
31175,D#2OSC-SP138,-21.688771,-50.671819,interpolated,topology-interp
31176,D#1OSC-SP138,-21.688771,-50.671819,interpolated,topology-interp
31180,D#2JUQ-SP138,-23.763330,-45.709848,interpolated,topology-interp
31181,D#1JUQ-SP138,-23.763330,-45.709848,interpolated,topology-interp
31198,D#1AMP-SP138,-22.702960,-46.811561,interpolated,topology-interp
31199,D#2AMP-SP138,-22.702960,-46.811561,interpolated,topology-interp
31202,D#1JA2-SP138,-20.334588,-50.682506,interpolated,topology-interp
31203,D#2JA2-SP138,-20.319948,-50.688385,interpolated,topology-interp
31204,D#1MI3-SP138,-22.265180,-51.902447,interpolated,topology-interp
31205,D#2MI3-SP138,-22.265180,-51.902447,interpolated,topology-interp
31500,BIOPARUTE013,-22.470000,-50.490000,case-existing,case-existing
31501,BIOPAR-SP088,-22.455000,-50.540000,interpolated,topology-interp
32300,D#1JB2-SP138,-21.051238,-49.764548,interpolated,topology-interp
32301,D#2JB2-SP138,-21.051238,-49.764548,interpolated,topology-interp
32303,D#1BDY-SP138,-20.938041,-49.559044,interpolated,topology-interp
32304,D#2BDY-SP138,-20.938041,-49.559044,interpolated,topology-interp
32307,D#1TN2-SP138,-20.686230,-49.583225,interpolated,topology-interp
32308,D#2TN2-SP138,-20.686400,-49.633053,interpolated,topology-interp
32353,D#2SIF-SP138,-23.691535,-46.165703,interpolated,topology-interp
32354,D#1SIF-SP138,-23.691535,-46.165703,interpolated,topology-interp
32355,D#2BIR-SP138,-23.641414,-45.984804,interpolated,topology-interp
32356,D#1BIR-SP138,-23.641414,-45.984804,interpolated,topology-interp
32357,D#2PTM-SP138,-23.607138,-46.138268,interpolated,topology-interp
32358,D#1PTM-SP138,-23.607138,-46.138268,interpolated,topology-interp
32360,D#1PMX-SP138,-23.523858,-46.262640,interpolated,topology-interp
32361,D#2PMX-SP138,-23.523858,-46.262640,interpolated,topology-interp
32362,D#1MAP-SP138,-23.457657,-46.275290,interpolated,topology-interp
32363,D#2MAP-SP138,-23.457657,-46.275290,interpolated,topology-interp
32364,D#1ARJ-SP138,-23.419127,-46.303233,interpolated,topology-interp
32365,D#2ARJ-SP138,-23.419127,-46.303233,interpolated,topology-interp
32366,D#1CBR-SP088,-23.222474,-46.034681,interpolated,topology-interp
32367,D#2CBR-SP088,-23.222474,-46.034681,interpolated,topology-interp
32368,D#1IGT-SP088,-23.268073,-46.133797,interpolated,topology-interp
32369,D#2IGT-SP088,-23.268073,-46.133797,interpolated,topology-interp
32370,D#1KRB-SP088,-23.305006,-46.208431,interpolated,topology-interp
32371,D#2KRB-SP088,-23.305006,-46.208431,interpolated,topology-interp
32372,D#1SIP-SP088,-23.320000,-46.257002,interpolated,topology-interp
32373,D#2SIP-SP088,-23.320000,-46.257002,interpolated,topology-interp
32374,D#1SIS-SP088,-23.334986,-46.305722,interpolated,topology-interp
32375,D#2SIS-SP088,-23.334986,-46.305722,interpolated,topology-interp
32376,D#1SKO-SP088,-23.324948,-46.400239,interpolated,topology-interp
32377,D#2SKO-SP088,-23.324948,-46.400239,interpolated,topology-interp
32378,D#1SAB-SP088,-23.244036,-46.151899,interpolated,topology-interp
32379,D#2SAB-SP088,-23.244036,-46.151899,interpolated,topology-interp
32380,D#1MFO-SP088,-23.270182,-46.089493,interpolated,topology-interp
32381,D#2MFO-SP088,-23.270182,-46.089493,interpolated,topology-interp
32384,D#1AS3-SP088,-22.649626,-50.487402,interpolated,topology-interp
32385,D#2AS3-SP088,-22.649626,-50.487402,interpolated,topology-interp
32386,D#1MCI-SP088,-22.547126,-50.547903,interpolated,topology-interp
32387,D#2MCI-SP088,-22.547126,-50.547903,interpolated,topology-interp
32388,D#1PPT-SP088,-22.377793,-50.649200,interpolated,topology-interp
32389,D#2PPT-SP088,-22.395535,-50.708698,interpolated,topology-interp
32390,D#1SLI-SP088,-22.319078,-50.827090,interpolated,topology-interp
32391,D#2SLI-SP088,-22.349149,-50.826933,interpolated,topology-interp
32392,D#1RAN-SP088,-22.310547,-50.948475,interpolated,topology-interp
32393,D#2RAN-SP088,-22.321856,-50.948421,interpolated,topology-interp
32394,D#1MTN-SP088,-22.291017,-51.070018,interpolated,topology-interp
32395,D#2MTN-SP088,-22.294775,-51.069992,interpolated,topology-interp
32396,D#1OU2-SP088,-23.035000,-49.827500,interpolated,topology-interp
32397,D#2OU2-SP088,-23.054286,-49.811429,interpolated,topology-interp
32398,D#1OU1-SP088,-22.975000,-49.902500,interpolated,topology-interp
32399,D#2OU1-SP088,-22.974286,-49.911429,interpolated,topology-interp
32401,D#2BRG-SP138,-21.298637,-50.361551,interpolated,topology-interp
32402,D#1BRG-SP138,-21.298637,-50.361551,interpolated,topology-interp
32403,D#2JGU-SP138,-22.617490,-47.003173,interpolated,topology-interp
32404,D#1JGU-SP138,-22.617490,-47.003173,interpolated,topology-interp
32405,D#2JG2-SP138,-22.702866,-46.986699,interpolated,topology-interp
32406,D#1JG2-SP138,-22.702866,-46.986699,interpolated,topology-interp
32407,D#2PDR-SP138,-22.698893,-46.949855,interpolated,topology-interp
32408,D#1PDR-SP138,-22.698893,-46.949855,interpolated,topology-interp
32411,D#2ITA-SP138,-23.506026,-48.936714,interpolated,topology-interp
32412,D#1ITA-SP138,-23.506026,-48.936714,interpolated,topology-interp
32413,D#2BUZ-SP138,-23.765342,-48.618905,interpolated,topology-interp
32414,D#1BUZ-SP138,-23.765342,-48.618905,interpolated,topology-interp
32415,D#2BNC-SP088,-23.062586,-49.418133,interpolated,topology-interp
32416,D#1BNC-SP088,-23.048669,-49.353581,interpolated,topology-interp
32417,D#2AJ2-SP138,-23.399708,-46.334411,interpolated,topology-interp
32418,D#1AJ2-SP138,-23.399708,-46.334411,interpolated,topology-interp
32419,D#2LM2-SP138,-22.187530,-47.419222,interpolated,topology-interp
32420,D#1LM2-SP138,-22.190470,-47.417906,interpolated,topology-interp
32421,D#2VRL-SP138,-21.853421,-47.441072,interpolated,topology-interp
32422,D#1VRL-SP138,-21.850636,-47.443857,interpolated,topology-interp
32423,D#1AVP-SP088,-23.174683,-45.943563,interpolated,topology-interp
32424,D#2AVP-SP088,-23.176567,-45.939829,interpolated,topology-interp
32500,D#1CON-SP138,-22.413410,-47.158645,interpolated,topology-interp
32501,D#2CON-SP138,-22.413410,-47.158645,interpolated,topology-interp
32502,D#1COE-SP138,-22.480137,-47.245861,interpolated,topology-interp
32503,D#2COE-SP138,-22.480137,-47.245861,interpolated,topology-interp
32504,D#1CBC-SP138,-21.774829,-47.126333,interpolated,topology-interp
32505,D#2CBC-SP138,-21.778012,-47.123150,interpolated,topology-interp
32506,D#1SCP-SP138,-21.812355,-47.236882,interpolated,topology-interp
32507,D#2SCP-SP138,-21.820843,-47.228394,interpolated,topology-interp
32508,D#1PS2-SP138,-21.874312,-47.376058,interpolated,topology-interp
32509,D#2PS2-SP138,-21.882668,-47.367702,interpolated,topology-interp
32510,D#1CB5-SP138,-21.742141,-47.072120,interpolated,topology-interp
32511,D#2CB5-SP138,-21.743202,-47.071058,interpolated,topology-interp
32512,D#1MIR-SP138,-21.057347,-51.056792,interpolated,topology-interp
32513,D#2MIR-SP138,-21.109513,-50.987475,interpolated,topology-interp
32514,D#1AND-SP138,-20.905569,-51.217902,interpolated,topology-interp
32515,D#2AND-SP138,-20.925204,-51.191718,interpolated,topology-interp
32516,D#1JBS-SP138,-20.789434,-51.256732,interpolated,topology-interp
32517,D#2JBS-SP138,-20.795951,-51.248075,interpolated,topology-interp
32518,D#1EBP-SP138,-23.900965,-46.302602,interpolated,topology-interp
32519,D#2EBP-SP138,-23.900965,-46.302602,interpolated,topology-interp
32520,D#1UTF-SP138,-23.874126,-46.348497,interpolated,topology-interp
32521,D#2UTF-SP138,-23.874126,-46.348497,interpolated,topology-interp
32522,D#1MNH-SP138,-23.861381,-46.382828,interpolated,topology-interp
32523,D#2MNH-SP138,-23.861381,-46.382828,interpolated,topology-interp
32524,D#1FMO-SP138,-23.305367,-46.721507,interpolated,topology-interp
32525,D#2FMO-SP138,-23.303747,-46.729045,interpolated,topology-interp
32526,D#2CPT-SP138,-23.297024,-46.733879,interpolated,topology-interp
32527,D#1FRO-SP138,-23.323897,-46.748297,interpolated,topology-interp
32528,D#2FRO-SP138,-23.319559,-46.768474,interpolated,topology-interp
32529,D#1MLH-SP138,-23.326350,-46.782795,interpolated,topology-interp
32530,D#2MLH-SP138,-23.314979,-46.835643,interpolated,topology-interp
32531,D#1CAI-SP138,-23.323202,-46.799616,interpolated,topology-interp
32532,D#2CAI-SP138,-23.319406,-46.817272,interpolated,topology-interp
32533,D#1IAC-SP138,-21.589419,-49.110606,interpolated,topology-interp
32534,D#2CV2-SP138,-23.284286,-47.046426,interpolated,topology-interp
32535,D#1CPT-SP138,-23.297565,-46.731357,interpolated,topology-interp
32536,D#1CRO-SP138,-23.265364,-47.093868,interpolated,topology-interp
32537,D#2CRO-SP138,-23.266790,-47.069389,interpolated,topology-interp
32538,D#2PNP-SP138,-21.341866,-49.957525,interpolated,topology-interp
32539,D#1PNP-SP138,-21.350790,-49.954331,interpolated,topology-interp
32540,D#2PNT-SP138,-21.251617,-50.012736,interpolated,topology-interp
32541,D#1PNT-SP138,-21.278366,-50.003134,interpolated,topology-interp
32542,D#1MRC-SP138,-24.309599,-47.458172,interpolated,topology-interp
32543,D#2MRC-SP138,-24.309599,-47.458172,interpolated,topology-interp
32544,D#1JQI-SP138,-24.364625,-47.651254,interpolated,topology-interp
32545,D#2JQI-SP138,-24.364625,-47.651254,interpolated,topology-interp
32546,D#1PNL-SP138,-22.189002,-46.844754,interpolated,topology-interp
32547,D#2PNL-SP138,-22.189002,-46.844754,interpolated,topology-interp
32548,D#1REF-SP138,-22.274396,-46.901928,interpolated,topology-interp
32549,D#2REF-SP138,-22.274396,-46.901928,interpolated,topology-interp
32550,D#2MGU-SP138,-22.331211,-46.939783,interpolated,topology-interp
32551,D#1MGU-SP138,-22.331211,-46.939783,interpolated,topology-interp
32552,D#1AJN-SP138,-23.056593,-47.970607,interpolated,topology-interp
32553,D#2AJN-SP138,-23.056593,-47.970607,interpolated,topology-interp
32554,D#1LRJ-SP138,-23.025528,-48.090195,interpolated,topology-interp
32555,D#2LRJ-SP138,-23.025528,-48.090195,interpolated,topology-interp
32556,D#1DTX-SP138,-23.776501,-48.221355,interpolated,topology-interp
32557,D#2DTX-SP138,-23.776501,-48.221355,interpolated,topology-interp
32558,D#1PLH-SP138,-23.928094,-46.745367,interpolated,topology-interp
32559,D#2PLH-SP138,-23.928094,-46.745367,interpolated,topology-interp
32560,D#1IT2-SP138,-24.118577,-46.757216,interpolated,topology-interp
32561,D#2IT2-SP138,-24.118577,-46.757216,interpolated,topology-interp
32562,D#1IT1-SP138,-24.173519,-46.839124,interpolated,topology-interp
32563,D#2IT1-SP138,-24.173519,-46.839124,interpolated,topology-interp
32564,D#1IT3-SP138,-24.221960,-46.940152,interpolated,topology-interp
32565,D#2IT3-SP138,-24.221960,-46.940152,interpolated,topology-interp
32566,D#1ORI-SP138,-21.853335,-49.883505,interpolated,topology-interp
32567,D#2ORI-SP138,-21.863212,-50.000156,interpolated,topology-interp
32568,D#2IAC-SP138,-21.635291,-49.086778,interpolated,topology-interp
32569,D#2PNO-SP138,-23.655040,-45.435286,interpolated,topology-interp
32570,D#1PNO-SP138,-23.668737,-45.436928,interpolated,topology-interp
32571,D#2SEL-SP138,-20.437770,-51.299639,interpolated,topology-interp
32572,D#1SEL-SP138,-20.437770,-51.299639,interpolated,topology-interp
32573,D#23LA-SP138,-20.645192,-51.593536,interpolated,topology-interp
32574,D#13LA-SP138,-20.773447,-51.668919,interpolated,topology-interp
32575,D#2VCP-SP138,-20.729710,-51.674127,interpolated,topology-interp
32576,D#1VCP-SP138,-20.805134,-51.708162,interpolated,topology-interp
32577,D#2AT3-SP138,-23.205097,-46.605285,interpolated,topology-interp
32578,D#1AT3-SP138,-23.205097,-46.605285,interpolated,topology-interp
32579,D#1ATP-SP138,-23.155460,-46.580893,interpolated,topology-interp
32580,D#2ATP-SP138,-23.155460,-46.580893,interpolated,topology-interp
32581,D#1AT1-SP138,-23.105801,-46.556506,interpolated,topology-interp
32582,D#2AT1-SP138,-23.105801,-46.556506,interpolated,topology-interp
32583,D#1BJS-SP138,-23.111934,-46.528848,interpolated,topology-interp
32584,D#2BJS-SP138,-23.111934,-46.528848,interpolated,topology-interp
32585,D#1CZC-SP138,-23.022207,-46.605387,interpolated,topology-interp
32586,D#2CZC-SP138,-23.022207,-46.605387,interpolated,topology-interp
32587,D#2ELF-SP138,-22.023522,-46.856763,interpolated,topology-interp
32588,D#1ELF-SP138,-22.036932,-46.849915,interpolated,topology-interp
32589,D#1SJB-SP138,-21.937697,-46.854653,interpolated,topology-interp
32590,D#2SJB-SP138,-21.977927,-46.834108,interpolated,topology-interp
32591,D#1VGS-SP138,-21.809569,-46.897191,interpolated,topology-interp
32592,D#2VGS-SP138,-21.802619,-46.893110,interpolated,topology-interp
32593,D#2GNI-SP138,-21.277204,-50.383145,interpolated,topology-interp
32594,D#1GNI-SP138,-21.277204,-50.383145,interpolated,topology-interp
32595,D#2IPR-SP138,-21.252911,-50.448088,interpolated,topology-interp
32596,D#1IPR-SP138,-21.252911,-50.448088,interpolated,topology-interp
32597,D#2ACT-SP138,-21.241612,-50.510881,interpolated,topology-interp
32598,D#1ACT-SP138,-21.241612,-50.510881,interpolated,topology-interp
32599,D#2ITP-SP138,-23.538611,-47.996523,interpolated,topology-interp
32600,D#1ITP-SP138,-23.538611,-47.996523,interpolated,topology-interp
32601,D#2ALP-SP138,-23.427926,-47.913024,interpolated,topology-interp
32602,D#1ALP-SP138,-23.427926,-47.913024,interpolated,topology-interp
32603,D#2TTI-SP138,-23.351185,-47.846025,interpolated,topology-interp
32604,D#1TTI-SP138,-23.351185,-47.846025,interpolated,topology-interp
32605,D#2ZCT-SP138,-23.305653,-47.805070,interpolated,topology-interp
32606,D#1ZCT-SP138,-23.305653,-47.805070,interpolated,topology-interp
32607,D#2BTV-SP138,-23.265757,-47.809171,interpolated,topology-interp
32608,D#1BTV-SP138,-23.265757,-47.809171,interpolated,topology-interp
32609,D#2CLA-SP138,-23.224464,-47.856347,interpolated,topology-interp
32610,D#1CLA-SP138,-23.224464,-47.856347,interpolated,topology-interp
32611,D#2PLL-SP138,-23.122552,-47.787010,interpolated,topology-interp
32612,D#1PLL-SP138,-23.122552,-47.787010,interpolated,topology-interp
32613,BG3-Y1-SP138,-22.991362,-46.658009,interpolated,topology-interp
32614,BG3-Y2-SP138,-22.991362,-46.658009,interpolated,topology-interp
32615,CZC-1Y-SP138,-23.022828,-46.607527,interpolated,topology-interp
32616,CZC-2Y-SP138,-23.022828,-46.607527,interpolated,topology-interp
32617,CT3-Y2-SP138,-21.335694,-49.241391,interpolated,topology-interp
32618,CT3-Y1-SP138,-21.321224,-49.250461,interpolated,topology-interp
32619,D#1SLZ-SP138,-23.240952,-45.747996,interpolated,topology-interp
32620,D#2SLZ-SP138,-23.240952,-45.747996,interpolated,topology-interp
32621,D#1OLA-SP138,-23.727950,-45.433503,interpolated,topology-interp
32622,D#2OLA-SP138,-23.733087,-45.434119,interpolated,topology-interp
32625,D#2JBM-SP138,-23.290094,-45.701590,interpolated,topology-interp
32626,D#1JBM-SP138,-23.290094,-45.701590,interpolated,topology-interp
32627,D#2EBR-SP138,-23.202762,-45.722396,interpolated,topology-interp
32628,D#1EBR-SP138,-23.202762,-45.722396,interpolated,topology-interp
32629,D#2IAU-SP138,-22.518560,-47.036734,interpolated,topology-interp
32630,D#1IAU-SP138,-22.518560,-47.036734,interpolated,topology-interp
32631,D#2CMG-SP138,-24.065001,-49.076674,interpolated,topology-interp
32632,D#1CMG-SP138,-24.065001,-49.076674,interpolated,topology-interp
32633,D#2URU-SP138,-21.234402,-49.455949,interpolated,topology-interp
32634,D#1URU-SP138,-21.212160,-49.390732,interpolated,topology-interp
32635,D#2UBR-SP138,-21.253775,-49.647954,interpolated,topology-interp
32636,D#1UBR-SP138,-21.237457,-49.647013,interpolated,topology-interp
32637,D#2PRP-SP138,-22.397835,-51.436800,interpolated,topology-interp
32638,D#1PRP-SP138,-22.348836,-51.462681,interpolated,topology-interp
32639,D#2CPK-SP138,-22.512368,-47.408749,interpolated,topology-interp
32640,D#1CPK-SP138,-22.512368,-47.408749,interpolated,topology-interp
32641,D#2IRC-SP138,-22.522894,-47.451526,interpolated,topology-interp
32642,D#1IRC-SP138,-22.522894,-47.451526,interpolated,topology-interp
32643,D#2COR-SP138,-22.498442,-47.465088,interpolated,topology-interp
32644,D#1COR-SP138,-22.498442,-47.465088,interpolated,topology-interp
32645,D#2FMG-SP138,-22.466611,-47.502880,interpolated,topology-interp
32646,D#1FMG-SP138,-22.466611,-47.502880,interpolated,topology-interp
32647,D#2EBM-SP138,-22.447238,-47.515521,interpolated,topology-interp
32648,D#1EBM-SP138,-22.447238,-47.515521,interpolated,topology-interp
32649,D#2LM6-SP138,-22.557594,-47.480486,interpolated,topology-interp
32650,D#1LM6-SP138,-22.557594,-47.480486,interpolated,topology-interp
32951,MOEMA_UTE013,-20.200000,-49.360000,case-existing,case-existing
32952,MOEMA--SP138,-20.138166,-49.650146,interpolated,topology-interp
32953,CAIEIRUTE013,-23.340000,-46.770000,case-existing,case-existing
32954,CAIEIU-SP138,-23.331337,-46.803187,interpolated,topology-interp
32955,EMBRAM-SP138,-22.447268,-47.515028,interpolated,topology-interp
32956,SINTBR-SP138,-23.024998,-46.605032,interpolated,topology-interp
32957,PARANA-SP138,-22.545000,-51.910000,interpolated,topology-interp
32958,PARAN-UTE013,-22.550000,-51.820000,case-existing,case-existing
32959,UTECAS-SP138,-21.222321,-51.521989,interpolated,topology-interp
32960,CASTI-UTE013,-20.910000,-51.540000,case-existing,case-existing
32961,GUARIR-SP138,-20.076339,-49.940295,interpolated,topology-interp
32962,GUARI-UTE013,-20.110000,-49.760000,case-existing,case-existing
32963,CEAJAR-SP138,-23.070000,-46.700000,case-existing,case-existing
32964,SMB_EL-SP138,-22.030227,-46.853343,interpolated,topology-interp
32965,TAMBAU-SP138,-21.710000,-47.290000,case-existing,case-existing
32966,LM_RIP-SP138,-22.628676,-47.268465,interpolated,topology-interp
32967,PIR_PT-SP138,-21.912229,-47.484559,interpolated,topology-interp
32968,RIC_DT-SP138,-22.391056,-47.660647,interpolated,topology-interp
32969,BMPERD-SP138,-23.130000,-46.470000,case-existing,case-existing
32970,GUARM3-SP138,-24.000000,-46.270000,case-existing,case-existing
32971,CAI_MD-SP138,-23.321727,-46.806526,interpolated,topology-interp
32972,CAI_ML-SP138,-23.321727,-46.806526,interpolated,topology-interp
32973,BER_PT-SP138,-23.790000,-46.060000,interpolated,topology-interp
32974,FRR_02-SP138,-23.310000,-46.750000,case-existing,case-existing
32975,PANORA-SP138,-21.370000,-51.900000,case-existing,case-existing
32976,POPULI-SP069,-19.960000,-50.430000,case-existing,case-existing
32977,INDIAP-SP069,-19.980000,-50.320000,case-existing,case-existing
32978,RIOLAN-SP138,-19.980000,-49.720000,case-existing,case-existing
32979,P.FARI-SP138,-20.030000,-49.440000,case-existing,case-existing
32980,ACAMPO-SP138,-20.300000,-49.770000,case-existing,case-existing
32981,AURIFL-SP069,-20.690000,-50.590000,case-existing,case-existing
32982,ITE_MG-SP138,-24.065000,-49.076667,interpolated,topology-interp
32983,CERQ_P-SP138,-23.122549,-47.787002,interpolated,topology-interp
32984,LAP_AM-SP138,-23.056583,-47.970586,interpolated,topology-interp
32985,TAT_AP-SP138,-23.393965,-47.896512,interpolated,topology-interp
32986,ITANH3-SP138,-24.230000,-46.890000,case-existing,case-existing
32987,PARIQU-SP138,-24.710000,-47.920000,case-existing,case-existing
32988,IGUAP2-SP138,-24.710000,-47.590000,case-existing,case-existing
32989,API_CC-SP138,-24.510000,-48.880000,interpolated,topology-interp
32990,BSUCES-SP138,-24.320000,-49.180000,case-existing,case-existing
32991,ITAPOR-SP138,-23.700000,-49.520000,case-existing,case-existing
32992,PETOL2-SP138,-24.280000,-47.270000,case-existing,case-existing
32993,MOG_LK-SP138,-22.577070,-46.905853,interpolated,topology-interp
32994,NHANDE-SP138,-20.700000,-50.080000,case-existing,case-existing
32995,GSALGA-SP069,-20.640000,-50.400000,case-existing,case-existing
32996,VGENTI-SP138,-20.420000,-50.070000,case-existing,case-existing
32997,PGRAND-SP138,-24.016118,-46.606257,interpolated,topology-interp
32998,UFN-3--MS138,-20.806395,-51.704543,interpolated,topology-interp
32999,CER_FL-SP138,-23.168418,-47.803242,interpolated,topology-interp
33000,MOG_IP-SP138,-22.360000,-46.970000,interpolated,topology-interp
33001,RC_TIG-SP138,-22.339096,-47.573685,interpolated,topology-interp
33002,VCARVA-SP138,-23.990000,-46.260000,case-existing,case-existing
33003,RIC_NT-SP138,-22.381291,-47.388520,interpolated,topology-interp
33004,LIM_PS-SP138,-22.628676,-47.268465,interpolated,topology-interp
33005,LIM_AR-SP138,-22.571110,-47.386996,interpolated,topology-interp
33006,MULTBR-SP138,-22.340701,-47.570940,interpolated,topology-interp
33007,FM_CPT-SP138,-23.297332,-46.732485,interpolated,topology-interp
33008,ANG_KB-SP138,-23.526646,-48.337201,interpolated,topology-interp
33009,VOT_FN-SP138,-20.543668,-49.787354,interpolated,topology-interp
33010,TAT_GD-SP138,-23.320000,-47.820000,interpolated,topology-interp
33011,ARN_TK-SP138,-22.566783,-47.173774,interpolated,topology-interp
33012,MOG_IT-SP138,-22.518755,-47.036565,interpolated,topology-interp
33014,TRL_EP-MS138,-20.783286,-51.637043,interpolated,topology-interp
33015,POF_VP-SP138,-21.850000,-47.500000,interpolated,topology-interp
33016,ITP_HD-SP138,-22.155725,-47.852067,interpolated,topology-interp
33017,SGE_IN-SP138,-22.407353,-47.571706,interpolated,topology-interp
33018,GUA_CT-SP138,-23.956523,-46.258277,interpolated,topology-interp
33019,LIM_MF-SP138,-22.514473,-46.937443,interpolated,topology-interp
33020,LIMEI6-SP138,-22.570000,-47.460000,case-existing,case-existing
33021,GUA_TG-SP138,-23.941923,-46.255317,interpolated,topology-interp
33022,CAM_CP-SP138,-24.693252,-47.973013,interpolated,topology-interp
33023,LIM_TR-SP138,-22.571047,-47.386977,interpolated,topology-interp
33024,RIC_OW-SP138,-22.340701,-47.570940,interpolated,topology-interp
33025,GUARM4-SP138,-24.000000,-46.270000,case-existing,case-existing
33026,RVERM2UTE013,-21.350000,-51.360000,case-existing,case-existing
33027,CROWN--SP138,-23.266097,-47.081549,interpolated,topology-interp
33028,ALMEID-SP138,-22.407353,-47.571706,interpolated,topology-interp
33031,RVERM3UTE013,-21.340000,-51.370000,case-existing,case-existing
33032,SIBELC-SP138,-23.065921,-46.735826,interpolated,topology-interp
33033,SABEIG-SP088,-23.244036,-46.151899,interpolated,topology-interp
33034,JBS_AN-SP138,-20.792703,-51.252377,interpolated,topology-interp
33035,VOTUP3-SP138,-20.420000,-50.010000,case-existing,case-existing
33037,CPKELC-SP138,-22.512539,-47.408895,interpolated,topology-interp
33053,D#2IGP-SP138,-24.573040,-47.918812,interpolated,topology-interp
33054,D#1IGP-SP138,-24.573040,-47.918812,interpolated,topology-interp
33055,D#2SER-SP138,-24.692711,-47.972141,interpolated,topology-interp
33056,D#1SER-SP138,-24.692711,-47.972141,interpolated,topology-interp
33057,D#2CAN-SP138,-24.810577,-48.024009,interpolated,topology-interp
33058,D#1CAN-SP138,-24.810577,-48.024009,interpolated,topology-interp
33061,D#2UBT-SP138,-23.505391,-45.204583,interpolated,topology-interp
33062,D#1UBT-SP138,-23.505391,-45.204583,interpolated,topology-interp
33071,GASA__-SP138,-20.720000,-51.280000,interpolated,topology-interp
33072,COCAL2-SP138,-22.511915,-51.437257,interpolated,topology-interp
33073,FERRAR-SP138,-21.842213,-47.324310,interpolated,topology-interp
33074,AT_PET-SP138,-23.155467,-46.580706,interpolated,topology-interp
33075,NOR_NO-SP138,-20.443465,-50.053906,interpolated,topology-interp
33076,SI_PET-SP088,-23.320005,-46.256944,interpolated,topology-interp
33078,GASA__UTE013,-20.770000,-51.260000,case-existing,case-existing
33079,COCAL2UTE013,-22.530000,-51.490000,case-existing,case-existing
33080,FERRARUTE013,-21.840000,-47.360000,case-existing,case-existing
33081,NOROESUTE013,-20.580000,-49.940000,case-existing,case-existing
33083,CRESCIUTE013,-22.170000,-47.340000,case-existing,case-existing
33084,INTERLUTE013,-20.530000,-51.230000,case-existing,case-existing
33085,PIONEIUTE013,-20.730000,-50.960000,case-existing,case-existing
33086,VCP_MSUTE013,-21.000000,-51.800000,case-existing,case-existing
33087,COLOM--SP138,-20.137537,-50.619416,interpolated,topology-interp
33088,COLOMBUTE013,-20.040000,-50.670000,case-existing,case-existing
33089,PAULIC-SP138,-21.422321,-51.676989,interpolated,topology-interp
33090,PAULICUTE013,-21.310000,-51.850000,case-existing,case-existing
33093,PIONEI-SP138,-20.669931,-50.949042,interpolated,topology-interp
33094,PIONE2UTE013,-20.730000,-50.950000,case-existing,case-existing
33095,MERIDI-SP138,-20.443465,-50.053906,interpolated,topology-interp
33096,MERIDIUTE013,-20.350000,-50.180000,case-existing,case-existing
33097,S_LUIZ-SP138,-21.864494,-47.302029,interpolated,topology-interp
33098,S_LUIZUTE013,-21.890000,-47.310000,case-existing,case-existing
33099,NOBLE-UTE013,-20.580000,-49.940000,case-existing,case-existing
33100,C_PONT-SP138,-22.330000,-51.880000,interpolated,topology-interp
33101,C_PONTUTE013,-22.120000,-51.760000,case-existing,case-existing
33102,A_SJOA-SP138,-21.916849,-46.842404,interpolated,topology-interp
33103,A_SJOAUTE013,-21.970000,-46.800000,case-existing,case-existing
33104,I_BALD-SP138,-22.036678,-47.443380,interpolated,topology-interp
33105,I_BALDUTE013,-21.990000,-47.450000,case-existing,case-existing
33106,ALCIDI-SP138,-22.406348,-52.505550,interpolated,topology-interp
33107,ALCIDIUTE013,-22.350000,-52.520000,case-existing,case-existing
33108,IPE___-SP138,-21.273888,-51.475610,interpolated,topology-interp
33109,IPE___UTE013,-21.100000,-51.480000,case-existing,case-existing
33110,NOBLE2UTE013,-20.350000,-50.180000,case-existing,case-existing
33111,CENI2-UTE013,-21.100000,-51.410000,case-existing,case-existing
33112,LEME_2-SP138,-22.190000,-47.430000,case-existing,case-existing
33113,ARUJ_2-SP138,-23.400000,-46.300000,case-existing,case-existing
33114,VIRAL--SP138,-21.852098,-47.442469,interpolated,topology-interp
33115,V.ALEG-SP138,-23.538019,-48.192786,interpolated,topology-interp
33116,V.ALEGUTE013,-23.490000,-48.120000,case-existing,case-existing
33117,B.HORA-SP138,-19.987523,-50.449622,interpolated,topology-interp
33118,CENI2--SP138,-21.187076,-51.443029,interpolated,topology-interp
33123,RVERMEUTE013,-21.490000,-51.360000,case-existing,case-existing
33130,3LAG2--SP138,-20.780000,-51.740000,case-existing,case-existing
33131,D#13L2-SP138,-20.772468,-51.695533,interpolated,topology-interp
33132,D#23L2-SP138,-20.777827,-51.700435,interpolated,topology-interp
33133,D#2EMP-SP138,-20.774917,-51.635510,interpolated,topology-interp
33137,CDFOR-UTE013,-20.230000,-50.340000,case-existing,case-existing
33159,S.JUANPCH013,-23.150000,-47.790000,case-existing,case-existing
33165,PET-Y1-SP138,-24.283965,-47.273166,interpolated,topology-interp
33166,PET-Y2-SP138,-24.283965,-47.273166,interpolated,topology-interp
33200,D#1MA2-SP138,-23.249817,-46.645315,interpolated,topology-interp
33201,D#2MA2-SP138,-23.249817,-46.645315,interpolated,topology-interp
33335,COELHO-SP138,-22.570000,-47.180000,case-existing,case-existing
33336,F.RICO-SP138,-20.395847,-50.067515,interpolated,topology-interp
33337,CASTI2-SP138,-20.790000,-51.600000,case-existing,case-existing
33338,E.OEST-SP138,-20.270000,-50.270000,case-existing,case-existing
33339,ITAPV3-SP138,-24.000000,-48.880000,interpolated,topology-interp
33340,JUNQUE-SP138,-21.534642,-51.503977,interpolated,topology-interp
33341,RUYROC-SP138,-22.482545,-47.483806,interpolated,topology-interp
33342,D#2RRO-SP138,-22.482593,-47.484013,interpolated,topology-interp
33343,D#1RRO-SP138,-22.482593,-47.484013,interpolated,topology-interp
33344,ZARAPL-SP138,-23.290325,-47.052180,interpolated,topology-interp
33349,D#1PAA-SP138,-24.624782,-47.791866,interpolated,topology-interp
33350,D#2PAA-SP138,-24.624782,-47.791866,interpolated,topology-interp
33352,KARINA-SP138,-22.449357,-47.414793,interpolated,topology-interp
33353,VIVA.P-SP138,-22.449357,-47.414793,interpolated,topology-interp
33354,DELTA2-SP138,-22.405750,-47.589037,interpolated,topology-interp
33355,D#1TT3-SP138,-23.393953,-47.896503,interpolated,topology-interp
33356,D#2TT3-SP138,-23.393953,-47.896503,interpolated,topology-interp
33357,D#1DL2-SP138,-22.405004,-47.591078,interpolated,topology-interp
33358,D#2DL2-SP138,-22.405807,-47.591537,interpolated,topology-interp
33359,D#1CED-SP138,-22.406508,-47.579096,interpolated,topology-interp
33360,D#2CED-SP138,-22.406809,-47.579269,interpolated,topology-interp
33361,D#1ALM-SP138,-22.406881,-47.574443,interpolated,topology-interp
33362,D#2ALM-SP138,-22.406981,-47.574501,interpolated,topology-interp
33363,D#1KAR-SP138,-22.450455,-47.413587,interpolated,topology-interp
33364,D#2KAR-SP138,-22.450455,-47.413587,interpolated,topology-interp
33365,D#1VIV-SP138,-22.450223,-47.414772,interpolated,topology-interp
33366,D#2VIV-SP138,-22.450223,-47.414772,interpolated,topology-interp
33367,D#1ECO-SP138,-22.525113,-47.212990,interpolated,topology-interp
33368,D#2ECO-SP138,-22.525113,-47.212990,interpolated,topology-interp
33369,D#1IBE-SP138,-23.768810,-45.455224,interpolated,topology-interp
33370,D#2IBE-SP138,-23.770522,-45.455430,interpolated,topology-interp
33371,D#1ANG-SP138,-23.563281,-48.224385,interpolated,topology-interp
33372,D#2ANG-SP138,-23.560799,-48.233989,interpolated,topology-interp
33373,D#1KLA-SP138,-23.526628,-48.337186,interpolated,topology-interp
33374,VILLAG-SP138,-22.416202,-47.565001,interpolated,topology-interp
33375,CARGIL-MS138,-20.831502,-51.678103,interpolated,topology-interp
33376,BRASIL-MS138,-20.806395,-51.704543,interpolated,topology-interp
33377,MAIRI2-SP138,-23.249825,-46.645150,interpolated,topology-interp
33378,D#1CAR-MS138,-20.831116,-51.677865,interpolated,topology-interp
33379,D#2CAR-MS138,-20.831116,-51.677865,interpolated,topology-interp
33380,D#1VLG-SP138,-22.415674,-47.566065,interpolated,topology-interp
33381,D#2VLG-SP138,-22.416376,-47.566468,interpolated,topology-interp
33382,D#1BRA-MS138,-20.794302,-51.700606,interpolated,topology-interp
33383,D#2BRA-MS138,-20.820759,-51.708840,interpolated,topology-interp
33384,D#1UFN-MS138,-20.761276,-51.687313,interpolated,topology-interp
33385,D#2UFN-MS138,-20.840817,-51.712086,interpolated,topology-interp
33386,D#1ARN-SP138,-22.567591,-47.175333,interpolated,topology-interp
33387,D#2ARN-SP138,-22.567591,-47.175333,interpolated,topology-interp
33388,D#1TGR-SP138,-22.338038,-47.575583,interpolated,topology-interp
33389,D#2TGR-SP138,-22.338038,-47.575583,interpolated,topology-interp
33390,D#1MUL-SP138,-22.341250,-47.569908,interpolated,topology-interp
33391,D#2MUL-SP138,-22.341250,-47.569908,interpolated,topology-interp
33397,CITRSU-SP138,-22.372551,-47.407066,interpolated,topology-interp
33398,SELVIR-SP138,-20.499260,-51.406308,interpolated,topology-interp
33399,GLP-FR-SP138,-23.316556,-46.889937,interpolated,topology-interp
33400,CRIST--SP138,-22.341596,-47.908351,interpolated,topology-interp
33401,D#1CRT-SP138,-22.325425,-47.899579,interpolated,topology-interp
33402,D#2CRT-SP138,-22.357586,-47.918099,interpolated,topology-interp
33403,D#1CIT-SP138,-22.372537,-47.407035,interpolated,topology-interp
33404,D#2CIT-SP138,-22.372476,-47.407063,interpolated,topology-interp
33405,D#1SLV-MS138,-20.499459,-51.406610,interpolated,topology-interp
33406,D#2SLV-MS138,-20.499459,-51.406610,interpolated,topology-interp
33407,D#1GLP-SP138,-23.327627,-46.856371,interpolated,topology-interp
33408,D#2GLP-SP138,-23.305261,-46.924314,interpolated,topology-interp
33409,INCEFR-SP138,-22.490000,-47.460000,interpolated,topology-interp
33410,MIRAN3-SP138,-22.271204,-51.904861,interpolated,topology-interp
33411,JALES2-SP138,-20.327296,-50.685521,interpolated,topology-interp
33412,#D1PG--SP138,-24.016109,-46.606261,interpolated,topology-interp
33413,#D2PG--SP138,-24.016109,-46.606261,interpolated,topology-interp
33467,S.JOAOUTE013,-23.630000,-46.420000,case-existing,case-existing
33468,BARUERUTE013,-23.510000,-46.850000,case-existing,case-existing
34201,RASGAOUHE013,-23.380000,-47.030000,case-existing,case-existing
34202,PIRAPOPCH013,-23.390000,-46.990000,case-existing,case-existing
34452,ESOUZAPCH013,-23.450000,-46.910000,interpolated,topology-interp
34700,HBORD3UHE013,-23.860000,-46.460000,case-existing,case-existing
34751,ALEGR6PCH013,-20.760000,-41.700000,case-existing,case-existing
35000,MASCA-UHE013,-19.500000,-40.920000,case-existing,case-existing
35001,SUICA1UHE013,-20.080000,-40.580000,case-existing,case-existing
35002,R.BONIUHE013,-20.060000,-40.640000,case-existing,case-existing
35003,CARAP1-ES013,-20.210000,-40.270000,interpolated,topology-interp
35004,BRAGUS-ES138,-19.830000,-40.070000,case-existing,case-existing
35005,T.BRAG-ES138,-19.819024,-40.099599,interpolated,topology-interp
35006,BOAPAB-ES138,-19.619421,-40.631704,interpolated,topology-interp
35007,BOAPAB-ES069,-19.708993,-40.599516,interpolated,topology-interp
35008,ALAGE--ES138,-20.330000,-40.370000,case-existing,case-existing
35009,ALAGE1-ES034,-20.330000,-40.370000,case-existing,case-existing
35010,ALAGE2-ES034,-20.330000,-40.370000,case-existing,case-existing
35011,SUZANO-ES138,-19.840000,-40.080000,case-existing,case-existing
35012,B.FERR-ES138,-20.320000,-40.300000,case-existing,case-existing
35013,SJOAO-PCH013,-20.510000,-41.280000,case-existing,case-existing
35014,C.ITAP-ES069,-20.850000,-41.090000,case-existing,case-existing
35015,C.ITAP-ES034,-20.850000,-41.090000,case-existing,case-existing
35016,C.ITAP-ES011,-20.850000,-41.090000,case-existing,case-existing
35017,SLUIZ-PCH013,-19.970000,-41.080000,case-existing,case-existing
35018,CARAPI-ES138,-20.210000,-40.270000,case-existing,case-existing
35019,CARAP1-ES034,-20.210000,-40.270000,case-existing,case-existing
35020,CEASA--ES138,-20.340000,-40.410000,case-existing,case-existing
35021,CASTE1-ES138,-20.584348,-41.294783,interpolated,topology-interp
35022,CIVIT--ES138,-20.160000,-40.240000,case-existing,case-existing
35023,BELGOA-ES138,-20.340000,-40.360000,case-existing,case-existing
35024,CARIAC-ES138,-20.280000,-40.390000,case-existing,case-existing
35025,2.VEND-ES069,-19.727557,-40.506845,interpolated,topology-interp
35026,AMT-A2-ES138,-20.250000,-40.230000,case-existing,case-existing
35027,CACIQU-ES138,-19.480000,-40.110000,case-existing,case-existing
35028,FRUTEI-ES138,-20.700000,-41.090000,case-existing,case-existing
35029,FUNDAO-ES069,-19.930000,-40.410000,case-existing,case-existing
35030,T.FUND-ES069,-19.896667,-40.456667,interpolated,topology-interp
35032,GUARAP-ES138,-20.661578,-40.602047,interpolated,topology-interp
35033,MANGUI-ES138,-20.180000,-40.200000,case-existing,case-existing
35034,JMONTE-ES069,-20.800000,-41.380000,case-existing,case-existing
35035,IBES---ES138,-20.380000,-40.320000,case-existing,case-existing
35036,T.ITAP-ES138,-20.955667,-40.881167,interpolated,topology-interp
35037,ITAPEM-ES138,-21.040000,-40.840000,case-existing,case-existing
35038,I.A.I.-ES138,-20.780000,-41.120000,case-existing,case-existing
35039,ITARAN-ES069,-19.890000,-40.870000,case-existing,case-existing
35040,T.JAGU-ES138,-18.874118,-40.283529,interpolated,topology-interp
35041,JAGUAR-ES138,-18.900000,-40.090000,case-existing,case-existing
35042,J.NEIV-ES138,-19.649269,-40.375594,interpolated,topology-interp
35043,J.NEIV-ES069,-19.746121,-40.414172,interpolated,topology-interp
35044,J.NEIV-ES013,-19.760000,-40.380000,case-existing,case-existing
35045,JAGUAR-ES069,-18.905000,-40.025000,interpolated,topology-interp
35046,FIESA--ES138,-19.950000,-40.345000,interpolated,topology-interp
35047,F.ALEG-ES069,-19.000000,-39.870000,case-existing,case-existing
35048,CARAP2-ES034,-20.210000,-40.270000,case-existing,case-existing
35049,ITARAN-ES138,-19.810000,-40.846667,interpolated,topology-interp
35050,LINHA--ES138,-19.390000,-40.070000,case-existing,case-existing
35051,T.SJOA-ES138,-20.716631,-40.694819,interpolated,topology-interp
35052,CARAP2-ES013,-20.210000,-40.270000,interpolated,topology-interp
35053,N.VENE-ES138,-18.792353,-40.480588,interpolated,topology-interp
35054,N.VENE-ES069,-18.720000,-40.410000,case-existing,case-existing
35055,GUARAP-ES034,-20.630000,-40.530000,case-existing,case-existing
35056,N.VENE-ES013,-18.720000,-40.410000,case-existing,case-existing
35057,BELGOL-ES138,-20.340000,-40.360000,case-existing,case-existing
35058,T1.VRC-ES138,-20.872333,-41.111167,interpolated,topology-interp
35059,PINHEI-ES138,-18.410000,-40.220000,case-existing,case-existing
35060,PIUMA--ES138,-20.830000,-40.730000,case-existing,case-existing
35061,PITANG-ES138,-20.230438,-40.291752,interpolated,topology-interp
35062,PRAIA--ES138,-20.260146,-40.300584,interpolated,topology-interp
35063,PRAIA--ES034,-20.290000,-40.310000,case-existing,case-existing
35064,GOIABE-ES138,-20.260000,-40.300000,case-existing,case-existing
35065,V.RICA-ES138,-20.840000,-41.140000,case-existing,case-existing
35066,LAMEIR-ES138,-20.670000,-40.520000,case-existing,case-existing
35067,R.BONI-ES069,-20.030000,-40.593333,interpolated,topology-interp
35068,S.MATE-ES069,-18.710000,-39.880000,case-existing,case-existing
35069,SAMARC-ES138,-20.770000,-40.580000,case-existing,case-existing
35070,MUNFREPCH013,-20.460000,-41.480000,case-existing,case-existing
35071,OLAM---ES138,-19.490000,-40.140000,case-existing,case-existing
35072,SMARIA-ES138,-20.040000,-40.750000,case-existing,case-existing
35073,S.TERE-ES069,-19.940000,-40.590000,case-existing,case-existing
35074,SUICA--ES138,-20.164000,-40.528000,interpolated,topology-interp
35075,SUICA--ES069,-20.090000,-40.550000,case-existing,case-existing
35076,TUBAR1-ES138,-20.270000,-40.250000,case-existing,case-existing
35077,TUBAR2-ES138,-20.270000,-40.250000,case-existing,case-existing
35078,TUBAR3-ES138,-20.270000,-40.240000,case-existing,case-existing
35079,ARACAT-ES138,-20.475991,-40.551557,interpolated,topology-interp
35080,M.ITA--ES069,-20.740000,-41.170000,case-existing,case-existing
35081,ALEGR6-ES069,-20.760000,-41.530000,case-existing,case-existing
35082,MARMOR-ES069,-20.840000,-41.150000,case-existing,case-existing
35083,MIMOSO-ES069,-21.060000,-41.360000,case-existing,case-existing
35084,ROSAL--ES069,-20.913333,-41.536667,interpolated,topology-interp
35085,CARAP1-ES000,-20.210000,-40.270000,interpolated,topology-interp
35086,CARAP2-ES000,-20.210000,-40.270000,interpolated,topology-interp
35087,J.NEI1-ES000,-19.718463,-40.389923,interpolated,topology-interp
35088,J.NEI2-ES000,-19.718463,-40.389923,interpolated,topology-interp
35089,N.VEN1-ES000,-18.756176,-40.445294,interpolated,topology-interp
35090,ROSAL1UHE013,-20.920000,-41.720000,case-existing,case-existing
35091,C.ITAP-ES000,-20.899000,-41.084500,interpolated,topology-interp
35092,N.VEN2-ES000,-18.756176,-40.445294,interpolated,topology-interp
35093,ITAPOA-ES138,-20.360000,-40.300000,case-existing,case-existing
35094,S.PEDR-ES138,-20.363198,-40.626311,interpolated,topology-interp
35095,S.PEDRPCH013,-20.330000,-40.640000,case-existing,case-existing
35096,S.JOAQ-ES138,-20.658316,-40.752409,interpolated,topology-interp
35097,S.JOAQPCH013,-20.600000,-40.810000,case-existing,case-existing
35098,S.SIMA-ES138,-20.621739,-41.413913,interpolated,topology-interp
35099,S.SIMAPCH013,-20.620000,-41.480000,case-existing,case-existing
35100,CACIMB-ES138,-19.460000,-39.760000,case-existing,case-existing
35101,PIRACE-ES138,-20.210000,-40.330000,case-existing,case-existing
35102,PARATI-ES138,-20.800000,-40.620000,case-existing,case-existing
35104,AMT-A1-ES138,-20.185109,-40.280438,interpolated,topology-interp
35105,S.SEDE-ES138,-20.130000,-40.300000,case-existing,case-existing
35106,N.AIMO-ES069,-18.720000,-40.160000,case-existing,case-existing
35107,PAULIS-ES138,-18.660000,-40.790000,case-existing,case-existing
35108,T2.VRC-ES138,-20.869000,-41.091167,interpolated,topology-interp
35109,P.GARR-ES069,-21.130000,-41.370000,interpolated,topology-interp
35110,P.GARRPCH013,-21.200000,-41.380000,case-existing,case-existing
35111,S.FE--PCH013,-20.700000,-41.520000,case-existing,case-existing
35112,S.FE---ES138,-20.660870,-41.466957,interpolated,topology-interp
35113,CANIVE-ES138,-19.340000,-40.050000,case-existing,case-existing
35114,S.MAIS-ES138,-19.330000,-40.070000,case-existing,case-existing
35115,R.QUAR-ES138,-19.500000,-40.130000,case-existing,case-existing
35116,B.GUAN-ES138,-19.500000,-40.920000,case-existing,case-existing
35117,B.SAHY-ES138,-19.840000,-40.080000,case-existing,case-existing
35122,PIR-1Y-ES138,-20.250000,-40.323333,interpolated,topology-interp
35123,PIR-2Y-ES138,-20.250000,-40.323333,interpolated,topology-interp
35124,T.BRI1-ES138,-19.837500,-40.122500,interpolated,topology-interp
35125,T.BRI2-ES138,-19.787073,-40.158798,interpolated,topology-interp
35126,B.RIAC-ES138,-19.840000,-40.070000,case-existing,case-existing
35127,T.USI1-ES138,-20.246667,-40.253333,interpolated,topology-interp
35128,T.USI2-ES138,-20.246667,-40.253333,interpolated,topology-interp
35129,USINA8-ES138,-20.260000,-40.250000,case-existing,case-existing
35130,ARACRU-ES138,-19.830000,-40.260000,case-existing,case-existing
35131,JURONG-ES138,-19.860000,-40.080000,case-existing,case-existing
35132,F.GUAD-ES138,-20.120000,-40.930000,interpolated,topology-interp
35133,F.GUAD-ES069,-20.200000,-41.110000,case-existing,case-existing
35134,A.CLAU-ES069,-20.070000,-41.120000,case-existing,case-existing
35135,IBIRAC-ES069,-19.820000,-40.370000,case-existing,case-existing
35136,CALDEI-ES069,-19.940000,-40.700000,case-existing,case-existing
35137,JURAMA-ES138,-18.930000,-40.280000,case-existing,case-existing
35138,PALMIT-ES069,-18.910000,-39.960000,case-existing,case-existing
35139,N.ZELA-ES138,-20.180000,-40.220000,case-existing,case-existing
35140,CACARO-ES138,-20.390000,-40.390000,case-existing,case-existing
35141,S.PELA-ES069,-19.978000,-41.012000,interpolated,topology-interp
35142,S.LUIZ-ES069,-19.974000,-41.046000,interpolated,topology-interp
35143,CANEXU-ES138,-19.840000,-40.080000,case-existing,case-existing
35144,P.BRA--ES138,-18.320000,-39.960000,case-existing,case-existing
35145,DMARTI-ES138,-20.396397,-40.612623,interpolated,topology-interp
35146,DMARTI-ES069,-20.350000,-40.660000,case-existing,case-existing
35149,RITAUN-ES138,-18.384000,-40.062000,interpolated,topology-interp
35152,S.MATE-ES034,-18.710000,-39.880000,case-existing,case-existing
35154,INDUST-ES138,-20.173333,-40.226667,interpolated,topology-interp
35155,BIANCO-ES138,-20.180000,-40.240000,case-existing,case-existing
35156,AVIVAC-ES069,-20.920000,-41.220000,case-existing,case-existing
35157,SAFRA--ES138,-20.950000,-41.110000,case-existing,case-existing
35158,SAFRA--ES069,-20.903333,-41.160000,interpolated,topology-interp
35159,CASTEL-ES069,-20.630000,-41.210000,case-existing,case-existing
35160,VSA-1Y-ES069,-20.460000,-41.200000,interpolated,topology-interp
35161,VICOSA-ES069,-20.410000,-41.270000,case-existing,case-existing
35162,V.NOVA-ES069,-20.340000,-41.120000,case-existing,case-existing
35163,SOTURN-ES138,-20.770000,-41.060000,case-existing,case-existing
35164,GLORIA-ES138,-20.330000,-40.310000,case-existing,case-existing
35165,VALLOU-ES138,-20.210000,-40.330000,interpolated,topology-interp
35166,PETRPA-ES138,-20.800000,-40.620000,interpolated,topology-interp
35167,WEG----ES138,-19.500000,-40.130000,interpolated,topology-interp
35168,BRAMTL-ES138,-19.500000,-40.130000,interpolated,topology-interp
35169,ALCONB-ES138,-18.422000,-40.006000,interpolated,topology-interp
35170,LASAB--ES138,-19.340000,-40.030000,interpolated,topology-interp
35171,COLAT2-ES138,-19.770000,-40.390000,interpolated,topology-interp
35188,FRUTEIPCH013,-20.700000,-41.080000,case-existing,case-existing
35190,SLUZI-PCH013,-20.770000,-40.990000,case-existing,case-existing
35351,BLESTE-DF500,-15.810000,-47.710000,case-existing,case-existing
35353,SMAM1D-DF000,-15.930000,-48.170000,interpolated,topology-interp
35354,SMAM1D-DF013,-15.930000,-48.170000,interpolated,topology-interp
35355,BRGERE-DF000,-15.808018,-47.950256,interpolated,topology-interp
35356,SMAM3D-DF013,-15.930000,-48.170000,interpolated,topology-interp
35357,SMAM3D-DF000,-15.930000,-48.170000,interpolated,topology-interp
35358,BSUL2J-DF013,-15.860000,-48.070000,interpolated,topology-interp
35359,BSUL2J-DF000,-15.860000,-48.070000,interpolated,topology-interp
35360,BRGERE-DF013,-15.808016,-47.950258,interpolated,topology-interp
35361,GOIAN2UTE013,-16.790000,-49.240000,case-existing,case-existing
35362,TAPMAR-RJ138,-22.908395,-43.818016,interpolated,topology-interp
35363,GERMAN-MG345,-20.430000,-43.320000,interpolated,topology-interp
35364,MASCR1-MG000,-20.290000,-47.070000,interpolated,topology-interp
35365,MASCR1-MG013,-20.290000,-47.070000,interpolated,topology-interp
35366,MASCR2-MG000,-20.290000,-47.070000,interpolated,topology-interp
35367,MASCR2-MG013,-20.290000,-47.070000,interpolated,topology-interp
35368,BAND2E-DF013,-16.790000,-49.230000,interpolated,topology-interp
35369,BAND2E-DF000,-16.790000,-49.230000,interpolated,topology-interp
35370,PIRINE-GO345,-16.370000,-48.756667,interpolated,topology-interp
35371,CORUMC-GO000,-17.990000,-48.540000,interpolated,topology-interp
35372,CORUMC-GO013,-17.990000,-48.540000,interpolated,topology-interp
35374,P.ACU--RJ345,-21.840000,-41.160000,case-existing,case-existing
35375,SMES1D-GO000,-13.830000,-48.300000,interpolated,topology-interp
35376,SMES1D-GO013,-13.830000,-48.300000,interpolated,topology-interp
35377,GNA-I--RJ345,-21.840000,-41.065000,interpolated,topology-interp
35378,CORUMD-GO000,-17.990000,-48.540000,interpolated,topology-interp
35379,CORUMD-GO013,-17.990000,-48.540000,interpolated,topology-interp
35380,VTRI-1-ES000,-20.190000,-40.290000,interpolated,topology-interp
35381,VTRI-F-ES013,-20.190000,-40.290000,interpolated,topology-interp
35382,VITO04-ES138,-20.190000,-40.290000,case-existing,case-existing
35383,VITO05-ES138,-20.190000,-40.290000,case-existing,case-existing
35384,VITO03-ES138,-20.190000,-40.290000,case-existing,case-existing
35385,VITO06-ES138,-20.190000,-40.290000,case-existing,case-existing
35440,NIG8---RJ000,-22.750000,-43.540000,interpolated,topology-interp
35445,NIG51C-RJ013,-22.750000,-43.540000,interpolated,topology-interp
35501,VPED-4-RJ000,-22.730000,-42.790000,interpolated,topology-interp
35502,VPED-C-RJ013,-22.730000,-42.790000,interpolated,topology-interp
35503,LAGOS1-RJ000,-22.443606,-42.028918,interpolated,topology-interp
35504,LAGOSA-RJ013,-22.443609,-42.028902,interpolated,topology-interp
35505,LAGOS2-RJ000,-22.443606,-42.028918,interpolated,topology-interp
35506,LAGOSB-RJ013,-22.443609,-42.028902,interpolated,topology-interp
35507,LAGOS3-RJ000,-22.443606,-42.028918,interpolated,topology-interp
35508,LAGOSC-RJ013,-22.443609,-42.028902,interpolated,topology-interp
35556,SPONTE-RJ345,-22.860000,-43.080000,case-existing,case-existing
35797,VTRI-5-ES000,-20.190000,-40.290000,interpolated,topology-interp
35798,VTRI-E-ES013,-20.190000,-40.290000,interpolated,topology-interp
36649,FOZIGE-PR000,-25.470000,-54.540000,interpolated,topology-interp
36650,FOZIGE-PR069,-25.470000,-54.540000,interpolated,topology-interp
36702,CAMPOD-RJ013,-21.720000,-41.340000,interpolated,topology-interp
36719,CAMPO4-RJ000,-21.720000,-41.340000,interpolated,topology-interp
36721,UTECT1-RJ000,-21.665449,-41.387706,interpolated,topology-interp
36722,UTECT1-RJ013,-21.665509,-41.387647,interpolated,topology-interp
36723,UTECT3-RJ000,-21.665449,-41.387706,interpolated,topology-interp
36724,UTECT3-RJ013,-21.665509,-41.387647,interpolated,topology-interp
37300,ITUMB-SIN013,-18.410000,-49.110000,interpolated,topology-interp
37301,S.MES-SIN013,-13.830000,-48.300000,interpolated,topology-interp
37351,DECAS-UTE013,-22.770000,-50.110000,case-existing,case-existing
37352,B.PERE-SP138,-21.662316,-50.599454,interpolated,topology-interp
37353,BPERE-UTE013,-21.490000,-51.030000,case-existing,case-existing
37390,D1ITJ2-SP138,-21.409644,-49.208894,interpolated,topology-interp
37391,D2ITJ2-SP138,-21.452911,-49.181784,interpolated,topology-interp
37392,ITAJO2-SP138,-21.430099,-49.195694,interpolated,topology-interp
37550,UFA---UTE013,-21.870000,-51.260000,case-existing,case-existing
37560,LUCEL-UTE013,-21.560000,-50.960000,case-existing,case-existing
37561,LUCEL--SP069,-21.581126,-50.940827,interpolated,topology-interp
37730,ABONITUTE013,-22.740000,-50.600000,case-existing,case-existing
37731,NAMERI-SP088,-22.739020,-50.533258,interpolated,topology-interp
37732,NAMER-UTE013,-22.790000,-50.550000,case-existing,case-existing
37900,CERRADUTE013,-21.100000,-48.930000,case-existing,case-existing
37901,SIZAB-UTE013,-21.508556,-49.212444,reference-psrbus,reference-psrbus
37902,SIZAB-UTE013 013kV-2,-21.510000,-49.210000,case-existing,case-existing
37903,SJEST-UTE013,-21.487222,-49.185833,reference-psrbus,reference-psrbus
37904,SJEST-UTE013 013kV-2,-21.490000,-49.190000,case-existing,case-existing
37906,FARTURUTE013,-21.150000,-49.610000,case-existing,case-existing
37907,P.PR02-SP138,-22.020073,-51.347272,interpolated,topology-interp
37908,D#1P02-SP138,-22.006845,-51.342740,interpolated,topology-interp
37909,D#2P02-SP138,-22.006845,-51.342740,interpolated,topology-interp
38000,CATAN3-SP138,-21.330115,-49.244866,interpolated,topology-interp
38010,BRAGA3-SP138,-22.993487,-46.657550,interpolated,topology-interp
38040,ZINRL1-RJ138,-22.886000,-43.732000,interpolated,topology-interp
38041,ZINRL2-RJ138,-22.886000,-43.732000,interpolated,topology-interp
38042,CAOTN--RJ138,-22.805850,-43.423251,interpolated,topology-interp
38043,CAOTR--RJ138,-22.783140,-43.434667,interpolated,topology-interp
38051,FIOCRU-RJ138,-22.880000,-43.250000,case-existing,case-existing
38052,M.VAZ2-RJ138,-22.969045,-43.222438,interpolated,topology-interp
38053,ALCTN--RJ138,-22.927037,-43.251111,interpolated,topology-interp
38054,CROTAP-RJ138,-22.795301,-43.418714,interpolated,topology-interp
38055,ABRTAP-RJ138,-22.771325,-43.399678,interpolated,topology-interp
38056,ALCTR--RJ138,-22.925484,-43.240000,interpolated,topology-interp
38057,TAPALV-RJ138,-22.978095,-43.411428,interpolated,topology-interp
38058,LPDTN--RJ138,-22.930000,-43.250000,interpolated,topology-interp
38059,GARTAP-RJ138,-22.960952,-43.392381,interpolated,topology-interp
38060,REATAP-RJ138,-22.883223,-43.454236,interpolated,topology-interp
38061,PORTO--RJ138,-22.910000,-43.210000,interpolated,topology-interp
38062,LPDTR--RJ138,-22.928889,-43.246667,interpolated,topology-interp
38063,URGTN--RJ138,-22.929630,-43.228889,interpolated,topology-interp
38064,PECHIN-RJ138,-22.910000,-43.382500,interpolated,topology-interp
38065,URGTR--RJ138,-22.930000,-43.230000,interpolated,topology-interp
38066,L.GASE-RJ138,-22.910000,-43.760000,case-existing,case-existing
38067,GERDUA-RJ138,-22.910000,-43.750000,case-existing,case-existing
38068,RCPTN--RJ138,-22.926667,-43.226667,interpolated,topology-interp
38069,RCPTR--RJ138,-22.925161,-43.220000,interpolated,topology-interp
38070,VIG-A-TAP138,-22.600000,-43.866667,interpolated,topology-interp
38071,VIG-B-TAP138,-22.624615,-43.866154,interpolated,topology-interp
38072,THY---TAP138,-22.516923,-43.839231,interpolated,topology-interp
38073,CIP---TAP138,-22.553846,-43.838461,interpolated,topology-interp
38074,CMSTN--RJ138,-22.881969,-43.643875,interpolated,topology-interp
38075,CMSTR--RJ138,-22.882610,-43.643348,interpolated,topology-interp
38076,BARRA2-RJ138,-23.000000,-43.320000,case-existing,case-existing
38077,ESTALE-RJ138,-22.930000,-43.850000,case-existing,case-existing
38078,ITAOC1-RJ138,-21.875477,-42.514136,interpolated,topology-interp
38079,ITAOC1UHE013,-21.874940,-42.514250,interpolated,topology-interp
38080,ITAOC2-RJ138,-21.874862,-42.516380,interpolated,topology-interp
38081,ABVTN--RJ138,-22.875906,-43.601624,interpolated,topology-interp
38082,MARINH-RJ138,-22.919197,-43.834008,interpolated,topology-interp
38084,OLIMPI-RJ138,-22.980000,-43.400000,case-existing,case-existing
38086,ABVTR--RJ138,-22.877830,-43.600044,interpolated,topology-interp
38087,JABTR--RJ138,-22.880881,-43.546783,interpolated,topology-interp
38088,AFRTR--RJ138,-22.874518,-43.498044,interpolated,topology-interp
38089,CAMTN--RJ138,-22.882674,-43.477350,interpolated,topology-interp
38090,CAMTR--RJ138,-22.881927,-43.477963,interpolated,topology-interp
38091,PMGTN--RJ138,-22.897741,-43.434745,interpolated,topology-interp
38092,PMGTR--RJ138,-22.897834,-43.434669,interpolated,topology-interp
38093,CHRTN--RJ138,-22.926667,-43.520000,interpolated,topology-interp
38094,CHRTR--RJ138,-22.927480,-43.601484,interpolated,topology-interp
38095,ESPTN--RJ138,-22.916143,-43.708164,interpolated,topology-interp
38096,ESPTR--RJ138,-22.916143,-43.708164,interpolated,topology-interp
38097,SJOTN--RJ138,-22.775124,-43.324988,interpolated,topology-interp
38098,MCL1TN-RJ138,-22.842380,-43.326144,interpolated,topology-interp
38099,FICTN--RJ138,-22.816145,-43.328531,interpolated,topology-interp
38100,J.BOT1-RJ138,-22.930000,-43.228571,interpolated,topology-interp
38101,J.BOT2-RJ138,-22.930000,-43.228571,interpolated,topology-interp
38102,METRO4-RJ138,-22.990000,-43.250000,case-existing,case-existing
38103,FICTR--RJ138,-22.820918,-43.332671,interpolated,topology-interp
38105,TAP-MT-RJ138,-22.820570,-43.309005,interpolated,topology-interp
38106,SCONRT-RJ138,-22.974492,-43.266819,interpolated,topology-interp
38107,MRTTR--RJ138,-22.796054,-43.329449,interpolated,topology-interp
38108,CXSTR--RJ138,-22.805373,-43.314963,interpolated,topology-interp
38109,CLGTN--RJ138,-22.852397,-43.334849,interpolated,topology-interp
38110,EQUIN2-RJ138,-22.870000,-43.270000,case-existing,case-existing
38111,EQUIN3-RJ138,-22.800000,-43.350000,case-existing,case-existing
38112,PRCTAP-RJ138,-22.697500,-43.760000,interpolated,topology-interp
38113,JB2TAP-RJ138,-22.875751,-43.550997,interpolated,topology-interp
38114,LAME2A-RJ138,-22.878786,-43.551713,interpolated,topology-interp
38115,VCNTN--RJ138,-22.837196,-43.334547,interpolated,topology-interp
38116,VGETN--RJ138,-22.816458,-43.322188,interpolated,topology-interp
38117,AGRTR--RJ138,-22.825714,-43.295714,interpolated,topology-interp
38118,CLGTR--RJ138,-22.852580,-43.335257,interpolated,topology-interp
38119,MCL2TN-RJ138,-22.837743,-43.335772,interpolated,topology-interp
38120,ROSTN--RJ138,-22.815015,-43.332240,interpolated,topology-interp
38121,VGETR--RJ138,-22.815194,-43.320415,interpolated,topology-interp
38122,AGRTN--RJ138,-22.817656,-43.312929,interpolated,topology-interp
38123,CXSTN--RJ138,-22.781905,-43.311905,interpolated,topology-interp
38124,WLSTN--RJ138,-22.782171,-43.315533,interpolated,topology-interp
38125,WLSTR--RJ138,-22.782171,-43.315533,interpolated,topology-interp
38126,FCZTN--RJ138,-22.868095,-43.264762,interpolated,topology-interp
38127,FCZTR--RJ138,-22.865238,-43.265238,interpolated,topology-interp
38128,MRTTN--RJ138,-22.794762,-43.318095,interpolated,topology-interp
38129,MTCTR--RJ138,-22.834286,-43.294286,interpolated,topology-interp
38130,TERTN--RJ138,-22.873478,-43.295571,interpolated,topology-interp
38131,TERTR--RJ138,-22.874973,-43.294076,interpolated,topology-interp
38132,CBITN--RJ138,-22.883261,-43.320870,interpolated,topology-interp
38133,CBITR--RJ138,-22.882609,-43.321522,interpolated,topology-interp
38134,DMCTN--RJ138,-22.883478,-43.281821,interpolated,topology-interp
38135,DMCTR--RJ138,-22.883723,-43.281576,interpolated,topology-interp
38136,OWITN--RJ138,-22.887826,-43.263940,interpolated,topology-interp
38137,OWITR--RJ138,-22.887908,-43.263859,interpolated,topology-interp
38138,MDUTN--RJ138,-22.835275,-43.389983,interpolated,topology-interp
38139,MNBTN--RJ138,-22.806359,-43.429036,interpolated,topology-interp
38140,NIGTR--RJ138,-22.787781,-43.450809,interpolated,topology-interp
38141,TURTR--RJ138,-22.855632,-43.360090,interpolated,topology-interp
38142,PANTN--RJ138,-22.839423,-43.374398,interpolated,topology-interp
38143,PVNTN--RJ138,-22.812637,-43.403104,interpolated,topology-interp
38144,NIGTN--RJ138,-22.778489,-43.444914,interpolated,topology-interp
38145,BMLTR--RJ138,-22.762830,-43.481638,interpolated,topology-interp
38146,MDUTR--RJ138,-22.861580,-43.355515,interpolated,topology-interp
38147,GDLTR--RJ138,-22.837269,-43.380672,interpolated,topology-interp
38148,PVNTR--RJ138,-22.810226,-43.416502,interpolated,topology-interp
38149,CSOTN--RJ138,-22.773409,-43.478834,interpolated,topology-interp
38150,TURTN--RJ138,-22.845702,-43.370072,interpolated,topology-interp
38151,MNBTR--RJ138,-22.809634,-43.404344,interpolated,topology-interp
38152,BMLTN--RJ138,-22.771729,-43.452080,interpolated,topology-interp
38153,CSOTR--RJ138,-22.760576,-43.490693,interpolated,topology-interp
38154,RFRTN--RJ138,-22.781135,-43.482139,interpolated,topology-interp
38155,CRMT1--RJ138,-22.787045,-43.477380,interpolated,topology-interp
38156,PANTR--RJ138,-22.837591,-43.378196,interpolated,topology-interp
38157,RFRTR--RJ138,-22.776988,-43.478268,interpolated,topology-interp
38158,QMDTR--RJ138,-22.736667,-43.572857,interpolated,topology-interp
38159,STCTR--RJ138,-22.720000,-43.618571,interpolated,topology-interp
38160,SRDTR--RJ138,-22.703333,-43.732857,interpolated,topology-interp
38161,CRMT2--RJ138,-22.785663,-43.476089,interpolated,topology-interp
38162,GDLTN--RJ138,-22.837944,-43.384970,interpolated,topology-interp
38163,CROTN--RJ138,-22.783200,-43.422958,interpolated,topology-interp
38164,STCTN--RJ138,-22.720000,-43.650000,interpolated,topology-interp
38165,CROT2--RJ138,-22.768300,-43.400740,interpolated,topology-interp
38166,QMDTN--RJ138,-22.718750,-43.659997,interpolated,topology-interp
38167,FJBTR--RJ138,-22.718750,-43.660001,interpolated,topology-interp
38168,SRDTN--RJ138,-22.707892,-43.730132,interpolated,topology-interp
38169,AVDTR--RJ138,-22.978095,-43.411428,interpolated,topology-interp
38170,RECTN--RJ138,-22.995238,-43.438572,interpolated,topology-interp
38171,RECTR--RJ138,-22.995238,-43.438572,interpolated,topology-interp
38172,ITPTN--RJ138,-22.997619,-43.434286,interpolated,topology-interp
38173,ITPTR--RJ138,-22.997619,-43.434286,interpolated,topology-interp
38174,PJCTN--RJ138,-22.952381,-43.400952,interpolated,topology-interp
38175,PJCTR--RJ138,-22.952381,-43.400952,interpolated,topology-interp
38176,GDNTR--RJ138,-22.960952,-43.392381,interpolated,topology-interp
38177,CURTN--RJ138,-22.960476,-43.396191,interpolated,topology-interp
38178,CURTR--RJ138,-22.960476,-43.396191,interpolated,topology-interp
38179,TQRTN--RJ138,-22.910000,-43.395000,interpolated,topology-interp
38180,TQRTR--RJ138,-22.910000,-43.395000,interpolated,topology-interp
38181,VVQTN--RJ138,-22.900000,-43.382500,interpolated,topology-interp
38182,VVQTR--RJ138,-22.900000,-43.382500,interpolated,topology-interp
38183,PDGTN--RJ138,-22.958014,-43.333062,interpolated,topology-interp
38184,PDGTR--RJ138,-22.958014,-43.333062,interpolated,topology-interp
38185,BARTN--RJ138,-22.983205,-43.329225,interpolated,topology-interp
38186,BARTR--RJ138,-22.983205,-43.329225,interpolated,topology-interp
38187,SCOTR--RJ138,-22.974492,-43.266819,interpolated,topology-interp
38188,BRRTN--RJ138,-22.991603,-43.324612,interpolated,topology-interp
38189,BRRTR--RJ138,-22.991603,-43.324612,interpolated,topology-interp
38190,VTLTN--RJ138,-22.728700,-43.330885,interpolated,topology-interp
38191,VTLTR--RJ138,-22.729620,-43.331766,interpolated,topology-interp
38192,SRPTN--RJ138,-22.696070,-43.312639,interpolated,topology-interp
38193,SRPTR--RJ138,-22.698859,-43.315298,interpolated,topology-interp
38194,ELDTN--RJ138,-22.639603,-43.287082,interpolated,topology-interp
38195,ELDTR--RJ138,-22.646956,-43.294129,interpolated,topology-interp
38196,CFRTN--RJ138,-22.458549,-43.168689,interpolated,topology-interp
38197,CRFTR--RJ138,-22.509075,-43.217137,interpolated,topology-interp
38198,IMTTN--RJ138,-22.541838,-43.240695,interpolated,topology-interp
38199,IMTTR--RJ138,-22.560904,-43.258925,interpolated,topology-interp
38200,C.FBRL-RJ138,-22.580000,-44.000000,case-existing,case-existing
38201,FCC----RJ138,-22.890000,-43.730000,case-existing,case-existing
38203,ASCENT-RJ138,-22.810000,-43.350000,case-existing,case-existing
38204,TRSALI-RJ138,-22.821711,-43.333634,interpolated,topology-interp
38205,INFTN--RJ138,-21.915268,-42.687784,interpolated,topology-interp
38206,INFTR--RJ138,-21.939348,-42.677736,interpolated,topology-interp
38207,SPCTN--RJ138,-22.063482,-42.864807,interpolated,topology-interp
38208,SPCTR--RJ138,-21.991041,-42.894840,interpolated,topology-interp
38209,SBMTN--RJ138,-22.533258,-44.184157,interpolated,topology-interp
38210,SBMTR--RJ138,-22.533258,-44.184157,interpolated,topology-interp
38211,FTLTN--RJ138,-22.539775,-44.162472,interpolated,topology-interp
38212,FTLTR--RJ138,-22.539775,-44.162472,interpolated,topology-interp
38213,BABTN--RJ138,-22.536067,-44.143258,interpolated,topology-interp
38214,BABTR--RJ138,-22.536067,-44.143258,interpolated,topology-interp
38215,CTPTN--RJ138,-22.518427,-44.117303,interpolated,topology-interp
38216,CTPTR--RJ138,-22.518427,-44.117303,interpolated,topology-interp
38217,RTOTN--RJ138,-22.509213,-44.118652,interpolated,topology-interp
38218,DUPTR--RJ138,-22.514430,-44.282278,interpolated,topology-interp
38219,RSDTR--RJ138,-22.498481,-44.416076,interpolated,topology-interp
38220,CPRTR--RJ138,-22.583634,-43.279642,interpolated,topology-interp
38221,CPRTN--RJ138,-22.577316,-43.273586,interpolated,topology-interp
38222,FCCTN--RJ138,-22.882000,-43.724000,interpolated,topology-interp
38223,FCCTR--RJ138,-22.882000,-43.724000,interpolated,topology-interp
38224,BYPCAS-RJ138,-22.870995,-43.309901,interpolated,topology-interp
38225,MRPTN--RJ138,-22.832500,-43.575000,interpolated,topology-interp
38226,MRPTR--RJ138,-22.832500,-43.575000,interpolated,topology-interp
38227,CSNINT-RJ138,-22.520000,-44.120000,interpolated,topology-interp
38228,RTOTR--RJ138,-22.509213,-44.118652,interpolated,topology-interp
38229,DUPTN--RJ138,-22.510000,-44.226667,interpolated,topology-interp
38231,FT-BL1-RJ138,-22.711838,-43.735197,interpolated,topology-interp
38232,FT-BL3-RJ138,-22.711838,-43.735197,interpolated,topology-interp
38233,PP-BL1-RJ138,-22.712087,-43.724051,interpolated,topology-interp
38234,JB1TAP-RJ138,-22.849393,-43.575857,interpolated,topology-interp
38235,LAME2B-RJ138,-22.890294,-43.542261,interpolated,topology-interp
38236,AST-1Y-RJ138,-22.811489,-43.344166,interpolated,topology-interp
38237,CFBTN--RJ138,-22.593333,-43.983333,interpolated,topology-interp
38238,EQN2TR-RJ138,-22.890870,-43.387174,interpolated,topology-interp
38239,AST-2Y-RJ138,-22.808929,-43.343633,interpolated,topology-interp
38240,CFBTR--RJ138,-22.593333,-43.983333,interpolated,topology-interp
38241,EQN2TN-RJ138,-22.891087,-43.386957,interpolated,topology-interp
38242,EQN3TN-RJ138,-22.802749,-43.348863,interpolated,topology-interp
38243,EQN3TR-RJ138,-22.801773,-43.348660,interpolated,topology-interp
38244,T1-ITG-RJ138,-22.895714,-43.748571,interpolated,topology-interp
38245,T2-ITG-RJ138,-22.895714,-43.748571,interpolated,topology-interp
38246,CMDTN--RJ138,-22.891905,-43.752857,interpolated,topology-interp
38247,CMDTR--RJ138,-22.891905,-43.752857,interpolated,topology-interp
38248,CSCTN--RJ138,-22.905238,-43.752857,interpolated,topology-interp
38249,CSCTR--RJ138,-22.905238,-43.752857,interpolated,topology-interp
38250,CMD----RJ138,-22.890000,-43.750000,case-existing,case-existing
38251,RLGTA1-RJ138,-22.883503,-43.454006,interpolated,topology-interp
38254,PECHTN-RJ138,-22.910000,-43.382500,interpolated,topology-interp
38255,PECHTR-RJ138,-22.910000,-43.382500,interpolated,topology-interp
38256,SJOTR--RJ138,-22.772018,-43.329816,interpolated,topology-interp
38260,VISEH--RJ138,-22.790000,-43.350000,case-existing,case-existing
38261,VISEHNTAP138,-22.796390,-43.352347,interpolated,topology-interp
38262,VISEHRTAP138,-22.796762,-43.352424,interpolated,topology-interp
38263,METR42-RJ138,-22.990000,-43.250000,case-existing,case-existing
38264,SCALA--RJ138,-22.800000,-43.360000,case-existing,case-existing
38265,SCALTNTAP138,-22.797536,-43.358409,interpolated,topology-interp
38266,SCALTRTAP138,-22.797396,-43.358380,interpolated,topology-interp
38267,GLP----RJ138,-22.620000,-43.290000,case-existing,case-existing
38268,GLPTN-TAP138,-22.572595,-43.248524,interpolated,topology-interp
38269,GLPTR-TAP138,-22.592011,-43.267087,interpolated,topology-interp
38270,MANTN--RJ138,-22.917407,-43.242222,interpolated,topology-interp
38271,MANTR--RJ138,-22.917097,-43.240000,interpolated,topology-interp
38272,PBRN2--RJ138,-22.922222,-43.246667,interpolated,topology-interp
38273,PBRN1--RJ138,-22.921290,-43.240000,interpolated,topology-interp
38274,TIVTN--RJ138,-22.949047,-43.415715,interpolated,topology-interp
38275,TIVTR--RJ138,-22.949047,-43.415715,interpolated,topology-interp
38276,TIVIT--RJ138,-22.949047,-43.415714,interpolated,topology-interp
38277,CHIADO-RJ138,-22.260665,-43.016558,interpolated,topology-interp
38278,ANTAFV-RJ138,-22.260989,-43.016721,interpolated,topology-interp
38279,RJRTN--RJ138,-22.936190,-43.410476,interpolated,topology-interp
38280,RJRTR--RJ138,-22.936190,-43.410476,interpolated,topology-interp
38281,RJREF--RJ138,-22.936190,-43.410476,interpolated,topology-interp
38282,ODATN--RJ138,-22.736690,-43.602465,interpolated,topology-interp
38283,ODATR--RJ138,-22.736690,-43.602465,interpolated,topology-interp
38284,ODA----RJ138,-22.736691,-43.602463,interpolated,topology-interp
38285,PDDTN--RJ138,-22.890373,-43.301213,interpolated,topology-interp
38286,PDDTR--RJ138,-22.890373,-43.301213,interpolated,topology-interp
38287,BMTTN--RJ138,-22.910124,-43.283738,interpolated,topology-interp
38288,BMTTR--RJ138,-22.910124,-43.283738,interpolated,topology-interp
38450,NPECA2UHE013,-22.680000,-43.870000,case-existing,case-existing
38451,FONTE2UHE013,-22.690000,-43.860000,case-existing,case-existing
38800,N.IGAC-RJ138,-22.750000,-43.540000,case-existing,case-existing
38832,PARAC4-MG138,-17.070000,-47.110000,case-existing,case-existing
38851,CORUMB-MS230,-19.040000,-57.620000,case-existing,case-existing
38852,SIDROL-MS230,-20.890000,-54.930000,case-existing,case-existing
38853,CHAPAD-MS230,-18.910000,-52.390000,case-existing,case-existing
38854,JATAI--GO230,-17.790000,-52.090000,case-existing,case-existing
38855,INOCEN-MS230,-19.650000,-51.400000,case-existing,case-existing
38856,I.SOL2-MS230,-20.320000,-51.420000,case-existing,case-existing
38857,RBRILH-MS230,-21.540000,-53.820000,case-existing,case-existing
38858,IVINHE-MS230,-22.420000,-53.570000,case-existing,case-existing
38859,ANASTACER013,-20.570000,-55.840000,interpolated,topology-interp
38860,CGR---CER013,-20.550000,-54.750000,interpolated,topology-interp
38861,QUIRI2-GO230,-18.490000,-50.580000,case-existing,case-existing
38862,EDEIA--GO230,-17.300000,-49.910000,case-existing,case-existing
38863,COLETO-MT500,-16.470000,-52.640000,interpolated,topology-interp
38864,TORIXO-MT500,-16.470000,-52.640000,interpolated,topology-interp
38865,RB-RNACAP500,-17.095000,-51.750000,interpolated,topology-interp
38866,RB-RNBCAP500,-17.095000,-51.750000,interpolated,topology-interp
38867,RB-RNCCAP500,-17.095000,-51.750000,interpolated,topology-interp
38868,RIOVERCER013,-17.720000,-50.860000,interpolated,topology-interp
38869,CAMP3C-SP000,-22.770000,-47.000000,interpolated,topology-interp
38870,CAMP3C-SP013,-22.770000,-47.000000,interpolated,topology-interp
38871,CAÇU---GO230,-18.530000,-51.150000,case-existing,case-existing
38872,PRNTGA-MT230,-14.160000,-54.430000,case-existing,case-existing
38873,CANARA-MT230,-13.520000,-52.290000,case-existing,case-existing
38874,MRAGUD-SP500,-20.870000,-48.160000,case-existing,case-existing
38875,SMATE1-ES138,-18.723333,-39.883333,interpolated,topology-interp
38876,I.SOL2-MS440,-20.320000,-51.420000,case-existing,case-existing
38877,GOIANI-GO230,-16.430000,-49.430000,case-existing,case-existing
38878,ACUPOR-RJ138,-21.840000,-41.160000,case-existing,case-existing
38879,IACIAR-GO230,-14.120000,-46.630000,case-existing,case-existing
38880,DPEDRI-SP230,-23.290000,-46.160000,case-existing,case-existing
38881,DPEDRI-SP088,-23.290000,-46.160000,case-existing,case-existing
38882,ACUPOR-RJ013,-21.840000,-41.160000,interpolated,topology-interp
38883,ACUPOR-RJ000,-21.840000,-41.160000,interpolated,topology-interp
38884,ASOLO2-GO230,-17.916667,-49.750000,interpolated,topology-interp
38885,ESTANC-SP138,-22.448348,-48.522550,interpolated,topology-interp
38886,ESTANC-SP440,-22.636116,-48.287515,interpolated,topology-interp
38888,LINHAR-ES230,-19.400000,-40.110000,case-existing,case-existing
38900,JANAU3-MG500,-15.920000,-43.330000,case-existing,case-existing
38901,JANAU3SIN013,-15.920000,-43.330000,interpolated,topology-interp
38902,MALGR2-MG345,-18.800000,-49.000000,case-existing,case-existing
38903,MLGR2--MG000,-18.800000,-49.000000,interpolated,topology-interp
38904,UBER10-MG345,-18.950000,-48.090000,case-existing,case-existing
38905,UBER10-MG138,-18.950000,-48.090000,case-existing,case-existing
38906,ARAXA3-MG345,-19.710000,-47.000000,case-existing,case-existing
38907,ARAXA3-MG138,-19.710000,-47.000000,case-existing,case-existing
38908,NPONTE-MG345,-19.263333,-47.596667,interpolated,topology-interp
38909,MALGR2-MG138,-18.800000,-49.000000,case-existing,case-existing
38910,MLGR2--MG013,-18.800000,-49.000000,interpolated,topology-interp
38911,JAIBA--MG500,-15.290000,-43.720000,case-existing,case-existing
38912,BURIT3-MG500,-17.450000,-45.120000,case-existing,case-existing
38913,BURIT3-MG345,-17.450000,-45.120000,case-existing,case-existing
38921,GVALA6-MG500,-18.810000,-41.970000,case-existing,case-existing
38925,SDUMO2-MG500,-20.900000,-43.655000,interpolated,topology-interp
38927,LEOPOL-MG500,-20.730000,-42.870000,interpolated,topology-interp
38928,CAPEL3-MG500,-17.720000,-42.450000,case-existing,case-existing
38929,JANAU6-MG500,-16.160000,-43.570000,case-existing,case-existing
38930,N.EXTR-MG500,-21.660000,-46.845000,interpolated,topology-interp
38931,N.EXTR-MG138,-21.660000,-46.845000,interpolated,topology-interp
38932,NPONT3-MG500,-19.390000,-47.700000,case-existing,case-existing
38940,SDALM1-MG500,-14.929283,-42.914279,interpolated,topology-interp
38950,LAGOS--RJ500,-22.335000,-42.877500,interpolated,topology-interp
38951,CAMPO2-RJ500,-21.830000,-41.350000,case-existing,case-existing
38952,V.AZUL-RJ500,-22.360000,-41.870000,case-existing,case-existing
38954,GNA-II-RJ500,-21.840000,-41.020000,case-existing,case-existing
38969,JAIBAA-MG013,-15.290000,-43.720000,interpolated,topology-interp
38970,JAIBAA-MG000,-15.290000,-43.720000,interpolated,topology-interp
38971,JAIBA--MG230,-15.290000,-43.720000,case-existing,case-existing
38972,JAIBA--MG138,-15.290000,-43.720000,case-existing,case-existing
38974,MUTUM--MG500,-19.900000,-41.450000,case-existing,case-existing
38975,PPARA2-MG500,-17.010000,-41.480000,case-existing,case-existing
38976,PPARA2CER013,-17.010000,-41.480000,interpolated,topology-interp
38984,GVAL6A-MG000,-18.810000,-41.970000,interpolated,topology-interp
38985,GVAL6A-MG013,-18.810000,-41.970000,interpolated,topology-interp
38986,GVALA6-MG230,-18.810000,-41.970000,case-existing,case-existing
38987,GVAL6B-MG000,-18.810000,-41.970000,interpolated,topology-interp
38988,GVAL6B-MG013,-18.810000,-41.970000,interpolated,topology-interp
38989,RVERD1-GO000,-17.720000,-50.860000,interpolated,topology-interp
38990,RVERD1-GO013,-17.720000,-50.860000,interpolated,topology-interp
38991,RVERD2-GO000,-17.720000,-50.860000,interpolated,topology-interp
38992,RVERD2-GO013,-17.720000,-50.860000,interpolated,topology-interp
38993,ODATA--RJ138,-22.800000,-43.360000,case-existing,case-existing
38994,TAPND1-RJ138,-22.795845,-43.362803,interpolated,topology-interp
38995,TAPND2-RJ138,-22.795799,-43.362793,interpolated,topology-interp
38996,RVERDN-GO230,-17.720000,-50.860000,case-existing,case-existing
38997,JAIBAB-MG013,-15.290000,-43.720000,interpolated,topology-interp
38998,JAIBAB-MG000,-15.290000,-43.720000,interpolated,topology-interp
39001,JNEIV2CER013,-19.770000,-40.390000,interpolated,topology-interp
39010,D.BERN-MG500,-16.878333,-43.621667,interpolated,topology-interp
39040,GURUPI-TO230,-11.678633,-48.136028,interpolated,topology-interp
39041,GURUPB-TO138,-11.675899,-48.608084,interpolated,topology-interp
39050,DIANO2-TO230,-11.620000,-46.790000,case-existing,case-existing
39051,DIANO2-TO138,-11.620000,-46.790000,case-existing,case-existing
39060,LEOPO2-MG345,-21.470000,-42.700000,case-existing,case-existing
39061,LEOPO2-MG138,-21.470000,-42.700000,case-existing,case-existing
39062,LEOPT1-MG000,-21.470000,-42.700000,interpolated,topology-interp
39063,LEOPT1-MG013,-21.470000,-42.700000,interpolated,topology-interp
39064,LEOPT2-MG000,-21.470000,-42.700000,interpolated,topology-interp
39065,LEOPT2-MG013,-21.470000,-42.700000,interpolated,topology-interp
39111,JNEIV2-ES138,-19.770000,-40.390000,case-existing,case-existing
39112,SMATE2-ES138,-18.750000,-39.890000,case-existing,case-existing
39113,R.N.S.-ES138,-20.860000,-40.880000,case-existing,case-existing
39151,C.NORT-MT138,-15.580000,-55.950000,case-existing,case-existing
39212,SMATE2-ES230,-18.750000,-39.890000,case-existing,case-existing
39311,JNEIV2-ES345,-19.770000,-40.390000,case-existing,case-existing
39313,R.N.S.-ES345,-20.860000,-40.880000,case-existing,case-existing
39320,RNS-01-ES000,-20.860000,-40.880000,interpolated,topology-interp
39321,R.N.S.-ES013,-20.860000,-40.880000,interpolated,topology-interp
39322,R.N.S2-ES000,-20.860000,-40.880000,interpolated,topology-interp
39323,R.N.S2-ES013,-20.860000,-40.880000,interpolated,topology-interp
39467,NP3-1-SIN013,-19.390000,-47.700000,interpolated,topology-interp
39468,NP3-2-SIN013,-19.390000,-47.700000,interpolated,topology-interp
39479,PARAC-SIN013,-17.070000,-47.110000,interpolated,topology-interp
39511,JNEIV2-ES500,-19.770000,-40.390000,case-existing,case-existing
39514,R.N.S.-ES500,-20.860000,-40.880000,case-existing,case-existing
39551,C.NORT-MT500,-15.580000,-55.950000,case-existing,case-existing
39813,ARINO2-MG500,-15.750000,-45.970000,case-existing,case-existing
39816,GARANHSIN013,-5.370000,-44.360000,interpolated,topology-interp
39841,PARAI2-MS230,-19.270000,-52.860000,case-existing,case-existing
39842,PARAI2-MS138,-19.270000,-52.860000,case-existing,case-existing
39849,CGNDE2-MS138,-20.440000,-54.490000,case-existing,case-existing
39850,CGNDE2-MS230,-20.440000,-54.490000,case-existing,case-existing
39851,USJATA-GO069,-17.935000,-51.710000,interpolated,topology-interp
39852,USFAZV-GO069,-17.950000,-51.725000,interpolated,topology-interp
39853,USPONT-GO069,-18.570000,-52.475000,interpolated,topology-interp
39854,USIRAR-GO069,-17.945000,-51.070000,interpolated,topology-interp
39855,CABUI-PCH013,-22.010000,-43.320000,case-existing,case-existing
39856,VERD2BPCH013,-17.270000,-50.860000,case-existing,case-existing
39857,ESTRELUHE013,-18.500000,-51.650000,case-existing,case-existing
39858,TABOC-PCH006,-18.520000,-51.550000,case-existing,case-existing
39859,PEGOR-PCH013,-14.600000,-58.210000,case-existing,case-existing
39860,ALAGO3PCH013,-22.230000,-44.670000,case-existing,case-existing
39861,PMASCAPCH013,-19.260000,-43.610000,case-existing,case-existing
39862,C.MAGAUHE013,-17.050000,-53.145000,interpolated,topology-interp
39863,COLIB-PCH006,-16.260000,-55.460000,case-existing,case-existing
39864,BRSUL-PCH006,-9.540000,-54.730000,case-existing,case-existing
39865,BRJUA-PCH013,-20.850000,-42.330000,case-existing,case-existing
39870,B.COQU-GO138,-18.648750,-51.212500,interpolated,topology-interp
39871,PCHTAB-GO138,-18.567500,-51.435000,interpolated,topology-interp
39872,UHEEST-GO138,-18.533750,-51.542500,interpolated,topology-interp
39901,ANIL--PCH013,-20.820000,-45.060000,case-existing,case-existing
39902,MVELHAPCH013,-16.190000,-47.170000,case-existing,case-existing
39904,SMORAIPCH013,-18.950000,-49.380000,case-existing,case-existing
40201,ANTA--UHE013,-21.920000,-42.790000,case-existing,case-existing
40202,ANTA---RJ138,-21.999123,-42.678666,interpolated,topology-interp
40203,BJESUSPCH006,-21.130000,-41.710000,case-existing,case-existing
40320,PPEDRA-MS138,-19.404000,-52.630000,interpolated,topology-interp
40321,PPEDRAPCH013,-19.470000,-52.540000,case-existing,case-existing
40322,PLANAL-MS138,-18.798750,-52.415000,interpolated,topology-interp
40323,PLANALPCH013,-18.790000,-52.380000,case-existing,case-existing
40324,RVELMO-MS138,-18.813750,-52.315000,interpolated,topology-interp
40325,RVELMOPCH013,-18.820000,-52.180000,case-existing,case-existing
40330,SDOMIN-MS138,-20.255000,-53.030000,interpolated,topology-interp
40331,SDOMINUHE013,-20.060000,-53.180000,case-existing,case-existing
40332,PARAIS-MS138,-19.156000,-53.107000,interpolated,topology-interp
40334,PARAISPCH013,-19.040000,-53.000000,case-existing,case-existing
40335,ASUCUR-MS138,-19.203000,-52.993500,interpolated,topology-interp
40336,ASUCURPCH013,-19.250000,-52.880000,case-existing,case-existing
40337,BURIT--MS138,-19.338000,-52.720000,interpolated,topology-interp
40338,BURITIPCH013,-19.340000,-52.670000,case-existing,case-existing
40339,CRICA--MS138,-18.540000,-53.130000,case-existing,case-existing
40341,CRICA-PCH013,-18.560000,-53.130000,case-existing,case-existing
40343,PALTA--MS034,-19.405000,-54.525000,interpolated,topology-interp
40344,PALTA-PCH013,-19.410000,-54.490000,case-existing,case-existing
40345,MIMOS2UHE013,-20.680000,-53.570000,case-existing,case-existing
40346,MIMOS1UHE013,-20.680000,-53.570000,case-existing,case-existing
40347,SECCRV-MS138,-18.807500,-52.450000,interpolated,topology-interp
40348,VERDE4PCH013,-19.980000,-53.270000,case-existing,case-existing
40349,VERD4APCH013,-19.870000,-53.370000,case-existing,case-existing
40350,BANDEIPCH013,-19.530000,-52.520000,case-existing,case-existing
40351,ALCON-UTE013,-18.460000,-39.950000,case-existing,case-existing
40352,ALCON--ES138,-18.422000,-40.006000,interpolated,topology-interp
40353,LASA---ES138,-19.340000,-40.030000,interpolated,topology-interp
40354,CSTG12UTE013,-20.130000,-40.300000,case-existing,case-existing
40355,LASA--UTE013,-19.340000,-40.010000,case-existing,case-existing
40356,CSTG34UTE013,-20.130000,-40.300000,case-existing,case-existing
40357,USISOLUTE013,-20.120000,-40.290000,case-existing,case-existing
40358,USCSTTUTE013,-20.130000,-40.300000,case-existing,case-existing
40360,AGROPEUTE013,-19.250000,-44.980000,case-existing,case-existing
40361,ARCEL--ES069,-19.840000,-40.075000,interpolated,topology-interp
40362,ARCEL2UTE013,-19.840000,-40.070000,case-existing,case-existing
40363,ARCEL3UTE013,-19.840000,-40.070000,case-existing,case-existing
40364,ARCEL1UTE013,-19.840000,-40.070000,case-existing,case-existing
40366,LLAZU-UTE013,-17.260000,-47.690000,case-existing,case-existing
40367,ASOLO2UTE013,-17.950000,-49.850000,case-existing,case-existing
40369,CERRA3UTE013,-19.920000,-49.160000,case-existing,case-existing
40375,BRACEL-SP034,-22.540000,-48.810000,case-existing,case-existing
40376,BRACE-UTE013,-22.540000,-48.820000,case-existing,case-existing
40388,VPON2-UTE013,-19.310000,-50.720000,case-existing,case-existing
40390,TUPAC-UTE013,-18.750000,-48.610000,case-existing,case-existing
40400,UCCAL1-SP088,-22.652000,-49.470000,interpolated,topology-interp
40401,COCAL1UTE013,-22.470000,-50.780000,case-existing,case-existing
40402,CANAA-UTE013,-22.940000,-47.600000,case-existing,case-existing
40403,MARA-B-SP088,-22.560845,-50.603149,interpolated,topology-interp
40404,MARAC-UTE013,-22.570000,-50.640000,case-existing,case-existing
40405,CERRA2UTE013,-19.920000,-49.160000,case-existing,case-existing
40410,QUATA-UTE013,-22.250000,-50.650000,case-existing,case-existing
40411,GPASSOUTE013,-19.970000,-44.100000,case-existing,case-existing
40412,DIAS--PCH013,-18.910000,-48.340000,interpolated,topology-interp
40414,GNA1G-UTE013,-19.060000,-46.730000,case-existing,case-existing
40415,CARNEIUTE013,-19.810000,-50.780000,case-existing,case-existing
40416,CORUAAUTE013,-19.710000,-50.330000,case-existing,case-existing
40417,ITABIRUTE013,-20.230000,-43.970000,case-existing,case-existing
40419,TOTALLUTE013,-20.090000,-46.040000,case-existing,case-existing
40440,GNA1G-UTE013 013kV-2,-21.840000,-41.040000,case-existing,case-existing
40441,GNA1V-UTE013,-21.840000,-41.040000,case-existing,case-existing
40444,GNA3G-UTE013,-21.840000,-41.010000,case-existing,case-existing
40445,GNA3V-UTE013,-21.840000,-41.010000,case-existing,case-existing
40448,MAZUL-UTE013,-22.360000,-41.870000,case-existing,case-existing
40449,POVOA1UTE013,-19.530000,-39.800000,case-existing,case-existing
40450,POVOA1UTE013 013kV-2,-19.530000,-39.800000,case-existing,case-existing
40451,POVOA1-ES138,-19.512500,-39.833750,interpolated,topology-interp
40467,TRIG32UTE013,-22.710000,-43.250000,case-existing,case-existing
40468,TRIG12UTE013,-22.710000,-43.250000,case-existing,case-existing
40469,TRIG22UTE013,-22.710000,-43.250000,case-existing,case-existing
40590,BJATA-UTE013,-17.690000,-51.620000,case-existing,case-existing
40604,SONORAUTE006,-17.620000,-54.760000,case-existing,case-existing
40606,LDREYF-MS138,-21.655000,-54.625000,interpolated,topology-interp
40607,LDREY-UTE013,-21.510000,-54.700000,case-existing,case-existing
40608,ANGELI-MS138,-22.164500,-53.906500,interpolated,topology-interp
40609,ANGELIUTE013,-22.040000,-53.840000,case-existing,case-existing
40610,AGRENC-MS138,-22.718752,-54.956249,interpolated,topology-interp
40613,VALEGR-MS138,-21.700000,-55.510000,interpolated,topology-interp
40614,VALEGRUTE013,-21.780000,-55.580000,case-existing,case-existing
40615,SFERNA-MS138,-22.337979,-54.928019,interpolated,topology-interp
40616,SFERNAUTE013,-22.337987,-54.928012,interpolated,topology-interp
40617,NAMERI-MS138,-22.405996,-54.866004,interpolated,topology-interp
40618,CAARAPUTE013,-22.610000,-54.680000,case-existing,case-existing
40619,MVERDE-MS138,-22.280000,-55.040000,interpolated,topology-interp
40620,MVERDEUTE013,-22.290000,-55.090000,case-existing,case-existing
40621,SGABRL-MS138,-20.546818,-54.436824,interpolated,topology-interp
40622,SGABRIUTE013,-20.546819,-54.436831,interpolated,topology-interp
40629,PASSATUTE013,-21.700000,-54.560000,case-existing,case-existing
40630,S.FER1UTE013,-22.337987,-54.928012,interpolated,topology-interp
40632,CDOUR-UTE013,-18.490000,-49.640000,case-existing,case-existing
40649,CUIA-VUTE013,-15.600000,-56.100000,case-existing,case-existing
40651,ARCELO-RJ138,-22.500000,-44.520000,interpolated,topology-interp
40652,VOTORA-RJ034,-22.500000,-44.520000,interpolated,topology-interp
40654,PAHLAV-SP034,-22.740000,-47.110000,interpolated,topology-interp
40655,TERNIU-RJ500,-22.870000,-43.710000,interpolated,topology-interp
40656,TERNIU-RJ138,-22.870000,-43.710000,interpolated,topology-interp
40657,CSN----RJ138,-22.520000,-44.120000,case-existing,case-existing
40658,ANGAM--GO230,-15.120000,-48.930000,interpolated,topology-interp
40659,ANGAM--GO034,-15.120000,-48.930000,interpolated,topology-interp
40660,ANGAM-CER034,-15.120000,-48.930000,interpolated,topology-interp
40661,REPLN--SP138,-22.740000,-47.110000,interpolated,topology-interp
40662,USIMIN-SP088,-23.860000,-46.420000,interpolated,topology-interp
40663,CODEMI-GO230,-14.160000,-48.340000,case-existing,case-existing
40664,VOTNQL-GO230,-14.470000,-48.490000,interpolated,topology-interp
40665,MARACA-GO230,-14.940000,-49.520000,interpolated,topology-interp
40666,WMARTI-SP088,-23.860000,-46.420000,interpolated,topology-interp
40667,A100RO-SP034,-23.150000,-46.990000,interpolated,topology-interp
40668,GERDAU-SP034,-23.440000,-47.080000,interpolated,topology-interp
40669,JBS----GO230,-19.480000,-42.550000,interpolated,topology-interp
40670,CARAMU-GO230,-19.480000,-42.550000,case-existing,case-existing
40671,CSN----MG500,-20.330000,-43.780000,interpolated,topology-interp
40672,KINROS-MG500,-17.070000,-47.110000,interpolated,topology-interp
40673,UNIPAR-SP440,-23.770000,-46.370000,interpolated,topology-interp
40674,GVBRAS-SP230,-22.920000,-45.410000,interpolated,topology-interp
40675,DCA02--SP230,-23.450000,-46.910000,interpolated,topology-interp
40676,SCALAT-SP230,-23.470000,-46.840000,interpolated,topology-interp
40680,S.A.M.-MG345,-16.730000,-42.570000,interpolated,topology-interp
40689,MPILAR-MG230,-19.600000,-43.330000,interpolated,topology-interp
40700,VIGA---MG345,-20.580000,-43.970000,interpolated,topology-interp
41131,GERDT1-MG000,-20.380000,-43.550000,interpolated,topology-interp
41132,GERDT2-MG000,-20.380000,-43.550000,interpolated,topology-interp
41133,GERDT3-MG000,-20.380000,-43.550000,interpolated,topology-interp
41134,GERDT4-MG000,-20.380000,-43.550000,interpolated,topology-interp
41135,GERDT1-MG013,-20.380000,-43.550000,interpolated,topology-interp
41136,GERDT2-MG013,-20.380000,-43.550000,interpolated,topology-interp
41137,GERDT3-MG013,-20.380000,-43.550000,interpolated,topology-interp
41138,GERDT4-MG013,-20.380000,-43.550000,interpolated,topology-interp
41139,GER-OB-MG069,-20.380000,-43.550000,interpolated,topology-interp
41140,WM-OB--MG069,-20.380000,-43.550000,interpolated,topology-interp
41148,JATOBAUHE013,-3.210000,-56.000000,interpolated,topology-interp
41149,TPJCOM-PA500,-3.210000,-56.000000,interpolated,topology-interp
41150,SLUITA-PA500,-3.210000,-56.000000,interpolated,topology-interp
41151,SLUITAUHE013,-3.210000,-56.000000,interpolated,topology-interp
41152,MIRITI-PA500,-3.210000,-56.000000,interpolated,topology-interp
41153,TRANSA-PA500,-3.710000,-53.720000,case-existing,case-existing
41155,TAPCOMUHE013,-3.210000,-56.000000,interpolated,topology-interp
41159,SLUITASIN013,-3.210000,-56.000000,interpolated,topology-interp
41160,ANAPU--PA500,-4.895000,-51.700000,interpolated,topology-interp
41162,ANAPU-SIN013,-4.895000,-51.700000,interpolated,topology-interp
41171,SINOP--MT500,-11.280000,-55.390000,interpolated,topology-interp
41172,COLIDE-MT500,-11.135000,-55.550000,interpolated,topology-interp
41173,SMANOE-MT500,-9.180000,-57.020000,case-existing,case-existing
41174,FAPIAC-MT500,-9.350000,-56.840000,interpolated,topology-interp
41175,TPIRES-MT500,-9.340000,-56.770000,case-existing,case-existing
41176,PRNTGACER013,-14.160000,-54.430000,interpolated,topology-interp
41201,G.ABPB-MA500,-5.370000,-44.360000,interpolated,topology-interp
41202,SILBPB-GO500,-16.580000,-48.300000,case-existing,case-existing
41203,SILVANSIN013,-16.580000,-48.300000,interpolated,topology-interp
41951,CALDII-RO230,-8.870000,-63.890000,case-existing,case-existing
41952,CALD01-RO000,-8.870000,-63.890000,interpolated,topology-interp
41953,COLOR--RO069,-12.850000,-60.470000,interpolated,topology-interp
41954,CACHO--RO069,-12.605000,-60.365000,interpolated,topology-interp
41955,MACH--UFV013,-9.450000,-62.030000,case-existing,case-existing
41956,COLOR-PCH013,-12.980000,-60.680000,case-existing,case-existing
41957,CACHO-PCH013,-12.490000,-60.470000,case-existing,case-existing
41958,CALDII-RO138,-8.870000,-63.890000,case-existing,case-existing
41959,CALD01-RO013,-8.870000,-63.890000,interpolated,topology-interp
41960,CALD02-RO000,-8.870000,-63.890000,interpolated,topology-interp
41961,VLJAU1CAP230,-14.050000,-59.545000,interpolated,topology-interp
41962,VLJAU2CAP230,-14.050000,-59.545000,interpolated,topology-interp
41963,VLJAU3CAP230,-14.050000,-59.545000,interpolated,topology-interp
41964,CALD02-RO013,-8.870000,-63.890000,interpolated,topology-interp
41965,CPVE14-RO000,-8.910000,-63.960000,interpolated,topology-interp
41966,CPVE14-RO013,-8.910000,-63.960000,interpolated,topology-interp
41967,CPVE15-RO000,-8.910000,-63.960000,interpolated,topology-interp
41968,CPVE15-RO013,-8.910000,-63.960000,interpolated,topology-interp
41969,SANAD1UHE013,-8.800000,-63.950000,case-existing,case-existing
41970,SANAD2UHE013,-8.800000,-63.950000,case-existing,case-existing
41971,SANTAD-RO230,-8.800000,-63.906667,interpolated,topology-interp
41972,TABAJAUHE013,-10.860000,-61.890000,interpolated,topology-interp
41973,TABAJA-RO230,-10.860000,-61.890000,interpolated,topology-interp
41989,COLET1-RO000,-8.910000,-63.960000,interpolated,topology-interp
41990,COLET1-RO013,-8.910000,-63.960000,interpolated,topology-interp
41991,COLET2-RO000,-8.910000,-63.960000,interpolated,topology-interp
41992,COLET2-RO013,-8.910000,-63.960000,interpolated,topology-interp
41995,ARIQUESIN013,-9.930000,-63.010000,interpolated,topology-interp
41996,JI-PARSIN013,-10.860000,-61.890000,interpolated,topology-interp
42000,FIGUE-PCH006,-12.000000,-62.170000,case-existing,case-existing
42151,ALTOAL-AC069,-9.910000,-67.820000,case-existing,case-existing
42152,TUCUM1-AC000,-10.040000,-67.940000,interpolated,topology-interp
42153,TUCUM1-AC013,-10.040000,-67.940000,interpolated,topology-interp
42154,ACRELA-AC069,-10.070000,-67.060000,case-existing,case-existing
42155,TUCUM2-AC000,-10.040000,-67.940000,interpolated,topology-interp
42156,ASSISB-AC069,-10.930000,-69.560000,case-existing,case-existing
42157,MANOEL-AC069,-8.830000,-69.260000,case-existing,case-existing
42158,ENVIRA-AC069,-8.180000,-70.360000,case-existing,case-existing
42159,TARAUA-AC069,-8.150000,-70.780000,case-existing,case-existing
42160,JURUA--AC069,-7.620000,-72.680000,case-existing,case-existing
42161,TUCUM2-AC013,-10.040000,-67.940000,interpolated,topology-interp
42162,FEIJO1-AC000,-8.190000,-70.550000,interpolated,topology-interp
42163,EPITAC-AC069,-11.030000,-68.720000,case-existing,case-existing
42164,FLORES-AC069,-9.990000,-67.840000,case-existing,case-existing
42165,PEIXES-AC069,-10.040000,-67.395000,interpolated,topology-interp
42166,FEIJO1-AC013,-8.190000,-70.550000,interpolated,topology-interp
42167,FEIJO2-AC000,-8.190000,-70.550000,interpolated,topology-interp
42168,FEIJO2-AC013,-8.190000,-70.550000,interpolated,topology-interp
42169,CRZSU1-AC000,-7.690000,-72.640000,interpolated,topology-interp
42170,CRZSU1-AC013,-7.690000,-72.640000,interpolated,topology-interp
42171,CRZSU2-AC000,-7.690000,-72.640000,interpolated,topology-interp
42172,CRZSU2-AC013,-7.690000,-72.640000,interpolated,topology-interp
42541,SIDRLB-MS138,-20.890000,-54.930000,case-existing,case-existing
42544,CHAPDB-MS138,-18.910000,-52.390000,case-existing,case-existing
42545,ENTRRR-GO138,-18.910000,-52.390000,interpolated,topology-interp
42546,PTOAGU-GO138,-18.690000,-52.500000,interpolated,topology-interp
42547,CHAPA--MS138,-18.592500,-51.345000,interpolated,topology-interp
42548,CTARIC-MS138,-18.725000,-52.760000,interpolated,topology-interp
42549,FIGUEI-MS138,-19.269000,-52.396500,interpolated,topology-interp
42550,NARDIN-MS138,-19.089000,-52.191500,interpolated,topology-interp
42551,GUATAM-MS138,-19.258000,-52.393000,interpolated,topology-interp
42552,JATAI--GO138,-17.790000,-52.090000,case-existing,case-existing
42553,AGUAE--GO138,-16.930000,-51.686774,interpolated,topology-interp
42554,ALTOTA-MT138,-17.510000,-52.838710,interpolated,topology-interp
42555,MORROV-GO138,-17.190000,-52.397419,interpolated,topology-interp
42556,PEROLA-GO138,-17.790000,-52.090000,interpolated,topology-interp
42557,JATA---GO138,-17.740000,-51.855000,interpolated,topology-interp
42558,MINERB-GO138,-16.340000,-51.333548,interpolated,topology-interp
42559,INOCEN-MS138,-19.650000,-51.400000,case-existing,case-existing
42562,RBRIHB-MS138,-21.540000,-53.820000,case-existing,case-existing
42563,ELDOAB-MS138,-21.730833,-53.995000,interpolated,topology-interp
42564,STALU1-MS138,-21.535833,-54.175000,interpolated,topology-interp
42565,STALU2-MS138,-21.601667,-53.970000,interpolated,topology-interp
42566,IVINEB-MS138,-22.420000,-53.570000,case-existing,case-existing
42567,AMANDI-MS138,-22.375000,-53.695000,interpolated,topology-interp
42568,CERONA-MS138,-22.365000,-53.455000,interpolated,topology-interp
42569,IVINH--MS138,-22.430000,-53.575000,interpolated,topology-interp
42571,QUIRI2-GO138,-18.490000,-50.580000,case-existing,case-existing
42572,BVISTA-GO138,-18.520000,-50.505000,interpolated,topology-interp
42573,QUIRIB-GO138,-18.460000,-50.510000,interpolated,topology-interp
42574,EDEIA--GO138,-17.300000,-49.910000,case-existing,case-existing
42575,TROPI--GO138,-17.320000,-49.920000,interpolated,topology-interp
42576,TROPII-GO138,-17.490000,-50.005000,interpolated,topology-interp
42579,ENTRR-UTE013,-18.910000,-52.390000,interpolated,topology-interp
42580,PTOAG-UTE013,-18.470000,-52.610000,case-existing,case-existing
42582,CTRIC-UTE013,-18.540000,-53.130000,case-existing,case-existing
42583,FIGUE-PCH013,-19.280000,-52.400000,case-existing,case-existing
42584,NARD-BUTE013,-18.920000,-51.990000,case-existing,case-existing
42585,GUATA-PCH013,-19.200000,-52.350000,case-existing,case-existing
42586,AGUAE-UTE013,-17.520000,-52.040000,case-existing,case-existing
42587,ALTOT-UTE013,-17.830000,-53.280000,case-existing,case-existing
42588,MORRV-UTE013,-17.720000,-53.020000,case-existing,case-existing
42589,PEROL-UTE013,-17.790000,-52.090000,interpolated,topology-interp
42593,ELDOR-UTE013,-21.860000,-54.020000,case-existing,case-existing
42594,STAL1-UTE013,-21.470000,-54.380000,case-existing,case-existing
42596,AMAND-UTE013,-22.330000,-53.820000,case-existing,case-existing
42597,CERON-UTE013,-22.310000,-53.340000,case-existing,case-existing
42598,IVINH-UTE013,-22.440000,-53.580000,case-existing,case-existing
42600,BVIST-UTE013,-18.550000,-50.430000,case-existing,case-existing
42601,QUIRI-UTE013,-18.430000,-50.440000,case-existing,case-existing
42602,TRPI--UTE013,-17.340000,-49.930000,case-existing,case-existing
42603,TRPII-UTE013,-17.680000,-50.100000,case-existing,case-existing
42606,CAÇU1-UTE013,-18.600000,-51.190000,case-existing,case-existing
42608,NGALI-UTE013,-17.330000,-50.500000,case-existing,case-existing
42610,SDOII-PCH013,-13.410000,-46.370000,case-existing,case-existing
42611,GALHI-PCH013,-13.400000,-46.390000,case-existing,case-existing
42612,IACO--UTE013,-18.800000,-52.910000,case-existing,case-existing
42613,IACO---MS138,-18.855000,-52.650000,interpolated,topology-interp
43267,ARROZMPCH013,-26.771111,-49.302222,interpolated,topology-interp
43268,ARROZM-SC069,-26.771111,-49.302222,interpolated,topology-interp
43351,HYOSUN-SC138,-26.500000,-48.730000,case-existing,case-existing
43360,JOINBV-SC138,-26.310000,-48.830000,case-existing,case-existing
43361,JOINBV-SC069,-26.306000,-48.826000,interpolated,topology-interp
43362,JOINBV-SC000,-26.308000,-48.828000,interpolated,topology-interp
43363,JOINBV-SC013,-26.308000,-48.828000,interpolated,topology-interp
43400,TROMBUUTE013,-27.290000,-49.780000,case-existing,case-existing
43860,TREZTI-SC138,-26.970000,-51.430000,case-existing,case-existing
43862,SCARLO-SC138,-27.292705,-51.565460,interpolated,topology-interp
43863,AGOURO-SC138,-27.324348,-51.619135,interpolated,topology-interp
43864,AALEGR-SC138,-27.351959,-51.669658,interpolated,topology-interp
43865,BPINHE-SC138,-27.371450,-51.699719,interpolated,topology-interp
43866,PIRATU-SC138,-27.391009,-51.729880,interpolated,topology-interp
43867,PIRA---SC138,-27.410484,-51.759909,interpolated,topology-interp
43868,B.LEAO-SC138,-27.296771,-51.568661,interpolated,topology-interp
44017,JACUTIPCH023,-27.150000,-52.050000,case-existing,case-existing
44151,BASILI-SC069,-28.287760,-49.133219,interpolated,topology-interp
44152,BASILI-SC013,-28.262619,-49.153971,interpolated,topology-interp
44153,BASILI-SC000,-28.262548,-49.154025,interpolated,topology-interp
44154,HIPFRE-SC069,-28.650000,-49.100000,case-existing,case-existing
44155,CERGAL-SC069,-28.470000,-49.020000,case-existing,case-existing
44641,CBN-T1-PR000,-25.230000,-49.320000,interpolated,topology-interp
44642,CBN-T2-PR000,-25.230000,-49.320000,interpolated,topology-interp
44643,CBN-T1-PR013,-25.230000,-49.320000,interpolated,topology-interp
44644,CBN-T2-PR013,-25.230000,-49.320000,interpolated,topology-interp
44651,R.HUBN-PR230,-25.580000,-49.370000,interpolated,topology-interp
44652,HUBNER-PR230,-25.580000,-49.370000,interpolated,topology-interp
44653,PEROXI-PR230,-25.580000,-49.370000,interpolated,topology-interp
44654,PGROSSPCH013,-25.100000,-50.150000,case-existing,case-existing
44655,CBANOR-PR230,-25.230000,-49.320000,case-existing,case-existing
44656,CBANOR-PR138,-25.230000,-49.320000,case-existing,case-existing
44657,CASTLA-PR138,-24.564239,-50.159127,interpolated,topology-interp
44658,COOLAR-PR138,-25.108354,-53.941272,interpolated,topology-interp
44659,CBACEN-PR069,-25.439300,-49.254052,interpolated,topology-interp
44660,FRIMES-PR138,-24.139067,-53.595000,interpolated,topology-interp
44662,CAVER3PCH013,-25.480000,-52.190000,case-existing,case-existing
44665,CAVER4PCH013,-25.430000,-52.090000,case-existing,case-existing
44668,SDI-T4-PR000,-23.440000,-51.830000,interpolated,topology-interp
44669,SDI-T4-PR013,-23.440000,-51.830000,interpolated,topology-interp
44672,CAVER8PCH013,-25.310000,-51.970000,case-existing,case-existing
44675,CORFUNPCH013,-22.700000,-52.050000,case-existing,case-existing
44680,CBAOST-PR525,-25.630000,-49.800000,case-existing,case-existing
44681,CBAOS1-PR000,-25.573751,-49.630002,interpolated,topology-interp
44682,CBAOS1-PR013,-25.573750,-49.630000,interpolated,topology-interp
44683,CBAOS2-PR000,-25.573751,-49.630002,interpolated,topology-interp
44684,CBAOS2-PR013,-25.573750,-49.630000,interpolated,topology-interp
44686,S.LUIZPCH013,-26.240000,-52.430000,case-existing,case-existing
44690,CBAOST-PR230,-25.517500,-49.460000,interpolated,topology-interp
44693,BEIRARPCH013,-24.100000,-49.620000,case-existing,case-existing
44695,FORTALPCH013,-24.480000,-50.380000,case-existing,case-existing
44700,APA-T1-PR000,-23.530000,-51.450000,interpolated,topology-interp
44701,APA-T1-PR013,-23.530000,-51.450000,interpolated,topology-interp
44702,APA-T2-PR000,-23.530000,-51.450000,interpolated,topology-interp
44703,APA-T2-PR013,-23.530000,-51.450000,interpolated,topology-interp
44704,ARE-T1-PR000,-25.970000,-51.600000,interpolated,topology-interp
44705,ARE-T1-PR013,-25.970000,-51.600000,interpolated,topology-interp
44706,ARE-T2-PR000,-25.970000,-51.600000,interpolated,topology-interp
44707,ARE-T2-PR013,-25.970000,-51.600000,interpolated,topology-interp
44708,BATEIC-PR000,-25.410000,-49.530000,interpolated,topology-interp
44709,BATEIC-PR013,-25.410000,-49.530000,interpolated,topology-interp
44710,BATEID-PR000,-25.410000,-49.530000,interpolated,topology-interp
44711,BATEID-PR013,-25.410000,-49.530000,interpolated,topology-interp
44712,CEL-T1-PR000,-25.000000,-53.460000,interpolated,topology-interp
44713,CEL-T1-PR013,-25.000000,-53.460000,interpolated,topology-interp
44714,CEL-T2-PR000,-25.000000,-53.460000,interpolated,topology-interp
44715,CEL-T2-PR013,-25.000000,-53.460000,interpolated,topology-interp
44716,CEL-T3-PR000,-25.000000,-53.460000,interpolated,topology-interp
44717,CEL-T3-PR013,-25.000000,-53.460000,interpolated,topology-interp
44718,CSB-T1-PR000,-25.670000,-49.180000,interpolated,topology-interp
44719,CSB-T1-PR013,-25.670000,-49.180000,interpolated,topology-interp
44720,CSB-T2-PR000,-25.670000,-49.180000,interpolated,topology-interp
44721,CSB-T2-PR013,-25.670000,-49.180000,interpolated,topology-interp
44722,CCO-T1-PR000,-25.430000,-49.370000,interpolated,topology-interp
44723,CCO-T1-PR013,-25.430000,-49.370000,interpolated,topology-interp
44724,CCO-T2-PR000,-25.430000,-49.370000,interpolated,topology-interp
44725,CCO-T2-PR013,-25.430000,-49.370000,interpolated,topology-interp
44726,CIC-T1-PR000,-25.530000,-49.330000,interpolated,topology-interp
44727,CIC-T1-PR013,-25.530000,-49.330000,interpolated,topology-interp
44728,CIC-T2-PR000,-25.530000,-49.330000,interpolated,topology-interp
44729,CIC-T2-PR013,-25.530000,-49.330000,interpolated,topology-interp
44730,CMO-T1-PR000,-24.070000,-52.370000,interpolated,topology-interp
44731,CMO-T1-PR013,-24.070000,-52.370000,interpolated,topology-interp
44732,CMO-T2-PR000,-24.070000,-52.370000,interpolated,topology-interp
44733,CMO-T2-PR013,-24.070000,-52.370000,interpolated,topology-interp
44736,DJP-T1-PR000,-25.530000,-49.130000,interpolated,topology-interp
44737,DJP-T1-PR013,-25.530000,-49.130000,interpolated,topology-interp
44738,FOC-T1-PR000,-25.520000,-53.100000,interpolated,topology-interp
44739,FOC-T1-PR013,-25.520000,-53.100000,interpolated,topology-interp
44740,FOC-T2-PR000,-25.520000,-53.100000,interpolated,topology-interp
44741,FOC-T2-PR013,-25.520000,-53.100000,interpolated,topology-interp
44742,FON-T1-PR000,-25.490000,-54.540000,interpolated,topology-interp
44743,FON-T1-PR013,-25.490000,-54.540000,interpolated,topology-interp
44744,FON-T2-PR000,-25.490000,-54.540000,interpolated,topology-interp
44745,FON-T2-PR013,-25.490000,-54.540000,interpolated,topology-interp
44746,FRA-T1-PR000,-23.850000,-50.390000,interpolated,topology-interp
44747,FRA-T1-PR013,-23.850000,-50.390000,interpolated,topology-interp
44748,FRA-T2-PR000,-23.850000,-50.390000,interpolated,topology-interp
44749,FRA-T2-PR013,-23.850000,-50.390000,interpolated,topology-interp
44750,GPS-T1-PR000,-25.250000,-48.760000,interpolated,topology-interp
44751,GPS-T1-PR013,-25.250000,-48.760000,interpolated,topology-interp
44752,GPS-T2-PR000,-25.250000,-48.760000,interpolated,topology-interp
44753,GPS-T2-PR013,-25.250000,-48.760000,interpolated,topology-interp
44754,GUA-T1-PR000,-24.100000,-54.230000,interpolated,topology-interp
44755,GUA-T1-PR013,-24.100000,-54.230000,interpolated,topology-interp
44756,GUA-T2-PR000,-24.100000,-54.230000,interpolated,topology-interp
44757,GUA-T2-PR013,-24.100000,-54.230000,interpolated,topology-interp
44758,IBP-T1-PR000,-23.290000,-51.080000,interpolated,topology-interp
44759,IBP-T1-PR013,-23.290000,-51.080000,interpolated,topology-interp
44760,IBP-T2-PR000,-23.290000,-51.080000,interpolated,topology-interp
44761,IBP-T2-PR013,-23.290000,-51.080000,interpolated,topology-interp
44762,IBP-T3-PR000,-23.290000,-51.080000,interpolated,topology-interp
44763,IBP-T3-PR013,-23.290000,-51.080000,interpolated,topology-interp
44764,JGI-T1-PR000,-24.230000,-49.690000,interpolated,topology-interp
44765,JGI-T1-PR013,-24.230000,-49.690000,interpolated,topology-interp
44766,JGI-T2-PR000,-24.230000,-49.690000,interpolated,topology-interp
44767,JGI-T2-PR013,-24.230000,-49.690000,interpolated,topology-interp
44768,JGI-T3-PR000,-24.230000,-49.690000,interpolated,topology-interp
44769,JGI-T3-PR013,-24.230000,-49.690000,interpolated,topology-interp
44770,LON-T1-PR000,-23.280000,-51.240000,interpolated,topology-interp
44771,LON-T1-PR013,-23.280000,-51.240000,interpolated,topology-interp
44772,LON-T2-PR000,-23.280000,-51.240000,interpolated,topology-interp
44773,LON-T2-PR013,-23.280000,-51.240000,interpolated,topology-interp
44774,LON-T3-PR000,-23.280000,-51.240000,interpolated,topology-interp
44775,LON-T3-PR013,-23.280000,-51.240000,interpolated,topology-interp
44776,MGA-T1-PR000,-23.450000,-51.990000,interpolated,topology-interp
44777,MGA-T1-PR013,-23.450000,-51.990000,interpolated,topology-interp
44778,MGA-T2-PR000,-23.450000,-51.990000,interpolated,topology-interp
44779,MGA-T2-PR013,-23.450000,-51.990000,interpolated,topology-interp
44780,MGA-T3-PR000,-23.450000,-51.990000,interpolated,topology-interp
44781,MGA-T3-PR013,-23.450000,-51.990000,interpolated,topology-interp
44782,PBC-T1-PR000,-26.210000,-52.670000,interpolated,topology-interp
44783,PBC-T1-PR013,-26.210000,-52.670000,interpolated,topology-interp
44784,PBC-T2-PR000,-26.210000,-52.670000,interpolated,topology-interp
44785,PBC-T2-PR013,-26.210000,-52.670000,interpolated,topology-interp
44786,PFL-T1-PR000,-25.550000,-48.560000,interpolated,topology-interp
44787,PFL-T1-PR013,-25.550000,-48.560000,interpolated,topology-interp
44788,PFL-T2-PR000,-25.550000,-48.560000,interpolated,topology-interp
44789,PFL-T2-PR013,-25.550000,-48.560000,interpolated,topology-interp
44790,PIL-T1-PR000,-25.370000,-49.280000,interpolated,topology-interp
44791,PIL-T1-PR013,-25.370000,-49.280000,interpolated,topology-interp
44792,PIL-T2-PR000,-25.370000,-49.280000,interpolated,topology-interp
44793,PIL-T2-PR013,-25.370000,-49.280000,interpolated,topology-interp
44794,SDI-T1-PR000,-23.440000,-51.830000,interpolated,topology-interp
44795,SDI-T1-PR013,-23.440000,-51.830000,interpolated,topology-interp
44796,SMO-T1-PR000,-25.360000,-49.140000,interpolated,topology-interp
44797,SMO-T1-PR013,-25.360000,-49.140000,interpolated,topology-interp
44798,SMO-T2-PR000,-25.360000,-49.140000,interpolated,topology-interp
44799,SMO-T2-PR013,-25.360000,-49.140000,interpolated,topology-interp
44800,UBR-T1-PR000,-25.480000,-49.210000,interpolated,topology-interp
44801,UBR-T1-PR013,-25.480000,-49.210000,interpolated,topology-interp
44802,UBR-T2-PR000,-25.480000,-49.210000,interpolated,topology-interp
44803,UBR-T2-PR013,-25.480000,-49.210000,interpolated,topology-interp
44804,UMB-T1-PR000,-25.590000,-49.320000,interpolated,topology-interp
44805,UMB-T1-PR013,-25.590000,-49.320000,interpolated,topology-interp
44806,UMB-T2-PR000,-25.590000,-49.320000,interpolated,topology-interp
44807,UMB-T2-PR013,-25.590000,-49.320000,interpolated,topology-interp
44808,UMU-T1-PR000,-23.790000,-53.290000,interpolated,topology-interp
44809,UMU-T1-PR013,-23.790000,-53.290000,interpolated,topology-interp
44810,UMU-T2-PR000,-23.790000,-53.290000,interpolated,topology-interp
44811,UMU-T2-PR013,-23.790000,-53.290000,interpolated,topology-interp
44812,PGS-T1-PR000,-25.180000,-50.100000,interpolated,topology-interp
44813,PGS-T1-PR013,-25.180000,-50.100000,interpolated,topology-interp
44814,PGS-T2-PR000,-25.180000,-50.100000,interpolated,topology-interp
44815,PGS-T2-PR013,-25.180000,-50.100000,interpolated,topology-interp
44816,PGN-T1-PR000,-25.040000,-50.140000,interpolated,topology-interp
44817,PGN-T1-PR013,-25.040000,-50.140000,interpolated,topology-interp
44818,PGN-T2-PR000,-25.040000,-50.140000,interpolated,topology-interp
44819,PGN-T2-PR013,-25.040000,-50.140000,interpolated,topology-interp
44820,PGS-T3-PR000,-25.180000,-50.100000,interpolated,topology-interp
44821,PGS-T3-PR013,-25.180000,-50.100000,interpolated,topology-interp
44822,PGN-T4-PR000,-25.054998,-50.142500,interpolated,topology-interp
44823,PGN-T4-PR013,-25.055001,-50.142500,interpolated,topology-interp
44824,SMT-T1-PR000,-25.850000,-50.400000,interpolated,topology-interp
44825,SMT-T2-PR000,-25.850000,-50.400000,interpolated,topology-interp
44826,SMT-T2-PR013,-25.850000,-50.400000,interpolated,topology-interp
44827,BATEIA-PR000,-25.410000,-49.530000,interpolated,topology-interp
44828,BATEIA-PR013,-25.410000,-49.530000,interpolated,topology-interp
44829,BATEIB-PR000,-25.410000,-49.530000,interpolated,topology-interp
44830,BATEIB-PR013,-25.410000,-49.530000,interpolated,topology-interp
44831,BATEIE-PR000,-25.410000,-49.530000,interpolated,topology-interp
44832,BATEIE-PR013,-25.410000,-49.530000,interpolated,topology-interp
44833,CVO-T1-PR000,-25.030000,-53.530000,interpolated,topology-interp
44834,CVO-T1-PR013,-25.030000,-53.530000,interpolated,topology-interp
44835,CVO-T2-PR000,-25.030000,-53.530000,interpolated,topology-interp
44836,CVO-T2-PR013,-25.030000,-53.530000,interpolated,topology-interp
44837,CVO-T3-PR000,-25.030000,-53.530000,interpolated,topology-interp
44838,CVO-T3-PR013,-25.030000,-53.530000,interpolated,topology-interp
44839,DJP-T2-PR000,-25.530000,-49.130000,interpolated,topology-interp
44840,DJP-T2-PR013,-25.530000,-49.130000,interpolated,topology-interp
44841,SQUITE-PR230,-25.460000,-49.310000,case-existing,case-existing
44842,SQT-T1-PR000,-25.460000,-49.310000,interpolated,topology-interp
44843,SQT-T1-PR013,-25.460000,-49.310000,interpolated,topology-interp
44844,SQT-T2-PR000,-25.460000,-49.310000,interpolated,topology-interp
44845,SQT-T2-PR013,-25.460000,-49.310000,interpolated,topology-interp
44846,SQUITE-PR013,-25.460000,-49.310000,interpolated,topology-interp
44847,CBL-T1-PR000,-25.570000,-49.080000,interpolated,topology-interp
44848,CBL-T1-PR013,-25.570000,-49.080000,interpolated,topology-interp
44849,UBERAB-PR013,-25.480000,-49.210000,interpolated,topology-interp
44850,UMUSUL-PR138,-23.790000,-53.290000,case-existing,case-existing
44851,PVN-T1-PR000,-23.030000,-52.450000,interpolated,topology-interp
44852,PVN-T1-PR013,-23.030000,-52.450000,interpolated,topology-interp
44853,PVN-T2-PR000,-23.030000,-52.450000,interpolated,topology-interp
44854,PVN-T2-PR013,-23.030000,-52.450000,interpolated,topology-interp
44855,UMS-T3-PR000,-23.790000,-53.290000,interpolated,topology-interp
44856,SDI-T2-PR000,-23.440000,-51.830000,interpolated,topology-interp
44857,SDI-T3-PR000,-23.440000,-51.830000,interpolated,topology-interp
44858,SDI-T2-PR013,-23.440000,-51.830000,interpolated,topology-interp
44859,SDI-T3-PR013,-23.440000,-51.830000,interpolated,topology-interp
44860,SRD-T1-PR000,-23.622307,-51.989873,interpolated,topology-interp
44861,SRD-T1-PR013,-23.622296,-51.989828,interpolated,topology-interp
44862,LNS-T1-PR000,-23.390000,-51.240000,interpolated,topology-interp
44863,LNS-T1-PR013,-23.390000,-51.240000,interpolated,topology-interp
44864,SRD-T2-PR000,-23.622307,-51.989873,interpolated,topology-interp
44865,SRD-T2-PR013,-23.622296,-51.989828,interpolated,topology-interp
44866,UMS-T3-PR013,-23.790000,-53.290000,interpolated,topology-interp
44868,PFL-T3-PR000,-25.550000,-48.560000,interpolated,topology-interp
44869,PFL-T3-PR013,-25.550000,-48.560000,interpolated,topology-interp
44870,CBALST-PR000,-25.570000,-49.080000,interpolated,topology-interp
44871,CBALST-PR013,-25.570000,-49.080000,interpolated,topology-interp
44872,FON-T3-PR000,-25.490000,-54.540000,interpolated,topology-interp
44873,FON-T3-PR013,-25.490000,-54.540000,interpolated,topology-interp
44874,MGA-T4-PR000,-23.450000,-51.990000,interpolated,topology-interp
44875,MGA-T4-PR013,-23.450000,-51.990000,interpolated,topology-interp
44880,FRIMED-PR138,-25.326290,-54.360966,interpolated,topology-interp
44881,PGUARA-PR138,-25.550000,-48.560000,interpolated,topology-interp
44882,SEAROL-PR138,-23.317891,-51.262103,interpolated,topology-interp
44883,FBVIST-PR138,-25.105098,-51.403228,interpolated,topology-interp
44884,PAREDI-PR138,-25.022543,-51.416620,interpolated,topology-interp
44885,IGUCT1-PR013,-25.470000,-54.480000,interpolated,topology-interp
44886,BVIST2-PR138,-25.022543,-51.391620,interpolated,topology-interp
44887,PAREDIPCH013,-24.940000,-51.430000,case-existing,case-existing
44888,BVIST2PCH013,-24.940000,-51.380000,case-existing,case-existing
44889,IGUCT1-PR000,-25.470000,-54.480000,interpolated,topology-interp
44892,BATEIF-PR000,-25.410000,-49.530000,interpolated,topology-interp
44893,BATEIF-PR013,-25.410000,-49.530000,interpolated,topology-interp
44900,CASCVN-PR230,-24.880000,-53.450000,case-existing,case-existing
44901,CVN-T1-PR000,-24.880000,-53.450000,interpolated,topology-interp
44902,CVN-T2-PR000,-24.880000,-53.450000,interpolated,topology-interp
44903,CVN-T1-PR013,-24.880000,-53.450000,interpolated,topology-interp
44904,CVN-T2-PR013,-24.880000,-53.450000,interpolated,topology-interp
44905,CASCVN-PR138,-24.880000,-53.450000,case-existing,case-existing
44906,CERQU3-SP230,-23.140000,-47.770000,case-existing,case-existing
44907,CRQ-T1-SP000,-23.140000,-47.770000,interpolated,topology-interp
44908,CRQ-T2-SP000,-23.140000,-47.770000,interpolated,topology-interp
44909,CRQ-T3-SP000,-23.140000,-47.770000,interpolated,topology-interp
44910,CRQ-T1-SP013,-23.140000,-47.770000,interpolated,topology-interp
44911,CRQ-T2-SP013,-23.140000,-47.770000,interpolated,topology-interp
44912,CRQ-T3-SP013,-23.140000,-47.770000,interpolated,topology-interp
44913,CERQU3-SP138,-23.140000,-47.770000,case-existing,case-existing
44914,COLET--PR230,-24.335000,-53.370000,interpolated,topology-interp
44915,CVN-T3-PR000,-24.880000,-53.450000,interpolated,topology-interp
44916,CVN-T3-PR013,-24.880000,-53.450000,interpolated,topology-interp
44920,REALEZ-PR230,-25.780000,-53.520000,case-existing,case-existing
44921,RZA-T1-PR000,-25.780000,-53.520000,interpolated,topology-interp
44922,RZA-T1-PR013,-25.780000,-53.520000,interpolated,topology-interp
44923,RZA-T2-PR000,-25.780000,-53.520000,interpolated,topology-interp
44924,RZA-T2-PR013,-25.780000,-53.520000,interpolated,topology-interp
44925,MEDIAN-PR230,-25.270000,-54.100000,case-existing,case-existing
44926,MED-T1-PR000,-25.216249,-54.140946,interpolated,topology-interp
44927,MED-T1-PR013,-25.216532,-54.141151,interpolated,topology-interp
44928,GUA-T3-PR000,-24.100000,-54.230000,interpolated,topology-interp
44929,GUA-T3-PR013,-24.100000,-54.230000,interpolated,topology-interp
44930,SBRANCUHE013,-24.680000,-50.400000,case-existing,case-existing
44931,SBRANC-PR138,-24.574496,-50.364460,interpolated,topology-interp
44932,MED-T2-PR000,-25.216249,-54.140946,interpolated,topology-interp
44933,MED-T2-PR013,-25.216532,-54.141151,interpolated,topology-interp
44934,RZA-T3-PR000,-25.780000,-53.520000,interpolated,topology-interp
44935,RZA-T3-PR013,-25.780000,-53.520000,interpolated,topology-interp
45000,PGRO-A-PR000,-25.090000,-50.320000,interpolated,topology-interp
45001,PGRO-A-PR013,-25.090000,-50.320000,interpolated,topology-interp
45002,PGRO-B-PR000,-25.090000,-50.320000,interpolated,topology-interp
45003,PGRO-B-PR013,-25.090000,-50.320000,interpolated,topology-interp
45004,PGRO-C-PR000,-25.090000,-50.320000,interpolated,topology-interp
45005,PGRO-C-PR013,-25.090000,-50.320000,interpolated,topology-interp
45006,GPVA-A-PR000,-25.430000,-51.600000,interpolated,topology-interp
45007,GPVA-A-PR013,-25.430000,-51.600000,interpolated,topology-interp
45008,GPVA-B-PR000,-25.430000,-51.600000,interpolated,topology-interp
45009,GPVA-B-PR013,-25.430000,-51.600000,interpolated,topology-interp
45010,GPVA-C-PR000,-25.430000,-51.600000,interpolated,topology-interp
45011,GPVA-C-PR013,-25.430000,-51.600000,interpolated,topology-interp
45012,IRAT-A-PR000,-25.370000,-50.670000,interpolated,topology-interp
45013,IRAT-A-PR013,-25.370000,-50.670000,interpolated,topology-interp
45014,IRAT-B-PR000,-25.370000,-50.670000,interpolated,topology-interp
45015,IRAT-B-PR013,-25.370000,-50.670000,interpolated,topology-interp
45016,UVTN-A-PR000,-26.022714,-51.164353,interpolated,topology-interp
45017,UVTN-A-PR013,-26.022705,-51.164324,interpolated,topology-interp
45018,UVTN-B-PR000,-26.022714,-51.164353,interpolated,topology-interp
45019,UVTN-B-PR013,-26.022705,-51.164324,interpolated,topology-interp
45020,CAS2-A-PR000,-24.670914,-50.109409,interpolated,topology-interp
45021,CAS2-A-PR013,-24.671357,-50.109572,interpolated,topology-interp
45022,CAS2-B-PR000,-24.670914,-50.109409,interpolated,topology-interp
45023,CAS2-B-PR013,-24.671357,-50.109572,interpolated,topology-interp
45052,PALMAS-PR034,-26.561446,-51.763803,interpolated,topology-interp
45053,PALMASEOL013,-26.580000,-51.690000,case-existing,case-existing
45054,PALMASPCH013,-26.680000,-51.730000,case-existing,case-existing
45055,CSEGREPCH034,-25.820000,-52.080000,case-existing,case-existing
45056,CHOPI1PCH034,-25.990000,-52.750000,case-existing,case-existing
45057,PITANGPCH034,-24.570000,-51.560000,case-existing,case-existing
45058,NJAGUAPCH013,-24.280000,-49.700000,case-existing,case-existing
45059,SADIATUTE034,-23.160000,-53.880000,case-existing,case-existing
45060,APUCARPCH034,-23.750000,-50.910000,case-existing,case-existing
45061,CAVERNPCH034,-25.490000,-52.220000,case-existing,case-existing
45062,MELISSPCH034,-24.540000,-53.200000,case-existing,case-existing
45064,VITORIPCH034,-26.030000,-51.190000,case-existing,case-existing
45065,AALEGRUTE013,-22.930000,-51.950000,case-existing,case-existing
45066,MARUMBPCH034,-25.420000,-48.920000,case-existing,case-existing
45067,COSTA-UTE034,-23.829057,-53.186517,interpolated,topology-interp
45068,HERINGUTE013,-25.570000,-48.620000,case-existing,case-existing
45069,SFRANCPCH034,-24.730000,-53.890000,case-existing,case-existing
45070,TCAPOEPCH034,-25.666364,-51.499036,interpolated,topology-interp
45071,SLUZIAPCH013,-26.610000,-52.530000,case-existing,case-existing
45072,JAGUAR-PR000,-24.237143,-49.687143,interpolated,topology-interp
45073,PITANG-PR000,-24.696667,-51.666667,interpolated,topology-interp
45074,COSTA--PR138,-23.829384,-53.185316,interpolated,topology-interp
45075,CLEVEL-PR034,-26.372643,-52.246248,interpolated,topology-interp
45076,NHORIZPCH013,-25.000000,-48.620000,case-existing,case-existing
45077,BOSCH2-PR069,-25.560000,-49.325000,interpolated,topology-interp
45078,DASPEDPCH013,-26.680000,-51.780000,case-existing,case-existing
45080,MORANG-PR138,-23.346693,-51.942120,interpolated,topology-interp
45081,INGA---PR138,-23.446758,-51.938132,interpolated,topology-interp
45090,DESTILUTE013,-23.570000,-52.430000,case-existing,case-existing
45091,DESTIL-PR138,-23.599271,-52.280787,interpolated,topology-interp
45103,UBERAB-PR138,-25.504178,-49.205004,interpolated,topology-interp
45104,S.JPNH-PR069,-25.663746,-49.052017,interpolated,topology-interp
45119,RCASTR-PR138,-24.562490,-50.158493,interpolated,topology-interp
45120,CZONTAPCH013,-24.300000,-51.350000,case-existing,case-existing
45121,BARIGU-PR230,-25.480000,-49.340000,case-existing,case-existing
45171,UBR-T3-PR000,-25.492062,-49.207458,interpolated,topology-interp
45172,UBR-T3-PR013,-25.492029,-49.207453,interpolated,topology-interp
45173,UBR-T4-PR000,-25.492062,-49.207458,interpolated,topology-interp
45174,UBR-T4-PR013,-25.492029,-49.207453,interpolated,topology-interp
45191,BRIGUA-PR000,-25.489980,-49.305398,interpolated,topology-interp
45192,BRIGUA-PR013,-25.490016,-49.305334,interpolated,topology-interp
45193,BRIGUB-PR000,-25.489980,-49.305398,interpolated,topology-interp
45194,BRIGUB-PR013,-25.490016,-49.305334,interpolated,topology-interp
45220,APPA---PR138,-25.421433,-48.645712,interpolated,topology-interp
45601,TCP----PR138,-25.464295,-48.617136,interpolated,topology-interp
45602,TIROL--PR138,-25.208531,-50.386365,interpolated,topology-interp
45603,UNITA--PR138,-24.402150,-52.850840,interpolated,topology-interp
45604,PINHRI-PR138,-25.510204,-49.236302,interpolated,topology-interp
45610,CIAIBM-PR138,-25.105086,-51.403240,interpolated,topology-interp
45611,HEINEK-PR138,-25.180000,-50.100000,interpolated,topology-interp
45613,MADERO-PR138,-25.180000,-50.100000,interpolated,topology-interp
45614,HEXION-PR069,-25.530000,-49.330000,interpolated,topology-interp
45615,AVENOR-PR138,-23.781168,-52.595314,interpolated,topology-interp
45616,BRFPGN-PR138,-25.095951,-50.124014,interpolated,topology-interp
45617,BRF2VI-PR138,-25.782466,-53.144826,interpolated,topology-interp
45618,SORENU-PR138,-24.212611,-54.094015,interpolated,topology-interp
45619,MALTA--PR138,-25.110530,-50.243788,interpolated,topology-interp
45620,JRDFIG-PR138,-23.548721,-51.580011,interpolated,topology-interp
45621,SGABPA-PR138,-25.963069,-51.196934,interpolated,topology-interp
45623,DOISSA-PR138,-25.216104,-50.974009,interpolated,topology-interp
45624,DOISSAPCH013,-25.180000,-50.940000,case-existing,case-existing
45625,INDEMI-PR138,-23.199944,-52.595634,interpolated,topology-interp
45626,SANEPA-PR069,-25.590000,-49.320000,interpolated,topology-interp
45627,SPAL---PR138,-23.448381,-51.964099,interpolated,topology-interp
45628,AMBEVV-PR138,-24.880880,-50.146381,interpolated,topology-interp
45629,ELETRO-PR138,-25.656014,-49.207839,interpolated,topology-interp
45630,GRFOOD-PR138,-25.366445,-49.884883,interpolated,topology-interp
45631,PRATIS-PR138,-23.170360,-52.590003,interpolated,topology-interp
45632,NISSIN-PR138,-25.073561,-50.189332,interpolated,topology-interp
45633,COPTRA-PR138,-26.210000,-52.670000,interpolated,topology-interp
45634,FRISIA-PR138,-25.140857,-50.287926,interpolated,topology-interp
45635,GTFOOD-PR138,-23.449190,-51.977039,interpolated,topology-interp
45636,ENVASE-PR138,-25.151970,-50.108009,interpolated,topology-interp
45637,PLUSVA-PR138,-23.948810,-53.505285,interpolated,topology-interp
45638,SEARSI-PR138,-22.897225,-51.998464,interpolated,topology-interp
45639,CAFEIG-PR138,-23.220000,-50.783333,interpolated,topology-interp
45640,NOVALO-PR138,-23.310720,-52.730005,interpolated,topology-interp
45641,NOVPIG-PR138,-25.650000,-53.310000,interpolated,topology-interp
45642,AREBRA-PR138,-25.573262,-49.373953,interpolated,topology-interp
45643,MRIBAS-PR138,-24.490003,-51.876417,interpolated,topology-interp
45644,PALMTA-PR138,-25.479200,-52.205212,interpolated,topology-interp
45645,CAISLE-PR138,-25.507148,-48.588568,interpolated,topology-interp
45646,LARUIA-PR138,-24.880000,-53.450000,interpolated,topology-interp
45647,BARIGU-PR138,-25.500131,-49.270767,interpolated,topology-interp
45648,SJPINH-PR138,-25.520483,-49.201769,interpolated,topology-interp
45649,SITIOC-PR138,-25.510204,-49.236302,interpolated,topology-interp
45650,AFOPEN-PR138,-25.512278,-49.203373,interpolated,topology-interp
45651,LUCIA1PCH013,-25.550000,-49.850000,case-existing,case-existing
45652,LUCIA2-PR138,-25.459523,-49.777774,interpolated,topology-interp
46000,B.GRANSIN013,-27.770000,-51.180000,interpolated,topology-interp
46001,C.NOVOSIN013,-27.570000,-51.375000,interpolated,topology-interp
46151,LAJE2A-RS013,-29.470000,-51.990000,case-existing,case-existing
46152,LAJE2B-RS013,-29.470000,-51.990000,case-existing,case-existing
46153,MVIANA-RS069,-29.410000,-55.680000,case-existing,case-existing
46154,PMORRI-RS069,-29.760000,-52.430000,case-existing,case-existing
46155,STIHL--RS138,-29.790000,-51.110000,case-existing,case-existing
46156,YSCRZ3-RS069,-29.730000,-52.478000,interpolated,topology-interp
46157,SCRUZ3-RS069,-29.730000,-52.450000,case-existing,case-existing
46158,SLEOP3-RS138,-29.760000,-51.140000,case-existing,case-existing
46159,AMEIO--RS069,-29.390000,-51.940000,case-existing,case-existing
46160,URUGU9-RS069,-29.940000,-57.080000,case-existing,case-existing
46161,FORMIG-RS138,-29.885000,-53.760000,interpolated,topology-interp
46162,SMARI6-RS069,-29.680000,-53.840000,case-existing,case-existing
46163,IVOTI2-RS138,-29.577142,-51.207145,interpolated,topology-interp
46164,IVOTI--RS138,-29.620000,-51.140000,case-existing,case-existing
46165,IVOT2A-RS000,-29.588573,-51.178567,interpolated,topology-interp
46166,IVOT2B-RS000,-29.588573,-51.178567,interpolated,topology-interp
46167,IVOT2C-RS000,-29.588573,-51.178567,interpolated,topology-interp
46168,IVOT2A-RS013,-29.588570,-51.178575,interpolated,topology-interp
46169,IVOT2B-RS013,-29.588570,-51.178575,interpolated,topology-interp
46170,IVOT2C-RS013,-29.588570,-51.178575,interpolated,topology-interp
46171,SSCA2A-RS000,-29.550355,-51.263245,interpolated,topology-interp
46172,SSCA2B-RS000,-29.550355,-51.263245,interpolated,topology-interp
46173,SSCA2A-RS013,-29.550340,-51.263176,interpolated,topology-interp
46174,SSCA2B-RS013,-29.550340,-51.263176,interpolated,topology-interp
46175,SSCA2C-RS000,-29.550355,-51.263245,interpolated,topology-interp
46176,SSCA2C-RS013,-29.550340,-51.263176,interpolated,topology-interp
46179,JBSMTATAP138,-29.626131,-51.392156,interpolated,topology-interp
46180,JBSMTA-RS138,-29.660000,-51.450000,case-existing,case-existing
46182,SALTINPCH013,-28.610000,-51.340000,case-existing,case-existing
46185,SANTOAPCH013,-28.660000,-52.700000,case-existing,case-existing
46200,SCR1-5-RS013,-29.750000,-52.420000,interpolated,topology-interp
46201,SCR1-6-RS013,-29.750000,-52.420000,interpolated,topology-interp
46202,SCR1-E-RS013,-29.750000,-52.420000,interpolated,topology-interp
46203,SCR1-7-RS013,-29.750000,-52.420000,interpolated,topology-interp
46204,SCR1-G-RS013,-29.750000,-52.420000,interpolated,topology-interp
46205,PIRAHY-RS069,-28.690000,-55.930000,case-existing,case-existing
46268,COLETO-RS069,-29.545000,-53.940000,interpolated,topology-interp
46553,NSRTA2-RS069,-29.860000,-51.260000,case-existing,case-existing
46555,PSOBRD-RS069,-29.700000,-52.300000,case-existing,case-existing
46556,METMOR-RS069,-29.780000,-52.420000,case-existing,case-existing
46557,SGABRI-RS138,-30.330000,-54.350000,case-existing,case-existing
46559,SANREM-RS138,-29.860000,-51.190000,case-existing,case-existing
46560,ESTEI2-RS138,-29.850000,-51.150000,case-existing,case-existing
46562,SJSUL--RS138,-29.540000,-51.500000,case-existing,case-existing
46563,MATA---RS069,-29.580000,-54.450000,case-existing,case-existing
46564,URUGU8-RS069,-30.020000,-56.430000,case-existing,case-existing
46851,PINHAL-SC230,-26.820000,-53.020000,case-existing,case-existing
46852,PINHAZ-SC138,-26.820000,-53.020000,case-existing,case-existing
46853,CANOI4-SC000,-26.200000,-50.400000,interpolated,topology-interp
46854,DOURA2-MS138,-22.230000,-54.700000,case-existing,case-existing
46855,CANOI4-SC013,-26.200000,-50.400000,interpolated,topology-interp
46856,BLUME1-SC000,-26.780000,-49.080000,interpolated,topology-interp
46857,BLUME1-SC013,-26.780000,-49.080000,interpolated,topology-interp
46858,BLUME2-SC000,-26.780000,-49.080000,interpolated,topology-interp
46859,BLUME2-SC013,-26.780000,-49.080000,interpolated,topology-interp
46860,BLUME3-SC000,-26.780000,-49.080000,interpolated,topology-interp
46861,BLUME3-SC013,-26.780000,-49.080000,interpolated,topology-interp
46862,BLUME4-SC000,-26.780000,-49.080000,interpolated,topology-interp
46863,BLUME4-SC013,-26.780000,-49.080000,interpolated,topology-interp
46864,BLUM1--SC000,-26.780000,-49.080000,interpolated,topology-interp
46865,BLUM1--SC013,-26.780000,-49.080000,interpolated,topology-interp
46866,BLUM2--SC000,-26.780000,-49.080000,interpolated,topology-interp
46867,BLUM2--SC013,-26.780000,-49.080000,interpolated,topology-interp
46868,BLUM3--SC000,-26.780000,-49.080000,interpolated,topology-interp
46869,BLUM3--SC013,-26.780000,-49.080000,interpolated,topology-interp
46870,CNOV1--SC000,-27.540000,-51.420000,interpolated,topology-interp
46871,CNOV1--SC013,-27.540000,-51.420000,interpolated,topology-interp
46872,CNOV2--SC000,-27.540000,-51.420000,interpolated,topology-interp
46873,CNOV2--SC013,-27.540000,-51.420000,interpolated,topology-interp
46874,CNOV4--SC000,-27.540000,-51.420000,interpolated,topology-interp
46875,CNOV4--SC013,-27.540000,-51.420000,interpolated,topology-interp
46876,CNOV-A-SC000,-27.540000,-51.420000,interpolated,topology-interp
46877,CNOV-A-SC013,-27.540000,-51.420000,interpolated,topology-interp
46878,CNOV-B-SC000,-27.540000,-51.420000,interpolated,topology-interp
46879,CNOV-B-SC013,-27.540000,-51.420000,interpolated,topology-interp
46880,CANOI1-SC000,-26.200000,-50.400000,interpolated,topology-interp
46881,CANOI1-SC013,-26.200000,-50.400000,interpolated,topology-interp
46882,CANOI2-SC000,-26.200000,-50.400000,interpolated,topology-interp
46883,CANOI2-SC013,-26.200000,-50.400000,interpolated,topology-interp
46884,CANOI3-SC000,-26.200000,-50.400000,interpolated,topology-interp
46885,CANOI3-SC013,-26.200000,-50.400000,interpolated,topology-interp
46886,CAXIA1-RS000,-29.280000,-51.200000,interpolated,topology-interp
46887,CAXIA1-RS013,-29.280000,-51.200000,interpolated,topology-interp
46888,CAXIA2-RS000,-29.280000,-51.200000,interpolated,topology-interp
46889,CAXIA2-RS013,-29.280000,-51.200000,interpolated,topology-interp
46890,CAXIA3-RS000,-29.280000,-51.200000,interpolated,topology-interp
46891,CAXIA3-RS013,-29.280000,-51.200000,interpolated,topology-interp
46892,CURIT1-PR000,-25.590000,-49.320000,interpolated,topology-interp
46893,CURIT1-PR013,-25.590000,-49.320000,interpolated,topology-interp
46894,CURIT2-PR000,-25.590000,-49.320000,interpolated,topology-interp
46895,CURIT2-PR013,-25.590000,-49.320000,interpolated,topology-interp
46896,CURIT3-PR000,-25.590000,-49.320000,interpolated,topology-interp
46897,CURIT3-PR013,-25.590000,-49.320000,interpolated,topology-interp
46898,DOURA2-MS000,-22.270000,-54.990000,interpolated,topology-interp
46899,DOURA2-MS013,-22.270000,-54.990000,interpolated,topology-interp
46900,DOURA3-MS000,-22.270000,-54.990000,interpolated,topology-interp
46901,DOURA3-MS013,-22.270000,-54.990000,interpolated,topology-interp
46902,DOURA1-MS000,-22.270000,-54.990000,interpolated,topology-interp
46903,DOURA1-MS013,-22.270000,-54.990000,interpolated,topology-interp
46904,FARRO2-RS000,-29.220000,-51.320000,interpolated,topology-interp
46905,FARRO2-RS013,-29.220000,-51.320000,interpolated,topology-interp
46906,ROCAD1-SC000,-27.582858,-48.669996,interpolated,topology-interp
46907,ROCAD1-SC013,-27.582857,-48.670001,interpolated,topology-interp
46908,ROCAD2-SC000,-27.582858,-48.669996,interpolated,topology-interp
46909,ROCAD2-SC013,-27.582857,-48.670001,interpolated,topology-interp
46910,ROCAD3-SC000,-27.582858,-48.669996,interpolated,topology-interp
46911,ROCAD3-SC013,-27.582857,-48.670001,interpolated,topology-interp
46912,GRAVA1-RS000,-29.880000,-51.065000,interpolated,topology-interp
46913,GRAVA1-RS013,-29.880000,-51.065000,interpolated,topology-interp
46914,GRAVA2-RS000,-29.880000,-51.065000,interpolated,topology-interp
46915,GRAVA2-RS013,-29.880000,-51.065000,interpolated,topology-interp
46916,GRAVA3-RS000,-29.880000,-51.065000,interpolated,topology-interp
46917,GRAVA3-RS013,-29.880000,-51.065000,interpolated,topology-interp
46918,GRAVA4-RS000,-29.880000,-51.065000,interpolated,topology-interp
46919,GRAVA4-RS013,-29.880000,-51.065000,interpolated,topology-interp
46920,ITAJA1-SC000,-26.970000,-48.780000,interpolated,topology-interp
46921,ITAJA1-SC013,-26.970000,-48.780000,interpolated,topology-interp
46922,ITAJA2-SC000,-26.970000,-48.780000,interpolated,topology-interp
46923,ITAJA2-SC013,-26.970000,-48.780000,interpolated,topology-interp
46924,ITAJA3-SC000,-26.970000,-48.780000,interpolated,topology-interp
46925,ITAJA3-SC013,-26.970000,-48.780000,interpolated,topology-interp
46926,ITAJA4-SC000,-26.970000,-48.780000,interpolated,topology-interp
46927,ITAJA4-SC013,-26.970000,-48.780000,interpolated,topology-interp
46928,CNOV3--SC000,-27.540000,-51.420000,interpolated,topology-interp
46929,CNOV3--SC013,-27.540000,-51.420000,interpolated,topology-interp
46930,BIGUA2-SC000,-27.490000,-48.730000,interpolated,topology-interp
46931,BIGUA2-SC013,-27.490000,-48.730000,interpolated,topology-interp
46932,BIGU3--SC000,-27.490000,-48.730000,interpolated,topology-interp
46933,BIGU3--SC013,-27.490000,-48.730000,interpolated,topology-interp
46934,DOURA4-MS000,-22.270000,-54.990000,interpolated,topology-interp
46935,DOURA4-MS013,-22.270000,-54.990000,interpolated,topology-interp
46936,TAPER3-RS000,-28.670000,-52.860000,interpolated,topology-interp
46937,TAPER3-RS013,-28.670000,-52.860000,interpolated,topology-interp
46938,BIGU4--SC000,-27.490000,-48.730000,interpolated,topology-interp
46939,BIGU4--SC013,-27.490000,-48.730000,interpolated,topology-interp
46940,BIGUA3-SC000,-27.490000,-48.730000,interpolated,topology-interp
46941,BIGUA3-SC013,-27.490000,-48.730000,interpolated,topology-interp
46942,GASPAR-SC230,-26.870000,-49.020000,case-existing,case-existing
46943,NSRIT4-RS013,-29.820000,-51.340000,interpolated,topology-interp
46944,NSRIT4-RS000,-29.820000,-51.340000,interpolated,topology-interp
46945,SANGE3-RS000,-28.280000,-54.330000,interpolated,topology-interp
46946,SANGE3-RS013,-28.280000,-54.330000,interpolated,topology-interp
46947,CAXIAN-RS525,-29.100000,-51.270000,case-existing,case-existing
46948,CAXIAN-RS230,-29.100000,-51.270000,case-existing,case-existing
46949,ERECHI-RS525,-28.078182,-51.939091,interpolated,topology-interp
46950,ANASTA-MS138,-20.570000,-55.840000,case-existing,case-existing
46951,IGUAT2-MS138,-23.680000,-54.500000,case-existing,case-existing
46952,SANTOA-SC230,-27.382857,-48.805714,interpolated,topology-interp
46953,SANTOA-SC138,-27.531429,-48.782857,interpolated,topology-interp
46954,IGUAT2-MS000,-23.353774,-54.605617,interpolated,topology-interp
46955,IGUAT2-MS013,-23.353725,-54.605635,interpolated,topology-interp
46956,IGUA2B-MS000,-23.353774,-54.605617,interpolated,topology-interp
46957,IGUABB-MS013,-23.353725,-54.605635,interpolated,topology-interp
46970,CGNDE3-MS138,-20.455954,-54.620000,interpolated,topology-interp
46977,FCHAP4-SC000,-27.140000,-53.050000,interpolated,topology-interp
46978,FCHAP4-SC013,-27.140000,-53.050000,interpolated,topology-interp
46991,ITA1---SC000,-27.155006,-52.421249,interpolated,topology-interp
46992,ITA2---SC000,-27.155006,-52.421249,interpolated,topology-interp
46993,ITA1---SC013,-27.154975,-52.421252,interpolated,topology-interp
46994,ITA2---SC013,-27.154975,-52.421252,interpolated,topology-interp
47001,JOINV1-SC013,-26.290000,-48.890000,interpolated,topology-interp
47002,JOINV1-SC000,-26.290000,-48.890000,interpolated,topology-interp
47003,JOINV2-SC013,-26.290000,-48.890000,interpolated,topology-interp
47004,JOINV2-SC000,-26.290000,-48.890000,interpolated,topology-interp
47005,JOINV3-SC013,-26.290000,-48.890000,interpolated,topology-interp
47006,JOINV3-SC000,-26.290000,-48.890000,interpolated,topology-interp
47007,JOIN1--SC013,-26.290000,-48.890000,interpolated,topology-interp
47008,JOIN1--SC000,-26.290000,-48.890000,interpolated,topology-interp
47009,JOIN2--SC013,-26.290000,-48.890000,interpolated,topology-interp
47010,JOIN2--SC000,-26.290000,-48.890000,interpolated,topology-interp
47011,JOIN3--SC013,-26.290000,-48.890000,interpolated,topology-interp
47012,JOIN3--SC000,-26.290000,-48.890000,interpolated,topology-interp
47013,JOINV--SC013,-26.290000,-48.890000,interpolated,topology-interp
47014,JOINV--SC000,-26.290000,-48.890000,interpolated,topology-interp
47015,JLACA1-SC013,-28.450000,-48.970000,interpolated,topology-interp
47016,JLACA1-SC000,-28.450000,-48.970000,interpolated,topology-interp
47017,JLACA2-SC013,-28.450000,-48.970000,interpolated,topology-interp
47018,JLACA2-SC000,-28.450000,-48.970000,interpolated,topology-interp
47019,JLA-A1-SC013,-28.450000,-48.970000,interpolated,topology-interp
47020,JLA-A1-SC000,-28.450000,-48.970000,interpolated,topology-interp
47021,JLA-A2-SC013,-28.450000,-48.970000,interpolated,topology-interp
47022,JLA-A2-SC000,-28.450000,-48.970000,interpolated,topology-interp
47023,JLAA1--SC013,-28.450000,-48.970000,interpolated,topology-interp
47024,JLAA1--SC000,-28.450000,-48.970000,interpolated,topology-interp
47025,LOND1A-PR013,-23.460000,-51.140000,interpolated,topology-interp
47026,LOND1A-PR000,-23.460000,-51.140000,interpolated,topology-interp
47027,LONDR2-PR013,-23.460000,-51.140000,interpolated,topology-interp
47028,LONDR2-PR000,-23.460000,-51.140000,interpolated,topology-interp
47029,LONDR3-PR013,-23.460000,-51.140000,interpolated,topology-interp
47030,LONDR3-PR000,-23.460000,-51.140000,interpolated,topology-interp
47031,PALHO1-SC013,-27.640000,-48.690000,interpolated,topology-interp
47032,PALHO1-SC000,-27.640000,-48.690000,interpolated,topology-interp
47033,PALHO2-SC013,-27.640000,-48.690000,interpolated,topology-interp
47034,PALHO2-SC000,-27.640000,-48.690000,interpolated,topology-interp
47035,PALHO3-SC013,-27.640000,-48.690000,interpolated,topology-interp
47036,PALHO3-SC000,-27.640000,-48.690000,interpolated,topology-interp
47037,PALHO4-SC013,-27.640000,-48.690000,interpolated,topology-interp
47038,PALHO4-SC000,-27.640000,-48.690000,interpolated,topology-interp
47039,PFUND1-RS013,-27.480000,-52.720000,interpolated,topology-interp
47040,PFUND1-RS000,-27.480000,-52.720000,interpolated,topology-interp
47041,PFUND2-RS013,-27.480000,-52.720000,interpolated,topology-interp
47042,PFUND2-RS000,-27.480000,-52.720000,interpolated,topology-interp
47043,SOSOR1-PR013,-25.540000,-53.010000,interpolated,topology-interp
47044,SOSOR1-PR000,-25.540000,-53.010000,interpolated,topology-interp
47045,SANGE1-RS013,-28.280000,-54.330000,interpolated,topology-interp
47046,SANGE1-RS000,-28.280000,-54.330000,interpolated,topology-interp
47047,SANGE2-RS013,-28.280000,-54.330000,interpolated,topology-interp
47048,SANGE2-RS000,-28.280000,-54.330000,interpolated,topology-interp
47049,SIDER2-SC013,-28.600000,-49.410000,interpolated,topology-interp
47050,SIDER2-SC000,-28.600000,-49.410000,interpolated,topology-interp
47051,SIDER3-SC013,-28.600000,-49.410000,interpolated,topology-interp
47052,SIDER3-SC000,-28.600000,-49.410000,interpolated,topology-interp
47053,SIDER1-SC013,-28.600000,-49.410000,interpolated,topology-interp
47054,SIDER1-SC000,-28.600000,-49.410000,interpolated,topology-interp
47055,SIDER4-SC013,-28.600000,-49.410000,interpolated,topology-interp
47056,SIDER4-SC000,-28.600000,-49.410000,interpolated,topology-interp
47057,TAPER1-RS013,-28.670000,-52.860000,interpolated,topology-interp
47058,TAPER1-RS000,-28.670000,-52.860000,interpolated,topology-interp
47059,TAPER2-RS013,-28.670000,-52.860000,interpolated,topology-interp
47060,TAPER2-RS000,-28.670000,-52.860000,interpolated,topology-interp
47061,XANXE1-SC013,-26.860000,-52.390000,interpolated,topology-interp
47062,XANXE1-SC000,-26.860000,-52.390000,interpolated,topology-interp
47063,XANXE2-SC013,-26.860000,-52.390000,interpolated,topology-interp
47064,XANXE2-SC000,-26.860000,-52.390000,interpolated,topology-interp
47065,XANXE3-SC013,-26.860000,-52.390000,interpolated,topology-interp
47066,XANXE3-SC000,-26.860000,-52.390000,interpolated,topology-interp
47067,XANXE4-SC013,-26.860000,-52.390000,interpolated,topology-interp
47068,XANXE4-SC000,-26.860000,-52.390000,interpolated,topology-interp
47069,JOIN4--SC013,-26.290000,-48.890000,interpolated,topology-interp
47070,JOIN4--SC000,-26.290000,-48.890000,interpolated,topology-interp
47071,CHARQ1-RS013,-29.950000,-51.620000,interpolated,topology-interp
47072,CHARQ1-RS000,-29.950000,-51.620000,interpolated,topology-interp
47073,AFPIR1-RS013,-29.950000,-51.620000,interpolated,topology-interp
47074,AFPIR1-RS000,-29.950000,-51.620000,interpolated,topology-interp
47075,ANAST1-MS013,-20.570000,-55.840000,interpolated,topology-interp
47076,ANAST1-MS000,-20.570000,-55.840000,interpolated,topology-interp
47077,ANAST2-MS013,-20.570000,-55.840000,interpolated,topology-interp
47078,ANAST2-MS000,-20.570000,-55.840000,interpolated,topology-interp
47079,ALEGEA-RS013,-29.674062,-55.281147,interpolated,topology-interp
47080,ALEGEA-RS000,-29.674138,-55.281547,interpolated,topology-interp
47081,ALEGEB-RS013,-29.674062,-55.281147,interpolated,topology-interp
47082,ALEGEB-RS000,-29.674138,-55.281547,interpolated,topology-interp
47083,AREIA--PR013,-25.970000,-51.600000,interpolated,topology-interp
47084,AREIA--PR000,-25.970000,-51.600000,interpolated,topology-interp
47085,JNORT4-SC013,-26.250000,-48.900000,interpolated,topology-interp
47086,JNORT4-SC000,-26.250000,-48.900000,interpolated,topology-interp
47087,ATLAN1-RS013,-29.780000,-50.050000,interpolated,topology-interp
47088,ATLAN1-RS000,-29.780000,-50.050000,interpolated,topology-interp
47089,ATLAN2-RS013,-29.780000,-50.050000,interpolated,topology-interp
47090,ATLAN2-RS000,-29.780000,-50.050000,interpolated,topology-interp
47091,ATLAN3-RS013,-29.780000,-50.050000,interpolated,topology-interp
47092,ATLAN3-RS000,-29.780000,-50.050000,interpolated,topology-interp
47093,BIGUA1-SC013,-27.490000,-48.730000,interpolated,topology-interp
47094,BIGUA1-SC000,-27.490000,-48.730000,interpolated,topology-interp
47095,BIGU1--SC013,-27.490000,-48.730000,interpolated,topology-interp
47096,BIGU1--SC000,-27.490000,-48.730000,interpolated,topology-interp
47097,BIGU2--SC013,-27.490000,-48.730000,interpolated,topology-interp
47098,BIGU2--SC000,-27.490000,-48.730000,interpolated,topology-interp
47099,DESTE1-SC013,-27.670000,-48.510000,interpolated,topology-interp
47100,DESTE1-SC000,-27.670000,-48.510000,interpolated,topology-interp
47101,GRAV3A-RS013,-29.890000,-50.960000,interpolated,topology-interp
47102,GRAV3A-RS000,-29.890000,-50.960000,interpolated,topology-interp
47103,JNORT1-SC013,-26.250000,-48.900000,interpolated,topology-interp
47104,JNORT1-SC000,-26.250000,-48.900000,interpolated,topology-interp
47105,JNORT2-SC013,-26.250000,-48.900000,interpolated,topology-interp
47106,JNORT2-SC000,-26.250000,-48.900000,interpolated,topology-interp
47107,JNORT3-SC013,-26.250000,-48.900000,interpolated,topology-interp
47108,JNORT3-SC000,-26.250000,-48.900000,interpolated,topology-interp
47109,NSRIT1-RS013,-29.820000,-51.340000,interpolated,topology-interp
47110,NSRIT1-RS000,-29.820000,-51.340000,interpolated,topology-interp
47111,NSRIT2-RS013,-29.820000,-51.340000,interpolated,topology-interp
47112,NSRIT2-RS000,-29.820000,-51.340000,interpolated,topology-interp
47113,NSRIT3-RS013,-29.820000,-51.340000,interpolated,topology-interp
47114,NSRIT3-RS000,-29.820000,-51.340000,interpolated,topology-interp
47115,JLAA2--SC013,-28.450000,-48.970000,interpolated,topology-interp
47116,JLAA2--SC000,-28.450000,-48.970000,interpolated,topology-interp
47117,FCHAP1-SC013,-27.140000,-53.050000,interpolated,topology-interp
47118,FCHAP1-SC000,-27.140000,-53.050000,interpolated,topology-interp
47120,PVN----RS230,-31.930000,-52.340000,case-existing,case-existing
47121,PVN----RS525,-31.930000,-52.340000,case-existing,case-existing
47123,FCHAP2-SC013,-27.140000,-53.050000,interpolated,topology-interp
47124,FCHAP2-SC000,-27.140000,-53.050000,interpolated,topology-interp
47125,FCHAP3-SC000,-27.140000,-53.050000,interpolated,topology-interp
47126,FCHAP3-SC013,-27.140000,-53.050000,interpolated,topology-interp
47127,JVSUL1-SC000,-26.390000,-48.950000,interpolated,topology-interp
47128,JVSUL1-SC013,-26.390000,-48.950000,interpolated,topology-interp
47129,JVSUL2-SC000,-26.390000,-48.950000,interpolated,topology-interp
47130,JVSUL2-SC013,-26.390000,-48.950000,interpolated,topology-interp
47131,JVSUL3-SC000,-26.390000,-48.950000,interpolated,topology-interp
47132,JVSUL3-SC013,-26.390000,-48.950000,interpolated,topology-interp
47133,JRSUL1-SC000,-26.440000,-49.170000,interpolated,topology-interp
47134,JRSUL1-SC013,-26.440000,-49.170000,interpolated,topology-interp
47135,JRSUL2-SC000,-26.440000,-49.170000,interpolated,topology-interp
47136,JRSUL2-SC013,-26.440000,-49.170000,interpolated,topology-interp
47137,JRSUL3-SC000,-26.440000,-49.170000,interpolated,topology-interp
47138,JRSUL3-SC013,-26.440000,-49.170000,interpolated,topology-interp
47141,JVNO21-SC000,-26.087500,-48.977500,interpolated,topology-interp
47142,JVNO21-SC013,-26.087500,-48.977500,interpolated,topology-interp
47143,JVNO22-SC000,-26.087500,-48.977500,interpolated,topology-interp
47144,JVNO22-SC013,-26.087500,-48.977500,interpolated,topology-interp
47147,ITAJ2A-SC000,-26.960000,-48.700000,interpolated,topology-interp
47148,ITAJ2A-SC013,-26.960000,-48.700000,interpolated,topology-interp
47149,ITAJ2B-SC000,-26.960000,-48.700000,interpolated,topology-interp
47150,ITAJ2B-SC013,-26.960000,-48.700000,interpolated,topology-interp
47151,ITAJ23-SC000,-26.960000,-48.700000,interpolated,topology-interp
47152,ITAJ23-SC013,-26.960000,-48.700000,interpolated,topology-interp
47153,INDA2A-SC000,-26.860000,-49.290000,interpolated,topology-interp
47154,INDA2A-SC013,-26.860000,-49.290000,interpolated,topology-interp
47155,INDA2B-SC000,-26.860000,-49.290000,interpolated,topology-interp
47156,INDA2B-SC013,-26.860000,-49.290000,interpolated,topology-interp
47157,INDAI3-SC000,-26.860000,-49.290000,interpolated,topology-interp
47158,INDAI3-SC013,-26.860000,-49.290000,interpolated,topology-interp
47159,GASPAA-SC000,-26.876250,-48.982500,interpolated,topology-interp
47160,GASPAA-SC013,-26.876250,-48.982500,interpolated,topology-interp
47161,GASPAB-SC000,-26.876250,-48.982500,interpolated,topology-interp
47162,GASPAB-SC013,-26.876250,-48.982500,interpolated,topology-interp
47165,ITAJ21-SC000,-26.960000,-48.700000,interpolated,topology-interp
47166,ITAJ21-SC013,-26.960000,-48.700000,interpolated,topology-interp
47167,ITAJ22-SC000,-26.960000,-48.700000,interpolated,topology-interp
47168,ITAJ22-SC013,-26.960000,-48.700000,interpolated,topology-interp
47169,ITAJ24-SC000,-26.960000,-48.700000,interpolated,topology-interp
47170,ITAJ24-SC013,-26.960000,-48.700000,interpolated,topology-interp
47171,JNSUL1-SC000,-26.390000,-48.950000,interpolated,topology-interp
47172,JNSUL1-SC013,-26.390000,-48.950000,interpolated,topology-interp
47173,JNSUL2-SC000,-26.390000,-48.950000,interpolated,topology-interp
47174,JNSUL2-SC013,-26.390000,-48.950000,interpolated,topology-interp
47175,JNSUL3-SC000,-26.390000,-48.950000,interpolated,topology-interp
47176,JNSUL3-SC013,-26.390000,-48.950000,interpolated,topology-interp
47177,ILHT2A-SC000,-26.863240,-48.841147,interpolated,topology-interp
47178,ILHT2A-SC013,-26.863233,-48.841124,interpolated,topology-interp
47179,ILHT2B-SC000,-26.863240,-48.841147,interpolated,topology-interp
47180,ILHT2B-SC013,-26.863233,-48.841124,interpolated,topology-interp
47181,DOUR21-MS000,-22.230000,-54.700000,interpolated,topology-interp
47182,DOUR21-MS013,-22.230000,-54.700000,interpolated,topology-interp
47183,DOUR22-MS000,-22.230000,-54.700000,interpolated,topology-interp
47184,DOUR22-MS013,-22.230000,-54.700000,interpolated,topology-interp
47185,DOUR23-MS000,-22.230000,-54.700000,interpolated,topology-interp
47186,DOUR23-MS013,-22.230000,-54.700000,interpolated,topology-interp
47187,MARAC1-MS000,-21.512174,-55.288761,interpolated,topology-interp
47188,MARAC1-MS013,-21.512242,-55.288669,interpolated,topology-interp
47189,MARAC2-MS000,-21.512174,-55.288761,interpolated,topology-interp
47190,MARAC2-MS013,-21.512242,-55.288669,interpolated,topology-interp
47191,CGR3T1-MS000,-20.468951,-54.620000,interpolated,topology-interp
47192,CGR3T1-MS013,-20.468932,-54.620000,interpolated,topology-interp
47193,CGR3T2-MS000,-20.468951,-54.620000,interpolated,topology-interp
47194,CGR3T2-MS013,-20.468932,-54.620000,interpolated,topology-interp
47195,GRAV3B-RS000,-29.890000,-50.960000,interpolated,topology-interp
47196,GRAV3B-RS013,-29.890000,-50.960000,interpolated,topology-interp
47197,GRAV3C-RS000,-29.890000,-50.960000,interpolated,topology-interp
47198,GRAV3C-RS013,-29.890000,-50.960000,interpolated,topology-interp
47200,ILHOT2-SC138,-26.857318,-48.796719,interpolated,topology-interp
48001,DESTE2-SC000,-27.670000,-48.510000,interpolated,topology-interp
48002,DESTE2-SC013,-27.670000,-48.510000,interpolated,topology-interp
48352,COLTIH-RS069,-28.560000,-52.560000,case-existing,case-existing
48353,FERRAD-RS069,-27.585000,-53.575000,interpolated,topology-interp
48354,155----RS069,-28.323134,-53.914627,interpolated,topology-interp
48355,DREHERPCH013,-29.120000,-53.370000,case-existing,case-existing
48356,FERRADPCH013,-27.560000,-53.580000,case-existing,case-existing
48357,PCH155-RS013,-28.310000,-53.900000,case-existing,case-existing
48370,TAQUAR-RS138,-29.660000,-50.790000,case-existing,case-existing
48381,CRZSUL-RS069,-29.510000,-52.020000,case-existing,case-existing
48382,FABTP1-RS069,-29.230000,-51.383333,interpolated,topology-interp
48383,FABTP2-RS069,-29.196250,-51.378750,interpolated,topology-interp
48384,GARTAP-RS069,-29.203750,-51.495000,interpolated,topology-interp
48385,GRAVT4-RS069,-29.930000,-50.940000,case-existing,case-existing
48386,SINTAP-RS069,-29.656667,-52.470000,interpolated,topology-interp
48387,RIOZIN-RS138,-29.640000,-50.490000,case-existing,case-existing
48389,ALEGR6-RS069,-29.380000,-56.040000,case-existing,case-existing
48390,CBARB2-RS069,-29.320000,-51.500000,case-existing,case-existing
48558,GRAMD2-RS069,-29.410000,-50.930000,case-existing,case-existing
48561,SROSA4-RS069,-27.890000,-54.470000,case-existing,case-existing
48949,CAXIAN-RS138,-29.100000,-51.260000,case-existing,case-existing
49051,CORUM2-MS138,-19.040000,-57.620000,case-existing,case-existing
49052,STALU2-MS034,-21.600000,-53.890000,case-existing,case-existing
49053,SUZANO-MS138,-20.540000,-53.830000,case-existing,case-existing
49055,NAVIR2-MS138,-23.050000,-54.190000,case-existing,case-existing
49056,ATABOA-MS013,-20.090000,-51.110000,case-existing,case-existing
49057,RIBASR-MS138,-20.450000,-53.780000,case-existing,case-existing
49059,BODOQU-MS138,-19.635000,-56.985000,interpolated,topology-interp
49060,W.ARJ1UTE013,-20.550000,-54.750000,case-existing,case-existing
49061,W.ARJ2UTE013,-20.550000,-54.750000,case-existing,case-existing
49062,W.ARJ3UTE013,-20.550000,-54.750000,case-existing,case-existing
49063,W.ARJ4UTE013,-20.550000,-54.750000,case-existing,case-existing
49064,W.ARJ5UTE013,-20.550000,-54.750000,case-existing,case-existing
49065,CERRAD-MS138,-21.886667,-54.940000,interpolated,topology-interp
49066,IVINH--MS013,-22.310000,-53.850000,case-existing,case-existing
49067,BONIT1-MS138,-20.810000,-56.145000,interpolated,topology-interp
49068,CEDRO-UTE013,-19.400000,-51.320000,case-existing,case-existing
49070,CEDRO--MS138,-19.410000,-51.403333,interpolated,topology-interp
49071,LARCAA-MS138,-22.664376,-54.883124,interpolated,topology-interp
49072,LARCAAUTE013,-22.610000,-54.810000,case-existing,case-existing
49073,CERRA-UTE013,-21.780000,-54.970000,case-existing,case-existing
49074,SUZATOUTE013,-20.480000,-53.680000,case-existing,case-existing
49075,INPASAUTE013,-22.330000,-54.810000,case-existing,case-existing
49080,LAGUNAUTE013,-22.450000,-53.300000,case-existing,case-existing
49081,LAGUNA-MS138,-22.501250,-53.095000,interpolated,topology-interp
49082,INPSIA-MS138,-20.915000,-54.925000,interpolated,topology-interp
49083,INPSIAUTE013,-20.900000,-54.900000,case-existing,case-existing
49084,MUNOVO-MS138,-23.880000,-54.276667,interpolated,topology-interp
50201,MELO--INT525,-31.570000,-53.690000,interpolated,topology-interp
50202,AREAD-PCH013,-19.550000,-52.510000,case-existing,case-existing
50203,COVO--PCH013,-25.970000,-52.150000,case-existing,case-existing
50204,APERT-UHE013,-24.335000,-53.370000,interpolated,topology-interp
50205,COMISSUHE013,-24.335000,-53.370000,interpolated,topology-interp
50206,ERCIL-UHE013,-24.118752,-53.913964,interpolated,topology-interp
50207,FPIQUIUHE013,-24.100000,-54.230000,interpolated,topology-interp
50208,CANDIO-RS525,-31.570000,-53.690000,case-existing,case-existing
50209,CANDIO-RS230,-31.570000,-53.690000,case-existing,case-existing
50210,LIV3-1SIN013,-30.790000,-55.750000,interpolated,topology-interp
50211,LIVRA3-RS230,-30.790000,-55.750000,case-existing,case-existing
50212,CAPIVA-RS525,-30.100000,-50.440000,case-existing,case-existing
50213,GUAIB3-RS525,-30.050000,-51.530000,case-existing,case-existing
50214,GUAIB3-RS230,-30.050000,-51.530000,case-existing,case-existing
50215,CAPIVA-RS230,-30.100000,-50.440000,case-existing,case-existing
50216,OSORI3-RS230,-29.910000,-50.320000,case-existing,case-existing
50217,CANTU2PCH006,-24.750000,-52.470000,case-existing,case-existing
50220,MACAM3-RS230,-29.160000,-56.060000,case-existing,case-existing
50221,OURBRAUTE006,-24.000000,-52.230000,case-existing,case-existing
50222,GUAIBACER013,-30.050000,-51.530000,interpolated,topology-interp
50223,SEDEIIPCH006,-28.370000,-53.880000,case-existing,case-existing
50224,JARDIMPCH006,-28.560000,-51.410000,case-existing,case-existing
50225,MORROGPCH006,-28.560000,-51.310000,case-existing,case-existing
50229,PULO--PCH013,-24.720000,-50.130000,case-existing,case-existing
50234,RONCADPCH013,-26.460000,-53.320000,case-existing,case-existing
50236,BARRINPCH013,-26.690000,-52.900000,case-existing,case-existing
50237,LIV3-2SIN013,-30.790000,-55.750000,interpolated,topology-interp
50238,BCLARAPCH034,-27.530000,-49.100000,case-existing,case-existing
50239,LIV3-2SIN000,-30.790000,-55.750000,interpolated,topology-interp
50241,BVISTAPCH013,-25.810000,-52.900000,case-existing,case-existing
50242,IRAI---SC230,-27.040021,-52.432498,interpolated,topology-interp
50243,IRAI--UHE013,-27.039915,-52.432508,interpolated,topology-interp
50244,ABDON2-SC525,-27.570000,-51.030000,case-existing,case-existing
50245,ENXADRPCH013,-25.390000,-51.390000,case-existing,case-existing
50246,RINCAOPCH013,-28.420000,-54.300000,case-existing,case-existing
50247,S.ANTC-SC230,-26.820000,-53.020000,interpolated,topology-interp
50248,S.ANTCUHE013,-26.820000,-53.020000,interpolated,topology-interp
50249,LADOPOPCH013,-27.270000,-51.550000,case-existing,case-existing
50250,LADOPO-SC138,-27.281355,-51.557734,interpolated,topology-interp
50251,POASUL-RS525,-30.120000,-51.130000,case-existing,case-existing
50252,POASUL-RS230,-30.120000,-51.130000,case-existing,case-existing
50255,FESTREPCH013,-26.090000,-51.880000,case-existing,case-existing
50256,RODEIOPCH013,-26.810000,-49.350000,case-existing,case-existing
50263,FXAXIMUHE013,-27.140000,-53.050000,interpolated,topology-interp
50264,QUEBRDPCH006,-29.360000,-54.010000,case-existing,case-existing
50265,SGUASSPCH006,-29.410000,-54.000000,case-existing,case-existing
50266,CINVEAPCH006,-29.420000,-54.050000,case-existing,case-existing
50267,RINCSMPCH006,-29.450000,-54.090000,case-existing,case-existing
50268,TIOHUGPCH013,-28.590000,-52.580000,case-existing,case-existing
50269,CHIMARPCH013,-28.600000,-51.400000,case-existing,case-existing
50270,MORROG-RS138,-28.564000,-51.286000,interpolated,topology-interp
50273,LINONZPCH023,-28.350000,-54.000000,case-existing,case-existing
50274,LINONZ-RS069,-28.336269,-53.929254,interpolated,topology-interp
50280,PNOVOEIND034,-31.930000,-52.340000,interpolated,topology-interp
50281,CANDVEIND034,-31.570000,-53.690000,interpolated,topology-interp
50282,SVPALEIND034,-33.470000,-53.300000,interpolated,topology-interp
50304,SAN.ANPCH034,-27.500000,-49.040000,case-existing,case-existing
50305,RALTBRPCH023,-27.320000,-49.050000,case-existing,case-existing
50306,UIBIRAPCH006,-27.040000,-49.570000,case-existing,case-existing
50307,ALTOBEPCH013,-26.770000,-49.430000,case-existing,case-existing
50308,MAROMBPCH023,-27.260000,-50.480000,interpolated,topology-interp
50309,UCLA--UTE013,-27.820000,-50.330000,case-existing,case-existing
50310,ITAP2APCH034,-26.300000,-49.150000,case-existing,case-existing
50312,SGOES-PCH013,-27.100000,-51.280000,case-existing,case-existing
50313,UARVORPCH013,-27.060000,-52.470000,case-existing,case-existing
50315,RIOFLOPCH023,-26.760000,-53.670000,case-existing,case-existing
50316,FAXINAPCH023,-26.770000,-52.230000,case-existing,case-existing
50317,RODEIOPCH006,-27.110000,-52.480000,case-existing,case-existing
50318,SJORGEPCH023,-26.710000,-53.390000,case-existing,case-existing
50320,STFLORPCH023,-26.660000,-53.660000,case-existing,case-existing
50321,FSERTAPCH013,-26.790000,-53.390000,case-existing,case-existing
50322,STALAUPCH013,-26.770000,-52.320000,case-existing,case-existing
50323,ALTOIRPCH013,-27.010000,-52.430000,case-existing,case-existing
50324,PLANOAPCH013,-26.960000,-52.340000,case-existing,case-existing
50325,UBCHAPPCH013,-28.080000,-49.150000,case-existing,case-existing
50326,VEVALEPCH034,-28.070000,-49.090000,case-existing,case-existing
50327,RUDOLFPCH013,-27.010000,-50.160000,case-existing,case-existing
50328,ADOPOPPCH013,-27.460000,-50.520000,case-existing,case-existing
50329,J.BORGPCH034,-27.720000,-50.660000,case-existing,case-existing
50330,CRLEAOPCH006,-27.310000,-51.520000,case-existing,case-existing
50331,STOANTPCH034,-26.700000,-51.820000,case-existing,case-existing
50332,APARECPCH034,-26.710000,-52.890000,case-existing,case-existing
50333,AALEGRPCH013,-27.360000,-51.690000,case-existing,case-existing
50334,PIRA--PCH013,-27.430000,-51.790000,case-existing,case-existing
50335,JASPE-PCH006,-26.680000,-53.280000,case-existing,case-existing
50338,BAGUASPCH013,-26.950000,-52.300000,case-existing,case-existing
50339,LIRICAPCH013,-27.120000,-51.410000,case-existing,case-existing
50340,G.BCA-PCH023,-26.580000,-53.430000,case-existing,case-existing
50341,ANGELIPCH013,-27.460000,-48.980000,case-existing,case-existing
50342,SSEBASPCH023,-27.400000,-49.030000,case-existing,case-existing
50343,COQUEIPCH034,-27.520000,-49.080000,case-existing,case-existing
50350,LINHASPCH013,-27.520000,-53.140000,case-existing,case-existing
50351,ANGELI-SC138,-27.480000,-49.021818,interpolated,topology-interp
50352,SSEBAS-SC069,-27.465000,-49.020000,interpolated,topology-interp
50353,UIBIRA-SC069,-27.050000,-49.540000,interpolated,topology-interp
50354,ALTOBE-SC138,-26.798000,-49.392000,interpolated,topology-interp
50355,UCLA---SC138,-27.810000,-50.345000,interpolated,topology-interp
50356,SGOES--SC138,-27.110000,-51.265000,interpolated,topology-interp
50357,UARVOR-SC069,-27.045284,-52.440511,interpolated,topology-interp
50358,RODEIO-SC069,-27.095000,-52.545000,interpolated,topology-interp
50359,FSERTA-SC069,-26.785714,-53.469999,interpolated,topology-interp
50360,STALAU-SC069,-26.868451,-52.348963,interpolated,topology-interp
50361,ALTOIR-SC069,-27.030568,-52.411023,interpolated,topology-interp
50362,PLANOA-SC069,-26.998210,-52.351278,interpolated,topology-interp
50363,UBCHAP-SC069,-28.180000,-49.150000,interpolated,topology-interp
50364,ITARAR-SC034,-27.683235,-50.670882,interpolated,topology-interp
50365,RUDOLF-SC069,-27.075000,-50.075000,interpolated,topology-interp
50366,ADOPOP-SC138,-27.385000,-50.530000,interpolated,topology-interp
50440,ASERRAPCH013,-26.780000,-49.400000,case-existing,case-existing
50450,RTIGREPCH023,-27.120000,-52.770000,case-existing,case-existing
50451,AMBAR-PCH023,-26.720000,-53.340000,case-existing,case-existing
50452,FARTURPCH034,-27.500000,-49.060000,case-existing,case-existing
50453,STPAULPCH023,-27.370000,-49.240000,case-existing,case-existing
50460,ASERRA-SC138,-26.826000,-49.354000,interpolated,topology-interp
50500,CASSIL-MS230,-18.900000,-52.440000,case-existing,case-existing
50501,CASS-1-MS034,-18.895000,-52.445000,interpolated,topology-interp
50502,CAS13-UFV034,-18.890000,-52.450000,case-existing,case-existing
50503,CASS-2-MS034,-18.900000,-52.450000,interpolated,topology-interp
50504,CAS46-UFV034,-18.900000,-52.460000,case-existing,case-existing
50505,PARANA-MS230,-19.650000,-51.400000,case-existing,case-existing
50506,PARA-1-MS034,-19.650000,-51.400000,interpolated,topology-interp
50507,PARA-2-MS034,-19.650000,-51.400000,interpolated,topology-interp
50508,PARA-3-MS034,-19.650000,-51.400000,interpolated,topology-interp
50509,PARA-4-MS034,-19.650000,-51.400000,interpolated,topology-interp
50510,PAR1-3UFV034,-19.650000,-51.400000,interpolated,topology-interp
50511,PAR4-6UFV034,-19.650000,-51.400000,interpolated,topology-interp
50512,PAR7-9UFV034,-19.650000,-51.400000,interpolated,topology-interp
50513,PA1011UFV034,-19.650000,-51.400000,interpolated,topology-interp
50637,SERIEM-MS230,-19.650000,-51.400000,interpolated,topology-interp
50638,SER--1-MS000,-19.650000,-51.400000,interpolated,topology-interp
50639,SER--2-MS000,-19.650000,-51.400000,interpolated,topology-interp
50640,SERI12-MS034,-19.650000,-51.400000,interpolated,topology-interp
50641,SERI34-MS034,-19.650000,-51.400000,interpolated,topology-interp
50642,SERI56-MS034,-19.650000,-51.400000,interpolated,topology-interp
50643,SERI78-MS034,-19.650000,-51.400000,interpolated,topology-interp
50644,SER12-UFV034,-19.650000,-51.400000,interpolated,topology-interp
50645,SER34-UFV034,-19.650000,-51.400000,interpolated,topology-interp
50646,SER56-UFV034,-19.650000,-51.400000,interpolated,topology-interp
50647,SER78-UFV034,-19.650000,-51.400000,interpolated,topology-interp
50648,CSRBRI-MS230,-21.540000,-53.820000,interpolated,topology-interp
50649,CSRB-1-MS013,-21.540000,-53.820000,interpolated,topology-interp
50650,CSRB-2-MS013,-21.540000,-53.820000,interpolated,topology-interp
50651,CSRB-A-MS034,-21.540000,-53.820000,interpolated,topology-interp
50652,CSRB-B-MS034,-21.540000,-53.820000,interpolated,topology-interp
50653,CSRB-C-MS034,-21.540000,-53.820000,interpolated,topology-interp
50654,CSRB-D-MS034,-21.540000,-53.820000,interpolated,topology-interp
50655,CSRB-AUFV034,-21.540000,-53.820000,interpolated,topology-interp
50656,CSRB-BUFV034,-21.540000,-53.820000,interpolated,topology-interp
50657,CSRB-CUFV034,-21.540000,-53.820000,interpolated,topology-interp
50658,CSRB-DUFV034,-21.540000,-53.820000,interpolated,topology-interp
50659,SUC-C1-MS230,-20.320000,-51.420000,interpolated,topology-interp
50660,SUCURI-MS230,-20.320000,-51.420000,interpolated,topology-interp
50661,SUCUR-UTE034,-20.320000,-51.420000,interpolated,topology-interp
50662,CSRB1A-MS000,-21.540000,-53.820000,interpolated,topology-interp
50663,CSRB1B-MS000,-21.540000,-53.820000,interpolated,topology-interp
50664,CSRB1C-MS000,-21.540000,-53.820000,interpolated,topology-interp
50665,CSRB1D-MS000,-21.540000,-53.820000,interpolated,topology-interp
50666,CSRB2A-MS000,-21.540000,-53.820000,interpolated,topology-interp
50667,CSRB2B-MS000,-21.540000,-53.820000,interpolated,topology-interp
50668,CSRB2C-MS000,-21.540000,-53.820000,interpolated,topology-interp
50669,CSRB2D-MS000,-21.540000,-53.820000,interpolated,topology-interp
50805,CSPARA-MS230,-19.270000,-52.860000,interpolated,topology-interp
50806,PAR-TA-MS000,-19.270000,-52.860000,interpolated,topology-interp
50807,PA-TA1-MS034,-19.270000,-52.860000,interpolated,topology-interp
50808,PA-TA2-MS034,-19.270000,-52.860000,interpolated,topology-interp
50809,PAR12-UFV034,-19.270000,-52.860000,interpolated,topology-interp
50810,PAR34-UFV034,-19.270000,-52.860000,interpolated,topology-interp
50811,PAR-TB-MS000,-19.270000,-52.860000,interpolated,topology-interp
50812,PA-TB1-MS034,-19.270000,-52.860000,interpolated,topology-interp
50813,PA-TB2-MS034,-19.270000,-52.860000,interpolated,topology-interp
50814,PAR56-UFV034,-19.270000,-52.860000,interpolated,topology-interp
50815,PAR78-UFV034,-19.270000,-52.860000,interpolated,topology-interp
51001,RESTIN-RS230,-30.120000,-51.160000,case-existing,case-existing
51002,DPA12G-RS230,-29.960000,-51.120000,interpolated,topology-interp
51003,DPA12A-RS230,-30.045000,-51.185000,interpolated,topology-interp
51004,PAL12--RS230,-30.040000,-51.170000,case-existing,case-existing
51005,PAL1---RS230,-30.020000,-51.170000,case-existing,case-existing
51006,SCR1-5-RS000,-29.750000,-52.420000,interpolated,topology-interp
51007,SCR1-6-RS000,-29.750000,-52.420000,interpolated,topology-interp
51008,SCR1-7-RS000,-29.750000,-52.420000,interpolated,topology-interp
51016,PAL19G-RS230,-29.950000,-51.085000,interpolated,topology-interp
51020,LAJEA3-RS230,-29.440000,-51.900000,case-existing,case-existing
51021,LAJE3B-RS000,-29.440000,-51.900000,interpolated,topology-interp
51022,LAJE3B-RS013,-29.440000,-51.900000,interpolated,topology-interp
51023,LAJE3--RS000,-29.440000,-51.900000,interpolated,topology-interp
51024,LAJE3--RS013,-29.440000,-51.900000,interpolated,topology-interp
51025,LAJE3C-RS000,-29.440000,-51.900000,interpolated,topology-interp
51026,LAJE3C-RS013,-29.440000,-51.900000,interpolated,topology-interp
51027,CHRQ3A-RS000,-29.966000,-51.615000,interpolated,topology-interp
51028,CHRQ3B-RS000,-29.966000,-51.615000,interpolated,topology-interp
51029,CHRQ3A-RS013,-29.966000,-51.615000,interpolated,topology-interp
51031,CCHA4-EOL034,-30.830000,-55.760000,case-existing,case-existing
51032,CCHA5-EOL034,-30.800000,-55.760000,case-existing,case-existing
51033,CCHA6-EOL034,-30.780000,-55.690000,case-existing,case-existing
51034,CTRIN-EOL034,-30.850000,-55.750000,case-existing,case-existing
51036,CHRQ3B-RS013,-29.966000,-51.615000,interpolated,topology-interp
51052,PALMA-EOL034,-30.460000,-50.390000,case-existing,case-existing
51053,FROS1-EOL034,-30.450000,-50.390000,case-existing,case-existing
51054,FROS2-EOL013,-30.450000,-50.420000,case-existing,case-existing
51055,FROS3-EOL013,-30.440000,-50.410000,case-existing,case-existing
51073,CURUP-EOL034,-31.930000,-52.340000,interpolated,topology-interp
51074,F.V.C-EOL034,-31.930000,-52.340000,interpolated,topology-interp
51075,POV.N-EOL034,-31.930000,-52.340000,interpolated,topology-interp
51100,GRVT2A-RS000,-29.880000,-51.065000,interpolated,topology-interp
51101,GRVT2A-RS013,-29.880000,-51.065000,interpolated,topology-interp
51102,GRVT2B-RS000,-29.880000,-51.065000,interpolated,topology-interp
51103,GRVT2B-RS013,-29.880000,-51.065000,interpolated,topology-interp
51104,PAL6T2-RS000,-30.060000,-51.140000,interpolated,topology-interp
51105,PAL6TB-RS013,-30.060000,-51.140000,interpolated,topology-interp
51351,POAFLO-RS069,-30.020000,-51.190000,case-existing,case-existing
51353,PAL10A-RS013,-30.050000,-51.200000,case-existing,case-existing
51354,PAL1AA-RS013,-30.050000,-51.200000,interpolated,topology-interp
51355,ALV2---RS069,-30.000000,-51.070000,case-existing,case-existing
51356,PAL12B-RS013,-30.050000,-51.200000,interpolated,topology-interp
51357,D_AGC--RS069,-30.096667,-50.990000,interpolated,topology-interp
51358,AGC----RS069,-30.170000,-50.870000,case-existing,case-existing
51360,PAL20--RS069,-30.000000,-51.140000,case-existing,case-existing
51362,MDEUS--RS069,-30.070000,-51.240000,case-existing,case-existing
51364,RINCA--RS069,-30.110000,-51.170000,case-existing,case-existing
51366,ENT874-RS069,-30.085000,-51.155000,interpolated,topology-interp
51367,RESTIN-RS069,-30.120000,-51.160000,case-existing,case-existing
51369,ZAFFAR-RS069,-30.010000,-51.160000,case-existing,case-existing
51420,ENT852-RS069,-30.130000,-51.325000,interpolated,topology-interp
51421,APGGUA-RS069,-30.130000,-51.320000,case-existing,case-existing
51438,PAL7---RS069,-30.020000,-51.210000,case-existing,case-existing
51439,VIA3---RS023,-30.040000,-51.060000,interpolated,topology-interp
51440,PAL17--RS069,-30.030000,-51.130000,case-existing,case-existing
51444,PELOT5-RS138,-31.710000,-52.360000,case-existing,case-existing
51446,SALSO--RS138,-33.270000,-53.100000,case-existing,case-existing
51455,PAL6B--RS013,-30.060000,-51.140000,case-existing,case-existing
51456,D_PMR--RS138,-30.316552,-50.464138,interpolated,topology-interp
51457,CAM3---RS230,-30.810000,-51.810000,case-existing,case-existing
51458,PALEOL-RS138,-30.469655,-50.432414,interpolated,topology-interp
51459,D1_PMR-RS138,-30.624828,-50.536207,interpolated,topology-interp
51461,CAM3---RS069,-30.810000,-51.810000,case-existing,case-existing
51462,D2_PMR-RS138,-30.393103,-50.448276,interpolated,topology-interp
51478,ARENA--RS069,-29.970000,-51.190000,case-existing,case-existing
51501,PET3---RS138,-29.880000,-50.660000,case-existing,case-existing
51504,ENT706-RS069,-29.992528,-50.272666,interpolated,topology-interp
51505,PIN_A--RS069,-30.116265,-50.261335,interpolated,topology-interp
51506,PIN----RS069,-30.240000,-50.250000,case-existing,case-existing
51508,OSO1---RS069,-29.880000,-50.260000,case-existing,case-existing
51510,TRA_A--RS069,-29.920661,-50.253333,interpolated,topology-interp
51511,ENT704-RS069,-29.961329,-50.246670,interpolated,topology-interp
51512,EN704A-RS069,-29.970791,-50.213999,interpolated,topology-interp
51513,ENT812-RS069,-29.980265,-50.181335,interpolated,topology-interp
51514,PET2---RS069,-29.980000,-50.190000,case-existing,case-existing
51515,TRA----RS069,-29.990000,-50.140000,case-existing,case-existing
51518,ATS_A--RS069,-29.869091,-50.210000,interpolated,topology-interp
51519,ATS_B--RS069,-29.858182,-50.160000,interpolated,topology-interp
51520,ENT936-RS069,-29.847273,-50.110000,interpolated,topology-interp
51521,ATS----RS069,-29.870000,-50.090000,case-existing,case-existing
51523,D_ATL2-RS069,-29.777998,-50.043994,interpolated,topology-interp
51524,E_804C-RS069,-29.776003,-50.038010,interpolated,topology-interp
51525,ATL_A--RS069,-29.773997,-50.031990,interpolated,topology-interp
51526,ATL_B--RS069,-29.772002,-50.026006,interpolated,topology-interp
51527,ATL----RS069,-29.770000,-50.020000,case-existing,case-existing
51530,E_804B-RS069,-29.723727,-50.028727,interpolated,topology-interp
51531,ENT710-RS069,-29.667454,-50.007454,interpolated,topology-interp
51532,CPN----RS069,-29.680000,-49.990000,case-existing,case-existing
51534,E_870B-RS069,-29.598636,-50.003637,interpolated,topology-interp
51535,E_850B-RS069,-29.548454,-49.943454,interpolated,topology-interp
51536,ASA----RS069,-29.550000,-49.890000,case-existing,case-existing
51538,E_804A-RS069,-29.780000,-50.050000,interpolated,topology-interp
51539,E_870A-RS069,-29.538363,-49.998363,interpolated,topology-interp
51540,TAR----RS069,-29.580000,-50.060000,case-existing,case-existing
51542,E_850A-RS069,-29.496727,-49.936728,interpolated,topology-interp
51543,TOR_A--RS069,-29.403363,-49.868363,interpolated,topology-interp
51544,TOR----RS069,-29.340000,-49.730000,case-existing,case-existing
51548,DMDEUS-RS069,-30.055000,-51.225000,interpolated,topology-interp
51549,DPALC--RS069,-29.370000,-49.820000,case-existing,case-existing
51550,IMBE---RS069,-29.940000,-50.120000,case-existing,case-existing
51551,D2ATL2-RS069,-29.813636,-50.080000,interpolated,topology-interp
51555,CID----RS138,-30.180000,-50.220000,case-existing,case-existing
51584,IGUATE-RS069,-30.030000,-51.160000,case-existing,case-existing
51585,HOSCLI-RS069,-30.040000,-51.210000,case-existing,case-existing
51586,CONCEI-RS069,-30.020000,-51.160000,case-existing,case-existing
51588,FRAPOR-RS069,-29.990000,-51.170000,case-existing,case-existing
51591,UFRGS--RS069,-30.070000,-51.120000,case-existing,case-existing
51593,VIA4---RS069,-30.090000,-51.070000,case-existing,case-existing
51594,LAMI---RS069,-30.240000,-51.080000,case-existing,case-existing
51595,GLORIA-RS069,-30.070000,-51.190000,case-existing,case-existing
51596,FWAY---RS069,-29.980000,-51.130000,case-existing,case-existing
51597,CAVLH--RS069,-30.120000,-51.220000,case-existing,case-existing
51598,GUA4---RS069,-30.110000,-51.350000,case-existing,case-existing
51599,CIDBAI-RS069,-30.050000,-51.220000,case-existing,case-existing
51600,VINHED-RS230,-29.180000,-51.470000,case-existing,case-existing
51601,PAL4---RS069,-30.055600,-51.226000,interpolated,topology-interp
51602,DRPAL3-RS069,-30.055200,-51.212000,interpolated,topology-interp
51603,POASUL-RS069,-30.165715,-51.121429,interpolated,topology-interp
51611,PAL4SA-RS013,-30.050000,-51.230000,case-existing,case-existing
51612,PAL4SB-RS013,-30.050000,-51.230000,case-existing,case-existing
51613,PAL4SC-RS013,-30.050000,-51.230000,case-existing,case-existing
51614,PAL4SD-RS013,-30.050000,-51.230000,case-existing,case-existing
51615,PAL4SE-RS013,-30.050000,-51.230000,case-existing,case-existing
51650,PEL6---RS138,-31.770000,-52.350000,case-existing,case-existing
51693,TOR2---RS230,-29.310000,-49.800000,case-existing,case-existing
51698,TOR2---RS069,-29.310000,-49.800000,case-existing,case-existing
51699,CAPIVA-RS138,-30.100000,-50.440000,case-existing,case-existing
51702,PFUND2-RS069,-28.240000,-52.470000,case-existing,case-existing
51703,VIPAL--RS230,-28.810000,-51.610000,interpolated,topology-interp
51704,CASTER-RS230,-29.150000,-51.150000,case-existing,case-existing
51705,PASULA-RS000,-30.120000,-51.130000,interpolated,topology-interp
51706,PASULB-RS000,-30.120000,-51.130000,interpolated,topology-interp
51707,PASULA-RS013,-30.120000,-51.130000,interpolated,topology-interp
51708,PASULB-RS013,-30.120000,-51.130000,interpolated,topology-interp
51709,PASULC-RS000,-30.120000,-51.130000,interpolated,topology-interp
51710,PASULC-RS013,-30.120000,-51.130000,interpolated,topology-interp
51711,KLACEL-PR034,-24.243333,-50.740000,interpolated,topology-interp
51712,KLACELUTE013,-24.240000,-50.740000,case-existing,case-existing
51713,PUMA2-UTE013,-24.240000,-50.740000,case-existing,case-existing
51714,ARAUCO-RS034,-29.870000,-51.390000,interpolated,topology-interp
51715,ARLANX-RS034,-29.870000,-51.390000,interpolated,topology-interp
51716,ARLAND-RS034,-29.870000,-51.390000,interpolated,topology-interp
51717,BRASKM-RS034,-29.870000,-51.390000,interpolated,topology-interp
51718,OXITEN-RS034,-29.870000,-51.390000,interpolated,topology-interp
51719,INNOVA-RS034,-29.870000,-51.390000,interpolated,topology-interp
51720,WHITEM-RS034,-29.870000,-51.390000,interpolated,topology-interp
51721,CASTE1-RS230,-29.150000,-51.150000,interpolated,topology-interp
51722,REPAR1-PR230,-25.580000,-49.360000,interpolated,topology-interp
51723,CMPC---RS230,-30.130000,-51.380000,interpolated,topology-interp
51782,AFPIRA-RS069,-29.950000,-51.620000,interpolated,topology-interp
51785,AFPIRA-RS034,-29.950000,-51.620000,interpolated,topology-interp
52205,EQUADO-RR500,0.370000,-60.500000,case-existing,case-existing
52206,BVISTA-RR500,2.940000,-60.720000,case-existing,case-existing
52207,BVISTA-RR230,2.940000,-60.720000,case-existing,case-existing
52208,BVISTA-RR069,2.940000,-60.720000,case-existing,case-existing
52209,BVIST1-RR000,2.940000,-60.720000,interpolated,topology-interp
52210,BVIST2-RR000,2.940000,-60.720000,interpolated,topology-interp
52211,BVIST3-RR000,2.940000,-60.720000,interpolated,topology-interp
52212,BVIST1-RR013,2.940000,-60.720000,interpolated,topology-interp
52213,BVISTACER013,2.940000,-60.720000,interpolated,topology-interp
52214,BVISTA-RR013,2.940000,-60.720000,interpolated,topology-interp
52215,BVIST3-RR013,2.940000,-60.720000,interpolated,topology-interp
52216,BVIST4-RR000,2.940000,-60.720000,interpolated,topology-interp
52217,BVIST4-RR013,2.940000,-60.720000,interpolated,topology-interp
52220,JAGUAT-RR230,2.960000,-60.670000,case-existing,case-existing
52221,JAGUG1UTE013,2.970000,-60.680000,case-existing,case-existing
52222,JAGUG2UTE013,2.970000,-60.680000,case-existing,case-existing
52223,JAGUAVUTE013,2.970000,-60.680000,case-existing,case-existing
52227,CENTRO-RR069,2.820000,-60.680000,case-existing,case-existing
52228,FLORES-RR069,2.830000,-60.710000,case-existing,case-existing
52229,DISTRI-RR069,2.760000,-60.720000,case-existing,case-existing
52230,EQUATO-RR069,2.870000,-60.760000,case-existing,case-existing
52231,SATELI-RR069,2.850000,-60.730000,case-existing,case-existing
52232,CENTEN-RR069,2.790000,-60.720000,case-existing,case-existing
52236,CABURA-RR069,2.883636,-60.840909,interpolated,topology-interp
52240,SUCUBA-RR069,3.010000,-61.160000,case-existing,case-existing
52242,BEMQUE-RR500,2.940000,-60.720000,interpolated,topology-interp
52243,BEMQUEUHE013,2.940000,-60.720000,interpolated,topology-interp
52244,MATAMA-RR069,2.880000,-60.500000,case-existing,case-existing
52248,BONFIM-RR069,3.100000,-59.950000,case-existing,case-existing
52252,MUCAJA-RR069,2.430000,-60.920000,case-existing,case-existing
52256,CARACA-RR069,1.820000,-61.120000,case-existing,case-existing
52260,N.PARA-RR069,1.220000,-60.380000,case-existing,case-existing
52264,SJBLZA-RR069,0.950000,-59.910000,case-existing,case-existing
52268,JATAPU-RR069,0.905000,-59.600000,interpolated,topology-interp
52270,JATAPUPCH006,0.860000,-59.290000,case-existing,case-existing
52274,RORAIN-RR069,0.950000,-60.420000,case-existing,case-existing
52276,RORAIN-RR013,0.950000,-60.420000,case-existing,case-existing
52277,PALMAP-RR013,0.945000,-60.415000,interpolated,topology-interp
52278,PALMAPUTE013,0.940000,-60.410000,case-existing,case-existing
52280,MC.SUC-RR069,2.914545,-60.753636,interpolated,topology-interp
52281,MC.SU1UTE013,2.930000,-60.710000,case-existing,case-existing
52282,MC.SU2UTE013,2.930000,-60.710000,case-existing,case-existing
52290,SE.LUA-RR069,2.856000,-60.532000,interpolated,topology-interp
52292,SE.LUA-RR013,2.832000,-60.564000,interpolated,topology-interp
52293,CANTAGUTE013,2.730000,-60.680000,case-existing,case-existing
52294,BONFIMUTE013,2.910000,-60.480000,case-existing,case-existing
52298,BBFBLZ-RR069,0.954000,-59.926000,interpolated,topology-interp
52299,BBFBAL-RR013,0.958000,-59.942000,interpolated,topology-interp
52300,BALIZ1UTE013,0.960000,-59.950000,case-existing,case-existing
52301,BALIZ2UTE013,0.960000,-59.950000,case-existing,case-existing
52305,PARAVI-RR069,2.892000,-60.704000,interpolated,topology-interp
52310,PEDRAP-RR069,2.916000,-60.712000,interpolated,topology-interp
52340,JACITA-RR069,3.040000,-60.764000,interpolated,topology-interp
52341,JACITA-RR013,3.140000,-60.808000,interpolated,topology-interp
52342,STA.LUUTE013,3.180000,-60.830000,case-existing,case-existing
52343,P.RAINUTE013,3.200000,-60.830000,case-existing,case-existing
52350,S.JOAQ-RR069,2.955000,-60.710000,interpolated,topology-interp
52351,S.JOAQUTE013,2.970000,-60.700000,case-existing,case-existing
52420,LDBONFTAP069,2.820000,-60.610000,interpolated,topology-interp
55024,SMAIOR-TO013,-9.692686,-48.568399,interpolated,topology-interp
55025,SMAIOR-TO138,-9.845372,-48.596797,interpolated,topology-interp
55040,GARANEIND034,-8.880000,-36.400000,interpolated,topology-interp
55041,GOUR2EIND034,-11.280000,-42.670000,interpolated,topology-interp
55042,IGAP3EIND034,-13.980000,-42.610000,interpolated,topology-interp
55043,JANA3EIND034,-15.920000,-43.330000,interpolated,topology-interp
55045,JANDAEIND034,-5.410000,-36.062857,interpolated,topology-interp
55046,IBICOEIND034,-13.440000,-41.370000,interpolated,topology-interp
55047,JUAZ3EIND034,-9.490000,-40.520000,interpolated,topology-interp
55049,LGONZEIND034,-9.140000,-38.310000,interpolated,topology-interp
55050,P.AMOL-RN230,-5.300000,-35.870000,interpolated,topology-interp
55051,P.AMOL-RN034,-5.300000,-35.870000,interpolated,topology-interp
55052,P.AMOLEOL034,-5.300000,-35.870000,interpolated,topology-interp
55053,BOCA-A-BA230,-13.310000,-43.340000,interpolated,topology-interp
55054,BOCA---BA034,-13.310000,-43.340000,interpolated,topology-interp
55055,BOCA-A-BA034,-13.310000,-43.340000,interpolated,topology-interp
55056,BOCA--UFV034,-13.310000,-43.340000,interpolated,topology-interp
55057,BOCA-AUFV034,-13.310000,-43.340000,interpolated,topology-interp
55060,RMOREIUFV034,-4.950000,-38.000000,interpolated,topology-interp
55061,RMOREI-CE034,-4.950000,-38.000000,interpolated,topology-interp
55062,RMOREI-CE230,-4.950000,-38.000000,interpolated,topology-interp
55071,BOCARI-BA500,-13.310000,-43.340000,interpolated,topology-interp
55072,BOCA---BA230,-13.310000,-43.340000,interpolated,topology-interp
55083,OURO2EIND034,-10.870000,-41.340000,interpolated,topology-interp
55084,PAFO4EIND034,-9.410000,-38.200000,interpolated,topology-interp
55085,QNOV2EIND034,-8.590000,-41.430000,interpolated,topology-interp
55086,SLUZ2EIND034,-6.910000,-36.980000,interpolated,topology-interp
55087,TIAN2EIND034,-3.770000,-41.030000,interpolated,topology-interp
55088,CGRA3EIND034,-7.250000,-35.980000,interpolated,topology-interp
55089,CFOR2EIND034,-10.240000,-40.910000,interpolated,topology-interp
55090,CNOV2EIND034,-8.030000,-40.640000,interpolated,topology-interp
55101,ACU3-SIND034,-5.580000,-37.030000,interpolated,topology-interp
55102,IRECE-UFV034,-11.230000,-41.570000,case-existing,case-existing
55103,UBERLD-BA034,-11.256667,-41.650000,interpolated,topology-interp
55104,BLAP2SIND034,-13.310000,-43.340000,interpolated,topology-interp
55105,GOUR2SIND034,-11.280000,-42.670000,interpolated,topology-interp
55106,JAGU2SIND034,-4.930000,-37.680000,interpolated,topology-interp
55107,JANDASIND034,-5.410000,-36.062857,interpolated,topology-interp
55108,JUAZ3SIND034,-9.490000,-40.520000,interpolated,topology-interp
55109,LGONZSIND034,-9.140000,-38.310000,interpolated,topology-interp
55110,NOLINSIND034,-8.360000,-42.230000,interpolated,topology-interp
55111,OURO2SIND034,-10.870000,-41.340000,interpolated,topology-interp
55112,UBERLD-BA230,-11.283333,-41.730000,interpolated,topology-interp
55113,QUIXASIND034,-4.950000,-38.930000,interpolated,topology-interp
55114,RVERNSIND034,-17.720000,-50.860000,interpolated,topology-interp
55115,REGUASIND034,-13.850000,-46.180000,interpolated,topology-interp
55116,SLUZ2SIND034,-6.910000,-36.980000,interpolated,topology-interp
55117,BARR2SIND034,-12.170000,-44.810000,interpolated,topology-interp
55118,TIAN2SIND034,-3.770000,-41.030000,interpolated,topology-interp
55123,SERRT1UFV013,-8.030000,-39.320000,case-existing,case-existing
55124,SERRT2UFV013,-8.020000,-39.330000,case-existing,case-existing
55129,UFVSIT-PE138,-8.026286,-39.221797,interpolated,topology-interp
55150,PEDSALEOL013,-2.830000,-41.710000,case-existing,case-existing
55151,PEDSAL-PI138,-2.886487,-41.725950,interpolated,topology-interp
55152,PBARCAEOL034,-2.820000,-41.740000,case-existing,case-existing
55153,DELTPAEOL034,-2.840000,-41.710000,case-existing,case-existing
55154,P.SALGEOL034,-2.840000,-41.730000,case-existing,case-existing
55155,PDELTAEOL034,-2.840000,-41.700000,case-existing,case-existing
55156,DELTPA-PI034,-2.843907,-41.725627,interpolated,topology-interp
55157,DELTPA-PI138,-2.875627,-41.722509,interpolated,topology-interp
55158,MARANG-PI230,-4.103012,-41.469272,interpolated,topology-interp
55220,TBRAN1EOL034,-2.820000,-41.780000,case-existing,case-existing
55221,TBRANC-PI138,-2.889784,-41.759140,interpolated,topology-interp
55412,ACARA2-CE230,-3.077440,-40.098857,interpolated,topology-interp
55417,ICARAIEOL034,-3.030000,-39.620000,case-existing,case-existing
55431,ACA2B2-CE069,-2.930000,-40.110000,case-existing,case-existing
55434,ICARAI-CE069,-3.365000,-40.000000,interpolated,topology-interp
55435,RSFSC5UFV034,-3.090000,-41.550000,case-existing,case-existing
55436,RSFSC6UFV034,-3.100000,-41.560000,case-existing,case-existing
55437,RASFSC-PI034,-3.078750,-41.400000,interpolated,topology-interp
55438,RASFSC-PI500,-3.046250,-41.090000,interpolated,topology-interp
55463,ESQVEN-RN230,-5.286518,-35.887579,interpolated,topology-interp
55464,ESQVEN-RN034,-5.285249,-35.887655,interpolated,topology-interp
55465,ESQVENEOL034,-5.286365,-35.886194,interpolated,topology-interp
55483,SOLTAUUFV013,-6.000000,-40.270000,case-existing,case-existing
55518,TIMBAUUFV034,-4.950000,-38.930000,interpolated,topology-interp
55519,TIMBAU-CE034,-4.950000,-38.930000,interpolated,topology-interp
55520,TIMBAU-CE500,-4.950000,-38.930000,interpolated,topology-interp
55762,PARACUEOL013,-3.430000,-38.960000,case-existing,case-existing
55763,PARACU-CE069,-3.560000,-38.915000,interpolated,topology-interp
55764,DNPARAEOL013,-3.440000,-38.990000,case-existing,case-existing
55765,DNPARA-CE069,-3.565000,-38.930000,interpolated,topology-interp
55782,T.ALBAEOL034,-3.510000,-38.920000,case-existing,case-existing
55803,TBRANC-PI034,-2.836596,-41.776380,interpolated,topology-interp
55805,TBRAN3EOL034,-2.800000,-41.790000,case-existing,case-existing
55806,T.ALBA-CE069,-3.600000,-38.895000,interpolated,topology-interp
56064,CQBRD2-CE069,-4.745000,-37.850000,interpolated,topology-interp
56069,CQBRD2EOL034,-4.540000,-37.700000,case-existing,case-existing
56072,QUIXABEOL034,-4.560000,-37.690000,case-existing,case-existing
56074,P.PARAEOL034,-4.360000,-37.880000,case-existing,case-existing
56075,L.MATOEOL034,-4.590000,-37.640000,case-existing,case-existing
56076,FOZRCHEOL034,-4.130000,-38.150000,case-existing,case-existing
56077,BEBERIEOL034,-4.190000,-38.080000,case-existing,case-existing
56078,QUIXAB-CE069,-4.755000,-37.845000,interpolated,topology-interp
56079,P.PARA-CE069,-4.655000,-37.940000,interpolated,topology-interp
56080,L.MATO-CE069,-4.770000,-37.820000,interpolated,topology-interp
56081,FOZRCH-CE069,-3.980000,-38.345000,interpolated,topology-interp
56082,BEBERI-CE069,-4.010000,-38.310000,interpolated,topology-interp
56095,ALEX---CE230,-5.270000,-37.970000,case-existing,case-existing
56096,MUCURIEOL013,-3.710000,-38.470000,case-existing,case-existing
56097,ETAIBAEOL013,-3.500000,-38.930000,case-existing,case-existing
56098,PRAINHEOL013,-3.930000,-38.400000,interpolated,topology-interp
56100,JAGUA2-CE500,-4.930000,-37.680000,case-existing,case-existing
56101,JAGUA2-CE230,-4.930000,-37.680000,case-existing,case-existing
56102,CARAU2-RN230,-5.720000,-37.510000,case-existing,case-existing
56259,MEL02-EOL034,-4.950000,-36.960000,case-existing,case-existing
56261,V.ICAPEOL034,-4.850000,-37.290000,interpolated,topology-interp
56262,ICAPUI-CE034,-4.850000,-37.290000,interpolated,topology-interp
56263,ICAPUI-CE069,-4.850000,-37.290000,interpolated,topology-interp
56264,MOSSR4-RN069,-4.850000,-37.290000,case-existing,case-existing
56265,MOSSR4-RN230,-4.850000,-37.290000,case-existing,case-existing
56287,MEL02--RN069,-5.050000,-37.155000,interpolated,topology-interp
56307,S.FELIEOL034,-4.850000,-37.290000,interpolated,topology-interp
56392,VSCARLEOL034,-10.160000,-41.190000,case-existing,case-existing
56393,VSBIBIEOL034,-10.250000,-41.460000,case-existing,case-existing
56394,SENSE1-BA034,-10.297277,-41.241817,interpolated,topology-interp
56395,SENSE1-BA500,-10.434545,-41.293636,interpolated,topology-interp
56396,SENSE2-BA034,-10.410909,-41.402727,interpolated,topology-interp
56397,SENSE2-BA500,-10.571822,-41.345454,interpolated,topology-interp
56409,SITAUE-PI500,-7.482000,-42.946000,interpolated,topology-interp
56467,ARATU1EOL034,-5.090000,-36.340000,case-existing,case-existing
56468,ARATUA-RN069,-5.340000,-36.625000,interpolated,topology-interp
56469,MIASS2EOL034,-5.080000,-36.410000,case-existing,case-existing
56470,MIASS2-RN069,-5.335000,-36.660000,interpolated,topology-interp
56471,ASSU5-UFV034,-5.550000,-37.030000,case-existing,case-existing
56472,UFVASS-RN138,-5.570000,-36.970000,interpolated,topology-interp
56593,JCMR2--RN069,-5.303881,-35.913758,interpolated,topology-interp
56624,C.PRE4EOL034,-5.450000,-35.960000,case-existing,case-existing
56739,MVERDE-RN500,-5.450000,-36.220000,case-existing,case-existing
56764,FRALVEEOL034,-5.286016,-35.883293,interpolated,topology-interp
56765,MARGA1EOL034,-5.286016,-35.883293,interpolated,topology-interp
56766,ANGICO-RN034,-5.284678,-35.885045,interpolated,topology-interp
56767,ANGICO-RN230,-5.286344,-35.886128,interpolated,topology-interp
56768,ALDV2AEOL034,-5.286016,-35.883293,interpolated,topology-interp
56769,ALDV2BEOL034,-5.286016,-35.883293,interpolated,topology-interp
56770,ALDV2--RN034,-5.284678,-35.885045,interpolated,topology-interp
56771,ALDV2--RN230,-5.286344,-35.886128,interpolated,topology-interp
56787,RSERRA-BA230,-10.580000,-44.430000,interpolated,topology-interp
56788,ALTITU-BA230,-10.580000,-44.430000,interpolated,topology-interp
56789,RSERRAUFV034,-10.580000,-44.430000,interpolated,topology-interp
56790,ALTITU-BA034,-10.580000,-44.430000,interpolated,topology-interp
56797,ALTITU-BA500,-10.580000,-44.430000,case-existing,case-existing
56799,ALTITUUFV034,-10.580000,-44.430000,interpolated,topology-interp
56809,JANDAI-RN500,-5.410000,-36.062857,interpolated,topology-interp
56823,CELEO--BA500,-12.170000,-44.810000,interpolated,topology-interp
56824,CELEO--BA034,-12.170000,-44.810000,interpolated,topology-interp
56825,CELEO-UFV034,-12.170000,-44.810000,interpolated,topology-interp
56845,UFVNLR-AL230,-9.390000,-38.150000,case-existing,case-existing
56846,NLR-A--AL034,-9.390000,-38.150000,interpolated,topology-interp
56848,NLR-A-UFV034,-9.390000,-38.150000,interpolated,topology-interp
56850,ZEBU--UFV034,-9.360000,-38.180000,interpolated,topology-interp
56851,UFVZBU-AL034,-9.360000,-38.180000,interpolated,topology-interp
56852,UFVZBU-AL230,-9.360000,-38.180000,case-existing,case-existing
56861,SIMPLC-RN230,-5.816000,-36.752000,interpolated,topology-interp
56867,BESP2-EOL034,-5.286365,-35.886194,interpolated,topology-interp
56868,LIMOEI-RN034,-5.285249,-35.887655,interpolated,topology-interp
56869,LIMOEI-RN230,-5.286518,-35.887579,interpolated,topology-interp
56877,CASCUDUFV034,-5.190000,-37.550000,interpolated,topology-interp
56878,CASCUD-RN034,-5.190000,-37.550000,interpolated,topology-interp
56879,CASCUD-RN230,-5.190000,-37.550000,case-existing,case-existing
56883,ORQMI-UFV034,-12.180000,-44.800000,interpolated,topology-interp
56884,EDNBAR-BA034,-12.180000,-44.800000,interpolated,topology-interp
56885,EDNBAR-BA500,-12.180000,-44.800000,case-existing,case-existing
56892,VSMARC-BA230,-12.310000,-42.340000,interpolated,topology-interp
56893,VSMARC-BA034,-12.310000,-42.340000,interpolated,topology-interp
57465,RIOFOGEOL034,-5.310000,-35.390000,case-existing,case-existing
57466,RIOFOG-RN069,-5.525000,-35.345000,interpolated,topology-interp
57467,C.PRETEOL034,-5.420000,-35.950000,case-existing,case-existing
57473,ARIZO1EOL034,-5.300000,-35.380000,case-existing,case-existing
57474,ARIZON-RN069,-5.520000,-35.340000,interpolated,topology-interp
57482,C.PRET-RN069,-5.618000,-35.562000,interpolated,topology-interp
57485,CPRET4-RN034,-5.496000,-35.824000,interpolated,topology-interp
57700,LNOVA2-RN069,-6.060000,-36.530000,case-existing,case-existing
57725,COLVSR-RN500,-6.802500,-36.409062,interpolated,topology-interp
57757,VSRFL1EOL034,-6.340000,-36.320000,case-existing,case-existing
57758,VSRFL2EOL034,-6.290000,-36.330000,case-existing,case-existing
57759,VSRFL3EOL034,-6.280000,-36.310000,case-existing,case-existing
57760,VSRFL4EOL034,-6.250000,-36.270000,case-existing,case-existing
57761,VSRFL5EOL034,-6.210000,-36.250000,case-existing,case-existing
57762,VSRFL6EOL034,-6.170000,-36.290000,case-existing,case-existing
57763,VSRFL7EOL034,-6.130000,-36.240000,case-existing,case-existing
57764,VSRFL8EOL034,-6.110000,-36.210000,case-existing,case-existing
57765,VSRFL9EOL034,-6.090000,-36.170000,case-existing,case-existing
57766,VSRF10EOL034,-6.050000,-36.140000,case-existing,case-existing
57767,VSRF11EOL034,-6.040000,-36.130000,case-existing,case-existing
57768,CCRNVS-RN034,-6.247500,-36.267187,interpolated,topology-interp
57851,ALBATREOL013,-6.550000,-34.970000,case-existing,case-existing
57852,ATLANTEOL013,-6.550000,-34.970000,case-existing,case-existing
57853,CARAVEEOL013,-6.560000,-34.970000,case-existing,case-existing
57854,COELH1EOL013,-6.580000,-34.970000,case-existing,case-existing
57855,COELH2EOL013,-6.570000,-34.970000,case-existing,case-existing
57856,COELH3EOL013,-6.560000,-34.970000,case-existing,case-existing
57857,COELH4EOL013,-6.580000,-34.970000,case-existing,case-existing
57858,MATARAEOL013,-6.580000,-34.980000,case-existing,case-existing
57859,PRESIDEOL013,-6.570000,-34.980000,case-existing,case-existing
57860,VITORIEOL013,-6.560000,-35.010000,case-existing,case-existing
57861,MILLENEOL013,-6.490000,-34.970000,case-existing,case-existing
57862,CAMURIEOL013,-6.560000,-34.970000,case-existing,case-existing
57863,VALEDV-PB013,-6.591304,-34.976957,interpolated,topology-interp
57864,VALEDV-PB069,-6.875652,-34.993478,interpolated,topology-interp
57865,PIRAUAEOL013,-7.500000,-35.500000,case-existing,case-existing
57867,QUAVENEOL013,-7.490000,-35.490000,case-existing,case-existing
57868,PIRAUA-PE013,-7.530000,-35.363333,interpolated,topology-interp
57869,PIRAUA-PE069,-7.560000,-35.226667,interpolated,topology-interp
57870,CANOASEOL034,-6.880000,-36.760000,case-existing,case-existing
57871,LAGOA1EOL034,-6.880000,-36.820000,case-existing,case-existing
57872,LAGOA2EOL034,-6.840000,-36.790000,case-existing,case-existing
57873,LAGOAA-PB034,-6.942000,-36.602000,interpolated,topology-interp
57874,LAGOAA-PB069,-7.106000,-36.256000,interpolated,topology-interp
57875,LAGOAB-PB034,-6.926667,-37.200000,interpolated,topology-interp
57876,LAGOAB-PB069,-6.973333,-37.580000,interpolated,topology-interp
57877,MILLEN-PB013,-6.713333,-34.983333,interpolated,topology-interp
57878,MILLEN-PB069,-6.936667,-34.996667,interpolated,topology-interp
58008,CAETE2-PE230,-8.840000,-36.760000,case-existing,case-existing
58015,O.BRA1EOL034,-8.190000,-36.750000,case-existing,case-existing
58016,O.BRA2EOL034,-8.180000,-36.740000,case-existing,case-existing
58017,O.BRAN-PE034,-8.248000,-36.796000,interpolated,topology-interp
58018,O.BRAN-PE069,-8.374000,-36.898000,interpolated,topology-interp
58050,B.HORA-PE069,-8.335714,-36.228571,interpolated,topology-interp
58051,B.HORA-PE034,-8.341429,-36.237143,interpolated,topology-interp
58052,BHORA4UFV034,-8.330000,-36.240000,case-existing,case-existing
58053,BHORA5UFV034,-8.350000,-36.240000,case-existing,case-existing
58054,BHORA6UFV034,-8.350000,-36.240000,case-existing,case-existing
58098,S.SALG-PE138,-8.028860,-39.015399,interpolated,topology-interp
58099,PARNAM-PE138,-8.060295,-39.194403,interpolated,topology-interp
58100,GRAVFREOL013,-8.270000,-35.600000,case-existing,case-existing
58101,MANDACEOL013,-8.280000,-35.600000,case-existing,case-existing
58102,SMARIAEOL013,-8.290000,-35.600000,case-existing,case-existing
58103,XAVANTEOL013,-8.170000,-35.390000,case-existing,case-existing
58108,SSALG1UFV034,-8.080000,-39.340000,case-existing,case-existing
58109,SSALG2UFV034,-8.090000,-39.350000,case-existing,case-existing
58110,SSALG3UFV034,-8.080000,-39.360000,case-existing,case-existing
58111,SSALGU-PE034,-8.077574,-39.311101,interpolated,topology-interp
58112,TERRNV-PE138,-8.060293,-39.194415,interpolated,topology-interp
58117,L.GNZ2UFV034,-8.090000,-39.340000,case-existing,case-existing
58118,L.GONZ-PE034,-8.088613,-39.319197,interpolated,topology-interp
58119,L.GONZ-PE138,-8.074454,-39.256798,interpolated,topology-interp
58121,JEREMO-BA500,-10.160000,-38.300000,case-existing,case-existing
58139,SURUBM-PE500,-8.671563,-38.403125,interpolated,topology-interp
58150,BARCOQEOL013,-10.810000,-36.930000,case-existing,case-existing
58151,BARCOQ-SE069,-10.845000,-37.040000,interpolated,topology-interp
58171,SOBRA1UFV034,-8.290000,-42.370000,case-existing,case-existing
58172,SOBRA1-PI034,-8.313333,-42.323333,interpolated,topology-interp
58173,SOBRA1-PI069,-8.336667,-42.276667,interpolated,topology-interp
58174,SERTA1UFV034,-8.550000,-42.290000,case-existing,case-existing
58175,SERTA1-PI034,-8.502500,-42.275000,interpolated,topology-interp
58176,SERTA1-PI069,-8.455000,-42.260000,interpolated,topology-interp
58208,CHAPA1-PI230,-7.560000,-40.720000,case-existing,case-existing
58217,CHAPA2-PI230,-7.480000,-40.760000,case-existing,case-existing
58227,CHAPA3-PI230,-7.390000,-40.680000,case-existing,case-existing
58259,ANGIC1UFV034,-6.920000,-37.560000,case-existing,case-existing
58260,MALTA-UFV034,-6.910000,-37.560000,case-existing,case-existing
58261,ANGMAL-PB034,-6.936000,-37.640000,interpolated,topology-interp
58262,ANGMAL-PB069,-6.978000,-37.800000,interpolated,topology-interp
58285,SPEPAU-PE034,-7.900000,-38.036667,interpolated,topology-interp
58286,SPEPAU-PE138,-7.950000,-38.333333,interpolated,topology-interp
58300,SPEPA1UFV034,-7.880000,-37.980000,case-existing,case-existing
58301,SPEPA5UFV034,-7.890000,-37.940000,case-existing,case-existing
58302,SPEPA6UFV034,-7.900000,-37.940000,case-existing,case-existing
58326,SPEPA7UFV034,-7.880000,-37.990000,case-existing,case-existing
58411,ARATCM-CE230,-7.370000,-38.780000,case-existing,case-existing
58417,DOUR11UFV034,-8.850000,-38.230000,case-existing,case-existing
58418,DOUR12UFV034,-8.850000,-38.230000,case-existing,case-existing
58419,DOUR13UFV034,-8.860000,-38.230000,case-existing,case-existing
58420,DOUR14UFV034,-8.860000,-38.240000,case-existing,case-existing
58435,DOUR15UFV034,-8.860000,-38.230000,case-existing,case-existing
58436,DOUR16UFV034,-8.860000,-38.230000,case-existing,case-existing
58437,DOUR17UFV034,-8.870000,-38.230000,case-existing,case-existing
58438,DOUR18UFV034,-8.870000,-38.240000,case-existing,case-existing
58439,DOUR19UFV034,-8.870000,-38.240000,case-existing,case-existing
58440,DOUR20UFV034,-8.870000,-38.240000,case-existing,case-existing
58441,DOURD2-PE034,-8.844687,-38.249375,interpolated,topology-interp
58457,L.GNZ1UFV034,-8.090000,-39.340000,case-existing,case-existing
58458,L.GNZ3UFV034,-8.100000,-39.340000,case-existing,case-existing
58617,PREINOEOL034,-9.520000,-40.890000,case-existing,case-existing
58618,PREIN3EOL034,-9.500000,-40.880000,case-existing,case-existing
58619,PREINO-BA034,-9.513333,-40.848889,interpolated,topology-interp
58620,PREINO-BA069,-9.496667,-40.664444,interpolated,topology-interp
58626,PREIN4EOL034,-9.500000,-40.910000,case-existing,case-existing
58633,SOBRD1UFV034,-9.380000,-41.810000,case-existing,case-existing
58634,SOBRA1-BA069,-9.430000,-41.145000,interpolated,topology-interp
58666,PREIN5EOL034,-9.550000,-40.900000,case-existing,case-existing
58691,FUTURA-BA500,-9.660000,-40.690000,case-existing,case-existing
58758,GRAVI1UFV034,-8.290000,-42.350000,interpolated,topology-interp
58759,GRAV21UFV034,-8.290000,-42.350000,interpolated,topology-interp
58760,GRAVI3UFV034,-8.290000,-42.350000,interpolated,topology-interp
58761,GRAVI4UFV034,-8.290000,-42.350000,interpolated,topology-interp
58762,GRAVIO-PI034,-8.290000,-42.350000,interpolated,topology-interp
58763,FAZESMUFV034,-8.420000,-35.960000,case-existing,case-existing
58764,FAZESM-PE069,-8.375000,-36.090000,interpolated,topology-interp
58766,GRAVIO-PI230,-8.290000,-42.350000,case-existing,case-existing
58767,QUAVEN-PE069,-7.540000,-35.290000,interpolated,topology-interp
58845,ABAIAR-CE230,-7.484286,-38.983571,interpolated,topology-interp
58920,COLRIA-RN230,-6.465413,-35.675664,interpolated,topology-interp
59016,VENBA2EOL034,-12.020000,-41.450000,case-existing,case-existing
59017,VENBA8EOL034,-12.030000,-41.460000,case-existing,case-existing
59018,VENTBA-BA034,-11.910000,-41.501429,interpolated,topology-interp
59019,VBAHIA-BA138,-11.610000,-41.655714,interpolated,topology-interp
59020,VENBA4EOL034,-11.980000,-41.440000,case-existing,case-existing
59100,FLORE1EOL034,-10.440000,-40.190000,interpolated,topology-interp
59101,FLORE2EOL034,-10.440000,-40.190000,interpolated,topology-interp
59102,FLORE3EOL034,-10.440000,-40.190000,interpolated,topology-interp
59103,FLORE4EOL034,-10.440000,-40.190000,interpolated,topology-interp
59104,FLORES-BA034,-10.440000,-40.190000,interpolated,topology-interp
59105,FLORES-BA230,-10.440000,-40.190000,interpolated,topology-interp
59153,VSMARCEOL034,-12.310000,-42.340000,interpolated,topology-interp
59173,ASSURUUFV013,-10.990000,-42.360000,case-existing,case-existing
59174,UFVASS-PB013,-11.096667,-42.176667,interpolated,topology-interp
59175,UFVASS-PB069,-11.203333,-41.993333,interpolated,topology-interp
59188,IPUPIA-BA500,-11.800000,-42.624286,interpolated,topology-interp
59190,SDSER3-BA500,-12.320000,-42.610000,case-existing,case-existing
59219,MURION-BA500,-12.320000,-42.610000,interpolated,topology-interp
59220,MURION-BA034,-12.320000,-42.610000,interpolated,topology-interp
59221,MURIONUFV034,-12.320000,-42.610000,interpolated,topology-interp
59421,TABOCA-BA230,-12.580000,-44.110000,case-existing,case-existing
59453,VVALE3UFV034,-14.150000,-42.730000,case-existing,case-existing
59455,VVALE--BA069,-14.090000,-42.675000,interpolated,topology-interp
59901,LAGOA1UFV034,-7.020000,-37.960000,interpolated,topology-interp
59902,LAGOA2UFV034,-7.020000,-37.960000,interpolated,topology-interp
59903,LAGOA--PB034,-7.020000,-37.960000,interpolated,topology-interp
59904,LAGOA--PB069,-7.020000,-37.960000,interpolated,topology-interp
59905,RPX1_2-PB069,-6.930000,-38.168000,interpolated,topology-interp
59906,RPX1_2-PB034,-6.840000,-38.376000,interpolated,topology-interp
59907,UFRPX1UFV034,-6.790000,-38.480000,case-existing,case-existing
59908,UFRPX2UFV034,-6.800000,-38.480000,case-existing,case-existing
60021,JAIBASIND034,-15.290000,-43.720000,interpolated,topology-interp
60022,GUIMA1UFV034,-18.820000,-46.670000,case-existing,case-existing
60023,GUIMA2UFV034,-18.820000,-46.690000,case-existing,case-existing
60024,GUIMAR-MG034,-18.768750,-46.687500,interpolated,topology-interp
60025,GUICOL-MG138,-18.666250,-46.702500,interpolated,topology-interp
60026,ITAPU-UFV013,-15.490000,-44.390000,case-existing,case-existing
60029,JANA3SIND034,-15.920000,-43.330000,interpolated,topology-interp
60032,BRXJAN-MG034,-15.910000,-43.390000,interpolated,topology-interp
60033,BRX-J-UFV034,-15.910000,-43.390000,interpolated,topology-interp
60034,BRXJAN-MG500,-15.910000,-43.390000,case-existing,case-existing
60036,PIRA2SIND034,-17.340000,-44.870000,interpolated,topology-interp
60038,SAMAMSIND034,-15.930000,-48.170000,interpolated,topology-interp
60047,PEDRAN-SP138,-20.227068,-50.085572,interpolated,topology-interp
60049,AVERMSIND034,-19.860000,-50.350000,interpolated,topology-interp
60060,SOLIDA-MG500,-15.920000,-43.380000,case-existing,case-existing
60061,SOLI-A-MG034,-15.920000,-43.380000,interpolated,topology-interp
60062,SOLI-B-MG034,-15.920000,-43.380000,interpolated,topology-interp
60063,SOL-A-UFV034,-15.920000,-43.380000,interpolated,topology-interp
60064,SOL-B-UFV034,-15.920000,-43.380000,interpolated,topology-interp
60065,CJAVLT-MG500,-15.830000,-43.450000,case-existing,case-existing
60066,CJAVLT-MG034,-15.830000,-43.450000,interpolated,topology-interp
60067,JVLT1-UFV034,-15.830000,-43.450000,interpolated,topology-interp
60068,JVLT2-UFV034,-15.830000,-43.450000,interpolated,topology-interp
60091,SDALM1-MG230,-14.887861,-42.802867,interpolated,topology-interp
60092,SDALM2-BA230,-14.846423,-42.691413,interpolated,topology-interp
60093,SDALMB-BA034,-14.823217,-42.630721,interpolated,topology-interp
60094,SDALMA-BA034,-14.828217,-42.640721,interpolated,topology-interp
60095,SDA1A3EOL034,-14.800000,-42.570000,case-existing,case-existing
60096,SDA4A6EOL034,-14.810000,-42.590000,case-existing,case-existing
60141,CVERED-MG345,-17.796577,-44.904589,interpolated,topology-interp
60142,CVERED-MG034,-17.796890,-44.904888,interpolated,topology-interp
60143,VRDA1-UFV034,-17.794633,-44.903524,interpolated,topology-interp
60144,VRDA2-UFV034,-17.794633,-44.903524,interpolated,topology-interp
60157,PJK-1-UFV034,-18.690000,-44.090000,interpolated,topology-interp
60158,PJK-2-UFV034,-18.690000,-44.090000,interpolated,topology-interp
60159,CPREJK-MG000,-18.690000,-44.090000,interpolated,topology-interp
60160,CPREJK-MG013,-18.690000,-44.090000,interpolated,topology-interp
60161,CPREJK-MG345,-18.690000,-44.090000,case-existing,case-existing
60162,CPREJK-MG034,-18.690000,-44.090000,interpolated,topology-interp
60163,ARAXA4-MG138,-19.838750,-47.177500,interpolated,topology-interp
60167,CMANDL-MG138,-18.502500,-46.917500,interpolated,topology-interp
60168,CMANDL-MG013,-18.447500,-47.012500,interpolated,topology-interp
60169,CMAND1UFV013,-18.420000,-47.060000,case-existing,case-existing
60170,CMAND2UFV013,-18.420000,-47.060000,case-existing,case-existing
60171,DRQL1-UFV013,-16.490000,-43.680000,case-existing,case-existing
60172,DRQL2-UFV013,-16.480000,-43.680000,case-existing,case-existing
60175,GSII1-UFV013,-17.680000,-44.750000,case-existing,case-existing
60176,GSII2-UFV013,-17.680000,-44.750000,case-existing,case-existing
60177,GSII3-UFV013,-17.690000,-44.760000,case-existing,case-existing
60178,GSII---MG138,-17.582941,-44.789412,interpolated,topology-interp
60185,GSII---MG034,-17.658235,-44.762353,interpolated,topology-interp
60207,SKY2A--MG034,-15.750000,-45.970000,interpolated,topology-interp
60208,SKY2B--MG034,-15.750000,-45.970000,interpolated,topology-interp
60209,SKY1---MG000,-15.750000,-45.970000,interpolated,topology-interp
60210,SKY2---MG000,-15.750000,-45.970000,interpolated,topology-interp
60211,SKY1A-UFV034,-15.750000,-45.970000,interpolated,topology-interp
60212,SKY1B-UFV034,-15.750000,-45.970000,interpolated,topology-interp
60213,SKY2A-UFV034,-15.750000,-45.970000,interpolated,topology-interp
60214,SKY2B-UFV034,-15.750000,-45.970000,interpolated,topology-interp
60215,SKY1A--MG034,-15.750000,-45.970000,interpolated,topology-interp
60216,SKYARI-MG500,-15.750000,-45.970000,interpolated,topology-interp
60217,SKY1B--MG034,-15.750000,-45.970000,interpolated,topology-interp
60267,CINFJA-MG500,-15.920000,-43.330000,interpolated,topology-interp
60268,CINFJ1-MG034,-15.920000,-43.330000,interpolated,topology-interp
60269,CINFJ2-MG034,-15.920000,-43.330000,interpolated,topology-interp
60270,INFJ1-UFV034,-15.920000,-43.330000,interpolated,topology-interp
60271,INFJ2-UFV034,-15.920000,-43.330000,interpolated,topology-interp
60272,CFRASA-MG230,-16.140000,-43.457500,interpolated,topology-interp
60273,CFSA-1-MG034,-16.240000,-43.523750,interpolated,topology-interp
60274,CFSA-2-MG034,-16.260000,-43.518750,interpolated,topology-interp
60275,FSA-1-UFV034,-16.340000,-43.590000,case-existing,case-existing
60276,FSA-2-UFV034,-16.380000,-43.580000,case-existing,case-existing
60288,CACENA-MG500,-15.750000,-45.970000,interpolated,topology-interp
60289,CACEN1-MG034,-15.750000,-45.970000,interpolated,topology-interp
60290,CACEN2-MG034,-15.750000,-45.970000,interpolated,topology-interp
60291,CACEN3-MG034,-15.750000,-45.970000,interpolated,topology-interp
60292,CACEN4-MG034,-15.750000,-45.970000,interpolated,topology-interp
60293,CACNT1-MG000,-15.750000,-45.970000,interpolated,topology-interp
60294,CACNT2-MG000,-15.750000,-45.970000,interpolated,topology-interp
60295,ACEN1-UFV034,-15.750000,-45.970000,interpolated,topology-interp
60296,ACEN2-UFV034,-15.750000,-45.970000,interpolated,topology-interp
60297,ACEN3-UFV034,-15.750000,-45.970000,interpolated,topology-interp
60298,ACEN4-UFV034,-15.750000,-45.970000,interpolated,topology-interp
60301,BELV1-UFV013,-17.460000,-44.820000,case-existing,case-existing
60302,BELV2-UFV013,-17.460000,-44.840000,case-existing,case-existing
60303,BELV3-UFV013,-17.460000,-44.830000,case-existing,case-existing
60304,BELVED-MG138,-17.452941,-44.822941,interpolated,topology-interp
60305,BELVED-MG034,-17.458235,-44.828235,interpolated,topology-interp
60341,C.PJUS-MG500,-18.660000,-44.100000,case-existing,case-existing
60342,PJUSCE-MG000,-18.660000,-44.100000,interpolated,topology-interp
60343,PJUSC1-MG034,-18.660000,-44.100000,interpolated,topology-interp
60344,PJUSC2-MG034,-18.660000,-44.100000,interpolated,topology-interp
60345,PJUSCE-MG013,-18.660000,-44.100000,interpolated,topology-interp
60346,PJUS1-UFV034,-18.660000,-44.100000,interpolated,topology-interp
60347,PJUS2-UFV034,-18.660000,-44.100000,interpolated,topology-interp
60350,VZP3--UFV034,-18.095769,-45.153930,interpolated,topology-interp
60351,VZP4--UFV034,-18.100511,-45.159702,interpolated,topology-interp
60352,CVZP---MG345,-18.005342,-45.069905,interpolated,topology-interp
60360,VZPTB1-MG000,-18.056007,-45.117994,interpolated,topology-interp
60361,VZPTB2-MG000,-18.083579,-45.142604,interpolated,topology-interp
60362,VZPTB3-MG000,-18.080268,-45.139528,interpolated,topology-interp
60363,VZPTB4-MG000,-18.087811,-45.147814,interpolated,topology-interp
60364,CVZP3--MG034,-18.089193,-45.149113,interpolated,topology-interp
60365,CVZP2--MG013,-18.079810,-45.140323,interpolated,topology-interp
60366,CVZP4--MG034,-18.101015,-45.158803,interpolated,topology-interp
60700,UCASTI-SP138,-20.765603,-51.529258,interpolated,topology-interp
70663,SAORQ2-SP088,-23.508859,-47.162397,interpolated,topology-interp
70664,D#2SR2-SP088,-23.505035,-47.158340,interpolated,topology-interp
70665,D#1SR2-SP088,-23.512177,-47.166904,interpolated,topology-interp
70666,BC1SR2-SP088,-23.508859,-47.162397,interpolated,topology-interp
70667,BC2SR2-SP088,-23.508859,-47.162397,interpolated,topology-interp
70680,D1E205-SP088,-23.247471,-47.269228,interpolated,topology-interp
70681,D2E205-SP088,-23.247471,-47.269228,interpolated,topology-interp
70682,SOROC9-SP088,-23.438387,-47.584194,interpolated,topology-interp
70683,D#1SR9-SP088,-23.436129,-47.578064,interpolated,topology-interp
70684,D#2SR9-SP088,-23.440645,-47.590323,interpolated,topology-interp
70685,YPESAL-SP088,-23.186851,-47.248087,interpolated,topology-interp
70686,D#1YPE-SP088,-23.186456,-47.247665,interpolated,topology-interp
70687,D#2YPE-SP088,-23.186456,-47.247665,interpolated,topology-interp
71000,CERIL--RS069,-28.410000,-53.930000,interpolated,topology-interp
71001,CERMIS-RS023,-28.300000,-54.290000,interpolated,topology-interp
71002,CERMIS-RS069,-28.390000,-54.930000,interpolated,topology-interp
71003,CERMII-RS069,-28.740000,-49.430000,interpolated,topology-interp
71004,CEMISS-RS069,-29.630000,-52.160000,interpolated,topology-interp
71005,CERTHI-RS069,-27.880000,-54.460000,interpolated,topology-interp
71006,COOPRA-RS069,-28.740000,-49.430000,interpolated,topology-interp
71007,COPLUZ-RS069,-27.880000,-54.460000,interpolated,topology-interp
71008,COOPLU-RS069,-28.280000,-53.510000,interpolated,topology-interp
71009,COPREL-RS069,-28.610000,-53.620000,interpolated,topology-interp
71010,DEMEII-RS069,-28.410000,-53.930000,interpolated,topology-interp
71011,HIDROP-RS069,-28.280000,-53.510000,interpolated,topology-interp
71012,HIDRPN-RS069,-28.346418,-53.803284,interpolated,topology-interp
71013,CERILU-RS069,-28.335672,-53.873134,interpolated,topology-interp
71014,CERTAJ-RS069,-29.870000,-51.390000,interpolated,topology-interp
71015,CERTE1-RS069,-29.440000,-51.900000,interpolated,topology-interp
71016,CERTE2-RS069,-29.440000,-51.900000,interpolated,topology-interp
71017,CHESP--GO069,-14.940000,-49.520000,interpolated,topology-interp
71018,COCAL--SC069,-28.605000,-49.365000,interpolated,topology-interp
71019,DEMEI--RS069,-28.346418,-53.803284,interpolated,topology-interp
71020,D.M.E.-MG138,-21.800000,-46.610000,interpolated,topology-interp
71021,CARAZ1-RS069,-28.571250,-52.732500,interpolated,topology-interp
71022,CARAZ2-RS069,-28.566250,-52.652500,interpolated,topology-interp
80000,CBALT1-GO230,-15.050000,-48.905000,interpolated,topology-interp
80001,CBAL1A-GO034,-15.015000,-48.897500,interpolated,topology-interp
80002,CBAL1B-GO034,-15.015000,-48.887500,interpolated,topology-interp
80003,BAL1A-UFV034,-14.980000,-48.890000,case-existing,case-existing
80004,BAL1B-UFV034,-14.980000,-48.870000,case-existing,case-existing
80005,CRUZS-UFV034,-15.080000,-48.820000,case-existing,case-existing
80006,CCRUZS-GO034,-15.093333,-48.856667,interpolated,topology-interp
80007,CRUZS--GO230,-15.106667,-48.893333,interpolated,topology-interp
80008,PBARRE-SP034,-20.636667,-51.300000,interpolated,topology-interp
80009,PBARR-UFV034,-20.620000,-51.300000,case-existing,case-existing
80010,NORIS1-SP034,-20.661667,-51.333333,interpolated,topology-interp
80011,NORI1-UFV034,-20.660000,-51.340000,case-existing,case-existing
80012,NORI2-UFV034,-20.660000,-51.340000,case-existing,case-existing
80013,NORIS2-SP034,-20.661667,-51.333333,interpolated,topology-interp
80014,NORIEN-SP138,-20.666667,-51.313333,interpolated,topology-interp
80015,NOS-T1-SP000,-20.663333,-51.326667,interpolated,topology-interp
80016,P.BARR-SP138 138kV-2,-20.653333,-51.300000,interpolated,topology-interp
80017,DRAFV--SP138,-21.509851,-51.532708,interpolated,topology-interp
80018,DRAFV--SP034,-21.485151,-51.561737,interpolated,topology-interp
80019,DRACE-UFV034,-21.460000,-51.590000,case-existing,case-existing
80020,TPARAN-MS230,-19.684999,-51.433749,interpolated,topology-interp
80021,TPAR-1-MS000,-19.699999,-51.451874,interpolated,topology-interp
80022,TPAR-2-MS000,-19.704999,-51.449374,interpolated,topology-interp
80023,TPAR-A-MS034,-19.704999,-51.460937,interpolated,topology-interp
80024,TPAR-B-MS034,-19.709999,-51.460937,interpolated,topology-interp
80025,TPAR-C-MS034,-19.717499,-51.459687,interpolated,topology-interp
80026,TPAR-D-MS034,-19.712499,-51.454687,interpolated,topology-interp
80027,LTPA12UFV034,-19.710000,-51.470000,case-existing,case-existing
80028,LTPA33UFV034,-19.720000,-51.470000,case-existing,case-existing
80029,LTPA56UFV034,-19.730000,-51.470000,case-existing,case-existing
80030,LTPA79UFV034,-19.720000,-51.460000,case-existing,case-existing
80031,ATLANT-RS012,-30.173333,-50.316667,interpolated,topology-interp
80032,ATLANT-RS230 230kV-2,-30.036667,-50.313333,interpolated,topology-interp
80033,ATLANTEOL034,-30.310000,-50.320000,case-existing,case-existing
80034,CIDR13-RS069,-29.960000,-50.263333,interpolated,topology-interp
80035,CIDREIEOL034,-30.080000,-50.170000,case-existing,case-existing
80036,CIDREI-RS034,-30.020000,-50.216667,interpolated,topology-interp
80037,REBCASEOL034,-32.210000,-52.210000,case-existing,case-existing
80038,VENTO--RS069,-32.123333,-52.250000,interpolated,topology-interp
80039,CASSIN-RS034,-32.166667,-52.230000,interpolated,topology-interp
80040,SENANDEOL034,-32.400000,-52.350000,case-existing,case-existing
80041,SENAND-RS138,-32.186667,-52.296667,interpolated,topology-interp
80042,SENAND-RS034,-32.293333,-52.323333,interpolated,topology-interp
80043,XANGRIEOL034,-29.770000,-50.080000,case-existing,case-existing
80044,XANGRI-RS034,-29.772500,-50.072500,interpolated,topology-interp
80045,XANGRI-RS000,-29.775000,-50.065000,interpolated,topology-interp
80046,XANGRI-RS069,-29.777500,-50.057500,interpolated,topology-interp
80047,XANGRI-RS004,-29.775000,-50.065000,interpolated,topology-interp
80048,CMNSOL-MG138,-17.323333,-44.873333,interpolated,topology-interp
80049,CMNSOL-MG034,-17.306667,-44.876667,interpolated,topology-interp
80050,MNSOL-UFV034,-17.290000,-44.880000,case-existing,case-existing
80051,PIRAP1UFV034,-17.410000,-44.900000,case-existing,case-existing
80052,CPIRAP-MG138,-17.382000,-44.884000,interpolated,topology-interp
80053,CPIRP1-MG034,-17.396000,-44.892000,interpolated,topology-interp
80054,CPIRP2-MG034,-17.396000,-44.882000,interpolated,topology-interp
80055,PIRAP2UFV034,-17.410000,-44.880000,case-existing,case-existing
80056,CVAZAN-MG034,-17.396000,-44.892000,interpolated,topology-interp
80057,VAZAN-UFV034,-17.410000,-44.900000,case-existing,case-existing
80058,CNEGR2-RS230,-30.911820,-55.813133,interpolated,topology-interp
80059,CNEG-3-RS034,-31.023837,-55.864284,interpolated,topology-interp
80060,CNEG3-EOL034,-31.080000,-55.890000,case-existing,case-existing
80061,CNEG-2-RS034,-30.990503,-55.890951,interpolated,topology-interp
80062,CNEG2-EOL034,-31.030000,-55.930000,case-existing,case-existing
80063,CNEGR3-RS230,-30.937997,-55.811995,interpolated,topology-interp
80064,CNEG-4-RS034,-30.992370,-55.810502,interpolated,topology-interp
80065,CNEG4-EOL034,-31.020000,-55.810000,case-existing,case-existing
80066,CN3-1--RS000,-30.967253,-55.838526,interpolated,topology-interp
80067,CNE3---RS013,-30.967673,-55.838569,interpolated,topology-interp
80068,CN2-1--RS000,-30.950586,-55.851859,interpolated,topology-interp
80069,CNE2---RS013,-30.951006,-55.851903,interpolated,topology-interp
80070,CN4-1--RS000,-30.965608,-55.811231,interpolated,topology-interp
80071,CNE4---RS013,-30.964740,-55.811004,interpolated,topology-interp
80072,UBJ--1-SC000,-28.369316,-49.560136,interpolated,topology-interp
80073,UBJ--1-SC004,-28.368527,-49.556029,interpolated,topology-interp
80074,UBJ--2-SC000,-28.369316,-49.560136,interpolated,topology-interp
80075,UBJ--2-SC004,-28.368527,-49.556029,interpolated,topology-interp
80076,BOMJAREOL034,-28.450000,-49.600000,case-existing,case-existing
80077,BOMJAR-SC034,-28.395685,-49.570686,interpolated,topology-interp
80078,COLBJA-SC138,-28.339548,-49.544535,interpolated,topology-interp
80079,CBALT2-GO069,-15.160000,-48.827500,interpolated,topology-interp
80080,CBAL2A-GO034,-15.180000,-48.778750,interpolated,topology-interp
80081,CBAL2B-GO034,-15.180000,-48.773750,interpolated,topology-interp
80082,BAL2A-UFV034,-15.200000,-48.730000,case-existing,case-existing
80083,BAL2B-UFV034,-15.200000,-48.720000,case-existing,case-existing
80084,CFIR1A-GO034,-16.598750,-50.323750,interpolated,topology-interp
80085,CFIR1B-GO034,-16.603750,-50.328750,interpolated,topology-interp
80086,CFIRMI-GO230,-16.597500,-50.327500,interpolated,topology-interp
80087,FIRMA-UFV034,-16.600000,-50.320000,case-existing,case-existing
80088,FIRMB-UFV034,-16.610000,-50.330000,case-existing,case-existing
80089,TURVANUFV034,-16.530000,-50.180000,case-existing,case-existing
80090,CTURVA-GO034,-16.550000,-50.230000,interpolated,topology-interp
80091,TURVAN-GO230,-16.570000,-50.280000,interpolated,topology-interp
80092,UFV-2A-MG034,-17.200000,-46.600000,case-existing,case-existing
80093,UFV-2B-MG034,-17.200000,-46.590000,case-existing,case-existing
80094,BSORTE-MG500,-17.133748,-46.860007,interpolated,topology-interp
80095,RMT-1A-MG034,-17.177186,-46.686256,interpolated,topology-interp
80096,RMT-1B-MG034,-17.182186,-46.681256,interpolated,topology-interp
80097,RMT-2A-MG034,-17.183436,-46.663756,interpolated,topology-interp
80098,RMT-2B-MG034,-17.183436,-46.658756,interpolated,topology-interp
80099,FIC-T1-MG000,-17.164373,-46.742506,interpolated,topology-interp
80100,FIC-T2-MG000,-17.166873,-46.727506,interpolated,topology-interp
80101,UFV-1A-MG034,-17.190000,-46.630000,case-existing,case-existing
80102,UFV-1B-MG034,-17.200000,-46.620000,case-existing,case-existing
80103,CMSOL1-GO138,-16.336667,-47.790000,interpolated,topology-interp
80104,CMSOL1-GO034,-16.323333,-47.750000,interpolated,topology-interp
80105,MSOL1-UFV034,-16.310000,-47.710000,case-existing,case-existing
80106,GUAIMBUFV034,-21.890000,-49.870000,case-existing,case-existing
80107,GUAIMB-SP034,-21.880000,-49.860000,interpolated,topology-interp
80108,GUAIMB-SP138,-21.870000,-49.850000,interpolated,topology-interp
80109,CSOLCE-MG230,-15.341248,-43.759999,interpolated,topology-interp
80110,CSOLC1-MG000,-15.358124,-43.777499,interpolated,topology-interp
80111,CSOLC2-MG000,-15.375624,-43.782499,interpolated,topology-interp
80112,CSOL1A-MG034,-15.374061,-43.783749,interpolated,topology-interp
80113,AC-1A-UFV034,-15.390000,-43.790000,case-existing,case-existing
80114,CSOL1B-MG034,-15.359061,-43.788749,interpolated,topology-interp
80115,AC-1B-UFV034,-15.360000,-43.800000,case-existing,case-existing
80116,JV1-M3-MG000,-15.320911,-43.641624,interpolated,topology-interp
80117,JV1-M4-MG000,-15.318080,-43.648384,interpolated,topology-interp
80118,JV2-M3-MG000,-15.314158,-43.648148,interpolated,topology-interp
80119,JV2-M4-MG000,-15.312332,-43.653394,interpolated,topology-interp
80120,JV1-M5-MG000,-15.315278,-43.654927,interpolated,topology-interp
80121,JV2-M5-MG000,-15.310606,-43.658243,interpolated,topology-interp
80122,JAIBAA-MG230,-15.304006,-43.680890,interpolated,topology-interp
80123,JV1-S1-MG034,-15.324719,-43.632523,interpolated,topology-interp
80124,JV1-T2-MG013,-15.315341,-43.654822,interpolated,topology-interp
80125,JV1-T1-MG013,-15.317890,-43.648866,interpolated,topology-interp
80126,JV1-S2-MG034,-15.325464,-43.630805,interpolated,topology-interp
80127,JV1-M1-MG000,-15.312931,-43.660255,interpolated,topology-interp
80128,JV1-M2-MG000,-15.319480,-43.644917,interpolated,topology-interp
80129,JV2-S1-MG034,-15.316641,-43.628160,interpolated,topology-interp
80130,JV2-T2-MG013,-15.310637,-43.658200,interpolated,topology-interp
80131,JV2-T1-MG013,-15.312167,-43.653877,interpolated,topology-interp
80132,JV2-S2-MG034,-15.317077,-43.644088,interpolated,topology-interp
80133,JV2-M1-MG000,-15.309311,-43.661806,interpolated,topology-interp
80134,JV2-M2-MG000,-15.313324,-43.646176,interpolated,topology-interp
80135,JV-B1-UFV034,-15.330000,-43.620000,case-existing,case-existing
80136,JV-B2-UFV034,-15.330000,-43.620000,case-existing,case-existing
80137,JV-B3-UFV034,-15.320000,-43.610000,case-existing,case-existing
80138,JV-B4-UFV034,-15.320000,-43.640000,case-existing,case-existing
80139,CSOL2A-MG034,-15.392811,-43.791249,interpolated,topology-interp
80140,AC-2A-UFV034,-15.410000,-43.800000,case-existing,case-existing
80141,CSOL2B-MG034,-15.392811,-43.796249,interpolated,topology-interp
80142,AC-2B-UFV034,-15.410000,-43.810000,case-existing,case-existing
80143,AUROR3-MG230,-15.370835,-43.689078,reference-psrbus,reference-psrbus
80144,AUROR3-MG034,-15.383612,-43.706359,interpolated,topology-interp
80145,AUR3-1UFV034,-15.390000,-43.710000,case-existing,case-existing
80146,AUR3-2UFV034,-15.390000,-43.720000,case-existing,case-existing
80147,LSV1B-UFV034,-17.360000,-44.900000,case-existing,case-existing
80148,CLSV1B-MG034,-17.356875,-44.893125,interpolated,topology-interp
80149,LSV2B-UFV034,-17.390000,-44.890000,case-existing,case-existing
80150,CLSV2B-MG034,-17.376875,-44.890625,interpolated,topology-interp
80151,CLSV-1-MG000,-17.353750,-44.886250,interpolated,topology-interp
80152,CLSV-2-MG000,-17.363750,-44.891250,interpolated,topology-interp
80153,C.LSV--MG345,-17.352500,-44.882500,interpolated,topology-interp
80154,CLSV1A-MG034,-17.351875,-44.883125,interpolated,topology-interp
80155,LSV1A-UFV034,-17.350000,-44.880000,case-existing,case-existing
80156,CLSV2A-MG034,-17.361875,-44.900625,interpolated,topology-interp
80157,LSV2A-UFV034,-17.360000,-44.910000,case-existing,case-existing
80158,SJP----MG138,-17.182672,-47.080626,interpolated,topology-interp
80159,SJP1A4UFV034,-17.240000,-47.070000,case-existing,case-existing
80160,SJP4A7UFV034,-17.240000,-47.050000,case-existing,case-existing
80161,SJP-S1-MG034,-17.220755,-47.073570,interpolated,topology-interp
80162,SJP-S2-MG034,-17.220755,-47.060237,interpolated,topology-interp
80163,CPARA4-MG034,-17.182498,-47.092133,interpolated,topology-interp
80164,CPARA4-MG138,-17.145440,-47.094125,interpolated,topology-interp
80165,BSOR-A-MG034,-17.147500,-47.118750,interpolated,topology-interp
80166,BSOR-AUFV034,-17.170000,-47.120000,case-existing,case-existing
80167,PARA4-UFV034,-17.220000,-47.090000,case-existing,case-existing
80168,BSOR-BUFV034,-17.190000,-47.130000,case-existing,case-existing
80169,SJP-M1-MG000,-17.202499,-47.076827,interpolated,topology-interp
80170,BSOR-B-MG034,-17.157500,-47.123750,interpolated,topology-interp
80171,SJP-M2-MG000,-17.202499,-47.070160,interpolated,topology-interp
80172,BSORTE-MG138,-17.125000,-47.117500,interpolated,topology-interp
80173,SJP-T1-MG013,-17.201510,-47.077140,interpolated,topology-interp
80174,SJP-T2-MG013,-17.201510,-47.070473,interpolated,topology-interp
80175,PHELEY-MG138,-15.980588,-43.391764,interpolated,topology-interp
80176,PHELEY-MG034,-15.975294,-43.375882,interpolated,topology-interp
80177,PHELE-UFV034,-15.970000,-43.360000,case-existing,case-existing
80178,DRACO--MG500,-15.777499,-45.925001,interpolated,topology-interp
80179,MID-D1-MG000,-15.788749,-45.905001,interpolated,topology-interp
80180,MID-D2-MG000,-15.793749,-45.900001,interpolated,topology-interp
80181,DRAC1A-MG034,-15.794374,-45.892501,interpolated,topology-interp
80182,DRAC1B-MG034,-15.794374,-45.897501,interpolated,topology-interp
80183,DRAC2A-MG034,-15.801874,-45.885001,interpolated,topology-interp
80184,DRAC2B-MG034,-15.801874,-45.890001,interpolated,topology-interp
80185,GDRAC1UFV034,-15.800000,-45.880000,case-existing,case-existing
80186,GDRAC2UFV034,-15.800000,-45.890000,case-existing,case-existing
80187,GDRAC3UFV034,-15.810000,-45.870000,case-existing,case-existing
80188,GDRAC4UFV034,-15.810000,-45.880000,case-existing,case-existing
80189,CSKYA2-MG500,-15.849641,-45.952168,reference-psrbus,reference-psrbus
80190,SKY2-A-MG034,-15.849910,-45.996792,interpolated,topology-interp
80191,SKY2-B-MG034,-15.849910,-45.971792,interpolated,topology-interp
80192,SKY2-C-MG034,-15.844910,-45.965542,interpolated,topology-interp
80193,SKY2-D-MG034,-15.854910,-45.965542,interpolated,topology-interp
80194,SKY2T1-MG000,-15.849821,-45.973584,interpolated,topology-interp
80195,SKY2T2-MG000,-15.849821,-45.961084,interpolated,topology-interp
80196,SKY2A-UFV034 034kV-2,-15.850000,-46.020000,case-existing,case-existing
80197,SKY2B-UFV034 034kV-2,-15.850000,-45.970000,case-existing,case-existing
80198,SKY2C-UFV034,-15.840000,-45.970000,case-existing,case-existing
80199,SKY2D-UFV034,-15.860000,-45.970000,case-existing,case-existing
80200,CWAVIL-MG500,-15.658182,-46.020455,interpolated,topology-interp
80201,CWAVIL-MG138,-15.566364,-46.070909,interpolated,topology-interp
80202,CWAV4--MG034,-15.543182,-46.080455,interpolated,topology-interp
80203,CWAV8--MG034,-15.548182,-46.070455,interpolated,topology-interp
80204,CWAV12-MG034,-15.548182,-46.080455,interpolated,topology-interp
80205,CWAV16-MG034,-15.548182,-46.080455,interpolated,topology-interp
80206,CWAV20-MG034,-15.553182,-46.070455,interpolated,topology-interp
80207,CWAV24-MG034,-15.558182,-46.080455,interpolated,topology-interp
80208,CWAV28-MG034,-15.563182,-46.080455,interpolated,topology-interp
80209,CWAV32-MG034,-15.568182,-46.075455,interpolated,topology-interp
80210,CWAV36-MG034,-15.568182,-46.070455,interpolated,topology-interp
80211,CWAV40-MG034,-15.573182,-46.070455,interpolated,topology-interp
80212,WAV4--UFV034,-15.520000,-46.090000,case-existing,case-existing
80213,WAV8--UFV034,-15.530000,-46.070000,case-existing,case-existing
80214,WAV12-UFV034,-15.530000,-46.090000,case-existing,case-existing
80215,WAV16-UFV034,-15.530000,-46.090000,case-existing,case-existing
80216,WAV20-UFV034,-15.540000,-46.070000,case-existing,case-existing
80217,WAV24-UFV034,-15.550000,-46.090000,case-existing,case-existing
80218,WAV28-UFV034,-15.560000,-46.090000,case-existing,case-existing
80219,WAV32-UFV034,-15.570000,-46.080000,case-existing,case-existing
80220,WAV36-UFV034,-15.570000,-46.070000,case-existing,case-existing
80221,WAV40-UFV034,-15.580000,-46.070000,case-existing,case-existing
80222,AUR2-1-MG034,-15.705827,-45.952913,interpolated,topology-interp
80223,AUR2-2-MG034,-15.699129,-45.952565,interpolated,topology-interp
80224,ARI-31-MG000,-15.735163,-45.969131,interpolated,topology-interp
80225,ARI-32-MG000,-15.732458,-45.967394,interpolated,topology-interp
80226,ARI-33-MG000,-15.731870,-45.969450,interpolated,topology-interp
80227,ARI-34-MG000,-15.730458,-45.971394,interpolated,topology-interp
80228,AUR-1C-MG000,-15.708506,-45.955253,interpolated,topology-interp
80229,ARI-B5-MG034,-15.731425,-45.963722,interpolated,topology-interp
80230,ARI-B6-MG034,-15.725425,-45.975722,interpolated,topology-interp
80231,AUR2-1UFV034,-15.700000,-45.950000,case-existing,case-existing
80232,AUR2-2UFV034,-15.690000,-45.950000,case-existing,case-existing
80233,ARI-B6UFV034,-15.720000,-45.980000,case-existing,case-existing
80234,ARI-42-MG000,-15.734500,-45.975478,interpolated,topology-interp
80235,ARI-44-MG000,-15.734500,-45.975478,interpolated,topology-interp
80236,ARI-41-MG000,-15.737175,-45.973155,interpolated,topology-interp
80237,ARI-B8-MG034,-15.732434,-45.977740,interpolated,topology-interp
80238,ARI-B7-MG034,-15.732434,-45.977740,interpolated,topology-interp
80239,ARI-B7UFV034,-15.730000,-45.980000,case-existing,case-existing
80240,ARI-B8UFV034,-15.730000,-45.980000,case-existing,case-existing
80241,ARI-43-MG000,-15.734891,-45.975492,interpolated,topology-interp
80242,ARI-4T-MG013,-15.734456,-45.975527,interpolated,topology-interp
80243,AUR-1A-MG000,-15.720506,-45.959253,interpolated,topology-interp
80244,AUR-1B-MG000,-15.711406,-45.955703,interpolated,topology-interp
80245,AUR-1D-MG000,-15.714255,-45.957127,interpolated,topology-interp
80246,AUR2-1-MG013,-15.714587,-45.957294,interpolated,topology-interp
80247,ARI-B3UFV034,-15.750000,-45.960000,case-existing,case-existing
80248,ARI-B1UFV034,-15.740000,-45.950000,case-existing,case-existing
80249,ARI-11-MG000,-15.741199,-45.963096,interpolated,topology-interp
80250,ARI-12-MG000,-15.740584,-45.959268,interpolated,topology-interp
80251,ARI-13-MG000,-15.740932,-45.960387,interpolated,topology-interp
80252,ARI-14-MG000,-15.740584,-45.961268,interpolated,topology-interp
80253,ARI-1T-MG013,-15.740582,-45.960213,interpolated,topology-interp
80254,ARI-B1-MG034,-15.740452,-45.954695,interpolated,topology-interp
80255,ARI-B2-MG034,-15.740452,-45.960695,interpolated,topology-interp
80256,ARI-21-MG000,-15.745223,-45.967120,interpolated,topology-interp
80257,ARI-22-MG000,-15.746668,-45.965352,interpolated,topology-interp
80258,ARI-23-MG000,-15.746974,-45.966429,interpolated,topology-interp
80259,ARI-24-MG000,-15.746668,-45.967352,interpolated,topology-interp
80260,ARI-2T-MG013,-15.746708,-45.966339,interpolated,topology-interp
80261,ARI-B3-MG034,-15.748470,-45.962713,interpolated,topology-interp
80262,ARI-B4-MG034,-15.748470,-45.968713,interpolated,topology-interp
80263,ARI-B4UFV034,-15.750000,-45.970000,case-existing,case-existing
80264,ARI-3T-MG013,-15.731393,-45.969401,interpolated,topology-interp
80265,CSARIN-MG500,-15.741481,-45.968451,interpolated,topology-interp
80266,ARI-B2UFV034,-15.740000,-45.960000,case-existing,case-existing
80267,ARI-B5UFV034,-15.730000,-45.960000,case-existing,case-existing
80268,AUROR2-MG500,-15.735129,-45.964565,interpolated,topology-interp
80269,CVAL-F-MG034,-15.832003,-43.459745,interpolated,topology-interp
80270,CVAL-1-MG000,-15.846504,-43.439495,interpolated,topology-interp
80271,CVAL-2-MG000,-15.841504,-43.426995,interpolated,topology-interp
80272,JAN2M1-MG000,-15.938260,-43.460597,interpolated,topology-interp
80273,JAN2T1-MG013,-15.942485,-43.485429,interpolated,topology-interp
80274,JAN2T2-MG013,-15.939430,-43.473312,interpolated,topology-interp
80275,CIRAPU-MG500,-15.923333,-43.383333,interpolated,topology-interp
80276,CJANAU-MG500,-15.931256,-43.425501,interpolated,topology-interp
80277,JAN1M2-MG000,-15.936401,-43.460277,interpolated,topology-interp
80278,JAN1S1-MG034,-15.933164,-43.469849,interpolated,topology-interp
80279,JA1A4-UFV034,-15.930000,-43.480000,case-existing,case-existing
80280,JAN1S2-MG034,-15.952000,-43.483956,interpolated,topology-interp
80281,JA5A7-UFV034,-15.960000,-43.500000,case-existing,case-existing
80282,JAN2S1-MG034,-15.952121,-43.506975,interpolated,topology-interp
80283,JA8A11UFV034,-15.960000,-43.530000,case-existing,case-existing
80284,JAN2S2-MG034,-15.940380,-43.503678,interpolated,topology-interp
80285,J12A14UFV034,-15.940000,-43.520000,case-existing,case-existing
80286,JAN3S1-MG034,-15.935726,-43.513865,interpolated,topology-interp
80287,J15A17UFV034,-15.940000,-43.540000,case-existing,case-existing
80288,JAN2M2-MG000,-15.944323,-43.484515,interpolated,topology-interp
80289,JAN2M3-MG000,-15.940757,-43.487421,interpolated,topology-interp
80290,JAN1M1-MG000,-15.935754,-43.446977,interpolated,topology-interp
80291,JAN3M2-MG000,-15.931739,-43.489478,interpolated,topology-interp
80292,JAN3M3-MG000,-15.928270,-43.488723,interpolated,topology-interp
80293,JAN2M4-MG000,-15.942477,-43.485432,interpolated,topology-interp
80294,JAN2M5-MG000,-15.939530,-43.473988,interpolated,topology-interp
80295,JAN3S2-MG034,-15.924259,-43.505100,interpolated,topology-interp
80296,J18A20UFV034,-15.920000,-43.520000,case-existing,case-existing
80297,JAN3M1-MG000,-15.930611,-43.462216,interpolated,topology-interp
80298,JAN3M4-MG000,-15.929659,-43.476745,interpolated,topology-interp
80299,JAN3T1-MG007,-15.929273,-43.474393,interpolated,topology-interp
80300,CVAL-A-MG034,-15.838253,-43.459745,interpolated,topology-interp
80301,JAN1T1-MG013,-15.940173,-43.463501,interpolated,topology-interp
80302,JAN1M3-MG000,-15.943996,-43.467994,interpolated,topology-interp
80303,CIRAPU-MG000,-15.926667,-43.436667,interpolated,topology-interp
80304,JAN1M4-MG000,-15.940151,-43.463551,interpolated,topology-interp
80305,JAN1M5-MG000,-15.939908,-43.457414,interpolated,topology-interp
80306,CVAL-3-MG000,-15.844004,-43.439495,interpolated,topology-interp
80307,CVAL-B-MG034,-15.838253,-43.449745,interpolated,topology-interp
80308,CVAL-C-MG034,-15.830753,-43.438495,interpolated,topology-interp
80309,CVAL-D-MG034,-15.830753,-43.433495,interpolated,topology-interp
80310,CVAL-E-MG034,-15.837003,-43.449745,interpolated,topology-interp
80311,CIRAP1-MG034,-15.933333,-43.458333,interpolated,topology-interp
80312,CVALC-UFV034,-15.820000,-43.450000,case-existing,case-existing
80313,IRAP1-UFV034,-15.940000,-43.480000,case-existing,case-existing
80314,IRAP2-UFV034,-15.920000,-43.500000,case-existing,case-existing
80315,CVALD-UFV034,-15.820000,-43.440000,case-existing,case-existing
80316,CVALE-UFV034,-15.830000,-43.460000,case-existing,case-existing
80317,CVALF-UFV034,-15.820000,-43.480000,case-existing,case-existing
80318,CIRAP2-MG034,-15.923333,-43.468333,interpolated,topology-interp
80319,CVALA-UFV034,-15.830000,-43.480000,case-existing,case-existing
80320,CVALB-UFV034,-15.830000,-43.460000,case-existing,case-existing
80321,CVALG--MG500,-15.863005,-43.408993,interpolated,topology-interp
80322,JAN1T2-MG013,-15.939826,-43.456704,interpolated,topology-interp
80323,CJAIBA-MG138,-15.295000,-43.700000,interpolated,topology-interp
80324,CJAIBA-MG000,-15.300000,-43.680000,interpolated,topology-interp
80325,CJAIBA-MG013,-15.300000,-43.680000,interpolated,topology-interp
80326,CJAIBA-MG034,-15.305000,-43.660000,interpolated,topology-interp
80327,JAIBA-UFV034,-15.310000,-43.640000,case-existing,case-existing
80328,CSTR1B-GO034,-16.665000,-49.672500,interpolated,topology-interp
80329,CSTRIN-GO230,-16.650000,-49.645000,interpolated,topology-interp
80330,SOLTR-UFV034,-16.680000,-49.720000,case-existing,case-existing
80331,SOLTR-UFV034 034kV-2,-16.680000,-49.700000,case-existing,case-existing
80332,CSTR1A-GO034,-16.665000,-49.682500,interpolated,topology-interp
80333,ACAUA--RN000,-6.104217,-36.646989,interpolated,topology-interp
80334,ACAUA--RN013,-6.104217,-36.646989,interpolated,topology-interp
80335,ACAUA--RN230,-6.111325,-36.645483,reference-psrbus,reference-psrbus
80336,ACAUA--RN034,-6.097108,-36.648494,interpolated,topology-interp
80337,ACAUA-EOL034,-6.090000,-36.650000,case-existing,case-existing
80338,CALAN1-RN069,-6.053333,-36.536667,interpolated,topology-interp
80339,CALAN1-RN034,-6.046667,-36.543333,interpolated,topology-interp
80340,CALAN2-RN069,-6.046667,-36.513333,interpolated,topology-interp
80341,CALAN2-RN034,-6.033333,-36.496667,interpolated,topology-interp
80342,CALAN2EOL034,-6.020000,-36.480000,case-existing,case-existing
80343,CALAN3-RN069,-6.050000,-36.506667,interpolated,topology-interp
80344,CALAN3-RN034,-6.040000,-36.483333,interpolated,topology-interp
80345,SSAN12-RN069,-6.075000,-36.575000,interpolated,topology-interp
80346,LANCHI-RN069,-6.096667,-36.623333,interpolated,topology-interp
80347,SSAN12-RN034,-6.068333,-36.571667,interpolated,topology-interp
80348,LANCHI-RN034,-6.118333,-36.671667,interpolated,topology-interp
80349,MACAMBEOL034,-6.050000,-36.560000,case-existing,case-existing
80350,LANCHIEOL034,-6.140000,-36.720000,case-existing,case-existing
80351,SSANT3-RN069,-6.028333,-36.481667,interpolated,topology-interp
80352,PEDRAJ-RN069,-5.985556,-36.421111,interpolated,topology-interp
80353,SSANT3-RN034,-6.039444,-36.493889,interpolated,topology-interp
80354,PEDRAJ-RN034,-5.942778,-36.360556,interpolated,topology-interp
80355,CALAN3EOL034,-6.030000,-36.460000,case-existing,case-existing
80356,MACAM2EOL034,-6.080000,-36.530000,case-existing,case-existing
80357,PEDRAJEOL034,-5.900000,-36.300000,case-existing,case-existing
80358,CALAN1EOL034,-6.040000,-36.550000,case-existing,case-existing
80359,SSAN12EOL034,-6.080000,-36.580000,case-existing,case-existing
80360,SS3PELEOL034,-6.010000,-36.470000,case-existing,case-existing
80361,PARA-2-PE034,-8.936071,-36.757553,interpolated,topology-interp
80362,SVACASEOL034,-8.920000,-36.780000,case-existing,case-existing
80363,PARANA-PE230,-8.908213,-36.732660,reference-psrbus,reference-psrbus
80364,CLEMNTEOL034,-8.720000,-36.760000,case-existing,case-existing
80365,SVACASEOL034 034kV-2,-8.910000,-36.740000,case-existing,case-existing
80366,PARA-1-PE034,-8.909404,-36.740887,interpolated,topology-interp
80367,CLEMNTEOL034 034kV-2,-8.760000,-36.730000,case-existing,case-existing
80368,SVACASEOL034 034kV-3,-8.980000,-36.760000,case-existing,case-existing
80369,CLEMNT-PE230,-8.810000,-36.572500,interpolated,topology-interp
80370,CLE-B1-PE034,-8.765000,-36.666250,interpolated,topology-interp
80371,CLE-B2-PE034,-8.785000,-36.651250,interpolated,topology-interp
80372,SVACASEOL034 034kV-4,-8.910000,-36.750000,case-existing,case-existing
80373,BRIGB1EOL034,-8.850000,-36.750000,case-existing,case-existing
80374,CAETB1-PE034,-8.845000,-36.755000,interpolated,topology-interp
80375,CAETB2-PE034,-8.825000,-36.755000,interpolated,topology-interp
80376,BRIGB2EOL034,-8.810000,-36.750000,case-existing,case-existing
80377,SAGRE-UFV034,-8.320000,-36.210000,case-existing,case-existing
80378,SAGRE--CE034,-8.323333,-36.213333,interpolated,topology-interp
80379,SAGRE--CE230,-8.326667,-36.216667,interpolated,topology-interp
80380,M.RONCEOL034,-5.170000,-36.030000,case-existing,case-existing
80381,CUMAR1-RN000,-5.159681,-35.797783,interpolated,topology-interp
80382,CUMAR2-RN000,-5.157341,-35.793892,interpolated,topology-interp
80383,CUMARU-RN013,-5.159681,-35.797783,interpolated,topology-interp
80384,CUM-B2-RN034,-5.153670,-35.796946,interpolated,topology-interp
80385,CUMARUEOL034,-5.150000,-35.800000,case-existing,case-existing
80386,CUMARU-RN230,-5.162021,-35.801674,reference-psrbus,reference-psrbus
80387,CUM-B1-RN034,-5.158670,-35.786946,interpolated,topology-interp
80388,CUMARUEOL034 034kV-2,-5.160000,-35.780000,case-existing,case-existing
80389,JANDAD-RN230,-5.360823,-35.951877,interpolated,topology-interp
80390,JDR-B1-RN034,-5.395219,-35.986068,interpolated,topology-interp
80391,JDR-B1EOL034,-5.430000,-36.020000,case-existing,case-existing
80392,SFERN4-RN034,-5.163904,-35.994063,interpolated,topology-interp
80393,SFERN4EOL034,-5.130000,-36.020000,case-existing,case-existing
80394,M.RONC-RN230,-5.231874,-35.942850,interpolated,topology-interp
80395,M.RONC-RN034,-5.190571,-36.000730,interpolated,topology-interp
80396,MDR-T1-RN000,-5.210417,-35.972409,interpolated,topology-interp
80397,MDR-T1-RN013,-5.211142,-35.971459,interpolated,topology-interp
80398,SF4-T2-RN000,-5.197082,-35.969075,interpolated,topology-interp
80399,SF4-T2-RN013,-5.197808,-35.968126,interpolated,topology-interp
80400,JDR-B2-RN034,-5.400219,-35.981068,interpolated,topology-interp
80401,JDR-B2EOL034,-5.440000,-36.010000,case-existing,case-existing
80402,SPALM1-PB500,-7.076667,-36.116667,interpolated,topology-interp
80403,SPALM1-PB034,-6.903333,-36.253333,interpolated,topology-interp
80404,SPALM1EOL034,-6.730000,-36.390000,case-existing,case-existing
80405,SPALM2-PB500,-7.093333,-36.140000,interpolated,topology-interp
80406,SPALM2-PB034,-6.936667,-36.300000,interpolated,topology-interp
80407,SPALM2EOL034,-6.780000,-36.460000,case-existing,case-existing
80408,SBORBO-PB230,-7.180000,-35.980000,interpolated,topology-interp
80409,SBORBO-PB034,-7.110000,-35.980000,interpolated,topology-interp
80410,SBORBOEOL034,-7.040000,-35.980000,case-existing,case-existing
80411,SAROSAEOL034,-5.880000,-36.210000,case-existing,case-existing
80412,SAROSA-RN034,-6.000000,-36.140000,interpolated,topology-interp
80413,SAROSA-RN138,-6.120000,-36.070000,interpolated,topology-interp
80414,ANEMSA-RN013,-6.184267,-36.607812,interpolated,topology-interp
80415,ANEMSB-RN013,-6.178773,-36.611520,interpolated,topology-interp
80416,ANEMSE-RN000,-6.189563,-36.604253,interpolated,topology-interp
80417,ANEMSD-RN000,-6.179124,-36.611806,interpolated,topology-interp
80418,ANEMSC-RN000,-6.173173,-36.615319,interpolated,topology-interp
80419,ANEMSB-RN000,-6.178781,-36.611519,interpolated,topology-interp
80420,ANEMSA-RN000,-6.184201,-36.607859,interpolated,topology-interp
80421,ANEMUSEOL034,-6.150000,-36.630000,case-existing,case-existing
80422,ANEMUSEOL034 034kV-2,-6.170000,-36.620000,case-existing,case-existing
80423,ANEMSC-RN034,-6.161610,-36.622642,interpolated,topology-interp
80424,ANEMSD-RN034,-6.174568,-36.615898,interpolated,topology-interp
80425,ANEMUS-RN230,-6.205286,-36.593152,reference-psrbus,reference-psrbus
80426,ACAUA1UFV034,-6.290000,-36.520000,case-existing,case-existing
80427,ACAUA1-RN034,-6.283333,-36.530000,interpolated,topology-interp
80428,ACAUA1-RN069,-6.276667,-36.540000,interpolated,topology-interp
80429,PASSAG-RN069,-6.203333,-36.573333,interpolated,topology-interp
80430,PASSAG-RN034,-6.136667,-36.596667,interpolated,topology-interp
80431,PASSAGEOL034,-6.070000,-36.620000,case-existing,case-existing
80432,CHAP1BEOL034,-7.590000,-40.720000,case-existing,case-existing
80433,CHAP1AEOL034,-7.540000,-40.730000,case-existing,case-existing
80434,CHAP1B-PI034,-7.575000,-40.720000,interpolated,topology-interp
80435,CHAPA1-PI034,-7.550000,-40.725000,interpolated,topology-interp
80436,AUGUSTEOL034,-7.390000,-40.690000,case-existing,case-existing
80437,CHAP3B-PI034,-7.410000,-40.690000,interpolated,topology-interp
80438,CHAP3BEOL034,-7.430000,-40.700000,case-existing,case-existing
80439,CHAPA3-PI034,-7.390000,-40.685000,interpolated,topology-interp
80440,VSRQG8EOL034,-8.920000,-41.600000,case-existing,case-existing
80441,OITIS--PI500,-9.040339,-41.735924,reference-psrbus,reference-psrbus
80442,OITI1AEOL034,-9.050000,-41.750000,case-existing,case-existing
80443,OITI1BEOL034,-9.050000,-41.760000,case-existing,case-existing
80444,VSROQA-PI000,-8.795186,-41.557872,interpolated,topology-interp
80445,VSROQB-PI000,-8.811422,-41.574753,interpolated,topology-interp
80446,VSROQC-PI000,-8.829164,-41.564328,interpolated,topology-interp
80447,VSROQD-PI000,-8.813952,-41.563239,interpolated,topology-interp
80448,VSROQE-PI000,-8.800856,-41.568933,interpolated,topology-interp
80449,VSROQF-PI000,-8.821271,-41.591693,interpolated,topology-interp
80450,VSROQG-PI000,-8.837966,-41.585606,interpolated,topology-interp
80451,VSROQH-PI000,-8.821269,-41.579424,interpolated,topology-interp
80452,VSROQN-PI000,-8.864408,-41.619074,interpolated,topology-interp
80453,VSROQO-PI000,-8.875496,-41.629517,interpolated,topology-interp
80454,VSROQP-PI000,-8.852717,-41.611167,interpolated,topology-interp
80455,VSROQM-PI000,-8.825470,-41.588839,interpolated,topology-interp
80456,VSROQP-PI013,-8.848297,-41.607734,interpolated,topology-interp
80457,VSRG19-PI034,-8.904875,-41.587360,interpolated,topology-interp
80458,VSRG22-PI034,-8.915508,-41.630411,interpolated,topology-interp
80459,VSRG19EOL034,-8.940000,-41.590000,case-existing,case-existing
80460,VSRG22EOL034,-8.950000,-41.660000,case-existing,case-existing
80461,OITI3AEOL034,-9.010000,-41.720000,case-existing,case-existing
80462,VSROQJ-PI000,-8.873272,-41.587164,interpolated,topology-interp
80463,VSROQK-PI000,-8.878302,-41.598951,interpolated,topology-interp
80464,VSROQI-PI000,-8.829481,-41.570033,interpolated,topology-interp
80465,VSROQL-PI000,-8.856301,-41.586260,interpolated,topology-interp
80466,VSROQU-PI500,-8.770410,-41.545136,interpolated,topology-interp
80467,VSROQL-PI013,-8.851642,-41.583059,interpolated,topology-interp
80468,OITI2AEOL034,-9.050000,-41.730000,case-existing,case-existing
80469,OITI2BEOL034,-9.080000,-41.750000,case-existing,case-existing
80470,OITI3BEOL034,-9.010000,-41.740000,case-existing,case-existing
80471,VSRG17-PI034,-8.870617,-41.563314,interpolated,topology-interp
80472,VSRQG1-PI034,-8.804225,-41.595934,interpolated,topology-interp
80473,VSRQG2-PI034,-8.819117,-41.614416,interpolated,topology-interp
80474,VSRQG8-PI034,-8.880058,-41.593954,interpolated,topology-interp
80475,VSROQD-PI013,-8.810055,-41.559428,interpolated,topology-interp
80476,STA.RO-PI500,-8.786667,-41.566667,interpolated,topology-interp
80477,STA.RO-PI034,-8.983333,-41.703333,interpolated,topology-interp
80478,STA.ROEOL034,-9.180000,-41.840000,case-existing,case-existing
80479,VSROQD-PI013 013kV-2,-8.817281,-41.575646,interpolated,topology-interp
80480,OITIS1-PI000,-9.045169,-41.745462,interpolated,topology-interp
80481,OITI1A-PI034,-9.047585,-41.747731,interpolated,topology-interp
80482,OITI1B-PI034,-9.047585,-41.752731,interpolated,topology-interp
80483,OITIS2-PI000,-9.052669,-41.737962,interpolated,topology-interp
80484,OITI2A-PI034,-9.051335,-41.733981,interpolated,topology-interp
80485,OITI2B-PI034,-9.066335,-41.743981,interpolated,topology-interp
80486,OITIS3-PI000,-9.025169,-41.732962,interpolated,topology-interp
80487,OITI3A-PI034,-9.017585,-41.726481,interpolated,topology-interp
80488,OITI3B-PI034,-9.017585,-41.736481,interpolated,topology-interp
80489,VSRQG3-PI034,-8.885529,-41.633231,interpolated,topology-interp
80490,VSRG13-PI034,-8.919011,-41.665801,interpolated,topology-interp
80491,VSRQG3EOL034,-8.910000,-41.650000,case-existing,case-existing
80492,VSRG13EOL034,-8.960000,-41.700000,case-existing,case-existing
80493,VSRG17EOL034,-8.910000,-41.560000,case-existing,case-existing
80494,VSRQG1EOL034,-8.800000,-41.620000,case-existing,case-existing
80495,VSRQG2EOL034,-8.820000,-41.640000,case-existing,case-existing
80496,CALCAR-CE034,-5.043678,-37.791021,interpolated,topology-interp
80497,CALCARUFV034,-5.050000,-37.790000,case-existing,case-existing
80498,CALCAR-CE230,-5.037355,-37.792041,reference-psrbus,reference-psrbus
80500,SMEL---RN500,-5.298170,-37.061729,interpolated,topology-interp
80501,SMEL-1-RN034,-5.115978,-37.055911,interpolated,topology-interp
80502,A.SOL1UFV034,-5.540000,-37.040000,case-existing,case-existing
80503,A.SOL1-RN034,-5.550501,-37.038750,interpolated,topology-interp
80504,ASSUSO-RN500,-5.562002,-37.035000,interpolated,topology-interp
80505,SMEL2--RN500,-5.276968,-37.088536,interpolated,topology-interp
80506,SM2-B1-RN034,-5.284108,-37.124144,interpolated,topology-interp
80507,VSM4--EOL034,-5.240000,-37.080000,case-existing,case-existing
80508,VSMEL1EOL034,-5.120000,-37.010000,case-existing,case-existing
80509,ECH3-6EOL034,-5.140000,-37.040000,case-existing,case-existing
80513,CASTAN-RN500,-5.739036,-36.517325,interpolated,topology-interp
80514,MEL-4--RN034,-5.173728,-37.047897,interpolated,topology-interp
80515,SMT1-1-RN000,-5.213751,-37.059414,interpolated,topology-interp
80516,SMT2-1-RN000,-5.237514,-37.060373,interpolated,topology-interp
80517,SMEL-5-RN034,-5.136859,-37.069214,interpolated,topology-interp
80518,SSMEL1UFV034,-5.120000,-37.030000,case-existing,case-existing
80519,SM2T11-RN000,-5.276324,-37.099028,interpolated,topology-interp
80520,SM2T12-RN000,-5.279211,-37.108427,interpolated,topology-interp
80521,SM2T13-RN000,-5.271579,-37.101964,interpolated,topology-interp
80522,SM2T14-RN000,-5.276957,-37.100506,interpolated,topology-interp
80523,SMT1-2-RN000,-5.163916,-37.057997,interpolated,topology-interp
80524,SMT1-3-RN000,-5.170580,-37.058268,interpolated,topology-interp
80525,CASTT2-RN000,-5.791494,-36.470560,interpolated,topology-interp
80526,SM2-B2-RN034,-5.261134,-37.097344,interpolated,topology-interp
80527,VSM31-EOL034,-5.290000,-37.140000,case-existing,case-existing
80528,VSM32-EOL034,-5.270000,-37.110000,case-existing,case-existing
80529,CAST22EOL034,-5.890000,-36.380000,case-existing,case-existing
80530,CAST21-RN034,-5.789933,-36.475656,interpolated,topology-interp
80531,CAJT11EOL034,-5.680000,-36.280000,case-existing,case-existing
80532,CAJT12EOL034,-5.700000,-36.260000,case-existing,case-existing
80533,CAJT11-RN034,-5.684763,-36.347391,interpolated,topology-interp
80534,CAST22-RN034,-5.839867,-36.427127,interpolated,topology-interp
80535,SMT2-2-RN000,-5.197062,-37.064246,interpolated,topology-interp
80536,SMT2-4-RN000,-5.201062,-37.056246,interpolated,topology-interp
80537,SMT2-3-RN000,-5.206448,-37.059673,interpolated,topology-interp
80538,SMELT2-RN013,-5.199709,-37.060056,interpolated,topology-interp
80539,SMEL3-UFV034,-5.280000,-37.130000,case-existing,case-existing
80540,SM2-B4-RN034,-5.216816,-37.109632,interpolated,topology-interp
80541,SM2T21-RN000,-5.247443,-37.105004,interpolated,topology-interp
80542,SM2-B3-RN034,-5.216816,-37.133632,interpolated,topology-interp
80543,ECH8-9EOL034,-5.200000,-37.150000,case-existing,case-existing
80544,ECH810EOL034,-5.200000,-37.110000,case-existing,case-existing
80545,SM2T22-RN000,-5.234957,-37.117322,interpolated,topology-interp
80546,SM2T24-RN000,-5.234957,-37.109322,interpolated,topology-interp
80547,CAJT21EOL034,-5.640000,-36.280000,case-existing,case-existing
80548,CAJT22EOL034,-5.770000,-36.290000,case-existing,case-existing
80549,CAJT21-RN034,-5.668513,-36.351141,interpolated,topology-interp
80550,CAJT22-RN034,-5.733513,-36.356141,interpolated,topology-interp
80551,CAJU---RN500,-5.688816,-36.559397,interpolated,topology-interp
80552,SM2T23-RN000,-5.234130,-37.113253,interpolated,topology-interp
80553,SM2-T2-RN013,-5.236658,-37.113302,interpolated,topology-interp
80554,VSMEL2EOL034,-5.090000,-37.000000,case-existing,case-existing
80555,CAJT12-RN034,-5.694763,-36.337391,interpolated,topology-interp
80556,CAJUT1-RN000,-5.689176,-36.415294,interpolated,topology-interp
80557,TDENB1EOL034,-5.090000,-37.110000,case-existing,case-existing
80558,CAJT31-RN034,-5.768513,-36.342391,interpolated,topology-interp
80559,CAJT32-RN034,-5.753513,-36.342391,interpolated,topology-interp
80560,CAJT31EOL034,-5.800000,-36.270000,case-existing,case-existing
80561,CAJT32EOL034,-5.770000,-36.270000,case-existing,case-existing
80562,CAST21EOL034,-5.792953,-36.471145,interpolated,topology-interp
80563,CAJUT2-RN000,-5.696676,-36.422794,interpolated,topology-interp
80564,CAJUT3-RN000,-5.736676,-36.415294,interpolated,topology-interp
80565,ASSOT1-RN000,-5.561001,-37.037500,interpolated,topology-interp
80566,ASSOT2-RN000,-5.556001,-37.035000,interpolated,topology-interp
80567,ASSOT3-RN000,-5.551001,-37.037500,interpolated,topology-interp
80568,A.SOL2-RN034,-5.570501,-37.038750,interpolated,topology-interp
80569,A.SOL3-RN034,-5.563001,-37.037500,interpolated,topology-interp
80570,A.SOL4-RN034,-5.543001,-37.032500,interpolated,topology-interp
80571,A.SOL5-RN034,-5.555501,-37.038750,interpolated,topology-interp
80572,A.SOL6-RN034,-5.535501,-37.038750,interpolated,topology-interp
80573,A.SOL2UFV034,-5.580000,-37.040000,case-existing,case-existing
80574,A.SOL3UFV034,-5.570000,-37.040000,case-existing,case-existing
80575,A.SOL4UFV034,-5.530000,-37.030000,case-existing,case-existing
80576,A.SOL5UFV034,-5.560000,-37.040000,case-existing,case-existing
80577,A.SOL6UFV034,-5.520000,-37.040000,case-existing,case-existing
80578,SMT1-4-RN000,-5.167666,-37.059247,interpolated,topology-interp
80579,SMELT1-RN013,-5.166433,-37.058471,interpolated,topology-interp
80580,SM2-T1-RN013,-5.275691,-37.100315,interpolated,topology-interp
80581,SSMEL2UFV034,-5.120000,-37.020000,case-existing,case-existing
80582,MEL-3--RN034,-5.161728,-37.071897,interpolated,topology-interp
80583,SMEL-2-RN034,-5.127228,-37.059661,interpolated,topology-interp
80584,ECH6-7EOL034,-5.120000,-37.080000,case-existing,case-existing
80585,SMT4-2-RN000,-5.208669,-37.071276,interpolated,topology-interp
80586,SMEL-7-RN034,-5.180080,-37.077052,interpolated,topology-interp
80587,SMEL-8-RN034,-5.155900,-37.069773,interpolated,topology-interp
80588,SMT4-4-RN000,-5.193484,-37.069139,interpolated,topology-interp
80589,SMT4-1-RN000,-5.244396,-37.066792,interpolated,topology-interp
80590,SMEL34UFV034,-5.280000,-37.120000,case-existing,case-existing
80591,SMEL56UFV034,-5.270000,-37.130000,case-existing,case-existing
80592,SMT4-3-RN000,-5.202650,-37.070036,interpolated,topology-interp
80593,SMT4-5-RN000,-5.219073,-37.067858,interpolated,topology-interp
80594,SMET41-RN013,-5.202957,-37.069976,interpolated,topology-interp
80595,SMET42-RN013,-5.221317,-37.067692,interpolated,topology-interp
80596,TDENB2EOL034,-5.090000,-37.110000,case-existing,case-existing
80597,TDENB3EOL034,-5.090000,-37.110000,case-existing,case-existing
80598,SMEL-6-RN034,-5.204133,-37.073067,interpolated,topology-interp
80599,SMET31-RN013,-5.229846,-37.067142,interpolated,topology-interp
80600,SMET32-RN013,-5.242924,-37.065691,interpolated,topology-interp
80601,SMT3-1-RN000,-5.248377,-37.064954,interpolated,topology-interp
80602,SMT3-2-RN000,-5.198930,-37.067772,interpolated,topology-interp
80603,SMT3-3-RN000,-5.211649,-37.069269,interpolated,topology-interp
80604,SMT3-4-RN000,-5.229082,-37.067298,interpolated,topology-interp
80605,SMT3-5-RN000,-5.240138,-37.065872,interpolated,topology-interp
80606,GRAUNAUFV034,-5.630000,-36.970000,case-existing,case-existing
80607,GRAUNA-RN034,-5.613333,-36.990000,interpolated,topology-interp
80608,GRAUNA-RN230,-5.596667,-37.010000,interpolated,topology-interp
80609,CRISTRUFV034,-5.530000,-37.060000,case-existing,case-existing
80610,CRISTR-RN034,-5.535029,-37.056465,interpolated,topology-interp
80611,CRISTR-RN230,-5.540059,-37.052929,reference-psrbus,reference-psrbus
80612,MDB-B3-RN034,-5.619173,-37.032327,interpolated,topology-interp
80613,MDB-B4-RN034,-5.619294,-37.038133,interpolated,topology-interp
80614,MDB-B3UFV034,-5.620000,-37.030000,case-existing,case-existing
80615,MDB-B4UFV034,-5.620000,-37.040000,case-existing,case-existing
80616,MDBT11-RN013,-5.625783,-37.045732,interpolated,topology-interp
80617,MDBT12-RN013,-5.624165,-37.044103,interpolated,topology-interp
80618,MDBT21-RN013,-5.618138,-37.035996,interpolated,topology-interp
80619,MDBT22-RN013,-5.617702,-37.035685,interpolated,topology-interp
80620,MDBT11-RN000,-5.622674,-37.042601,interpolated,topology-interp
80621,MDBT12-RN000,-5.628058,-37.048013,interpolated,topology-interp
80622,MDBT13-RN000,-5.627522,-37.047484,interpolated,topology-interp
80623,MDBT14-RN000,-5.625803,-37.045753,interpolated,topology-interp
80624,MDBT15-RN000,-5.624196,-37.044134,interpolated,topology-interp
80625,MDBT21-RN000,-5.617288,-37.035347,interpolated,topology-interp
80626,MDBT22-RN000,-5.618349,-37.034649,interpolated,topology-interp
80627,MDBT23-RN000,-5.618593,-37.036263,interpolated,topology-interp
80628,MDBT24-RN000,-5.618140,-37.035983,interpolated,topology-interp
80629,MDBT25-RN000,-5.617708,-37.035683,interpolated,topology-interp
80630,MDB-B1UFV034,-5.640000,-37.060000,case-existing,case-existing
80631,MDB-B1-RN034,-5.634021,-37.053999,interpolated,topology-interp
80632,MENDUB-RN230,-5.615815,-37.035701,reference-psrbus,reference-psrbus
80633,MDB-B2UFV034,-5.630000,-37.050000,case-existing,case-existing
80634,MDB-B2-RN034,-5.628750,-37.048731,interpolated,topology-interp
80635,SERRO2-CE034,-3.300642,-39.349741,interpolated,topology-interp
80636,SERRO2EOL034,-3.300000,-39.350000,case-existing,case-existing
80637,S.MATO-CE034,-3.267309,-39.369741,interpolated,topology-interp
80638,S.MATOEOL034,-3.250000,-39.380000,case-existing,case-existing
80639,S.MATO-CE000,-3.284619,-39.359482,interpolated,topology-interp
80640,SER-T2-CE000,-3.301285,-39.349482,interpolated,topology-interp
80641,SER-T1-CE000,-3.297952,-39.349482,interpolated,topology-interp
80642,SER-T2-CE013,-3.301285,-39.349482,interpolated,topology-interp
80643,S.MATO-CE013,-3.284618,-39.359482,interpolated,topology-interp
80644,S.MATOUFV034,-3.320000,-39.380000,case-existing,case-existing
80645,SMTO34-CE034,-3.313976,-39.369741,interpolated,topology-interp
80646,SER-T1-CE013,-3.297952,-39.349482,interpolated,topology-interp
80647,TRAIT2-CE034,-3.240974,-39.272917,interpolated,topology-interp
80648,SANTOSEOL034,-3.260000,-39.240000,case-existing,case-existing
80649,TRAIT2EOL034,-3.240000,-39.250000,case-existing,case-existing
80650,LINS---CE230,-3.613333,-38.893333,interpolated,topology-interp
80651,LINS---CE034,-3.626667,-38.916667,interpolated,topology-interp
80652,LINS--UFV034,-3.640000,-38.940000,case-existing,case-existing
80653,FAISAAEOL034,-3.330000,-39.260000,case-existing,case-existing
80654,SMTOT4-CE000,-3.307951,-39.359482,interpolated,topology-interp
80655,SMTOT4-CE013,-3.307952,-39.359482,interpolated,topology-interp
80656,SERRO1-CE034,-3.293976,-39.349741,interpolated,topology-interp
80657,FAISA--CE230,-3.443751,-39.063748,interpolated,topology-interp
80658,FAISA--CE000,-3.379375,-39.169375,interpolated,topology-interp
80659,FAISAA-CE034,-3.354689,-39.214686,interpolated,topology-interp
80660,FAISAB-CE034,-3.339689,-39.229686,interpolated,topology-interp
80661,TRAIT3EOL034,-3.260000,-39.290000,case-existing,case-existing
80662,TAIBA--CE034,-3.560000,-38.883333,interpolated,topology-interp
80663,TAIBA--CE230,-3.580000,-38.876667,interpolated,topology-interp
80664,TRAIT1EOL034,-3.200000,-39.370000,case-existing,case-existing
80665,TRAIRI-CE230,-3.241948,-39.295835,reference-psrbus,reference-psrbus
80666,SERROT-CE230,-3.301927,-39.349223,reference-psrbus,reference-psrbus
80667,TAIBA-EOL034,-3.540000,-38.890000,case-existing,case-existing
80668,SERRO1EOL034,-3.290000,-39.350000,case-existing,case-existing
80669,TRAIT3-CE034,-3.250974,-39.292918,interpolated,topology-interp
80670,TRAIT1-CE034,-3.220974,-39.332917,interpolated,topology-interp
80671,SANTOS-CE034,-3.351875,-39.151875,interpolated,topology-interp
80672,FAISABEOL034,-3.300000,-39.290000,case-existing,case-existing
80673,TACAR2-PE034,-9.040000,-38.103333,interpolated,topology-interp
80674,FDVII-EOL034,-9.030000,-38.090000,case-existing,case-existing
80675,TACAT2-PE000,-9.050000,-38.116667,interpolated,topology-interp
80676,TACAT2-PE013,-9.050000,-38.116667,interpolated,topology-interp
80677,FSOLARUFV034,-9.070000,-38.150000,case-existing,case-existing
80678,TACARA-PE034,-9.055000,-38.120000,interpolated,topology-interp
80679,TACARAEOL034,-9.050000,-38.110000,case-existing,case-existing
80680,SOLFUT-CE069,-3.940000,-38.400000,interpolated,topology-interp
80681,SOLFUT-CE034,-3.950000,-38.400000,interpolated,topology-interp
80682,SOLFUTUFV034,-3.960000,-38.400000,case-existing,case-existing
80683,ZIMBA-UFV034,-8.000000,-38.570000,case-existing,case-existing
80684,ZIMBA--PE034,-8.000000,-38.590000,interpolated,topology-interp
80685,ZIMBA--PE230,-8.000000,-38.610000,interpolated,topology-interp
80686,CIR-T2-PE015,-7.969157,-38.625094,interpolated,topology-interp
80687,XAXADO-PE034,-7.974578,-38.622547,interpolated,topology-interp
80688,XAXADOUFV034,-7.980000,-38.620000,case-existing,case-existing
80689,CIR-T1-PE000,-7.962490,-38.628428,interpolated,topology-interp
80690,CIR-T1-PE015,-7.962490,-38.628428,interpolated,topology-interp
80691,BEL1-1UFV034,-7.860000,-38.820000,case-existing,case-existing
80692,BELMON-PE230,-7.914000,-38.752000,interpolated,topology-interp
80693,BELMO1-PE034,-7.882000,-38.796000,interpolated,topology-interp
80694,BELMO2-PE034,-7.887000,-38.796000,interpolated,topology-interp
80695,BELMO3-PE034,-7.887000,-38.786000,interpolated,topology-interp
80696,BEL2-1UFV034,-7.850000,-38.840000,case-existing,case-existing
80697,BEL2-4UFV034,-7.860000,-38.840000,case-existing,case-existing
80698,CIR-T2-PE000,-7.969157,-38.625094,interpolated,topology-interp
80699,CIRAND-PE230,-7.963735,-38.627642,reference-psrbus,reference-psrbus
80700,CIRAND-PE034,-7.961245,-38.629214,interpolated,topology-interp
80701,CIRANDUFV034,-7.960000,-38.630000,case-existing,case-existing
80702,BRIGDA-PE138,-7.933809,-38.671071,interpolated,topology-interp
80703,BGA-B1-PE034,-7.920382,-38.682581,interpolated,topology-interp
80704,BGA-B2-PE034,-7.912382,-38.678581,interpolated,topology-interp
80705,BNOME5UFV034,-7.880000,-38.690000,case-existing,case-existing
80706,BRIGDAUFV034,-7.900000,-38.700000,case-existing,case-existing
80707,BGA-T2-PE000,-7.923215,-38.674750,interpolated,topology-interp
80708,BGA-T3-PE000,-7.919363,-38.683948,interpolated,topology-interp
80709,BGA-T1-PE000,-7.927215,-38.676750,interpolated,topology-interp
80710,BGA-T1-PE013,-7.927285,-38.676706,interpolated,topology-interp
80711,BGA-B3-PE034,-7.904715,-38.696953,interpolated,topology-interp
80712,BNOME6UFV034,-7.890000,-38.710000,case-existing,case-existing
80713,BGA-T2-PE013,-7.923285,-38.674706,interpolated,topology-interp
80714,BGA-T3-PE013,-7.919430,-38.683906,interpolated,topology-interp
80715,ARATNG-CE069,-7.326667,-38.950000,interpolated,topology-interp
80716,ARATNG-CE034,-7.343333,-38.960000,interpolated,topology-interp
80717,ARATNGUFV034,-7.360000,-38.970000,case-existing,case-existing
80718,PANATI-CE013,-5.332875,-38.820350,interpolated,topology-interp
80719,B.HOZTUFV034,-5.313240,-38.861811,interpolated,topology-interp
80720,B.HOZT-CE034,-5.313240,-38.861811,interpolated,topology-interp
80721,B.HOZT-CE230,-5.313240,-38.861811,reference-psrbus,reference-psrbus
80722,PANAT2-CE000,-5.332894,-38.821337,interpolated,topology-interp
80723,PANAT4-CE000,-5.332894,-38.819337,interpolated,topology-interp
80724,PANAT3-CE000,-5.332875,-38.820350,interpolated,topology-interp
80725,PANATI-CE000,-5.329365,-38.822987,interpolated,topology-interp
80726,PANATI-CE230,-5.322327,-38.828272,reference-psrbus,reference-psrbus
80727,PANAT1-CE034,-5.336442,-38.820672,interpolated,topology-interp
80728,PANAT2UFV034,-5.340000,-38.810000,case-existing,case-existing
80729,PANAT2-CE034,-5.336442,-38.814672,interpolated,topology-interp
80730,PANAT1UFV034,-5.340000,-38.820000,case-existing,case-existing
80731,RGONCAUFV034,-7.670000,-45.170000,case-existing,case-existing
80732,RGONC1-PI034,-7.661979,-45.178685,interpolated,topology-interp
80733,RGONC3-PI230,-7.645972,-45.196025,interpolated,topology-interp
80734,RGONC1-PI013,-7.653958,-45.187370,interpolated,topology-interp
80735,RGONC2-PI013,-7.653958,-45.190703,interpolated,topology-interp
80736,RGONC1-PI000,-7.653970,-45.187360,interpolated,topology-interp
80737,RGONC2-PI000,-7.653970,-45.190693,interpolated,topology-interp
80738,RGONC2-PI034,-7.661979,-45.185352,interpolated,topology-interp
80739,RGONCAUFV034 034kV-2,-7.670000,-45.180000,case-existing,case-existing
80740,PITOMB-CE230,-4.605369,-37.647341,reference-psrbus,reference-psrbus
80741,PITOMB-CE034,-4.607684,-37.658670,interpolated,topology-interp
80742,JANDAIEOL034,-4.450000,-37.840000,case-existing,case-existing
80743,JANDAI-CE230,-4.439024,-37.836746,reference-psrbus,reference-psrbus
80744,JAND-1-CE034,-4.444512,-37.838373,interpolated,topology-interp
80745,ARACT2-CE230,-4.488150,-37.763271,reference-psrbus,reference-psrbus
80746,ARACT2-CE034,-4.479075,-37.716635,interpolated,topology-interp
80747,CANOAQEOL034,-4.470000,-37.670000,case-existing,case-existing
80748,PITTR2-CE000,-4.603579,-37.644894,interpolated,topology-interp
80749,PITTR2-CE013,-4.603579,-37.644894,interpolated,topology-interp
80750,PITOMBEOL034,-4.610000,-37.670000,case-existing,case-existing
80751,PITOM2UFV034,-4.600000,-37.640000,case-existing,case-existing
80752,PITOM2-CE034,-4.601790,-37.642447,interpolated,topology-interp
80753,LAGOINUFV034,-4.860000,-38.010000,case-existing,case-existing
80754,LAGOIN-CE034,-4.890000,-38.006667,interpolated,topology-interp
80755,LAGOIN-CE230,-4.920000,-38.003333,interpolated,topology-interp
80756,JAND-2-CE034,-4.434512,-37.853373,interpolated,topology-interp
80757,JANDAIEOL034 034kV-2,-4.430000,-37.870000,case-existing,case-existing
80758,PANOR--PI500,-7.626667,-45.213333,interpolated,topology-interp
80759,PANOR--PI034,-7.623333,-45.216667,interpolated,topology-interp
80760,PANOR-UFV034,-7.620000,-45.220000,case-existing,case-existing
80761,VACRIIEOL034,-5.080000,-37.040000,case-existing,case-existing
80762,FGR-T3-RN000,-5.045047,-37.077117,interpolated,topology-interp
80763,FGR-T3-RN013,-5.045058,-37.077125,interpolated,topology-interp
80764,AB-MT--RN230,-5.051538,-37.111538,interpolated,topology-interp
80765,AB-MT--RN034,-4.993846,-36.973846,interpolated,topology-interp
80766,ABMT-BEOL034,-4.970000,-36.900000,case-existing,case-existing
80767,ABMT-AEOL034,-4.960000,-36.910000,case-existing,case-existing
80768,VACREIEOL034,-5.070000,-37.020000,case-existing,case-existing
80769,AMAZONEOL034,-5.010000,-36.920000,case-existing,case-existing
80770,AMZ-B1-RN034,-5.040483,-36.965918,interpolated,topology-interp
80771,AMAZON-RN230,-5.031449,-36.937753,reference-psrbus,reference-psrbus
80772,AMZ-B2-RN034,-5.043816,-36.972584,interpolated,topology-interp
80773,FLORE-UFV034,-4.970000,-36.910000,case-existing,case-existing
80774,FILGRA-RN034,-5.032529,-37.048563,interpolated,topology-interp
80775,FILGRAEOL034,-5.020000,-37.020000,case-existing,case-existing
80776,CARCAR-RN230,-5.057574,-37.105680,interpolated,topology-interp
80777,CARCAR-RN012,-5.003785,-37.057838,interpolated,topology-interp
80778,FLORES-RN034,-5.010769,-37.010769,interpolated,topology-interp
80779,AMAZONEOL034 034kV-2,-5.030000,-36.960000,case-existing,case-existing
80780,CARCAREOL034,-4.950000,-37.010000,case-existing,case-existing
80781,AFBEZA-RN013,-5.470000,-36.700000,interpolated,topology-interp
80782,MIASS3-RN034,-5.242500,-36.531250,interpolated,topology-interp
80783,AFBEZA-RN230,-5.530000,-36.805000,interpolated,topology-interp
80784,AFBEZA-RN034,-5.410000,-36.595000,interpolated,topology-interp
80785,AFBEZAEOL034,-5.350000,-36.490000,case-existing,case-existing
80786,ALEGRI-RN230,-5.124410,-36.383187,reference-psrbus,reference-psrbus
80787,MIASS3EOL034,-5.130000,-36.450000,case-existing,case-existing
80788,ALG----RN034,-5.117205,-36.376593,interpolated,topology-interp
80789,RVENTO-RN034,-5.166252,-36.298127,interpolated,topology-interp
80790,RVENT--RN034,-5.176252,-36.278127,interpolated,topology-interp
80791,ALEGRIEOL034,-5.110000,-36.370000,case-existing,case-existing
80792,RVENT3EOL034,-5.120000,-36.160000,case-existing,case-existing
80793,RVENT1EOL034,-5.100000,-36.200000,case-existing,case-existing
80794,RVENTO-RN230,-5.232500,-36.396250,interpolated,topology-interp
80795,AFBEZA-RN000,-5.470000,-36.700000,interpolated,topology-interp
80796,MIASS3-RN230,-5.355002,-36.612502,interpolated,topology-interp
80797,MSECO3EOL034,-5.190000,-36.360000,case-existing,case-existing
80798,MSECO5EOL034,-5.170000,-36.410000,case-existing,case-existing
80799,MSECO1EOL034,-5.170000,-36.300000,case-existing,case-existing
80800,POLORN-RN138,-5.424000,-36.685000,interpolated,topology-interp
80801,MANSEC-RN138,-5.258000,-36.460000,interpolated,topology-interp
80802,MSECO1-RN034,-5.214000,-36.380000,interpolated,topology-interp
80803,MSECO2-RN034,-5.214000,-36.390000,interpolated,topology-interp
80804,MSECO3-RN034,-5.224000,-36.410000,interpolated,topology-interp
80805,MSECO5-RN034,-5.214000,-36.435000,interpolated,topology-interp
80806,MSECO2EOL034,-5.170000,-36.320000,case-existing,case-existing
80807,P.MORGEOL034,-2.820000,-40.230000,case-existing,case-existing
80808,CATAVEEOL034,-2.840000,-40.070000,case-existing,case-existing
80809,ITAREMEOL034,-2.940000,-39.860000,case-existing,case-existing
80810,V.RIO--CE069,-2.936923,-40.056211,interpolated,topology-interp
80811,ITAREMEOL034 034kV-2,-2.950000,-39.890000,case-existing,case-existing
80812,V.RIO--CE034,-2.893522,-40.013105,interpolated,topology-interp
80813,CATAVE-CE034,-2.958734,-40.084429,interpolated,topology-interp
80814,V.RIO-EOL034,-2.850000,-39.970000,case-existing,case-existing
80815,P.MORG-CE034,-2.873522,-40.186439,interpolated,topology-interp
80816,P.MORG-CE069,-2.926923,-40.142877,interpolated,topology-interp
80817,AUDC2--CE069,-2.980519,-40.099315,interpolated,topology-interp
80818,ITAREM-CE230,-2.965521,-39.889398,reference-psrbus,reference-psrbus
80819,ITC-B1-CE034,-2.952760,-39.874699,interpolated,topology-interp
80820,ITC-B2-CE034,-2.957760,-39.889699,interpolated,topology-interp
80821,ICAZIN-CE034,-3.125200,-39.818045,interpolated,topology-interp
80822,ICAZIN-CE230,-3.230399,-39.966091,interpolated,topology-interp
80823,PCHEIR-CE034,-3.001593,-39.733692,interpolated,topology-interp
80824,PCHEIREOL034,-3.000000,-39.730000,case-existing,case-existing
80825,PFORMO-CE034,-2.914330,-41.035653,interpolated,topology-interp
80826,BCIGRIEOL034,-3.090000,-39.680000,case-existing,case-existing
80827,ICARAB-CE034,-3.237500,-39.825000,interpolated,topology-interp
80828,PFORMO-CE230,-2.918659,-41.031306,reference-psrbus,reference-psrbus
80829,ICARAI-CE230,-3.385000,-39.970000,interpolated,topology-interp
80830,ICARAI-CE034,-3.227500,-39.785000,interpolated,topology-interp
80831,ICARAIEOL034 034kV-2,-3.070000,-39.600000,case-existing,case-existing
80832,PFORMOEOL034,-2.910000,-41.040000,case-existing,case-existing
80833,ICAZINEOL034,-3.020000,-39.670000,case-existing,case-existing
80834,MASSAP-CE230,-3.562812,-40.342843,reference-psrbus,reference-psrbus
80835,PCHEIR-CE230,-3.003187,-39.737383,reference-psrbus,reference-psrbus
80836,OLDSOL-PI034,-4.290000,-41.830000,interpolated,topology-interp
80837,OLDSOLUFV034,-4.290000,-41.870000,case-existing,case-existing
80838,OLDSOL-PI230,-4.290000,-41.790000,interpolated,topology-interp
80839,DELT3A-MA138,-2.669268,-42.620204,interpolated,topology-interp
80840,DELT3A-MA034,-2.659756,-42.620068,interpolated,topology-interp
80841,DELT3B-MA034,-2.649634,-42.635102,interpolated,topology-interp
80842,DELT3C-MA034,-2.669634,-42.625102,interpolated,topology-interp
80843,DLT5-6EOL034,-2.700000,-42.550000,case-existing,case-existing
80844,DELT6A-MA034,-2.698262,-42.567636,interpolated,topology-interp
80845,DELT3BEOL034,-2.630000,-42.650000,case-existing,case-existing
80846,DELT3CEOL034,-2.670000,-42.630000,case-existing,case-existing
80847,DELTA5EOL034,-2.670000,-42.600000,case-existing,case-existing
80848,DELTA6-MA138,-2.696524,-42.585272,interpolated,topology-interp
80849,PNEVES-MA138,-2.698048,-42.600544,interpolated,topology-interp
80850,DELT6B-MA034,-2.693262,-42.587636,interpolated,topology-interp
80851,DELT3AEOL034,-2.640000,-42.640000,case-existing,case-existing
80852,DLT7-8EOL034,-2.690000,-42.590000,case-existing,case-existing
80853,PNEVES-MA500,-2.728351,-42.596157,reference-psrbus,reference-psrbus
80854,LDVENT-PI500,-8.536996,-41.815512,interpolated,topology-interp
80855,LDVENT-PI034,-8.696701,-41.553987,interpolated,topology-interp
80856,VSANG2EOL034,-8.690000,-41.480000,case-existing,case-existing
80857,VSANGEEOL034,-8.760000,-41.470000,case-existing,case-existing
80858,VSANG1EOL034,-8.700000,-41.450000,case-existing,case-existing
80859,VSANG3EOL034,-8.710000,-41.490000,case-existing,case-existing
80860,VSANG4EOL034,-8.510000,-41.470000,case-existing,case-existing
80861,VSANG5EOL034,-8.560000,-41.580000,case-existing,case-existing
80862,LDVENT-PI138,-8.536318,-41.743309,interpolated,topology-interp
80863,LDVEN1-PI138,-8.535660,-41.671021,interpolated,topology-interp
80864,LDVEN1-PI034,-8.666701,-41.543987,interpolated,topology-interp
80865,LDVEN2-PI034,-8.654201,-41.565237,interpolated,topology-interp
80866,LDVEN3-PI034,-8.664201,-41.570237,interpolated,topology-interp
80867,LDVEN4-PI034,-8.522570,-41.534220,interpolated,topology-interp
80868,LDVEN5-PI034,-8.547570,-41.589220,interpolated,topology-interp
80869,LDVET1-PI000,-8.633462,-41.637848,interpolated,topology-interp
80870,LDVET2-PI000,-8.618462,-41.650348,interpolated,topology-interp
80871,LDVET3-PI000,-8.535258,-41.598188,interpolated,topology-interp
80872,FVSJP-UFV034,-8.270000,-42.150000,case-existing,case-existing
80873,NOLIND-PI500,-8.193809,-42.556425,reference-psrbus,reference-psrbus
80874,NOLNB1-PI034,-8.196905,-42.553212,interpolated,topology-interp
80875,NOLNB2-PI034,-8.151905,-42.568212,interpolated,topology-interp
80876,NOLN08UFV034,-8.200000,-42.550000,case-existing,case-existing
80877,NOLN12UFV034,-8.110000,-42.580000,case-existing,case-existing
80878,FV_SJP-PI500,-8.330000,-42.203333,interpolated,topology-interp
80879,FV_SJP-PI034,-8.300000,-42.176667,interpolated,topology-interp
80880,LBARR3-PI034,-8.610000,-41.736000,interpolated,topology-interp
80881,LBARR1EOL034,-8.620000,-41.550000,case-existing,case-existing
80882,LBARRO-PI230,-8.540000,-41.852000,interpolated,topology-interp
80883,LBARR1-PI034,-8.580000,-41.701000,interpolated,topology-interp
80884,LBARR2-PI034,-8.610000,-41.741000,interpolated,topology-interp
80885,LBARR2EOL034,-8.680000,-41.630000,case-existing,case-existing
80886,LBARR3EOL034,-8.680000,-41.620000,case-existing,case-existing
80888,RIOALTUFV034,-6.960000,-38.000000,case-existing,case-existing
80889,RIOALTUFV034 034kV-2,-6.950000,-37.990000,case-existing,case-existing
80890,RIOAL2-PB034,-6.966923,-37.983846,interpolated,topology-interp
80891,RIOALT-PB034,-6.964615,-37.989231,interpolated,topology-interp
80892,RIOALT-PB230,-6.983846,-37.977692,interpolated,topology-interp
80893,RIOALTUFV034 034kV-3,-6.950000,-37.990000,case-existing,case-existing
80894,TBMEIO-PB230,-6.981095,-37.986732,reference-psrbus,reference-psrbus
80895,TBMEIO-PB034,-6.985548,-37.988366,interpolated,topology-interp
80896,TBMEIOUFV034,-6.990000,-37.990000,case-existing,case-existing
80897,B.JRD2-CE034,-6.370000,-38.865000,interpolated,topology-interp
80898,BOMLUG-CE230,-6.382650,-38.954374,reference-psrbus,reference-psrbus
80899,BOMLUG-CE034,-6.371325,-38.957187,interpolated,topology-interp
80900,BOMLUGUFV034,-6.360000,-38.960000,case-existing,case-existing
80901,B.JRD2UFV034,-6.360000,-38.860000,case-existing,case-existing
80902,B.JARDUFV034,-6.340000,-38.860000,case-existing,case-existing
80903,B.JARD-CE034,-6.360000,-38.865000,interpolated,topology-interp
80904,B.JARD-CE230,-6.380000,-38.870000,interpolated,topology-interp
80905,LAVRAS-CE230,-3.791583,-38.932847,reference-psrbus,reference-psrbus
80906,LAVRB1-CE034,-3.798058,-38.923734,interpolated,topology-interp
80907,LAVRASUFV034,-3.800000,-38.920000,case-existing,case-existing
80908,LAVRASUFV034 034kV-2,-3.800000,-38.920000,case-existing,case-existing
80909,LAVRASUFV034 034kV-3,-3.800000,-38.930000,case-existing,case-existing
80910,LAVRB2-CE034,-3.798705,-38.925823,interpolated,topology-interp
80911,LAVRT1-CE000,-3.796115,-38.927468,interpolated,topology-interp
80912,ELISO--PI230,-8.106667,-43.680000,interpolated,topology-interp
80913,ELISO--PI034,-8.113333,-43.690000,interpolated,topology-interp
80914,ELISO-UFV034,-8.120000,-43.700000,case-existing,case-existing
80915,TUCANO-BA500,-11.285913,-38.791163,reference-psrbus,reference-psrbus
80916,TCA-B1-BA034,-11.277728,-38.799041,interpolated,topology-interp
80917,TCA-B1EOL034,-11.260000,-38.800000,case-existing,case-existing
80918,TCA-B2-BA034,-11.322728,-38.804041,interpolated,topology-interp
80919,TCA-B3-BA034,-11.221478,-38.782791,interpolated,topology-interp
80920,TCA-B4-BA034,-11.251478,-38.782791,interpolated,topology-interp
80921,TCA-T1-BA000,-11.295456,-38.798081,interpolated,topology-interp
80922,TCA-T2-BA000,-11.252956,-38.785581,interpolated,topology-interp
80923,TCA-B2EOL034,-11.350000,-38.810000,case-existing,case-existing
80924,TCA-B3EOL034,-11.190000,-38.780000,case-existing,case-existing
80925,TCA-B4EOL034,-11.250000,-38.780000,case-existing,case-existing
80926,VEREDAUFV034,-15.140000,-44.700000,case-existing,case-existing
80927,VEREDA-CE034,-11.073333,-43.170000,interpolated,topology-interp
80928,VEREDA-CE230,-7.006667,-41.640000,interpolated,topology-interp
80929,ARAPU1-CE230,-4.933333,-37.690000,interpolated,topology-interp
80930,ARAPU1-CE034,-4.936667,-37.700000,interpolated,topology-interp
80931,ARAPU1UFV034,-4.940000,-37.710000,case-existing,case-existing
80932,ALTT1--PB013,-6.920094,-36.980635,interpolated,topology-interp
80933,ALTT12-PB000,-6.924707,-36.985864,interpolated,topology-interp
80934,ALTT13-PB000,-6.920012,-36.980640,interpolated,topology-interp
80935,ALTT14-PB000,-6.915479,-36.975422,interpolated,topology-interp
80936,O.SER1-PB013,-6.795808,-36.749106,interpolated,topology-interp
80937,ALTT32-PB000,-6.911591,-36.980080,interpolated,topology-interp
80938,CHFS2AEOL034,-6.990000,-36.890000,case-existing,case-existing
80939,SSE-B3-PB034,-7.013543,-36.801911,interpolated,topology-interp
80940,ALTT33-PB000,-6.911610,-36.980087,interpolated,topology-interp
80941,SST2-1-PB000,-6.967630,-36.863979,interpolated,topology-interp
80942,SST2-2-PB000,-6.987335,-36.833369,interpolated,topology-interp
80943,SST2-3-PB000,-6.980945,-36.834032,interpolated,topology-interp
80944,SST2-4-PB000,-6.975787,-36.845259,interpolated,topology-interp
80945,SSE-B4EOL034,-6.980000,-36.810000,case-existing,case-existing
80946,SSE-B4-PB034,-6.980452,-36.822031,interpolated,topology-interp
80947,SST2-5-PB000,-6.971277,-36.855452,interpolated,topology-interp
80948,SSET21-PB013,-6.975450,-36.845944,interpolated,topology-interp
80949,O.SER2-PB013,-6.807534,-36.775907,interpolated,topology-interp
80950,SL2-T1-PB000,-6.912864,-36.938698,interpolated,topology-interp
80951,SL2-T1-PB013,-6.912888,-36.938834,interpolated,topology-interp
80952,SSE-B3EOL034,-7.040000,-36.770000,case-existing,case-existing
80953,SLUZI-UFV034,-6.960000,-37.020000,case-existing,case-existing
80954,CHFNB-EOL034,-6.870000,-36.760000,case-existing,case-existing
80955,CHANB--PB034,-6.882694,-36.801917,interpolated,topology-interp
80956,SLUZX-UFV034,-6.950000,-37.010000,case-existing,case-existing
80957,SLUZI2-PB138,-6.915776,-36.897547,interpolated,topology-interp
80958,CHAFS2-PB138,-6.964287,-36.898956,interpolated,topology-interp
80959,CHAFN--PB138,-6.895364,-36.843698,interpolated,topology-interp
80960,CHAS2A-PB034,-6.977155,-36.894544,interpolated,topology-interp
80961,CHANA--PB034,-6.887694,-36.831917,interpolated,topology-interp
80962,LUZI23-PB138,-6.890488,-36.908265,interpolated,topology-interp
80963,LUZI23-PB034,-6.865258,-36.919215,interpolated,topology-interp
80964,LUZI23UFV034,-6.840000,-36.930000,case-existing,case-existing
80965,O.SER4-PB000,-6.789313,-36.743970,interpolated,topology-interp
80966,O.SER2-PB034,-6.764652,-36.706977,interpolated,topology-interp
80967,O.SER2-PB000,-6.802695,-36.754854,interpolated,topology-interp
80968,O.SER3-PB000,-6.795963,-36.749379,interpolated,topology-interp
80969,O.SER5-PB000,-6.807582,-36.775938,interpolated,topology-interp
80970,O.SER1-PB000,-6.826087,-36.808319,interpolated,topology-interp
80971,ALTB12UFV034,-6.910000,-36.960000,case-existing,case-existing
80972,CHAS2B-PB034,-6.967155,-36.884544,interpolated,topology-interp
80973,CHFS2BEOL034,-6.970000,-36.870000,case-existing,case-existing
80974,CHAFS1-PB138,-6.997155,-36.919563,interpolated,topology-interp
80975,CHAS1A-PB034,-7.018567,-36.939737,interpolated,topology-interp
80976,CHAS1B-PB034,-7.008567,-36.919737,interpolated,topology-interp
80977,CHFS1AEOL034,-7.040000,-36.960000,case-existing,case-existing
80978,CHFS1BEOL034,-7.020000,-36.920000,case-existing,case-existing
80979,SSE-B1EOL034,-6.980000,-36.780000,case-existing,case-existing
80980,SSE-B1-PB034,-6.973514,-36.804436,interpolated,topology-interp
80981,S.SERI-PB500,-6.945022,-36.901838,interpolated,topology-interp
80982,SSE-B2-PB034,-6.972619,-36.818593,interpolated,topology-interp
80983,SSE-T1-PB013,-6.961441,-36.846684,interpolated,topology-interp
80984,SSE-B2EOL034,-6.980000,-36.800000,case-existing,case-existing
80985,SST1-1-PB000,-6.957130,-36.862092,interpolated,topology-interp
80986,SST1-2-PB000,-6.962173,-36.845301,interpolated,topology-interp
80987,SST1-3-PB000,-6.966622,-36.829642,interpolated,topology-interp
80988,SST1-4-PB000,-6.965782,-36.836160,interpolated,topology-interp
80989,ALTB12-PB034,-6.908469,-36.965141,interpolated,topology-interp
80990,ALTB31-PB034,-6.910734,-36.980040,interpolated,topology-interp
80991,ALTT3--PB013,-6.911714,-36.980081,interpolated,topology-interp
80992,ALTT11-PB000,-6.917782,-36.980497,interpolated,topology-interp
80993,ALTT31-PB000,-6.912196,-36.980128,interpolated,topology-interp
80994,CHFNA-EOL034,-6.880000,-36.820000,case-existing,case-existing
80995,ALTB12UFV034 034kV-2,-6.900000,-36.960000,case-existing,case-existing
80996,ALTB31UFV034,-6.910000,-36.980000,case-existing,case-existing
80997,SSET22-PB013,-6.971091,-36.855712,interpolated,topology-interp
80998,ALTB32-PB034,-6.911815,-36.980099,interpolated,topology-interp
80999,O.SERI-PB500,-6.867994,-36.894061,interpolated,topology-interp
81000,O.SER1-PB034,-6.786363,-36.707475,interpolated,topology-interp
81001,O.SERIEOL034,-6.740000,-36.670000,case-existing,case-existing
81002,ALTT34-PB000,-6.911974,-36.980099,interpolated,topology-interp
81003,O.SERIEOL034 034kV-2,-6.770000,-36.660000,case-existing,case-existing
81004,RALTO--PB500,-6.913377,-36.980205,interpolated,topology-interp
81005,ALTB11-PB034,-6.936159,-36.996466,interpolated,topology-interp
81006,ALTB11UFV034,-6.910000,-36.970000,case-existing,case-existing
81007,CRLAND-BA230,-14.130000,-41.610000,interpolated,topology-interp
81008,CRLANDEOL034,-13.970000,-41.550000,case-existing,case-existing
81009,CRLAND-BA034,-14.050000,-41.580000,interpolated,topology-interp
81010,TIANG3-CE230,-3.876667,-41.196667,interpolated,topology-interp
81011,TIANG2-CE034,-3.853333,-41.203333,interpolated,topology-interp
81012,CACIMB-CE230,-3.906849,-41.043312,reference-psrbus,reference-psrbus
81013,TIANG2EOL034,-3.830000,-41.210000,case-existing,case-existing
81014,CACIMA-CE034,-3.903425,-41.036656,interpolated,topology-interp
81015,CACIMB-CE034,-3.903425,-41.031656,interpolated,topology-interp
81016,IBIAPA-CE230,-4.037500,-41.102500,interpolated,topology-interp
81017,CACIA-EOL034,-3.900000,-41.030000,case-existing,case-existing
81018,CACIMBEOL034,-3.900000,-41.020000,case-existing,case-existing
81019,IBIA.A-CE034,-4.098750,-41.071250,interpolated,topology-interp
81020,IBIA.B-CE034,-4.113750,-41.046250,interpolated,topology-interp
81021,IBIA.AEOL034,-4.160000,-41.040000,case-existing,case-existing
81022,IBIA.BEOL034,-4.190000,-40.990000,case-existing,case-existing
81023,MALHADEOL034,-3.950000,-41.120000,case-existing,case-existing
81024,BVSER1-CE069,-3.916667,-41.166667,interpolated,topology-interp
81025,BVSER1-CE034,-3.933333,-41.143333,interpolated,topology-interp
81026,S.ROS1EOL034,-3.870000,-41.170000,case-existing,case-existing
81027,S.ROS--CE069,-3.890000,-41.185000,interpolated,topology-interp
81028,S.ROS1-CE034,-3.880000,-41.177500,interpolated,topology-interp
81029,S.ROS2-CE034,-3.890000,-41.187500,interpolated,topology-interp
81030,S.ROS2EOL034,-3.890000,-41.190000,case-existing,case-existing
81031,VSEUG5EOL034,-11.480000,-42.150000,case-existing,case-existing
81032,STEUGE-BA500,-11.354537,-42.449853,interpolated,topology-interp
81033,VSEUG9-BA034,-11.481508,-42.205318,interpolated,topology-interp
81034,VSEUG9EOL034,-11.520000,-42.140000,case-existing,case-existing
81035,VSEU11EOL034,-11.430000,-42.150000,case-existing,case-existing
81036,VSEUG1EOL034,-11.390000,-42.160000,case-existing,case-existing
81037,VSEUG5-BA034,-11.462325,-42.202747,interpolated,topology-interp
81038,VSEUGA-PI034,-11.409112,-42.213362,interpolated,topology-interp
81039,VSEUG1-BA034,-11.388042,-42.211001,interpolated,topology-interp
81040,STEUG1-BA013,-11.423544,-42.303887,interpolated,topology-interp
81041,VSEUGH-BA013,-11.377540,-42.308999,interpolated,topology-interp
81042,VSEUGE-BA000,-11.406414,-42.342903,interpolated,topology-interp
81043,VSEUGF-BA000,-11.445319,-42.265448,interpolated,topology-interp
81044,VSEUGG-BA000,-11.442518,-42.260086,interpolated,topology-interp
81045,VSEUGH-BA000,-11.426606,-42.296994,interpolated,topology-interp
81046,VSEUGA-BA000,-11.372815,-42.346636,interpolated,topology-interp
81047,VSEUGB-BA000,-11.390362,-42.271554,interpolated,topology-interp
81048,VSEUGC-BA000,-11.384194,-42.266566,interpolated,topology-interp
81049,VSEUGD-BA000,-11.380377,-42.302131,interpolated,topology-interp
81054,ASSU5BEOL034,-11.010000,-42.600000,case-existing,case-existing
81055,SERAS5EOL034,-11.500000,-42.570000,case-existing,case-existing
81056,SERAS6EOL034,-11.510000,-42.570000,case-existing,case-existing
81057,SERASC-BA000,-11.458491,-42.593004,interpolated,topology-interp
81058,SVTT12-BA013,-11.074696,-42.577897,interpolated,topology-interp
81059,SVITOR-BA230,-11.151041,-42.617979,interpolated,topology-interp
81060,SVTOR1-BA034,-11.001202,-42.570963,interpolated,topology-interp
81061,SVTOR1EOL034,-10.970000,-42.560000,case-existing,case-existing
81062,ASSU4-EOL034,-11.090000,-42.620000,case-existing,case-existing
81063,SERAS6-BA034,-11.484242,-42.581503,interpolated,topology-interp
81064,LARANJEOL034,-11.060000,-42.630000,case-existing,case-existing
81065,SVTOR2EOL034,-10.920000,-42.550000,case-existing,case-existing
81066,SVTOR3EOL034,-10.960000,-42.520000,case-existing,case-existing
81067,SVTOR4EOL034,-10.980000,-42.530000,case-existing,case-existing
81068,SVTOR2-BA034,-10.966219,-42.563403,interpolated,topology-interp
81069,SVTOR3-BA034,-11.008395,-42.544302,interpolated,topology-interp
81070,ASSU4-EOL034 034kV-2,-11.040000,-42.630000,case-existing,case-existing
81071,SVTOR4-BA034,-11.001793,-42.541128,interpolated,topology-interp
81072,ASSU4A-BA034,-11.053933,-42.648401,interpolated,topology-interp
81073,ASSU4B-BA034,-11.078933,-42.643401,interpolated,topology-interp
81074,SVT1-1-BA000,-11.036816,-42.558650,interpolated,topology-interp
81075,SVT1-5-BA000,-11.043202,-42.562094,interpolated,topology-interp
81076,SVT1-4-BA000,-11.089740,-42.586034,interpolated,topology-interp
81077,SVT1-2-BA000,-11.056316,-42.568469,interpolated,topology-interp
81078,SVT1-3-BA000,-11.075095,-42.578105,interpolated,topology-interp
81079,SOL3--UFV016,-11.063933,-42.648401,interpolated,topology-interp
81080,SOL4--UFV018,-11.053933,-42.648401,interpolated,topology-interp
81081,SOL5--UFV006,-11.038933,-42.633401,interpolated,topology-interp
81082,SVT2-1-BA000,-11.081294,-42.597067,interpolated,topology-interp
81083,SVT2-3-BA000,-11.036963,-42.584287,interpolated,topology-interp
81084,SVT2-4-BA000,-11.012590,-42.576810,interpolated,topology-interp
81085,SVT2-5-BA000,-11.032057,-42.581777,interpolated,topology-interp
81086,SVT2-2-BA000,-11.061128,-42.591468,interpolated,topology-interp
81087,SVTT21-BA013,-11.038627,-42.584905,interpolated,topology-interp
81088,SVTT22-BA013,-11.060541,-42.591326,interpolated,topology-interp
81090,SERAS--BA230,-11.411988,-42.616005,interpolated,topology-interp
81091,SERASA-BA000,-11.473491,-42.598004,interpolated,topology-interp
81092,SERASB-BA000,-11.435991,-42.603004,interpolated,topology-interp
81093,SERAS1-BA034,-11.496742,-42.589003,interpolated,topology-interp
81094,SERAS2-BA034,-11.511742,-42.589003,interpolated,topology-interp
81095,LARANJ-BA230,-11.067866,-42.666803,reference-psrbus,reference-psrbus
81096,LARANJ-BA034,-11.063933,-42.648401,interpolated,topology-interp
81097,SERAS3-BA034,-11.447992,-42.596503,interpolated,topology-interp
81098,ASSU5A-BA034,-11.058933,-42.653401,interpolated,topology-interp
81099,SERAS4-BA034,-11.447992,-42.596503,interpolated,topology-interp
81100,SERAS5-BA034,-11.479242,-42.581503,interpolated,topology-interp
81101,SERAS1EOL034,-11.520000,-42.580000,case-existing,case-existing
81102,SVTT11-BA013,-11.057949,-42.569170,interpolated,topology-interp
81103,ASSU5AEOL034,-11.050000,-42.640000,case-existing,case-existing
81104,SERAS2EOL034,-11.550000,-42.580000,case-existing,case-existing
81105,ASSU5B-BA034,-11.038933,-42.633401,interpolated,topology-interp
81106,SERAS3EOL034,-11.460000,-42.590000,case-existing,case-existing
81107,SERAS4EOL034,-11.460000,-42.590000,case-existing,case-existing
81108,UFVITU-BA034,-12.590000,-44.105000,interpolated,topology-interp
81109,HO1211UFV034,-12.620000,-44.090000,case-existing,case-existing
81110,HORIZO-BA230,-12.604401,-44.083653,reference-psrbus,reference-psrbus
81111,HORIZO-BA034,-12.612201,-44.086826,interpolated,topology-interp
81112,ITUVERUFV034,-12.600000,-44.100000,case-existing,case-existing
81113,BABCT--BA500,-10.949458,-41.232918,interpolated,topology-interp
81114,OUROT1-BA000,-10.791876,-41.281251,interpolated,topology-interp
81115,AROT1D-BA000,-10.777638,-41.482345,interpolated,topology-interp
81116,AROT1A-BA000,-10.781550,-41.478853,interpolated,topology-interp
81117,AROT1B-BA000,-10.776097,-41.477885,interpolated,topology-interp
81118,AROT1C-BA000,-10.773369,-41.486301,interpolated,topology-interp
81119,OUROT2-BA000,-10.794376,-41.271251,interpolated,topology-interp
81120,OUROB1UFV034,-10.760000,-41.280000,case-existing,case-existing
81121,OUROB2UFV034,-10.770000,-41.250000,case-existing,case-existing
81122,OUROB3UFV034,-10.770000,-41.270000,case-existing,case-existing
81123,OUROB4UFV034,-10.770000,-41.220000,case-existing,case-existing
81124,OUROB1-BA034,-10.775939,-41.280626,interpolated,topology-interp
81125,OUROB2-BA034,-10.780939,-41.265626,interpolated,topology-interp
81126,OUROB3-BA034,-10.782189,-41.270626,interpolated,topology-interp
81127,OUROB4-BA034,-10.782189,-41.245626,interpolated,topology-interp
81128,AROB3-EOL034,-10.800000,-41.490000,case-existing,case-existing
81129,AROB4-EOL034,-10.820000,-41.440000,case-existing,case-existing
81130,ARO4E5-BA034,-10.800651,-41.481276,interpolated,topology-interp
81131,AROB1-EOL034,-10.770000,-41.460000,case-existing,case-existing
81132,AROB2-EOL034,-10.760000,-41.510000,case-existing,case-existing
81133,VSNTG4EOL034,-11.040000,-41.290000,case-existing,case-existing
81134,VSNTG5EOL034,-11.040000,-41.260000,case-existing,case-existing
81135,ARO1E8-BA034,-10.772983,-41.469048,interpolated,topology-interp
81136,ARO6E7-BA034,-10.766770,-41.498031,interpolated,topology-interp
81137,VSANT4-BA034,-11.018014,-41.286286,interpolated,topology-interp
81138,VSANT5-BA034,-11.018014,-41.271286,interpolated,topology-interp
81139,AROT2C-BA000,-10.805176,-41.464283,interpolated,topology-interp
81140,VSANT--BA500,-10.952077,-41.290132,interpolated,topology-interp
81141,AROT2A-BA000,-10.798053,-41.472184,interpolated,topology-interp
81142,AROT2D-BA000,-10.801440,-41.468474,interpolated,topology-interp
81143,AROEIR-BA500,-10.791225,-41.475826,reference-psrbus,reference-psrbus
81144,AROT1--BA013,-10.777457,-41.482637,interpolated,topology-interp
81145,AROT2--BA013,-10.801632,-41.468175,interpolated,topology-interp
81146,VSDIANEOL034,-11.180000,-40.740000,case-existing,case-existing
81147,OUROUF-BA500,-10.818752,-41.297501,interpolated,topology-interp
81148,JACOBI-BA500,-11.026300,-41.068615,interpolated,topology-interp
81149,P.PINTEOL034,-10.740000,-41.210000,case-existing,case-existing
81150,PINTB1-BA034,-10.754681,-41.227617,interpolated,topology-interp
81151,ARO2E3-BA034,-10.812502,-41.452266,interpolated,topology-interp
81152,P.PINT-BA500,-10.832594,-41.305092,interpolated,topology-interp
81153,JACOBI-BA034,-11.103149,-40.904309,interpolated,topology-interp
81154,AROT2B-BA000,-10.801163,-41.472770,interpolated,topology-interp
81155,FSLARI-BA500,-10.951380,-41.310093,interpolated,topology-interp
81156,FSLARI-BA034,-10.950687,-41.330047,interpolated,topology-interp
81157,FSLARIUFV034,-10.950000,-41.350000,case-existing,case-existing
81158,PPT--1-BA000,-10.794893,-41.269908,interpolated,topology-interp
81159,PPT--2-BA000,-10.769298,-41.245158,interpolated,topology-interp
81160,PPT--3-BA000,-10.758198,-41.237800,interpolated,topology-interp
81161,PPT--4-BA000,-10.770463,-41.248632,interpolated,topology-interp
81162,PPT--5-BA000,-10.783241,-41.259812,interpolated,topology-interp
81163,PINTB1-BA013,-10.771053,-41.249176,interpolated,topology-interp
81164,PINTB2-BA013,-10.782824,-41.259476,interpolated,topology-interp
81165,PINTB2-BA034,-10.734002,-41.218824,interpolated,topology-interp
81166,P.PINTEOL034 034kV-2,-10.710000,-41.200000,case-existing,case-existing
81167,VSNTG7-BA034,-11.006764,-41.282536,interpolated,topology-interp
81168,VSTG14-BA034,-11.021764,-41.282536,interpolated,topology-interp
81169,VSANTA-BA000,-10.996034,-41.282571,interpolated,topology-interp
81170,VSANTB-BA000,-10.993534,-41.285071,interpolated,topology-interp
81171,VSNTG7EOL034,-11.020000,-41.280000,case-existing,case-existing
81172,VSTG14EOL034,-11.050000,-41.280000,case-existing,case-existing
81173,SCLAU1UFV015,-11.063099,-41.280082,interpolated,topology-interp
81174,SCLAU2UFV015,-11.102441,-41.310316,interpolated,topology-interp
81175,UMBURA-BA230,-10.671681,-41.568758,reference-psrbus,reference-psrbus
81176,UBN-B1-BA034,-10.670840,-41.574379,interpolated,topology-interp
81177,UBN-B2-BA034,-10.660840,-41.569379,interpolated,topology-interp
81178,UBN-B3-BA034,-10.660840,-41.539379,interpolated,topology-interp
81179,UBN-B2EOL034,-10.650000,-41.570000,case-existing,case-existing
81180,UBN-B3EOL034,-10.650000,-41.510000,case-existing,case-existing
81181,CLARG3-BA034,-10.518451,-41.495311,interpolated,topology-interp
81182,CLARG4-BA034,-10.498451,-41.441977,interpolated,topology-interp
81183,CLARG3EOL034,-10.470000,-41.530000,case-existing,case-existing
81184,CLARG4EOL034,-10.440000,-41.450000,case-existing,case-existing
81185,CLARG3-BA013,-10.566902,-41.460622,interpolated,topology-interp
81186,CLARG4-BA013,-10.556902,-41.433954,interpolated,topology-interp
81187,UBN-B1EOL034,-10.670000,-41.580000,case-existing,case-existing
81188,CLARG3-BA000,-10.566516,-41.460746,interpolated,topology-interp
81189,CLARG4-BA000,-10.556516,-41.434079,interpolated,topology-interp
81190,CLARG1EOL034,-10.450000,-41.440000,case-existing,case-existing
81191,BBSUL--BA230,-10.979631,-41.317392,interpolated,topology-interp
81192,BBSUL1-BA034,-11.099502,-41.310828,interpolated,topology-interp
81193,BBSUL1EOL034,-11.130000,-41.310000,case-existing,case-existing
81194,CLARG2EOL034,-10.480000,-41.500000,case-existing,case-existing
81195,CLARG1-BA034,-10.532297,-41.433089,interpolated,topology-interp
81196,CLARG2-BA034,-10.547297,-41.463089,interpolated,topology-interp
81197,BBSUL2-BA034,-11.105620,-41.304794,interpolated,topology-interp
81198,BBSUL3-BA034,-11.060376,-41.280739,interpolated,topology-interp
81199,BBSUL4-BA034,-11.072516,-41.286720,interpolated,topology-interp
81200,BBSUL2EOL034,-11.140000,-41.300000,case-existing,case-existing
81201,BBSUL3EOL034,-11.080000,-41.270000,case-existing,case-existing
81202,BBSUL4EOL034,-11.100000,-41.280000,case-existing,case-existing
81203,CLARGO-BA230,-10.614743,-41.426130,interpolated,topology-interp
81204,BBS-T1-BA013,-11.075831,-41.309637,interpolated,topology-interp
81205,BBST11-BA000,-11.038927,-41.313086,interpolated,topology-interp
81206,BBST12-BA000,-11.073971,-41.310725,interpolated,topology-interp
81207,BBST13-BA000,-11.075895,-41.308732,interpolated,topology-interp
81208,BBST14-BA000,-11.070030,-41.310648,interpolated,topology-interp
81209,BBST21-BA000,-11.020785,-41.300986,interpolated,topology-interp
81210,BBST22-BA000,-11.045505,-41.290405,interpolated,topology-interp
81211,BBST23-BA000,-11.049449,-41.292426,interpolated,topology-interp
81212,BBST24-BA000,-11.042783,-41.292474,interpolated,topology-interp
81213,BBS-T2-BA013,-11.048162,-41.291178,interpolated,topology-interp
81214,GRAVIE-RN034,-4.778047,-37.327318,interpolated,topology-interp
81215,GRAVIEEOL034,-4.760000,-37.340000,case-existing,case-existing
81216,INACI-EOL034,-4.760000,-37.300000,case-existing,case-existing
81217,KAIROS-RN034,-4.767500,-37.357500,interpolated,topology-interp
81218,KAIROSEOL034,-4.740000,-37.380000,case-existing,case-existing
81219,KAIROS-RN230,-4.822500,-37.312500,interpolated,topology-interp
81220,GRAVIE-RN013,-4.796095,-37.314635,interpolated,topology-interp
81221,KAIRT1-RN000,-4.795000,-37.335000,interpolated,topology-interp
81222,INACIO-RN013,-4.796095,-37.301302,interpolated,topology-interp
81223,KAIRT1-RN013,-4.795000,-37.335000,interpolated,topology-interp
81224,INACIO-RN230,-4.814063,-37.301979,interpolated,topology-interp
81225,INACIO-RN034,-4.778047,-37.300651,interpolated,topology-interp
81226,INACT1-RN000,-4.796068,-37.301310,interpolated,topology-interp
81227,GRAVT2-RN000,-4.796068,-37.314644,interpolated,topology-interp
81228,CUTIACEOL034,-5.150000,-35.970000,case-existing,case-existing
81229,CARNAU-RN069,-5.167876,-35.657810,interpolated,topology-interp
81230,CARNAU-RN012,-5.153938,-35.658905,interpolated,topology-interp
81231,TOUROS-RN000,-5.180907,-35.658357,interpolated,topology-interp
81232,TOUROS-RN013,-5.180907,-35.658357,interpolated,topology-interp
81233,MDNVT2-RN034,-5.196654,-35.668659,interpolated,topology-interp
81234,MDNVT1-RN000,-5.196648,-35.670655,interpolated,topology-interp
81235,CUTIAC-RN034,-5.134768,-35.949194,interpolated,topology-interp
81236,MDNVT2-RN000,-5.193314,-35.667322,interpolated,topology-interp
81237,MDNVT2-RN013,-5.193307,-35.667318,interpolated,topology-interp
81238,MNDNVOEOL034,-5.210000,-35.680000,case-existing,case-existing
81239,MDNVT1-RN013,-5.196640,-35.670651,interpolated,topology-interp
81240,CUTIA--RN230,-5.119537,-35.928388,reference-psrbus,reference-psrbus
81241,CUTIAA-RN034,-5.099768,-35.919194,interpolated,topology-interp
81242,CUTIAB-RN034,-5.094768,-35.964194,interpolated,topology-interp
81243,CUTIAAEOL034,-5.080000,-35.910000,case-existing,case-existing
81244,MDNVT1-RN034,-5.203320,-35.675325,interpolated,topology-interp
81245,MNDNVO-RN230,-5.189982,-35.665989,interpolated,topology-interp
81246,MNDNVOEOL034 034kV-2,-5.200000,-35.670000,case-existing,case-existing
81247,CUTIABEOL034,-5.070000,-36.000000,case-existing,case-existing
81248,TOUROS-RN069,-5.181815,-35.656714,reference-psrbus,reference-psrbus
81249,CARNAUEOL034,-5.140000,-35.660000,case-existing,case-existing
81250,GAMELE-RN230,-5.245353,-35.489323,reference-psrbus,reference-psrbus
81251,GAMELE-RN034,-5.241784,-35.483108,interpolated,topology-interp
81252,GAMELEEOL034,-5.240000,-35.480000,case-existing,case-existing
81253,GAMELE-RN013,-5.243569,-35.486216,interpolated,topology-interp
81254,GAMELE-RN000,-5.243569,-35.486216,interpolated,topology-interp
81255,CFORM2-BA034,-10.565000,-40.605000,interpolated,topology-interp
81256,CFORM2EOL034,-10.550000,-40.600000,case-existing,case-existing
81257,CFORM1-BA034,-10.595000,-40.635000,interpolated,topology-interp
81258,CFORM1EOL034,-10.610000,-40.660000,case-existing,case-existing
81259,COQUEIEOL034,-2.890000,-39.970000,case-existing,case-existing
81260,BURITIEOL034,-2.890000,-39.980000,case-existing,case-existing
81261,PAPAGA-CE069,-2.911429,-40.029287,interpolated,topology-interp
81262,CAJUCO-CE069,-2.914286,-40.002857,interpolated,topology-interp
81263,CAJUCO-CE034,-2.917143,-39.976430,interpolated,topology-interp
81264,COQUEI-CE034,-2.900714,-39.999643,interpolated,topology-interp
81265,BURITI-CE034,-2.900714,-40.004643,interpolated,topology-interp
81266,CAJUCOEOL034,-2.920000,-39.950000,case-existing,case-existing
81267,RVT1-3EOL034,-5.890000,-36.140000,case-existing,case-existing
81268,RVT1-4EOL034,-5.820000,-36.110000,case-existing,case-existing
81269,RVT1-2-RN034,-5.764343,-36.100080,interpolated,topology-interp
81270,RVT1-3-RN034,-5.850469,-36.133107,interpolated,topology-interp
81271,RVT1-4-RN034,-5.808469,-36.115107,interpolated,topology-interp
81272,RV1T11-RN000,-5.750940,-36.116237,interpolated,topology-interp
81273,RV1T12-RN000,-5.767410,-36.118032,interpolated,topology-interp
81274,RV1T13-RN000,-5.761519,-36.114160,interpolated,topology-interp
81275,RV1T14-RN000,-5.761410,-36.110032,interpolated,topology-interp
81276,RV1T21-RN000,-5.779108,-36.122273,interpolated,topology-interp
81277,RV1T22-RN000,-5.813997,-36.126157,interpolated,topology-interp
81278,RV1T23-RN000,-5.803812,-36.123223,interpolated,topology-interp
81279,RV1T24-RN000,-5.799997,-36.120157,interpolated,topology-interp
81280,RV1-T1-RN013,-5.764755,-36.113985,interpolated,topology-interp
81281,RV1-T2-RN013,-5.807635,-36.123173,interpolated,topology-interp
81282,RIOVT1-RN500,-5.731538,-36.120323,interpolated,topology-interp
81283,RVT1-1-RN034,-5.782343,-36.124080,interpolated,topology-interp
81284,RVT1-1EOL034,-5.800000,-36.130000,case-existing,case-existing
81289,RVEN-2EOL034,-5.800000,-35.910000,case-existing,case-existing
81290,RVEN-3EOL034,-5.870000,-35.950000,case-existing,case-existing
81291,RVEN-4EOL034,-5.770000,-35.940000,case-existing,case-existing
81292,RVEN-2-RN034,-5.767656,-35.946987,interpolated,topology-interp
81293,RVEN-3-RN034,-5.816617,-35.982738,interpolated,topology-interp
81294,RVEN-4-RN034,-5.761719,-35.973940,interpolated,topology-interp
81295,RVT1-1-RN000,-5.699677,-36.041633,interpolated,topology-interp
81296,RVT1-2-RN000,-5.721714,-35.990634,interpolated,topology-interp
81297,RVEN-1-RN034,-5.731166,-35.944939,interpolated,topology-interp
81298,RVEN-1EOL034,-5.740000,-35.900000,case-existing,case-existing
81299,RVT1-4-RN000,-5.736105,-35.982914,interpolated,topology-interp
81300,RVT2-2-RN000,-5.763003,-36.016158,interpolated,topology-interp
81301,RVT1-3-RN000,-5.717069,-36.013420,interpolated,topology-interp
81302,RVT2-4-RN000,-5.753865,-36.006943,interpolated,topology-interp
81303,RVT2-1-RN000,-5.719501,-36.056661,interpolated,topology-interp
81304,RVT2-3-RN000,-5.736170,-36.032804,interpolated,topology-interp
81305,RIOVT2-RN500,-5.658779,-36.122645,reference-psrbus,reference-psrbus
81306,RVENT1-RN013,-5.717922,-36.012375,interpolated,topology-interp
81307,RVENT2-RN013,-5.736490,-36.031862,interpolated,topology-interp
81312,RVT1-2EOL034,-5.770000,-36.090000,case-existing,case-existing
81313,RIACHA-RN230,-5.552206,-35.444508,reference-psrbus,reference-psrbus
81314,RIACHA-RN034,-5.551103,-35.447254,interpolated,topology-interp
81315,RIACHAEOL034,-5.550000,-35.450000,case-existing,case-existing
81316,BSULB1EOL034,-5.280000,-35.790000,case-existing,case-existing
81317,CABPRBEOL034,-5.510000,-36.000000,case-existing,case-existing
81318,RENASCEOL034,-5.300000,-35.890000,case-existing,case-existing
81319,ASABRAEOL034,-5.300000,-35.970000,case-existing,case-existing
81320,CVENT1EOL034,-5.320000,-35.940000,case-existing,case-existing
81321,MACAC1EOL034,-5.400000,-35.850000,case-existing,case-existing
81322,MVENT2-RN138,-5.359413,-35.892976,interpolated,topology-interp
81323,JC3-T1-RN000,-5.364510,-35.900813,interpolated,topology-interp
81324,JC3-T1-RN013,-5.364576,-35.900778,interpolated,topology-interp
81325,JC3-T2-RN000,-5.352484,-35.882659,interpolated,topology-interp
81326,JC3-T2-RN013,-5.352669,-35.882695,interpolated,topology-interp
81327,JC3-T3-RN000,-5.370941,-35.906927,interpolated,topology-interp
81328,JC3-T3-RN013,-5.370943,-35.906911,interpolated,topology-interp
81329,JC3-T4-RN000,-5.370941,-35.906927,interpolated,topology-interp
81330,JC3-T4-RN013,-5.370943,-35.906911,interpolated,topology-interp
81331,FEIJAO-RN138,-5.359696,-35.994426,interpolated,topology-interp
81332,JCTBP2-RN138,-5.361871,-35.923846,interpolated,topology-interp
81333,JCTBP3-RN138,-5.325191,-35.875348,interpolated,topology-interp
81334,BDF12-EOL034,-5.340000,-36.030000,case-existing,case-existing
81335,RNASCVEOL034,-5.270000,-35.860000,case-existing,case-existing
81336,MVENT2-RN034,-5.369827,-35.874314,interpolated,topology-interp
81337,ODAGUAEOL034,-5.080000,-35.970000,case-existing,case-existing
81338,BPOTB1EOL034,-5.260000,-35.830000,case-existing,case-existing
81339,BDF-T1-RN000,-5.347353,-36.017200,interpolated,topology-interp
81340,BDF-T2-RN000,-5.369853,-36.042200,interpolated,topology-interp
81341,BDF12--RN034,-5.343678,-36.023605,interpolated,topology-interp
81342,BDF34--RN034,-5.338678,-36.033605,interpolated,topology-interp
81343,JE-AR--RN034,-5.359928,-36.071105,interpolated,topology-interp
81344,UMBUZ--RN034,-5.389928,-36.061105,interpolated,topology-interp
81345,JE-AR-EOL034,-5.350000,-36.100000,case-existing,case-existing
81346,UMBUZ-EOL034,-5.410000,-36.080000,case-existing,case-existing
81347,BL-SUL-RN138,-5.302754,-35.843539,interpolated,topology-interp
81348,BL-NOR-RN138,-5.261380,-35.816757,interpolated,topology-interp
81349,BSULB1-RN034,-5.291378,-35.816762,interpolated,topology-interp
81350,BNORB1-RN034,-5.235691,-35.803382,interpolated,topology-interp
81351,BNORB1EOL034,-5.210000,-35.790000,case-existing,case-existing
81352,C.VENT-RN138,-5.345941,-35.934427,interpolated,topology-interp
81353,CVENT1-RN034,-5.342971,-35.942206,interpolated,topology-interp
81354,CVENT2-RN034,-5.332971,-35.937206,interpolated,topology-interp
81355,CVENT1EOL034 034kV-2,-5.340000,-35.950000,case-existing,case-existing
81356,CABPRA-RN034,-5.435471,-35.968456,interpolated,topology-interp
81357,CABPRB-RN034,-5.465471,-35.978456,interpolated,topology-interp
81358,CABEPR-RN138,-5.420941,-35.956927,interpolated,topology-interp
81359,CABPRAEOL034,-5.450000,-35.980000,case-existing,case-existing
81360,BRPOT1-RN138,-5.284984,-35.857659,interpolated,topology-interp
81361,BRPOT2-RN138,-5.373314,-35.886878,interpolated,topology-interp
81362,BPOTB1-RN034,-5.272584,-35.843847,interpolated,topology-interp
81363,BPOTB2-RN034,-5.257584,-35.853847,interpolated,topology-interp
81364,BRPOT2-RN034,-5.421770,-35.898461,interpolated,topology-interp
81365,BPOTB2EOL034,-5.230000,-35.850000,case-existing,case-existing
81366,BRPOT2EOL034,-5.470000,-35.910000,case-existing,case-existing
81367,RENASC-RN034,-5.316381,-35.897188,interpolated,topology-interp
81368,RENASC-RN138,-5.332681,-35.904418,interpolated,topology-interp
81369,ASABRAEOL034 034kV-2,-5.360000,-36.000000,case-existing,case-existing
81370,ASBRA1-RN034,-5.319788,-35.959139,interpolated,topology-interp
81371,ASBRA2-RN034,-5.349788,-35.974139,interpolated,topology-interp
81372,ASABRA-RN138,-5.339510,-35.948313,interpolated,topology-interp
81373,MACAC2EOL034,-5.420000,-35.850000,case-existing,case-existing
81374,MACACO-RN138,-5.367484,-35.862659,interpolated,topology-interp
81375,MACAC1-RN034,-5.383834,-35.856347,interpolated,topology-interp
81376,MACAC2-RN034,-5.393834,-35.856347,interpolated,topology-interp
81377,RNASCV-RN138,-5.306647,-35.870211,interpolated,topology-interp
81378,EURUS2-RN138,-5.346647,-35.860211,interpolated,topology-interp
81379,RNASCV-RN034,-5.288437,-35.865127,interpolated,topology-interp
81380,EURUS2-RN034,-5.368437,-35.845127,interpolated,topology-interp
81381,EURUS2EOL034,-5.390000,-35.830000,case-existing,case-existing
81382,ODAGUA-RN138,-5.243314,-35.906878,interpolated,topology-interp
81383,ODAGUA-RN034,-5.161770,-35.938461,interpolated,topology-interp
81384,BSULB2EOL034,-5.290000,-35.790000,case-existing,case-existing
81385,BSULB2-RN034,-5.296378,-35.816762,interpolated,topology-interp
81386,BNORB2EOL034,-5.230000,-35.790000,case-existing,case-existing
81387,MVENT2EOL034,-5.370000,-35.860000,case-existing,case-existing
81388,BNORB2-RN034,-5.245691,-35.803382,interpolated,topology-interp
81389,BDF34-EOL034,-5.330000,-36.050000,case-existing,case-existing
81390,EUR1.5EOL034,-5.380000,-35.870000,case-existing,case-existing
81391,JCTBP1-RN138,-5.349099,-35.911593,interpolated,topology-interp
81392,U.VENT-RN230,-5.093431,-35.886330,reference-psrbus,reference-psrbus
81393,U.VENT-RN069,-5.093431,-35.886330,reference-psrbus,reference-psrbus
81394,U.VENT-RN034,-5.091715,-35.888165,interpolated,topology-interp
81395,UVENT1EOL034,-5.090000,-35.890000,case-existing,case-existing
81396,UVENT2EOL034,-5.090000,-35.800000,case-existing,case-existing
81397,AVENT2-RN230,-5.310000,-35.833333,interpolated,topology-interp
81398,AVENT2-RN034,-5.320000,-35.796667,interpolated,topology-interp
81399,SMGOST-RN230,-5.293333,-35.833333,interpolated,topology-interp
81400,SMGOST-RN034,-5.286667,-35.796667,interpolated,topology-interp
81401,UVENT-EOL034,-5.280000,-35.760000,case-existing,case-existing
81402,UVENTB-RN034,-5.096715,-35.873165,interpolated,topology-interp
81403,AVENTDEOL034,-5.330000,-35.760000,case-existing,case-existing
81404,UVENT2EOL034 034kV-2,-5.100000,-35.860000,case-existing,case-existing
81405,SCLAR1EOL034,-5.260000,-35.900000,case-existing,case-existing
81406,MVENTOEOL034,-5.350000,-35.880000,case-existing,case-existing
81407,MVENTO-RN069,-5.328329,-35.884255,interpolated,topology-interp
81408,SCLARA-RN069,-5.271552,-35.913502,interpolated,topology-interp
81409,MVENTO-RN034,-5.352776,-35.854751,interpolated,topology-interp
81410,SCLAR1-RN034,-5.265776,-35.906749,interpolated,topology-interp
81411,SCLAR2-RN034,-5.260776,-35.911749,interpolated,topology-interp
81412,SCLAR3-RN034,-5.255776,-35.921749,interpolated,topology-interp
81413,SCLAR2EOL034,-5.250000,-35.910000,case-existing,case-existing
81414,SCLAR3EOL034,-5.240000,-35.930000,case-existing,case-existing
81415,MODELOEOL034,-5.420000,-35.900000,case-existing,case-existing
81416,MODELO-RN034,-5.381293,-35.904584,interpolated,topology-interp
81417,MODELO-RN069,-5.342587,-35.909171,interpolated,topology-interp
81418,TSANT2-RN034,-5.258470,-36.035937,interpolated,topology-interp
81419,TSANT2EOL034,-5.240000,-36.080000,case-existing,case-existing
81420,TSANTA-RN069,-5.276941,-35.991878,interpolated,topology-interp
81421,TSANT1-RN034,-5.268470,-36.025937,interpolated,topology-interp
81422,TSANT1EOL034,-5.260000,-36.060000,case-existing,case-existing
81423,AVENT-EOL034,-5.380000,-35.800000,case-existing,case-existing
81424,CAEABC-BA230,-14.060000,-42.573333,interpolated,topology-interp
81425,ARACAS-BA230,-14.102852,-42.609358,reference-psrbus,reference-psrbus
81426,ARACAS-BA034,-14.096426,-42.604679,interpolated,topology-interp
81428,ARACASEOL034,-14.090000,-42.600000,case-existing,case-existing
81429,MORRAO-BA230,-14.128680,-42.681483,reference-psrbus,reference-psrbus
81430,MORRAO-BA034,-14.134340,-42.685742,interpolated,topology-interp
81431,RENOV2EOL034,-14.140000,-42.690000,case-existing,case-existing
81432,CAETITEOL034,-14.190000,-42.500000,case-existing,case-existing
81433,CAEABCEOL034,-14.120000,-42.480000,case-existing,case-existing
81434,CAETIT-BA230,-14.138099,-42.478715,reference-psrbus,reference-psrbus
81435,CAETIT-BA034,-14.164050,-42.489358,interpolated,topology-interp
81436,CAEABC-BA034,-14.090000,-42.526667,interpolated,topology-interp
81437,PLANAL-BA069,-14.020000,-42.626667,interpolated,topology-interp
81438,PLANAL-BA034,-14.010000,-42.633333,interpolated,topology-interp
81439,NSCONC-BA069,-13.980000,-42.636667,interpolated,topology-interp
81440,NSCONC-BA034,-13.930000,-42.653333,interpolated,topology-interp
81441,NSCONCEOL034,-13.880000,-42.670000,case-existing,case-existing
81442,LICALM-BA069,-14.080000,-42.623333,interpolated,topology-interp
81443,LICALM-BA034,-14.130000,-42.626667,interpolated,topology-interp
81444,LICALMEOL034,-14.180000,-42.630000,case-existing,case-existing
81445,GUIRAP-BA069,-14.090000,-42.630000,interpolated,topology-interp
81446,GUIRAP-BA034,-14.150000,-42.640000,interpolated,topology-interp
81447,GUIRAPEOL034,-14.210000,-42.650000,case-existing,case-existing
81448,ALVORA-BA069,-14.076667,-42.613333,interpolated,topology-interp
81449,ALVORA-BA034,-14.123333,-42.606667,interpolated,topology-interp
81450,ALVORAEOL034,-14.170000,-42.600000,case-existing,case-existing
81451,CDVENT-BA069,-13.990000,-42.620000,interpolated,topology-interp
81452,CDVENT-BA034,-13.950000,-42.620000,interpolated,topology-interp
81453,PLANALEOL034,-14.000000,-42.640000,case-existing,case-existing
81454,CDVENTEOL034,-13.910000,-42.620000,case-existing,case-existing
81455,QUINB2-BA034,-14.045136,-42.650494,interpolated,topology-interp
81456,QUINA--BA500,-14.023561,-42.616960,interpolated,topology-interp
81457,ABILII-BA034,-14.368460,-42.569007,interpolated,topology-interp
81458,QUINA--BA230,-14.110338,-42.630971,interpolated,topology-interp
81459,QUINA1EOL034,-14.020000,-42.670000,case-existing,case-existing
81460,QUINA2EOL034,-13.980000,-42.670000,case-existing,case-existing
81461,QUINA--BA013,-14.067121,-42.623919,interpolated,topology-interp
81462,QUINT1-BA000,-14.066912,-42.623975,interpolated,topology-interp
81463,ABILII-BA230,-14.353839,-42.576029,reference-psrbus,reference-psrbus
81464,QUINB1-BA034,-14.065136,-42.650494,interpolated,topology-interp
81465,PDAGUAEOL034,-14.540000,-42.580000,case-existing,case-existing
81466,CEDRO-EOL034,-14.330000,-42.570000,case-existing,case-existing
81467,VELLOZEOL034,-14.250000,-42.550000,case-existing,case-existing
81468,TAMBOI-BA230,-14.020194,-42.653989,interpolated,topology-interp
81469,TAMBOI-BA034,-13.930156,-42.676979,interpolated,topology-interp
81470,TAMBOIEOL034,-13.840000,-42.700000,case-existing,case-existing
81471,ACAET1-BA034,-13.741250,-42.581250,interpolated,topology-interp
81472,TAMBIIEOL034,-13.890000,-42.690000,case-existing,case-existing
81473,A.CAETEOL034,-13.660000,-42.570000,case-existing,case-existing
81474,CNORB1-BA034,-14.088333,-42.530000,interpolated,topology-interp
81475,CNORB1EOL034,-14.090000,-42.510000,case-existing,case-existing
81476,ACAET2-BA034,-13.746250,-42.586250,interpolated,topology-interp
81477,A.CAETEOL034 034kV-2,-13.670000,-42.580000,case-existing,case-existing
81478,CAENOR-BA230,-14.033333,-42.580000,interpolated,topology-interp
81479,TAMBII-BA230,-13.888834,-42.692537,reference-psrbus,reference-psrbus
81480,TAMBII-BA034,-13.889417,-42.691268,interpolated,topology-interp
81481,CNORB2-BA034,-14.138333,-42.540000,interpolated,topology-interp
81482,CNORB2EOL034,-14.190000,-42.530000,case-existing,case-existing
81483,CNO-T1-BA000,-14.086667,-42.550000,interpolated,topology-interp
81484,A.CAET-BA230,-13.822500,-42.592500,interpolated,topology-interp
81485,GPEXPAEOL034,-14.380000,-42.620000,case-existing,case-existing
81486,ABIL-I-BA034,-14.308571,-42.562857,interpolated,topology-interp
81487,GPEXPAEOL034 034kV-2,-14.410000,-42.650000,case-existing,case-existing
81488,FSERR1EOL034,-14.550000,-42.580000,case-existing,case-existing
81489,FSERR2EOL034,-14.560000,-42.580000,case-existing,case-existing
81490,ABILI1EOL034,-14.310000,-42.560000,case-existing,case-existing
81491,ABILI2EOL034,-14.290000,-42.560000,case-existing,case-existing
81492,PND12-EOL034,-14.430000,-42.650000,case-existing,case-existing
81493,ABIL-I-BA230,-14.364286,-42.591429,interpolated,topology-interp
81494,FSERRA-BA230,-14.474000,-42.604000,interpolated,topology-interp
81495,FSERRA-BA034,-14.528000,-42.588000,interpolated,topology-interp
81496,GPEXPA-BA034,-14.400952,-42.634286,interpolated,topology-interp
81497,GPEXPB-BA034,-14.417619,-42.644286,interpolated,topology-interp
81498,ABILI3EOL034,-14.270000,-42.540000,case-existing,case-existing
81499,PND34-EOL034,-14.410000,-42.650000,case-existing,case-existing
81500,GPEXPA-BA230,-14.412857,-42.632857,interpolated,topology-interp
81501,BWG1B1EOL034,-14.340000,-42.590000,case-existing,case-existing
81502,CAETIT-BA069,-14.450000,-42.600000,interpolated,topology-interp
81503,PELOUR-BA069,-14.453333,-42.610000,interpolated,topology-interp
81504,CAETB1-BA034,-14.460000,-42.590000,interpolated,topology-interp
81505,PELOUR-BA034,-14.486667,-42.600000,interpolated,topology-interp
81506,CAETB1EOL034,-14.470000,-42.580000,case-existing,case-existing
81507,BWGUI1-BA069,-14.380000,-42.607500,interpolated,topology-interp
81508,PELOUREOL034,-14.520000,-42.590000,case-existing,case-existing
81509,BWGUI2-BA069,-14.415000,-42.620000,interpolated,topology-interp
81510,BWG1B1-BA034,-14.360000,-42.598750,interpolated,topology-interp
81511,BWG2B1-BA034,-14.427500,-42.625000,interpolated,topology-interp
81512,BWG2B1EOL034,-14.440000,-42.630000,case-existing,case-existing
81513,CAETB2EOL034,-14.490000,-42.580000,case-existing,case-existing
81514,CAETB2-BA034,-14.470000,-42.590000,interpolated,topology-interp
81515,BWG1B2-BA034,-14.360000,-42.603750,interpolated,topology-interp
81516,BWG1B2EOL034,-14.340000,-42.600000,case-existing,case-existing
81517,BWG2B2-BA034,-14.397500,-42.615000,interpolated,topology-interp
81518,BWG2B2EOL034,-14.380000,-42.610000,case-existing,case-existing
81519,MCPSUL-BA500,-11.639817,-41.367024,interpolated,topology-interp
81520,VSEG21-BA034,-11.545000,-41.327720,interpolated,topology-interp
81521,VSESPA-BA000,-11.606962,-41.347046,interpolated,topology-interp
81522,VSESPB-BA000,-11.583366,-41.333938,interpolated,topology-interp
81523,VSESPC-BA000,-11.579852,-41.329367,interpolated,topology-interp
81524,VSESPD-BA000,-11.591766,-41.337445,interpolated,topology-interp
81525,VSESPD-BA013,-11.594199,-41.338548,interpolated,topology-interp
81526,VSEG17EOL034,-11.540000,-41.300000,case-existing,case-existing
81527,VSES13-BA034,-11.582621,-41.355518,interpolated,topology-interp
81528,VSESPE-BA000,-11.606405,-41.355891,interpolated,topology-interp
81529,VSESPF-BA000,-11.577852,-41.344378,interpolated,topology-interp
81530,VSESPG-BA000,-11.587201,-41.351998,interpolated,topology-interp
81531,VSESPD-BA000 999kV-2,-11.594870,-41.353002,interpolated,topology-interp
81532,VSESPD-BA013 013kV-2,-11.597732,-41.354418,interpolated,topology-interp
81533,VSES13EOL034,-11.580000,-41.360000,case-existing,case-existing
81534,VSEG17-BA034,-11.559108,-41.314309,interpolated,topology-interp
81535,VSEG15-BA034,-11.567602,-41.327386,interpolated,topology-interp
81536,VSEG15EOL034,-11.550000,-41.320000,case-existing,case-existing
81537,VSEG21EOL034,-11.510000,-41.310000,case-existing,case-existing
81538,SBABILEOL034,-11.070000,-41.320000,case-existing,case-existing
81539,SBABIL-BA230,-11.103294,-41.328988,reference-psrbus,reference-psrbus
81541,SBABILEOL034 034kV-2,-11.080000,-41.310000,case-existing,case-existing
81542,BABILO-BA230,-10.970332,-41.228825,reference-psrbus,reference-psrbus
81543,BABIL1-BA034,-10.955166,-41.229413,interpolated,topology-interp
81544,BABIL2-BA034,-10.980166,-41.224413,interpolated,topology-interp
81545,BABIL2EOL034,-10.990000,-41.220000,case-existing,case-existing
81546,MCSUL1EOL034,-11.660000,-41.360000,case-existing,case-existing
81547,DRIDAMEOL034,-11.840000,-41.470000,case-existing,case-existing
81548,SDB-AF-BA034,-11.121647,-41.329494,interpolated,topology-interp
81549,SDBAF-EOL034,-11.140000,-41.330000,case-existing,case-existing
81550,VBAHI3-BA034,-12.099338,-41.499892,interpolated,topology-interp
81551,VBAHI3EOL034,-12.100000,-41.500000,case-existing,case-existing
81552,VBAHI3-BA230,-12.098014,-41.499677,reference-psrbus,reference-psrbus
81553,VBAHI3-BA013,-12.098676,-41.499784,interpolated,topology-interp
81554,VBAHI3-BA000,-12.098676,-41.499784,interpolated,topology-interp
81555,MCHSUL-BA230,-11.667500,-41.360000,interpolated,topology-interp
81556,MCS--1-BA034,-11.663750,-41.360000,interpolated,topology-interp
81557,MCSUL--BA034,-11.628750,-41.320000,interpolated,topology-interp
81558,MCSUL2EOL034,-11.590000,-41.280000,case-existing,case-existing
81559,SAZUL1-BA034,-11.812500,-41.448750,interpolated,topology-interp
81560,SAZUL2-BA034,-11.832500,-41.433750,interpolated,topology-interp
81561,BABIL1EOL034,-10.940000,-41.230000,case-existing,case-existing
81562,SAZUL--BA230,-11.785000,-41.427500,interpolated,topology-interp
81563,MANESPEOL034,-11.880000,-41.440000,case-existing,case-existing
81564,VBAHI2EOL034,-11.990000,-41.510000,case-existing,case-existing
81565,VBAHI2-BA230,-11.981514,-41.490455,reference-psrbus,reference-psrbus
81566,VBAHI2-BA034,-11.985757,-41.500228,interpolated,topology-interp
81567,SBABI1-BA034,-11.086647,-41.324494,interpolated,topology-interp
81568,SBABI2-BA034,-11.091647,-41.319494,interpolated,topology-interp
81569,CRISTAEOL034,-11.700000,-41.370000,case-existing,case-existing
81570,CR-PRI-BA034,-11.741667,-41.381667,interpolated,topology-interp
81571,CR-SJU-BA034,-11.711667,-41.376667,interpolated,topology-interp
81572,CRISTA-BA069,-11.723333,-41.383333,interpolated,topology-interp
81573,CRISTAEOL034 034kV-2,-11.760000,-41.380000,case-existing,case-existing
81575,ARI-T1-BA000,-9.764497,-41.018094,interpolated,topology-interp
81576,ARI--2-BA034,-9.772249,-41.014047,interpolated,topology-interp
81577,ARI-2-EOL034,-9.780000,-41.010000,case-existing,case-existing
81578,ARIZON-BA500,-9.748995,-41.006187,reference-psrbus,reference-psrbus
81579,ARI--1-BA034,-9.772249,-41.034047,interpolated,topology-interp
81580,ARI-1-EOL034,-9.780000,-41.050000,case-existing,case-existing
81581,PEDBR1EOL034,-9.870000,-41.100000,case-existing,case-existing
81582,PEDBR2-BA034,-9.766154,-41.014615,interpolated,topology-interp
81583,PEDBR2EOL034,-9.860000,-41.060000,case-existing,case-existing
81584,BARAU1EOL034,-9.890000,-41.120000,case-existing,case-existing
81585,CNOVB-EOL034,-9.290000,-41.040000,case-existing,case-existing
81586,C.NOVAEOL034,-9.260000,-41.020000,case-existing,case-existing
81587,CNOVA2-BA230,-9.371429,-40.922857,interpolated,topology-interp
81588,CNOVA2-BA034,-9.302857,-41.015714,interpolated,topology-interp
81589,CNOVA-EOL034,-9.290000,-41.080000,case-existing,case-existing
81590,PEDRBR-BA230,-9.672308,-40.969231,interpolated,topology-interp
81591,PEDBR1-BA034,-9.810769,-41.063077,interpolated,topology-interp
81592,HSOLF2-BA034,-9.533333,-40.440000,interpolated,topology-interp
81593,HUMAI2-BA230,-9.506667,-40.460000,interpolated,topology-interp
81594,JSOLAB-BA034,-9.520899,-40.480907,interpolated,topology-interp
81595,JSOLARUFV034,-9.530000,-40.480000,case-existing,case-existing
81596,DELF-1-BA034,-10.013832,-40.935600,interpolated,topology-interp
81597,DELFI2EOL034,-10.020000,-40.930000,case-existing,case-existing
81598,JSOLAB-BA013,-9.511797,-40.481813,interpolated,topology-interp
81599,JSOLAB-BA000,-9.511813,-40.481817,interpolated,topology-interp
81600,JSOLAR-BA230,-9.502718,-40.482725,interpolated,topology-interp
81601,JSOLAR-BA034,-9.516362,-40.486363,interpolated,topology-interp
81602,DELFI1EOL034,-10.020000,-40.940000,case-existing,case-existing
81603,DELFIN-BA230,-10.007664,-40.931201,reference-psrbus,reference-psrbus
81604,JSOLARUFV034 034kV-2,-9.530000,-40.490000,case-existing,case-existing
81605,DELF-2-BA034,-10.013832,-40.930600,interpolated,topology-interp
81606,HSOLF2UFV034,-9.560000,-40.420000,case-existing,case-existing
81607,FLA-T1-BA000,-10.356884,-40.438310,interpolated,topology-interp
81608,FLA-T2-BA000,-10.336884,-40.438310,interpolated,topology-interp
81609,VSJA22EOL034,-10.460000,-40.490000,case-existing,case-existing
81610,VSJN1-EOL034,-10.360000,-40.440000,case-existing,case-existing
81611,FSUL---BA230,-10.393129,-40.456445,interpolated,topology-interp
81612,FSUL-1-BA034,-10.424349,-40.472135,interpolated,topology-interp
81613,VSJN2-EOL034,-10.300000,-40.440000,case-existing,case-existing
81614,FLARGA-BA230,-10.355325,-40.437465,reference-psrbus,reference-psrbus
81615,FSUL-2-BA034,-10.437682,-40.478801,interpolated,topology-interp
81616,VSJA21EOL034,-10.440000,-40.480000,case-existing,case-existing
81617,FSUL-1-BA013,-10.408697,-40.464269,interpolated,topology-interp
81618,FSUL-2-BA013,-10.415364,-40.467603,interpolated,topology-interp
81619,FLS-T1-BA000,-10.408725,-40.464283,interpolated,topology-interp
81620,FLS-T2-BA000,-10.415392,-40.467616,interpolated,topology-interp
81621,FLAR-1-BA034,-10.358442,-40.439155,interpolated,topology-interp
81622,FLAR-2-BA034,-10.318442,-40.439155,interpolated,topology-interp
81623,FLAR-1-BA013,-10.356884,-40.438310,interpolated,topology-interp
81624,FLAR-2-BA013,-10.336884,-40.438310,interpolated,topology-interp
81625,BROTAS-BA034,-12.310000,-42.345000,interpolated,topology-interp
81626,BROTASEOL034,-12.310000,-42.350000,case-existing,case-existing
81628,MORRO-EOL034,-12.240000,-42.380000,case-existing,case-existing
81629,MORRO--BA034,-12.275000,-42.360000,interpolated,topology-interp
81631,ASSURU-BA138,-11.194434,-42.539971,interpolated,topology-interp
81632,ASSURU-BA034,-11.197212,-42.629974,interpolated,topology-interp
81633,G.OUR1EOL034,-11.120000,-42.690000,case-existing,case-existing
81634,GOI-B1-BA034,-11.155823,-42.569983,interpolated,topology-interp
81635,G.OUR1-BA138,-11.191632,-42.449963,interpolated,topology-interp
81636,G.OUR1EOL034 034kV-2,-11.120000,-42.680000,case-existing,case-existing
81637,G.OUR1EOL034 034kV-3,-11.200000,-42.720000,case-existing,case-existing
81638,GOI-B2-BA034,-11.172327,-42.459986,interpolated,topology-interp
81639,S.GABR-BA230,-11.182500,-41.765000,interpolated,topology-interp
81640,S.GAB1-BA034,-11.136250,-41.767500,interpolated,topology-interp
81641,S.GAB2-BA034,-11.101250,-41.717500,interpolated,topology-interp
81642,S.GAB1EOL034,-11.090000,-41.770000,case-existing,case-existing
81643,S.GAB2EOL034,-11.020000,-41.670000,case-existing,case-existing
81644,G.OUR1-BA230,-11.224660,-42.239984,interpolated,topology-interp
81645,LAPA23UFV034,-13.320000,-43.360000,case-existing,case-existing
81646,LAPA23-BA034,-13.316667,-43.356667,interpolated,topology-interp
81647,LAPA23-BA230,-13.313333,-43.353333,interpolated,topology-interp
81648,SPEDROUFV034,-13.320000,-43.300000,case-existing,case-existing
81649,SPEDRO-BA034,-13.316667,-43.316667,interpolated,topology-interp
81650,BJL411UFV034,-13.320000,-43.350000,case-existing,case-existing
81651,SPEDRO-BA069,-13.313333,-43.333333,interpolated,topology-interp
81652,BJS1E2UFV034,-13.300000,-43.320000,case-existing,case-existing
81653,PAJEU-UFV034,-13.340000,-43.350000,case-existing,case-existing
81654,PAJEU--BA069,-13.320000,-43.350000,interpolated,topology-interp
81655,PAJEU--BA034,-13.330000,-43.350000,interpolated,topology-interp
81656,BJL2E6UFV034,-13.313333,-43.350000,interpolated,topology-interp
81657,BJL411-CE034,-13.316667,-43.350000,interpolated,topology-interp
81658,BJL411-CE069,-13.313333,-43.350000,interpolated,topology-interp
81659,BJS1E2-CE034,-13.303333,-43.330000,interpolated,topology-interp
81660,BJS1E2-CE069,-13.306667,-43.340000,interpolated,topology-interp
81661,LUZEI2-BA230,-13.336667,-43.296667,interpolated,topology-interp
81662,LUZEI2-BA034,-13.363333,-43.253333,interpolated,topology-interp
81663,LUZEI2UFV034,-13.390000,-43.210000,case-existing,case-existing
81664,LUZEI--BA230,-13.323333,-43.316667,interpolated,topology-interp
81665,LUZEI--BA034,-13.336667,-43.293333,interpolated,topology-interp
81666,LUZEI-UFV034,-13.350000,-43.270000,case-existing,case-existing
81667,NEWER1-BA500,-12.173983,-44.783557,interpolated,topology-interp
81668,NEWER1UFV034,-12.181950,-44.730670,reference-psrbus,reference-psrbus
81669,SSBARD-BA000,-12.095637,-44.986653,interpolated,topology-interp
81670,BARRE3-BA500,-12.138823,-44.884814,interpolated,topology-interp
81671,SSBARD-BA013,-12.096468,-44.984242,interpolated,topology-interp
81672,SSBG15EOL034,-12.060000,-45.090000,case-existing,case-existing
81673,SSBG15-BA034,-12.074567,-45.047757,interpolated,topology-interp
81674,SSBARB-BA000,-12.088514,-45.007310,interpolated,topology-interp
81675,SSBARB-BA000 999kV-2,-12.084265,-45.011832,interpolated,topology-interp
81676,SSBARA-BA000,-12.108265,-44.957832,interpolated,topology-interp
81677,SSBG19-BA034,-12.066823,-45.046814,interpolated,topology-interp
81678,NEWER1-BA034,-12.177967,-44.757113,interpolated,topology-interp
81679,SSBG19EOL034,-12.050000,-45.080000,case-existing,case-existing
81680,S.BARR-BA069,-12.100000,-44.990000,interpolated,topology-interp
81681,S.BARR-BA034,-12.070000,-45.030000,interpolated,topology-interp
81682,S.BARRUFV034,-12.040000,-45.070000,case-existing,case-existing
81683,HSOLF1UFV034,-9.550000,-40.430000,case-existing,case-existing
81684,HSOLF1-BA034,-9.530000,-40.460000,interpolated,topology-interp
81685,HUMAIT-BA230,-9.510000,-40.490000,interpolated,topology-interp
81686,CHAP-1-PI034,-7.465000,-40.750000,interpolated,topology-interp
81687,CHAP-2-PI034,-7.475000,-40.755000,interpolated,topology-interp
81688,CP21.8EOL034,-7.450000,-40.740000,case-existing,case-existing
81689,CP21.7EOL034,-7.470000,-40.750000,case-existing,case-existing
81690,ZACA3-EOL034,-7.640000,-40.650000,case-existing,case-existing
81691,ZACA4-EOL034,-7.560000,-40.670000,case-existing,case-existing
81692,ARAT22-PI013,-7.750234,-40.655685,interpolated,topology-interp
81693,ARA4---PI500,-7.870372,-40.652005,interpolated,topology-interp
81694,ARA4-1-PI034,-7.720370,-40.679976,interpolated,topology-interp
81695,ZACA1-EOL034,-7.690000,-40.690000,case-existing,case-existing
81697,ARA4-2-PI034,-7.679544,-40.669131,interpolated,topology-interp
81698,ARAT11-PI013,-7.756743,-40.665742,interpolated,topology-interp
81699,ARAT12-PI013,-7.779144,-40.663726,interpolated,topology-interp
81700,ARAT11-PI000,-7.800009,-40.661897,interpolated,topology-interp
81701,ARAT12-PI000,-7.750350,-40.670001,interpolated,topology-interp
81702,ARAT13-PI000,-7.729216,-40.668255,interpolated,topology-interp
81703,ARAT14-PI000,-7.754726,-40.665928,interpolated,topology-interp
81704,ARAT15-PI000,-7.779840,-40.663683,interpolated,topology-interp
81705,ARA4-3-PI034,-7.677503,-40.652618,interpolated,topology-interp
81706,ARA4-4-PI034,-7.623164,-40.664476,interpolated,topology-interp
81707,ARAT21-PI013,-7.720975,-40.657164,interpolated,topology-interp
81708,ARAT21-PI000,-7.778461,-40.654311,interpolated,topology-interp
81709,ARAT22-PI000,-7.714623,-40.655260,interpolated,topology-interp
81710,ARAT23-PI000,-7.686602,-40.658947,interpolated,topology-interp
81711,ARAT24-PI000,-7.718818,-40.657282,interpolated,topology-interp
81712,ARAT25-PI000,-7.751155,-40.655646,interpolated,topology-interp
81713,ZACA2-EOL034,-7.630000,-40.670000,case-existing,case-existing
81714,EDWIGE-PI034,-7.332544,-40.553481,interpolated,topology-interp
81715,SBASIL-PI230,-7.397632,-40.580444,reference-psrbus,reference-psrbus
81717,EDWIGEEOL034,-7.300000,-40.540000,case-existing,case-existing
81719,SBASIL-PI138,-7.397632,-40.580444,reference-psrbus,reference-psrbus
81720,VPIII2-PI013,-8.005177,-40.578017,interpolated,topology-interp
81721,ARA3---PI230,-7.897971,-40.652405,interpolated,topology-interp
81722,ARA3-C-PI034,-7.782571,-40.671286,interpolated,topology-interp
81723,ARA3-D-PI034,-7.790801,-40.695127,interpolated,topology-interp
81724,ARA3-B-PI034,-7.768298,-40.655601,interpolated,topology-interp
81725,ARA3-A-PI034,-7.783298,-40.645601,interpolated,topology-interp
81726,AR3T11-PI000,-7.848525,-40.666077,interpolated,topology-interp
81727,ARA3T2-PI000,-7.816961,-40.651221,interpolated,topology-interp
81728,ARA3C-EOL034,-7.750000,-40.670000,case-existing,case-existing
81729,ARA3D-EOL034,-7.770000,-40.710000,case-existing,case-existing
81730,ARA3B-EOL034,-7.720000,-40.660000,case-existing,case-existing
81731,ARA3A-EOL034,-7.750000,-40.640000,case-existing,case-existing
81732,VERONI-PI138,-7.374579,-40.578266,interpolated,topology-interp
81733,VERONI-PI034,-7.351526,-40.576089,interpolated,topology-interp
81734,VPII1--PI013,-8.033833,-40.686853,interpolated,topology-interp
81735,VERONIEOL034,-7.340000,-40.590000,case-existing,case-existing
81736,VPII2--PI000,-8.032561,-40.691238,interpolated,topology-interp
81737,VPII4--PI000,-8.035069,-40.682466,interpolated,topology-interp
81738,VPII3--PI000,-8.033823,-40.686823,interpolated,topology-interp
81739,VPII5--PI000,-8.033823,-40.679354,interpolated,topology-interp
81740,VPII2--PI013,-8.033833,-40.679315,interpolated,topology-interp
81741,VPIII2-PI000,-7.999543,-40.581939,interpolated,topology-interp
81742,VPIII3-PI000,-8.001014,-40.573105,interpolated,topology-interp
81743,VPIII4-PI000,-8.002466,-40.564382,interpolated,topology-interp
81744,CHAPNH-PI230,-8.018462,-40.628462,interpolated,topology-interp
81745,CG2B1-UFV034,-7.380000,-40.570000,case-existing,case-existing
81746,SDP---UFV034,-8.020000,-40.610000,case-existing,case-existing
81747,VSVB1-EOL034,-8.010000,-40.640000,case-existing,case-existing
81748,VSVB2-EOL034,-8.000000,-40.610000,case-existing,case-existing
81749,CHAPN1-PI034,-8.016154,-40.626154,interpolated,topology-interp
81750,CHAPN2-PI034,-8.009231,-40.619231,interpolated,topology-interp
81751,VPIII5-PI000,-8.005163,-40.578085,interpolated,topology-interp
81752,CG2B2-UFV034,-7.340000,-40.560000,case-existing,case-existing
81753,SAMARO-PI138,-7.391755,-40.576963,interpolated,topology-interp
81754,SAMARO-PI034,-7.385877,-40.573481,interpolated,topology-interp
81755,VPII---PI230,-8.031282,-40.658120,interpolated,topology-interp
81756,VPII1--PI000,-8.032561,-40.676201,interpolated,topology-interp
81757,VPII1--PI034,-8.031282,-40.710598,interpolated,topology-interp
81758,VPII2--PI034,-8.037535,-40.681233,interpolated,topology-interp
81759,AR3T12-PI000,-7.813620,-40.672507,interpolated,topology-interp
81760,AR3T13-PI000,-7.812851,-40.680319,interpolated,topology-interp
81761,AR3T14-PI000,-7.829633,-40.673133,interpolated,topology-interp
81766,AR3-T1-PI013,-7.831686,-40.673220,interpolated,topology-interp
81767,VPII--EOL034,-8.030000,-40.730000,case-existing,case-existing
81768,VPII--EOL034 034kV-2,-8.040000,-40.680000,case-existing,case-existing
81769,VPIII--PI230,-8.018936,-40.615953,interpolated,topology-interp
81770,VPIII1-PI000,-8.007897,-40.591964,interpolated,topology-interp
81771,VPIII1-PI034,-7.989782,-40.580968,interpolated,topology-interp
81772,VPIII2-PI034,-8.001233,-40.542186,interpolated,topology-interp
81773,VPIII-EOL034,-7.980000,-40.580000,case-existing,case-existing
81774,VPIII-EOL034 034kV-2,-8.000000,-40.520000,case-existing,case-existing
81775,VPIII1-PI013,-8.000990,-40.572991,interpolated,topology-interp
81778,EDWIGE-PI138,-7.365088,-40.566963,interpolated,topology-interp
81779,AGRPOT-RN034,-5.390000,-36.094286,interpolated,topology-interp
81780,AGRPOTEOL034,-5.380000,-36.110000,case-existing,case-existing
81781,AGRPT1-RN000,-5.400000,-36.078571,interpolated,topology-interp
81782,AGRPT1-RN006,-5.400000,-36.078571,interpolated,topology-interp
81783,SGONT3-PI013,-10.015812,-45.295202,interpolated,topology-interp
81784,SGON-2UFV034,-10.110000,-45.280000,case-existing,case-existing
81785,SGT1-1-PI000,-9.992200,-45.302406,interpolated,topology-interp
81786,SGT2-1-PI000,-9.994136,-45.304343,interpolated,topology-interp
81787,SGON-2-PI034,-10.076664,-45.286242,interpolated,topology-interp
81788,SGON-3-PI034,-10.072549,-45.294084,interpolated,topology-interp
81789,SGON-4-PI034,-10.077852,-45.287429,interpolated,topology-interp
81790,SGON-3UFV034,-10.110000,-45.290000,case-existing,case-existing
81791,SGON-4UFV034,-10.110000,-45.280000,case-existing,case-existing
81792,SGON-1UFV034,-10.100000,-45.280000,case-existing,case-existing
81793,SGON-5UFV034,-10.110000,-45.280000,case-existing,case-existing
81794,SGON-5-PI034,-10.072549,-45.286040,interpolated,topology-interp
81795,SGONT1-PI013,-10.013698,-45.298199,interpolated,topology-interp
81796,SGONT2-PI013,-10.015812,-45.300313,interpolated,topology-interp
81797,SGT1-2-PI000,-10.035709,-45.293694,interpolated,topology-interp
81798,SGT1-3-PI000,-10.039780,-45.293119,interpolated,topology-interp
81799,SGT1-4-PI000,-10.019384,-45.297167,interpolated,topology-interp
81800,SGT3-1-PI000,-9.994136,-45.300609,interpolated,topology-interp
81801,SGT2-2-PI000,-10.039452,-45.297437,interpolated,topology-interp
81802,SGT2-3-PI000,-10.042101,-45.295441,interpolated,topology-interp
81803,SGON-6UFV034,-10.110000,-45.270000,case-existing,case-existing
81804,SGON-6-PI034,-10.077852,-45.279176,interpolated,topology-interp
81805,SGT2-4-PI000,-10.021564,-45.299348,interpolated,topology-interp
81806,SGT3-2-PI000,-10.039452,-45.291331,interpolated,topology-interp
81807,SGT3-3-PI000,-10.042101,-45.288960,interpolated,topology-interp
81808,SGT3-4-PI000,-10.021564,-45.294211,interpolated,topology-interp
81809,S.GONC-PI500,-9.935678,-45.313820,interpolated,topology-interp
81810,SGON-1-PI034,-10.065702,-45.287237,interpolated,topology-interp
81811,CANUD2-BA034,-10.153469,-38.641809,interpolated,topology-interp
81812,CNDT11-BA013,-10.152089,-38.631109,interpolated,topology-interp
81813,CNDT12-BA013,-10.150703,-38.620358,interpolated,topology-interp
81814,CNDT11-BA000,-10.149689,-38.612492,interpolated,topology-interp
81815,CNDT12-BA000,-10.155244,-38.655570,interpolated,topology-interp
81816,CNDT13-BA000,-10.153623,-38.643002,interpolated,topology-interp
81817,CNDT14-BA000,-10.152022,-38.630587,interpolated,topology-interp
81818,CNDT15-BA000,-10.150840,-38.621420,interpolated,topology-interp
81819,CANUDO-BA500,-10.143114,-38.561506,reference-psrbus,reference-psrbus
81820,CANUD1-BA034,-10.162625,-38.712806,interpolated,topology-interp
81821,CANUD1EOL034,-10.170000,-38.770000,case-existing,case-existing
81822,CANU-2-BA034,-10.156557,-38.675753,interpolated,topology-interp
81823,CANUDOEOL034,-10.170000,-38.790000,case-existing,case-existing
81824,CMAM---MG138,-18.860000,-49.018000,interpolated,topology-interp
81825,CMAM12-MG034,-18.875000,-49.024000,interpolated,topology-interp
81826,CMAM34-MG034,-18.880000,-49.024000,interpolated,topology-interp
81827,CMAM56-MG034,-18.885000,-49.024000,interpolated,topology-interp
81828,MAM12-UFV034,-18.890000,-49.030000,case-existing,case-existing
81829,MAM34-UFV034,-18.900000,-49.030000,case-existing,case-existing
81830,MAM56-UFV034,-18.910000,-49.030000,case-existing,case-existing
81831,CARX34-MG034,-19.768750,-46.878750,interpolated,topology-interp
81832,ARX12-UFV034,-19.780000,-46.830000,case-existing,case-existing
81833,ARX34-UFV034,-19.790000,-46.840000,case-existing,case-existing
81834,CARX---MG138,-19.747500,-46.917500,interpolated,topology-interp
81835,CARX12-MG034,-19.763750,-46.873750,interpolated,topology-interp
81836,JAIB3-UFV034,-15.340000,-43.620000,case-existing,case-existing
81837,JAICOL-MG034,-15.438000,-43.570000,interpolated,topology-interp
81838,AGV7B-UFV034,-19.870000,-50.370000,case-existing,case-existing
81839,AGV7A-UFV034,-19.870000,-50.370000,case-existing,case-existing
81840,BHORA-UFV034,-19.880000,-50.560000,case-existing,case-existing
81841,AVERM-UFV034,-19.880000,-50.380000,case-existing,case-existing
81842,AGVFV--SP138,-19.942519,-50.419787,interpolated,topology-interp
81843,AGVFV--SP034,-19.897504,-50.389926,interpolated,topology-interp
81844,BHORA--SP034,-19.912510,-50.459880,interpolated,topology-interp
81845,PEDFV--SP034,-20.213540,-50.062788,interpolated,topology-interp
81846,PEDRA-UFV034,-20.200000,-50.040000,case-existing,case-existing
81847,ARAXA-UFV034,-19.770000,-47.040000,case-existing,case-existing
81848,HV1-M5-MG000,-17.559343,-44.683277,interpolated,topology-interp
81849,HV1-M4-MG000,-17.554325,-44.693456,interpolated,topology-interp
81850,HV1-M1-MG000,-17.564270,-44.673326,interpolated,topology-interp
81851,HV1-M2-MG000,-17.553384,-44.696887,interpolated,topology-interp
81852,HV1-M3-MG000,-17.549104,-44.704085,interpolated,topology-interp
81853,HV2-M1-MG000,-17.550193,-44.698177,interpolated,topology-interp
81854,HV2-M2-MG000,-17.529167,-44.740522,interpolated,topology-interp
81855,HV6A8-UFV034,-17.500000,-44.810000,case-existing,case-existing
81856,HV2-S1-MG034,-17.514602,-44.775218,interpolated,topology-interp
81857,HV2-M3-MG000,-17.522553,-44.748494,interpolated,topology-interp
81858,HV8A10UFV034,-17.490000,-44.800000,case-existing,case-existing
81859,HV2-S2-MG034,-17.506323,-44.774154,interpolated,topology-interp
81860,HV2-M4-MG000,-17.532100,-44.731008,interpolated,topology-interp
81861,HV2-T1-MG013,-17.532121,-44.730929,interpolated,topology-interp
81862,HV2-M5-MG000,-17.541247,-44.714349,interpolated,topology-interp
81863,HV2-T2-MG013,-17.541375,-44.714095,interpolated,topology-interp
81864,HV1-S1-MG034,-17.546700,-44.713423,interpolated,topology-interp
81865,HV1-S2-MG034,-17.539576,-44.721990,interpolated,topology-interp
81866,HV1A3-UFV034,-17.540000,-44.730000,case-existing,case-existing
81867,HV3A5-UFV034,-17.530000,-44.740000,case-existing,case-existing
81868,HV1-T1-MG013,-17.554330,-44.693432,interpolated,topology-interp
81869,HV1-T2-MG013,-17.559410,-44.683134,interpolated,topology-interp
81870,CDB-1A-MG034,-16.257083,-43.492917,interpolated,topology-interp
81871,CDB-1B-MG034,-16.257083,-43.492917,interpolated,topology-interp
81872,CDB-T1-MG000,-16.464167,-43.535833,interpolated,topology-interp
81873,CDB-2A-MG034,-16.249583,-43.485417,interpolated,topology-interp
81874,CDB-2B-MG034,-16.249583,-43.485417,interpolated,topology-interp
81875,CDB-T2-MG000,-16.459167,-43.530833,interpolated,topology-interp
81876,DB-1A-UFV034,-16.050000,-43.450000,case-existing,case-existing
81877,DB-1B-UFV034,-16.050000,-43.450000,case-existing,case-existing
81878,DB-2A-UFV034,-16.040000,-43.440000,case-existing,case-existing
81879,DB-2B-UFV034,-16.040000,-43.440000,case-existing,case-existing
81880,CASFV1-SP034,-20.777801,-51.529628,interpolated,topology-interp
81881,CAST1-UFV034,-20.790000,-51.530000,case-existing,case-existing
81882,CAST2-UFV034,-20.790000,-51.520000,case-existing,case-existing
81883,CASFV2-SP034,-20.777801,-51.524628,interpolated,topology-interp
81884,CAURO5UFV034,-14.800000,-43.640000,case-existing,case-existing
81885,CAURO6UFV034,-14.780000,-43.630000,case-existing,case-existing
81886,CAURO7UFV034,-14.770000,-43.630000,case-existing,case-existing
81887,CAURO8UFV034,-14.790000,-43.640000,case-existing,case-existing
81888,CAUROR-MG500,-15.716038,-45.951939,reference-psrbus,reference-psrbus
81889,CAURO1-MG000,-15.412578,-45.080887,interpolated,topology-interp
81890,CAURO2-MG000,-15.223680,-44.537536,interpolated,topology-interp
81891,CAURO3-MG000,-15.188720,-44.440414,interpolated,topology-interp
81892,CAURO4-MG000,-15.305085,-44.773309,interpolated,topology-interp
81893,CAURO5-MG000,-15.387162,-45.077322,interpolated,topology-interp
81894,CAURO6-MG000,-15.187007,-44.532892,interpolated,topology-interp
81895,CAURO7-MG000,-15.136212,-44.432134,interpolated,topology-interp
81896,CAURO8-MG000,-15.266794,-44.767513,interpolated,topology-interp
81897,CAURO1-MG034,-15.060356,-44.064545,interpolated,topology-interp
81898,CAURO2-MG034,-15.046422,-44.036085,interpolated,topology-interp
81899,CAURO3-MG034,-15.026750,-44.062169,interpolated,topology-interp
81900,CAURO4-MG034,-14.965499,-44.022008,interpolated,topology-interp
81901,CAURO1-MG013,-15.300983,-44.761634,interpolated,topology-interp
81902,CAURO2-MG013,-15.261947,-44.755690,interpolated,topology-interp
81903,CAURO1UFV034,-14.900000,-43.600000,case-existing,case-existing
81904,CAURO2UFV034,-14.900000,-43.620000,case-existing,case-existing
81905,CAURO3UFV034,-14.870000,-43.600000,case-existing,case-existing
81906,CAURO4UFV034,-14.790000,-43.600000,case-existing,case-existing
81907,CAURO9-MG000,-15.371826,-45.090415,interpolated,topology-interp
81908,CAUR10-MG000,-15.158702,-44.554705,interpolated,topology-interp
81909,CAUR11-MG000,-15.115821,-44.453841,interpolated,topology-interp
81910,CAUR12-MG000,-15.248930,-44.784759,interpolated,topology-interp
81911,CAUR13-MG000,-15.367799,-45.090261,interpolated,topology-interp
81912,CAUR14-MG000,-15.149888,-44.553315,interpolated,topology-interp
81913,CAUR15-MG000,-15.112996,-44.455660,interpolated,topology-interp
81914,CAUR16-MG000,-15.245413,-44.785519,interpolated,topology-interp
81915,CAURO5-MG034,-14.977631,-44.093122,interpolated,topology-interp
81916,CAURO6-MG034,-14.950288,-44.047793,interpolated,topology-interp
81917,CAURO7-MG034,-14.958277,-44.087462,interpolated,topology-interp
81918,CAURO8-MG034,-14.953824,-44.053663,interpolated,topology-interp
81919,CAURO3-MG013,-15.244176,-44.773063,interpolated,topology-interp
81920,CAURO4-MG013,-15.240806,-44.773920,interpolated,topology-interp
81921,LSILVE-MG500,-17.384786,-45.153365,interpolated,topology-interp
81922,LSILVE-MG138,-17.318936,-45.187056,interpolated,topology-interp
81923,L21A24-MG034,-17.286486,-45.182263,interpolated,topology-interp
81924,L25A28-MG034,-17.293153,-45.195596,interpolated,topology-interp
81925,L29A32-MG034,-17.299819,-45.202263,interpolated,topology-interp
81926,L33A36-MG034,-17.293153,-45.208930,interpolated,topology-interp
81927,L37A40-MG034,-17.286486,-45.215597,interpolated,topology-interp
81928,LS-AT1-MG000,-17.352179,-45.170048,interpolated,topology-interp
81929,LS-AT2-MG000,-17.352179,-45.170048,interpolated,topology-interp
81930,LS-AT1-MG013,-17.352179,-45.170048,interpolated,topology-interp
81931,LS-AT2-MG013,-17.352179,-45.170048,interpolated,topology-interp
81932,LS-TR1-MG000,-17.302972,-45.184526,interpolated,topology-interp
81933,LS-TR2-MG000,-17.306305,-45.191193,interpolated,topology-interp
81934,LS-TR3-MG000,-17.309639,-45.194526,interpolated,topology-interp
81935,LS-TR4-MG000,-17.306305,-45.197860,interpolated,topology-interp
81936,LS-TR5-MG000,-17.302972,-45.201193,interpolated,topology-interp
81937,LS-TR1-MG013,-17.302972,-45.184526,interpolated,topology-interp
81938,LS-TR2-MG013,-17.306305,-45.191193,interpolated,topology-interp
81939,LS-TR3-MG013,-17.309639,-45.194526,interpolated,topology-interp
81940,LS-TR4-MG013,-17.306305,-45.197860,interpolated,topology-interp
81941,LS-TR5-MG013,-17.302972,-45.201193,interpolated,topology-interp
81942,L21A24UFV034,-17.270000,-45.180000,case-existing,case-existing
81943,L25A28UFV034,-17.280000,-45.200000,case-existing,case-existing
81944,L29A32UFV034,-17.290000,-45.210000,case-existing,case-existing
81945,L33A36UFV034,-17.280000,-45.220000,case-existing,case-existing
81946,L37A40UFV034,-17.270000,-45.230000,case-existing,case-existing
81947,VCHICO-MG345,-17.395245,-45.173096,interpolated,topology-interp
81948,VCH1A3-MG034,-17.371830,-45.210953,interpolated,topology-interp
81949,VCH4A7-MG034,-17.358497,-45.210953,interpolated,topology-interp
81950,VC8A11-MG034,-17.345163,-45.204286,interpolated,topology-interp
81951,VCH1A3-MG000,-17.383578,-45.191985,interpolated,topology-interp
81952,VCH4A7-MG000,-17.376912,-45.191985,interpolated,topology-interp
81953,VC8A11-MG000,-17.370245,-45.188651,interpolated,topology-interp
81954,VCH1A3-MG013,-17.383660,-45.191905,interpolated,topology-interp
81955,VCH4A7-MG013,-17.376993,-45.191905,interpolated,topology-interp
81956,VC8A11-MG013,-17.370326,-45.188572,interpolated,topology-interp
81957,CH1A3-UFV034,-17.360000,-45.230000,case-existing,case-existing
81958,CH4A7-UFV034,-17.340000,-45.230000,case-existing,case-existing
81959,C8A11-UFV034,-17.320000,-45.220000,case-existing,case-existing
81960,FSA1--UFV034,-16.300000,-43.670000,case-existing,case-existing
81961,MAU-B2-CE034,-7.381250,-38.802500,interpolated,topology-interp
81962,MAU-B3-CE034,-7.355000,-38.758750,interpolated,topology-interp
81963,MAU-B4-CE034,-7.396250,-38.832500,interpolated,topology-interp
81964,MAU-T1-CE000,-7.360000,-38.767500,interpolated,topology-interp
81965,MAU-T2-CE000,-7.382500,-38.805000,interpolated,topology-interp
81966,MAU-B2UFV034,-7.350000,-38.750000,case-existing,case-existing
81967,MAU-B1-CE034,-7.355000,-38.763750,interpolated,topology-interp
81968,MAU-B3UFV034,-7.380000,-38.800000,case-existing,case-existing
81969,MAU-B1UFV034,-7.350000,-38.760000,case-existing,case-existing
81970,MAU-B4UFV034,-7.410000,-38.860000,case-existing,case-existing
81971,MVSOB1UFV034,-5.420000,-36.220000,case-existing,case-existing
81972,MVSOB1-RN034,-5.426250,-36.220000,interpolated,topology-interp
81973,CATAB1EOL034,-5.330000,-36.190000,case-existing,case-existing
81974,MVSOB2-RN034,-5.421250,-36.220000,interpolated,topology-interp
81975,MVSTR3-RN000,-5.432500,-36.220000,interpolated,topology-interp
81976,MVSOB2UFV034,-5.410000,-36.220000,case-existing,case-existing
81977,SAGO-1EOL034,-5.620000,-36.250000,case-existing,case-existing
81978,SAGO-2EOL034,-5.580000,-36.170000,case-existing,case-existing
81979,SAGO-3EOL034,-5.570000,-36.200000,case-existing,case-existing
81980,SAGO-4EOL034,-5.530000,-36.230000,case-existing,case-existing
81981,SAGOB1-RN034,-5.603858,-36.232085,interpolated,topology-interp
81982,SAGOB2-RN034,-5.583858,-36.192085,interpolated,topology-interp
81983,SAGOST-RN500,-5.575432,-36.218340,reference-psrbus,reference-psrbus
81984,JERUSA-RN500,-5.784537,-35.921832,reference-psrbus,reference-psrbus
81985,JERUB1-RN034,-5.722268,-36.015916,interpolated,topology-interp
81986,JERUB1EOL034,-5.660000,-36.110000,case-existing,case-existing
81987,MVERB1-RN034,-5.420000,-36.210000,interpolated,topology-interp
81988,MVERB1EOL034,-5.480000,-36.220000,case-existing,case-existing
81989,CATAB2EOL034,-5.370000,-36.200000,case-existing,case-existing
81990,SDO_IT-RN034,-5.722268,-35.990916,interpolated,topology-interp
81991,SDO_ITEOL034,-5.660000,-36.060000,case-existing,case-existing
81992,MVERB2-RN034,-5.436667,-36.216667,interpolated,topology-interp
81993,MVERB2EOL034,-5.490000,-36.230000,case-existing,case-existing
81994,JERUB2-RN034,-5.727268,-36.010916,interpolated,topology-interp
81995,JERUB2EOL034,-5.670000,-36.100000,case-existing,case-existing
81996,SAGOT1-RN000,-5.587716,-36.214170,interpolated,topology-interp
81997,SAGOT2-RN000,-5.562716,-36.216670,interpolated,topology-interp
81998,SAGOB3-RN034,-5.566358,-36.208335,interpolated,topology-interp
81999,SAGOB4-RN034,-5.546358,-36.223335,interpolated,topology-interp
82000,ALX-B1-CE034,-5.253034,-37.970993,interpolated,topology-interp
82001,ALX-B1UFV034,-5.250000,-37.970000,case-existing,case-existing
82002,ALX-B2-CE034,-5.247034,-37.976993,interpolated,topology-interp
82003,ALT1-1-CE000,-5.260045,-37.971991,interpolated,topology-interp
82004,ALT1-2-CE000,-5.256052,-37.971990,interpolated,topology-interp
82005,ALT1-3-CE000,-5.255079,-37.972984,interpolated,topology-interp
82006,ALT1-4-CE000,-5.254052,-37.973990,interpolated,topology-interp
82007,ALX-T1-CE013,-5.255079,-37.972984,interpolated,topology-interp
82008,ALX-B2UFV034,-5.240000,-37.980000,case-existing,case-existing
82010,ABAIAR-RN000,-7.437143,-38.984286,interpolated,topology-interp
82011,ABAIA1-RN034,-7.413571,-38.987143,interpolated,topology-interp
82012,ABAIA2-RN034,-7.413571,-38.982143,interpolated,topology-interp
82013,MILG1-UFV034,-7.390000,-38.990000,case-existing,case-existing
82014,MILG2-UFV034,-7.390000,-38.980000,case-existing,case-existing
82015,SOLSE2-BA034,-12.313750,-42.617500,interpolated,topology-interp
82016,SOLSE3-BA034,-12.326250,-42.623750,interpolated,topology-interp
82017,SOLSE4-BA034,-12.321250,-42.618750,interpolated,topology-interp
82018,SOLSE2UFV034,-12.310000,-42.620000,case-existing,case-existing
82021,SOLSE1-BA034,-12.318750,-42.617500,interpolated,topology-interp
82022,SOLSE1UFV034,-12.320000,-42.620000,case-existing,case-existing
82023,SOLSE3UFV034,-12.330000,-42.630000,case-existing,case-existing
82024,SOLSE4UFV034,-12.320000,-42.620000,case-existing,case-existing
82025,SOLSE1-BA000,-12.317500,-42.615000,interpolated,topology-interp
82026,SOLSE2-BA000,-12.322500,-42.617500,interpolated,topology-interp
82027,NHORIZ-BA500,-12.730740,-42.033752,reference-psrbus,reference-psrbus
82028,NHORI1-BA034,-12.729236,-42.039960,interpolated,topology-interp
82029,VSLUZIEOL034,-12.720000,-42.040000,case-existing,case-existing
82030,NHORI2-BA034,-12.764156,-42.045917,interpolated,topology-interp
82031,NHORI3-BA034,-12.756068,-42.053654,interpolated,topology-interp
82032,NHORI4-BA034,-12.686703,-42.048252,interpolated,topology-interp
82033,NHOR11-BA000,-12.737441,-42.037858,interpolated,topology-interp
82034,NHOR12-BA000,-12.738190,-42.039843,interpolated,topology-interp
82035,NHORI1-BA013,-12.743110,-42.039902,interpolated,topology-interp
82036,NHORI2-BA013,-12.720130,-42.044130,interpolated,topology-interp
82037,VSLUZIEOL034 034kV-2,-12.780000,-42.050000,case-existing,case-existing
82038,VSLUZIEOL034 034kV-3,-12.780000,-42.060000,case-existing,case-existing
82039,VSLUZIEOL034 034kV-4,-12.660000,-42.050000,case-existing,case-existing
82040,NHOR13-BA000,-12.748642,-42.041930,interpolated,topology-interp
82041,NHOR14-BA000,-12.742719,-42.039796,interpolated,topology-interp
82042,NHOR21-BA000,-12.727669,-42.041730,interpolated,topology-interp
82043,NHOR22-BA000,-12.732602,-42.047267,interpolated,topology-interp
82044,NHOR23-BA000,-12.712888,-42.046573,interpolated,topology-interp
82045,NHOR24-BA000,-12.720773,-42.044072,interpolated,topology-interp
82046,FFUT1XUFV034,-9.690000,-40.680000,case-existing,case-existing
82047,FFUT1X-BA034,-9.682873,-40.681975,interpolated,topology-interp
82048,FFUT1Y-BA034,-9.677769,-40.681687,interpolated,topology-interp
82049,FFUT2X-BA034,-9.670427,-40.681975,interpolated,topology-interp
82050,FFUT2Y-BA034,-9.682655,-40.681687,interpolated,topology-interp
82051,FFUT1YUFV034,-9.680000,-40.680000,case-existing,case-existing
82052,FFUT2XUFV034,-9.670000,-40.680000,case-existing,case-existing
82053,FFUT2YUFV034,-9.690000,-40.680000,case-existing,case-existing
82054,FFUT11-BA013,-9.673196,-40.684448,interpolated,topology-interp
82055,FFUT12-BA013,-9.670972,-40.685491,interpolated,topology-interp
82056,FFUT21-BA013,-9.672474,-40.684448,interpolated,topology-interp
82057,FFUT22-BA013,-9.669618,-40.685491,interpolated,topology-interp
82058,FFUT11-BA000,-9.668906,-40.686481,interpolated,topology-interp
82059,FFUT12-BA000,-9.675763,-40.683946,interpolated,topology-interp
82060,FFUT13-BA000,-9.675567,-40.683362,interpolated,topology-interp
82061,FFUT14-BA000,-9.673220,-40.684444,interpolated,topology-interp
82062,FFUT15-BA000,-9.671012,-40.685476,interpolated,topology-interp
82063,FFUT21-BA000,-9.666824,-40.686481,interpolated,topology-interp
82064,FFUT22-BA000,-9.670853,-40.683946,interpolated,topology-interp
82065,FFUT23-BA000,-9.675329,-40.683362,interpolated,topology-interp
82066,FFUT24-BA000,-9.672455,-40.684444,interpolated,topology-interp
82067,FFUT25-BA000,-9.669645,-40.685476,interpolated,topology-interp
82068,PONTAL-RS230,-30.132000,-50.950000,interpolated,topology-interp
82069,PONTAL-RS034,-30.224000,-50.840000,interpolated,topology-interp
82070,PONT2BEOL034,-30.280000,-50.800000,case-existing,case-existing
82071,PO2A3BEOL034,-30.260000,-50.770000,case-existing,case-existing
82072,AQUIBA-SC138,-26.771654,-51.792598,interpolated,topology-interp
82073,UAD--1-SC000,-26.726663,-51.773558,interpolated,topology-interp
82074,UAD--1-SC004,-26.735335,-51.776834,interpolated,topology-interp
82075,UAD--2-SC000,-26.726663,-51.773558,interpolated,topology-interp
82076,ADOCE-EOL034,-26.600000,-51.720000,case-existing,case-existing
82077,UAD--3-SC000,-26.726663,-51.773558,interpolated,topology-interp
82078,AGDO3P-SC034,-26.701501,-51.762626,interpolated,topology-interp
82079,UAD--3-SC004,-26.735335,-51.776834,interpolated,topology-interp
82080,UAD--2-SC004,-26.735335,-51.776834,interpolated,topology-interp
82081,CCHAT1-RS034,-30.830000,-55.723333,interpolated,topology-interp
82082,CERCH1EOL034,-30.840000,-55.730000,case-existing,case-existing
82083,CERCH2EOL034,-30.850000,-55.690000,case-existing,case-existing
82084,CERCH3EOL034,-30.800000,-55.710000,case-existing,case-existing
82085,CCHAT2-RS034,-30.836667,-55.696667,interpolated,topology-interp
82086,CCHAT3-RS034,-30.803333,-55.710000,interpolated,topology-interp
82087,CCHA-1-RS000,-30.820000,-55.716666,interpolated,topology-interp
82088,CCHA-2-RS000,-30.823333,-55.703334,interpolated,topology-interp
82089,CCHA-3-RS000,-30.806667,-55.710000,interpolated,topology-interp
82090,CCHA-5-RS000,-30.846662,-55.710000,interpolated,topology-interp
82091,CCHA-6-RS000,-30.816000,-55.694000,interpolated,topology-interp
82092,CCHA-7-RS000,-30.836666,-55.720000,interpolated,topology-interp
82093,COXSEC-RS034,-30.863333,-55.730000,interpolated,topology-interp
82094,CCHA-1-RS013,-30.820000,-55.716667,interpolated,topology-interp
82095,CCHA-2-RS013,-30.823333,-55.703333,interpolated,topology-interp
82096,CCHA-3-RS013,-30.806667,-55.710000,interpolated,topology-interp
82097,CCHA-5-RS013,-30.846673,-55.710000,interpolated,topology-interp
82098,CCHA-6-RS013,-30.816000,-55.694000,interpolated,topology-interp
82099,CCHA-7-RS013,-30.836667,-55.720000,interpolated,topology-interp
82100,CINGLEEOL034,-30.920000,-55.710000,case-existing,case-existing
82101,COXSECEOL034,-30.890000,-55.740000,case-existing,case-existing
82102,GALPOEEOL034,-30.880000,-55.680000,case-existing,case-existing
82103,CCH6CI-RS034,-30.883338,-55.710000,interpolated,topology-interp
82104,IB1GAL-RS034,-30.822000,-55.678000,interpolated,topology-interp
82105,IBIRAPEOL034,-30.770000,-55.660000,case-existing,case-existing
82106,CERCH6EOL034,-30.883327,-55.710000,interpolated,topology-interp
82107,MARM2AEOL034,-33.170000,-52.920000,case-existing,case-existing
82108,MARM2BEOL034,-33.100000,-52.880000,case-existing,case-existing
82109,MARM2CEOL034,-33.080000,-52.850000,case-existing,case-existing
82110,MRO2-3-RS000,-33.136058,-52.963758,interpolated,topology-interp
82111,MARM-3-RS013,-33.135880,-52.963730,interpolated,topology-interp
82112,MANGU3-RS138,-33.111804,-52.890768,interpolated,topology-interp
82113,MANGU3-RS012,-33.096020,-52.870409,interpolated,topology-interp
82114,MARME2-RS138,-33.131797,-52.937438,interpolated,topology-interp
82115,MANGU1-RS138,-33.127956,-52.911184,interpolated,topology-interp
82116,MANGU1-RS012,-33.148858,-52.915573,interpolated,topology-interp
82117,MANGU2-RS138,-33.118471,-52.900768,interpolated,topology-interp
82118,MANGU2-RS012,-33.109353,-52.890409,interpolated,topology-interp
82119,GERIB1EOL034,-33.520000,-53.270000,case-existing,case-existing
82120,GERIB2EOL034,-33.570000,-53.280000,case-existing,case-existing
82121,COLCHU-RS000,-33.625469,-53.360279,interpolated,topology-interp
82122,COLHER-RS000,-33.570429,-53.326781,interpolated,topology-interp
82123,COLGE1-RS000,-33.536839,-53.288734,interpolated,topology-interp
82124,COLCHU-RS013,-33.625469,-53.360279,interpolated,topology-interp
82125,COLGE2-RS000,-33.553507,-53.292067,interpolated,topology-interp
82126,COLHER-RS013,-33.570429,-53.326781,interpolated,topology-interp
82127,COLGE1-RS013,-33.536839,-53.288734,interpolated,topology-interp
82128,COLGE2-RS013,-33.553507,-53.292067,interpolated,topology-interp
82129,SVP2-B-RS138,-33.546506,-53.314140,interpolated,topology-interp
82130,GERIBA-RS138,-33.545617,-53.298314,interpolated,topology-interp
82131,COLGE1-RS034,-33.528420,-53.279367,interpolated,topology-interp
82132,COLGE2-RS034,-33.561754,-53.286034,interpolated,topology-interp
82133,CHUI---RS138,-33.585988,-53.337210,interpolated,topology-interp
82134,COLCHU-RS034,-33.665156,-53.383426,interpolated,topology-interp
82135,HERMENEOL034,-33.620000,-53.340000,case-existing,case-existing
82136,COLCHUEOL034,-33.680000,-53.410000,case-existing,case-existing
82137,SVP2-C-RS138,-33.520378,-53.313434,interpolated,topology-interp
82138,SVP--3-RS000,-33.508219,-53.307053,interpolated,topology-interp
82139,CHUI9-EOL034,-33.690000,-53.380000,case-existing,case-existing
82140,SVP--4-RS000,-33.495213,-53.306723,interpolated,topology-interp
82141,SVP--3-RS013,-33.508151,-53.307020,interpolated,topology-interp
82142,SVP--4-RS013,-33.495260,-53.306736,interpolated,topology-interp
82143,COLHER-RS138,-33.545403,-53.320107,interpolated,topology-interp
82144,COLHER-RS034,-33.595214,-53.333390,interpolated,topology-interp
82145,INDI23-RS034,-29.968775,-50.308047,interpolated,topology-interp
82146,LBARRO-RS230,-29.950626,-50.298418,interpolated,topology-interp
82147,LBARR4-RS034,-29.955704,-50.295720,interpolated,topology-interp
82148,LBARR2-RS034,-29.965442,-50.294713,interpolated,topology-interp
82149,OSOR23-RS034,-29.955442,-50.281380,interpolated,topology-interp
82150,SANG23-RS034,-29.948775,-50.298047,interpolated,topology-interp
82151,LBARR3-RS034,-29.945442,-50.298047,interpolated,topology-interp
82152,LBARR1-RS034,-29.955442,-50.291380,interpolated,topology-interp
82153,OSORIOEOL034,-29.960000,-50.280000,case-existing,case-existing
82154,SANGRAEOL034,-29.930000,-50.300000,case-existing,case-existing
82155,INDIOSEOL034,-29.990000,-50.290000,case-existing,case-existing
82156,SANG23EOL034,-29.940000,-50.300000,case-existing,case-existing
82157,OSOR23EOL034,-29.960000,-50.250000,case-existing,case-existing
82158,INDI23EOL034,-30.000000,-50.330000,case-existing,case-existing
82159,MRGT-1-PI034,-4.108530,-41.485899,interpolated,topology-interp
82160,MRGT-2-PI034,-4.108530,-41.485899,interpolated,topology-interp
82161,MRGT11-PI000,-4.105653,-41.477628,interpolated,topology-interp
82162,MRGT12-PI000,-4.107341,-41.481875,interpolated,topology-interp
82163,MRGT13-PI000,-4.107048,-41.481812,interpolated,topology-interp
82164,MRGT14-PI000,-4.107341,-41.481875,interpolated,topology-interp
82165,MRGT-1UFV034,-4.110000,-41.490000,case-existing,case-existing
82166,MRGT-2UFV034,-4.110000,-41.490000,case-existing,case-existing
82167,MRGT-3-PI034,-4.125575,-41.446818,interpolated,topology-interp
82168,MRGT-4-PI034,-4.131575,-41.452818,interpolated,topology-interp
82169,MRGT21-PI000,-4.115713,-41.459520,interpolated,topology-interp
82170,MRGT22-PI000,-4.121550,-41.453498,interpolated,topology-interp
82171,MRGT23-PI000,-4.122153,-41.454624,interpolated,topology-interp
82172,MRGT24-PI000,-4.123550,-41.455498,interpolated,topology-interp
82173,MRGT-3UFV034,-4.130000,-41.440000,case-existing,case-existing
82174,MRGT-4UFV034,-4.140000,-41.450000,case-existing,case-existing
82175,MRGTT1-PI013,-4.107400,-41.481960,interpolated,topology-interp
82176,MRGTT2-PI013,-4.122715,-41.454394,interpolated,topology-interp
82177,SIMPLC-RN034,-5.808000,-36.696000,interpolated,topology-interp
82178,DUNAMSUFV034,-5.800000,-36.640000,case-existing,case-existing
82179,VPZLM-UFV034,-17.630000,-44.750000,case-existing,case-existing
82180,VARZEA-MG138,-17.621089,-45.009143,interpolated,topology-interp
82181,VARZT1-MG000,-17.624056,-44.975709,interpolated,topology-interp
82182,VARZT1-MG013,-17.624178,-44.974990,interpolated,topology-interp
82183,SVZP-3-MG034,-17.627089,-44.942495,interpolated,topology-interp
82184,VARZT2-MG000,-17.620722,-44.975709,interpolated,topology-interp
82185,VARZT2-MG013,-17.620845,-44.974990,interpolated,topology-interp
82186,SVZP-4-MG034,-17.620422,-44.942495,interpolated,topology-interp
82187,SVARZ3UFV034,-17.630000,-44.910000,case-existing,case-existing
82188,SVARZ4UFV034,-17.620000,-44.910000,case-existing,case-existing
82189,UMARI2-RN034,-8.522080,-37.842331,interpolated,topology-interp
82190,UMARI1-RN000,-6.417493,-35.757994,interpolated,topology-interp
82191,UMARI2-RN000,-7.464128,-36.794629,interpolated,topology-interp
82192,UMARI1-RN013,-6.417493,-35.757994,interpolated,topology-interp
82193,UMARI2-RN013,-7.464160,-36.794661,interpolated,topology-interp
82194,UMARI2EOL034,-9.580000,-38.890000,case-existing,case-existing
82195,UMARI1EOL034,-6.440000,-35.780000,case-existing,case-existing
82196,UMARI1-RN034,-6.428747,-35.768997,interpolated,topology-interp
82197,UMARI--RN230,-6.406240,-35.746992,reference-psrbus,reference-psrbus
82198,CARNA-UFV034,-4.090000,-41.440000,case-existing,case-existing
82199,CARNA--PI034,-4.194286,-41.548571,interpolated,topology-interp
82200,CARNA--PI500,-4.298571,-41.657143,interpolated,topology-interp
82201,URUCU-UFV034,-16.100000,-45.610000,case-existing,case-existing
82202,XANGR-UFV034,-17.680000,-44.800000,case-existing,case-existing
82203,CVZP1--MG034,-17.883526,-44.896225,interpolated,topology-interp
82204,CVZP2--MG034,-17.886482,-44.897601,interpolated,topology-interp
82205,CVZP1--MG013,-17.934234,-44.965963,interpolated,topology-interp
82206,VZPTA1-MG000,-17.952128,-44.992885,interpolated,topology-interp
82207,VZPTA2-MG000,-17.916531,-44.941419,interpolated,topology-interp
82208,VZPTA3-MG000,-17.933499,-44.964559,interpolated,topology-interp
82209,VZPTA4-MG000,-17.912712,-44.935554,interpolated,topology-interp
82210,VZP1--UFV034,-17.850000,-44.850000,case-existing,case-existing
82211,VZP2--UFV034,-17.860000,-44.860000,case-existing,case-existing
82212,CLINS-UFV034,-8.850000,-44.170000,case-existing,case-existing
82213,CLINS--PI500,-8.967143,-43.952857,interpolated,topology-interp
82214,CLINS--PI034,-8.908571,-44.061429,interpolated,topology-interp
82215,SOLIT-UFV034,-7.250000,-43.150000,case-existing,case-existing
82216,SOLIT--PI034,-7.366000,-43.048000,interpolated,topology-interp
82217,VSINES-BA500,-11.800000,-42.592857,interpolated,topology-interp
82218,VSINES-BA034,-11.800000,-42.561429,interpolated,topology-interp
82219,VSINESEOL034,-11.800000,-42.530000,case-existing,case-existing
82220,JUSANTUFV034,-18.200000,-45.270000,case-existing,case-existing
82221,JUSANT-MG138,-18.148109,-45.477646,interpolated,topology-interp
82222,JUSANT-MG013,-18.165631,-45.407599,interpolated,topology-interp
82223,JUSANT-MG000,-18.165704,-45.407270,interpolated,topology-interp
82224,JUSANT-MG034,-18.182816,-45.338799,interpolated,topology-interp
83000,SMEL07UFV034,-5.140000,-37.020000,case-existing,case-existing
83001,CASQ1-EOL034,-5.050000,-37.040000,case-existing,case-existing
83002,CASQ2-EOL034,-5.020000,-37.060000,case-existing,case-existing
