code,name,tech,system,capacity_MW,lat,lon,confidence,source,cod_ceg,municipio,bus
6,PCHES000428,SmallHydro,SUDESTE,0.9,-19.045833,-40.538056,plant,reference,,,JNEIV2-ES345
7,PCHES000491,SmallHydro,SUDESTE,0.24,-19.473333,-40.611111,plant,reference,,,JNEIV2-ES345
8,PCHES027182,SmallHydro,SUDESTE,0.24,-19.620370,-40.616314,plant,reference,,,JNEIV2-ES345
9,PCHES038158,SmallHydro,SUDESTE,1.512,-20.773590,-40.987517,plant,reference,,,SLUZI-PCH013
10,PCHGO001298,SmallHydro,SUDESTE,3.992,-17.280000,-47.524167,plant,reference,,,SILVAN-GO500
11,PCHGO029647,SmallHydro,SUDESTE,1.84,-17.908889,-51.898889,plant,reference,,,SILVAN-GO500
12,PCHGO031086,SmallHydro,SUDESTE,0.958,-16.521967,-48.634158,plant,siga:Operação,CGH.PH.GO.031086-7.1,Gameleira de Goiás - GO,SILVAN-GO500
13,PCHGO038152,SmallHydro,SUDESTE,3.0,-17.349357,-52.812288,plant,reference,,,DIAMANPCH034
14,PCHMG000298,SmallHydro,SUDESTE,0.72,-21.781931,-46.631553,plant,reference,,,POCOS--MG500
15,PCHMG000318,SmallHydro,SUDESTE,2.9,-20.454008,-43.006093,plant,reference,,,PNVTOTPCH013
16,PCHMG000345,SmallHydro,SUDESTE,4.55,-20.495007,-43.482765,plant,reference,,,ALCAN-PCH013
17,PCHMG000404,SmallHydro,SUDESTE,0.302,-20.276802,-41.963568,plant,reference,,,MANHUAPCH006
18,PCHMG000526,SmallHydro,SUDESTE,3.83,-20.477272,-43.446622,plant,reference,,,ALCAN-PCH013
19,PCHMG000667,SmallHydro,SUDESTE,4.2,-21.055556,-44.209444,plant,reference,,,SJDRE1-MG138
20,PCHMG001192,SmallHydro,SUDESTE,4.0,-21.299353,-43.208576,plant,reference,,,ITUEREPCH013
21,PCHMG001220,SmallHydro,SUDESTE,0.72,-22.258704,-46.675961,plant,reference,,,ANDRA2-MG138
22,PCHMG001252,SmallHydro,SUDESTE,1.568,-19.639462,-45.109037,plant,reference,,,BDESP2-MG138
23,PCHMG001344,SmallHydro,SUDESTE,1.61,-22.369444,-45.349444,plant,reference,,,MFE2---MG138
24,PCHMG001438,SmallHydro,SUDESTE,0.416,-20.286534,-42.335311,plant,reference,,,MATIPOPCH006
25,PCHMG001462,SmallHydro,SUDESTE,0.736,-21.193678,-42.567539,plant,reference,,,CATAGUPCH006
26,PCHMG001928,SmallHydro,SUDESTE,5.0,-19.263892,-43.606142,plant,reference,,,PMASCAPCH013
27,PCHMG002055,SmallHydro,SUDESTE,0.8,-18.687064,-48.096702,plant,reference,,,ARAGU2-MG138
28,PCHMG002065,SmallHydro,SUDESTE,0.672,-21.128742,-47.040931,plant,reference,,,POCOS--MG500
29,PCHMG002225,SmallHydro,SUDESTE,0.68,-18.490611,-46.927667,plant,reference,,,PTMIN1-MG138
30,PCHMG002535,SmallHydro,SUDESTE,0.768,-20.218504,-41.994669,plant,reference,,,MANHUAPCH006
31,PCHMG002656,SmallHydro,SUDESTE,2.394,-18.950183,-49.382684,plant,reference,,,SMORAIPCH013
32,PCHMG002686,SmallHydro,SUDESTE,0.955,-20.260000,-47.180000,bus-proxy,bus:ESTREI-MG500,,,ESTREI-MG500
33,PCHMG002782,SmallHydro,SUDESTE,2.12,-19.801206,-42.302086,plant,reference,,,CARATI-MG138
34,PCHMG003059,SmallHydro,SUDESTE,1.808,-21.924131,-45.471011,plant,siga:Operação,CGH.PH.MG.003059-7.2,Campanha - MG,SGSAPU-MG138
35,PCHMG026725,SmallHydro,SUDESTE,1.0,-16.627893,-43.308543,plant,reference,,,JNEIV2-ES345
36,PCHMG027129,SmallHydro,SUDESTE,2.5,-20.112500,-44.547778,plant,reference,,,ITAUN1-MG138
37,PCHMG027139,SmallHydro,SUDESTE,0.8,-21.774984,-46.615130,plant,siga:Operação,CGH.PH.MG.027139-0.1,Poços de Caldas - MG,POCOS--MG500
38,PCHMG027421,SmallHydro,SUDESTE,0.704,-18.525311,-49.215323,plant,reference,,,AVATIN-MG138
39,PCHMG027719,SmallHydro,SUDESTE,4.35,-20.494167,-43.450556,plant,reference,,,ALCAN-PCH013
40,PCHMG027928,SmallHydro,SUDESTE,0.424,-21.141833,-42.604506,plant,reference,,,CATAGUPCH006
41,PCHMG028018,SmallHydro,SUDESTE,0.528,-21.927736,-44.797364,plant,reference,,,CAXAMB-MG138
42,PCHMG028019,SmallHydro,SUDESTE,0.18,-21.941452,-44.845571,plant,reference,,,CAXAMB-MG138
43,PCHMG028020,SmallHydro,SUDESTE,0.428,-22.110822,-44.844594,plant,reference,,,CAXAMB-MG138
44,PCHMG028022,SmallHydro,SUDESTE,0.8,-22.165866,-44.117425,plant,reference,,,MINDUR-MG138
45,PCHMG028023,SmallHydro,SUDESTE,0.68,-21.421906,-46.917229,plant,reference,,,POCOS--MG500
46,PCHMG028242,SmallHydro,SUDESTE,1.0,-22.314703,-46.197281,plant,reference,,,BMATA--MG138
47,PCHMG028381,SmallHydro,SUDESTE,3.375,-19.609443,-47.456521,plant,reference,,,ESTREI-MG500
48,PCHMG028570,SmallHydro,SUDESTE,3.0,-20.276797,-42.651519,plant,reference,,,NOVAPOPCH013
49,PCHMG028955,SmallHydro,SUDESTE,1.5,-19.127131,-47.918600,plant,reference,,,MIRAND-MG138
50,PCHMG029216,SmallHydro,SUDESTE,0.44,-21.348032,-46.833636,plant,reference,,,GUAXU2-MG138
51,PCHMG029234,SmallHydro,SUDESTE,0.999,-20.140760,-44.880910,plant,reference,,,DIVIN1-MG138
52,PCHMG029271,SmallHydro,SUDESTE,0.99,-18.481944,-47.427222,plant,reference,,,COROMA-MG138
53,PCHMG029326,SmallHydro,SUDESTE,0.56,-19.895131,-47.475183,plant,reference,,,SACRAM-MG138
54,PCHMG029644,SmallHydro,SUDESTE,1.0,-21.834527,-46.092192,plant,reference,,,ALFEN1-MG138
55,PCHMG029723,SmallHydro,SUDESTE,2.34,-21.851240,-43.890177,plant,reference,,,JFORA-PCH023
56,PCHMG029881,SmallHydro,SUDESTE,0.99,-21.559444,-46.190556,plant,reference,,,ALFEN1-MG138
57,PCHMG030242,SmallHydro,SUDESTE,1.25,-22.570464,-46.409941,plant,reference,,,F.DIAS-SP500
58,PCHMG030621,SmallHydro,SUDESTE,0.458,-19.856156,-44.403294,plant,reference,,,PRMIN1-MG138
59,PCHMG030919,SmallHydro,SUDESTE,0.72,-21.950185,-44.510647,plant,reference,,,MINDUR-MG138
60,PCHMG030983,SmallHydro,SUDESTE,1.25,-22.573661,-46.411818,plant,reference,,,F.DIAS-SP500
61,PCHMG031023,SmallHydro,SUDESTE,0.46,-20.275833,-43.810468,plant,reference,,,ITABIR-MG138
62,PCHMG031130,SmallHydro,SUDESTE,0.831,-20.559236,-43.020583,plant,reference,,,PNVTOTPCH013
63,PCHMG031265,SmallHydro,SUDESTE,0.75,-21.730000,-46.208611,plant,reference,,,ALFEN1-MG138
64,PCHMG031277,SmallHydro,SUDESTE,1.0,-20.806111,-42.363611,plant,reference,,,MURIA2PCH006
65,PCHMG031281,SmallHydro,SUDESTE,0.95,-21.962500,-44.521667,plant,reference,,,MINDUR-MG138
66,PCHMG031318,SmallHydro,SUDESTE,1.0,-20.097778,-41.758056,plant,reference,,,MANHUAPCH006
67,PCHMG031334,SmallHydro,SUDESTE,3.0,-19.998611,-41.998056,plant,reference,,,MANHUAPCH006
68,PCHMG031618,SmallHydro,SUDESTE,1.0,-21.028600,-42.199720,plant,reference,,,MURIA2PCH006
69,PCHMG031641,SmallHydro,SUDESTE,0.95,-21.986667,-44.408333,plant,reference,,,MINDUR-MG138
70,PCHMG031677,SmallHydro,SUDESTE,1.0,-20.114444,-41.785556,plant,reference,,,MANHUAPCH006
71,PCHMG032005,SmallHydro,SUDESTE,0.92,-22.562500,-46.088333,plant,reference,,,F.DIAS-SP500
72,PCHMG032564,SmallHydro,SUDESTE,1.0,-19.856141,-42.331838,plant,reference,,,CARATI-MG138
73,PCHMG035745,SmallHydro,SUDESTE,1.6,-21.963804,-43.155063,plant,reference,,,JFORA4-MG138
74,PCHMG037400,SmallHydro,SUDESTE,1.0,-18.789823,-42.822647,plant,reference,,,GUANH2-MG138
75,PCHMG038150,SmallHydro,SUDESTE,2.1,-19.979154,-41.714564,plant,reference,,,IPATI1-MG138
76,PCHMG040663,SmallHydro,SUDESTE,3.0,-22.028514,-43.748105,plant,siga:Operação,CGH.PH.MG.040663-5.1,Santa Bárbara do Monte Verde - MG,S.JOSE-RJ500
77,PCHMS000859,SmallHydro,SUDESTE,4.2,-17.618898,-54.888347,plant,reference,,,CUIABA-MT500
78,PCHMS029430,SmallHydro,SUDESTE,1.0,-20.399910,-54.444335,plant,reference,,,CGCUIA-MS138
79,PCHMS030049,SmallHydro,SUDESTE,0.6,-20.424937,-54.394098,plant,reference,,,CUIABA-MT500
80,PCHMS030451,SmallHydro,SUDESTE,0.225,-19.402444,-54.539639,plant,reference,,,SGABRI-MS013
81,PCHMS044877,SmallHydro,SUDESTE,4.176,-18.979283,-52.605161,plant,reference,,,CORREGPCH034
82,PCHMT000040,SmallHydro,SUDESTE,1.9,-14.862778,-53.291667,plant,reference,,,NXAVAN-MT138
83,PCHMT000581,SmallHydro,SUDESTE,0.675,-15.879722,-53.581389,plant,reference,,,CUIABA-MT500
84,PCHMT000816,SmallHydro,SUDESTE,0.8,-14.602557,-59.416707,plant,reference,,,MINERAPCH013
85,PCHMT000935,SmallHydro,SUDESTE,2.788,-10.164997,-59.452378,plant,reference,,,FAXINAPCH013
86,PCHMT001447,SmallHydro,SUDESTE,0.85,-13.634827,-59.064841,plant,reference,,,AQ-MAZPCH013
87,PCHMT027213,SmallHydro,SUDESTE,0.768,-14.465000,-59.499444,plant,reference,,,CUIABA-MT500
88,PCHMT028813,SmallHydro,SUDESTE,0.72,-13.538889,-58.848333,plant,reference,,,CUIABA-MT500
89,PCHMT028899,SmallHydro,SUDESTE,1.0,-14.867007,-53.284508,plant,reference,,,NXAVAN-MT138
90,PCHMT029042,SmallHydro,SUDESTE,4.0,-16.090864,-55.074744,plant,siga:Operação,CGH.PH.MT.029042-4.2,"Jaciara - MT, Juscimeira - MT",ACLAR-PCH034
91,PCHMT029151,SmallHydro,SUDESTE,3.5,-15.982222,-55.375556,plant,reference,,,MESTREPCH013
92,PCHMT029154,SmallHydro,SUDESTE,2.0,-15.978056,-55.359444,plant,reference,,,MESTREPCH013
93,PCHMT029208,SmallHydro,SUDESTE,0.264,-17.273922,-54.933033,plant,reference,,,CGHSMSPCH013
94,PCHMT029210,SmallHydro,SUDESTE,0.8,-17.284392,-54.923714,plant,reference,,,CGHSMSPCH013
95,PCHMT029696,SmallHydro,SUDESTE,1.25,-14.417778,-59.523611,plant,reference,,,MINERAPCH013
96,PCHMT030227,SmallHydro,SUDESTE,1.94,-13.494764,-60.122597,plant,reference,,,COMODOPCH013
97,PCHMT030374,SmallHydro,SUDESTE,1.0,-14.858177,-53.292014,plant,reference,,,NXAVAN-MT138
98,PCHMT030640,SmallHydro,SUDESTE,0.39525,-13.650000,-59.900000,bus-proxy,bus:COMODOPCH013,,,COMODOPCH013
99,PCHMT030813,SmallHydro,SUDESTE,3.499,-15.969722,-55.088333,plant,reference,,,CUIABA-MT500
100,PCHMT030814,SmallHydro,SUDESTE,4.5,-15.976589,-55.081659,plant,reference,,,SUCUPIPCH013
101,PCHMT032151,SmallHydro,SUDESTE,3.52,-14.950278,-58.058050,plant,reference,,,CARAMJPCH013
102,PCHMT037358,SmallHydro,SUDESTE,5.0,-13.703069,-56.785911,plant,reference,,,BTZAL-PCH013
131,PCHRJ000769,SmallHydro,SUDESTE,0.686,-22.533056,-43.039167,plant,reference,,,S.JOSE-RJ500
132,PCHRJ000928,SmallHydro,SUDESTE,4.8,-22.218611,-43.165556,plant,reference,,,FAGUNDPCH013
133,PCHRJ001083,SmallHydro,SUDESTE,0.298,-22.329124,-42.516667,plant,reference,,,JULIUSPCH006
134,PCHRJ030620,SmallHydro,SUDESTE,0.796,-22.226604,-43.013519,plant,reference,,,S.JOSE-RJ500
135,PCHRJ038155,SmallHydro,SUDESTE,3.0,-21.863633,-42.435522,plant,reference,,,S.JOSE-RJ500
295,PCHSP000103,SmallHydro,SUDESTE,2.08,-20.818713,-45.060233,plant,siga:Operação,CGH.PH.MG.000103-1.2,Santana do Jacaré - MG,ANIL--PCH013
296,PCHSP000116,SmallHydro,SUDESTE,1.0,-24.483386,-49.064996,plant,reference,,,APIAI--SP138
297,PCHSP000336,SmallHydro,SUDESTE,0.8,-20.214722,-47.705556,plant,reference,,,ESTREI-MG500
298,PCHSP000768,SmallHydro,SUDESTE,2.6,-21.887957,-48.147490,plant,reference,,,ARARA2-SP500
299,PCHSP000884,SmallHydro,SUDESTE,2.25,-22.740074,-46.937385,plant,reference,,,F.DIAS-SP500
300,PCHSP001025,SmallHydro,SUDESTE,4.8,-21.846944,-48.489444,plant,reference,,,ARARA2-SP500
301,PCHSP001148,SmallHydro,SUDESTE,3.168,-22.727513,-45.452116,plant,reference,,,F.DIAS-SP500
302,PCHSP001310,SmallHydro,SUDESTE,0.72,-22.246944,-51.170833,plant,reference,,,PRP-P1-SP088
303,PCHSP001317,SmallHydro,SUDESTE,0.332,-23.981137,-47.939973,plant,siga:Operação,CGH.PH.SP.001317-0.1,São Miguel Arcanjo - SP,IBIUNA-SP500
304,PCHSP001322,SmallHydro,SUDESTE,1.68,-22.526944,-48.648611,plant,reference,,,ARARA2-SP500
305,PCHSP001486,SmallHydro,SUDESTE,0.6,-22.022796,-47.914578,plant,siga:Operação,CGH.PH.SP.001486-9.2,São Carlos - SP,ARARA2-SP500
306,PCHSP001988,SmallHydro,SUDESTE,1.344,-22.881667,-50.330833,plant,reference,,,CAND.M-SP088
307,PCHSP002164,SmallHydro,SUDESTE,2.6,-21.951674,-50.929125,plant,reference,,,ARARA2-SP500
308,PCHSP002238,SmallHydro,SUDESTE,1.2,-22.660298,-47.278007,plant,reference,,,LIMER2-SP138
309,PCHSP002570,SmallHydro,SUDESTE,1.0,-23.563333,-45.836389,plant,reference,,,F.DIAS-SP500
310,PCHSP002762,SmallHydro,SUDESTE,1.0,-21.888106,-48.147408,plant,reference,,,SOCORRPCH006
311,PCHSP002896,SmallHydro,SUDESTE,0.8,-23.999703,-47.957103,plant,reference,,,IBIUNA-SP500
312,PCHSP026849,SmallHydro,SUDESTE,0.788,-24.005556,-47.941111,plant,reference,,,IBIUNA-SP500
313,PCHSP027172,SmallHydro,SUDESTE,4.55,-22.933889,-46.895833,plant,reference,,,SANTA-PCH034
314,PCHSP027415,SmallHydro,SUDESTE,4.32,-22.074167,-48.062222,plant,reference,,,SANTA-PCH034 034kV-2
315,PCHSP028186,SmallHydro,SUDESTE,1.0,-23.327530,-47.768873,plant,reference,,,TATUI2-SP138
316,PCHSP028585,SmallHydro,SUDESTE,1.616,-22.953805,-48.737882,plant,reference,,,ARARA2-SP500
317,PCHSP028719,SmallHydro,SUDESTE,0.607,-21.332542,-47.298132,plant,reference,,,POCOS--MG500
318,PCHSP029296,SmallHydro,SUDESTE,2.0,-22.424998,-48.020560,plant,reference,,,ARARA2-SP500
319,PCHSP031099,SmallHydro,SUDESTE,1.012,-22.664444,-45.309167,plant,reference,,,F.DIAS-SP500
949,EOLRJ028730,Wind,SUDESTE,28.05,-21.565722,-41.073107,plant,reference,,,GARGAUEOL013
1326,PCHDF001975,SmallHydro,SUDESTE,30.0,-15.797814,-47.783958,plant,reference,,,PA----UHE013
1327,PCHES000048,SmallHydro,SUDESTE,2.056,-20.763551,-41.528574,plant,reference,,,ALEGR6PCH013
1328,PCHES000261,SmallHydro,SUDESTE,4.5,-20.399953,-41.266495,plant,reference,,,VICOSA-ES069
1329,PCHES000999,SmallHydro,SUDESTE,8.736,-20.695528,-41.082000,plant,reference,,,FRUTEIPCH013
1330,PCHES001272,SmallHydro,SUDESTE,4.84,-20.393407,-40.572677,plant,reference,,,SUCUPIPCH013
1331,PCHES002293,SmallHydro,SUDESTE,22.5,-20.060075,-40.642586,plant,reference,,,R.BONIUHE013
1332,PCHES026834,SmallHydro,SUDESTE,25.0,-20.508094,-41.280778,plant,reference,,,SJOAO-PCH013
1333,PCHES027575,SmallHydro,SUDESTE,4.5,-20.746575,-41.874797,plant,reference,,,ALEGR6PCH013
1334,PCHES027985,SmallHydro,SUDESTE,21.0,-20.603600,-40.805525,plant,reference,,,S.JOAQPCH013
1335,PCHES028171,SmallHydro,SUDESTE,27.0,-20.616667,-41.483333,plant,reference,,,S.SIMAPCH013
1336,PCHES028380,SmallHydro,SUDESTE,29.0,-20.696264,-41.515839,plant,reference,,,S.FE--PCH013
1337,PCHES028804,SmallHydro,SUDESTE,20.0,-21.107500,-41.727500,plant,siga:Operação,PCH.PH.ES.028804-7.1,"Bom Jesus do Itabapoana - RJ, São José do Calçado - ES",PIRAPEPCH013
1338,PCHES028805,SmallHydro,SUDESTE,19.0,-21.198611,-41.376389,plant,reference,,,P.GARRPCH013
1339,PCHES028986,SmallHydro,SUDESTE,30.0,-20.328147,-40.636850,plant,reference,,,S.PEDRPCH013
1340,PCHES030265,SmallHydro,SUDESTE,3.8,-20.834167,-41.122500,plant,reference,,,SGRAND-SP230
1341,PCHES035297,SmallHydro,SUDESTE,10.5,-19.965278,-41.076111,plant,reference,,,SLUIZ-PCH013
1342,PCHGO001147,SmallHydro,SUDESTE,30.0,-18.067500,-51.167500,plant,reference,,,IRARA-PCH013
1343,PCHGO026879,SmallHydro,SUDESTE,3.01,-15.516490,-49.485221,plant,reference,,,SGRAND-SP230
1344,PCHGO027533,SmallHydro,SUDESTE,18.0,-16.591565,-51.806203,plant,reference,,,PIRAN-PCH013
1345,PCHGO028182,SmallHydro,SUDESTE,11.6,-14.371036,-46.320978,plant,reference,,,IACIA-PCH006
1346,PCHGO028183,SmallHydro,SUDESTE,13.0,-14.358039,-46.197964,plant,reference,,,IACIA-PCH006
1347,PCHGO028184,SmallHydro,SUDESTE,13.4,-14.306394,-46.199934,plant,reference,,,IACIA-PCH006
1348,PCHGO028388,SmallHydro,SUDESTE,24.66,-13.412197,-46.369172,plant,reference,,,SDOII-PCH013
1349,PCHGO028541,SmallHydro,SUDESTE,30.0,-16.342685,-51.439037,plant,reference,,,MOSQUIPCH013
1350,PCHGO028737,SmallHydro,SUDESTE,17.0,-18.788333,-52.375278,plant,reference,,,PLANALPCH013
1351,PCHGO028771,SmallHydro,SUDESTE,18.0,-18.819722,-52.177500,plant,reference,,,RVELMOPCH013
1352,PCHGO028803,SmallHydro,SUDESTE,27.0,-18.143561,-48.270401,plant,reference,,,GOIANDPCH013
1353,PCHGO028829,SmallHydro,SUDESTE,12.0,-14.688216,-46.299220,plant,reference,,,IACIA-PCH006
1354,PCHGO028834,SmallHydro,SUDESTE,30.0,-17.944725,-51.726233,plant,reference,,,JATAI-PCH013
1355,PCHGO029066,SmallHydro,SUDESTE,21.0,-18.061886,-48.209867,plant,reference,,,NVAUROPCH013
1356,PCHGO029118,SmallHydro,SUDESTE,14.2,-18.736111,-52.296389,plant,reference,,,PONTALPCH013
1357,PCHGO029119,SmallHydro,SUDESTE,30.0,-16.441508,-51.399656,plant,reference,,,CAIAPOPCH013
1358,PCHGO029648,SmallHydro,SUDESTE,29.328,-16.535278,-51.480278,plant,reference,,,TAMBORPCH006
1359,PCHGO029663,SmallHydro,SUDESTE,16.0,-16.481111,-51.416944,plant,reference,,,RENIC-PCH006
1360,PCHGO030272,SmallHydro,SUDESTE,30.0,-18.730958,-51.798367,plant,reference,,,QUEIX-PCH013
1361,PCHGO030312,SmallHydro,SUDESTE,12.06,-13.395278,-46.390278,plant,reference,,,GALHI-PCH013
1362,PCHGO030973,SmallHydro,SUDESTE,30.0,-17.653931,-50.476914,plant,reference,,,VERDE8PCH013
1363,PCHGO031327,SmallHydro,SUDESTE,30.0,-17.727754,-50.451931,plant,reference,,,YPE---PCH013
1364,PCHGO031575,SmallHydro,SUDESTE,16.5,-17.971094,-51.762384,plant,reference,,,FAZVELPCH013
1365,PCHGO035111,SmallHydro,SUDESTE,12.0,-16.481270,-47.775842,plant,siga:Operação,PCH.PH.GO.035111-3.1,Luziânia - GO,SBARTOPCH006
1366,PCHGO035112,SmallHydro,SUDESTE,14.0,-16.645727,-47.832245,plant,siga:Operação,PCH.PH.GO.035112-1.1,"Cristalina - GO, Luziânia - GO",GAMELEPCH006
1367,PCHGO035113,SmallHydro,SUDESTE,15.8,-16.785056,-47.885108,plant,reference,,,TAMBOLPCH013
1368,PCHMG000104,SmallHydro,SUDESTE,1.56,-21.481540,-43.462162,plant,reference,,,GUARI-PCH013
1369,PCHMG000141,SmallHydro,SUDESTE,5.149,-22.153308,-44.090428,plant,reference,,,SAPZALPCH006
1370,PCHMG000291,SmallHydro,SUDESTE,19.0,-22.008889,-43.265278,plant,siga:Operação,PCH.PH.MG.000291-7.1,"Comendador Levy Gasparian - RJ, Simão Pereira - MG",BONFA-PCH013
1371,PCHMG000836,SmallHydro,SUDESTE,5.6,-19.163639,-43.671333,plant,reference,,,PLEOP3-MG138
1372,PCHMG001047,SmallHydro,SUDESTE,15.8,-20.182890,-42.365629,plant,reference,,,GRANADPCH006
1373,PCHMG001078,SmallHydro,SUDESTE,5.4,-21.488927,-43.455202,plant,reference,,,GUARI-PCH013
1374,PCHMG001361,SmallHydro,SUDESTE,1.72,-15.522475,-41.511117,plant,reference,,,BI+CH-UTE013
1375,PCHMG001454,SmallHydro,SUDESTE,10.685,-22.033392,-43.782588,plant,reference,,,NGUAPOPCH013
1376,PCHMG001932,SmallHydro,SUDESTE,1.92,-22.180359,-44.277777,plant,reference,,,MINDUR-MG138
1377,PCHMG001934,SmallHydro,SUDESTE,23.0,-19.486111,-47.541667,plant,reference,,,PJOAQ-UHE013
1378,PCHMG001977,SmallHydro,SUDESTE,4.28,-18.638542,-43.965399,plant,reference,,,SLOUREPCH013
1379,PCHMG002069,SmallHydro,SUDESTE,20.0,-19.769040,-41.788447,plant,reference,,,PIPOCAPCH013
1380,PCHMG002070,SmallHydro,SUDESTE,3.34,-22.547658,-45.361850,plant,reference,,,ITAJU1-MG138
1381,PCHMG002092,SmallHydro,SUDESTE,30.0,-21.806731,-46.135046,plant,reference,,,PFUNDOPCH013
1382,PCHMG002345,SmallHydro,SUDESTE,9.28,-20.213333,-43.731667,plant,reference,,,RPEDRAPCH013
1383,PCHMG002856,SmallHydro,SUDESTE,2.88,-20.914528,-42.026944,plant,reference,,,SGRAND-SP230
1384,PCHMG026798,SmallHydro,SUDESTE,6.82,-22.600833,-45.547483,plant,reference,,,SBERNAPCH013
1385,PCHMG027066,SmallHydro,SUDESTE,4.0,-20.476667,-43.446389,plant,reference,,,ALCAN-PCH013
1386,PCHMG027207,SmallHydro,SUDESTE,9.0,-20.227689,-41.996003,plant,reference,,,MANHUAPCH006
1387,PCHMG027530,SmallHydro,SUDESTE,23.0,-18.939976,-42.486217,plant,reference,,,BPACIEPCH013
1388,PCHMG027532,SmallHydro,SUDESTE,24.4,-21.302678,-42.912531,plant,reference,,,TRIUNFPCH006
1389,PCHMG027534,SmallHydro,SUDESTE,24.3,-21.374049,-42.993782,plant,reference,,,PONTE-PCH006
1390,PCHMG027572,SmallHydro,SUDESTE,7.5,-19.986667,-41.719167,plant,reference,,,V.ALEGPCH013
1391,PCHMG027576,SmallHydro,SUDESTE,10.0,-22.493609,-45.330010,plant,reference,,,NAGUIAPCH013
1392,PCHMG027645,SmallHydro,SUDESTE,22.5,-19.085682,-42.852582,plant,reference,,,FUNIL-PCH013
1393,PCHMG027673,SmallHydro,SUDESTE,11.0,-19.813000,-43.266793,plant,reference,,,SGONCAPCH006
1394,PCHMG027722,SmallHydro,SUDESTE,29.232,-21.479174,-42.845210,plant,reference,,,NUMAURPCH006
1395,PCHMG027727,SmallHydro,SUDESTE,12.4,-21.345035,-42.970784,plant,reference,,,PALESTPCH006
1396,PCHMG027728,SmallHydro,SUDESTE,10.0,-19.519959,-42.766671,plant,reference,,,IPATINPCH013
1397,PCHMG027729,SmallHydro,SUDESTE,9.0,-20.047222,-41.743333,plant,reference,,,VARGINPCH013
1398,PCHMG027730,SmallHydro,SUDESTE,3.8,-22.162188,-45.277468,plant,reference,,,MFE2---MG138
1399,PCHMG027731,SmallHydro,SUDESTE,15.0,-20.701801,-42.064030,plant,reference,,,CARANGPCH013
1400,PCHMG027842,SmallHydro,SUDESTE,14.0,-18.947334,-42.529307,plant,reference,,,CGRADBPCH013
1401,PCHMG027870,SmallHydro,SUDESTE,7.8,-21.702888,-46.575858,plant,reference,,,RONDONPCH013
1402,PCHMG027910,SmallHydro,SUDESTE,19.8,-19.613947,-41.803443,plant,reference,,,AREIABPCH013
1403,PCHMG027940,SmallHydro,SUDESTE,27.0,-19.436880,-41.614391,plant,reference,,,CACHOEPCH013
1404,PCHMG027957,SmallHydro,SUDESTE,10.0,-20.452937,-43.272831,plant,reference,,,PNVTOTPCH013
1405,PCHMG027958,SmallHydro,SUDESTE,22.7,-21.084515,-42.343719,plant,reference,,,ENCOBEPCH006
1406,PCHMG028036,SmallHydro,SUDESTE,1.816,-22.115351,-44.839672,plant,reference,,,CAXAMB-MG138
1407,PCHMG028175,SmallHydro,SUDESTE,6.0,-20.362502,-43.212369,plant,reference,,,PNVTOTPCH013
1408,PCHMG028426,SmallHydro,SUDESTE,9.0,-18.893550,-42.684975,plant,reference,,,FORTUNPCH013
1409,PCHMG028607,SmallHydro,SUDESTE,24.0,-16.192118,-47.173493,plant,reference,,,MVELHAPCH013
1410,PCHMG028670,SmallHydro,SUDESTE,20.0,-18.599898,-41.848317,plant,reference,,,PAIOL-PCH013
1411,PCHMG028673,SmallHydro,SUDESTE,26.0,-16.186389,-47.028056,plant,reference,,,UNAIBAPCH013
1412,PCHMG028735,SmallHydro,SUDESTE,12.0,-19.038190,-42.923788,plant,reference,,,SPORTOPCH013
1413,PCHMG028749,SmallHydro,SUDESTE,9.0,-19.002383,-42.946628,plant,reference,,,JACAREPCH013
1414,PCHMG028781,SmallHydro,SUDESTE,14.0,-19.068082,-42.889961,plant,reference,,,DGUANHPCH013
1415,PCHMG028807,SmallHydro,SUDESTE,21.69,-18.688333,-49.009167,plant,reference,,,PIEDADPCH013
1416,PCHMG028842,SmallHydro,SUDESTE,19.1,-17.595094,-40.986122,plant,reference,,,MUCURIPCH013
1417,PCHMG028987,SmallHydro,SUDESTE,6.0,-19.535937,-42.125631,plant,reference,,,INHAP2-MG138
1418,PCHMG029646,SmallHydro,SUDESTE,19.0,-18.681027,-48.499657,plant,reference,,,MALAGOPCH013
1419,PCHMG030148,SmallHydro,SUDESTE,2.88,-20.775017,-44.695974,plant,reference,,,CLAUD2-MG138
1420,PCHMG030542,SmallHydro,SUDESTE,3.4,-20.363956,-44.195728,plant,reference,,,SGRAND-SP230
1421,PCHMG030556,SmallHydro,SUDESTE,4.0,-20.388686,-44.187590,plant,reference,,,SGRAND-SP230
1422,PCHMG030597,SmallHydro,SUDESTE,8.0,-21.315000,-42.945000,plant,reference,,,ZETUNIPCH006
1423,PCHMG030961,SmallHydro,SUDESTE,5.335,-17.755931,-44.473320,plant,reference,,,VPALM1-MG138
1424,PCHMG031207,SmallHydro,SUDESTE,30.0,-18.362897,-43.959956,plant,reference,,,SAGULHPCH013
1425,PCHMG033465,SmallHydro,SUDESTE,29.9,-21.608590,-45.461148,plant,reference,,,BOAVI2PCH013
1426,PCHMS000872,SmallHydro,SUDESTE,16.0,-18.558875,-53.134386,plant,reference,,,CRICA-PCH013
1427,PCHMS027587,SmallHydro,SUDESTE,21.6,-19.041223,-52.999911,plant,reference,,,PARAISPCH013
1428,PCHMS028753,SmallHydro,SUDESTE,30.0,-19.335393,-52.672126,plant,reference,,,BURITIPCH013
1429,PCHMS028817,SmallHydro,SUDESTE,29.0,-19.245838,-52.881092,plant,reference,,,ASUCURPCH013
1430,PCHMS028995,SmallHydro,SUDESTE,28.03,-19.473986,-52.541451,plant,reference,,,PPEDRAPCH013
1431,PCHMS029013,SmallHydro,SUDESTE,13.0,-19.410278,-54.493056,plant,reference,,,PALTA-PCH013
1432,PCHMS029260,SmallHydro,SUDESTE,19.0,-19.976667,-53.271667,plant,reference,,,VERDE4PCH013
1433,PCHMS029261,SmallHydro,SUDESTE,28.0,-19.874444,-53.368611,plant,reference,,,VERD4APCH013
1434,PCHMS030078,SmallHydro,SUDESTE,20.0,-19.282778,-52.397778,plant,reference,,,FIGUE-PCH013
1435,PCHMS030079,SmallHydro,SUDESTE,12.5,-19.200000,-52.353333,plant,reference,,,GUATA-PCH013
1436,PCHMS031438,SmallHydro,SUDESTE,8.838,-19.057638,-52.532074,plant,reference,,,LAJEADPCH034
1437,PCHMS032163,SmallHydro,SUDESTE,28.0,-19.529803,-52.518144,plant,reference,,,BANDEIPCH013
1438,PCHMS033893,SmallHydro,SUDESTE,18.0,-19.545278,-52.505278,plant,reference,,,AREAD-PCH013
1439,PCHMT000066,SmallHydro,SUDESTE,0.8,-17.298287,-53.218809,plant,reference,,,C.MAGAPCH013
1440,PCHMT000077,SmallHydro,SUDESTE,21.96,-15.043885,-58.749007,plant,reference,,,BRENA-PCH013
1441,PCHMT000078,SmallHydro,SUDESTE,1.68,-14.478299,-56.391933,plant,reference,,,DIAMANPCH013
1442,PCHMT000161,SmallHydro,SUDESTE,6.6,-13.098056,-54.817500,plant,reference,,,ARS---PCH013
1443,PCHMT000233,SmallHydro,SUDESTE,18.0,-13.320332,-57.597563,plant,reference,,,BARUI-PCH013
1444,PCHMT000331,SmallHydro,SUDESTE,10.0,-13.405394,-58.598756,plant,reference,,,BURIT-PCH006
1445,PCHMT000607,SmallHydro,SUDESTE,4.23,-14.346209,-56.794901,plant,reference,,,DIAMANPCH013
1446,PCHMT000646,SmallHydro,SUDESTE,28.0,-12.793178,-56.008014,plant,reference,,,CQUEB-PCH013
1447,PCHMT002155,SmallHydro,SUDESTE,8.12,-15.381144,-54.412078,plant,reference,,,PRIMAVPCH034
1448,PCHMT002547,SmallHydro,SUDESTE,13.0,-12.904022,-58.913291,plant,reference,,,PARECIPCH013
1449,PCHMT002581,SmallHydro,SUDESTE,4.0,-14.869054,-53.301754,plant,reference,,,SGRAND-SP230
1450,PCHMT002832,SmallHydro,SUDESTE,9.6,-9.778611,-54.988611,plant,reference,,,BNRTIIPCH013
1451,PCHMT002862,SmallHydro,SUDESTE,2.4,-16.299722,-52.707500,plant,reference,,,SGRAND-SP230
1452,PCHMT027110,SmallHydro,SUDESTE,3.52,-15.364167,-55.434722,plant,reference,,,SGRAND-SP230
1453,PCHMT027111,SmallHydro,SUDESTE,1.794,-14.633709,-53.912934,plant,reference,,,CULUENPCH013
1454,PCHMT027112,SmallHydro,SUDESTE,5.18,-9.833333,-55.016111,plant,reference,,,BNOR1-PCH013
1455,PCHMT027176,SmallHydro,SUDESTE,14.16,-9.631645,-54.973460,plant,reference,,,BNOR3-PCH013
1456,PCHMT027216,SmallHydro,SUDESTE,26.0,-15.130052,-58.729770,plant,reference,,,OMBRE-PCH013
1457,PCHMT027274,SmallHydro,SUDESTE,2.135,-13.630229,-59.872510,plant,reference,,,COMODOPCH013
1458,PCHMT027326,SmallHydro,SUDESTE,27.0,-14.457307,-59.507542,plant,reference,,,SCORG-PCH013
1459,PCHMT027370,SmallHydro,SUDESTE,28.0,-15.261111,-58.721389,plant,reference,,,INDIA-PCH013
1460,PCHMT027416,SmallHydro,SUDESTE,1.2,-15.838777,-54.381857,plant,reference,,,PXOREUPCH013
1461,PCHMT027987,SmallHydro,SUDESTE,5.0,-13.543814,-59.030623,plant,reference,,,SLUCI-PCH013
1462,PCHMT028168,SmallHydro,SUDESTE,5.3,-11.311111,-59.223333,plant,reference,,,JUINA-PCH013
1463,PCHMT028203,SmallHydro,SUDESTE,19.0,-15.287341,-58.711228,plant,reference,,,SALTO-PCH013
1464,PCHMT028393,SmallHydro,SUDESTE,6.3,-16.104566,-55.345138,plant,reference,,,JONAS-PCH013
1465,PCHMT028395,SmallHydro,SUDESTE,7.6,-13.544332,-59.030148,plant,reference,,,SLUCIIPCH013
1466,PCHMT028482,SmallHydro,SUDESTE,2.8,-13.020538,-60.111992,plant,reference,,,SGRAND-SP230
1467,PCHMT028772,SmallHydro,SUDESTE,14.0,-9.683613,-54.963334,plant,reference,,,BNOR4-PCH013
1468,PCHMT028780,SmallHydro,SUDESTE,30.0,-10.164724,-59.456956,plant,reference,,,FAXINAPCH013
1469,PCHMT028796,SmallHydro,SUDESTE,30.0,-13.022639,-58.186917,plant,reference,,,SACRE2PCH013
1470,PCHMT028806,SmallHydro,SUDESTE,18.0,-15.739450,-55.529589,plant,reference,,,STADEUPCH013
1471,PCHMT028818,SmallHydro,SUDESTE,22.302,-13.317428,-59.034017,plant,siga:Operação,PCH.PH.MT.028818-7.1,"Campos de Júlio - MT, Sapezal - MT",PARECIPCH013
1472,PCHMT028819,SmallHydro,SUDESTE,15.4,-13.074167,-58.975389,plant,reference,,,PARECIPCH013
1473,PCHMT028820,SmallHydro,SUDESTE,30.0,-12.848586,-58.926092,plant,reference,,,PARECIPCH013
1474,PCHMT028821,SmallHydro,SUDESTE,16.0,-13.265556,-59.019444,plant,reference,,,SAPZALPCH006
1475,PCHMT028822,SmallHydro,SUDESTE,26.118,-13.223833,-59.026806,plant,reference,,,PARECIPCH013
1476,PCHMT028825,SmallHydro,SUDESTE,29.1,-16.217597,-54.944440,plant,reference,,,SLOUREPCH013
1477,PCHMT028832,SmallHydro,SUDESTE,29.02,-13.852094,-53.256311,plant,reference,,,PARAN-PCH013
1478,PCHMT028835,SmallHydro,SUDESTE,20.16,-13.197997,-58.983811,plant,reference,,,PARECIPCH013
1479,PCHMT028836,SmallHydro,SUDESTE,17.0,-13.369972,-59.012639,plant,reference,,,PARECIPCH013
1480,PCHMT028837,SmallHydro,SUDESTE,4.5,-15.991944,-55.087222,plant,reference,,,SUCUPIPCH013
1481,PCHMT028838,SmallHydro,SUDESTE,6.0,-16.003333,-55.115278,plant,reference,,,PEQUI-PCH013
1482,PCHMT028845,SmallHydro,SUDESTE,23.7,-16.712967,-54.748370,plant,reference,,,J.GELAPCH006
1483,PCHMT028848,SmallHydro,SUDESTE,26.6,-16.667014,-54.735575,plant,reference,,,RONDONPCH013
1484,PCHMT028853,SmallHydro,SUDESTE,22.0,-16.304560,-55.060016,plant,reference,,,7QUEDAPCH013
1485,PCHMT028918,SmallHydro,SUDESTE,29.3,-13.390554,-57.622697,plant,reference,,,JARAR-PCH013
1486,PCHMT028971,SmallHydro,SUDESTE,14.758,-14.391777,-56.828527,plant,reference,,,DIAMANPCH013
1487,PCHMT028996,SmallHydro,SUDESTE,24.0,-17.537749,-54.432566,plant,reference,,,STAGABPCH013
1488,PCHMT029044,SmallHydro,SUDESTE,13.3,-16.090097,-55.073497,plant,reference,,,APRAT-PCH034
1489,PCHMT029045,SmallHydro,SUDESTE,13.05,-16.096353,-55.043369,plant,reference,,,ABRAV-PCH034
1490,PCHMT029048,SmallHydro,SUDESTE,10.8,-13.373889,-59.141944,plant,reference,,,PARECIPCH013
1491,PCHMT029145,SmallHydro,SUDESTE,19.41,-15.392608,-58.637758,plant,reference,,,FIGUEIPCH013
1492,PCHMT029184,SmallHydro,SUDESTE,30.0,-12.530253,-57.880839,plant,reference,,,BOCAIUPCH013
1493,PCHMT029367,SmallHydro,SUDESTE,27.4,-14.792986,-57.967200,plant,reference,,,TSANTAPCH013
1494,PCHMT029376,SmallHydro,SUDESTE,28.0,-14.830056,-57.911584,plant,reference,,,PAMPEAPCH013
1495,PCHMT029733,SmallHydro,SUDESTE,30.0,-10.354911,-56.985671,plant,reference,,,C.BOI-PCH013
1496,PCHMT029734,SmallHydro,SUDESTE,27.0,-10.330847,-56.981663,plant,reference,,,DFAZENPCH013
1497,PCHMT030042,SmallHydro,SUDESTE,2.4,-13.779092,-59.772131,plant,reference,,,COMODOPCH013
1498,PCHMT030185,SmallHydro,SUDESTE,10.5,-14.332939,-57.616127,plant,reference,,,MARACAPCH013
1499,PCHMT030408,SmallHydro,SUDESTE,5.76,-14.611279,-57.744975,plant,reference,,,ITANRTPCH013
1500,PCHMT030642,SmallHydro,SUDESTE,21.8,-13.355531,-57.613867,plant,reference,,,INXU--PCH013
1501,PCHMT031042,SmallHydro,SUDESTE,14.0,-13.603611,-56.200278,plant,reference,,,MUTUM-PCH013
1502,PCHMT033386,SmallHydro,SUDESTE,20.88,-17.931389,-53.381389,plant,reference,,,LAJARIPCH013
1503,PCHMT033916,SmallHydro,SUDESTE,5.2,-16.451719,-55.316556,plant,reference,,,MANTO-PCH006
1504,PCHMT034560,SmallHydro,SUDESTE,24.0,-12.751403,-56.032422,plant,reference,,,FCEDR-PCH013
1505,PCHMT034705,SmallHydro,SUDESTE,14.0,-15.205911,-59.012511,plant,reference,,,NGUAPOPCH013
1506,PCHMT034865,SmallHydro,SUDESTE,9.11,-14.420500,-57.818749,plant,reference,,,RECANTPCH013
1507,PCHMT034966,SmallHydro,SUDESTE,25.0,-13.385625,-59.392358,plant,reference,,,JU117-PCH013
1508,PCHMT037309,SmallHydro,SUDESTE,6.5,-16.182500,-55.015000,plant,reference,,,BELEZAPCH034
1509,PCHMT037328,SmallHydro,SUDESTE,28.0,-13.796422,-56.699894,plant,reference,,,PERDI-PCH013
1557,PCHRJ000140,SmallHydro,SUDESTE,18.0,-22.226250,-43.078158,plant,reference,,,AREAL-PCH013
1558,PCHRJ000922,SmallHydro,SUDESTE,1.4,-21.914389,-42.257902,plant,siga:Operação,CGH.PH.RJ.000922-9.1,Cantagalo - RJ,C_PONTUTE013
1559,PCHRJ000992,SmallHydro,SUDESTE,4.5,-21.072495,-41.721803,plant,reference,,,CRUZAMPCH013
1560,PCHRJ001306,SmallHydro,SUDESTE,17.0,-22.702778,-43.881111,plant,reference,,,LAJES-PCH013
1561,PCHRJ001347,SmallHydro,SUDESTE,21.0,-22.139286,-42.098058,plant,reference,,,MACABUPCH013
1562,PCHRJ001498,SmallHydro,SUDESTE,25.0,-22.020940,-43.299454,plant,reference,,,MONSE-PCH013
1563,PCHRJ001959,SmallHydro,SUDESTE,25.0,-22.671054,-43.755608,plant,reference,,,PARACAPCH013
1564,PCHRJ002051,SmallHydro,SUDESTE,9.0,-22.209389,-43.138306,plant,reference,,,PIABANPCH013
1565,PCHRJ026732,SmallHydro,SUDESTE,30.0,-22.122150,-42.309709,plant,reference,,,STROSAPCH013
1566,PCHRJ027672,SmallHydro,SUDESTE,19.0,-20.986568,-41.710505,plant,reference,,,CALHEIPCH006
1567,PCHRJ028752,SmallHydro,SUDESTE,30.0,-22.032955,-43.154435,plant,reference,,,STAFE-PCH013
1568,PCHRJ028798,SmallHydro,SUDESTE,2.547,-21.912604,-41.956997,plant,reference,,,SGRAND-SP230
1569,PCHRJ029111,SmallHydro,SUDESTE,1.6,-21.185710,-42.099897,plant,reference,,,SELIS-UTE013
1570,PCHRJ029726,SmallHydro,SUDESTE,10.0,-21.899040,-42.048725,plant,reference,,,CAJU--PCH013
1571,PCHRJ029727,SmallHydro,SUDESTE,13.2,-21.937189,-42.090018,plant,reference,,,S.S.ALPCH013
1572,PCHRJ029728,SmallHydro,SUDESTE,8.0,-22.139449,-42.352057,plant,reference,,,S.ANTOPCH013
1573,PCHRJ030001,SmallHydro,SUDESTE,11.63,-22.790961,-44.239250,plant,reference,,,DGUANHPCH013
1574,PCHRJ030600,SmallHydro,SUDESTE,14.0,-22.189864,-42.891746,plant,reference,,,POCFU-PCH006
1575,PCHRJ032922,SmallHydro,SUDESTE,2.68,-22.298879,-43.177131,plant,reference,,,SGRAND-SP230
1707,PCHSP000089,SmallHydro,SUDESTE,30.0,-22.699003,-47.284172,plant,reference,,,AMERI-PCH006
1708,PCHSP000904,SmallHydro,SUDESTE,5.04,-20.839876,-47.302157,plant,reference,,,SGRAND-SP230
1709,PCHSP001185,SmallHydro,SUDESTE,15.0,-23.744737,-46.127604,plant,reference,,,CANARA-MT230
1710,PCHSP001257,SmallHydro,SUDESTE,1.55,-23.813644,-47.674032,plant,reference,,,ITUMBI-MG500
1711,PCHSP001343,SmallHydro,SUDESTE,2.88,-22.716729,-47.651583,plant,reference,,,SGRAND-SP230
1712,PCHSP001479,SmallHydro,SUDESTE,7.2,-22.379798,-46.900720,plant,reference,,,S.S.ALPCH013
1713,PCHSP002688,SmallHydro,SUDESTE,4.873,-23.149425,-47.794499,plant,reference,,,S.JUANPCH013
1714,PCHSP002707,SmallHydro,SUDESTE,1.45,-21.744493,-47.411349,plant,reference,,,COLOMBUTE013
1715,PCHSP026844,SmallHydro,SUDESTE,8.05,-20.581552,-47.780070,plant,reference,,,US.SJOPCH013
1716,PCHSP027065,SmallHydro,SUDESTE,10.8,-20.666869,-47.653983,plant,reference,,,LAJEADPCH034
1717,PCHSP027096,SmallHydro,SUDESTE,2.16,-23.281184,-47.240576,plant,siga:Operação,CGH.PH.SP.027096-2.1,Itu - SP,SGRAND-SP230
1718,PCHSP027107,SmallHydro,SUDESTE,4.3,-21.881739,-47.802028,plant,reference,,,VERDE8PCH013
1719,PCHSP027108,SmallHydro,SUDESTE,19.0,-22.260356,-46.718930,plant,reference,,,ELOY--PCH006
1720,PCHSP027109,SmallHydro,SUDESTE,11.8,-22.819583,-46.877779,plant,reference,,,JAGUARPCH006
1721,PCHSP027228,SmallHydro,SUDESTE,6.8,-22.276287,-46.762145,plant,reference,,,PINHALPCH006
1722,PCHSP027984,SmallHydro,SUDESTE,3.88,-21.412894,-47.334767,plant,reference,,,SGRAND-SP230
1723,PCHSP028024,SmallHydro,SUDESTE,1.12,-22.716289,-47.654329,plant,reference,,,CCFLORUTE013
1724,PCHSP028187,SmallHydro,SUDESTE,2.704,-23.841809,-47.653585,plant,reference,,,SGRAND-SP230
1725,PCHSP028188,SmallHydro,SUDESTE,1.3,-23.836306,-47.659950,plant,reference,,,CSTG12UTE013
1726,PCHSP028734,SmallHydro,SUDESTE,22.68,-20.494113,-47.859170,plant,reference,,,ANHANGPCH013
1727,PCHSP028738,SmallHydro,SUDESTE,16.0,-20.438167,-47.888000,plant,reference,,,RETIR-UHE006
1728,PCHSP028800,SmallHydro,SUDESTE,16.5,-20.547778,-47.813611,plant,reference,,,PALME-UHE006
1729,PCHSP028823,SmallHydro,SUDESTE,4.0,-21.938056,-46.815833,plant,reference,,,BAIXAD-SP230
1730,PCHSP028826,SmallHydro,SUDESTE,3.0,-21.874248,-46.886610,plant,reference,,,SGRAND-SP230
1731,PCHSP029114,SmallHydro,SUDESTE,30.0,-22.567980,-44.863359,plant,reference,,,LAVRINPCH006
1732,PCHSP029115,SmallHydro,SUDESTE,30.0,-22.543764,-44.795976,plant,reference,,,QUELUZPCH006
1733,PCHSP029721,SmallHydro,SUDESTE,25.024,-23.391333,-46.994992,plant,reference,,,PIRAPOPCH013
1734,PCHSP031107,SmallHydro,SUDESTE,10.5,-22.874131,-49.215342,plant,reference,,,P.BRANPCH013
1850,UFVES043225,Solar,SUDESTE,0.758,-20.155000,-40.231111,plant,siga:Operação,UFV.RS.ES.043225-3.1,Serra - ES,VIANA2-ES500
1851,UFVES048831,Solar,SUDESTE,0.29,-18.676944,-40.815833,plant,reference,,,SGRAND-SP230
1852,UFVES060651,Solar,SUDESTE,0.36,-18.755629,-40.746370,plant,reference,,,SGRAND-SP230
1853,UFVES062877,Solar,SUDESTE,0.44,-20.748511,-41.178364,plant,siga:Operação,UFV.RS.ES.062877-8.1,Cachoeiro de Itapemirim - ES,R.N.S.-ES500
1854,UFVES071334,Solar,SUDESTE,0.46,-19.495472,-40.663222,plant,siga:Operação,UFV.RS.ES.071334-1.1,Colatina - ES,JNEIV2-ES345
1855,UFVES072167,Solar,SUDESTE,1.76,-20.117410,-40.188900,plant,siga:Operação,UFV.RS.ES.072167-0.1,Serra - ES,JNEIV2-ES345
1856,UFVGO061525,Solar,SUDESTE,0.75,-16.616111,-48.793611,plant,siga:Operação,UFV.RS.GO.061525-0.1,Leopoldo de Bulhões - GO,SILVAN-GO500
1857,UFVGO062076,Solar,SUDESTE,0.99,-16.580000,-48.300000,bus-proxy,bus:SILVAN-GO500,,,SILVAN-GO500
1858,UFVGO071734,Solar,SUDESTE,0.3,-16.370556,-48.964722,plant,siga:Operação,UFV.RS.GO.071734-7.1,Anápolis - GO,TRINDA-GO500
1859,UFVGO071739,Solar,SUDESTE,0.14,-16.396389,-48.979444,plant,siga:Operação,UFV.RS.GO.071739-8.1,Anápolis - GO,TRINDA-GO500
1860,UFVGO071740,Solar,SUDESTE,0.22,-16.331944,-48.919722,plant,siga:Operação,UFV.RS.GO.071740-1.1,Anápolis - GO,SILVAN-GO500
1861,UFVGO071741,Solar,SUDESTE,0.3,-16.352056,-48.920083,plant,siga:Operação,UFV.RS.GO.071741-0.1,Anápolis - GO,SILVAN-GO500
1862,UFVMG031760,Solar,SUDESTE,1.42,-19.865556,-43.971111,plant,reference,,,MARACA-MG138
1863,UFVMG032323,Solar,SUDESTE,9.125,-15.492781,-44.392714,plant,reference,,,ITAPU-UFV013
1864,UFVMG032339,Solar,SUDESTE,27.0,-17.405248,-44.887021,plant,reference,,,VAZAN-UFV034
1865,UFVMG032340,Solar,SUDESTE,27.0,-17.414313,-44.909591,plant,reference,,,VAZAN-UFV034
1866,UFVMG032341,Solar,SUDESTE,27.0,-17.407623,-44.915394,plant,reference,,,VAZAN-UFV034
1867,UFVMG033185,Solar,SUDESTE,31.0,-17.408649,-44.873551,plant,reference,,,PIRAP2UFV034
1868,UFVMG033186,Solar,SUDESTE,31.0,-17.408664,-44.885444,plant,reference,,,PIRAP2UFV034
1869,UFVMG033187,Solar,SUDESTE,31.0,-17.408664,-44.885444,plant,reference,,,PIRAP2UFV034
1870,UFVMG033188,Solar,SUDESTE,31.0,-17.408657,-44.889728,plant,reference,,,PIRAP1UFV034
1871,UFVMG033189,Solar,SUDESTE,31.0,-17.408444,-44.896130,plant,reference,,,PIRAP1UFV034
1872,UFVMG033190,Solar,SUDESTE,31.0,-17.408193,-44.901487,plant,reference,,,PIRAP1UFV034
1873,UFVMG033192,Solar,SUDESTE,31.0,-17.407656,-44.912202,plant,reference,,,PIRAP1UFV034
1874,UFVMG033193,Solar,SUDESTE,31.0,-17.406791,-44.918605,plant,reference,,,PIRAP1UFV034
1875,UFVMG033236,Solar,SUDESTE,33.0,-16.309564,-43.666986,plant,reference,,,FSA1--UFV034
1876,UFVMG033237,Solar,SUDESTE,33.0,-16.302253,-43.665394,plant,reference,,,FSA1--UFV034
1877,UFVMG033238,Solar,SUDESTE,33.0,-16.297572,-43.663397,plant,reference,,,FSA1--UFV034
1878,UFVMG033990,Solar,SUDESTE,33.0,-17.220268,-47.092238,plant,reference,,,PARA4-UFV034
1879,UFVMG033991,Solar,SUDESTE,33.0,-17.223850,-47.087188,plant,reference,,,PARA4-UFV034
1880,UFVMG033999,Solar,SUDESTE,33.0,-17.213422,-47.089155,plant,reference,,,PARA4-UFV034
1881,UFVMG034000,Solar,SUDESTE,33.0,-17.220138,-47.092200,plant,reference,,,PARA4-UFV034
1882,UFVMG034073,Solar,SUDESTE,32.55,-18.824421,-46.674484,plant,reference,,,GUIMA1UFV034
1883,UFVMG034074,Solar,SUDESTE,32.55,-18.816624,-46.690430,plant,reference,,,GUIMA2UFV034
1884,UFVMG034392,Solar,SUDESTE,33.0,-15.349722,-43.630000,plant,reference,,,JAIB3-UFV034
1885,UFVMG034394,Solar,SUDESTE,33.0,-15.341944,-43.627222,plant,reference,,,JAIB3-UFV034
1886,UFVMG035805,Solar,SUDESTE,22.5,-15.351389,-43.618882,plant,reference,,,JAIB3-UFV034
1887,UFVMG037390,Solar,SUDESTE,39.496,-15.363764,-43.790353,plant,siga:Operação,UFV.RS.MG.037390-7.1,Jaíba - MG,AC-1B-UFV034
1888,UFVMG037403,Solar,SUDESTE,39.496,-15.360469,-43.808897,plant,siga:Operação,UFV.RS.MG.037403-2.1,Jaíba - MG,AC-1B-UFV034
1889,UFVMG037404,Solar,SUDESTE,39.496,-15.359322,-43.798886,plant,siga:Operação,UFV.RS.MG.037404-0.1,Jaíba - MG,AC-1B-UFV034
1890,UFVMG037405,Solar,SUDESTE,39.496,-15.367117,-43.794994,plant,siga:Operação,UFV.RS.MG.037405-9.1,Jaíba - MG,AC-1B-UFV034
1891,UFVMG037548,Solar,SUDESTE,39.496,-15.372267,-43.787853,plant,siga:Operação,UFV.RS.MG.037548-9.1,Jaíba - MG,AC-1A-UFV034
1892,UFVMG037549,Solar,SUDESTE,39.496,-15.380614,-43.785928,plant,siga:Operação,UFV.RS.MG.037549-7.1,Jaíba - MG,AC-1A-UFV034
1893,UFVMG037550,Solar,SUDESTE,29.622,-15.392053,-43.787314,plant,siga:Operação,UFV.RS.MG.037550-0.1,Jaíba - MG,AC-1A-UFV034
1894,UFVMG037551,Solar,SUDESTE,39.496,-15.396519,-43.803381,plant,siga:Operação,UFV.RS.MG.037551-9.1,Jaíba - MG,AC-1A-UFV034
1895,UFVMG037626,Solar,SUDESTE,49.37,-15.398097,-43.830661,plant,siga:Operação,UFV.RS.MG.037626-4.1,Jaíba - MG,AC-2B-UFV034
1896,UFVMG037627,Solar,SUDESTE,39.496,-15.396417,-43.803769,plant,siga:Operação,UFV.RS.MG.037627-2.1,Jaíba - MG,AC-2A-UFV034
1897,UFVMG037628,Solar,SUDESTE,49.37,-15.400558,-43.804892,plant,siga:Operação,UFV.RS.MG.037628-0.1,Jaíba - MG,AC-2B-UFV034
1898,UFVMG037629,Solar,SUDESTE,39.496,-15.407119,-43.798967,plant,siga:Operação,UFV.RS.MG.037629-9.1,Jaíba - MG,AC-2A-UFV034
1899,UFVMG037630,Solar,SUDESTE,39.496,-15.402331,-43.791306,plant,siga:Operação,UFV.RS.MG.037630-2.1,Jaíba - MG,AC-2B-UFV034
1900,UFVMG037631,Solar,SUDESTE,39.496,-15.425492,-43.818008,plant,siga:Operação,UFV.RS.MG.037631-0.1,Jaíba - MG,AC-2B-UFV034
1901,UFVMG037632,Solar,SUDESTE,39.496,-15.429233,-43.803669,plant,siga:Operação,UFV.RS.MG.037632-9.1,Jaíba - MG,AC-2A-UFV034
1902,UFVMG037633,Solar,SUDESTE,39.496,-15.398403,-43.786128,plant,siga:Operação,UFV.RS.MG.037633-7.1,Jaíba - MG,AC-2A-UFV034
1903,UFVMG037634,Solar,SUDESTE,39.496,-15.413656,-43.787533,plant,siga:Operação,UFV.RS.MG.037634-5.1,Jaíba - MG,AC-2B-UFV034
1904,UFVMG037830,Solar,SUDESTE,49.5,-17.361828,-44.882189,plant,reference,,,LSV2B-UFV034
1905,UFVMG037831,Solar,SUDESTE,49.5,-17.357478,-44.873869,plant,reference,,,LSV2B-UFV034
1906,UFVMG037832,Solar,SUDESTE,49.5,-17.371344,-44.923650,plant,siga:Operação,UFV.RS.MG.037832-1.1,Pirapora - MG,LSV1A-UFV034
1907,UFVMG037833,Solar,SUDESTE,49.5,-17.376969,-44.918203,plant,siga:Operação,UFV.RS.MG.037833-0.1,Pirapora - MG,LSV1B-UFV034
1908,UFVMG037834,Solar,SUDESTE,49.5,-17.375850,-44.919717,plant,siga:Operação,UFV.RS.MG.037834-8.1,Pirapora - MG,LSV2A-UFV034
1909,UFVMG037835,Solar,SUDESTE,49.5,-17.440878,-44.926247,plant,siga:Operação,UFV.RS.MG.037835-6.1,Pirapora - MG,LSV2B-UFV034
1910,UFVMG037836,Solar,SUDESTE,49.5,-17.346053,-44.860625,plant,reference,,,LSV1A-UFV034
1911,UFVMG037837,Solar,SUDESTE,49.5,-17.331389,-44.869167,plant,reference,,,LSV1A-UFV034
1912,UFVMG037838,Solar,SUDESTE,49.5,-17.348889,-44.878056,plant,reference,,,LSV1B-UFV034
1913,UFVMG037839,Solar,SUDESTE,49.5,-17.342778,-44.897222,plant,reference,,,LSV2A-UFV034
1914,UFVMG040851,Solar,SUDESTE,45.0,-19.757317,-47.040783,plant,siga:Operação,UFV.RS.MG.040851-4.1,Araxá - MG,ARAXA-UFV034
1915,UFVMG040852,Solar,SUDESTE,45.0,-19.774042,-47.049075,plant,siga:Operação,UFV.RS.MG.040852-2.1,Araxá - MG,ARAXA-UFV034
1916,UFVMG040857,Solar,SUDESTE,50.0,-15.921106,-43.476836,plant,reference,,,JA1A4-UFV034
1917,UFVMG040858,Solar,SUDESTE,50.0,-15.924822,-43.469025,plant,reference,,,JA1A4-UFV034
1918,UFVMG040859,Solar,SUDESTE,50.0,-15.934019,-43.476719,plant,reference,,,JA1A4-UFV034
1919,UFVMG040860,Solar,SUDESTE,50.0,-15.943117,-43.491981,plant,reference,,,JA1A4-UFV034
1920,UFVMG040861,Solar,SUDESTE,50.0,-15.948764,-43.501808,plant,reference,,,JA5A7-UFV034
1921,UFVMG040862,Solar,SUDESTE,50.0,-15.954753,-43.501103,plant,reference,,,JA5A7-UFV034
1922,UFVMG040863,Solar,SUDESTE,50.0,-15.970503,-43.505181,plant,reference,,,JA5A7-UFV034
1923,UFVMG040864,Solar,SUDESTE,50.0,-15.972750,-43.514286,plant,reference,,,JA8A11UFV034
1924,UFVMG040865,Solar,SUDESTE,50.0,-15.961211,-43.518331,plant,reference,,,JA8A11UFV034
1925,UFVMG040866,Solar,SUDESTE,50.0,-15.960683,-43.530942,plant,reference,,,JA8A11UFV034
1926,UFVMG040867,Solar,SUDESTE,50.0,-15.964150,-43.546889,plant,reference,,,JA8A11UFV034
1927,UFVMG040868,Solar,SUDESTE,50.0,-15.936764,-43.503556,plant,reference,,,J12A14UFV034
1928,UFVMG040869,Solar,SUDESTE,50.0,-15.938964,-43.525014,plant,reference,,,J12A14UFV034
1929,UFVMG040870,Solar,SUDESTE,50.0,-15.946847,-43.518056,plant,reference,,,J12A14UFV034
1930,UFVMG040871,Solar,SUDESTE,50.0,-15.949289,-43.527400,plant,siga:Operação,UFV.RS.MG.040871-9.1,Janaúba - MG,J15A17UFV034
1931,UFVMG040872,Solar,SUDESTE,50.0,-15.941025,-43.539767,plant,siga:Operação,UFV.RS.MG.040872-7.1,Janaúba - MG,J15A17UFV034
1932,UFVMG040873,Solar,SUDESTE,50.0,-15.918969,-43.546492,plant,siga:Operação,UFV.RS.MG.040873-5.1,Janaúba - MG,J15A17UFV034
1933,UFVMG040874,Solar,SUDESTE,50.0,-15.922947,-43.534497,plant,siga:Operação,UFV.RS.MG.040874-3.1,Janaúba - MG,J18A20UFV034
1934,UFVMG040875,Solar,SUDESTE,50.0,-15.917622,-43.521733,plant,siga:Operação,UFV.RS.MG.040875-1.1,Janaúba - MG,J18A20UFV034
1935,UFVMG040876,Solar,SUDESTE,50.0,-15.913331,-43.507628,plant,siga:Operação,UFV.RS.MG.040876-0.1,Janaúba - MG,J18A20UFV034
1936,UFVMG042991,Solar,SUDESTE,50.0,-17.535592,-44.776714,plant,siga:Operação,UFV.RS.MG.042991-0.1,Várzea da Palma - MG,HV1A3-UFV034
1937,UFVMG042992,Solar,SUDESTE,50.0,-17.524000,-44.793639,plant,siga:Operação,UFV.RS.MG.042992-9.1,Várzea da Palma - MG,HV1A3-UFV034
1938,UFVMG042993,Solar,SUDESTE,50.0,-17.545853,-44.628619,plant,siga:Operação,UFV.RS.MG.042993-7.1,Várzea da Palma - MG,HV1A3-UFV034
1939,UFVMG042994,Solar,SUDESTE,50.0,-17.520214,-44.804933,plant,siga:Operação,UFV.RS.MG.042994-5.1,Várzea da Palma - MG,HV3A5-UFV034
1940,UFVMG042995,Solar,SUDESTE,50.0,-17.517283,-44.784192,plant,siga:Operação,UFV.RS.MG.042995-3.1,Várzea da Palma - MG,HV3A5-UFV034
1941,UFVMG042996,Solar,SUDESTE,50.0,-17.502358,-44.803383,plant,siga:Operação,UFV.RS.MG.042996-1.1,Várzea da Palma - MG,HV6A8-UFV034
1942,UFVMG042997,Solar,SUDESTE,50.0,-17.497372,-44.817944,plant,siga:Operação,UFV.RS.MG.042997-0.1,Várzea da Palma - MG,HV6A8-UFV034
1943,UFVMG042998,Solar,SUDESTE,50.0,-17.490436,-44.808408,plant,siga:Operação,UFV.RS.MG.042998-8.1,Várzea da Palma - MG,HV6A8-UFV034
1944,UFVMG042999,Solar,SUDESTE,50.0,-17.494075,-44.792839,plant,siga:Operação,UFV.RS.MG.042999-6.1,Várzea da Palma - MG,HV8A10UFV034
1945,UFVMG043001,Solar,SUDESTE,50.0,-17.484169,-44.790469,plant,siga:Operação,UFV.RS.MG.043001-3.1,Várzea da Palma - MG,HV8A10UFV034
1946,UFVMG043162,Solar,SUDESTE,40.0,-15.329978,-43.618653,plant,siga:Operação,UFV.RS.MG.043162-1.1,Jaíba - MG,JAIB3-UFV034
1947,UFVMG043223,Solar,SUDESTE,3.375,-15.129444,-44.138611,plant,reference,,,ITACA2-MG138
1948,UFVMG043268,Solar,SUDESTE,3.25,-15.126667,-44.134722,plant,reference,,,ITACA2-MG138
1949,UFVMG047281,Solar,SUDESTE,30.0,-17.232258,-47.085531,plant,siga:Operação,UFV.RS.MG.047281-6.1,Paracatu - MG,SJP1A4UFV034
1950,UFVMG047282,Solar,SUDESTE,30.0,-17.240336,-47.077678,plant,siga:Operação,UFV.RS.MG.047282-4.1,Paracatu - MG,SJP1A4UFV034
1951,UFVMG047283,Solar,SUDESTE,30.0,-17.243889,-47.070308,plant,siga:Operação,UFV.RS.MG.047283-2.1,Paracatu - MG,SJP1A4UFV034
1952,UFVMG047284,Solar,SUDESTE,30.0,-17.245550,-47.063575,plant,siga:Operação,UFV.RS.MG.047284-0.1,Paracatu - MG,SJP1A4UFV034
1953,UFVMG047285,Solar,SUDESTE,30.0,-17.245025,-47.057533,plant,siga:Operação,UFV.RS.MG.047285-9.1,Paracatu - MG,SJP4A7UFV034
1954,UFVMG047286,Solar,SUDESTE,30.0,-17.244642,-47.049811,plant,siga:Operação,UFV.RS.MG.047286-7.1,Paracatu - MG,SJP4A7UFV034
1955,UFVMG047287,Solar,SUDESTE,30.0,-17.238917,-47.048639,plant,siga:Operação,UFV.RS.MG.047287-5.1,Paracatu - MG,SJP4A7UFV034
1956,UFVMG071747,Solar,SUDESTE,0.3,-19.948611,-44.130722,plant,siga:Operação,UFV.RS.MG.071747-9.1,Betim - MG,ITAJU3-MG500
1957,UFVMS051962,Solar,SUDESTE,2.0,-22.101564,-56.742653,plant,reference,,,ACARAC-MS138
1958,UFVMT035492,Solar,SUDESTE,0.9,-10.326667,-56.979444,plant,reference,,,SGRAND-SP230
1959,UFVMT051961,Solar,SUDESTE,0.96,-14.667160,-56.283734,plant,reference,,,SGRAND-SP230
1960,UFVMT060664,Solar,SUDESTE,1.5,-16.603667,-54.478328,plant,siga:Operação,UFV.RS.MT.060664-2.1,Pedra Preta - MT,CUIABA-MT500
1961,UFVMT064468,Solar,SUDESTE,1.8,-14.736041,-57.834209,plant,siga:Operação,UFV.RS.MT.064468-4.1,Tangará da Serra - MT,JAURU--MT500
1962,UFVMT071785,Solar,SUDESTE,0.55,-11.887222,-56.066667,plant,siga:Operação,UFV.RS.MT.071785-1.1,Sorriso - MT,CUIABA-MT500
1963,UFVMT072059,Solar,SUDESTE,0.225,-15.889403,-52.282950,plant,siga:Operação,UFV.RS.MT.072059-3.1,Barra do Garças - MT,TRINDA-GO500
1964,UFVMT072261,Solar,SUDESTE,0.3,-16.021111,-54.906667,plant,siga:Operação,UFV.RS.MT.072261-8.1,Juscimeira - MT,CUIABA-MT500
2097,UFVSP030977,Solar,SUDESTE,1.082,-22.815833,-47.059167,plant,reference,,,SGRAND-SP230
2098,UFVSP032312,Solar,SUDESTE,27.0,-21.466204,-51.591676,plant,reference,,,DRACE-UFV034
2099,UFVSP032313,Solar,SUDESTE,27.0,-21.459923,-51.589720,plant,reference,,,DRACE-UFV034
2100,UFVSP032315,Solar,SUDESTE,27.0,-21.450916,-51.587001,plant,reference,,,DRACE-UFV034
2101,UFVSP032326,Solar,SUDESTE,30.0,-21.885690,-49.869626,plant,reference,,,GUAIMBUFV034
2102,UFVSP032327,Solar,SUDESTE,30.0,-21.888350,-49.872857,plant,reference,,,GUAIMBUFV034
2103,UFVSP032328,Solar,SUDESTE,30.0,-21.890974,-49.876040,plant,reference,,,GUAIMBUFV034
2104,UFVSP032329,Solar,SUDESTE,30.0,-21.893387,-49.861870,plant,reference,,,GUAIMBUFV034
2105,UFVSP032330,Solar,SUDESTE,30.0,-21.898059,-49.868666,plant,reference,,,GUAIMBUFV034
2106,UFVSP034107,Solar,SUDESTE,5.0,-15.540190,-43.628300,plant,reference,,,MANGA3-MG138
2107,UFVSP034108,Solar,SUDESTE,49.999,-20.800006,-51.528742,plant,reference,,,CAST1-UFV034
2108,UFVSP034109,Solar,SUDESTE,49.999,-20.789258,-51.514764,plant,reference,,,CAST2-UFV034
2109,UFVSP034110,Solar,SUDESTE,49.999,-20.776717,-51.527106,plant,reference,,,CAST1-UFV034
2110,UFVSP034111,Solar,SUDESTE,49.999,-20.781231,-51.516581,plant,reference,,,CAST2-UFV034
2111,UFVSP034112,Solar,SUDESTE,4.999,-20.807811,-51.529392,plant,reference,,,CAST1-UFV034
2112,UFVSP034161,Solar,SUDESTE,23.04,-19.873000,-50.890470,plant,reference,,,BHORA-UFV034
2113,UFVSP034162,Solar,SUDESTE,23.04,-19.884674,-50.397084,plant,reference,,,BHORA-UFV034
2114,UFVSP034163,Solar,SUDESTE,23.04,-19.881106,-50.394628,plant,reference,,,BHORA-UFV034
2115,UFVSP034206,Solar,SUDESTE,15.2,-19.883914,-50.382022,plant,reference,,,AVERM-UFV034
2116,UFVSP034207,Solar,SUDESTE,30.4,-19.875479,-50.377635,plant,reference,,,AVERM-UFV034
2117,UFVSP034208,Solar,SUDESTE,30.4,-19.866188,-50.378792,plant,reference,,,AVERM-UFV034
2118,UFVSP034358,Solar,SUDESTE,30.0,-20.194633,-50.040714,plant,reference,,,PEDRA-UFV034
2119,UFVSP034359,Solar,SUDESTE,30.0,-20.192981,-50.048392,plant,reference,,,PEDRA-UFV034
2120,UFVSP034360,Solar,SUDESTE,30.0,-20.198494,-50.034533,plant,reference,,,PEDRA-UFV034
2121,UFVSP034361,Solar,SUDESTE,41.895,-20.627834,-51.302895,plant,reference,,,PBARR-UFV034
2122,UFVSP034362,Solar,SUDESTE,41.895,-20.625035,-51.291545,plant,reference,,,PBARR-UFV034
2123,UFVSP034363,Solar,SUDESTE,41.895,-20.619428,-51.295795,plant,reference,,,PBARR-UFV034
2124,UFVSP034364,Solar,SUDESTE,41.895,-20.613537,-51.291964,plant,reference,,,PBARR-UFV034
2125,UFVSP034365,Solar,SUDESTE,35.91,-20.608851,-51.295775,plant,reference,,,PBARR-UFV034
2126,UFVSP066069,Solar,SUDESTE,1.4,-23.004540,-49.877300,plant,siga:Operação,UFV.RS.SP.066069-8.1,Ourinhos - SP,ASSIS--SP500
2127,UFVSP070586,Solar,SUDESTE,0.4,-22.420389,-46.838417,plant,siga:Operação,UFV.RS.SP.070586-1.1,Itapira - SP,CAMPIN-SP500
2132,PCHES001518,SmallHydro,SUDESTE,25.0,-20.456880,-41.479347,plant,reference,,,MUNFREPCH013
2133,PCHGO002537,SmallHydro,SUDESTE,4.0,-17.388217,-49.217222,plant,reference,,,SILVAN-GO500
2134,PCHGO027665,SmallHydro,SUDESTE,12.0,-13.406039,-46.342565,plant,reference,,,IACIA-PCH006
2135,PCHMG000109,SmallHydro,SUDESTE,8.38,-21.767763,-46.607817,plant,reference,,,POCOS--MG500
2136,PCHMG000110,SmallHydro,SUDESTE,16.5,-21.763333,-46.605000,plant,reference,,,POCOS--MG500
2137,PCHMG000315,SmallHydro,SUDESTE,12.4,-20.545283,-42.959184,plant,reference,,,PNVTOTPCH013
2138,PCHMG000473,SmallHydro,SUDESTE,21.6,-20.117556,-42.396767,plant,reference,,,EMBOQUPCH006
2139,PCHMG000597,SmallHydro,SUDESTE,7.2,-20.238652,-44.754179,plant,reference,,,CAJURUPCH013
2140,PCHMG000838,SmallHydro,SUDESTE,5.04,-21.013464,-42.448056,plant,reference,,,MURIA1PCH006
2141,PCHMG001011,SmallHydro,SUDESTE,14.0,-20.103889,-44.843056,plant,reference,,,GAFANHPCH013
2142,PCHMG001034,SmallHydro,SUDESTE,13.8,-21.039869,-42.329003,plant,reference,,,MURIA2PCH006
2143,PCHMG001255,SmallHydro,SUDESTE,8.4,-21.796561,-43.296860,plant,reference,,,JFORA4-MG138
2144,PCHMG001420,SmallHydro,SUDESTE,4.0,-21.787049,-43.310505,plant,reference,,,JFORA4-MG138
2145,PCHMG001427,SmallHydro,SUDESTE,7.7,-18.810853,-48.387174,plant,reference,,,MARTINPCH013
2146,PCHMG001533,SmallHydro,SUDESTE,6.47,-19.832810,-41.800731,plant,reference,,,JNEIV2-ES345
2147,PCHMG001927,SmallHydro,SUDESTE,4.08,-21.844671,-43.339476,plant,reference,,,JFORA4-MG138
2148,PCHMG002047,SmallHydro,SUDESTE,9.4,-19.893534,-43.366559,plant,reference,,,PETI--PCH013
2149,PCHMG002052,SmallHydro,SUDESTE,18.012,-21.489167,-43.402222,plant,reference,,,PIAU--PCH013
2150,PCHMG002751,SmallHydro,SUDESTE,1.416,-20.227383,-41.995558,plant,reference,,,MANHUAPCH006
2151,PCHMG002886,SmallHydro,SUDESTE,8.5,-18.718992,-42.262874,plant,reference,,,TRONQUPCH013
2152,PCHMG027034,SmallHydro,SUDESTE,6.97,-20.907056,-42.661611,plant,reference,,,ERVALIPCH006
2153,PCHMG028084,SmallHydro,SUDESTE,2.41,-19.423333,-43.200833,plant,reference,,,ITAB2--MG013
2154,PCHMS028012,SmallHydro,SUDESTE,29.5,-20.675275,-53.567561,plant,reference,,,MIMOS2UHE013
2155,PCHMS028761,SmallHydro,SUDESTE,48.0,-20.059754,-53.180371,plant,reference,,,PARAISPCH013
2156,PCHMT000688,SmallHydro,SUDESTE,12.42,-15.357394,-55.453690,plant,reference,,,CASCASPCH013
2157,PCHMT001268,SmallHydro,SUDESTE,42.0,-14.740204,-58.103248,plant,reference,,,JUBA1-UHE013
2158,PCHMT001269,SmallHydro,SUDESTE,42.0,-14.755685,-58.046212,plant,reference,,,JUBA2-UHE013
2159,PCHMT027417,SmallHydro,SUDESTE,0.8,-10.149686,-59.458028,plant,reference,,,ARIPUAPCH013
2160,PCHMT031401,SmallHydro,SUDESTE,45.0,-10.338611,-56.982778,plant,reference,,,INDIA-PCH013
2174,PCHSP001972,SmallHydro,SUDESTE,31.5,-23.187694,-49.384466,plant,reference,,,SANTA-PCH034
2175,PCHSP002123,SmallHydro,SUDESTE,24.8,-23.209405,-47.299406,plant,reference,,,IBIUNA-SP500
2176,PCHSP002187,SmallHydro,SUDESTE,22.0,-23.383093,-47.029605,plant,reference,,,RASGAOUHE013
2177,PCHSP002353,SmallHydro,SUDESTE,18.0,-21.627085,-46.790441,plant,reference,,,POCOS--MG500
2194,PCTES000127,Biomass,SUDESTE,210.4,-19.842954,-40.074702,plant,reference,,,ARCEL2UTE013
2195,PCTES027054,Biomass,SUDESTE,225.1,-20.125010,-40.298535,plant,reference,,,CSTG12UTE013
2196,PCTES028347,Biomass,SUDESTE,3.5,-19.754010,-40.376535,plant,reference,,,JNEIV2-ES138
2197,PCTES029107,Biomass,SUDESTE,17.5,-19.340604,-40.010461,plant,reference,,,LASA--UTE013
2198,PCTES029150,Biomass,SUDESTE,33.0,-18.457358,-39.945355,plant,reference,,,ALCON-UTE013
2199,PCTES029273,Biomass,SUDESTE,147.3,-20.124570,-40.291675,plant,reference,,,USISOLUTE013
2200,PCTES029586,Biomass,SUDESTE,10.22,-20.184103,-40.241416,plant,reference,,,JNEIV2-ES138
2201,PCTGO028112,Biomass,SUDESTE,65.0,-15.217002,-48.988690,plant,reference,,,JALLESUTE013
2202,PCTGO028113,Biomass,SUDESTE,7.3,-15.215200,-49.096900,plant,reference,,,STAHEL-GO069
2203,PCTGO028118,Biomass,SUDESTE,46.52,-18.070758,-49.670772,plant,reference,,,PLANALUTE013
2204,PCTGO029153,Biomass,SUDESTE,20.0,-15.175410,-49.748835,plant,reference,,,ITAPAC-GO138
2205,PCTGO029173,Biomass,SUDESTE,5.0,-17.257578,-47.689922,plant,reference,,,LLAZU-UTE013
2206,PCTGO029268,Biomass,SUDESTE,80.0,-18.425210,-50.441735,plant,reference,,,QUIR--UTE013
2207,PCTGO029546,Biomass,SUDESTE,24.0,-17.923711,-49.189535,plant,reference,,,PLANALUTE013
2208,PCTGO029588,Biomass,SUDESTE,40.0,-18.546175,-50.434779,plant,reference,,,BVIST-UTE013
2209,PCTGO029989,Biomass,SUDESTE,10.0,-18.383611,-52.106389,plant,reference,,,CHAPAD-GO069
2210,PCTGO029999,Biomass,SUDESTE,80.0,-18.466972,-52.609056,plant,reference,,,PTOAG-UTE013
2211,PCTGO030025,Biomass,SUDESTE,130.0,-18.601272,-51.191284,plant,reference,,,CAÇU1-UTE013
2212,PCTGO030033,Biomass,SUDESTE,40.0,-18.494454,-49.644535,plant,reference,,,CDOUR-UTE013
2213,PCTGO030039,Biomass,SUDESTE,79.828,-17.520163,-52.039635,plant,reference,,,AGUAE-UTE013
2214,PCTGO030040,Biomass,SUDESTE,72.7,-17.724621,-53.021923,plant,reference,,,MORRV-UTE013
2215,PCTGO030043,Biomass,SUDESTE,105.0,-17.691843,-51.615535,plant,reference,,,BJATA-UTE013
2216,PCTGO030080,Biomass,SUDESTE,80.0,-17.338080,-49.934424,plant,reference,,,TRBIO-UTE013
2217,PCTGO030090,Biomass,SUDESTE,61.5,-18.369010,-49.260535,plant,reference,,,CIBA--UTE013
2218,PCTGO030355,Biomass,SUDESTE,68.0,-15.082836,-49.299446,plant,reference,,,CODORAUTE013
2219,PCTGO031033,Biomass,SUDESTE,47.0,-17.330417,-50.495722,plant,reference,,,NGALI-UTE013
2220,PCTGO031769,Biomass,SUDESTE,32.0,-17.681940,-50.103137,plant,reference,,,TRPII-UTE013
2221,PCTGO035044,Biomass,SUDESTE,20.0,-17.923972,-50.635231,plant,siga:Operação,UTE.AI.GO.035044-3.1,Santa Helena de Goiás - GO,STAHEL-GO069
2222,PCTGO035527,Biomass,SUDESTE,8.5,-18.390833,-49.204444,plant,reference,,,STAHEL-GO069
2223,PCTGO050746,Biomass,SUDESTE,50.0,-17.969444,-50.301389,plant,reference,,,R.VERF-GO138
2224,PCTGO051982,Biomass,SUDESTE,44.5,-18.544363,-50.436106,plant,reference,,,QUIRIN-GO138
2227,PCTMG028219,Biomass,SUDESTE,101.875,-19.944842,-47.812756,plant,reference,,,DELTA-UTE013
2228,PCTMG028478,Biomass,SUDESTE,30.0,-19.809146,-48.725526,plant,reference,,,CCFLORUTE013
2229,PCTMG028479,Biomass,SUDESTE,24.0,-19.704620,-50.328855,plant,reference,,,ITURAMUTE013
2230,PCTMG028540,Biomass,SUDESTE,84.938,-19.979900,-48.264500,plant,reference,,,VGRANDUTE013
2231,PCTMG028596,Biomass,SUDESTE,57.22,-19.966262,-44.095538,plant,reference,,,GPASSOUTE013
2232,PCTMG029116,Biomass,SUDESTE,40.0,-19.959354,-48.696638,plant,reference,,,S.ANGEUTE013
2233,PCTMG029122,Biomass,SUDESTE,46.0,-18.215280,-45.990700,plant,reference,,,WD.BIOUTE013
2234,PCTMG029290,Biomass,SUDESTE,16.092,-20.082550,-48.820750,plant,reference,,,FRUTA2-MG138
2235,PCTMG029473,Biomass,SUDESTE,4.997,-19.694314,-44.925735,plant,reference,,,NSERR2-MG138
2236,PCTMG029595,Biomass,SUDESTE,2.0,-20.139007,-44.883998,plant,reference,,,DIVIN2-MG138
2237,PCTMG029619,Biomass,SUDESTE,24.0,-19.811770,-50.775065,plant,reference,,,CARNEIUTE013
2238,PCTMG029688,Biomass,SUDESTE,16.0,-21.384925,-46.247665,plant,reference,,,MALEGRUTE013
2239,PCTMG029703,Biomass,SUDESTE,30.0,-19.808930,-48.729545,plant,reference,,,CCFLORUTE013
2240,PCTMG029709,Biomass,SUDESTE,54.0,-19.918328,-49.145835,plant,reference,,,CERRA1UTE013
2241,PCTMG029717,Biomass,SUDESTE,85.0,-20.070912,-45.542936,plant,reference,,,LDC---UTE013
2242,PCTMG029724,Biomass,SUDESTE,25.0,-20.085556,-46.044167,plant,reference,,,TOTALLUTE013
2243,PCTMG029759,Biomass,SUDESTE,56.0,-15.199722,-43.884778,plant,reference,,,SJUDASUTE013
2244,PCTMG029991,Biomass,SUDESTE,8.0,-19.860281,-44.608331,plant,reference,,,PRMIN1-MG138
2245,PCTMG030034,Biomass,SUDESTE,45.0,-19.346802,-48.232463,plant,reference,,,TIJUCOUTE013
2246,PCTMG030046,Biomass,SUDESTE,55.0,-19.065677,-50.362588,plant,reference,,,ITAGUA-GO230
2247,PCTMG030063,Biomass,SUDESTE,60.0,-17.062175,-46.183584,plant,reference,,,BEVAP-UTE013
2248,PCTMG030094,Biomass,SUDESTE,56.0,-18.973068,-49.462235,plant,reference,,,ITUIU-UTE013
2249,PCTMG030166,Biomass,SUDESTE,82.0,-19.302310,-47.464035,plant,reference,,,SJULIAUTE013
2250,PCTMG030191,Biomass,SUDESTE,4.278,-22.700000,-43.720000,bus-proxy,bus:SEROPE-RJ138,,,SEROPE-RJ138
2251,PCTMG030256,Biomass,SUDESTE,8.8,-19.971024,-44.213208,plant,reference,,,BETIM5-MG138
2252,PCTMG030266,Biomass,SUDESTE,28.0,-17.122898,-46.663388,plant,reference,,,DVAP--UTE013
2253,PCTMG030313,Biomass,SUDESTE,16.0,-18.755482,-48.612973,plant,reference,,,AROEIAUTE013
2254,PCTMG030371,Biomass,SUDESTE,25.0,-19.307372,-50.708254,plant,reference,,,VPONTAUTE013
2255,PCTMG030450,Biomass,SUDESTE,11.4,-18.683056,-48.158056,plant,reference,,,ARAGU2-MG138
2256,PCTMG030473,Biomass,SUDESTE,40.0,-19.346801,-48.232201,plant,reference,,,TIJUCOUTE013
2257,PCTMG030533,Biomass,SUDESTE,20.0,-19.709621,-50.334701,plant,reference,,,CORUAAUTE013
2258,PCTMG030728,Biomass,SUDESTE,4.278,-18.880303,-48.320883,plant,reference,,,UBERL1-MG138
2259,PCTMG030850,Biomass,SUDESTE,30.0,-17.063786,-46.180000,plant,reference,,,ENERVAUTE013
2260,PCTMG030975,Biomass,SUDESTE,50.0,-18.441122,-49.190100,plant,reference,,,BALVORUTE013
2261,PCTMG031206,Biomass,SUDESTE,4.278,-21.618719,-43.421724,plant,reference,,,JFORA1-MG138
2262,PCTMG031413,Biomass,SUDESTE,30.0,-20.087142,-46.039912,plant,reference,,,BAMBUIUTE013
2263,PCTMG032658,Biomass,SUDESTE,4.951,-20.231406,-43.965889,plant,reference,,,ITABIRUTE013
2264,PCTMG032677,Biomass,SUDESTE,51.6,-19.251694,-44.984972,plant,reference,,,AGROPEUTE013
2265,PCTMG032981,Biomass,SUDESTE,3.0,-20.008444,-44.597389,plant,reference,,,ITAUN1-MG138
2266,PCTMG035528,Biomass,SUDESTE,7.13,-19.850332,-43.844139,plant,reference,,,CISLUZ-MG138
2267,PCTMG035567,Biomass,SUDESTE,8.95,-18.861960,-48.277681,plant,reference,,,UBERL2-MG138
2268,PCTMG038172,Biomass,SUDESTE,25.0,-19.313056,-50.723201,plant,reference,,,VPON2-UTE013
2269,PCTMG038176,Biomass,SUDESTE,35.0,-18.755696,-48.611806,plant,reference,,,TUPAC-UTE013
2270,PCTMG038336,Biomass,SUDESTE,40.0,-19.924161,-49.155028,plant,reference,,,CERRA2UTE013
2271,PCTMG040785,Biomass,SUDESTE,60.0,-19.923364,-49.156391,plant,reference,,,CERRA3UTE013
2272,PCTMG040854,Biomass,SUDESTE,202.7,-18.837042,-47.918228,plant,reference,,,ARAGU3-MG138
2273,PCTMS027385,Biomass,SUDESTE,35.0,-17.617318,-54.761516,plant,reference,,,SONORAUTE006
2274,PCTMS028111,Biomass,SUDESTE,73.8,-21.696200,-54.557330,plant,reference,,,PASSATUTE013
2275,PCTMS029193,Biomass,SUDESTE,140.0,-21.864750,-54.022248,plant,reference,,,ELDOR-UTE013
2276,PCTMS029670,Biomass,SUDESTE,74.841,-22.040925,-53.841939,plant,reference,,,ANGELIUTE013
2277,PCTMS029694,Biomass,SUDESTE,162.558,-20.995252,-51.796973,plant,reference,,,VCP_MSUTE013
2278,PCTMS029718,Biomass,SUDESTE,90.0,-21.513910,-54.701835,plant,reference,,,LDREY-UTE013
2279,PCTMS029990,Biomass,SUDESTE,20.0,-22.291607,-55.093796,plant,reference,,,MVERDEUTE013
2280,PCTMS030006,Biomass,SUDESTE,130.0,-21.466634,-54.382804,plant,reference,,,STAL1-UTE013
2281,PCTMS030037,Biomass,SUDESTE,79.828,-18.543548,-53.133047,plant,reference,,,CTRIC-UTE013
2282,PCTMS030044,Biomass,SUDESTE,48.0,-18.718351,-56.525518,uf-centroid,uf-centroid:MS,,,SFERNAUTE013
2283,PCTMS030104,Biomass,SUDESTE,114.0,-22.610454,-54.684843,plant,reference,,,CAARAPUTE013
2284,PCTMS030115,Biomass,SUDESTE,80.0,-22.438097,-53.578064,plant,reference,,,IVINH-UTE013
2285,PCTMS030269,Biomass,SUDESTE,64.0,-18.800083,-52.909867,plant,reference,,,IACO--UTE013
2286,PCTMS030384,Biomass,SUDESTE,10.0,-19.006375,-57.648985,plant,reference,,,CHAPAD-GO069
2287,PCTMS030479,Biomass,SUDESTE,50.0,-18.718351,-56.525518,uf-centroid,uf-centroid:MS,,,S.FER1UTE013
2288,PCTMS030583,Biomass,SUDESTE,226.0,-20.598785,-51.609598,plant,reference,,,ELD---UTE013
2289,PCTMS037624,Biomass,SUDESTE,269.58,-20.996108,-51.796108,plant,reference,,,VCPMS--SP138
2290,PCTMS038375,Biomass,SUDESTE,40.0,-22.325055,-53.821173,plant,reference,,,AMAND-UTE013
2291,PCTMS050519,Biomass,SUDESTE,26.0,-22.334361,-54.814222,plant,siga:Operação,UTE.FL.MS.050519-6.1,Dourados - MS,INPASAUTE013
2292,PCTMS051752,Biomass,SUDESTE,35.0,-22.039022,-53.839256,plant,reference,,,ANGELI-MS138
2293,PCTMT000227,Biomass,SUDESTE,30.0,-15.032974,-57.210525,plant,reference,,,BALCO-UTE013
2294,PCTMT028120,Biomass,SUDESTE,27.2,-13.780950,-57.840575,plant,reference,,,COPRODUTE013
2295,PCTMT028121,Biomass,SUDESTE,37.5,-14.758798,-57.195774,plant,reference,,,ITAMA-UTE013
2296,PCTMT030038,Biomass,SUDESTE,72.7,-17.834744,-53.281993,plant,reference,,,ALTOT-UTE013
2297,PCTMT030863,Biomass,SUDESTE,30.0,-10.185489,-59.460332,plant,reference,,,GUACU-UTE013
2298,PCTMT030928,Biomass,SUDESTE,1.0,-9.926638,-59.920254,plant,reference,,,CONSNVUTE013
2299,PCTMT031471,Biomass,SUDESTE,3.0,-9.842953,-57.818476,plant,reference,,,ATOS--UTE013
2300,PCTMT034012,Biomass,SUDESTE,9.696,-12.574166,-55.718065,plant,reference,,,CARAMUUTE013
2301,PCTMT034035,Biomass,SUDESTE,18.0,-13.001547,-55.946178,plant,reference,,,LUCA-R-MT138
2302,PCTMT035090,Biomass,SUDESTE,23.1,-12.550000,-55.720000,bus-proxy,bus:SOR.CT-MT069,,,SOR.CT-MT069
2303,PCTMT035588,Biomass,SUDESTE,12.0,-15.704400,-58.125300,plant,reference,,,NOVMILUTE013
2304,PCTMT040821,Biomass,SUDESTE,42.3,-12.016855,-55.512758,plant,reference,,,INPAS1UTE013
2305,PCTMT044865,Biomass,SUDESTE,55.0,-13.001547,-55.946178,plant,siga:Operação,UTE.FL.MT.044865-6.1,Sorriso - MT,SORRISUTE013
2306,PCTMT045074,Biomass,SUDESTE,22.36,-13.776917,-56.052722,plant,reference,,,INPAS2UTE013
2346,PCTRJ030066,Biomass,SUDESTE,44.0,-21.649130,-41.395665,plant,reference,,,ECJOS--RJ069
2347,PCTRJ031153,Biomass,SUDESTE,12.03,-22.932620,-43.365642,plant,reference,,,RJREF--RJ138
2348,PCTRJ040566,Biomass,SUDESTE,16.932,-22.675221,-43.477454,plant,reference,,,NIG53A-RJ013
2349,PCTRJ057167,Biomass,SUDESTE,2.858,-22.785833,-43.757778,plant,siga:Operação,UTE.RU.RJ.057167-9.1,Seropédica - RJ,SEROPE-RJ138
2379,PCTSP000060,Biomass,SUDESTE,71.0,-20.481850,-47.866225,plant,reference,,,A.MOG-UTE013
2380,PCTSP000796,Biomass,SUDESTE,63.0,-21.211610,-48.829635,plant,reference,,,COLOM-UTE013
2381,PCTSP000825,Biomass,SUDESTE,24.4,-23.883839,-46.420032,plant,reference,,,BIRLA-UTE013
2382,PCTSP000912,Biomass,SUDESTE,40.0,-22.657300,-47.210900,plant,reference,,,ESTER-UTE013
2383,PCTSP001017,Biomass,SUDESTE,11.5,-22.799003,-47.125063,plant,reference,,,LYCRA--SP138
2384,PCTSP001142,Biomass,SUDESTE,14.0,-22.582370,-47.521615,plant,reference,,,IRACEM-SP138
2385,PCTSP001405,Biomass,SUDESTE,47.82,-22.571090,-50.644155,plant,reference,,,MARAC-UTE013
2386,PCTSP001449,Biomass,SUDESTE,16.4,-20.778660,-48.191875,plant,reference,,,MAGUDO-SP138
2387,PCTSP001528,Biomass,SUDESTE,54.0,-21.181470,-48.644705,plant,reference,,,NARDI-UTE013
2388,PCTSP001609,Biomass,SUDESTE,84.0,-21.762778,-48.083889,plant,reference,,,SCRUZ-UTE013
2389,PCTSP002019,Biomass,SUDESTE,35.0,-21.171982,-47.618868,plant,reference,,,UPEDR-UTE013
2390,PCTSP002903,Biomass,SUDESTE,50.0,-22.997350,-47.520195,plant,reference,,,RAFAR-UTE013
2391,PCTSP002904,Biomass,SUDESTE,126.702,-23.294890,-45.981045,plant,reference,,,S.JOSE-SP088
2392,PCTSP002958,Biomass,SUDESTE,97.0,-20.613319,-48.000808,plant,reference,,,VROSA-UTE013
2393,PCTSP003035,Biomass,SUDESTE,43.0,-20.938547,-48.250265,plant,reference,,,VIRAL1UTE013
2394,PCTSP026832,Biomass,SUDESTE,40.75,-22.426400,-47.357500,plant,reference,,,ARARAS-SP138
2395,PCTSP026847,Biomass,SUDESTE,80.3,-22.483520,-48.771015,plant,reference,,,SJOSE-UTE013
2396,PCTSP026869,Biomass,SUDESTE,70.4,-21.885598,-47.305332,plant,reference,,,S_LUIZUTE013
2397,PCTSP026874,Biomass,SUDESTE,73.0,-21.358049,-48.065583,plant,reference,,,SMART-UTE013
2398,PCTSP027055,Biomass,SUDESTE,62.9,-22.625294,-48.756816,plant,reference,,,BGRAN-UTE013
2399,PCTSP027059,Biomass,SUDESTE,39.6,-22.172160,-47.337620,plant,reference,,,CRESCIUTE013
2400,PCTSP027335,Biomass,SUDESTE,25.2,-21.123465,-48.009377,plant,reference,,,SFRANCUTE013
2401,PCTSP027338,Biomass,SUDESTE,12.0,-21.564870,-50.959395,plant,reference,,,LUCEL-UTE013
2402,PCTSP027339,Biomass,SUDESTE,11.0,-21.000719,-48.024817,plant,reference,,,STADEL-SP069
2403,PCTSP027343,Biomass,SUDESTE,42.0,-21.337190,-48.292985,plant,reference,,,S.ADE-UTE013
2404,PCTSP027345,Biomass,SUDESTE,28.0,-21.040890,-48.710795,plant,reference,,,RUETT-UTE013
2405,PCTSP027709,Biomass,SUDESTE,70.0,-21.972011,-46.796351,plant,reference,,,A_SJOAUTE013
2406,PCTSP027767,Biomass,SUDESTE,30.0,-22.105600,-48.481700,plant,siga:Operação,UTE.AI.SP.027767-3.1,Bocaina - SP,SCAND-UTE013
2407,PCTSP027768,Biomass,SUDESTE,33.0,-21.001287,-48.276090,plant,reference,,,IBTIV-UTE013
2408,PCTSP027787,Biomass,SUDESTE,90.0,-20.479010,-48.401535,plant,reference,,,MANDU-UTE013
2409,PCTSP027796,Biomass,SUDESTE,64.8,-20.688380,-49.111250,plant,reference,,,CALTA1UTE013
2410,PCTSP027814,Biomass,SUDESTE,42.5,-21.487222,-49.185833,plant,reference,,,SJEST-UTE013 013kV-2
2411,PCTSP027867,Biomass,SUDESTE,12.0,-21.098308,-49.020512,plant,reference,,,STADEL-SP069
2412,PCTSP027886,Biomass,SUDESTE,89.0,-20.201830,-49.355650,plant,reference,,,MOEMA_UTE013
2413,PCTSP027891,Biomass,SUDESTE,17.0,-22.740734,-50.598509,plant,reference,,,ABONITUTE013
2414,PCTSP027913,Biomass,SUDESTE,38.1,-22.349720,-52.523973,plant,reference,,,ALCIDIUTE013
2415,PCTSP027922,Biomass,SUDESTE,22.0,-21.817813,-48.612213,plant,reference,,,ARARAQ-SP138
2416,PCTSP027929,Biomass,SUDESTE,8.6,-22.057599,-48.711600,plant,siga:Operação,UTE.AI.SP.027929-3.1,Bariri - SP,IBATE--SP138
2417,PCTSP027947,Biomass,SUDESTE,15.0,-21.487778,-51.028333,plant,reference,,,BPERE-UTE013
2418,PCTSP027950,Biomass,SUDESTE,78.0,-20.769900,-51.258700,plant,reference,,,GASA__UTE013
2419,PCTSP027956,Biomass,SUDESTE,13.898,-22.757010,-47.144535,plant,reference,,,LYCRA--SP138
2420,PCTSP027974,Biomass,SUDESTE,25.0,-22.469960,-50.779335,plant,reference,,,COCAL1UTE013
2421,PCTSP028042,Biomass,SUDESTE,79.0,-21.096565,-48.933535,plant,reference,,,CERRADUTE013
2422,PCTSP028047,Biomass,SUDESTE,32.0,-20.728333,-50.959722,plant,reference,,,PIONEIUTE013
2423,PCTSP028051,Biomass,SUDESTE,33.0,-22.767349,-50.112796,plant,reference,,,DECAS-UTE013
2424,PCTSP028058,Biomass,SUDESTE,80.5,-21.844949,-47.360280,plant,reference,,,FERRARUTE013
2425,PCTSP028060,Biomass,SUDESTE,18.0,-22.940833,-49.770000,plant,reference,,,OURIN--SP088
2426,PCTSP028063,Biomass,SUDESTE,16.4,-20.234566,-50.343867,plant,siga:Operação,UTE.AI.SP.028063-1.1,Fernandópolis - SP,CDFOR-UTE013
2427,PCTSP028076,Biomass,SUDESTE,30.775,-22.360000,-46.960000,bus-proxy,bus:CORNPRUTE013,,,CORNPRUTE013
2428,PCTSP028094,Biomass,SUDESTE,56.715,-20.279210,-48.175535,plant,reference,,,COLOR-UTE013
2429,PCTSP028096,Biomass,SUDESTE,24.0,-22.785005,-50.548341,plant,reference,,,NAMER-UTE013
2430,PCTSP028101,Biomass,SUDESTE,58.4,-21.560734,-49.869987,plant,reference,,,EQI-IIUTE013
2431,PCTSP028209,Biomass,SUDESTE,15.0,-22.009510,-47.992635,plant,reference,,,IBATE--SP138
2432,PCTSP028221,Biomass,SUDESTE,75.0,-22.635710,-47.674925,plant,reference,,,CPINT-UTE013
2433,PCTSP028232,Biomass,SUDESTE,58.0,-21.105670,-48.067985,plant,reference,,,SELIS-UTE013
2434,PCTSP028288,Biomass,SUDESTE,56.078,-22.249111,-50.652500,plant,reference,,,QUATA-UTE013
2435,PCTSP028325,Biomass,SUDESTE,16.0,-21.790360,-48.174440,plant,reference,,,ARARAQ-SP138
2436,PCTSP028344,Biomass,SUDESTE,23.0,-21.116290,-47.951365,plant,reference,,,S.ANT-UTE013
2437,PCTSP028366,Biomass,SUDESTE,25.2,-21.865667,-51.260583,plant,reference,,,UFA---UTE013
2438,PCTSP028401,Biomass,SUDESTE,44.0,-21.508556,-49.212444,plant,reference,,,SIZAB-UTE013 013kV-2
2439,PCTSP028458,Biomass,SUDESTE,54.0,-20.747810,-47.421835,plant,reference,,,CEVAS-UTE013
2440,PCTSP028462,Biomass,SUDESTE,60.0,-23.489060,-48.124745,plant,reference,,,V.ALEGUTE013
2441,PCTSP028620,Biomass,SUDESTE,36.42,-22.544201,-48.808930,plant,reference,,,LWARCEUTE013
2442,PCTSP028648,Biomass,SUDESTE,24.64,-23.634899,-46.415257,plant,reference,,,S.JOAOUTE013
2443,PCTSP028859,Biomass,SUDESTE,70.0,-21.052235,-48.262624,plant,reference,,,PITAN-UTE013
2444,PCTSP028975,Biomass,SUDESTE,83.0,-20.661944,-48.533889,plant,reference,,,SJCOL-UTE013
2445,PCTSP029138,Biomass,SUDESTE,30.0,-22.942720,-47.602010,plant,reference,,,CANAA-UTE013
2446,PCTSP029203,Biomass,SUDESTE,62.0,-21.152800,-49.611400,plant,reference,,,FARTURUTE013
2447,PCTSP029270,Biomass,SUDESTE,53.0,-20.401510,-48.991135,plant,reference,,,VERTETUTE013
2448,PCTSP029292,Biomass,SUDESTE,12.0,-19.922490,-50.401990,plant,reference,,,POPULI-SP069
2449,PCTSP029461,Biomass,SUDESTE,40.0,-20.526482,-51.234535,plant,reference,,,INTERLUTE013
2450,PCTSP029572,Biomass,SUDESTE,15.0,-21.134010,-48.963535,plant,reference,,,CATAN2-SP138
2451,PCTSP029636,Biomass,SUDESTE,53.0,-21.797178,-49.012131,plant,reference,,,IACAN-UTE013
2452,PCTSP029642,Biomass,SUDESTE,35.0,-20.726287,-50.952535,plant,reference,,,PIONE2UTE013
2453,PCTSP029655,Biomass,SUDESTE,40.2,-21.099925,-49.317676,plant,reference,,,CERRD-UTE013
2454,PCTSP029665,Biomass,SUDESTE,111.0,-21.413810,-48.278635,plant,reference,,,BONFI-UTE013
2455,PCTSP029713,Biomass,SUDESTE,131.3,-22.526806,-51.493999,plant,reference,,,COCAL2UTE013
2456,PCTSP029765,Biomass,SUDESTE,80.0,-21.560203,-49.869485,plant,reference,,,BAGUAC-SP138
2457,PCTSP029766,Biomass,SUDESTE,12.0,-20.113783,-49.760296,plant,reference,,,GUARI-UTE013
2458,PCTSP029774,Biomass,SUDESTE,50.0,-21.050896,-50.844108,plant,reference,,,MATA--UTE013
2459,PCTSP029775,Biomass,SUDESTE,68.0,-20.581046,-49.942415,plant,reference,,,NOROESUTE013
2460,PCTSP030004,Biomass,SUDESTE,30.0,-20.581046,-49.942415,plant,reference,,,NOBLE-UTE013
2461,PCTSP030024,Biomass,SUDESTE,110.0,-22.120210,-51.756835,plant,reference,,,C_PONTUTE013
2462,PCTSP030026,Biomass,SUDESTE,55.0,-20.418400,-48.211400,plant,reference,,,GUAIR-UTE013
2463,PCTSP030032,Biomass,SUDESTE,15.0,-20.310657,-49.589831,plant,reference,,,STADEL-SP069
2464,PCTSP030036,Biomass,SUDESTE,45.0,-21.850310,-50.247235,plant,reference,,,CLEAL-UTE013
2465,PCTSP030041,Biomass,SUDESTE,92.0,-12.550000,-55.720000,bus-proxy,bus:SOR.CT-MT069,,,SOR.CT-MT069
2466,PCTSP030047,Biomass,SUDESTE,136.0,-22.477921,-48.531999,plant,reference,,,BARRA-UTE013
2467,PCTSP030053,Biomass,SUDESTE,65.0,-22.666142,-47.701457,uf-centroid,uf-centroid:SP,,,BI+CH-UTE013
2468,PCTSP030065,Biomass,SUDESTE,60.0,-23.061800,-49.126400,plant,reference,,,R.PAR-UTE013
2469,PCTSP030095,Biomass,SUDESTE,38.0,-20.486225,-49.539048,plant,reference,,,G.TAN-UTE013
2470,PCTSP030125,Biomass,SUDESTE,72.0,-21.676278,-49.780658,plant,reference,,,JBS---UTE013
2471,PCTSP030169,Biomass,SUDESTE,45.0,-21.987521,-47.450071,plant,reference,,,I_BALDUTE013
2472,PCTSP030199,Biomass,SUDESTE,76.0,-23.095732,-49.583590,plant,reference,,,IPAUSSUTE013
2473,PCTSP030264,Biomass,SUDESTE,45.0,-21.324505,-50.949413,plant,reference,,,UNIVALUTE013
2474,PCTSP030267,Biomass,SUDESTE,50.0,-20.036086,-50.666214,plant,reference,,,COLOMBUTE013
2475,PCTSP030268,Biomass,SUDESTE,25.0,-21.100375,-51.482135,plant,reference,,,IPE___UTE013
2476,PCTSP030271,Biomass,SUDESTE,30.0,-20.354110,-50.181832,plant,reference,,,NOBLE2UTE013
2477,PCTSP030303,Biomass,SUDESTE,60.0,-20.354110,-50.181832,plant,reference,,,MERIDIUTE013
2478,PCTSP030420,Biomass,SUDESTE,74.25,-20.218727,-47.653878,plant,reference,,,BURIT-UTE013
2479,PCTSP030445,Biomass,SUDESTE,50.0,-20.910154,-51.544057,plant,reference,,,CASTI-UTE013
2480,PCTSP030447,Biomass,SUDESTE,33.0,-20.472390,-47.874883,plant,reference,,,MRAGUD-SP500
2481,PCTSP030453,Biomass,SUDESTE,70.0,-21.174278,-47.629985,plant,reference,,,PEDRA-UTE013
2482,PCTSP030543,Biomass,SUDESTE,40.0,-21.487410,-51.360435,plant,reference,,,RVERMEUTE013
2483,PCTSP030561,Biomass,SUDESTE,60.0,-22.546287,-51.818868,plant,reference,,,PARAN-UTE013
2484,PCTSP030683,Biomass,SUDESTE,33.75,-21.309276,-51.847140,plant,reference,,,PAULICUTE013
2485,PCTSP030782,Biomass,SUDESTE,35.0,-22.350418,-48.105987,plant,reference,,,BROTA-UTE013
2486,PCTSP030851,Biomass,SUDESTE,30.0,-20.937501,-48.252777,plant,reference,,,VIRAL2UTE013
2487,PCTSP030994,Biomass,SUDESTE,39.5,-21.317382,-48.109862,plant,reference,,,SMART-UTE013
2488,PCTSP031112,Biomass,SUDESTE,40.0,-21.211843,-48.828035,plant,reference,,,COLOM-UTE013
2489,PCTSP031189,Biomass,SUDESTE,30.0,-22.923632,-48.929255,plant,reference,,,AVARE2-SP034
2490,PCTSP031229,Biomass,SUDESTE,18.0,-23.866944,-46.420000,plant,reference,,,PCOQUEUTE013
2491,PCTSP031436,Biomass,SUDESTE,29.547,-23.338441,-46.772103,plant,reference,,,CAIEIRUTE013
2492,PCTSP031440,Biomass,SUDESTE,5.704,-21.392156,-47.952792,plant,reference,,,IBATE--SP138
2493,PCTSP031445,Biomass,SUDESTE,34.0,-20.486225,-49.539048,plant,reference,,,G.TAN-UTE013
2494,PCTSP031739,Biomass,SUDESTE,55.0,-22.104722,-48.481378,plant,reference,,,SCAND-UTE013
2495,PCTSP031793,Biomass,SUDESTE,40.0,-21.352369,-51.356394,plant,reference,,,RVERM2UTE013
2496,PCTSP032525,Biomass,SUDESTE,28.0,-22.336685,-47.408386,plant,reference,,,NOBIOEUTE013
2497,PCTSP033380,Biomass,SUDESTE,25.0,-20.688559,-49.110480,plant,reference,,,CALTA2UTE013
2498,PCTSP034649,Biomass,SUDESTE,35.0,-22.350418,-48.105987,plant,reference,,,BROTA-UTE013
2499,PCTSP035073,Biomass,SUDESTE,48.5,-20.406111,-51.029167,plant,reference,,,VPARANUTE013
2500,PCTSP035080,Biomass,SUDESTE,4.278,-22.750000,-47.140000,bus-proxy,bus:LYCRA--SP138,,,LYCRA--SP138
2501,PCTSP035093,Biomass,SUDESTE,20.0,-21.339694,-51.365861,plant,reference,,,RVERM3UTE013
2502,PCTSP035109,Biomass,SUDESTE,20.893,-21.418967,-48.292497,plant,reference,,,BGASBOUTE013
2503,PCTSP035773,Biomass,SUDESTE,30.0,-21.050694,-50.843917,plant,reference,,,MATA--UTE013
2504,PCTSP037341,Biomass,SUDESTE,30.0,-21.099114,-51.408212,plant,reference,,,CENI2-UTE013
2505,PCTSP037515,Biomass,SUDESTE,50.0,-22.491686,-48.783681,plant,siga:Operação,UTE.AI.SP.037515-2.1,Macatuba - SP,SJOSE2UTE013
2506,PCTSP040200,Biomass,SUDESTE,4.278,-22.915417,-45.613581,plant,reference,,,LYCRA--SP138
2507,PCTSP040824,Biomass,SUDESTE,45.0,-21.343202,-47.155919,plant,reference,,,IBMOCOUTE013
2508,PCTSP043249,Biomass,SUDESTE,409.307,-22.541389,-48.815000,plant,reference,,,BRACE-UTE013
2509,PCTSP048863,Biomass,SUDESTE,3.12,-23.406944,-46.562500,plant,reference,,,LYCRA--SP138
2510,PCTSP049301,Biomass,SUDESTE,50.0,-20.478056,-47.883056,plant,reference,,,A.MOG--SP138
2511,PCTSP049624,Biomass,SUDESTE,4.68,-23.429167,-47.548889,plant,reference,,,LYCRA--SP138
2512,PCTSP054854,Biomass,SUDESTE,1.426,-21.126500,-48.933611,plant,siga:Operação,UTE.RU.SP.054854-5.1,Catanduva - SP,STADEL-SP069
3371,PCTSP027835,Biomass,SUDESTE,75.0,-21.009672,-47.992375,plant,siga:Operação,UTE.AI.SP.027835-1.1,Pontal - SP,BAZAN-UTE013
3372,PCTSP027917,Biomass,SUDESTE,25.0,-20.943663,-48.083386,plant,siga:Operação,UTE.AI.SP.027917-0.1,Pontal - SP,BVSTA-UTE013
3373,PCTSP032371,Biomass,SUDESTE,40.0,-21.323244,-48.121349,plant,siga:Operação,UTE.AI.SP.032371-3.1,Pradópolis - SP,SMBIO-UTE013
3374,PCTSP051532,Biomass,SUDESTE,80.0,-22.629083,-48.802139,plant,siga:Operação,UTE.AI.SP.051532-9.1,Lençóis Paulista - SP,BGRAN2UTE013
3375,PCTSP061587,Biomass,SUDESTE,25.0,-21.343202,-47.155919,plant,siga:Operação,UTE.AI.SP.061587-0.1,Mococa - SP,IPMOC3UTE013
3376,PCTSP073228,Biomass,SUDESTE,36.0,-22.940833,-49.770000,plant,siga:Operação,UTE.AI.SP.073228-1.1,Não Informado,STADEL-SP069
3377,PCTSP031070,Biomass,SUDESTE,20.0,-23.512778,-46.851944,plant,siga:Construção,UTE.RU.SP.031070-0.1,Barueri - SP,BARUERUTE013
3378,PCTMG044551,Biomass,SUDESTE,50.0,-19.391389,-47.816944,plant,siga:Operação,UTE.AI.MG.044551-7.1,Uberaba - MG,UBERA2UTE013
3379,PCTMG050155,Biomass,SUDESTE,40.0,-18.756340,-48.611306,plant,siga:Operação,UTE.AI.MG.050155-7.1,Tupaciguara - MG,TRIANGUTE013
3380,PCTGO030105,Biomass,SUDESTE,25.0,-18.920833,-51.991667,plant,siga:Operação,UTE.AI.GO.030105-1.1,Aporé - GO,NARD-BUTE013
3381,PCTGO031905,Biomass,SUDESTE,30.0,-15.914436,-51.507764,plant,siga:Construção,UTE.AI.GO.031905-8.1,Montes Claros de Goiás - GO,STAHEL-GO069
3382,PCTGO054823,Biomass,SUDESTE,40.0,-17.947814,-49.854400,plant,siga:Operação,UTE.AI.GO.054823-5.1,Goiatuba - GO,ASOLO2UTE013
3383,PCTGO055534,Biomass,SUDESTE,80.0,-18.466972,-52.609056,plant,siga:Operação,UTE.AI.GO.055534-7.1,Chapadão do Céu - GO,CHAPAD-GO069
3384,PCTMS030482,Biomass,SUDESTE,35.2,-22.454133,-53.304672,plant,siga:Operação,UTE.AI.MS.030482-4.1,Bataiporã - MS,LAGUNAUTE013
3385,PCTMS060307,Biomass,SUDESTE,48.0,-19.401544,-51.324681,plant,siga:Operação,UTE.AI.MS.060307-4.1,Paranaíba - MS,CEDRO-UTE013
3386,PCTMS049647,Biomass,SUDESTE,128.0,-20.475514,-53.675397,plant,siga:Operação,UTE.FL.MS.049647-2.1,Ribas do Rio Pardo - MS,SUZATOUTE013
3387,PCTMS060305,Biomass,SUDESTE,19.5,-21.776283,-54.965739,plant,siga:Operação,UTE.FL.MS.060305-8.1,Maracaju - MS,CERRA-UTE013
3388,PCTMT071336,Biomass,SUDESTE,2.0,-12.300958,-55.567600,plant,siga:Operação,UTE.FL.MT.071336-8.1,Sorriso - MT,SOR.CT-MT069
3389,PCTRJ066051,Biomass,SUDESTE,25.0,-17.456939,-40.142753,plant,siga:Construção,UTE.AI.RJ.066051-5.1,Medeiros Neto - BA,JNEIV2-ES138
3390,PCTRJ048949,Biomass,SUDESTE,8.466,-22.856667,-42.980833,plant,siga:Operação,UTE.RU.RJ.048949-2.1,São Gonçalo - RJ,RJREF--RJ138
3394,PCHMG044305,SmallHydro,SUDESTE,1.6,-22.231339,-44.667442,plant,siga:Operação,CGH.PH.MG.044305-0.1,Alagoa - MG,ALAGO3PCH013
3395,PCHMG046523,SmallHydro,SUDESTE,3.0,-20.845133,-42.326381,plant,siga:Operação,CGH.PH.MG.046523-2.2,São Francisco do Glória - MG,BRJUA-PCH013
3396,PCHMG035309,SmallHydro,SUDESTE,16.02,-22.010000,-43.320000,bus-proxy,bus:CABUI-PCH013,,,CABUI-PCH013
3397,PCHMG029458,SmallHydro,SUDESTE,14.0,-21.920744,-42.793148,plant,siga:Operação,UHE.PH.MG.029458-6.1,"Além Paraíba - MG, Sapucaia - RJ, Três Rios - RJ, Chiador - MG",SIMPLIUHE013
3414,PCHMT031411,SmallHydro,SUDESTE,2.0,-16.439938,-55.302834,plant,siga:Construção,PCH.PH.MT.031411-0.1,Santo Antônio do Leverger - MT,CUIABA-MT500
3415,PCHMT034468,SmallHydro,SUDESTE,5.2,-14.599161,-58.209506,plant,siga:Construção não iniciada,PCH.PH.MT.034468-0.1,Tangará da Serra - MT,PEGOR-PCH013
3416,PCHMT035646,SmallHydro,SUDESTE,7.0,-14.894354,-58.872049,plant,siga:Construção não iniciada,PCH.PH.MT.035646-8.1,Vale de São Domingos - MT,A.GU2-PCH006
3417,PCHMT037681,SmallHydro,SUDESTE,10.0,-16.262542,-55.455031,plant,siga:Construção não iniciada,PCH.PH.MT.037681-7.1,Santo Antônio do Leverger - MT,COLIB-PCH006
3418,PCHMT037888,SmallHydro,SUDESTE,9.5,-9.540478,-54.732006,plant,siga:Operação,PCH.PH.MT.037888-7.1,Guarantã do Norte - MT,BRSUL-PCH006
3437,PCHES037381,SmallHydro,SUDESTE,8.0,-21.130000,-41.710000,bus-proxy,bus:BJESUSPCH006,,,BJESUSPCH006
3438,PCHSP002428,SmallHydro,SUDESTE,0.97443,-22.958056,-48.978333,plant,siga:Operação,CGH.PH.SP.002428-7.2,Avaré - SP,ARARA2-SP500
3439,PCHSP027982,SmallHydro,SUDESTE,3.9,-23.060000,-46.510000,bus-proxy,bus:F.DIAS-SP500,,,F.DIAS-SP500
3440,PCHSP027983,SmallHydro,SUDESTE,4.19,-23.060000,-46.510000,bus-proxy,bus:F.DIAS-SP500,,,F.DIAS-SP500
3441,PCHSP027165,SmallHydro,SUDESTE,7.215,-21.926508,-47.366333,plant,siga:Operação,PCH.PH.SP.027165-9.1,Pirassununga - SP,POCOS--MG500
3442,PCHMS037179,SmallHydro,SUDESTE,22.0,-18.985556,-53.168889,plant,siga:Operação,PCH.PH.MS.037179-3.1,Paraíso das Águas - MS,FDZNHO-MS013
3443,PCHRJ029433,SmallHydro,SUDESTE,14.0,-21.996250,-42.117139,plant,siga:Construção,PCH.PH.RJ.029433-0.1,"Santa Maria Madalena - RJ, São Sebastião do Alto - RJ",S.JOSE-RJ500
3445,PCHGO035110,SmallHydro,SUDESTE,8.0,-16.399294,-47.798806,plant,siga:Construção não iniciada,PCH.PH.GO.035110-5.1,Luziânia - GO,SALGADPCH006
3446,PCHGO031768,SmallHydro,SUDESTE,2.295,-17.267537,-50.838706,plant,siga:Operação,PCH.PH.GO.031768-3.1,Rio Verde - GO,VERD2BPCH013
3447,PCHGO037206,SmallHydro,SUDESTE,29.799,-18.524675,-51.550114,plant,siga:Construção,PCH.PH.GO.037206-4.1,"Itarumã - GO, Jataí - GO, Serranópolis - GO",TABOC-PCH006
3449,PSE291163,SmallHydro,SUDESTE,10.5825,-17.400000,-50.390000,bus-proxy,bus:ACREUN-GO138,,,ACREUN-GO138
3450,PSE293301,SmallHydro,SUDESTE,21.472,-12.880000,-58.070000,bus-proxy,bus:BR-RB--MT138,,,BR-RB--MT138
3451,PSE2923385,SmallHydro,SUDESTE,12.5766,-17.820000,-50.970000,bus-proxy,bus:CABRIU-GO069,,,CABRIU-GO069
3452,PSE291370,SmallHydro,SUDESTE,11.1302,-13.670000,-57.900000,bus-proxy,bus:CAMPON-MT138,,,CAMPON-MT138
3453,PSE298450,SmallHydro,SUDESTE,12.3124,-19.130000,-51.710000,bus-proxy,bus:CASSIL-MS138,,,CASSIL-MS138
3454,PSE291152,SmallHydro,SUDESTE,15.4872,-18.500000,-49.490000,bus-proxy,bus:CDOURA-GO138,,,CDOURA-GO138
3455,PSE291804,SmallHydro,SUDESTE,16.8095,-18.740000,-44.400000,bus-proxy,bus:CURVE2-MG138,,,CURVE2-MG138
3456,PSE2935146,SmallHydro,SUDESTE,11.5506,-20.350000,-40.660000,bus-proxy,bus:DMARTI-ES069,,,DMARTI-ES069
3457,PSE291325,SmallHydro,SUDESTE,13.6341,-17.250000,-53.320000,bus-proxy,bus:FERRON-MT138,,,FERRON-MT138
3458,PSE2926847,SmallHydro,SUDESTE,8.74593,-19.200000,-43.050000,bus-proxy,bus:FERROS-MG138,,,FERROS-MG138
3459,PSE291350,SmallHydro,SUDESTE,14.8011,-15.170000,-53.660000,bus-proxy,bus:ITAQU--MT138,,,ITAQU--MT138
3460,PSE2930695,SmallHydro,SUDESTE,18.9672,-23.270000,-47.260000,bus-proxy,bus:ITU2---SP088,,,ITU2---SP088
3461,PSE291692,SmallHydro,SUDESTE,12.6723,-21.770000,-43.400000,bus-proxy,bus:JFORA8-MG138,,,JFORA8-MG138
3462,PSE293302,SmallHydro,SUDESTE,19.2032,-14.840000,-57.910000,bus-proxy,bus:JU-RB--MT138,,,JU-RB--MT138
3463,PSE293961,SmallHydro,SUDESTE,19.964,-14.470000,-48.490000,bus-proxy,bus:NIQULB-GO069,,,NIQULB-GO069
3464,PSE2928702,SmallHydro,SUDESTE,12.7282,-21.560000,-42.170000,bus-proxy,bus:PADUA--RJ069,,,PADUA--RJ069
3465,PSE2939842,SmallHydro,SUDESTE,8.67916,-19.270000,-52.860000,bus-proxy,bus:PARAI2-MS138,,,PARAI2-MS138
3466,PSE291632,SmallHydro,SUDESTE,13.3551,-18.550000,-42.570000,bus-proxy,bus:PECAN2-MG138,,,PECAN2-MG138
3467,PSE291323,SmallHydro,SUDESTE,12.3085,-16.790000,-54.040000,bus-proxy,bus:PETRVA-MT138,,,PETRVA-MT138
3468,PSE291189,SmallHydro,SUDESTE,42.4093,-17.310000,-48.290000,bus-proxy,bus:PIRESR-GO138,,,PIRESR-GO138
3469,PSE291681,SmallHydro,SUDESTE,11.2989,-20.430000,-42.900000,bus-proxy,bus:PNOVA1-MG138,,,PNOVA1-MG138
3470,PSE2949057,SmallHydro,SUDESTE,12.4927,-20.450000,-53.780000,bus-proxy,bus:RIBASR-MS138,,,RIBASR-MS138
3471,PSE291731,SmallHydro,SUDESTE,12.4997,-19.860000,-47.450000,bus-proxy,bus:SACRAM-MG138,,,SACRAM-MG138
3472,PSE2927255,SmallHydro,SUDESTE,12.6525,-19.310000,-50.730000,bus-proxy,bus:VPONTA-MG138,,,VPONTA-MG138
3473,PSE294199,SmallHydro,SUDESTE,15.9606,-21.990000,-42.900000,bus-proxy,bus:SAPUCA-RJ138,,,SAPUCA-RJ138
3474,PSE292073,SmallHydro,SUDESTE,11.9504,-21.620000,-46.900000,bus-proxy,bus:SJRPAR-SP138,,,SJRPAR-SP138
3475,PSE2926000,SmallHydro,SUDESTE,13.756,-15.330000,-56.140000,bus-proxy,bus:VOTORA-MT138,,,VOTORA-MT138
3476,PSE301163,SmallHydro,SUDESTE,15.7203,-17.400000,-50.390000,bus-proxy,bus:ACREUN-GO138,,,ACREUN-GO138
3477,PSE303301,SmallHydro,SUDESTE,31.8967,-12.880000,-58.070000,bus-proxy,bus:BR-RB--MT138,,,BR-RB--MT138
3478,PSE3023385,SmallHydro,SUDESTE,18.6826,-17.820000,-50.970000,bus-proxy,bus:CABRIU-GO069,,,CABRIU-GO069
3479,PSE301370,SmallHydro,SUDESTE,16.5339,-13.670000,-57.900000,bus-proxy,bus:CAMPON-MT138,,,CAMPON-MT138
3480,PSE308450,SmallHydro,SUDESTE,18.2901,-19.130000,-51.710000,bus-proxy,bus:CASSIL-MS138,,,CASSIL-MS138
3481,PSE301152,SmallHydro,SUDESTE,23.0062,-18.500000,-49.490000,bus-proxy,bus:CDOURA-GO138,,,CDOURA-GO138
3482,PSE301804,SmallHydro,SUDESTE,24.9705,-18.740000,-44.400000,bus-proxy,bus:CURVE2-MG138,,,CURVE2-MG138
3483,PSE3035146,SmallHydro,SUDESTE,17.1585,-20.350000,-40.660000,bus-proxy,bus:DMARTI-ES069,,,DMARTI-ES069
3484,PSE301325,SmallHydro,SUDESTE,20.2535,-17.250000,-53.320000,bus-proxy,bus:FERRON-MT138,,,FERRON-MT138
3485,PSE3026847,SmallHydro,SUDESTE,12.9921,-19.200000,-43.050000,bus-proxy,bus:FERROS-MG138,,,FERROS-MG138
3486,PSE301350,SmallHydro,SUDESTE,21.9871,-15.170000,-53.660000,bus-proxy,bus:ITAQU--MT138,,,ITAQU--MT138
3487,PSE3030695,SmallHydro,SUDESTE,28.1758,-23.270000,-47.260000,bus-proxy,bus:ITU2---SP088,,,ITU2---SP088
3488,PSE301692,SmallHydro,SUDESTE,18.8246,-21.770000,-43.400000,bus-proxy,bus:JFORA8-MG138,,,JFORA8-MG138
3489,PSE303302,SmallHydro,SUDESTE,28.5263,-14.840000,-57.910000,bus-proxy,bus:JU-RB--MT138,,,JU-RB--MT138
3490,PSE303961,SmallHydro,SUDESTE,29.6565,-14.470000,-48.490000,bus-proxy,bus:NIQULB-GO069,,,NIQULB-GO069
3491,PSE3028702,SmallHydro,SUDESTE,18.9078,-21.560000,-42.170000,bus-proxy,bus:PADUA--RJ069,,,PADUA--RJ069
3492,PSE3039842,SmallHydro,SUDESTE,12.8929,-19.270000,-52.860000,bus-proxy,bus:PARAI2-MS138,,,PARAI2-MS138
3493,PSE301632,SmallHydro,SUDESTE,19.839,-18.550000,-42.570000,bus-proxy,bus:PECAN2-MG138,,,PECAN2-MG138
3494,PSE301323,SmallHydro,SUDESTE,18.2842,-16.790000,-54.040000,bus-proxy,bus:PETRVA-MT138,,,PETRVA-MT138
3495,PSE301189,SmallHydro,SUDESTE,62.999,-17.310000,-48.290000,bus-proxy,bus:PIRESR-GO138,,,PIRESR-GO138
3496,PSE301681,SmallHydro,SUDESTE,16.7846,-20.430000,-42.900000,bus-proxy,bus:PNOVA1-MG138,,,PNOVA1-MG138
3497,PSE3049057,SmallHydro,SUDESTE,18.5579,-20.450000,-53.780000,bus-proxy,bus:RIBASR-MS138,,,RIBASR-MS138
3498,PSE301731,SmallHydro,SUDESTE,18.5684,-19.860000,-47.450000,bus-proxy,bus:SACRAM-MG138,,,SACRAM-MG138
3499,PSE3027255,SmallHydro,SUDESTE,18.7952,-19.310000,-50.730000,bus-proxy,bus:VPONTA-MG138,,,VPONTA-MG138
3500,PSE304199,SmallHydro,SUDESTE,23.7095,-21.990000,-42.900000,bus-proxy,bus:SAPUCA-RJ138,,,SAPUCA-RJ138
3501,PSE302073,SmallHydro,SUDESTE,17.7524,-21.620000,-46.900000,bus-proxy,bus:SJRPAR-SP138,,,SJRPAR-SP138
3502,PSE3026000,SmallHydro,SUDESTE,20.4346,-15.330000,-56.140000,bus-proxy,bus:VOTORA-MT138,,,VOTORA-MT138
3503,PSE311163,SmallHydro,SUDESTE,15.7203,-17.400000,-50.390000,bus-proxy,bus:ACREUN-GO138,,,ACREUN-GO138
3504,PSE313301,SmallHydro,SUDESTE,31.8967,-12.880000,-58.070000,bus-proxy,bus:BR-RB--MT138,,,BR-RB--MT138
3505,PSE3123385,SmallHydro,SUDESTE,18.6826,-17.820000,-50.970000,bus-proxy,bus:CABRIU-GO069,,,CABRIU-GO069
3506,PSE311370,SmallHydro,SUDESTE,16.5339,-13.670000,-57.900000,bus-proxy,bus:CAMPON-MT138,,,CAMPON-MT138
3507,PSE318450,SmallHydro,SUDESTE,18.2901,-19.130000,-51.710000,bus-proxy,bus:CASSIL-MS138,,,CASSIL-MS138
3508,PSE311152,SmallHydro,SUDESTE,23.0062,-18.500000,-49.490000,bus-proxy,bus:CDOURA-GO138,,,CDOURA-GO138
3509,PSE311804,SmallHydro,SUDESTE,24.9705,-18.740000,-44.400000,bus-proxy,bus:CURVE2-MG138,,,CURVE2-MG138
3510,PSE3135146,SmallHydro,SUDESTE,17.1585,-20.350000,-40.660000,bus-proxy,bus:DMARTI-ES069,,,DMARTI-ES069
3511,PSE311325,SmallHydro,SUDESTE,20.2535,-17.250000,-53.320000,bus-proxy,bus:FERRON-MT138,,,FERRON-MT138
3512,PSE3126847,SmallHydro,SUDESTE,12.9921,-19.200000,-43.050000,bus-proxy,bus:FERROS-MG138,,,FERROS-MG138
3513,PSE311350,SmallHydro,SUDESTE,21.9871,-15.170000,-53.660000,bus-proxy,bus:ITAQU--MT138,,,ITAQU--MT138
3514,PSE3130695,SmallHydro,SUDESTE,28.1758,-23.270000,-47.260000,bus-proxy,bus:ITU2---SP088,,,ITU2---SP088
3515,PSE311692,SmallHydro,SUDESTE,18.8246,-21.770000,-43.400000,bus-proxy,bus:JFORA8-MG138,,,JFORA8-MG138
3516,PSE313302,SmallHydro,SUDESTE,28.5263,-14.840000,-57.910000,bus-proxy,bus:JU-RB--MT138,,,JU-RB--MT138
3517,PSE313961,SmallHydro,SUDESTE,29.6565,-14.470000,-48.490000,bus-proxy,bus:NIQULB-GO069,,,NIQULB-GO069
3518,PSE3128702,SmallHydro,SUDESTE,18.9078,-21.560000,-42.170000,bus-proxy,bus:PADUA--RJ069,,,PADUA--RJ069
3519,PSE3139842,SmallHydro,SUDESTE,12.8929,-19.270000,-52.860000,bus-proxy,bus:PARAI2-MS138,,,PARAI2-MS138
3520,PSE311632,SmallHydro,SUDESTE,19.839,-18.550000,-42.570000,bus-proxy,bus:PECAN2-MG138,,,PECAN2-MG138
3521,PSE311323,SmallHydro,SUDESTE,18.2842,-16.790000,-54.040000,bus-proxy,bus:PETRVA-MT138,,,PETRVA-MT138
3522,PSE311189,SmallHydro,SUDESTE,62.999,-17.310000,-48.290000,bus-proxy,bus:PIRESR-GO138,,,PIRESR-GO138
3523,PSE311681,SmallHydro,SUDESTE,16.7846,-20.430000,-42.900000,bus-proxy,bus:PNOVA1-MG138,,,PNOVA1-MG138
3524,PSE3149057,SmallHydro,SUDESTE,18.5579,-20.450000,-53.780000,bus-proxy,bus:RIBASR-MS138,,,RIBASR-MS138
3525,PSE311731,SmallHydro,SUDESTE,18.5684,-19.860000,-47.450000,bus-proxy,bus:SACRAM-MG138,,,SACRAM-MG138
3526,PSE3127255,SmallHydro,SUDESTE,18.7952,-19.310000,-50.730000,bus-proxy,bus:VPONTA-MG138,,,VPONTA-MG138
3527,PSE314199,SmallHydro,SUDESTE,23.7095,-21.990000,-42.900000,bus-proxy,bus:SAPUCA-RJ138,,,SAPUCA-RJ138
3528,PSE312073,SmallHydro,SUDESTE,17.7524,-21.620000,-46.900000,bus-proxy,bus:SJRPAR-SP138,,,SJRPAR-SP138
3529,PSE3126000,SmallHydro,SUDESTE,20.4346,-15.330000,-56.140000,bus-proxy,bus:VOTORA-MT138,,,VOTORA-MT138
3530,PSE321163,SmallHydro,SUDESTE,10.8788,-17.400000,-50.390000,bus-proxy,bus:ACREUN-GO138,,,ACREUN-GO138
3531,PSE323301,SmallHydro,SUDESTE,22.0733,-12.880000,-58.070000,bus-proxy,bus:BR-RB--MT138,,,BR-RB--MT138
3532,PSE3223385,SmallHydro,SUDESTE,12.9288,-17.820000,-50.970000,bus-proxy,bus:CABRIU-GO069,,,CABRIU-GO069
3533,PSE321370,SmallHydro,SUDESTE,11.4418,-13.670000,-57.900000,bus-proxy,bus:CAMPON-MT138,,,CAMPON-MT138
3534,PSE328450,SmallHydro,SUDESTE,12.6572,-19.130000,-51.710000,bus-proxy,bus:CASSIL-MS138,,,CASSIL-MS138
3535,PSE321152,SmallHydro,SUDESTE,15.9208,-18.500000,-49.490000,bus-proxy,bus:CDOURA-GO138,,,CDOURA-GO138
3536,PSE321804,SmallHydro,SUDESTE,17.2801,-18.740000,-44.400000,bus-proxy,bus:CURVE2-MG138,,,CURVE2-MG138
3537,PSE3235146,SmallHydro,SUDESTE,11.874,-20.350000,-40.660000,bus-proxy,bus:DMARTI-ES069,,,DMARTI-ES069
3538,PSE321325,SmallHydro,SUDESTE,14.0159,-17.250000,-53.320000,bus-proxy,bus:FERRON-MT138,,,FERRON-MT138
3539,PSE3226847,SmallHydro,SUDESTE,8.99082,-19.200000,-43.050000,bus-proxy,bus:FERROS-MG138,,,FERROS-MG138
3540,PSE321350,SmallHydro,SUDESTE,15.2156,-15.170000,-53.660000,bus-proxy,bus:ITAQU--MT138,,,ITAQU--MT138
3541,PSE3230695,SmallHydro,SUDESTE,19.4983,-23.270000,-47.260000,bus-proxy,bus:ITU2---SP088,,,ITU2---SP088
3542,PSE321692,SmallHydro,SUDESTE,13.0271,-21.770000,-43.400000,bus-proxy,bus:JFORA8-MG138,,,JFORA8-MG138
3543,PSE323302,SmallHydro,SUDESTE,19.7409,-14.840000,-57.910000,bus-proxy,bus:JU-RB--MT138,,,JU-RB--MT138
3544,PSE323961,SmallHydro,SUDESTE,20.523,-14.470000,-48.490000,bus-proxy,bus:NIQULB-GO069,,,NIQULB-GO069
3545,PSE3228702,SmallHydro,SUDESTE,13.0846,-21.560000,-42.170000,bus-proxy,bus:PADUA--RJ069,,,PADUA--RJ069
3546,PSE3239842,SmallHydro,SUDESTE,8.92217,-19.270000,-52.860000,bus-proxy,bus:PARAI2-MS138,,,PARAI2-MS138
3547,PSE321632,SmallHydro,SUDESTE,13.729,-18.550000,-42.570000,bus-proxy,bus:PECAN2-MG138,,,PECAN2-MG138
3548,PSE321323,SmallHydro,SUDESTE,12.6531,-16.790000,-54.040000,bus-proxy,bus:PETRVA-MT138,,,PETRVA-MT138
3549,PSE321189,SmallHydro,SUDESTE,43.5967,-17.310000,-48.290000,bus-proxy,bus:PIRESR-GO138,,,PIRESR-GO138
3550,PSE321681,SmallHydro,SUDESTE,11.6153,-20.430000,-42.900000,bus-proxy,bus:PNOVA1-MG138,,,PNOVA1-MG138
3551,PSE3249057,SmallHydro,SUDESTE,12.8425,-20.450000,-53.780000,bus-proxy,bus:RIBASR-MS138,,,RIBASR-MS138
3552,PSE321731,SmallHydro,SUDESTE,12.8497,-19.860000,-47.450000,bus-proxy,bus:SACRAM-MG138,,,SACRAM-MG138
3553,PSE3227255,SmallHydro,SUDESTE,13.0067,-19.310000,-50.730000,bus-proxy,bus:VPONTA-MG138,,,VPONTA-MG138
3554,PSE324199,SmallHydro,SUDESTE,16.4075,-21.990000,-42.900000,bus-proxy,bus:SAPUCA-RJ138,,,SAPUCA-RJ138
3555,PSE322073,SmallHydro,SUDESTE,12.2851,-21.620000,-46.900000,bus-proxy,bus:SJRPAR-SP138,,,SJRPAR-SP138
3556,PSE3226000,SmallHydro,SUDESTE,14.1412,-15.330000,-56.140000,bus-proxy,bus:VOTORA-MT138,,,VOTORA-MT138
3557,PSE331163,SmallHydro,SUDESTE,10.429,-17.400000,-50.390000,bus-proxy,bus:ACREUN-GO138,,,ACREUN-GO138
3558,PSE333301,SmallHydro,SUDESTE,21.1607,-12.880000,-58.070000,bus-proxy,bus:BR-RB--MT138,,,BR-RB--MT138
3559,PSE3323385,SmallHydro,SUDESTE,12.3943,-17.820000,-50.970000,bus-proxy,bus:CABRIU-GO069,,,CABRIU-GO069
3560,PSE331370,SmallHydro,SUDESTE,10.9688,-13.670000,-57.900000,bus-proxy,bus:CAMPON-MT138,,,CAMPON-MT138
3561,PSE338450,SmallHydro,SUDESTE,12.1339,-19.130000,-51.710000,bus-proxy,bus:CASSIL-MS138,,,CASSIL-MS138
3562,PSE331152,SmallHydro,SUDESTE,15.2626,-18.500000,-49.490000,bus-proxy,bus:CDOURA-GO138,,,CDOURA-GO138
3563,PSE331804,SmallHydro,SUDESTE,16.5657,-18.740000,-44.400000,bus-proxy,bus:CURVE2-MG138,,,CURVE2-MG138
3564,PSE3335146,SmallHydro,SUDESTE,11.3831,-20.350000,-40.660000,bus-proxy,bus:DMARTI-ES069,,,DMARTI-ES069
3565,PSE331325,SmallHydro,SUDESTE,13.4364,-17.250000,-53.320000,bus-proxy,bus:FERRON-MT138,,,FERRON-MT138
3566,PSE3326847,SmallHydro,SUDESTE,8.61911,-19.200000,-43.050000,bus-proxy,bus:FERROS-MG138,,,FERROS-MG138
3567,PSE331350,SmallHydro,SUDESTE,14.5865,-15.170000,-53.660000,bus-proxy,bus:ITAQU--MT138,,,ITAQU--MT138
3568,PSE3330695,SmallHydro,SUDESTE,18.6922,-23.270000,-47.260000,bus-proxy,bus:ITU2---SP088,,,ITU2---SP088
3569,PSE331692,SmallHydro,SUDESTE,12.4885,-21.770000,-43.400000,bus-proxy,bus:JFORA8-MG138,,,JFORA8-MG138
3570,PSE333302,SmallHydro,SUDESTE,18.9247,-14.840000,-57.910000,bus-proxy,bus:JU-RB--MT138,,,JU-RB--MT138
3571,PSE333961,SmallHydro,SUDESTE,19.6745,-14.470000,-48.490000,bus-proxy,bus:NIQULB-GO069,,,NIQULB-GO069
3572,PSE3328702,SmallHydro,SUDESTE,12.5437,-21.560000,-42.170000,bus-proxy,bus:PADUA--RJ069,,,PADUA--RJ069
3573,PSE3339842,SmallHydro,SUDESTE,8.55331,-19.270000,-52.860000,bus-proxy,bus:PARAI2-MS138,,,PARAI2-MS138
3574,PSE331632,SmallHydro,SUDESTE,13.1614,-18.550000,-42.570000,bus-proxy,bus:PECAN2-MG138,,,PECAN2-MG138
3575,PSE331323,SmallHydro,SUDESTE,12.13,-16.790000,-54.040000,bus-proxy,bus:PETRVA-MT138,,,PETRVA-MT138
3576,PSE331189,SmallHydro,SUDESTE,41.7944,-17.310000,-48.290000,bus-proxy,bus:PIRESR-GO138,,,PIRESR-GO138
3577,PSE331681,SmallHydro,SUDESTE,11.1351,-20.430000,-42.900000,bus-proxy,bus:PNOVA1-MG138,,,PNOVA1-MG138
3578,PSE3349057,SmallHydro,SUDESTE,12.3116,-20.450000,-53.780000,bus-proxy,bus:RIBASR-MS138,,,RIBASR-MS138
3579,PSE331731,SmallHydro,SUDESTE,12.3185,-19.860000,-47.450000,bus-proxy,bus:SACRAM-MG138,,,SACRAM-MG138
3580,PSE3327255,SmallHydro,SUDESTE,12.469,-19.310000,-50.730000,bus-proxy,bus:VPONTA-MG138,,,VPONTA-MG138
3581,PSE334199,SmallHydro,SUDESTE,15.7292,-21.990000,-42.900000,bus-proxy,bus:SAPUCA-RJ138,,,SAPUCA-RJ138
3582,PSE332073,SmallHydro,SUDESTE,11.7772,-21.620000,-46.900000,bus-proxy,bus:SJRPAR-SP138,,,SJRPAR-SP138
3583,PSE3326000,SmallHydro,SUDESTE,13.5566,-15.330000,-56.140000,bus-proxy,bus:VOTORA-MT138,,,VOTORA-MT138
3584,PSE341163,SmallHydro,SUDESTE,3.83615,-17.400000,-50.390000,bus-proxy,bus:ACREUN-GO138,,,ACREUN-GO138
3585,PSE343301,SmallHydro,SUDESTE,7.78361,-12.880000,-58.070000,bus-proxy,bus:BR-RB--MT138,,,BR-RB--MT138
3586,PSE3423385,SmallHydro,SUDESTE,4.55903,-17.820000,-50.970000,bus-proxy,bus:CABRIU-GO069,,,CABRIU-GO069
3587,PSE341370,SmallHydro,SUDESTE,4.0347,-13.670000,-57.900000,bus-proxy,bus:CAMPON-MT138,,,CAMPON-MT138
3588,PSE348450,SmallHydro,SUDESTE,4.46325,-19.130000,-51.710000,bus-proxy,bus:CASSIL-MS138,,,CASSIL-MS138
3589,PSE341152,SmallHydro,SUDESTE,5.61409,-18.500000,-49.490000,bus-proxy,bus:CDOURA-GO138,,,CDOURA-GO138
3590,PSE341804,SmallHydro,SUDESTE,6.09343,-18.740000,-44.400000,bus-proxy,bus:CURVE2-MG138,,,CURVE2-MG138
3591,PSE3435146,SmallHydro,SUDESTE,4.1871,-20.350000,-40.660000,bus-proxy,bus:DMARTI-ES069,,,DMARTI-ES069
3592,PSE341325,SmallHydro,SUDESTE,4.94237,-17.250000,-53.320000,bus-proxy,bus:FERRON-MT138,,,FERRON-MT138
3593,PSE3426847,SmallHydro,SUDESTE,3.1704,-19.200000,-43.050000,bus-proxy,bus:FERROS-MG138,,,FERROS-MG138
3594,PSE341350,SmallHydro,SUDESTE,5.36541,-15.170000,-53.660000,bus-proxy,bus:ITAQU--MT138,,,ITAQU--MT138
3595,PSE3430695,SmallHydro,SUDESTE,6.87561,-23.270000,-47.260000,bus-proxy,bus:ITU2---SP088,,,ITU2---SP088
3596,PSE341692,SmallHydro,SUDESTE,4.59369,-21.770000,-43.400000,bus-proxy,bus:JFORA8-MG138,,,JFORA8-MG138
3597,PSE343302,SmallHydro,SUDESTE,6.96115,-14.840000,-57.910000,bus-proxy,bus:JU-RB--MT138,,,JU-RB--MT138
3598,PSE343961,SmallHydro,SUDESTE,7.23694,-14.470000,-48.490000,bus-proxy,bus:NIQULB-GO069,,,NIQULB-GO069
3599,PSE3428702,SmallHydro,SUDESTE,4.61398,-21.560000,-42.170000,bus-proxy,bus:PADUA--RJ069,,,PADUA--RJ069
3600,PSE3439842,SmallHydro,SUDESTE,3.14619,-19.270000,-52.860000,bus-proxy,bus:PARAI2-MS138,,,PARAI2-MS138
3601,PSE341632,SmallHydro,SUDESTE,4.84122,-18.550000,-42.570000,bus-proxy,bus:PECAN2-MG138,,,PECAN2-MG138
3602,PSE341323,SmallHydro,SUDESTE,4.46182,-16.790000,-54.040000,bus-proxy,bus:PETRVA-MT138,,,PETRVA-MT138
3603,PSE341189,SmallHydro,SUDESTE,15.3734,-17.310000,-48.290000,bus-proxy,bus:PIRESR-GO138,,,PIRESR-GO138
3604,PSE341681,SmallHydro,SUDESTE,4.09587,-20.430000,-42.900000,bus-proxy,bus:PNOVA1-MG138,,,PNOVA1-MG138
3605,PSE3449057,SmallHydro,SUDESTE,4.52861,-20.450000,-53.780000,bus-proxy,bus:RIBASR-MS138,,,RIBASR-MS138
3606,PSE341731,SmallHydro,SUDESTE,4.53115,-19.860000,-47.450000,bus-proxy,bus:SACRAM-MG138,,,SACRAM-MG138
3607,PSE3427255,SmallHydro,SUDESTE,4.58652,-19.310000,-50.730000,bus-proxy,bus:VPONTA-MG138,,,VPONTA-MG138
3608,PSE344199,SmallHydro,SUDESTE,5.78572,-21.990000,-42.900000,bus-proxy,bus:SAPUCA-RJ138,,,SAPUCA-RJ138
3609,PSE342073,SmallHydro,SUDESTE,4.33203,-21.620000,-46.900000,bus-proxy,bus:SJRPAR-SP138,,,SJRPAR-SP138
3610,PSE3426000,SmallHydro,SUDESTE,4.98656,-15.330000,-56.140000,bus-proxy,bus:VOTORA-MT138,,,VOTORA-MT138
3611,PSE361163,SmallHydro,SUDESTE,5.1378,-17.400000,-50.390000,bus-proxy,bus:ACREUN-GO138,,,ACREUN-GO138
3612,PSE363301,SmallHydro,SUDESTE,10.4247,-12.880000,-58.070000,bus-proxy,bus:BR-RB--MT138,,,BR-RB--MT138
3613,PSE3623385,SmallHydro,SUDESTE,6.10595,-17.820000,-50.970000,bus-proxy,bus:CABRIU-GO069,,,CABRIU-GO069
3614,PSE361370,SmallHydro,SUDESTE,5.40371,-13.670000,-57.900000,bus-proxy,bus:CAMPON-MT138,,,CAMPON-MT138
3615,PSE368450,SmallHydro,SUDESTE,5.97767,-19.130000,-51.710000,bus-proxy,bus:CASSIL-MS138,,,CASSIL-MS138
3616,PSE361152,SmallHydro,SUDESTE,7.51901,-18.500000,-49.490000,bus-proxy,bus:CDOURA-GO138,,,CDOURA-GO138
3617,PSE361804,SmallHydro,SUDESTE,8.161,-18.740000,-44.400000,bus-proxy,bus:CURVE2-MG138,,,CURVE2-MG138
3618,PSE3635146,SmallHydro,SUDESTE,5.60783,-20.350000,-40.660000,bus-proxy,bus:DMARTI-ES069,,,DMARTI-ES069
3619,PSE361325,SmallHydro,SUDESTE,6.61937,-17.250000,-53.320000,bus-proxy,bus:FERRON-MT138,,,FERRON-MT138
3620,PSE3626847,SmallHydro,SUDESTE,4.24615,-19.200000,-43.050000,bus-proxy,bus:FERROS-MG138,,,FERROS-MG138
3621,PSE361350,SmallHydro,SUDESTE,7.18595,-15.170000,-53.660000,bus-proxy,bus:ITAQU--MT138,,,ITAQU--MT138
3622,PSE3630695,SmallHydro,SUDESTE,9.20858,-23.270000,-47.260000,bus-proxy,bus:ITU2---SP088,,,ITU2---SP088
3623,PSE361692,SmallHydro,SUDESTE,6.15238,-21.770000,-43.400000,bus-proxy,bus:JFORA8-MG138,,,JFORA8-MG138
3624,PSE363302,SmallHydro,SUDESTE,9.32315,-14.840000,-57.910000,bus-proxy,bus:JU-RB--MT138,,,JU-RB--MT138
3625,PSE363961,SmallHydro,SUDESTE,9.69251,-14.470000,-48.490000,bus-proxy,bus:NIQULB-GO069,,,NIQULB-GO069
3626,PSE3628702,SmallHydro,SUDESTE,6.17955,-21.560000,-42.170000,bus-proxy,bus:PADUA--RJ069,,,PADUA--RJ069
3627,PSE3639842,SmallHydro,SUDESTE,4.21373,-19.270000,-52.860000,bus-proxy,bus:PARAI2-MS138,,,PARAI2-MS138
3628,PSE361632,SmallHydro,SUDESTE,6.4839,-18.550000,-42.570000,bus-proxy,bus:PECAN2-MG138,,,PECAN2-MG138
3629,PSE361323,SmallHydro,SUDESTE,5.97576,-16.790000,-54.040000,bus-proxy,bus:PETRVA-MT138,,,PETRVA-MT138
3630,PSE361189,SmallHydro,SUDESTE,20.5897,-17.310000,-48.290000,bus-proxy,bus:PIRESR-GO138,,,PIRESR-GO138
3631,PSE361681,SmallHydro,SUDESTE,5.48564,-20.430000,-42.900000,bus-proxy,bus:PNOVA1-MG138,,,PNOVA1-MG138
3632,PSE3649057,SmallHydro,SUDESTE,6.06521,-20.450000,-53.780000,bus-proxy,bus:RIBASR-MS138,,,RIBASR-MS138
3633,PSE361731,SmallHydro,SUDESTE,6.06862,-19.860000,-47.450000,bus-proxy,bus:SACRAM-MG138,,,SACRAM-MG138
3634,PSE3627255,SmallHydro,SUDESTE,6.14277,-19.310000,-50.730000,bus-proxy,bus:VPONTA-MG138,,,VPONTA-MG138
3635,PSE364199,SmallHydro,SUDESTE,7.74887,-21.990000,-42.900000,bus-proxy,bus:SAPUCA-RJ138,,,SAPUCA-RJ138
3636,PSE362073,SmallHydro,SUDESTE,5.80194,-21.620000,-46.900000,bus-proxy,bus:SJRPAR-SP138,,,SJRPAR-SP138
3637,PSE3626000,SmallHydro,SUDESTE,6.67855,-15.330000,-56.140000,bus-proxy,bus:VOTORA-MT138,,,VOTORA-MT138
3638,PSE371163,SmallHydro,SUDESTE,4.60338,-17.400000,-50.390000,bus-proxy,bus:ACREUN-GO138,,,ACREUN-GO138
3639,PSE373301,SmallHydro,SUDESTE,9.34034,-12.880000,-58.070000,bus-proxy,bus:BR-RB--MT138,,,BR-RB--MT138
3640,PSE3723385,SmallHydro,SUDESTE,5.47083,-17.820000,-50.970000,bus-proxy,bus:CABRIU-GO069,,,CABRIU-GO069
3641,PSE371370,SmallHydro,SUDESTE,4.84164,-13.670000,-57.900000,bus-proxy,bus:CAMPON-MT138,,,CAMPON-MT138
3642,PSE378450,SmallHydro,SUDESTE,5.3559,-19.130000,-51.710000,bus-proxy,bus:CASSIL-MS138,,,CASSIL-MS138
3643,PSE371152,SmallHydro,SUDESTE,6.73691,-18.500000,-49.490000,bus-proxy,bus:CDOURA-GO138,,,CDOURA-GO138
3644,PSE371804,SmallHydro,SUDESTE,7.31212,-18.740000,-44.400000,bus-proxy,bus:CURVE2-MG138,,,CURVE2-MG138
3645,PSE3735146,SmallHydro,SUDESTE,5.02452,-20.350000,-40.660000,bus-proxy,bus:DMARTI-ES069,,,DMARTI-ES069
3646,PSE371325,SmallHydro,SUDESTE,5.93084,-17.250000,-53.320000,bus-proxy,bus:FERRON-MT138,,,FERRON-MT138
3647,PSE3726847,SmallHydro,SUDESTE,3.80448,-19.200000,-43.050000,bus-proxy,bus:FERROS-MG138,,,FERROS-MG138
3648,PSE371350,SmallHydro,SUDESTE,6.4385,-15.170000,-53.660000,bus-proxy,bus:ITAQU--MT138,,,ITAQU--MT138
3649,PSE3730695,SmallHydro,SUDESTE,8.25074,-23.270000,-47.260000,bus-proxy,bus:ITU2---SP088,,,ITU2---SP088
3650,PSE371692,SmallHydro,SUDESTE,5.51243,-21.770000,-43.400000,bus-proxy,bus:JFORA8-MG138,,,JFORA8-MG138
3651,PSE373302,SmallHydro,SUDESTE,8.35339,-14.840000,-57.910000,bus-proxy,bus:JU-RB--MT138,,,JU-RB--MT138
3652,PSE373961,SmallHydro,SUDESTE,8.68433,-14.470000,-48.490000,bus-proxy,bus:NIQULB-GO069,,,NIQULB-GO069
3653,PSE3728702,SmallHydro,SUDESTE,5.53678,-21.560000,-42.170000,bus-proxy,bus:PADUA--RJ069,,,PADUA--RJ069
3654,PSE3739842,SmallHydro,SUDESTE,3.77543,-19.270000,-52.860000,bus-proxy,bus:PARAI2-MS138,,,PARAI2-MS138
3655,PSE371632,SmallHydro,SUDESTE,5.80947,-18.550000,-42.570000,bus-proxy,bus:PECAN2-MG138,,,PECAN2-MG138
3656,PSE371323,SmallHydro,SUDESTE,5.35419,-16.790000,-54.040000,bus-proxy,bus:PETRVA-MT138,,,PETRVA-MT138
3657,PSE371189,SmallHydro,SUDESTE,18.448,-17.310000,-48.290000,bus-proxy,bus:PIRESR-GO138,,,PIRESR-GO138
3658,PSE371681,SmallHydro,SUDESTE,4.91504,-20.430000,-42.900000,bus-proxy,bus:PNOVA1-MG138,,,PNOVA1-MG138
3659,PSE3749057,SmallHydro,SUDESTE,5.43433,-20.450000,-53.780000,bus-proxy,bus:RIBASR-MS138,,,RIBASR-MS138
3660,PSE371731,SmallHydro,SUDESTE,5.43738,-19.860000,-47.450000,bus-proxy,bus:SACRAM-MG138,,,SACRAM-MG138
3661,PSE3727255,SmallHydro,SUDESTE,5.50382,-19.310000,-50.730000,bus-proxy,bus:VPONTA-MG138,,,VPONTA-MG138
3662,PSE374199,SmallHydro,SUDESTE,6.94286,-21.990000,-42.900000,bus-proxy,bus:SAPUCA-RJ138,,,SAPUCA-RJ138
3663,PSE372073,SmallHydro,SUDESTE,5.19844,-21.620000,-46.900000,bus-proxy,bus:SJRPAR-SP138,,,SJRPAR-SP138
3664,PSE3726000,SmallHydro,SUDESTE,5.98387,-15.330000,-56.140000,bus-proxy,bus:VOTORA-MT138,,,VOTORA-MT138
3849,PBIOG291163,Biomass,SUDESTE,20.7639,-17.400000,-50.390000,bus-proxy,bus:ACREUN-GO138,,,ACREUN-GO138
3850,PBIOG2930518,Biomass,SUDESTE,3.96629,-22.480000,-48.520000,bus-proxy,bus:AMYRIS-SP138,,,AMYRIS-SP138
3851,PBIOG298443,Biomass,SUDESTE,3.96629,-22.630000,-54.810000,bus-proxy,bus:CAARAP-MS069,,,CAARAP-MS069
3852,PBIOG293134,Biomass,SUDESTE,10.1346,-22.650000,-51.360000,bus-proxy,bus:CAPIVA-SP138,,,CAPIVA-SP138
3853,PBIOG2930123,Biomass,SUDESTE,52.9657,-21.340000,-48.230000,bus-proxy,bus:GUARIB-SP138,,,GUARIB-SP138
3854,PBIOG2923374,Biomass,SUDESTE,5.28839,-17.630000,-51.690000,bus-proxy,bus:RCLARO-GO069,,,RCLARO-GO069
3855,PBIOG293149,Biomass,SUDESTE,2.91474,-20.680000,-51.300000,bus-proxy,bus:TIRMAO-SP138,,,TIRMAO-SP138
3856,PBIOG301163,Biomass,SUDESTE,20.7639,-17.400000,-50.390000,bus-proxy,bus:ACREUN-GO138,,,ACREUN-GO138
3857,PBIOG3030518,Biomass,SUDESTE,3.96629,-22.480000,-48.520000,bus-proxy,bus:AMYRIS-SP138,,,AMYRIS-SP138
3858,PBIOG308443,Biomass,SUDESTE,3.96629,-22.630000,-54.810000,bus-proxy,bus:CAARAP-MS069,,,CAARAP-MS069
3859,PBIOG303134,Biomass,SUDESTE,10.1346,-22.650000,-51.360000,bus-proxy,bus:CAPIVA-SP138,,,CAPIVA-SP138
3860,PBIOG3030123,Biomass,SUDESTE,52.9657,-21.340000,-48.230000,bus-proxy,bus:GUARIB-SP138,,,GUARIB-SP138
3861,PBIOG3023374,Biomass,SUDESTE,5.28839,-17.630000,-51.690000,bus-proxy,bus:RCLARO-GO069,,,RCLARO-GO069
3862,PBIOG303149,Biomass,SUDESTE,2.91474,-20.680000,-51.300000,bus-proxy,bus:TIRMAO-SP138,,,TIRMAO-SP138
3863,PBIOG311163,Biomass,SUDESTE,20.7639,-17.400000,-50.390000,bus-proxy,bus:ACREUN-GO138,,,ACREUN-GO138
3864,PBIOG3130518,Biomass,SUDESTE,3.96629,-22.480000,-48.520000,bus-proxy,bus:AMYRIS-SP138,,,AMYRIS-SP138
3865,PBIOG318443,Biomass,SUDESTE,3.96629,-22.630000,-54.810000,bus-proxy,bus:CAARAP-MS069,,,CAARAP-MS069
3866,PBIOG313134,Biomass,SUDESTE,10.1346,-22.650000,-51.360000,bus-proxy,bus:CAPIVA-SP138,,,CAPIVA-SP138
3867,PBIOG3130123,Biomass,SUDESTE,52.9657,-21.340000,-48.230000,bus-proxy,bus:GUARIB-SP138,,,GUARIB-SP138
3868,PBIOG3123374,Biomass,SUDESTE,5.28839,-17.630000,-51.690000,bus-proxy,bus:RCLARO-GO069,,,RCLARO-GO069
3869,PBIOG313149,Biomass,SUDESTE,2.91474,-20.680000,-51.300000,bus-proxy,bus:TIRMAO-SP138,,,TIRMAO-SP138
3870,PBIOG321163,Biomass,SUDESTE,20.7639,-17.400000,-50.390000,bus-proxy,bus:ACREUN-GO138,,,ACREUN-GO138
3871,PBIOG3230518,Biomass,SUDESTE,3.96629,-22.480000,-48.520000,bus-proxy,bus:AMYRIS-SP138,,,AMYRIS-SP138
3872,PBIOG328443,Biomass,SUDESTE,3.96629,-22.630000,-54.810000,bus-proxy,bus:CAARAP-MS069,,,CAARAP-MS069
3873,PBIOG323134,Biomass,SUDESTE,10.1346,-22.650000,-51.360000,bus-proxy,bus:CAPIVA-SP138,,,CAPIVA-SP138
3874,PBIOG3230123,Biomass,SUDESTE,52.9657,-21.340000,-48.230000,bus-proxy,bus:GUARIB-SP138,,,GUARIB-SP138
3875,PBIOG3223374,Biomass,SUDESTE,5.28839,-17.630000,-51.690000,bus-proxy,bus:RCLARO-GO069,,,RCLARO-GO069
3876,PBIOG323149,Biomass,SUDESTE,2.91474,-20.680000,-51.300000,bus-proxy,bus:TIRMAO-SP138,,,TIRMAO-SP138
3877,PBIOG331163,Biomass,SUDESTE,20.7639,-17.400000,-50.390000,bus-proxy,bus:ACREUN-GO138,,,ACREUN-GO138
3878,PBIOG3330518,Biomass,SUDESTE,3.96629,-22.480000,-48.520000,bus-proxy,bus:AMYRIS-SP138,,,AMYRIS-SP138
3879,PBIOG338443,Biomass,SUDESTE,3.96629,-22.630000,-54.810000,bus-proxy,bus:CAARAP-MS069,,,CAARAP-MS069
3880,PBIOG333134,Biomass,SUDESTE,10.1346,-22.650000,-51.360000,bus-proxy,bus:CAPIVA-SP138,,,CAPIVA-SP138
3881,PBIOG3330123,Biomass,SUDESTE,52.9657,-21.340000,-48.230000,bus-proxy,bus:GUARIB-SP138,,,GUARIB-SP138
3882,PBIOG3323374,Biomass,SUDESTE,5.28839,-17.630000,-51.690000,bus-proxy,bus:RCLARO-GO069,,,RCLARO-GO069
3883,PBIOG333149,Biomass,SUDESTE,2.91474,-20.680000,-51.300000,bus-proxy,bus:TIRMAO-SP138,,,TIRMAO-SP138
3884,PBIOG341163,Biomass,SUDESTE,20.7639,-17.400000,-50.390000,bus-proxy,bus:ACREUN-GO138,,,ACREUN-GO138
3885,PBIOG3430518,Biomass,SUDESTE,3.96629,-22.480000,-48.520000,bus-proxy,bus:AMYRIS-SP138,,,AMYRIS-SP138
3886,PBIOG348443,Biomass,SUDESTE,3.96629,-22.630000,-54.810000,bus-proxy,bus:CAARAP-MS069,,,CAARAP-MS069
3887,PBIOG343134,Biomass,SUDESTE,10.1346,-22.650000,-51.360000,bus-proxy,bus:CAPIVA-SP138,,,CAPIVA-SP138
3888,PBIOG3430123,Biomass,SUDESTE,52.9657,-21.340000,-48.230000,bus-proxy,bus:GUARIB-SP138,,,GUARIB-SP138
3889,PBIOG3423374,Biomass,SUDESTE,5.28839,-17.630000,-51.690000,bus-proxy,bus:RCLARO-GO069,,,RCLARO-GO069
3890,PBIOG343149,Biomass,SUDESTE,2.91474,-20.680000,-51.300000,bus-proxy,bus:TIRMAO-SP138,,,TIRMAO-SP138
3891,PBIOG351163,Biomass,SUDESTE,20.7639,-17.400000,-50.390000,bus-proxy,bus:ACREUN-GO138,,,ACREUN-GO138
3892,PBIOG3530518,Biomass,SUDESTE,3.96629,-22.480000,-48.520000,bus-proxy,bus:AMYRIS-SP138,,,AMYRIS-SP138
3893,PBIOG358443,Biomass,SUDESTE,3.96629,-22.630000,-54.810000,bus-proxy,bus:CAARAP-MS069,,,CAARAP-MS069
3894,PBIOG353134,Biomass,SUDESTE,10.1346,-22.650000,-51.360000,bus-proxy,bus:CAPIVA-SP138,,,CAPIVA-SP138
3895,PBIOG3530123,Biomass,SUDESTE,52.9657,-21.340000,-48.230000,bus-proxy,bus:GUARIB-SP138,,,GUARIB-SP138
3896,PBIOG3523374,Biomass,SUDESTE,5.28839,-17.630000,-51.690000,bus-proxy,bus:RCLARO-GO069,,,RCLARO-GO069
3897,PBIOG353149,Biomass,SUDESTE,2.91474,-20.680000,-51.300000,bus-proxy,bus:TIRMAO-SP138,,,TIRMAO-SP138
3898,PBIOG361163,Biomass,SUDESTE,20.7639,-17.400000,-50.390000,bus-proxy,bus:ACREUN-GO138,,,ACREUN-GO138
3899,PBIOG3630518,Biomass,SUDESTE,3.96629,-22.480000,-48.520000,bus-proxy,bus:AMYRIS-SP138,,,AMYRIS-SP138
3900,PBIOG368443,Biomass,SUDESTE,3.96629,-22.630000,-54.810000,bus-proxy,bus:CAARAP-MS069,,,CAARAP-MS069
3901,PBIOG363134,Biomass,SUDESTE,10.1346,-22.650000,-51.360000,bus-proxy,bus:CAPIVA-SP138,,,CAPIVA-SP138
3902,PBIOG3630123,Biomass,SUDESTE,52.9657,-21.340000,-48.230000,bus-proxy,bus:GUARIB-SP138,,,GUARIB-SP138
3903,PBIOG3623374,Biomass,SUDESTE,5.28839,-17.630000,-51.690000,bus-proxy,bus:RCLARO-GO069,,,RCLARO-GO069
3904,PBIOG363149,Biomass,SUDESTE,2.91474,-20.680000,-51.300000,bus-proxy,bus:TIRMAO-SP138,,,TIRMAO-SP138
3905,PBIOG371163,Biomass,SUDESTE,20.7639,-17.400000,-50.390000,bus-proxy,bus:ACREUN-GO138,,,ACREUN-GO138
3906,PBIOG3730518,Biomass,SUDESTE,3.96629,-22.480000,-48.520000,bus-proxy,bus:AMYRIS-SP138,,,AMYRIS-SP138
3907,PBIOG378443,Biomass,SUDESTE,3.96629,-22.630000,-54.810000,bus-proxy,bus:CAARAP-MS069,,,CAARAP-MS069
3908,PBIOG373134,Biomass,SUDESTE,10.1346,-22.650000,-51.360000,bus-proxy,bus:CAPIVA-SP138,,,CAPIVA-SP138
3909,PBIOG3730123,Biomass,SUDESTE,52.9657,-21.340000,-48.230000,bus-proxy,bus:GUARIB-SP138,,,GUARIB-SP138
3910,PBIOG3723374,Biomass,SUDESTE,5.28839,-17.630000,-51.690000,bus-proxy,bus:RCLARO-GO069,,,RCLARO-GO069
3911,PBIOG373149,Biomass,SUDESTE,2.91474,-20.680000,-51.300000,bus-proxy,bus:TIRMAO-SP138,,,TIRMAO-SP138
3912,PBIOG381163,Biomass,SUDESTE,20.7639,-17.400000,-50.390000,bus-proxy,bus:ACREUN-GO138,,,ACREUN-GO138
3913,PBIOG3830518,Biomass,SUDESTE,3.96629,-22.480000,-48.520000,bus-proxy,bus:AMYRIS-SP138,,,AMYRIS-SP138
3914,PBIOG388443,Biomass,SUDESTE,3.96629,-22.630000,-54.810000,bus-proxy,bus:CAARAP-MS069,,,CAARAP-MS069
3915,PBIOG383134,Biomass,SUDESTE,10.1346,-22.650000,-51.360000,bus-proxy,bus:CAPIVA-SP138,,,CAPIVA-SP138
3916,PBIOG3830123,Biomass,SUDESTE,52.9657,-21.340000,-48.230000,bus-proxy,bus:GUARIB-SP138,,,GUARIB-SP138
3917,PBIOG3823374,Biomass,SUDESTE,5.28839,-17.630000,-51.690000,bus-proxy,bus:RCLARO-GO069,,,RCLARO-GO069
3918,PBIOG383149,Biomass,SUDESTE,2.91474,-20.680000,-51.300000,bus-proxy,bus:TIRMAO-SP138,,,TIRMAO-SP138
3919,PBIOG391163,Biomass,SUDESTE,20.7639,-17.400000,-50.390000,bus-proxy,bus:ACREUN-GO138,,,ACREUN-GO138
3920,PBIOG3930518,Biomass,SUDESTE,3.96629,-22.480000,-48.520000,bus-proxy,bus:AMYRIS-SP138,,,AMYRIS-SP138
3921,PBIOG398443,Biomass,SUDESTE,3.96629,-22.630000,-54.810000,bus-proxy,bus:CAARAP-MS069,,,CAARAP-MS069
3922,PBIOG393134,Biomass,SUDESTE,10.1346,-22.650000,-51.360000,bus-proxy,bus:CAPIVA-SP138,,,CAPIVA-SP138
3923,PBIOG3930123,Biomass,SUDESTE,52.9657,-21.340000,-48.230000,bus-proxy,bus:GUARIB-SP138,,,GUARIB-SP138
3924,PBIOG3923374,Biomass,SUDESTE,5.28839,-17.630000,-51.690000,bus-proxy,bus:RCLARO-GO069,,,RCLARO-GO069
3925,PBIOG393149,Biomass,SUDESTE,2.91474,-20.680000,-51.300000,bus-proxy,bus:TIRMAO-SP138,,,TIRMAO-SP138
3926,PBIOM292453,Biomass,SUDESTE,17.0846,-21.750000,-48.120000,bus-proxy,bus:AMBRAS-SP138,,,AMBRAS-SP138
3927,PBIOM292757,Biomass,SUDESTE,21.6909,-21.640000,-51.160000,bus-proxy,bus:APAULI-SP138,,,APAULI-SP138
3928,PBIOM293033,Biomass,SUDESTE,17.3879,-22.390000,-47.370000,bus-proxy,bus:ARARA2-SP138,,,ARARA2-SP138
3930,PBIOM292533,Biomass,SUDESTE,8.90031,-20.880000,-48.820000,bus-proxy,bus:CAJOBI-SP069,,,CAJOBI-SP069
3931,PBIOM292490,Biomass,SUDESTE,12.0585,-21.290000,-47.310000,bus-proxy,bus:CAJURU-SP138,,,CAJURU-SP138
3932,PBIOM2923382,Biomass,SUDESTE,11.1254,-18.400000,-52.650000,bus-proxy,bus:CHAPAD-GO069,,,CHAPAD-GO069
3933,PBIOM2930347,Biomass,SUDESTE,13.0059,-21.800000,-49.930000,bus-proxy,bus:GET-CP-SP138,,,GET-CP-SP138
3934,PBIOM292461,Biomass,SUDESTE,11.2689,-21.750000,-48.840000,bus-proxy,bus:IBI-CP-SP138,,,IBI-CP-SP138
3935,PBIOM291223,Biomass,SUDESTE,17.8006,-14.940000,-49.520000,bus-proxy,bus:ITAPAC-GO069,,,ITAPAC-GO069
3936,PBIOM298573,Biomass,SUDESTE,22.3369,-22.310000,-53.850000,bus-proxy,bus:IVINHE-MS069,,,IVINHE-MS069
3937,PBIOM292366,Biomass,SUDESTE,9.33097,-22.610000,-48.800000,bus-proxy,bus:LENCOI-SP138,,,LENCOI-SP138
3938,PBIOM292517,Biomass,SUDESTE,8.90031,-20.720000,-48.050000,bus-proxy,bus:MAGUDO-SP138,,,MAGUDO-SP138
3939,PBIOM292554,Biomass,SUDESTE,22.0667,-20.190000,-48.020000,bus-proxy,bus:MIGUEL-SP138,,,MIGUEL-SP138
3940,PBIOM292373,Biomass,SUDESTE,12.5609,-22.630000,-48.790000,bus-proxy,bus:OMI----SP138,,,OMI----SP138
3941,PBIOM292418,Biomass,SUDESTE,17.8667,-20.390000,-49.430000,bus-proxy,bus:PALEST-SP069,,,PALEST-SP069
3942,PBIOM292762,Biomass,SUDESTE,12.7475,-22.440000,-50.590000,bus-proxy,bus:PARAG2-SP088,,,PARAG2-SP088
3943,PBIOM292518,Biomass,SUDESTE,20.8152,-21.030000,-48.030000,bus-proxy,bus:PONTAL-SP138,,,PONTAL-SP138
3944,PBIOM2942571,Biomass,SUDESTE,11.1254,-18.490000,-50.580000,bus-proxy,bus:QUIRI2-GO138,,,QUIRI2-GO138
3945,PBIOM291156,Biomass,SUDESTE,25.5453,-18.440000,-50.420000,bus-proxy,bus:QUIRIN-GO138,,,QUIRIN-GO138
3946,PBIOM298655,Biomass,SUDESTE,15.7909,-21.800000,-54.550000,bus-proxy,bus:RBRILH-MS138,,,RBRILH-MS138
3947,PBIOM2949057,Biomass,SUDESTE,27.5622,-20.450000,-53.780000,bus-proxy,bus:RIBASR-MS138,,,RIBASR-MS138
3948,PBIOM2935078,Biomass,SUDESTE,17.0405,-20.270000,-40.240000,bus-proxy,bus:TUBAR3-ES138,,,TUBAR3-ES138
3949,PBIOM291736,Biomass,SUDESTE,17.5638,-19.350000,-48.090000,bus-proxy,bus:UBERA4-MG138,,,UBERA4-MG138
3950,PBIOM292343,Biomass,SUDESTE,16.724,-20.990000,-49.260000,bus-proxy,bus:VILAVE-SP138,,,VILAVE-SP138
3951,PBIOM302453,Biomass,SUDESTE,17.0846,-21.750000,-48.120000,bus-proxy,bus:AMBRAS-SP138,,,AMBRAS-SP138
3952,PBIOM302757,Biomass,SUDESTE,21.6909,-21.640000,-51.160000,bus-proxy,bus:APAULI-SP138,,,APAULI-SP138
3953,PBIOM303033,Biomass,SUDESTE,17.3879,-22.390000,-47.370000,bus-proxy,bus:ARARA2-SP138,,,ARARA2-SP138
3955,PBIOM302533,Biomass,SUDESTE,8.90031,-20.880000,-48.820000,bus-proxy,bus:CAJOBI-SP069,,,CAJOBI-SP069
3956,PBIOM302490,Biomass,SUDESTE,12.0585,-21.290000,-47.310000,bus-proxy,bus:CAJURU-SP138,,,CAJURU-SP138
3957,PBIOM3023382,Biomass,SUDESTE,11.1254,-18.400000,-52.650000,bus-proxy,bus:CHAPAD-GO069,,,CHAPAD-GO069
3958,PBIOM3030347,Biomass,SUDESTE,13.0059,-21.800000,-49.930000,bus-proxy,bus:GET-CP-SP138,,,GET-CP-SP138
3959,PBIOM302461,Biomass,SUDESTE,11.2689,-21.750000,-48.840000,bus-proxy,bus:IBI-CP-SP138,,,IBI-CP-SP138
3960,PBIOM301223,Biomass,SUDESTE,17.8006,-14.940000,-49.520000,bus-proxy,bus:ITAPAC-GO069,,,ITAPAC-GO069
3961,PBIOM308573,Biomass,SUDESTE,22.3369,-22.310000,-53.850000,bus-proxy,bus:IVINHE-MS069,,,IVINHE-MS069
3962,PBIOM302366,Biomass,SUDESTE,9.33097,-22.610000,-48.800000,bus-proxy,bus:LENCOI-SP138,,,LENCOI-SP138
3963,PBIOM302517,Biomass,SUDESTE,8.90031,-20.720000,-48.050000,bus-proxy,bus:MAGUDO-SP138,,,MAGUDO-SP138
3964,PBIOM302554,Biomass,SUDESTE,22.0667,-20.190000,-48.020000,bus-proxy,bus:MIGUEL-SP138,,,MIGUEL-SP138
3965,PBIOM302373,Biomass,SUDESTE,12.5609,-22.630000,-48.790000,bus-proxy,bus:OMI----SP138,,,OMI----SP138
3966,PBIOM302418,Biomass,SUDESTE,17.8667,-20.390000,-49.430000,bus-proxy,bus:PALEST-SP069,,,PALEST-SP069
3967,PBIOM302762,Biomass,SUDESTE,12.7475,-22.440000,-50.590000,bus-proxy,bus:PARAG2-SP088,,,PARAG2-SP088
3968,PBIOM302518,Biomass,SUDESTE,20.8152,-21.030000,-48.030000,bus-proxy,bus:PONTAL-SP138,,,PONTAL-SP138
3969,PBIOM3042571,Biomass,SUDESTE,11.1254,-18.490000,-50.580000,bus-proxy,bus:QUIRI2-GO138,,,QUIRI2-GO138
3970,PBIOM301156,Biomass,SUDESTE,25.5453,-18.440000,-50.420000,bus-proxy,bus:QUIRIN-GO138,,,QUIRIN-GO138
3971,PBIOM308655,Biomass,SUDESTE,15.7909,-21.800000,-54.550000,bus-proxy,bus:RBRILH-MS138,,,RBRILH-MS138
3972,PBIOM3049057,Biomass,SUDESTE,27.5622,-20.450000,-53.780000,bus-proxy,bus:RIBASR-MS138,,,RIBASR-MS138
3973,PBIOM3035078,Biomass,SUDESTE,17.0405,-20.270000,-40.240000,bus-proxy,bus:TUBAR3-ES138,,,TUBAR3-ES138
3974,PBIOM301736,Biomass,SUDESTE,17.5638,-19.350000,-48.090000,bus-proxy,bus:UBERA4-MG138,,,UBERA4-MG138
3975,PBIOM302343,Biomass,SUDESTE,16.724,-20.990000,-49.260000,bus-proxy,bus:VILAVE-SP138,,,VILAVE-SP138
3976,PBIOM312453,Biomass,SUDESTE,17.0846,-21.750000,-48.120000,bus-proxy,bus:AMBRAS-SP138,,,AMBRAS-SP138
3977,PBIOM312757,Biomass,SUDESTE,21.6909,-21.640000,-51.160000,bus-proxy,bus:APAULI-SP138,,,APAULI-SP138
3978,PBIOM313033,Biomass,SUDESTE,17.3879,-22.390000,-47.370000,bus-proxy,bus:ARARA2-SP138,,,ARARA2-SP138
3980,PBIOM312533,Biomass,SUDESTE,8.90031,-20.880000,-48.820000,bus-proxy,bus:CAJOBI-SP069,,,CAJOBI-SP069
3981,PBIOM312490,Biomass,SUDESTE,12.0585,-21.290000,-47.310000,bus-proxy,bus:CAJURU-SP138,,,CAJURU-SP138
3982,PBIOM3123382,Biomass,SUDESTE,11.1254,-18.400000,-52.650000,bus-proxy,bus:CHAPAD-GO069,,,CHAPAD-GO069
3983,PBIOM3130347,Biomass,SUDESTE,13.0059,-21.800000,-49.930000,bus-proxy,bus:GET-CP-SP138,,,GET-CP-SP138
3984,PBIOM312461,Biomass,SUDESTE,11.2689,-21.750000,-48.840000,bus-proxy,bus:IBI-CP-SP138,,,IBI-CP-SP138
3985,PBIOM311223,Biomass,SUDESTE,17.8006,-14.940000,-49.520000,bus-proxy,bus:ITAPAC-GO069,,,ITAPAC-GO069
3986,PBIOM318573,Biomass,SUDESTE,22.3369,-22.310000,-53.850000,bus-proxy,bus:IVINHE-MS069,,,IVINHE-MS069
3987,PBIOM312366,Biomass,SUDESTE,9.33097,-22.610000,-48.800000,bus-proxy,bus:LENCOI-SP138,,,LENCOI-SP138
3988,PBIOM312517,Biomass,SUDESTE,8.90031,-20.720000,-48.050000,bus-proxy,bus:MAGUDO-SP138,,,MAGUDO-SP138
3989,PBIOM312554,Biomass,SUDESTE,22.0667,-20.190000,-48.020000,bus-proxy,bus:MIGUEL-SP138,,,MIGUEL-SP138
3990,PBIOM312373,Biomass,SUDESTE,12.5609,-22.630000,-48.790000,bus-proxy,bus:OMI----SP138,,,OMI----SP138
3991,PBIOM312418,Biomass,SUDESTE,17.8667,-20.390000,-49.430000,bus-proxy,bus:PALEST-SP069,,,PALEST-SP069
3992,PBIOM312762,Biomass,SUDESTE,12.7475,-22.440000,-50.590000,bus-proxy,bus:PARAG2-SP088,,,PARAG2-SP088
3993,PBIOM312518,Biomass,SUDESTE,20.8152,-21.030000,-48.030000,bus-proxy,bus:PONTAL-SP138,,,PONTAL-SP138
3994,PBIOM3142571,Biomass,SUDESTE,11.1254,-18.490000,-50.580000,bus-proxy,bus:QUIRI2-GO138,,,QUIRI2-GO138
3995,PBIOM311156,Biomass,SUDESTE,25.5453,-18.440000,-50.420000,bus-proxy,bus:QUIRIN-GO138,,,QUIRIN-GO138
3996,PBIOM318655,Biomass,SUDESTE,15.7909,-21.800000,-54.550000,bus-proxy,bus:RBRILH-MS138,,,RBRILH-MS138
3997,PBIOM3149057,Biomass,SUDESTE,27.5622,-20.450000,-53.780000,bus-proxy,bus:RIBASR-MS138,,,RIBASR-MS138
3998,PBIOM3135078,Biomass,SUDESTE,17.0405,-20.270000,-40.240000,bus-proxy,bus:TUBAR3-ES138,,,TUBAR3-ES138
3999,PBIOM311736,Biomass,SUDESTE,17.5638,-19.350000,-48.090000,bus-proxy,bus:UBERA4-MG138,,,UBERA4-MG138
4000,PBIOM312343,Biomass,SUDESTE,16.724,-20.990000,-49.260000,bus-proxy,bus:VILAVE-SP138,,,VILAVE-SP138
4001,PBIOM322453,Biomass,SUDESTE,17.0846,-21.750000,-48.120000,bus-proxy,bus:AMBRAS-SP138,,,AMBRAS-SP138
4002,PBIOM322757,Biomass,SUDESTE,21.6909,-21.640000,-51.160000,bus-proxy,bus:APAULI-SP138,,,APAULI-SP138
4003,PBIOM323033,Biomass,SUDESTE,17.3879,-22.390000,-47.370000,bus-proxy,bus:ARARA2-SP138,,,ARARA2-SP138
4005,PBIOM322533,Biomass,SUDESTE,8.90031,-20.880000,-48.820000,bus-proxy,bus:CAJOBI-SP069,,,CAJOBI-SP069
4006,PBIOM322490,Biomass,SUDESTE,12.0585,-21.290000,-47.310000,bus-proxy,bus:CAJURU-SP138,,,CAJURU-SP138
4007,PBIOM3223382,Biomass,SUDESTE,11.1254,-18.400000,-52.650000,bus-proxy,bus:CHAPAD-GO069,,,CHAPAD-GO069
4008,PBIOM3230347,Biomass,SUDESTE,13.0059,-21.800000,-49.930000,bus-proxy,bus:GET-CP-SP138,,,GET-CP-SP138
4009,PBIOM322461,Biomass,SUDESTE,11.2689,-21.750000,-48.840000,bus-proxy,bus:IBI-CP-SP138,,,IBI-CP-SP138
4010,PBIOM321223,Biomass,SUDESTE,17.8006,-14.940000,-49.520000,bus-proxy,bus:ITAPAC-GO069,,,ITAPAC-GO069
4011,PBIOM328573,Biomass,SUDESTE,22.3369,-22.310000,-53.850000,bus-proxy,bus:IVINHE-MS069,,,IVINHE-MS069
4012,PBIOM322366,Biomass,SUDESTE,9.33097,-22.610000,-48.800000,bus-proxy,bus:LENCOI-SP138,,,LENCOI-SP138
4013,PBIOM322517,Biomass,SUDESTE,8.90031,-20.720000,-48.050000,bus-proxy,bus:MAGUDO-SP138,,,MAGUDO-SP138
4014,PBIOM322554,Biomass,SUDESTE,22.0667,-20.190000,-48.020000,bus-proxy,bus:MIGUEL-SP138,,,MIGUEL-SP138
4015,PBIOM322373,Biomass,SUDESTE,12.5609,-22.630000,-48.790000,bus-proxy,bus:OMI----SP138,,,OMI----SP138
4016,PBIOM322418,Biomass,SUDESTE,17.8667,-20.390000,-49.430000,bus-proxy,bus:PALEST-SP069,,,PALEST-SP069
4017,PBIOM322762,Biomass,SUDESTE,12.7475,-22.440000,-50.590000,bus-proxy,bus:PARAG2-SP088,,,PARAG2-SP088
4018,PBIOM322518,Biomass,SUDESTE,20.8152,-21.030000,-48.030000,bus-proxy,bus:PONTAL-SP138,,,PONTAL-SP138
4019,PBIOM3242571,Biomass,SUDESTE,11.1254,-18.490000,-50.580000,bus-proxy,bus:QUIRI2-GO138,,,QUIRI2-GO138
4020,PBIOM321156,Biomass,SUDESTE,25.5453,-18.440000,-50.420000,bus-proxy,bus:QUIRIN-GO138,,,QUIRIN-GO138
4021,PBIOM328655,Biomass,SUDESTE,15.7909,-21.800000,-54.550000,bus-proxy,bus:RBRILH-MS138,,,RBRILH-MS138
4022,PBIOM3249057,Biomass,SUDESTE,27.5622,-20.450000,-53.780000,bus-proxy,bus:RIBASR-MS138,,,RIBASR-MS138
4023,PBIOM3235078,Biomass,SUDESTE,17.0405,-20.270000,-40.240000,bus-proxy,bus:TUBAR3-ES138,,,TUBAR3-ES138
4024,PBIOM321736,Biomass,SUDESTE,17.5638,-19.350000,-48.090000,bus-proxy,bus:UBERA4-MG138,,,UBERA4-MG138
4025,PBIOM322343,Biomass,SUDESTE,16.724,-20.990000,-49.260000,bus-proxy,bus:VILAVE-SP138,,,VILAVE-SP138
4026,PBIOM332453,Biomass,SUDESTE,17.0846,-21.750000,-48.120000,bus-proxy,bus:AMBRAS-SP138,,,AMBRAS-SP138
4027,PBIOM332757,Biomass,SUDESTE,21.6909,-21.640000,-51.160000,bus-proxy,bus:APAULI-SP138,,,APAULI-SP138
4028,PBIOM333033,Biomass,SUDESTE,17.3879,-22.390000,-47.370000,bus-proxy,bus:ARARA2-SP138,,,ARARA2-SP138
4030,PBIOM332533,Biomass,SUDESTE,8.90031,-20.880000,-48.820000,bus-proxy,bus:CAJOBI-SP069,,,CAJOBI-SP069
4031,PBIOM332490,Biomass,SUDESTE,12.0585,-21.290000,-47.310000,bus-proxy,bus:CAJURU-SP138,,,CAJURU-SP138
4032,PBIOM3323382,Biomass,SUDESTE,11.1254,-18.400000,-52.650000,bus-proxy,bus:CHAPAD-GO069,,,CHAPAD-GO069
4033,PBIOM3330347,Biomass,SUDESTE,13.0059,-21.800000,-49.930000,bus-proxy,bus:GET-CP-SP138,,,GET-CP-SP138
4034,PBIOM332461,Biomass,SUDESTE,11.2689,-21.750000,-48.840000,bus-proxy,bus:IBI-CP-SP138,,,IBI-CP-SP138
4035,PBIOM331223,Biomass,SUDESTE,17.8006,-14.940000,-49.520000,bus-proxy,bus:ITAPAC-GO069,,,ITAPAC-GO069
4036,PBIOM338573,Biomass,SUDESTE,22.3369,-22.310000,-53.850000,bus-proxy,bus:IVINHE-MS069,,,IVINHE-MS069
4037,PBIOM332366,Biomass,SUDESTE,9.33097,-22.610000,-48.800000,bus-proxy,bus:LENCOI-SP138,,,LENCOI-SP138
4038,PBIOM332517,Biomass,SUDESTE,8.90031,-20.720000,-48.050000,bus-proxy,bus:MAGUDO-SP138,,,MAGUDO-SP138
4039,PBIOM332554,Biomass,SUDESTE,22.0667,-20.190000,-48.020000,bus-proxy,bus:MIGUEL-SP138,,,MIGUEL-SP138
4040,PBIOM332373,Biomass,SUDESTE,12.5609,-22.630000,-48.790000,bus-proxy,bus:OMI----SP138,,,OMI----SP138
4041,PBIOM332418,Biomass,SUDESTE,17.8667,-20.390000,-49.430000,bus-proxy,bus:PALEST-SP069,,,PALEST-SP069
4042,PBIOM332762,Biomass,SUDESTE,12.7475,-22.440000,-50.590000,bus-proxy,bus:PARAG2-SP088,,,PARAG2-SP088
4043,PBIOM332518,Biomass,SUDESTE,20.8152,-21.030000,-48.030000,bus-proxy,bus:PONTAL-SP138,,,PONTAL-SP138
4044,PBIOM3342571,Biomass,SUDESTE,11.1254,-18.490000,-50.580000,bus-proxy,bus:QUIRI2-GO138,,,QUIRI2-GO138
4045,PBIOM331156,Biomass,SUDESTE,25.5453,-18.440000,-50.420000,bus-proxy,bus:QUIRIN-GO138,,,QUIRIN-GO138
4046,PBIOM338655,Biomass,SUDESTE,15.7909,-21.800000,-54.550000,bus-proxy,bus:RBRILH-MS138,,,RBRILH-MS138
4047,PBIOM3349057,Biomass,SUDESTE,27.5622,-20.450000,-53.780000,bus-proxy,bus:RIBASR-MS138,,,RIBASR-MS138
4048,PBIOM3335078,Biomass,SUDESTE,17.0405,-20.270000,-40.240000,bus-proxy,bus:TUBAR3-ES138,,,TUBAR3-ES138
4049,PBIOM331736,Biomass,SUDESTE,17.5638,-19.350000,-48.090000,bus-proxy,bus:UBERA4-MG138,,,UBERA4-MG138
4050,PBIOM332343,Biomass,SUDESTE,16.724,-20.990000,-49.260000,bus-proxy,bus:VILAVE-SP138,,,VILAVE-SP138
4051,PBIOM342453,Biomass,SUDESTE,17.0846,-21.750000,-48.120000,bus-proxy,bus:AMBRAS-SP138,,,AMBRAS-SP138
4052,PBIOM342757,Biomass,SUDESTE,21.6909,-21.640000,-51.160000,bus-proxy,bus:APAULI-SP138,,,APAULI-SP138
4053,PBIOM343033,Biomass,SUDESTE,17.3879,-22.390000,-47.370000,bus-proxy,bus:ARARA2-SP138,,,ARARA2-SP138
4055,PBIOM342533,Biomass,SUDESTE,8.90031,-20.880000,-48.820000,bus-proxy,bus:CAJOBI-SP069,,,CAJOBI-SP069
4056,PBIOM342490,Biomass,SUDESTE,12.0585,-21.290000,-47.310000,bus-proxy,bus:CAJURU-SP138,,,CAJURU-SP138
4057,PBIOM3423382,Biomass,SUDESTE,11.1254,-18.400000,-52.650000,bus-proxy,bus:CHAPAD-GO069,,,CHAPAD-GO069
4058,PBIOM3430347,Biomass,SUDESTE,13.0059,-21.800000,-49.930000,bus-proxy,bus:GET-CP-SP138,,,GET-CP-SP138
4059,PBIOM342461,Biomass,SUDESTE,11.2689,-21.750000,-48.840000,bus-proxy,bus:IBI-CP-SP138,,,IBI-CP-SP138
4060,PBIOM341223,Biomass,SUDESTE,17.8006,-14.940000,-49.520000,bus-proxy,bus:ITAPAC-GO069,,,ITAPAC-GO069
4061,PBIOM348573,Biomass,SUDESTE,22.3369,-22.310000,-53.850000,bus-proxy,bus:IVINHE-MS069,,,IVINHE-MS069
4062,PBIOM342366,Biomass,SUDESTE,9.33097,-22.610000,-48.800000,bus-proxy,bus:LENCOI-SP138,,,LENCOI-SP138
4063,PBIOM342517,Biomass,SUDESTE,8.90031,-20.720000,-48.050000,bus-proxy,bus:MAGUDO-SP138,,,MAGUDO-SP138
4064,PBIOM342554,Biomass,SUDESTE,22.0667,-20.190000,-48.020000,bus-proxy,bus:MIGUEL-SP138,,,MIGUEL-SP138
4065,PBIOM342373,Biomass,SUDESTE,12.5609,-22.630000,-48.790000,bus-proxy,bus:OMI----SP138,,,OMI----SP138
4066,PBIOM342418,Biomass,SUDESTE,17.8667,-20.390000,-49.430000,bus-proxy,bus:PALEST-SP069,,,PALEST-SP069
4067,PBIOM342762,Biomass,SUDESTE,12.7475,-22.440000,-50.590000,bus-proxy,bus:PARAG2-SP088,,,PARAG2-SP088
4068,PBIOM342518,Biomass,SUDESTE,20.8152,-21.030000,-48.030000,bus-proxy,bus:PONTAL-SP138,,,PONTAL-SP138
4069,PBIOM3442571,Biomass,SUDESTE,11.1254,-18.490000,-50.580000,bus-proxy,bus:QUIRI2-GO138,,,QUIRI2-GO138
4070,PBIOM341156,Biomass,SUDESTE,25.5453,-18.440000,-50.420000,bus-proxy,bus:QUIRIN-GO138,,,QUIRIN-GO138
4071,PBIOM348655,Biomass,SUDESTE,15.7909,-21.800000,-54.550000,bus-proxy,bus:RBRILH-MS138,,,RBRILH-MS138
4072,PBIOM3449057,Biomass,SUDESTE,27.5622,-20.450000,-53.780000,bus-proxy,bus:RIBASR-MS138,,,RIBASR-MS138
4073,PBIOM3435078,Biomass,SUDESTE,17.0405,-20.270000,-40.240000,bus-proxy,bus:TUBAR3-ES138,,,TUBAR3-ES138
4074,PBIOM341736,Biomass,SUDESTE,17.5638,-19.350000,-48.090000,bus-proxy,bus:UBERA4-MG138,,,UBERA4-MG138
4075,PBIOM342343,Biomass,SUDESTE,16.724,-20.990000,-49.260000,bus-proxy,bus:VILAVE-SP138,,,VILAVE-SP138
4076,PBIOM352453,Biomass,SUDESTE,17.0846,-21.750000,-48.120000,bus-proxy,bus:AMBRAS-SP138,,,AMBRAS-SP138
4077,PBIOM352757,Biomass,SUDESTE,21.6909,-21.640000,-51.160000,bus-proxy,bus:APAULI-SP138,,,APAULI-SP138
4078,PBIOM353033,Biomass,SUDESTE,17.3879,-22.390000,-47.370000,bus-proxy,bus:ARARA2-SP138,,,ARARA2-SP138
4080,PBIOM352533,Biomass,SUDESTE,8.90031,-20.880000,-48.820000,bus-proxy,bus:CAJOBI-SP069,,,CAJOBI-SP069
4081,PBIOM352490,Biomass,SUDESTE,12.0585,-21.290000,-47.310000,bus-proxy,bus:CAJURU-SP138,,,CAJURU-SP138
4082,PBIOM3523382,Biomass,SUDESTE,11.1254,-18.400000,-52.650000,bus-proxy,bus:CHAPAD-GO069,,,CHAPAD-GO069
4083,PBIOM3530347,Biomass,SUDESTE,13.0059,-21.800000,-49.930000,bus-proxy,bus:GET-CP-SP138,,,GET-CP-SP138
4084,PBIOM352461,Biomass,SUDESTE,11.2689,-21.750000,-48.840000,bus-proxy,bus:IBI-CP-SP138,,,IBI-CP-SP138
4085,PBIOM351223,Biomass,SUDESTE,17.8006,-14.940000,-49.520000,bus-proxy,bus:ITAPAC-GO069,,,ITAPAC-GO069
4086,PBIOM358573,Biomass,SUDESTE,22.3369,-22.310000,-53.850000,bus-proxy,bus:IVINHE-MS069,,,IVINHE-MS069
4087,PBIOM352366,Biomass,SUDESTE,9.33097,-22.610000,-48.800000,bus-proxy,bus:LENCOI-SP138,,,LENCOI-SP138
4088,PBIOM352517,Biomass,SUDESTE,8.90031,-20.720000,-48.050000,bus-proxy,bus:MAGUDO-SP138,,,MAGUDO-SP138
4089,PBIOM352554,Biomass,SUDESTE,22.0667,-20.190000,-48.020000,bus-proxy,bus:MIGUEL-SP138,,,MIGUEL-SP138
4090,PBIOM352373,Biomass,SUDESTE,12.5609,-22.630000,-48.790000,bus-proxy,bus:OMI----SP138,,,OMI----SP138
4091,PBIOM352418,Biomass,SUDESTE,17.8667,-20.390000,-49.430000,bus-proxy,bus:PALEST-SP069,,,PALEST-SP069
4092,PBIOM352762,Biomass,SUDESTE,12.7475,-22.440000,-50.590000,bus-proxy,bus:PARAG2-SP088,,,PARAG2-SP088
4093,PBIOM352518,Biomass,SUDESTE,20.8152,-21.030000,-48.030000,bus-proxy,bus:PONTAL-SP138,,,PONTAL-SP138
4094,PBIOM3542571,Biomass,SUDESTE,11.1254,-18.490000,-50.580000,bus-proxy,bus:QUIRI2-GO138,,,QUIRI2-GO138
4095,PBIOM351156,Biomass,SUDESTE,25.5453,-18.440000,-50.420000,bus-proxy,bus:QUIRIN-GO138,,,QUIRIN-GO138
4096,PBIOM358655,Biomass,SUDESTE,15.7909,-21.800000,-54.550000,bus-proxy,bus:RBRILH-MS138,,,RBRILH-MS138
4097,PBIOM3549057,Biomass,SUDESTE,27.5622,-20.450000,-53.780000,bus-proxy,bus:RIBASR-MS138,,,RIBASR-MS138
4098,PBIOM3535078,Biomass,SUDESTE,17.0405,-20.270000,-40.240000,bus-proxy,bus:TUBAR3-ES138,,,TUBAR3-ES138
4099,PBIOM351736,Biomass,SUDESTE,17.5638,-19.350000,-48.090000,bus-proxy,bus:UBERA4-MG138,,,UBERA4-MG138
4100,PBIOM352343,Biomass,SUDESTE,16.724,-20.990000,-49.260000,bus-proxy,bus:VILAVE-SP138,,,VILAVE-SP138
4101,PBIOM362453,Biomass,SUDESTE,17.0846,-21.750000,-48.120000,bus-proxy,bus:AMBRAS-SP138,,,AMBRAS-SP138
4102,PBIOM362757,Biomass,SUDESTE,21.6909,-21.640000,-51.160000,bus-proxy,bus:APAULI-SP138,,,APAULI-SP138
4103,PBIOM363033,Biomass,SUDESTE,17.3879,-22.390000,-47.370000,bus-proxy,bus:ARARA2-SP138,,,ARARA2-SP138
4105,PBIOM362533,Biomass,SUDESTE,8.90031,-20.880000,-48.820000,bus-proxy,bus:CAJOBI-SP069,,,CAJOBI-SP069
4106,PBIOM362490,Biomass,SUDESTE,12.0585,-21.290000,-47.310000,bus-proxy,bus:CAJURU-SP138,,,CAJURU-SP138
4107,PBIOM3623382,Biomass,SUDESTE,11.1254,-18.400000,-52.650000,bus-proxy,bus:CHAPAD-GO069,,,CHAPAD-GO069
4108,PBIOM3630347,Biomass,SUDESTE,13.0059,-21.800000,-49.930000,bus-proxy,bus:GET-CP-SP138,,,GET-CP-SP138
4109,PBIOM362461,Biomass,SUDESTE,11.2689,-21.750000,-48.840000,bus-proxy,bus:IBI-CP-SP138,,,IBI-CP-SP138
4110,PBIOM361223,Biomass,SUDESTE,17.8006,-14.940000,-49.520000,bus-proxy,bus:ITAPAC-GO069,,,ITAPAC-GO069
4111,PBIOM368573,Biomass,SUDESTE,22.3369,-22.310000,-53.850000,bus-proxy,bus:IVINHE-MS069,,,IVINHE-MS069
4112,PBIOM362366,Biomass,SUDESTE,9.33097,-22.610000,-48.800000,bus-proxy,bus:LENCOI-SP138,,,LENCOI-SP138
4113,PBIOM362517,Biomass,SUDESTE,8.90031,-20.720000,-48.050000,bus-proxy,bus:MAGUDO-SP138,,,MAGUDO-SP138
4114,PBIOM362554,Biomass,SUDESTE,22.0667,-20.190000,-48.020000,bus-proxy,bus:MIGUEL-SP138,,,MIGUEL-SP138
4115,PBIOM362373,Biomass,SUDESTE,12.5609,-22.630000,-48.790000,bus-proxy,bus:OMI----SP138,,,OMI----SP138
4116,PBIOM362418,Biomass,SUDESTE,17.8667,-20.390000,-49.430000,bus-proxy,bus:PALEST-SP069,,,PALEST-SP069
4117,PBIOM362762,Biomass,SUDESTE,12.7475,-22.440000,-50.590000,bus-proxy,bus:PARAG2-SP088,,,PARAG2-SP088
4118,PBIOM362518,Biomass,SUDESTE,20.8152,-21.030000,-48.030000,bus-proxy,bus:PONTAL-SP138,,,PONTAL-SP138
4119,PBIOM3642571,Biomass,SUDESTE,11.1254,-18.490000,-50.580000,bus-proxy,bus:QUIRI2-GO138,,,QUIRI2-GO138
4120,PBIOM361156,Biomass,SUDESTE,25.5453,-18.440000,-50.420000,bus-proxy,bus:QUIRIN-GO138,,,QUIRIN-GO138
4121,PBIOM368655,Biomass,SUDESTE,15.7909,-21.800000,-54.550000,bus-proxy,bus:RBRILH-MS138,,,RBRILH-MS138
4122,PBIOM3649057,Biomass,SUDESTE,27.5622,-20.450000,-53.780000,bus-proxy,bus:RIBASR-MS138,,,RIBASR-MS138
4123,PBIOM3635078,Biomass,SUDESTE,17.0405,-20.270000,-40.240000,bus-proxy,bus:TUBAR3-ES138,,,TUBAR3-ES138
4124,PBIOM361736,Biomass,SUDESTE,17.5638,-19.350000,-48.090000,bus-proxy,bus:UBERA4-MG138,,,UBERA4-MG138
4125,PBIOM362343,Biomass,SUDESTE,16.724,-20.990000,-49.260000,bus-proxy,bus:VILAVE-SP138,,,VILAVE-SP138
4126,PBIOM372453,Biomass,SUDESTE,17.0846,-21.750000,-48.120000,bus-proxy,bus:AMBRAS-SP138,,,AMBRAS-SP138
4127,PBIOM372757,Biomass,SUDESTE,21.6909,-21.640000,-51.160000,bus-proxy,bus:APAULI-SP138,,,APAULI-SP138
4128,PBIOM373033,Biomass,SUDESTE,17.3879,-22.390000,-47.370000,bus-proxy,bus:ARARA2-SP138,,,ARARA2-SP138
4130,PBIOM372533,Biomass,SUDESTE,8.90031,-20.880000,-48.820000,bus-proxy,bus:CAJOBI-SP069,,,CAJOBI-SP069
4131,PBIOM372490,Biomass,SUDESTE,12.0585,-21.290000,-47.310000,bus-proxy,bus:CAJURU-SP138,,,CAJURU-SP138
4132,PBIOM3723382,Biomass,SUDESTE,11.1254,-18.400000,-52.650000,bus-proxy,bus:CHAPAD-GO069,,,CHAPAD-GO069
4133,PBIOM3730347,Biomass,SUDESTE,13.0059,-21.800000,-49.930000,bus-proxy,bus:GET-CP-SP138,,,GET-CP-SP138
4134,PBIOM372461,Biomass,SUDESTE,11.2689,-21.750000,-48.840000,bus-proxy,bus:IBI-CP-SP138,,,IBI-CP-SP138
4135,PBIOM371223,Biomass,SUDESTE,17.8006,-14.940000,-49.520000,bus-proxy,bus:ITAPAC-GO069,,,ITAPAC-GO069
4136,PBIOM378573,Biomass,SUDESTE,22.3369,-22.310000,-53.850000,bus-proxy,bus:IVINHE-MS069,,,IVINHE-MS069
4137,PBIOM372366,Biomass,SUDESTE,9.33097,-22.610000,-48.800000,bus-proxy,bus:LENCOI-SP138,,,LENCOI-SP138
4138,PBIOM372517,Biomass,SUDESTE,8.90031,-20.720000,-48.050000,bus-proxy,bus:MAGUDO-SP138,,,MAGUDO-SP138
4139,PBIOM372554,Biomass,SUDESTE,22.0667,-20.190000,-48.020000,bus-proxy,bus:MIGUEL-SP138,,,MIGUEL-SP138
4140,PBIOM372373,Biomass,SUDESTE,12.5609,-22.630000,-48.790000,bus-proxy,bus:OMI----SP138,,,OMI----SP138
4141,PBIOM372418,Biomass,SUDESTE,17.8667,-20.390000,-49.430000,bus-proxy,bus:PALEST-SP069,,,PALEST-SP069
4142,PBIOM372762,Biomass,SUDESTE,12.7475,-22.440000,-50.590000,bus-proxy,bus:PARAG2-SP088,,,PARAG2-SP088
4143,PBIOM372518,Biomass,SUDESTE,20.8152,-21.030000,-48.030000,bus-proxy,bus:PONTAL-SP138,,,PONTAL-SP138
4144,PBIOM3742571,Biomass,SUDESTE,11.1254,-18.490000,-50.580000,bus-proxy,bus:QUIRI2-GO138,,,QUIRI2-GO138
4145,PBIOM371156,Biomass,SUDESTE,25.5453,-18.440000,-50.420000,bus-proxy,bus:QUIRIN-GO138,,,QUIRIN-GO138
4146,PBIOM378655,Biomass,SUDESTE,15.7909,-21.800000,-54.550000,bus-proxy,bus:RBRILH-MS138,,,RBRILH-MS138
4147,PBIOM3749057,Biomass,SUDESTE,27.5622,-20.450000,-53.780000,bus-proxy,bus:RIBASR-MS138,,,RIBASR-MS138
4148,PBIOM3735078,Biomass,SUDESTE,17.0405,-20.270000,-40.240000,bus-proxy,bus:TUBAR3-ES138,,,TUBAR3-ES138
4149,PBIOM371736,Biomass,SUDESTE,17.5638,-19.350000,-48.090000,bus-proxy,bus:UBERA4-MG138,,,UBERA4-MG138
4150,PBIOM372343,Biomass,SUDESTE,16.724,-20.990000,-49.260000,bus-proxy,bus:VILAVE-SP138,,,VILAVE-SP138
4151,PBIOM382453,Biomass,SUDESTE,17.0846,-21.750000,-48.120000,bus-proxy,bus:AMBRAS-SP138,,,AMBRAS-SP138
4152,PBIOM382757,Biomass,SUDESTE,21.6909,-21.640000,-51.160000,bus-proxy,bus:APAULI-SP138,,,APAULI-SP138
4153,PBIOM383033,Biomass,SUDESTE,17.3879,-22.390000,-47.370000,bus-proxy,bus:ARARA2-SP138,,,ARARA2-SP138
4155,PBIOM382533,Biomass,SUDESTE,8.90031,-20.880000,-48.820000,bus-proxy,bus:CAJOBI-SP069,,,CAJOBI-SP069
4156,PBIOM382490,Biomass,SUDESTE,12.0585,-21.290000,-47.310000,bus-proxy,bus:CAJURU-SP138,,,CAJURU-SP138
4157,PBIOM3823382,Biomass,SUDESTE,11.1254,-18.400000,-52.650000,bus-proxy,bus:CHAPAD-GO069,,,CHAPAD-GO069
4158,PBIOM3830347,Biomass,SUDESTE,13.0059,-21.800000,-49.930000,bus-proxy,bus:GET-CP-SP138,,,GET-CP-SP138
4159,PBIOM382461,Biomass,SUDESTE,11.2689,-21.750000,-48.840000,bus-proxy,bus:IBI-CP-SP138,,,IBI-CP-SP138
4160,PBIOM381223,Biomass,SUDESTE,17.8006,-14.940000,-49.520000,bus-proxy,bus:ITAPAC-GO069,,,ITAPAC-GO069
4161,PBIOM388573,Biomass,SUDESTE,22.3369,-22.310000,-53.850000,bus-proxy,bus:IVINHE-MS069,,,IVINHE-MS069
4162,PBIOM382366,Biomass,SUDESTE,9.33097,-22.610000,-48.800000,bus-proxy,bus:LENCOI-SP138,,,LENCOI-SP138
4163,PBIOM382517,Biomass,SUDESTE,8.90031,-20.720000,-48.050000,bus-proxy,bus:MAGUDO-SP138,,,MAGUDO-SP138
4164,PBIOM382554,Biomass,SUDESTE,22.0667,-20.190000,-48.020000,bus-proxy,bus:MIGUEL-SP138,,,MIGUEL-SP138
4165,PBIOM382373,Biomass,SUDESTE,12.5609,-22.630000,-48.790000,bus-proxy,bus:OMI----SP138,,,OMI----SP138
4166,PBIOM382418,Biomass,SUDESTE,17.8667,-20.390000,-49.430000,bus-proxy,bus:PALEST-SP069,,,PALEST-SP069
4167,PBIOM382762,Biomass,SUDESTE,12.7475,-22.440000,-50.590000,bus-proxy,bus:PARAG2-SP088,,,PARAG2-SP088
4168,PBIOM382518,Biomass,SUDESTE,20.8152,-21.030000,-48.030000,bus-proxy,bus:PONTAL-SP138,,,PONTAL-SP138
4169,PBIOM3842571,Biomass,SUDESTE,11.1254,-18.490000,-50.580000,bus-proxy,bus:QUIRI2-GO138,,,QUIRI2-GO138
4170,PBIOM381156,Biomass,SUDESTE,25.5453,-18.440000,-50.420000,bus-proxy,bus:QUIRIN-GO138,,,QUIRIN-GO138
4171,PBIOM388655,Biomass,SUDESTE,15.7909,-21.800000,-54.550000,bus-proxy,bus:RBRILH-MS138,,,RBRILH-MS138
4172,PBIOM3849057,Biomass,SUDESTE,27.5622,-20.450000,-53.780000,bus-proxy,bus:RIBASR-MS138,,,RIBASR-MS138
4173,PBIOM3835078,Biomass,SUDESTE,17.0405,-20.270000,-40.240000,bus-proxy,bus:TUBAR3-ES138,,,TUBAR3-ES138
4174,PBIOM381736,Biomass,SUDESTE,17.5638,-19.350000,-48.090000,bus-proxy,bus:UBERA4-MG138,,,UBERA4-MG138
4175,PBIOM382343,Biomass,SUDESTE,16.724,-20.990000,-49.260000,bus-proxy,bus:VILAVE-SP138,,,VILAVE-SP138
4176,PBIOM392453,Biomass,SUDESTE,17.0846,-21.750000,-48.120000,bus-proxy,bus:AMBRAS-SP138,,,AMBRAS-SP138
4177,PBIOM392757,Biomass,SUDESTE,21.6909,-21.640000,-51.160000,bus-proxy,bus:APAULI-SP138,,,APAULI-SP138
4178,PBIOM393033,Biomass,SUDESTE,17.3879,-22.390000,-47.370000,bus-proxy,bus:ARARA2-SP138,,,ARARA2-SP138
4180,PBIOM392533,Biomass,SUDESTE,8.90031,-20.880000,-48.820000,bus-proxy,bus:CAJOBI-SP069,,,CAJOBI-SP069
4181,PBIOM392490,Biomass,SUDESTE,12.0585,-21.290000,-47.310000,bus-proxy,bus:CAJURU-SP138,,,CAJURU-SP138
4182,PBIOM3923382,Biomass,SUDESTE,11.1254,-18.400000,-52.650000,bus-proxy,bus:CHAPAD-GO069,,,CHAPAD-GO069
4183,PBIOM3930347,Biomass,SUDESTE,13.0059,-21.800000,-49.930000,bus-proxy,bus:GET-CP-SP138,,,GET-CP-SP138
4184,PBIOM392461,Biomass,SUDESTE,11.2689,-21.750000,-48.840000,bus-proxy,bus:IBI-CP-SP138,,,IBI-CP-SP138
4185,PBIOM391223,Biomass,SUDESTE,17.8006,-14.940000,-49.520000,bus-proxy,bus:ITAPAC-GO069,,,ITAPAC-GO069
4186,PBIOM398573,Biomass,SUDESTE,22.3369,-22.310000,-53.850000,bus-proxy,bus:IVINHE-MS069,,,IVINHE-MS069
4187,PBIOM392366,Biomass,SUDESTE,9.33097,-22.610000,-48.800000,bus-proxy,bus:LENCOI-SP138,,,LENCOI-SP138
4188,PBIOM392517,Biomass,SUDESTE,8.90031,-20.720000,-48.050000,bus-proxy,bus:MAGUDO-SP138,,,MAGUDO-SP138
4189,PBIOM392554,Biomass,SUDESTE,22.0667,-20.190000,-48.020000,bus-proxy,bus:MIGUEL-SP138,,,MIGUEL-SP138
4190,PBIOM392373,Biomass,SUDESTE,12.5609,-22.630000,-48.790000,bus-proxy,bus:OMI----SP138,,,OMI----SP138
4191,PBIOM392418,Biomass,SUDESTE,17.8667,-20.390000,-49.430000,bus-proxy,bus:PALEST-SP069,,,PALEST-SP069
4192,PBIOM392762,Biomass,SUDESTE,12.7475,-22.440000,-50.590000,bus-proxy,bus:PARAG2-SP088,,,PARAG2-SP088
4193,PBIOM392518,Biomass,SUDESTE,20.8152,-21.030000,-48.030000,bus-proxy,bus:PONTAL-SP138,,,PONTAL-SP138
4194,PBIOM3942571,Biomass,SUDESTE,11.1254,-18.490000,-50.580000,bus-proxy,bus:QUIRI2-GO138,,,QUIRI2-GO138
4195,PBIOM391156,Biomass,SUDESTE,25.5453,-18.440000,-50.420000,bus-proxy,bus:QUIRIN-GO138,,,QUIRIN-GO138
4196,PBIOM398655,Biomass,SUDESTE,15.7909,-21.800000,-54.550000,bus-proxy,bus:RBRILH-MS138,,,RBRILH-MS138
4197,PBIOM3949057,Biomass,SUDESTE,27.5622,-20.450000,-53.780000,bus-proxy,bus:RIBASR-MS138,,,RIBASR-MS138
4198,PBIOM3935078,Biomass,SUDESTE,17.0405,-20.270000,-40.240000,bus-proxy,bus:TUBAR3-ES138,,,TUBAR3-ES138
4199,PBIOM391736,Biomass,SUDESTE,17.5638,-19.350000,-48.090000,bus-proxy,bus:UBERA4-MG138,,,UBERA4-MG138
4200,PBIOM392343,Biomass,SUDESTE,16.724,-20.990000,-49.260000,bus-proxy,bus:VILAVE-SP138,,,VILAVE-SP138
4201,PRSU293341,Biomass,SUDESTE,7.8125,-23.560000,-46.910000,bus-proxy,bus:JAD----SP088,,,JAD----SP088
4202,PRSU293379,Biomass,SUDESTE,30.0781,-23.700000,-46.520000,bus-proxy,bus:SUL1---SP088,,,SUL1---SP088
4203,PRSU294186,Biomass,SUDESTE,12.1094,-22.890000,-43.230000,bus-proxy,bus:TROVAO-RJ138,,,TROVAO-RJ138
4204,PRSU303341,Biomass,SUDESTE,7.8125,-23.560000,-46.910000,bus-proxy,bus:JAD----SP088,,,JAD----SP088
4205,PRSU303379,Biomass,SUDESTE,30.0781,-23.700000,-46.520000,bus-proxy,bus:SUL1---SP088,,,SUL1---SP088
4206,PRSU304186,Biomass,SUDESTE,12.1094,-22.890000,-43.230000,bus-proxy,bus:TROVAO-RJ138,,,TROVAO-RJ138
4207,PRSU313341,Biomass,SUDESTE,7.8125,-23.560000,-46.910000,bus-proxy,bus:JAD----SP088,,,JAD----SP088
4208,PRSU313379,Biomass,SUDESTE,30.0781,-23.700000,-46.520000,bus-proxy,bus:SUL1---SP088,,,SUL1---SP088
4209,PRSU314186,Biomass,SUDESTE,12.1094,-22.890000,-43.230000,bus-proxy,bus:TROVAO-RJ138,,,TROVAO-RJ138
4210,PRSU323341,Biomass,SUDESTE,7.8125,-23.560000,-46.910000,bus-proxy,bus:JAD----SP088,,,JAD----SP088
4211,PRSU323379,Biomass,SUDESTE,30.0781,-23.700000,-46.520000,bus-proxy,bus:SUL1---SP088,,,SUL1---SP088
4212,PRSU324186,Biomass,SUDESTE,12.1094,-22.890000,-43.230000,bus-proxy,bus:TROVAO-RJ138,,,TROVAO-RJ138
4213,PRSU333341,Biomass,SUDESTE,7.8125,-23.560000,-46.910000,bus-proxy,bus:JAD----SP088,,,JAD----SP088
4214,PRSU333379,Biomass,SUDESTE,30.0781,-23.700000,-46.520000,bus-proxy,bus:SUL1---SP088,,,SUL1---SP088
4215,PRSU334186,Biomass,SUDESTE,12.1094,-22.890000,-43.230000,bus-proxy,bus:TROVAO-RJ138,,,TROVAO-RJ138
4216,PRSU343341,Biomass,SUDESTE,7.8125,-23.560000,-46.910000,bus-proxy,bus:JAD----SP088,,,JAD----SP088
4217,PRSU343379,Biomass,SUDESTE,30.0781,-23.700000,-46.520000,bus-proxy,bus:SUL1---SP088,,,SUL1---SP088
4218,PRSU344186,Biomass,SUDESTE,12.1094,-22.890000,-43.230000,bus-proxy,bus:TROVAO-RJ138,,,TROVAO-RJ138
4219,PRSU353341,Biomass,SUDESTE,7.8125,-23.560000,-46.910000,bus-proxy,bus:JAD----SP088,,,JAD----SP088
4220,PRSU353379,Biomass,SUDESTE,30.0781,-23.700000,-46.520000,bus-proxy,bus:SUL1---SP088,,,SUL1---SP088
4221,PRSU354186,Biomass,SUDESTE,12.1094,-22.890000,-43.230000,bus-proxy,bus:TROVAO-RJ138,,,TROVAO-RJ138
4222,PRSU363341,Biomass,SUDESTE,7.8125,-23.560000,-46.910000,bus-proxy,bus:JAD----SP088,,,JAD----SP088
4223,PRSU363379,Biomass,SUDESTE,30.0781,-23.700000,-46.520000,bus-proxy,bus:SUL1---SP088,,,SUL1---SP088
4224,PRSU364186,Biomass,SUDESTE,12.1094,-22.890000,-43.230000,bus-proxy,bus:TROVAO-RJ138,,,TROVAO-RJ138
4225,PRSU373341,Biomass,SUDESTE,7.8125,-23.560000,-46.910000,bus-proxy,bus:JAD----SP088,,,JAD----SP088
4226,PRSU373379,Biomass,SUDESTE,30.0781,-23.700000,-46.520000,bus-proxy,bus:SUL1---SP088,,,SUL1---SP088
4227,PRSU374186,Biomass,SUDESTE,12.1094,-22.890000,-43.230000,bus-proxy,bus:TROVAO-RJ138,,,TROVAO-RJ138
4228,PRSU383341,Biomass,SUDESTE,7.8125,-23.560000,-46.910000,bus-proxy,bus:JAD----SP088,,,JAD----SP088
4229,PRSU383379,Biomass,SUDESTE,30.0781,-23.700000,-46.520000,bus-proxy,bus:SUL1---SP088,,,SUL1---SP088
4230,PRSU384186,Biomass,SUDESTE,12.1094,-22.890000,-43.230000,bus-proxy,bus:TROVAO-RJ138,,,TROVAO-RJ138
4231,PRSU393341,Biomass,SUDESTE,7.8125,-23.560000,-46.910000,bus-proxy,bus:JAD----SP088,,,JAD----SP088
4232,PRSU393379,Biomass,SUDESTE,30.0781,-23.700000,-46.520000,bus-proxy,bus:SUL1---SP088,,,SUL1---SP088
4233,PRSU394186,Biomass,SUDESTE,12.1094,-22.890000,-43.230000,bus-proxy,bus:TROVAO-RJ138,,,TROVAO-RJ138
4234,USE1321512,Solar,SUDESTE,34.0068,-19.130000,-47.700000,bus-proxy,bus:NPONTE-MG500,,,NPONTE-MG500
4235,USE1323875,Solar,SUDESTE,41.887,-15.930000,-48.170000,bus-proxy,bus:SAMAMB-DF500,,,SAMAMB-DF500
4236,USE1324300,Solar,SUDESTE,43.7526,-16.350000,-47.830000,bus-proxy,bus:LUZIAN-GO500,,,LUZIAN-GO500
4237,USE1323895,Solar,SUDESTE,30.0664,-13.830000,-48.300000,bus-proxy,bus:SMESA1-GO500,,,SMESA1-GO500
4238,USE1324303,Solar,SUDESTE,62.2093,-16.620000,-49.580000,bus-proxy,bus:TRINDA-GO500,,,TRINDA-GO500
4239,USE1331512,Solar,SUDESTE,34.0068,-19.130000,-47.700000,bus-proxy,bus:NPONTE-MG500,,,NPONTE-MG500
4240,USE1333875,Solar,SUDESTE,41.887,-15.930000,-48.170000,bus-proxy,bus:SAMAMB-DF500,,,SAMAMB-DF500
4241,USE1334300,Solar,SUDESTE,43.7526,-16.350000,-47.830000,bus-proxy,bus:LUZIAN-GO500,,,LUZIAN-GO500
4242,USE1333895,Solar,SUDESTE,30.0664,-13.830000,-48.300000,bus-proxy,bus:SMESA1-GO500,,,SMESA1-GO500
4243,USE1334303,Solar,SUDESTE,62.2093,-16.620000,-49.580000,bus-proxy,bus:TRINDA-GO500,,,TRINDA-GO500
4244,USE1341512,Solar,SUDESTE,34.0068,-19.130000,-47.700000,bus-proxy,bus:NPONTE-MG500,,,NPONTE-MG500
4245,USE1343875,Solar,SUDESTE,41.887,-15.930000,-48.170000,bus-proxy,bus:SAMAMB-DF500,,,SAMAMB-DF500
4246,USE1344300,Solar,SUDESTE,43.7526,-16.350000,-47.830000,bus-proxy,bus:LUZIAN-GO500,,,LUZIAN-GO500
4247,USE1343895,Solar,SUDESTE,30.0664,-13.830000,-48.300000,bus-proxy,bus:SMESA1-GO500,,,SMESA1-GO500
4248,USE1344303,Solar,SUDESTE,62.2093,-16.620000,-49.580000,bus-proxy,bus:TRINDA-GO500,,,TRINDA-GO500
4249,USE1351512,Solar,SUDESTE,34.0068,-19.130000,-47.700000,bus-proxy,bus:NPONTE-MG500,,,NPONTE-MG500
4250,USE1353875,Solar,SUDESTE,41.887,-15.930000,-48.170000,bus-proxy,bus:SAMAMB-DF500,,,SAMAMB-DF500
4251,USE1354300,Solar,SUDESTE,43.7526,-16.350000,-47.830000,bus-proxy,bus:LUZIAN-GO500,,,LUZIAN-GO500
4252,USE1353895,Solar,SUDESTE,30.0664,-13.830000,-48.300000,bus-proxy,bus:SMESA1-GO500,,,SMESA1-GO500
4253,USE1354303,Solar,SUDESTE,62.2093,-16.620000,-49.580000,bus-proxy,bus:TRINDA-GO500,,,TRINDA-GO500
4254,USE1361512,Solar,SUDESTE,34.0068,-19.130000,-47.700000,bus-proxy,bus:NPONTE-MG500,,,NPONTE-MG500
4255,USE1363875,Solar,SUDESTE,41.887,-15.930000,-48.170000,bus-proxy,bus:SAMAMB-DF500,,,SAMAMB-DF500
4256,USE1364300,Solar,SUDESTE,43.7526,-16.350000,-47.830000,bus-proxy,bus:LUZIAN-GO500,,,LUZIAN-GO500
4257,USE1363895,Solar,SUDESTE,30.0664,-13.830000,-48.300000,bus-proxy,bus:SMESA1-GO500,,,SMESA1-GO500
4258,USE1364303,Solar,SUDESTE,62.2093,-16.620000,-49.580000,bus-proxy,bus:TRINDA-GO500,,,TRINDA-GO500
4259,USE1371512,Solar,SUDESTE,34.0068,-19.130000,-47.700000,bus-proxy,bus:NPONTE-MG500,,,NPONTE-MG500
4260,USE1373875,Solar,SUDESTE,41.887,-15.930000,-48.170000,bus-proxy,bus:SAMAMB-DF500,,,SAMAMB-DF500
4261,USE1374300,Solar,SUDESTE,43.7526,-16.350000,-47.830000,bus-proxy,bus:LUZIAN-GO500,,,LUZIAN-GO500
4262,USE1373895,Solar,SUDESTE,30.0664,-13.830000,-48.300000,bus-proxy,bus:SMESA1-GO500,,,SMESA1-GO500
4263,USE1374303,Solar,SUDESTE,62.2093,-16.620000,-49.580000,bus-proxy,bus:TRINDA-GO500,,,TRINDA-GO500
4264,USE1381512,Solar,SUDESTE,34.0068,-19.130000,-47.700000,bus-proxy,bus:NPONTE-MG500,,,NPONTE-MG500
4265,USE1383875,Solar,SUDESTE,41.887,-15.930000,-48.170000,bus-proxy,bus:SAMAMB-DF500,,,SAMAMB-DF500
4266,USE1384300,Solar,SUDESTE,43.7526,-16.350000,-47.830000,bus-proxy,bus:LUZIAN-GO500,,,LUZIAN-GO500
4267,USE1383895,Solar,SUDESTE,30.0664,-13.830000,-48.300000,bus-proxy,bus:SMESA1-GO500,,,SMESA1-GO500
4268,USE1384303,Solar,SUDESTE,62.2093,-16.620000,-49.580000,bus-proxy,bus:TRINDA-GO500,,,TRINDA-GO500
4269,USE1391512,Solar,SUDESTE,34.0068,-19.130000,-47.700000,bus-proxy,bus:NPONTE-MG500,,,NPONTE-MG500
4270,USE1393875,Solar,SUDESTE,41.887,-15.930000,-48.170000,bus-proxy,bus:SAMAMB-DF500,,,SAMAMB-DF500
4271,USE1394300,Solar,SUDESTE,43.7526,-16.350000,-47.830000,bus-proxy,bus:LUZIAN-GO500,,,LUZIAN-GO500
4272,USE1393895,Solar,SUDESTE,30.0664,-13.830000,-48.300000,bus-proxy,bus:SMESA1-GO500,,,SMESA1-GO500
4273,USE1394303,Solar,SUDESTE,62.2093,-16.620000,-49.580000,bus-proxy,bus:TRINDA-GO500,,,TRINDA-GO500
4274,USE2341512,Solar,SUDESTE,0.198373,-19.130000,-47.700000,bus-proxy,bus:NPONTE-MG500,,,NPONTE-MG500
4275,USE2343875,Solar,SUDESTE,0.244341,-15.930000,-48.170000,bus-proxy,bus:SAMAMB-DF500,,,SAMAMB-DF500
4276,USE2344300,Solar,SUDESTE,0.255223,-16.350000,-47.830000,bus-proxy,bus:LUZIAN-GO500,,,LUZIAN-GO500
4277,USE2343895,Solar,SUDESTE,0.175387,-13.830000,-48.300000,bus-proxy,bus:SMESA1-GO500,,,SMESA1-GO500
4278,USE2344303,Solar,SUDESTE,0.362888,-16.620000,-49.580000,bus-proxy,bus:TRINDA-GO500,,,TRINDA-GO500
4279,USE2351512,Solar,SUDESTE,22.6712,-19.130000,-47.700000,bus-proxy,bus:NPONTE-MG500,,,NPONTE-MG500
4280,USE2353875,Solar,SUDESTE,27.9247,-15.930000,-48.170000,bus-proxy,bus:SAMAMB-DF500,,,SAMAMB-DF500
4281,USE2354300,Solar,SUDESTE,29.1684,-16.350000,-47.830000,bus-proxy,bus:LUZIAN-GO500,,,LUZIAN-GO500
4282,USE2353895,Solar,SUDESTE,20.0443,-13.830000,-48.300000,bus-proxy,bus:SMESA1-GO500,,,SMESA1-GO500
4283,USE2354303,Solar,SUDESTE,41.4729,-16.620000,-49.580000,bus-proxy,bus:TRINDA-GO500,,,TRINDA-GO500
4284,USE2361512,Solar,SUDESTE,22.6712,-19.130000,-47.700000,bus-proxy,bus:NPONTE-MG500,,,NPONTE-MG500
4285,USE2363875,Solar,SUDESTE,27.9247,-15.930000,-48.170000,bus-proxy,bus:SAMAMB-DF500,,,SAMAMB-DF500
4286,USE2364300,Solar,SUDESTE,29.1684,-16.350000,-47.830000,bus-proxy,bus:LUZIAN-GO500,,,LUZIAN-GO500
4287,USE2363895,Solar,SUDESTE,20.0443,-13.830000,-48.300000,bus-proxy,bus:SMESA1-GO500,,,SMESA1-GO500
4288,USE2364303,Solar,SUDESTE,41.4729,-16.620000,-49.580000,bus-proxy,bus:TRINDA-GO500,,,TRINDA-GO500
4289,USE2371512,Solar,SUDESTE,22.6712,-19.130000,-47.700000,bus-proxy,bus:NPONTE-MG500,,,NPONTE-MG500
4290,USE2373875,Solar,SUDESTE,27.9247,-15.930000,-48.170000,bus-proxy,bus:SAMAMB-DF500,,,SAMAMB-DF500
4291,USE2374300,Solar,SUDESTE,29.1684,-16.350000,-47.830000,bus-proxy,bus:LUZIAN-GO500,,,LUZIAN-GO500
4292,USE2373895,Solar,SUDESTE,20.0443,-13.830000,-48.300000,bus-proxy,bus:SMESA1-GO500,,,SMESA1-GO500
4293,USE2374303,Solar,SUDESTE,41.4729,-16.620000,-49.580000,bus-proxy,bus:TRINDA-GO500,,,TRINDA-GO500
4294,USE2381512,Solar,SUDESTE,22.6712,-19.130000,-47.700000,bus-proxy,bus:NPONTE-MG500,,,NPONTE-MG500
4295,USE2383875,Solar,SUDESTE,27.9247,-15.930000,-48.170000,bus-proxy,bus:SAMAMB-DF500,,,SAMAMB-DF500
4296,USE2384300,Solar,SUDESTE,29.1684,-16.350000,-47.830000,bus-proxy,bus:LUZIAN-GO500,,,LUZIAN-GO500
4297,USE2383895,Solar,SUDESTE,20.0443,-13.830000,-48.300000,bus-proxy,bus:SMESA1-GO500,,,SMESA1-GO500
4298,USE2384303,Solar,SUDESTE,41.4729,-16.620000,-49.580000,bus-proxy,bus:TRINDA-GO500,,,TRINDA-GO500
4299,USE2391512,Solar,SUDESTE,22.6712,-19.130000,-47.700000,bus-proxy,bus:NPONTE-MG500,,,NPONTE-MG500
4300,USE2393875,Solar,SUDESTE,27.9247,-15.930000,-48.170000,bus-proxy,bus:SAMAMB-DF500,,,SAMAMB-DF500
4301,USE2394300,Solar,SUDESTE,29.1684,-16.350000,-47.830000,bus-proxy,bus:LUZIAN-GO500,,,LUZIAN-GO500
4302,USE2393895,Solar,SUDESTE,20.0443,-13.830000,-48.300000,bus-proxy,bus:SMESA1-GO500,,,SMESA1-GO500
4303,USE2394303,Solar,SUDESTE,41.4729,-16.620000,-49.580000,bus-proxy,bus:TRINDA-GO500,,,TRINDA-GO500
4304,UFVGO046567,Solar,SUDESTE,50.0,-16.309992,-47.699172,plant,siga:Construção não iniciada,UFV.RS.GO.046567-4.1,Luziânia - GO,MSOL1-UFV034
4305,UFVGO046568,Solar,SUDESTE,50.0,-16.302406,-47.702717,plant,siga:Construção não iniciada,UFV.RS.GO.046568-2.1,Luziânia - GO,MSOL1-UFV034
4306,UFVGO046569,Solar,SUDESTE,50.0,-16.308869,-47.707164,plant,siga:Construção não iniciada,UFV.RS.GO.046569-0.1,Luziânia - GO,MSOL1-UFV034
4307,UFVGO046570,Solar,SUDESTE,50.0,-16.302353,-47.715531,plant,siga:Construção não iniciada,UFV.RS.GO.046570-4.1,Luziânia - GO,MSOL1-UFV034
4308,UFVGO046571,Solar,SUDESTE,50.0,-16.310144,-47.735344,plant,siga:Construção não iniciada,UFV.RS.GO.046571-2.1,Luziânia - GO,MSOL1-UFV034
4309,UFVGO046572,Solar,SUDESTE,50.0,-16.301014,-47.726108,plant,siga:Construção não iniciada,UFV.RS.GO.046572-0.1,Luziânia - GO,MSOL1-UFV034
4310,UFVGO052318,Solar,SUDESTE,50.0,-14.982556,-48.892008,plant,siga:Operação,UFV.RS.GO.052318-6.1,Vila Propício - GO,BAL1A-UFV034
4311,UFVGO052319,Solar,SUDESTE,50.0,-14.983825,-48.886750,plant,siga:Operação,UFV.RS.GO.052319-4.1,Vila Propício - GO,BAL1A-UFV034
4312,UFVGO052320,Solar,SUDESTE,50.0,-14.984700,-48.881353,plant,siga:Operação,UFV.RS.GO.052320-8.1,Vila Propício - GO,BAL1A-UFV034
4313,UFVGO052321,Solar,SUDESTE,50.0,-14.979256,-48.883742,plant,siga:Operação,UFV.RS.GO.052321-6.1,Vila Propício - GO,BAL1A-UFV034
4314,UFVGO052322,Solar,SUDESTE,50.0,-14.968222,-48.876594,plant,siga:Operação,UFV.RS.GO.052322-4.1,Vila Propício - GO,BAL1B-UFV034
4315,UFVGO052323,Solar,SUDESTE,50.0,-14.975153,-48.875075,plant,siga:Operação,UFV.RS.GO.052323-2.1,Vila Propício - GO,BAL1B-UFV034
4316,UFVGO052324,Solar,SUDESTE,50.0,-14.979508,-48.871897,plant,siga:Operação,UFV.RS.GO.052324-0.1,Vila Propício - GO,BAL1B-UFV034
4317,UFVGO073629,Solar,SUDESTE,4.0,-16.377021,-49.297502,plant,siga:Operação,UFV.RS.GO.073629-5.1,Nova Veneza - GO,TRINDA-GO500
4318,UFVMG049183,Solar,SUDESTE,44.1,-17.151531,-47.281710,plant,siga:Operação,UFV.RS.MG.049183-7.1,Paracatu - MG,BSOR-AUFV034
4319,UFVMG049185,Solar,SUDESTE,44.1,-17.159297,-47.286711,plant,siga:Operação,UFV.RS.MG.049185-3.1,Paracatu - MG,BSOR-AUFV034
4320,UFVMG049186,Solar,SUDESTE,44.1,-17.166303,-47.292389,plant,siga:Operação,UFV.RS.MG.049186-1.1,Paracatu - MG,BSOR-AUFV034
4321,UFVMG049187,Solar,SUDESTE,44.1,-17.197086,-46.603561,plant,siga:Operação,UFV.RS.MG.049187-0.1,Paracatu - MG,BSOR-AUFV034
4322,UFVMG049188,Solar,SUDESTE,44.1,-17.185300,-47.298500,plant,siga:Operação,UFV.RS.MG.049188-8.1,Paracatu - MG,BSOR-BUFV034
4323,UFVMG049189,Solar,SUDESTE,44.1,-17.177778,-47.286389,plant,siga:Operação,UFV.RS.MG.049189-6.1,Paracatu - MG,BSOR-BUFV034
4324,UFVMG049190,Solar,SUDESTE,44.1,-17.184308,-47.285475,plant,siga:Operação,UFV.RS.MG.049190-0.1,Paracatu - MG,BSOR-BUFV034
4325,UFVMG049191,Solar,SUDESTE,44.1,-17.195864,-46.643767,plant,siga:Operação,UFV.RS.MG.049191-8.1,Paracatu - MG,BSOR-BUFV034
4326,UFVMG049192,Solar,SUDESTE,44.1,-17.201144,-46.598414,plant,siga:Operação,UFV.RS.MG.049192-6.1,Paracatu - MG,UFV-2A-MG034
4327,UFVMG049193,Solar,SUDESTE,44.1,-17.191058,-46.637969,plant,siga:Operação,UFV.RS.MG.049193-4.1,Paracatu - MG,UFV-1A-MG034
4328,UFVMG049194,Solar,SUDESTE,44.1,-17.195014,-46.643647,plant,siga:Operação,UFV.RS.MG.049194-2.1,Paracatu - MG,UFV-1A-MG034
4329,UFVMG049195,Solar,SUDESTE,44.1,-17.190181,-46.627942,plant,siga:Operação,UFV.RS.MG.049195-0.1,Paracatu - MG,UFV-1A-MG034
4330,UFVMG049196,Solar,SUDESTE,44.1,-17.196294,-46.626039,plant,siga:Operação,UFV.RS.MG.049196-9.1,Paracatu - MG,UFV-1A-MG034
4331,UFVMG049197,Solar,SUDESTE,44.1,-17.202064,-46.625753,plant,siga:Operação,UFV.RS.MG.049197-7.1,Paracatu - MG,UFV-1B-MG034
4332,UFVMG049198,Solar,SUDESTE,44.1,-17.202058,-46.617336,plant,siga:Operação,UFV.RS.MG.049198-5.1,Paracatu - MG,UFV-1B-MG034
4333,UFVMG049199,Solar,SUDESTE,44.1,-17.196092,-46.617775,plant,siga:Operação,UFV.RS.MG.049199-3.1,Paracatu - MG,UFV-1B-MG034
4334,UFVMG049200,Solar,SUDESTE,44.1,-17.201697,-46.608186,plant,siga:Operação,UFV.RS.MG.049200-0.1,Paracatu - MG,UFV-2A-MG034
4335,UFVMG049201,Solar,SUDESTE,44.1,-17.201697,-46.608186,plant,siga:Operação,UFV.RS.MG.049201-9.1,Paracatu - MG,UFV-2A-MG034
4336,UFVMG049202,Solar,SUDESTE,44.1,-17.195550,-46.607456,plant,siga:Operação,UFV.RS.MG.049202-7.1,Paracatu - MG,UFV-2A-MG034
4337,UFVMG049203,Solar,SUDESTE,44.1,-17.195639,-46.598714,plant,siga:Operação,UFV.RS.MG.049203-5.1,Paracatu - MG,UFV-2A-MG034
4338,UFVMG049204,Solar,SUDESTE,44.1,-17.200517,-46.592042,plant,siga:Operação,UFV.RS.MG.049204-3.1,Paracatu - MG,UFV-2B-MG034
4339,UFVMG049205,Solar,SUDESTE,44.1,-17.193483,-46.590139,plant,siga:Operação,UFV.RS.MG.049205-1.1,Paracatu - MG,UFV-2B-MG034
4340,UFVMG049206,Solar,SUDESTE,44.1,-17.199753,-46.585539,plant,siga:Operação,UFV.RS.MG.049206-0.1,Paracatu - MG,UFV-2B-MG034
4341,UFVMG056731,Solar,SUDESTE,0.72,-21.594722,-45.453889,plant,siga:Operação,UFV.RS.MG.056731-0.1,Varginha - MG,ITAJU3-MG500
4342,UFVMG072141,Solar,SUDESTE,0.775,-21.575278,-45.471667,plant,siga:Operação,UFV.RS.MG.072141-7.1,Varginha - MG,ITAJU3-MG500
4343,UFVSP072703,Solar,SUDESTE,0.36,-22.469167,-46.916111,plant,siga:Operação,UFV.RS.SP.072703-2.1,Moji-Mirim - SP,CAMPIN-SP500
4344,UFVSP072775,Solar,SUDESTE,0.516,-22.457222,-46.902500,plant,siga:Operação,UFV.RS.SP.072775-0.1,Moji-Mirim - SP,CAMPIN-SP500
4345,UFVSP072965,Solar,SUDESTE,0.072,-22.457222,-46.904722,plant,siga:Operação,UFV.RS.SP.072965-5.1,Moji-Mirim - SP,CAMPIN-SP500
4346,UFVSP072966,Solar,SUDESTE,0.072,-22.456667,-46.914167,plant,siga:Operação,UFV.RS.SP.072966-3.1,Moji-Mirim - SP,CAMPIN-SP500
4347,UFVSP074360,Solar,SUDESTE,0.5,-21.973056,-46.767500,plant,siga:Operação,UFV.RS.SP.074360-7.1,São João da Boa Vista - SP,CAMPIN-SP500
4348,USE13239813,Solar,SUDESTE,34.6492,-15.750000,-45.970000,bus-proxy,bus:ARINO2-MG500,,,ARINO2-MG500
4349,USE13238912,Solar,SUDESTE,68.5428,-17.450000,-45.120000,bus-proxy,bus:BURIT3-MG500,,,BURIT3-MG500
4350,USE13260154,Solar,SUDESTE,42.9894,-18.740149,-47.961272,system-centroid,system-centroid,,,CSARIN-MG500
4351,USE13260341,Solar,SUDESTE,39.842,-18.660000,-44.100000,bus-proxy,bus:C.PJUS-MG500,,,C.PJUS-MG500
4352,USE1321525,Solar,SUDESTE,112.577,-17.340000,-44.870000,bus-proxy,bus:PIRAP2-MG500,,,PIRAP2-MG500
4353,USE13339813,Solar,SUDESTE,34.6492,-15.750000,-45.970000,bus-proxy,bus:ARINO2-MG500,,,ARINO2-MG500
4354,USE13338912,Solar,SUDESTE,68.5428,-17.450000,-45.120000,bus-proxy,bus:BURIT3-MG500,,,BURIT3-MG500
4355,USE13360154,Solar,SUDESTE,42.9894,-18.740149,-47.961272,system-centroid,system-centroid,,,CSARIN-MG500
4356,USE13360341,Solar,SUDESTE,39.842,-18.660000,-44.100000,bus-proxy,bus:C.PJUS-MG500,,,C.PJUS-MG500
4357,USE1331525,Solar,SUDESTE,112.577,-17.340000,-44.870000,bus-proxy,bus:PIRAP2-MG500,,,PIRAP2-MG500
4358,USE13439813,Solar,SUDESTE,34.6492,-15.750000,-45.970000,bus-proxy,bus:ARINO2-MG500,,,ARINO2-MG500
4359,USE13438912,Solar,SUDESTE,68.5428,-17.450000,-45.120000,bus-proxy,bus:BURIT3-MG500,,,BURIT3-MG500
4360,USE13460154,Solar,SUDESTE,42.9894,-18.740149,-47.961272,system-centroid,system-centroid,,,CSARIN-MG500
4361,USE13460341,Solar,SUDESTE,39.842,-18.660000,-44.100000,bus-proxy,bus:C.PJUS-MG500,,,C.PJUS-MG500
4362,USE1341525,Solar,SUDESTE,112.577,-17.340000,-44.870000,bus-proxy,bus:PIRAP2-MG500,,,PIRAP2-MG500
4363,USE13539813,Solar,SUDESTE,34.6492,-15.750000,-45.970000,bus-proxy,bus:ARINO2-MG500,,,ARINO2-MG500
4364,USE13538912,Solar,SUDESTE,68.5428,-17.450000,-45.120000,bus-proxy,bus:BURIT3-MG500,,,BURIT3-MG500
4365,USE13560154,Solar,SUDESTE,42.9894,-18.740149,-47.961272,system-centroid,system-centroid,,,CSARIN-MG500
4366,USE13560341,Solar,SUDESTE,39.842,-18.660000,-44.100000,bus-proxy,bus:C.PJUS-MG500,,,C.PJUS-MG500
4367,USE1351525,Solar,SUDESTE,112.577,-17.340000,-44.870000,bus-proxy,bus:PIRAP2-MG500,,,PIRAP2-MG500
4368,USE13639813,Solar,SUDESTE,34.6492,-15.750000,-45.970000,bus-proxy,bus:ARINO2-MG500,,,ARINO2-MG500
4369,USE13638912,Solar,SUDESTE,68.5428,-17.450000,-45.120000,bus-proxy,bus:BURIT3-MG500,,,BURIT3-MG500
4370,USE13660154,Solar,SUDESTE,42.9894,-18.740149,-47.961272,system-centroid,system-centroid,,,CSARIN-MG500
4371,USE13660341,Solar,SUDESTE,39.842,-18.660000,-44.100000,bus-proxy,bus:C.PJUS-MG500,,,C.PJUS-MG500
4372,USE1361525,Solar,SUDESTE,112.577,-17.340000,-44.870000,bus-proxy,bus:PIRAP2-MG500,,,PIRAP2-MG500
4373,USE13739813,Solar,SUDESTE,34.6492,-15.750000,-45.970000,bus-proxy,bus:ARINO2-MG500,,,ARINO2-MG500
4374,USE13738912,Solar,SUDESTE,68.5428,-17.450000,-45.120000,bus-proxy,bus:BURIT3-MG500,,,BURIT3-MG500
4375,USE13760154,Solar,SUDESTE,42.9894,-18.740149,-47.961272,system-centroid,system-centroid,,,CSARIN-MG500
4376,USE13760341,Solar,SUDESTE,39.842,-18.660000,-44.100000,bus-proxy,bus:C.PJUS-MG500,,,C.PJUS-MG500
4377,USE1371525,Solar,SUDESTE,112.577,-17.340000,-44.870000,bus-proxy,bus:PIRAP2-MG500,,,PIRAP2-MG500
4378,USE13839813,Solar,SUDESTE,34.6492,-15.750000,-45.970000,bus-proxy,bus:ARINO2-MG500,,,ARINO2-MG500
4379,USE13838912,Solar,SUDESTE,68.5428,-17.450000,-45.120000,bus-proxy,bus:BURIT3-MG500,,,BURIT3-MG500
4380,USE13860154,Solar,SUDESTE,42.9894,-18.740149,-47.961272,system-centroid,system-centroid,,,CSARIN-MG500
4381,USE13860341,Solar,SUDESTE,39.842,-18.660000,-44.100000,bus-proxy,bus:C.PJUS-MG500,,,C.PJUS-MG500
4382,USE1381525,Solar,SUDESTE,112.577,-17.340000,-44.870000,bus-proxy,bus:PIRAP2-MG500,,,PIRAP2-MG500
4383,USE13939813,Solar,SUDESTE,34.6492,-15.750000,-45.970000,bus-proxy,bus:ARINO2-MG500,,,ARINO2-MG500
4384,USE13938912,Solar,SUDESTE,68.5428,-17.450000,-45.120000,bus-proxy,bus:BURIT3-MG500,,,BURIT3-MG500
4385,USE13960154,Solar,SUDESTE,42.9894,-18.740149,-47.961272,system-centroid,system-centroid,,,CSARIN-MG500
4386,USE13960341,Solar,SUDESTE,39.842,-18.660000,-44.100000,bus-proxy,bus:C.PJUS-MG500,,,C.PJUS-MG500
4387,USE1391525,Solar,SUDESTE,112.577,-17.340000,-44.870000,bus-proxy,bus:PIRAP2-MG500,,,PIRAP2-MG500
4388,USE23439813,Solar,SUDESTE,0.20212,-15.750000,-45.970000,bus-proxy,bus:ARINO2-MG500,,,ARINO2-MG500
4389,USE23438912,Solar,SUDESTE,0.399833,-17.450000,-45.120000,bus-proxy,bus:BURIT3-MG500,,,BURIT3-MG500
4390,USE23460154,Solar,SUDESTE,0.250772,-18.740149,-47.961272,system-centroid,system-centroid,,,CSARIN-MG500
4391,USE23460341,Solar,SUDESTE,0.232412,-18.660000,-44.100000,bus-proxy,bus:C.PJUS-MG500,,,C.PJUS-MG500
4392,USE2341525,Solar,SUDESTE,0.656699,-17.340000,-44.870000,bus-proxy,bus:PIRAP2-MG500,,,PIRAP2-MG500
4393,USE23539813,Solar,SUDESTE,23.0994,-15.750000,-45.970000,bus-proxy,bus:ARINO2-MG500,,,ARINO2-MG500
4394,USE23538912,Solar,SUDESTE,45.6952,-17.450000,-45.120000,bus-proxy,bus:BURIT3-MG500,,,BURIT3-MG500
4395,USE23560154,Solar,SUDESTE,28.6596,-18.740149,-47.961272,system-centroid,system-centroid,,,CSARIN-MG500
4396,USE23560341,Solar,SUDESTE,26.5613,-18.660000,-44.100000,bus-proxy,bus:C.PJUS-MG500,,,C.PJUS-MG500
4397,USE2351525,Solar,SUDESTE,75.0513,-17.340000,-44.870000,bus-proxy,bus:PIRAP2-MG500,,,PIRAP2-MG500
4398,USE23639813,Solar,SUDESTE,23.0994,-15.750000,-45.970000,bus-proxy,bus:ARINO2-MG500,,,ARINO2-MG500
4399,USE23638912,Solar,SUDESTE,45.6952,-17.450000,-45.120000,bus-proxy,bus:BURIT3-MG500,,,BURIT3-MG500
4400,USE23660154,Solar,SUDESTE,28.6596,-18.740149,-47.961272,system-centroid,system-centroid,,,CSARIN-MG500
4401,USE23660341,Solar,SUDESTE,26.5613,-18.660000,-44.100000,bus-proxy,bus:C.PJUS-MG500,,,C.PJUS-MG500
4402,USE2361525,Solar,SUDESTE,75.0513,-17.340000,-44.870000,bus-proxy,bus:PIRAP2-MG500,,,PIRAP2-MG500
4403,USE23739813,Solar,SUDESTE,23.0994,-15.750000,-45.970000,bus-proxy,bus:ARINO2-MG500,,,ARINO2-MG500
4404,USE23738912,Solar,SUDESTE,45.6952,-17.450000,-45.120000,bus-proxy,bus:BURIT3-MG500,,,BURIT3-MG500
4405,USE23760154,Solar,SUDESTE,28.6596,-18.740149,-47.961272,system-centroid,system-centroid,,,CSARIN-MG500
4406,USE23760341,Solar,SUDESTE,26.5613,-18.660000,-44.100000,bus-proxy,bus:C.PJUS-MG500,,,C.PJUS-MG500
4407,USE2371525,Solar,SUDESTE,75.0513,-17.340000,-44.870000,bus-proxy,bus:PIRAP2-MG500,,,PIRAP2-MG500
4408,USE23839813,Solar,SUDESTE,23.0994,-15.750000,-45.970000,bus-proxy,bus:ARINO2-MG500,,,ARINO2-MG500
4409,USE23838912,Solar,SUDESTE,45.6952,-17.450000,-45.120000,bus-proxy,bus:BURIT3-MG500,,,BURIT3-MG500
4410,USE23860154,Solar,SUDESTE,28.6596,-18.740149,-47.961272,system-centroid,system-centroid,,,CSARIN-MG500
4411,USE23860341,Solar,SUDESTE,26.5613,-18.660000,-44.100000,bus-proxy,bus:C.PJUS-MG500,,,C.PJUS-MG500
4412,USE2381525,Solar,SUDESTE,75.0513,-17.340000,-44.870000,bus-proxy,bus:PIRAP2-MG500,,,PIRAP2-MG500
4413,USE23939813,Solar,SUDESTE,23.0994,-15.750000,-45.970000,bus-proxy,bus:ARINO2-MG500,,,ARINO2-MG500
4414,USE23938912,Solar,SUDESTE,45.6952,-17.450000,-45.120000,bus-proxy,bus:BURIT3-MG500,,,BURIT3-MG500
4415,USE23960154,Solar,SUDESTE,28.6596,-18.740149,-47.961272,system-centroid,system-centroid,,,CSARIN-MG500
4416,USE23960341,Solar,SUDESTE,26.5613,-18.660000,-44.100000,bus-proxy,bus:C.PJUS-MG500,,,C.PJUS-MG500
4417,USE2391525,Solar,SUDESTE,75.0513,-17.340000,-44.870000,bus-proxy,bus:PIRAP2-MG500,,,PIRAP2-MG500
4418,UFVES071733,Solar,SUDESTE,1.1,-20.610247,-41.018400,plant,siga:Operação,UFV.RS.ES.071733-9.1,Vargem Alta - ES,R.N.S.-ES500
4419,UFVES074163,Solar,SUDESTE,1.63,-20.755629,-41.218045,plant,siga:Operação,UFV.RS.ES.074163-9.1,Castelo - ES,R.N.S.-ES500
4420,UFVMG045071,Solar,SUDESTE,45.0,-17.626756,-44.907697,plant,siga:Operação,UFV.RS.MG.045071-5.1,Várzea da Palma - MG,SVARZ3UFV034
4421,UFVMG045072,Solar,SUDESTE,45.0,-17.623036,-44.913797,plant,siga:Operação,UFV.RS.MG.045072-3.1,Várzea da Palma - MG,SVARZ4UFV034
4422,UFVMG045722,Solar,SUDESTE,25.0,-17.675450,-44.747811,plant,siga:Operação,UFV.RS.MG.045722-1.1,Várzea da Palma - MG,GSII1-UFV013
4423,UFVMG045723,Solar,SUDESTE,25.0,-17.680644,-44.751911,plant,siga:Operação,UFV.RS.MG.045723-0.1,Várzea da Palma - MG,GSII2-UFV013
4424,UFVMG045724,Solar,SUDESTE,30.0,-17.687253,-44.755472,plant,siga:Operação,UFV.RS.MG.045724-8.1,Várzea da Palma - MG,GSII3-UFV013
4425,UFVMG047297,Solar,SUDESTE,48.118,-15.735722,-45.929461,plant,siga:Operação,UFV.RS.MG.047297-2.1,Arinos - MG,ARI-B1UFV034
4426,UFVMG047298,Solar,SUDESTE,30.186,-15.738792,-45.933458,plant,siga:Operação,UFV.RS.MG.047298-0.1,Arinos - MG,ARI-B1UFV034
4427,UFVMG047299,Solar,SUDESTE,48.118,-15.744769,-45.941228,plant,siga:Operação,UFV.RS.MG.047299-9.1,Arinos - MG,ARI-B3UFV034
4428,UFVMG047300,Solar,SUDESTE,48.118,-15.742028,-45.944047,plant,siga:Operação,UFV.RS.MG.047300-6.1,Arinos - MG,ARI-B1UFV034
4429,UFVMG047301,Solar,SUDESTE,48.118,-15.753983,-45.952228,plant,siga:Operação,UFV.RS.MG.047301-4.1,Arinos - MG,ARI-B3UFV034
4430,UFVMG047302,Solar,SUDESTE,48.118,-15.746731,-45.954744,plant,siga:Operação,UFV.RS.MG.047302-2.1,Arinos - MG,ARI-B3UFV034
4431,UFVMG047303,Solar,SUDESTE,48.118,-15.750419,-45.954408,plant,siga:Operação,UFV.RS.MG.047303-0.1,Arinos - MG,ARI-B4UFV034
4432,UFVMG047304,Solar,SUDESTE,16.139,-15.744108,-45.961800,plant,siga:Operação,UFV.RS.MG.047304-9.1,Arinos - MG,ARI-B2UFV034
4433,UFVMG047305,Solar,SUDESTE,16.139,-15.737864,-45.994967,plant,siga:Operação,UFV.RS.MG.047305-7.1,Arinos - MG,ARI-B2UFV034
4434,UFVMG047306,Solar,SUDESTE,48.118,-15.733467,-45.957103,plant,siga:Operação,UFV.RS.MG.047306-5.1,Arinos - MG,ARI-B2UFV034
4435,UFVMG047307,Solar,SUDESTE,46.87,-15.731239,-45.942000,plant,siga:Operação,UFV.RS.MG.047307-3.1,Arinos - MG,ARI-B5UFV034
4436,UFVMG047308,Solar,SUDESTE,46.87,-15.727219,-45.947258,plant,siga:Operação,UFV.RS.MG.047308-1.1,Arinos - MG,ARI-B5UFV034
4437,UFVMG047309,Solar,SUDESTE,46.87,-15.728808,-45.965308,plant,siga:Operação,UFV.RS.MG.047309-0.1,Arinos - MG,ARI-B6UFV034
4438,UFVMG047310,Solar,SUDESTE,46.87,-15.731683,-45.998581,plant,siga:Operação,UFV.RS.MG.047310-3.1,Arinos - MG,ARI-B6UFV034
4439,UFVMG047311,Solar,SUDESTE,47.945,-15.733208,-45.992844,plant,siga:Operação,UFV.RS.MG.047311-1.1,Arinos - MG,ARI-B7UFV034
4440,UFVMG047312,Solar,SUDESTE,47.945,-15.722144,-45.998342,plant,siga:Operação,UFV.RS.MG.047312-0.1,Arinos - MG,ARI-B8UFV034
4441,UFVMG047313,Solar,SUDESTE,47.945,-15.711303,-45.980169,plant,siga:Operação,UFV.RS.MG.047313-8.1,Arinos - MG,ARI-B6UFV034
4442,UFVMG047314,Solar,SUDESTE,48.118,-15.758319,-45.979947,plant,siga:Operação,UFV.RS.MG.047314-6.1,Arinos - MG,ARI-B3UFV034
4443,UFVMG047315,Solar,SUDESTE,48.118,-15.753381,-45.980058,plant,siga:Operação,UFV.RS.MG.047315-4.1,Arinos - MG,ARI-B4UFV034
4444,UFVMG047316,Solar,SUDESTE,48.118,-15.742500,-45.972142,plant,siga:Operação,UFV.RS.MG.047316-2.1,Arinos - MG,ARI-B4UFV034
4445,UFVMG050786,Solar,SUDESTE,10.0,-18.203261,-45.268764,plant,siga:Operação,UFV.RS.MG.050786-5.1,São Gonçalo do Abaeté - MG,JUSANTUFV034
4446,UFVMG050840,Solar,SUDESTE,47.945,-15.728075,-45.959953,plant,siga:Operação,UFV.RS.MG.050840-3.1,Arinos - MG,ARI-B6UFV034
4447,UFVMG050841,Solar,SUDESTE,47.945,-15.731806,-45.969050,plant,siga:Operação,UFV.RS.MG.050841-1.1,Arinos - MG,ARI-B7UFV034
4448,UFVMG050842,Solar,SUDESTE,47.945,-15.734700,-45.983092,plant,siga:Operação,UFV.RS.MG.050842-0.1,Arinos - MG,ARI-B8UFV034
4449,UFVMG050843,Solar,SUDESTE,41.065,-15.729431,-45.988128,plant,siga:Operação,UFV.RS.MG.050843-8.1,Arinos - MG,ARI-B5UFV034
4450,UFVMG051753,Solar,SUDESTE,48.12,-15.752767,-45.999689,plant,siga:Operação,UFV.RS.MG.051753-4.1,Arinos - MG,ARI-B1UFV034
4451,UFVMG052082,Solar,SUDESTE,45.0,-19.394508,-43.825211,plant,siga:Operação,UFV.RS.MG.052082-9.1,Jaboticatubas - MG,PLEOP-UFV034
4452,UFVMG052083,Solar,SUDESTE,45.0,-19.377878,-43.814650,plant,siga:Operação,UFV.RS.MG.052083-7.1,Jaboticatubas - MG,PLEOP-UFV034
4475,USE1324298,Solar,SUDESTE,53.8964,-13.770000,-48.050000,bus-proxy,bus:SMESA2-GO500,,,SMESA2-GO500
4476,USE1334298,Solar,SUDESTE,53.8964,-13.770000,-48.050000,bus-proxy,bus:SMESA2-GO500,,,SMESA2-GO500
4477,USE1344298,Solar,SUDESTE,53.8964,-13.770000,-48.050000,bus-proxy,bus:SMESA2-GO500,,,SMESA2-GO500
4478,USE1354298,Solar,SUDESTE,53.8964,-13.770000,-48.050000,bus-proxy,bus:SMESA2-GO500,,,SMESA2-GO500
4479,USE1364298,Solar,SUDESTE,53.8964,-13.770000,-48.050000,bus-proxy,bus:SMESA2-GO500,,,SMESA2-GO500
4480,USE1374298,Solar,SUDESTE,53.8964,-13.770000,-48.050000,bus-proxy,bus:SMESA2-GO500,,,SMESA2-GO500
4481,USE1384298,Solar,SUDESTE,53.8964,-13.770000,-48.050000,bus-proxy,bus:SMESA2-GO500,,,SMESA2-GO500
4482,USE1394298,Solar,SUDESTE,53.8964,-13.770000,-48.050000,bus-proxy,bus:SMESA2-GO500,,,SMESA2-GO500
4483,USE2344298,Solar,SUDESTE,0.314396,-13.770000,-48.050000,bus-proxy,bus:SMESA2-GO500,,,SMESA2-GO500
4484,USE2354298,Solar,SUDESTE,35.9309,-13.770000,-48.050000,bus-proxy,bus:SMESA2-GO500,,,SMESA2-GO500
4485,USE2364298,Solar,SUDESTE,35.9309,-13.770000,-48.050000,bus-proxy,bus:SMESA2-GO500,,,SMESA2-GO500
4486,USE2374298,Solar,SUDESTE,35.9309,-13.770000,-48.050000,bus-proxy,bus:SMESA2-GO500,,,SMESA2-GO500
4487,USE2384298,Solar,SUDESTE,35.9309,-13.770000,-48.050000,bus-proxy,bus:SMESA2-GO500,,,SMESA2-GO500
4488,USE2394298,Solar,SUDESTE,35.9309,-13.770000,-48.050000,bus-proxy,bus:SMESA2-GO500,,,SMESA2-GO500
4500,UFVMS049404,Solar,SUDESTE,78.2,-3.815633,-41.136867,plant,siga:Construção,UFV.RS.MS.049404-6.3,Campo Grande - MS,CSRB-AUFV034
4501,UFVMS049405,Solar,SUDESTE,78.2,-3.819267,-41.145431,plant,siga:Construção,UFV.RS.MS.049405-4.3,Campo Grande - MS,CSRB-BUFV034
4502,UFVMS049406,Solar,SUDESTE,78.2,-3.819872,-41.134011,plant,siga:Construção,UFV.RS.MS.049406-2.3,Campo Grande - MS,CSRB-CUFV034
4503,UFVMS049407,Solar,SUDESTE,78.2,-3.825325,-41.134011,plant,siga:Construção,UFV.RS.MS.049407-0.3,Campo Grande - MS,CSRB-CUFV034
4504,UFVMS049408,Solar,SUDESTE,78.2,-3.828958,-41.148286,plant,siga:Construção,UFV.RS.MS.049408-9.3,Campo Grande - MS,CSRB-DUFV034
4547,USE13260065,Solar,SUDESTE,30.0307,-15.830000,-43.450000,bus-proxy,bus:CJAVLT-MG500,,,CJAVLT-MG500
4548,USE13260219,Solar,SUDESTE,26.7211,-18.740149,-47.961272,system-centroid,system-centroid,,,CJANAU-MG500
4549,USE13260103,Solar,SUDESTE,26.1627,-18.740149,-47.961272,system-centroid,system-centroid,,,CIRAPU-MG500
4550,USE13238911,Solar,SUDESTE,236.365,-15.290000,-43.720000,bus-proxy,bus:JAIBA--MG500,,,JAIBA--MG500
4551,USE13238900,Solar,SUDESTE,51.957,-15.920000,-43.330000,bus-proxy,bus:JANAU3-MG500,,,JANAU3-MG500
4552,USE13238929,Solar,SUDESTE,91.1537,-16.160000,-43.570000,bus-proxy,bus:JANAU6-MG500,,,JANAU6-MG500
4553,USE13360065,Solar,SUDESTE,30.0307,-15.830000,-43.450000,bus-proxy,bus:CJAVLT-MG500,,,CJAVLT-MG500
4554,USE13360219,Solar,SUDESTE,26.7211,-18.740149,-47.961272,system-centroid,system-centroid,,,CJANAU-MG500
4555,USE13360103,Solar,SUDESTE,26.1627,-18.740149,-47.961272,system-centroid,system-centroid,,,CIRAPU-MG500
4556,USE13338911,Solar,SUDESTE,236.365,-15.290000,-43.720000,bus-proxy,bus:JAIBA--MG500,,,JAIBA--MG500
4557,USE13338900,Solar,SUDESTE,51.957,-15.920000,-43.330000,bus-proxy,bus:JANAU3-MG500,,,JANAU3-MG500
4558,USE13338929,Solar,SUDESTE,91.1537,-16.160000,-43.570000,bus-proxy,bus:JANAU6-MG500,,,JANAU6-MG500
4559,USE13460065,Solar,SUDESTE,30.0307,-15.830000,-43.450000,bus-proxy,bus:CJAVLT-MG500,,,CJAVLT-MG500
4560,USE13460219,Solar,SUDESTE,26.7211,-18.740149,-47.961272,system-centroid,system-centroid,,,CJANAU-MG500
4561,USE13460103,Solar,SUDESTE,26.1627,-18.740149,-47.961272,system-centroid,system-centroid,,,CIRAPU-MG500
4562,USE13438911,Solar,SUDESTE,236.365,-15.290000,-43.720000,bus-proxy,bus:JAIBA--MG500,,,JAIBA--MG500
4563,USE13438900,Solar,SUDESTE,51.957,-15.920000,-43.330000,bus-proxy,bus:JANAU3-MG500,,,JANAU3-MG500
4564,USE13438929,Solar,SUDESTE,91.1537,-16.160000,-43.570000,bus-proxy,bus:JANAU6-MG500,,,JANAU6-MG500
4565,USE13560065,Solar,SUDESTE,30.0307,-15.830000,-43.450000,bus-proxy,bus:CJAVLT-MG500,,,CJAVLT-MG500
4566,USE13560219,Solar,SUDESTE,26.7211,-18.740149,-47.961272,system-centroid,system-centroid,,,CJANAU-MG500
4567,USE13560103,Solar,SUDESTE,26.1627,-18.740149,-47.961272,system-centroid,system-centroid,,,CIRAPU-MG500
4568,USE13538911,Solar,SUDESTE,236.365,-15.290000,-43.720000,bus-proxy,bus:JAIBA--MG500,,,JAIBA--MG500
4569,USE13538900,Solar,SUDESTE,51.957,-15.920000,-43.330000,bus-proxy,bus:JANAU3-MG500,,,JANAU3-MG500
4570,USE13538929,Solar,SUDESTE,91.1537,-16.160000,-43.570000,bus-proxy,bus:JANAU6-MG500,,,JANAU6-MG500
4571,USE13660065,Solar,SUDESTE,30.0307,-15.830000,-43.450000,bus-proxy,bus:CJAVLT-MG500,,,CJAVLT-MG500
4572,USE13660219,Solar,SUDESTE,26.7211,-18.740149,-47.961272,system-centroid,system-centroid,,,CJANAU-MG500
4573,USE13660103,Solar,SUDESTE,26.1627,-18.740149,-47.961272,system-centroid,system-centroid,,,CIRAPU-MG500
4574,USE13638911,Solar,SUDESTE,236.365,-15.290000,-43.720000,bus-proxy,bus:JAIBA--MG500,,,JAIBA--MG500
4575,USE13638900,Solar,SUDESTE,51.957,-15.920000,-43.330000,bus-proxy,bus:JANAU3-MG500,,,JANAU3-MG500
4576,USE13638929,Solar,SUDESTE,91.1537,-16.160000,-43.570000,bus-proxy,bus:JANAU6-MG500,,,JANAU6-MG500
4577,USE13760065,Solar,SUDESTE,30.0307,-15.830000,-43.450000,bus-proxy,bus:CJAVLT-MG500,,,CJAVLT-MG500
4578,USE13760219,Solar,SUDESTE,26.7211,-18.740149,-47.961272,system-centroid,system-centroid,,,CJANAU-MG500
4579,USE13760103,Solar,SUDESTE,26.1627,-18.740149,-47.961272,system-centroid,system-centroid,,,CIRAPU-MG500
4580,USE13738911,Solar,SUDESTE,236.365,-15.290000,-43.720000,bus-proxy,bus:JAIBA--MG500,,,JAIBA--MG500
4581,USE13738900,Solar,SUDESTE,51.957,-15.920000,-43.330000,bus-proxy,bus:JANAU3-MG500,,,JANAU3-MG500
4582,USE13738929,Solar,SUDESTE,91.1537,-16.160000,-43.570000,bus-proxy,bus:JANAU6-MG500,,,JANAU6-MG500
4583,USE13860065,Solar,SUDESTE,30.0307,-15.830000,-43.450000,bus-proxy,bus:CJAVLT-MG500,,,CJAVLT-MG500
4584,USE13860219,Solar,SUDESTE,26.7211,-18.740149,-47.961272,system-centroid,system-centroid,,,CJANAU-MG500
4585,USE13860103,Solar,SUDESTE,26.1627,-18.740149,-47.961272,system-centroid,system-centroid,,,CIRAPU-MG500
4586,USE13838911,Solar,SUDESTE,236.365,-15.290000,-43.720000,bus-proxy,bus:JAIBA--MG500,,,JAIBA--MG500
4587,USE13838900,Solar,SUDESTE,51.957,-15.920000,-43.330000,bus-proxy,bus:JANAU3-MG500,,,JANAU3-MG500
4588,USE13838929,Solar,SUDESTE,91.1537,-16.160000,-43.570000,bus-proxy,bus:JANAU6-MG500,,,JANAU6-MG500
4589,USE13960065,Solar,SUDESTE,30.0307,-15.830000,-43.450000,bus-proxy,bus:CJAVLT-MG500,,,CJAVLT-MG500
4590,USE13960219,Solar,SUDESTE,26.7211,-18.740149,-47.961272,system-centroid,system-centroid,,,CJANAU-MG500
4591,USE13960103,Solar,SUDESTE,26.1627,-18.740149,-47.961272,system-centroid,system-centroid,,,CIRAPU-MG500
4592,USE13938911,Solar,SUDESTE,236.365,-15.290000,-43.720000,bus-proxy,bus:JAIBA--MG500,,,JAIBA--MG500
4593,USE13938900,Solar,SUDESTE,51.957,-15.920000,-43.330000,bus-proxy,bus:JANAU3-MG500,,,JANAU3-MG500
4594,USE13938929,Solar,SUDESTE,91.1537,-16.160000,-43.570000,bus-proxy,bus:JANAU6-MG500,,,JANAU6-MG500
4595,USE23460065,Solar,SUDESTE,0.175179,-15.830000,-43.450000,bus-proxy,bus:CJAVLT-MG500,,,CJAVLT-MG500
4596,USE23460219,Solar,SUDESTE,0.155873,-18.740149,-47.961272,system-centroid,system-centroid,,,CJANAU-MG500
4597,USE23460103,Solar,SUDESTE,0.152616,-18.740149,-47.961272,system-centroid,system-centroid,,,CIRAPU-MG500
4598,USE23438911,Solar,SUDESTE,1.37879,-15.290000,-43.720000,bus-proxy,bus:JAIBA--MG500,,,JAIBA--MG500
4599,USE23438900,Solar,SUDESTE,0.303082,-15.920000,-43.330000,bus-proxy,bus:JANAU3-MG500,,,JANAU3-MG500
4600,USE23438929,Solar,SUDESTE,0.53173,-16.160000,-43.570000,bus-proxy,bus:JANAU6-MG500,,,JANAU6-MG500
4601,USE23560065,Solar,SUDESTE,20.0205,-15.830000,-43.450000,bus-proxy,bus:CJAVLT-MG500,,,CJAVLT-MG500
4602,USE23560219,Solar,SUDESTE,17.8141,-18.740149,-47.961272,system-centroid,system-centroid,,,CJANAU-MG500
4603,USE23560103,Solar,SUDESTE,17.4418,-18.740149,-47.961272,system-centroid,system-centroid,,,CIRAPU-MG500
4604,USE23538911,Solar,SUDESTE,157.576,-15.290000,-43.720000,bus-proxy,bus:JAIBA--MG500,,,JAIBA--MG500
4605,USE23538900,Solar,SUDESTE,34.638,-15.920000,-43.330000,bus-proxy,bus:JANAU3-MG500,,,JANAU3-MG500
4606,USE23538929,Solar,SUDESTE,60.7692,-16.160000,-43.570000,bus-proxy,bus:JANAU6-MG500,,,JANAU6-MG500
4607,USE23660065,Solar,SUDESTE,20.0205,-15.830000,-43.450000,bus-proxy,bus:CJAVLT-MG500,,,CJAVLT-MG500
4608,USE23660219,Solar,SUDESTE,17.8141,-18.740149,-47.961272,system-centroid,system-centroid,,,CJANAU-MG500
4609,USE23660103,Solar,SUDESTE,17.4418,-18.740149,-47.961272,system-centroid,system-centroid,,,CIRAPU-MG500
4610,USE23638911,Solar,SUDESTE,157.576,-15.290000,-43.720000,bus-proxy,bus:JAIBA--MG500,,,JAIBA--MG500
4611,USE23638900,Solar,SUDESTE,34.638,-15.920000,-43.330000,bus-proxy,bus:JANAU3-MG500,,,JANAU3-MG500
4612,USE23638929,Solar,SUDESTE,60.7692,-16.160000,-43.570000,bus-proxy,bus:JANAU6-MG500,,,JANAU6-MG500
4613,USE23760065,Solar,SUDESTE,20.0205,-15.830000,-43.450000,bus-proxy,bus:CJAVLT-MG500,,,CJAVLT-MG500
4614,USE23760219,Solar,SUDESTE,17.8141,-18.740149,-47.961272,system-centroid,system-centroid,,,CJANAU-MG500
4615,USE23760103,Solar,SUDESTE,17.4418,-18.740149,-47.961272,system-centroid,system-centroid,,,CIRAPU-MG500
4616,USE23738911,Solar,SUDESTE,157.576,-15.290000,-43.720000,bus-proxy,bus:JAIBA--MG500,,,JAIBA--MG500
4617,USE23738900,Solar,SUDESTE,34.638,-15.920000,-43.330000,bus-proxy,bus:JANAU3-MG500,,,JANAU3-MG500
4618,USE23738929,Solar,SUDESTE,60.7692,-16.160000,-43.570000,bus-proxy,bus:JANAU6-MG500,,,JANAU6-MG500
4619,USE23860065,Solar,SUDESTE,20.0205,-15.830000,-43.450000,bus-proxy,bus:CJAVLT-MG500,,,CJAVLT-MG500
4620,USE23860219,Solar,SUDESTE,17.8141,-18.740149,-47.961272,system-centroid,system-centroid,,,CJANAU-MG500
4621,USE23860103,Solar,SUDESTE,17.4418,-18.740149,-47.961272,system-centroid,system-centroid,,,CIRAPU-MG500
4622,USE23838911,Solar,SUDESTE,157.576,-15.290000,-43.720000,bus-proxy,bus:JAIBA--MG500,,,JAIBA--MG500
4623,USE23838900,Solar,SUDESTE,34.638,-15.920000,-43.330000,bus-proxy,bus:JANAU3-MG500,,,JANAU3-MG500
4624,USE23838929,Solar,SUDESTE,60.7692,-16.160000,-43.570000,bus-proxy,bus:JANAU6-MG500,,,JANAU6-MG500
4625,USE23960065,Solar,SUDESTE,20.0205,-15.830000,-43.450000,bus-proxy,bus:CJAVLT-MG500,,,CJAVLT-MG500
4626,USE23960219,Solar,SUDESTE,17.8141,-18.740149,-47.961272,system-centroid,system-centroid,,,CJANAU-MG500
4627,USE23960103,Solar,SUDESTE,17.4418,-18.740149,-47.961272,system-centroid,system-centroid,,,CIRAPU-MG500
4628,USE23938911,Solar,SUDESTE,157.576,-15.290000,-43.720000,bus-proxy,bus:JAIBA--MG500,,,JAIBA--MG500
4629,USE23938900,Solar,SUDESTE,34.638,-15.920000,-43.330000,bus-proxy,bus:JANAU3-MG500,,,JANAU3-MG500
4630,USE23938929,Solar,SUDESTE,60.7692,-16.160000,-43.570000,bus-proxy,bus:JANAU6-MG500,,,JANAU6-MG500
4631,UFVES046870,Solar,SUDESTE,1.0,-19.509647,-40.142922,plant,siga:Operação,UFV.RS.ES.046870-3.1,Linhares - ES,JNEIV2-ES345
4632,UFVES073713,Solar,SUDESTE,0.22613,-20.162410,-40.242280,plant,siga:Operação,UFV.RS.ES.073713-5.1,Serra - ES,VIANA2-ES500
4633,UFVES074055,Solar,SUDESTE,0.44,-19.512225,-40.600531,plant,siga:Operação,UFV.RS.ES.074055-1.1,Colatina - ES,JNEIV2-ES345
4634,UFVMG043147,Solar,SUDESTE,40.0,-15.316939,-43.624683,plant,siga:Operação,UFV.RS.MG.043147-8.1,Jaíba - MG,JV-B3-UFV034
4635,UFVMG043148,Solar,SUDESTE,40.0,-15.310747,-43.617033,plant,siga:Operação,UFV.RS.MG.043148-6.1,Jaíba - MG,JV-B3-UFV034
4636,UFVMG043149,Solar,SUDESTE,20.0,-15.307219,-43.630736,plant,siga:Operação,UFV.RS.MG.043149-4.1,Jaíba - MG,JAIBA-UFV034
4637,UFVMG043150,Solar,SUDESTE,40.0,-15.323189,-43.628792,plant,siga:Operação,UFV.RS.MG.043150-8.1,Jaíba - MG,JV-B4-UFV034
4638,UFVMG043151,Solar,SUDESTE,23.876,-15.318131,-43.642092,plant,siga:Operação,UFV.RS.MG.043151-6.1,Jaíba - MG,JV-B4-UFV034
4639,UFVMG043152,Solar,SUDESTE,20.0,-15.332131,-43.608125,plant,siga:Operação,UFV.RS.MG.043152-4.1,Jaíba - MG,JV-B3-UFV034
4640,UFVMG043153,Solar,SUDESTE,23.876,-15.308300,-43.640700,plant,siga:Operação,UFV.RS.MG.043153-2.1,Jaíba - MG,JV-B4-UFV034
4641,UFVMG043154,Solar,SUDESTE,40.0,-15.303181,-43.609608,plant,siga:Operação,UFV.RS.MG.043154-0.1,Jaíba - MG,JV-B3-UFV034
4642,UFVMG043155,Solar,SUDESTE,40.0,-15.341783,-43.613400,plant,siga:Operação,UFV.RS.MG.043155-9.1,Jaíba - MG,JV-B1-UFV034
4643,UFVMG043156,Solar,SUDESTE,40.0,-15.328458,-43.640003,plant,siga:Operação,UFV.RS.MG.043156-7.1,Jaíba - MG,JV-B1-UFV034
4644,UFVMG043157,Solar,SUDESTE,40.0,-15.311225,-43.600625,plant,siga:Operação,UFV.RS.MG.043157-5.1,Jaíba - MG,JV-B2-UFV034
4645,UFVMG043158,Solar,SUDESTE,40.0,-15.340736,-43.630000,plant,siga:Operação,UFV.RS.MG.043158-3.1,Jaíba - MG,JV-B2-UFV034
4646,UFVMG043159,Solar,SUDESTE,6.0,-15.323914,-43.648750,plant,siga:Operação,UFV.RS.MG.043159-1.1,Jaíba - MG,JAIBA-UFV034
4647,UFVMG043160,Solar,SUDESTE,40.0,-15.314244,-43.651758,plant,siga:Operação,UFV.RS.MG.043160-5.1,Jaíba - MG,JAIBA-UFV034
4648,UFVMG043161,Solar,SUDESTE,40.0,-15.298347,-43.619094,plant,siga:Operação,UFV.RS.MG.043161-3.1,Jaíba - MG,JAIBA-UFV034
4649,UFVMG043163,Solar,SUDESTE,40.0,-15.321706,-43.604917,plant,siga:Operação,UFV.RS.MG.043163-0.1,Jaíba - MG,JV-B1-UFV034
4650,UFVMG043164,Solar,SUDESTE,40.0,-15.332192,-43.629422,plant,siga:Operação,UFV.RS.MG.043164-8.1,Jaíba - MG,JV-B2-UFV034
4651,UFVMG045712,Solar,SUDESTE,50.0,-15.960567,-43.371097,plant,siga:Construção não iniciada,UFV.RS.MG.045712-4.1,Janaúba - MG,PHELE-UFV034
4652,UFVMG045713,Solar,SUDESTE,50.0,-15.969756,-43.362589,plant,siga:Construção não iniciada,UFV.RS.MG.045713-2.1,Janaúba - MG,PHELE-UFV034
4653,UFVMG046553,Solar,SUDESTE,41.173,-15.822857,-43.427018,plant,siga:Operação,UFV.RS.MG.046553-4.1,Janaúba - MG,CVALC-UFV034
4654,UFVMG046554,Solar,SUDESTE,41.173,-15.834876,-43.432785,plant,siga:Operação,UFV.RS.MG.046554-2.1,Janaúba - MG,CVALB-UFV034
4655,UFVMG046555,Solar,SUDESTE,41.173,-15.819093,-43.434006,plant,siga:Operação,UFV.RS.MG.046555-0.1,Janaúba - MG,CVALC-UFV034
4656,UFVMG046556,Solar,SUDESTE,41.173,-15.818307,-43.443781,plant,siga:Operação,UFV.RS.MG.046556-9.1,Janaúba - MG,CVALD-UFV034
4657,UFVMG046557,Solar,SUDESTE,41.173,-15.830127,-43.438150,plant,siga:Operação,UFV.RS.MG.046557-7.1,Janaúba - MG,CVALD-UFV034
4658,UFVMG046558,Solar,SUDESTE,41.173,-15.825433,-43.447077,plant,siga:Operação,UFV.RS.MG.046558-5.1,Janaúba - MG,CVALD-UFV034
4659,UFVMG046559,Solar,SUDESTE,41.173,-15.833344,-43.451871,plant,siga:Operação,UFV.RS.MG.046559-3.1,Janaúba - MG,CVALE-UFV034
4660,UFVMG046560,Solar,SUDESTE,41.173,-15.824919,-43.453443,plant,siga:Operação,UFV.RS.MG.046560-7.1,Janaúba - MG,CVALE-UFV034
4661,UFVMG046561,Solar,SUDESTE,41.173,-15.824967,-43.461449,plant,siga:Operação,UFV.RS.MG.046561-5.1,Janaúba - MG,CVALE-UFV034
4662,UFVMG046562,Solar,SUDESTE,41.173,-15.813490,-43.469713,plant,siga:Operação,UFV.RS.MG.046562-3.1,Janaúba - MG,CVALF-UFV034
4663,UFVMG046577,Solar,SUDESTE,48.118,-15.943797,-43.467306,plant,siga:Operação,UFV.RS.MG.046577-1.1,Janaúba - MG,IRAP1-UFV034
4664,UFVMG046578,Solar,SUDESTE,48.118,-15.952847,-43.479719,plant,siga:Operação,UFV.RS.MG.046578-0.1,Janaúba - MG,IRAP1-UFV034
4665,UFVMG046579,Solar,SUDESTE,48.118,-15.934053,-43.492919,plant,siga:Operação,UFV.RS.MG.046579-8.1,Janaúba - MG,IRAP1-UFV034
4666,UFVMG049053,Solar,SUDESTE,48.118,-15.948972,-43.473919,plant,siga:Operação,UFV.RS.MG.049053-9.1,Janaúba - MG,IRAP1-UFV034
4667,UFVMG049054,Solar,SUDESTE,48.118,-15.914139,-43.497197,plant,siga:Operação,UFV.RS.MG.049054-7.1,Janaúba - MG,IRAP2-UFV034
4668,UFVMG049055,Solar,SUDESTE,48.118,-15.928661,-43.500008,plant,siga:Operação,UFV.RS.MG.049055-5.1,Janaúba - MG,IRAP2-UFV034
4669,UFVMG049056,Solar,SUDESTE,48.118,-15.921242,-43.500786,plant,siga:Operação,UFV.RS.MG.049056-3.1,Janaúba - MG,IRAP2-UFV034
4670,UFVMG049655,Solar,SUDESTE,41.173,-15.812569,-43.475907,plant,siga:Operação,UFV.RS.MG.049655-3.1,Janaúba - MG,CVALF-UFV034
4671,UFVMG049656,Solar,SUDESTE,41.173,-15.819596,-43.486815,plant,siga:Operação,UFV.RS.MG.049656-1.1,Janaúba - MG,CVALF-UFV034
4672,UFVMG049657,Solar,SUDESTE,41.173,-15.818331,-43.494586,plant,siga:Operação,UFV.RS.MG.049657-0.1,Janaúba - MG,CVALF-UFV034
4673,UFVMG049658,Solar,SUDESTE,41.173,-15.807547,-43.483234,plant,siga:Operação,UFV.RS.MG.049658-8.1,Janaúba - MG,CVALB-UFV034
4674,UFVMG049659,Solar,SUDESTE,41.173,-15.806583,-43.490478,plant,siga:Operação,UFV.RS.MG.049659-6.1,Janaúba - MG,CVALC-UFV034
4675,UFVMG054447,Solar,SUDESTE,49.993,-15.830833,-43.471111,plant,siga:Operação,UFV.RS.MG.054447-7.1,Janaúba - MG,CVALA-UFV034
4676,UFVMG054448,Solar,SUDESTE,49.993,-15.836219,-43.471292,plant,siga:Operação,UFV.RS.MG.054448-5.1,Janaúba - MG,CVALA-UFV034
4677,UFVMG054449,Solar,SUDESTE,49.993,-15.839722,-43.468056,plant,siga:Operação,UFV.RS.MG.054449-3.1,Janaúba - MG,CVALB-UFV034
4777,USE1322617,Solar,SUDESTE,49.961,-19.860000,-50.350000,bus-proxy,bus:AVERME-SP500,,,AVERME-SP500
4778,USE1324293,Solar,SUDESTE,48.2453,-19.010000,-50.670000,bus-proxy,bus:ITAGUA-GO500,,,ITAGUA-GO500
4779,USE1324285,Solar,SUDESTE,74.985,-17.720000,-50.860000,bus-proxy,bus:RVERDN-GO500,,,RVERDN-GO500
4780,USE1332617,Solar,SUDESTE,49.961,-19.860000,-50.350000,bus-proxy,bus:AVERME-SP500,,,AVERME-SP500
4781,USE1334293,Solar,SUDESTE,48.2453,-19.010000,-50.670000,bus-proxy,bus:ITAGUA-GO500,,,ITAGUA-GO500
4782,USE1334285,Solar,SUDESTE,74.985,-17.720000,-50.860000,bus-proxy,bus:RVERDN-GO500,,,RVERDN-GO500
4783,USE1342617,Solar,SUDESTE,49.961,-19.860000,-50.350000,bus-proxy,bus:AVERME-SP500,,,AVERME-SP500
4784,USE1344293,Solar,SUDESTE,48.2453,-19.010000,-50.670000,bus-proxy,bus:ITAGUA-GO500,,,ITAGUA-GO500
4785,USE1344285,Solar,SUDESTE,74.985,-17.720000,-50.860000,bus-proxy,bus:RVERDN-GO500,,,RVERDN-GO500
4786,USE1352617,Solar,SUDESTE,49.961,-19.860000,-50.350000,bus-proxy,bus:AVERME-SP500,,,AVERME-SP500
4787,USE1354293,Solar,SUDESTE,48.2453,-19.010000,-50.670000,bus-proxy,bus:ITAGUA-GO500,,,ITAGUA-GO500
4788,USE1354285,Solar,SUDESTE,74.985,-17.720000,-50.860000,bus-proxy,bus:RVERDN-GO500,,,RVERDN-GO500
4789,USE1362617,Solar,SUDESTE,49.961,-19.860000,-50.350000,bus-proxy,bus:AVERME-SP500,,,AVERME-SP500
4790,USE1364293,Solar,SUDESTE,48.2453,-19.010000,-50.670000,bus-proxy,bus:ITAGUA-GO500,,,ITAGUA-GO500
4791,USE1364285,Solar,SUDESTE,74.985,-17.720000,-50.860000,bus-proxy,bus:RVERDN-GO500,,,RVERDN-GO500
4792,USE1372617,Solar,SUDESTE,49.961,-19.860000,-50.350000,bus-proxy,bus:AVERME-SP500,,,AVERME-SP500
4793,USE1374293,Solar,SUDESTE,48.2453,-19.010000,-50.670000,bus-proxy,bus:ITAGUA-GO500,,,ITAGUA-GO500
4794,USE1374285,Solar,SUDESTE,74.985,-17.720000,-50.860000,bus-proxy,bus:RVERDN-GO500,,,RVERDN-GO500
4795,USE1382617,Solar,SUDESTE,49.961,-19.860000,-50.350000,bus-proxy,bus:AVERME-SP500,,,AVERME-SP500
4796,USE1384293,Solar,SUDESTE,48.2453,-19.010000,-50.670000,bus-proxy,bus:ITAGUA-GO500,,,ITAGUA-GO500
4797,USE1384285,Solar,SUDESTE,74.985,-17.720000,-50.860000,bus-proxy,bus:RVERDN-GO500,,,RVERDN-GO500
4798,USE1392617,Solar,SUDESTE,49.961,-19.860000,-50.350000,bus-proxy,bus:AVERME-SP500,,,AVERME-SP500
4799,USE1394293,Solar,SUDESTE,48.2453,-19.010000,-50.670000,bus-proxy,bus:ITAGUA-GO500,,,ITAGUA-GO500
4800,USE1394285,Solar,SUDESTE,74.985,-17.720000,-50.860000,bus-proxy,bus:RVERDN-GO500,,,RVERDN-GO500
4801,USE2342617,Solar,SUDESTE,0.291439,-19.860000,-50.350000,bus-proxy,bus:AVERME-SP500,,,AVERME-SP500
4802,USE2344293,Solar,SUDESTE,0.281431,-19.010000,-50.670000,bus-proxy,bus:ITAGUA-GO500,,,ITAGUA-GO500
4803,USE2344285,Solar,SUDESTE,0.437412,-17.720000,-50.860000,bus-proxy,bus:RVERDN-GO500,,,RVERDN-GO500
4804,USE2352617,Solar,SUDESTE,33.3073,-19.860000,-50.350000,bus-proxy,bus:AVERME-SP500,,,AVERME-SP500
4805,USE2354293,Solar,SUDESTE,32.1635,-19.010000,-50.670000,bus-proxy,bus:ITAGUA-GO500,,,ITAGUA-GO500
4806,USE2354285,Solar,SUDESTE,49.99,-17.720000,-50.860000,bus-proxy,bus:RVERDN-GO500,,,RVERDN-GO500
4807,USE2362617,Solar,SUDESTE,33.3073,-19.860000,-50.350000,bus-proxy,bus:AVERME-SP500,,,AVERME-SP500
4808,USE2364293,Solar,SUDESTE,32.1635,-19.010000,-50.670000,bus-proxy,bus:ITAGUA-GO500,,,ITAGUA-GO500
4809,USE2364285,Solar,SUDESTE,49.99,-17.720000,-50.860000,bus-proxy,bus:RVERDN-GO500,,,RVERDN-GO500
4810,USE2372617,Solar,SUDESTE,33.3073,-19.860000,-50.350000,bus-proxy,bus:AVERME-SP500,,,AVERME-SP500
4811,USE2374293,Solar,SUDESTE,32.1635,-19.010000,-50.670000,bus-proxy,bus:ITAGUA-GO500,,,ITAGUA-GO500
4812,USE2374285,Solar,SUDESTE,49.99,-17.720000,-50.860000,bus-proxy,bus:RVERDN-GO500,,,RVERDN-GO500
4813,USE2382617,Solar,SUDESTE,33.3073,-19.860000,-50.350000,bus-proxy,bus:AVERME-SP500,,,AVERME-SP500
4814,USE2384293,Solar,SUDESTE,32.1635,-19.010000,-50.670000,bus-proxy,bus:ITAGUA-GO500,,,ITAGUA-GO500
4815,USE2384285,Solar,SUDESTE,49.99,-17.720000,-50.860000,bus-proxy,bus:RVERDN-GO500,,,RVERDN-GO500
4816,USE2392617,Solar,SUDESTE,33.3073,-19.860000,-50.350000,bus-proxy,bus:AVERME-SP500,,,AVERME-SP500
4817,USE2394293,Solar,SUDESTE,32.1635,-19.010000,-50.670000,bus-proxy,bus:ITAGUA-GO500,,,ITAGUA-GO500
4818,USE2394285,Solar,SUDESTE,49.99,-17.720000,-50.860000,bus-proxy,bus:RVERDN-GO500,,,RVERDN-GO500
4819,UFVGO072061,Solar,SUDESTE,0.99,-17.718889,-51.389722,plant,siga:Operação,UFV.RS.GO.072061-5.1,Rio Verde - GO,TRINDA-GO500
4820,UFVMT060508,Solar,SUDESTE,2.25,-13.701497,-57.910289,plant,siga:Operação,UFV.RS.MT.060508-5.1,Campo Novo do Parecis - MT,JAURU--MT500
4821,UFVMT072140,Solar,SUDESTE,0.882,-15.647500,-55.983333,plant,siga:Operação,UFV.RS.MT.072140-9.1,Cuiabá - MT,CUIABA-MT500
4840,UFVSP046922,Solar,SUDESTE,33.21,-19.873993,-50.372056,plant,siga:Operação,UFV.RS.SP.046922-0.1,Ouroeste - SP,AGV7B-UFV034
4841,UFVSP049335,Solar,SUDESTE,9.37,-20.652231,-51.341019,plant,siga:Operação,UFV.RS.SP.049335-0.1,Ilha Solteira - SP,NORI1-UFV034
4842,UFVSP049336,Solar,SUDESTE,40.6,-20.652250,-51.334886,plant,siga:Operação,UFV.RS.SP.049336-8.1,Ilha Solteira - SP,NORI1-UFV034
4843,UFVSP049337,Solar,SUDESTE,40.6,-20.656103,-51.333539,plant,siga:Operação,UFV.RS.SP.049337-6.1,Ilha Solteira - SP,NORI2-UFV034
4844,UFVSP049338,Solar,SUDESTE,40.6,-20.659947,-51.342028,plant,siga:Operação,UFV.RS.SP.049338-4.1,Ilha Solteira - SP,NORI2-UFV034
4845,UFVSP049339,Solar,SUDESTE,46.0527,-20.667672,-51.331889,plant,siga:Operação,UFV.RS.SP.049339-2.1,Ilha Solteira - SP,NORI1-UFV034
4846,UFVSP049340,Solar,SUDESTE,46.0527,-20.674411,-51.340403,plant,siga:Operação,UFV.RS.SP.049340-6.1,Ilha Solteira - SP,NORI2-UFV034
4847,UFVSP071673,Solar,SUDESTE,0.23,-21.419548,-50.090497,plant,siga:Operação,UFV.RS.SP.071673-1.1,Penápolis - SP,ASSIS--SP500
4848,UFVSP071971,Solar,SUDESTE,2.13,-23.510833,-46.159722,plant,siga:Operação,UFV.RS.SP.071971-4.1,Moji das Cruzes - SP,CAMPIN-SP500
4849,UFVSP073254,Solar,SUDESTE,1.0,-23.141389,-47.794722,plant,siga:Operação,UFV.RS.SP.073254-0.1,"Cerquilho - SP, Jumirim - SP",CAMPIN-SP500
5018,MMGDDF22835,Solar,SUDESTE,0.0,-15.759640,-47.869524,aggregate-centroid,uf-centroid:DF,,,SE--ST-DF069
5019,MMGDDF22901,Solar,SUDESTE,0.0,-15.771963,-47.873377,plant,reference,,,SE--TG-DF013
5020,MMGDDF22902,Solar,SUDESTE,0.0,-15.759640,-47.869524,aggregate-centroid,uf-centroid:DF,,,SE--CN-DF013
5021,MMGDDF22903,Solar,SUDESTE,0.0,-15.759640,-47.869524,aggregate-centroid,uf-centroid:DF,,,SE--CS-DF013
5022,MMGDDF22904,Solar,SUDESTE,0.0,-15.759640,-47.869524,aggregate-centroid,uf-centroid:DF,,,SE--AC-DF013
5023,MMGDDF22905,Solar,SUDESTE,0.0,-15.759640,-47.869524,aggregate-centroid,uf-centroid:DF,,,SE--GR-DF013
5024,MMGDDF22907,Solar,SUDESTE,0.0,-15.759640,-47.869524,aggregate-centroid,uf-centroid:DF,,,SE--BZ-DF013
5025,MMGDDF22908,Solar,SUDESTE,0.0,-15.759640,-47.869524,aggregate-centroid,uf-centroid:DF,,,SE--NB-DF013
5026,MMGDDF22909,Solar,SUDESTE,0.0,-15.759640,-47.869524,aggregate-centroid,uf-centroid:DF,,,SE--TN-DF013
5027,MMGDDF22911,Solar,SUDESTE,0.0,-15.759640,-47.869524,aggregate-centroid,uf-centroid:DF,,,SE--SO-DF013
5028,MMGDDF22912,Solar,SUDESTE,0.0,-15.759640,-47.869524,aggregate-centroid,uf-centroid:DF,,,SE--RF-DF013
5029,MMGDDF22913,Solar,SUDESTE,0.0,-15.759640,-47.869524,aggregate-centroid,uf-centroid:DF,,,SE--01-DF013
5030,MMGDDF22914,Solar,SUDESTE,0.0,-15.759640,-47.869524,aggregate-centroid,uf-centroid:DF,,,SE--02-DF013
5031,MMGDDF22915,Solar,SUDESTE,0.0,-15.759640,-47.869524,aggregate-centroid,uf-centroid:DF,,,SE--03-DF013
5032,MMGDDF22916,Solar,SUDESTE,0.0,-15.759640,-47.869524,aggregate-centroid,uf-centroid:DF,,,SE--04-DF013
5033,MMGDDF22917,Solar,SUDESTE,0.0,-15.759640,-47.869524,aggregate-centroid,uf-centroid:DF,,,SE05---DF013
5034,MMGDDF22919,Solar,SUDESTE,0.0,-15.759640,-47.869524,aggregate-centroid,uf-centroid:DF,,,SE--07-DF013
5035,MMGDDF22920,Solar,SUDESTE,0.0,-15.759640,-47.869524,aggregate-centroid,uf-centroid:DF,,,SE--08-DF013
5036,MMGDDF22921,Solar,SUDESTE,0.0,-15.759640,-47.869524,aggregate-centroid,uf-centroid:DF,,,SE--09-DF013
5037,MMGDDF22922,Solar,SUDESTE,0.0,-15.759640,-47.869524,aggregate-centroid,uf-centroid:DF,,,SE--10-DF013
5038,MMGDDF22925,Solar,SUDESTE,0.0,-15.759640,-47.869524,aggregate-centroid,uf-centroid:DF,,,SE--BC-DF013
5039,MMGDDF22926,Solar,SUDESTE,0.0,-15.759640,-47.869524,aggregate-centroid,uf-centroid:DF,,,SE--SW-DF013
5040,MMGDDF22927,Solar,SUDESTE,0.0,-15.759640,-47.869524,aggregate-centroid,uf-centroid:DF,,,SE--CT-DF013
5041,MMGDDF22928,Solar,SUDESTE,0.0,-15.759640,-47.869524,aggregate-centroid,uf-centroid:DF,,,SE--SB-DF013
5042,MMGDDF22929,Solar,SUDESTE,0.0,-15.759640,-47.869524,aggregate-centroid,uf-centroid:DF,,,SE--PL-DF013
5043,MMGDDF22930,Solar,SUDESTE,0.0,-15.759640,-47.869524,aggregate-centroid,uf-centroid:DF,,,SE--PD-DF013
5044,MMGDDF22931,Solar,SUDESTE,0.0,-15.759640,-47.869524,aggregate-centroid,uf-centroid:DF,,,SE--SJ-DF013
5045,MMGDDF22932,Solar,SUDESTE,0.0,-15.759640,-47.869524,aggregate-centroid,uf-centroid:DF,,,SE--ES-DF013
5046,MMGDDF22934,Solar,SUDESTE,0.0,-15.759640,-47.869524,aggregate-centroid,uf-centroid:DF,,,SE--VA-DF013
5047,MMGDDF22938,Solar,SUDESTE,0.0,-15.759640,-47.869524,aggregate-centroid,uf-centroid:DF,,,SE--MJ-DF013
5048,MMGDDF22939,Solar,SUDESTE,0.0,-15.759640,-47.869524,aggregate-centroid,uf-centroid:DF,,,SE--SM-DF013
5049,MMGDDF22940,Solar,SUDESTE,0.0,-15.759640,-47.869524,aggregate-centroid,uf-centroid:DF,,,SE--SS-DF013
5050,MMGDDF22943,Solar,SUDESTE,0.0,-15.759640,-47.869524,aggregate-centroid,uf-centroid:DF,,,SE--HP-DF013
5051,MMGDDF22944,Solar,SUDESTE,0.0,-15.759640,-47.869524,aggregate-centroid,uf-centroid:DF,,,SE--MG-DF013
5052,MMGDDF22945,Solar,SUDESTE,0.0,-15.759640,-47.869524,aggregate-centroid,uf-centroid:DF,,,SE--CD-DF013
5053,MMGDDF22947,Solar,SUDESTE,0.0,-15.759640,-47.869524,aggregate-centroid,uf-centroid:DF,,,SE--GM-DF013
5054,MMGDDF22959,Solar,SUDESTE,0.0,-15.759640,-47.869524,aggregate-centroid,uf-centroid:DF,,,SE--EN-DF013
5055,MMGDDF22960,Solar,SUDESTE,0.0,-15.759640,-47.869524,aggregate-centroid,uf-centroid:DF,,,SE--06-DF013
5056,MMGDDF22962,Solar,SUDESTE,0.0,-15.759640,-47.869524,aggregate-centroid,uf-centroid:DF,,,SEGR02-DF013
5057,MMGDDF22966,Solar,SUDESTE,0.0,-15.759640,-47.869524,aggregate-centroid,uf-centroid:DF,,,SE--NW-DF013
5058,MMGDES35008,Solar,SUDESTE,0.0,-20.189659,-40.639659,aggregate-centroid,uf-centroid:ES,,,ALAGE--ES138
5059,MMGDES35009,Solar,SUDESTE,0.0,-20.189659,-40.639659,aggregate-centroid,uf-centroid:ES,,,ALAGE1-ES034
5060,MMGDES35010,Solar,SUDESTE,0.0,-20.189659,-40.639659,aggregate-centroid,uf-centroid:ES,,,ALAGE2-ES034
5061,MMGDES35012,Solar,SUDESTE,0.0,-20.189659,-40.639659,aggregate-centroid,uf-centroid:ES,,,B.FERR-ES138
5062,MMGDES35014,Solar,SUDESTE,0.0,-20.189659,-40.639659,aggregate-centroid,uf-centroid:ES,,,C.ITAP-ES069
5063,MMGDES35015,Solar,SUDESTE,0.0,-20.189659,-40.639659,aggregate-centroid,uf-centroid:ES,,,C.ITAP-ES034
5064,MMGDES35016,Solar,SUDESTE,0.0,-20.189659,-40.639659,aggregate-centroid,uf-centroid:ES,,,C.ITAP-ES011
5065,MMGDES35018,Solar,SUDESTE,0.0,-20.189659,-40.639659,aggregate-centroid,uf-centroid:ES,,,CARAPI-ES138
5066,MMGDES35019,Solar,SUDESTE,0.0,-20.189659,-40.639659,aggregate-centroid,uf-centroid:ES,,,CARAP1-ES034
5067,MMGDES35020,Solar,SUDESTE,0.0,-20.189659,-40.639659,aggregate-centroid,uf-centroid:ES,,,CEASA--ES138
5068,MMGDES35022,Solar,SUDESTE,0.0,-20.189659,-40.639659,aggregate-centroid,uf-centroid:ES,,,CIVIT--ES138
5069,MMGDES35024,Solar,SUDESTE,0.0,-20.189659,-40.639659,aggregate-centroid,uf-centroid:ES,,,CARIAC-ES138
5070,MMGDES35028,Solar,SUDESTE,0.0,-20.189659,-40.639659,aggregate-centroid,uf-centroid:ES,,,FRUTEI-ES138
5071,MMGDES35029,Solar,SUDESTE,0.0,-20.189659,-40.639659,aggregate-centroid,uf-centroid:ES,,,FUNDAO-ES069
5072,MMGDES35033,Solar,SUDESTE,0.0,-20.189659,-40.639659,aggregate-centroid,uf-centroid:ES,,,MANGUI-ES138
5073,MMGDES35034,Solar,SUDESTE,0.0,-20.189659,-40.639659,aggregate-centroid,uf-centroid:ES,,,JMONTE-ES069
5074,MMGDES35035,Solar,SUDESTE,0.0,-20.189659,-40.639659,aggregate-centroid,uf-centroid:ES,,,IBES---ES138
5075,MMGDES35037,Solar,SUDESTE,0.0,-20.189659,-40.639659,aggregate-centroid,uf-centroid:ES,,,ITAPEM-ES138
5076,MMGDES35039,Solar,SUDESTE,0.0,-20.189659,-40.639659,aggregate-centroid,uf-centroid:ES,,,ITARAN-ES069
5077,MMGDES35041,Solar,SUDESTE,0.0,-20.189659,-40.639659,aggregate-centroid,uf-centroid:ES,,,JAGUAR-ES138
5078,MMGDES35044,Solar,SUDESTE,0.0,-20.189659,-40.639659,aggregate-centroid,uf-centroid:ES,,,J.NEIV-ES013
5079,MMGDES35048,Solar,SUDESTE,0.0,-20.189659,-40.639659,aggregate-centroid,uf-centroid:ES,,,CARAP2-ES034
5080,MMGDES35050,Solar,SUDESTE,0.0,-20.189659,-40.639659,aggregate-centroid,uf-centroid:ES,,,LINHA--ES138
5081,MMGDES35054,Solar,SUDESTE,0.0,-20.189659,-40.639659,aggregate-centroid,uf-centroid:ES,,,N.VENE-ES069
5082,MMGDES35055,Solar,SUDESTE,0.0,-20.189659,-40.639659,aggregate-centroid,uf-centroid:ES,,,GUARAP-ES034
5083,MMGDES35056,Solar,SUDESTE,0.0,-20.189659,-40.639659,aggregate-centroid,uf-centroid:ES,,,N.VENE-ES013
5084,MMGDES35059,Solar,SUDESTE,0.0,-20.189659,-40.639659,aggregate-centroid,uf-centroid:ES,,,PINHEI-ES138
5085,MMGDES35060,Solar,SUDESTE,0.0,-20.189659,-40.639659,aggregate-centroid,uf-centroid:ES,,,PIUMA--ES138
5086,MMGDES35063,Solar,SUDESTE,0.0,-20.189659,-40.639659,aggregate-centroid,uf-centroid:ES,,,PRAIA--ES034
5087,MMGDES35064,Solar,SUDESTE,0.0,-20.189659,-40.639659,aggregate-centroid,uf-centroid:ES,,,GOIABE-ES138
5088,MMGDES35065,Solar,SUDESTE,0.0,-20.189659,-40.639659,aggregate-centroid,uf-centroid:ES,,,V.RICA-ES138
5089,MMGDES35066,Solar,SUDESTE,0.0,-20.189659,-40.639659,aggregate-centroid,uf-centroid:ES,,,LAMEIR-ES138
5090,MMGDES35068,Solar,SUDESTE,0.0,-20.189659,-40.639659,aggregate-centroid,uf-centroid:ES,,,S.MATE-ES069
5091,MMGDES35072,Solar,SUDESTE,0.0,-20.189659,-40.639659,aggregate-centroid,uf-centroid:ES,,,SMARIA-ES138
5092,MMGDES35073,Solar,SUDESTE,0.0,-20.189659,-40.639659,aggregate-centroid,uf-centroid:ES,,,S.TERE-ES069
5093,MMGDES35075,Solar,SUDESTE,0.0,-20.189659,-40.639659,aggregate-centroid,uf-centroid:ES,,,SUICA--ES069
5094,MMGDES35081,Solar,SUDESTE,0.0,-20.189659,-40.639659,aggregate-centroid,uf-centroid:ES,,,ALEGR6-ES069
5095,MMGDES35082,Solar,SUDESTE,0.0,-20.189659,-40.639659,aggregate-centroid,uf-centroid:ES,,,MARMOR-ES069
5096,MMGDES35083,Solar,SUDESTE,0.0,-20.189659,-40.639659,aggregate-centroid,uf-centroid:ES,,,MIMOSO-ES069
5097,MMGDES35093,Solar,SUDESTE,0.0,-20.189659,-40.639659,aggregate-centroid,uf-centroid:ES,,,ITAPOA-ES138
5098,MMGDES35101,Solar,SUDESTE,0.0,-20.189659,-40.639659,aggregate-centroid,uf-centroid:ES,,,PIRACE-ES138
5099,MMGDES35102,Solar,SUDESTE,0.0,-20.189659,-40.639659,aggregate-centroid,uf-centroid:ES,,,PARATI-ES138
5100,MMGDES35105,Solar,SUDESTE,0.0,-20.189659,-40.639659,aggregate-centroid,uf-centroid:ES,,,S.SEDE-ES138
5101,MMGDES35106,Solar,SUDESTE,0.0,-20.189659,-40.639659,aggregate-centroid,uf-centroid:ES,,,N.AIMO-ES069
5102,MMGDES35107,Solar,SUDESTE,0.0,-20.189659,-40.639659,aggregate-centroid,uf-centroid:ES,,,PAULIS-ES138
5103,MMGDES35113,Solar,SUDESTE,0.0,-20.189659,-40.639659,aggregate-centroid,uf-centroid:ES,,,CANIVE-ES138
5104,MMGDES35115,Solar,SUDESTE,0.0,-20.189659,-40.639659,aggregate-centroid,uf-centroid:ES,,,R.QUAR-ES138
5105,MMGDES35116,Solar,SUDESTE,0.0,-20.189659,-40.639659,aggregate-centroid,uf-centroid:ES,,,B.GUAN-ES138
5106,MMGDES35117,Solar,SUDESTE,0.0,-20.189659,-40.639659,aggregate-centroid,uf-centroid:ES,,,B.SAHY-ES138
5107,MMGDES35130,Solar,SUDESTE,0.0,-20.189659,-40.639659,aggregate-centroid,uf-centroid:ES,,,ARACRU-ES138
5108,MMGDES35133,Solar,SUDESTE,0.0,-20.189659,-40.639659,aggregate-centroid,uf-centroid:ES,,,F.GUAD-ES069
5109,MMGDES35134,Solar,SUDESTE,0.0,-20.189659,-40.639659,aggregate-centroid,uf-centroid:ES,,,A.CLAU-ES069
5110,MMGDES35135,Solar,SUDESTE,0.0,-20.189659,-40.639659,aggregate-centroid,uf-centroid:ES,,,IBIRAC-ES069
5111,MMGDES35136,Solar,SUDESTE,0.0,-20.189659,-40.639659,aggregate-centroid,uf-centroid:ES,,,CALDEI-ES069
5112,MMGDES35137,Solar,SUDESTE,0.0,-20.189659,-40.639659,aggregate-centroid,uf-centroid:ES,,,JURAMA-ES138
5113,MMGDES35138,Solar,SUDESTE,0.0,-20.189659,-40.639659,aggregate-centroid,uf-centroid:ES,,,PALMIT-ES069
5114,MMGDES35139,Solar,SUDESTE,0.0,-20.189659,-40.639659,aggregate-centroid,uf-centroid:ES,,,N.ZELA-ES138
5115,MMGDES35140,Solar,SUDESTE,0.0,-20.189659,-40.639659,aggregate-centroid,uf-centroid:ES,,,CACARO-ES138
5116,MMGDES35146,Solar,SUDESTE,0.0,-20.189659,-40.639659,aggregate-centroid,uf-centroid:ES,,,DMARTI-ES069
5117,MMGDES35152,Solar,SUDESTE,0.0,-20.189659,-40.639659,aggregate-centroid,uf-centroid:ES,,,S.MATE-ES034
5118,MMGDES35156,Solar,SUDESTE,0.0,-20.189659,-40.639659,aggregate-centroid,uf-centroid:ES,,,AVIVAC-ES069
5119,MMGDES35157,Solar,SUDESTE,0.0,-20.189659,-40.639659,aggregate-centroid,uf-centroid:ES,,,SAFRA--ES138
5120,MMGDES35159,Solar,SUDESTE,0.0,-20.189659,-40.639659,aggregate-centroid,uf-centroid:ES,,,CASTEL-ES069
5121,MMGDES35161,Solar,SUDESTE,0.0,-20.189659,-40.639659,aggregate-centroid,uf-centroid:ES,,,VICOSA-ES069
5122,MMGDES35162,Solar,SUDESTE,0.0,-20.189659,-40.639659,aggregate-centroid,uf-centroid:ES,,,V.NOVA-ES069
5123,MMGDES35163,Solar,SUDESTE,0.0,-20.189659,-40.639659,aggregate-centroid,uf-centroid:ES,,,SOTURN-ES138
5124,MMGDES35164,Solar,SUDESTE,0.0,-20.189659,-40.639659,aggregate-centroid,uf-centroid:ES,,,GLORIA-ES138
5125,MMGDES3542,Solar,SUDESTE,0.0,-20.350240,-40.368465,plant,reference,,,S.ROQU-ES069
5126,MMGDES3572,Solar,SUDESTE,0.0,-20.189659,-40.639659,aggregate-centroid,uf-centroid:ES,,,S.GABR-ES138
5127,MMGDGO1151,Solar,SUDESTE,0.0,-16.547628,-49.277741,plant,reference,,,CATALA-GO138
5128,MMGDGO1152,Solar,SUDESTE,0.0,-16.704328,-49.623134,aggregate-centroid,uf-centroid:GO,,,CDOURA-GO138
5129,MMGDGO1154,Solar,SUDESTE,0.0,-16.704328,-49.623134,aggregate-centroid,uf-centroid:GO,,,PQEMAS-GO138
5130,MMGDGO1156,Solar,SUDESTE,0.0,-16.704328,-49.623134,aggregate-centroid,uf-centroid:GO,,,QUIRIN-GO138
5131,MMGDGO1157,Solar,SUDESTE,0.0,-16.704328,-49.623134,aggregate-centroid,uf-centroid:GO,,,RVERDE-GO138
5132,MMGDGO1159,Solar,SUDESTE,0.0,-16.704328,-49.623134,aggregate-centroid,uf-centroid:GO,,,R.BOIS-GO138
5133,MMGDGO1160,Solar,SUDESTE,0.0,-16.704328,-49.623134,aggregate-centroid,uf-centroid:GO,,,CALTA1-GO138
5134,MMGDGO1163,Solar,SUDESTE,0.0,-16.704328,-49.623134,aggregate-centroid,uf-centroid:GO,,,ACREUN-GO138
5135,MMGDGO1164,Solar,SUDESTE,0.0,-16.704328,-49.623134,aggregate-centroid,uf-centroid:GO,,,S.CALD-GO138
5136,MMGDGO1170,Solar,SUDESTE,0.0,-16.704328,-49.623134,aggregate-centroid,uf-centroid:GO,,,AEROP1-GO138
5137,MMGDGO1173,Solar,SUDESTE,0.0,-16.704328,-49.623134,aggregate-centroid,uf-centroid:GO,,,CAMPIN-GO138
5138,MMGDGO1175,Solar,SUDESTE,0.0,-16.704328,-49.623134,aggregate-centroid,uf-centroid:GO,,,FERROV-GO138
5139,MMGDGO1176,Solar,SUDESTE,0.0,-16.704328,-49.623134,aggregate-centroid,uf-centroid:GO,,,REAL-1-GO138
5140,MMGDGO1177,Solar,SUDESTE,0.0,-16.704328,-49.623134,aggregate-centroid,uf-centroid:GO,,,ATLANT-GO138
5141,MMGDGO1178,Solar,SUDESTE,0.0,-16.704328,-49.623134,aggregate-centroid,uf-centroid:GO,,,GLESTE-GO013
5142,MMGDGO1181,Solar,SUDESTE,0.0,-16.704328,-49.623134,aggregate-centroid,uf-centroid:GO,,,MEIAPO-GO138
5143,MMGDGO1182,Solar,SUDESTE,0.0,-16.704328,-49.623134,aggregate-centroid,uf-centroid:GO,,,XAVANT-GO138
5144,MMGDGO1184,Solar,SUDESTE,0.0,-16.704328,-49.623134,aggregate-centroid,uf-centroid:GO,,,GOYA---GO138
5145,MMGDGO1185,Solar,SUDESTE,0.0,-16.704328,-49.623134,aggregate-centroid,uf-centroid:GO,,,ANHANG-GO069
5146,MMGDGO1186,Solar,SUDESTE,0.0,-16.704328,-49.623134,aggregate-centroid,uf-centroid:GO,,,SGENOV-GO138
5147,MMGDGO1188,Solar,SUDESTE,0.0,-16.704328,-49.623134,aggregate-centroid,uf-centroid:GO,,,B.VIST-GO138
5148,MMGDGO1189,Solar,SUDESTE,0.0,-16.704328,-49.623134,aggregate-centroid,uf-centroid:GO,,,PIRESR-GO138
5149,MMGDGO1192,Solar,SUDESTE,0.0,-16.704328,-49.623134,aggregate-centroid,uf-centroid:GO,,,CARAJA-GO138
5150,MMGDGO1195,Solar,SUDESTE,0.0,-16.704328,-49.623134,aggregate-centroid,uf-centroid:GO,,,INDEPE-GO138
5151,MMGDGO1197,Solar,SUDESTE,0.0,-16.704328,-49.623134,aggregate-centroid,uf-centroid:GO,,,TRINDA-GO138
5152,MMGDGO1199,Solar,SUDESTE,0.0,-16.704328,-49.623134,aggregate-centroid,uf-centroid:GO,,,S.CANE-GO138
5153,MMGDGO1200,Solar,SUDESTE,0.0,-16.704328,-49.623134,aggregate-centroid,uf-centroid:GO,,,DIMIC--GO138
5154,MMGDGO1203,Solar,SUDESTE,0.0,-16.704328,-49.623134,aggregate-centroid,uf-centroid:GO,,,ITIQUI-GO138
5155,MMGDGO1204,Solar,SUDESTE,0.0,-16.704328,-49.623134,aggregate-centroid,uf-centroid:GO,,,MARAJO-GO138
5156,MMGDGO1205,Solar,SUDESTE,0.0,-16.704328,-49.623134,aggregate-centroid,uf-centroid:GO,,,PBERND-GO069
5157,MMGDGO1208,Solar,SUDESTE,0.0,-16.704328,-49.623134,aggregate-centroid,uf-centroid:GO,,,PLANA--GO138
5158,MMGDGO1209,Solar,SUDESTE,0.0,-16.704328,-49.623134,aggregate-centroid,uf-centroid:GO,,,ANAPOL-GO138
5159,MMGDGO1210,Solar,SUDESTE,0.0,-16.704328,-49.623134,aggregate-centroid,uf-centroid:GO,,,CORUMB-GO138
5160,MMGDGO1211,Solar,SUDESTE,0.0,-16.704328,-49.623134,aggregate-centroid,uf-centroid:GO,,,DAIA---GO138
5161,MMGDGO1212,Solar,SUDESTE,0.0,-16.704328,-49.623134,aggregate-centroid,uf-centroid:GO,,,JUNDIA-GO138
5162,MMGDGO1216,Solar,SUDESTE,0.0,-16.704328,-49.623134,aggregate-centroid,uf-centroid:GO,,,GOIANE-GO069
5163,MMGDGO1219,Solar,SUDESTE,0.0,-16.704328,-49.623134,aggregate-centroid,uf-centroid:GO,,,MINACU-GO138
5164,MMGDGO1223,Solar,SUDESTE,0.0,-16.704328,-49.623134,aggregate-centroid,uf-centroid:GO,,,ITAPAC-GO069
5165,MMGDGO1225,Solar,SUDESTE,0.0,-16.704328,-49.623134,aggregate-centroid,uf-centroid:GO,,,PACAEM-GO138
5166,MMGDGO1226,Solar,SUDESTE,0.0,-16.704328,-49.623134,aggregate-centroid,uf-centroid:GO,,,PAMPLO-GO138
5167,MMGDGO1227,Solar,SUDESTE,0.0,-16.704328,-49.623134,aggregate-centroid,uf-centroid:GO,,,SJALIA-GO138
5168,MMGDGO1228,Solar,SUDESTE,0.0,-16.704328,-49.623134,aggregate-centroid,uf-centroid:GO,,,FLORES-GO138
5169,MMGDGO1229,Solar,SUDESTE,0.0,-16.704328,-49.623134,aggregate-centroid,uf-centroid:GO,,,IACIAR-GO138
5170,MMGDGO1230,Solar,SUDESTE,0.0,-16.704328,-49.623134,aggregate-centroid,uf-centroid:GO,,,R.VERM-GO138
5171,MMGDGO1231,Solar,SUDESTE,0.0,-16.704328,-49.623134,aggregate-centroid,uf-centroid:GO,,,SANTAN-GO138
5172,MMGDGO1234,Solar,SUDESTE,0.0,-16.704328,-49.623134,aggregate-centroid,uf-centroid:GO,,,ESTREL-GO138
5173,MMGDGO1236,Solar,SUDESTE,0.0,-16.704328,-49.623134,aggregate-centroid,uf-centroid:GO,,,SANTON-GO138
5174,MMGDGO1240,Solar,SUDESTE,0.0,-16.704328,-49.623134,aggregate-centroid,uf-centroid:GO,,,PARANA-GO069
5175,MMGDGO1241,Solar,SUDESTE,0.0,-16.704328,-49.623134,aggregate-centroid,uf-centroid:GO,,,PLANAL-GO069
5176,MMGDGO1242,Solar,SUDESTE,0.0,-16.704328,-49.623134,aggregate-centroid,uf-centroid:GO,,,A.LIND-GO069
5177,MMGDGO1244,Solar,SUDESTE,0.0,-16.704328,-49.623134,aggregate-centroid,uf-centroid:GO,,,PALMEI-GO069
5178,MMGDGO1248,Solar,SUDESTE,0.0,-16.704328,-49.623134,aggregate-centroid,uf-centroid:GO,,,NIQULA-GO034
5179,MMGDGO1253,Solar,SUDESTE,0.0,-16.704328,-49.623134,aggregate-centroid,uf-centroid:GO,,,SERRAO-GO138
5180,MMGDGO1254,Solar,SUDESTE,0.0,-16.704328,-49.623134,aggregate-centroid,uf-centroid:GO,,,SMARCO-GO138
5181,MMGDGO1262,Solar,SUDESTE,0.0,-16.704328,-49.623134,aggregate-centroid,uf-centroid:GO,,,MINEIR-GO138
5182,MMGDGO1267,Solar,SUDESTE,0.0,-16.704328,-49.623134,aggregate-centroid,uf-centroid:GO,,,CRISTA-GO138
5183,MMGDGO1274,Solar,SUDESTE,0.0,-16.704328,-49.623134,aggregate-centroid,uf-centroid:GO,,,IPE----GO138
5184,MMGDGO23304,Solar,SUDESTE,0.0,-16.704328,-49.623134,aggregate-centroid,uf-centroid:GO,,,IPEGUA-GO138
5185,MMGDGO23328,Solar,SUDESTE,0.0,-16.704328,-49.623134,aggregate-centroid,uf-centroid:GO,,,CATALA-GO069
5186,MMGDGO23340,Solar,SUDESTE,0.0,-16.704328,-49.623134,aggregate-centroid,uf-centroid:GO,,,ANHANG-GO013
5187,MMGDGO23349,Solar,SUDESTE,0.0,-16.704328,-49.623134,aggregate-centroid,uf-centroid:GO,,,APAREC-GO138
5188,MMGDGO23350,Solar,SUDESTE,0.0,-16.704328,-49.623134,aggregate-centroid,uf-centroid:GO,,,JARAGU-GO069
5189,MMGDGO23356,Solar,SUDESTE,0.0,-16.704328,-49.623134,aggregate-centroid,uf-centroid:GO,,,VILCOR-GO138
5190,MMGDGO23374,Solar,SUDESTE,0.0,-16.704328,-49.623134,aggregate-centroid,uf-centroid:GO,,,RCLARO-GO069
5191,MMGDGO23375,Solar,SUDESTE,0.0,-16.704328,-49.623134,aggregate-centroid,uf-centroid:GO,,,MONTIV-GO069
5192,MMGDGO23377,Solar,SUDESTE,0.0,-16.704328,-49.623134,aggregate-centroid,uf-centroid:GO,,,JATAI--GO069
5193,MMGDGO23379,Solar,SUDESTE,0.0,-16.704328,-49.623134,aggregate-centroid,uf-centroid:GO,,,S.AZUL-GO069
5194,MMGDGO23382,Solar,SUDESTE,0.0,-16.704328,-49.623134,aggregate-centroid,uf-centroid:GO,,,CHAPAD-GO069
5195,MMGDGO23385,Solar,SUDESTE,0.0,-16.704328,-49.623134,aggregate-centroid,uf-centroid:GO,,,CABRIU-GO069
5196,MMGDGO23387,Solar,SUDESTE,0.0,-16.704328,-49.623134,aggregate-centroid,uf-centroid:GO,,,INHUMA-GO069
5197,MMGDGO23388,Solar,SUDESTE,0.0,-16.704328,-49.623134,aggregate-centroid,uf-centroid:GO,,,ITABER-GO069
5198,MMGDGO23389,Solar,SUDESTE,0.0,-16.704328,-49.623134,aggregate-centroid,uf-centroid:GO,,,ARACU--GO069
5199,MMGDGO23390,Solar,SUDESTE,0.0,-16.704328,-49.623134,aggregate-centroid,uf-centroid:GO,,,PETROL-GO069
5200,MMGDGO23392,Solar,SUDESTE,0.0,-16.704328,-49.623134,aggregate-centroid,uf-centroid:GO,,,ANICUN-GO069
5201,MMGDGO23393,Solar,SUDESTE,0.0,-16.704328,-49.623134,aggregate-centroid,uf-centroid:GO,,,FIRMIN-GO069
5202,MMGDGO23394,Solar,SUDESTE,0.0,-16.704328,-49.623134,aggregate-centroid,uf-centroid:GO,,,SFRANC-GO069
5203,MMGDGO23395,Solar,SUDESTE,0.0,-16.704328,-49.623134,aggregate-centroid,uf-centroid:GO,,,GOIANI-GO069
5204,MMGDGO23397,Solar,SUDESTE,0.0,-16.704328,-49.623134,aggregate-centroid,uf-centroid:GO,,,NEROPO-GO069
5205,MMGDGO23398,Solar,SUDESTE,0.0,-16.704328,-49.623134,aggregate-centroid,uf-centroid:GO,,,GUAPO--GO069
5206,MMGDGO23399,Solar,SUDESTE,0.0,-16.704328,-49.623134,aggregate-centroid,uf-centroid:GO,,,GOIAS--GO069
5207,MMGDGO23400,Solar,SUDESTE,0.0,-16.704328,-49.623134,aggregate-centroid,uf-centroid:GO,,,ITAPUR-GO069
5208,MMGDGO23403,Solar,SUDESTE,0.0,-16.704328,-49.623134,aggregate-centroid,uf-centroid:GO,,,PARAUN-GO069
5209,MMGDGO23503,Solar,SUDESTE,0.0,-16.704328,-49.623134,aggregate-centroid,uf-centroid:GO,,,PORANG-GO069
5210,MMGDGO23504,Solar,SUDESTE,0.0,-16.704328,-49.623134,aggregate-centroid,uf-centroid:GO,,,NPLANA-GO069
5211,MMGDGO23505,Solar,SUDESTE,0.0,-16.704328,-49.623134,aggregate-centroid,uf-centroid:GO,,,SMIGUE-GO069
5212,MMGDGO23506,Solar,SUDESTE,0.0,-16.704328,-49.623134,aggregate-centroid,uf-centroid:GO,,,MARARO-GO069
5213,MMGDGO23507,Solar,SUDESTE,0.0,-16.704328,-49.623134,aggregate-centroid,uf-centroid:GO,,,CAMPIN-GO069
5214,MMGDGO23508,Solar,SUDESTE,0.0,-16.704328,-49.623134,aggregate-centroid,uf-centroid:GO,,,URUAC--GO069
5215,MMGDGO23509,Solar,SUDESTE,0.0,-16.704328,-49.623134,aggregate-centroid,uf-centroid:GO,,,B.ALTO-GO069
5216,MMGDGO23776,Solar,SUDESTE,0.0,-16.704328,-49.623134,aggregate-centroid,uf-centroid:GO,,,STAHEL-GO069
5217,MMGDGO24000,Solar,SUDESTE,0.0,-16.704328,-49.623134,aggregate-centroid,uf-centroid:GO,,,IPORA--GO069
5218,MMGDGO24003,Solar,SUDESTE,0.0,-16.704328,-49.623134,aggregate-centroid,uf-centroid:GO,,,BRITAN-GO069
5219,MMGDGO24004,Solar,SUDESTE,0.0,-16.704328,-49.623134,aggregate-centroid,uf-centroid:GO,,,ARUANA-GO069
5220,MMGDGO24005,Solar,SUDESTE,0.0,-16.704328,-49.623134,aggregate-centroid,uf-centroid:GO,,,FAZCAN-GO069
5221,MMGDGO24006,Solar,SUDESTE,0.0,-16.704328,-49.623134,aggregate-centroid,uf-centroid:GO,,,MATRIN-GO069
5222,MMGDGO24007,Solar,SUDESTE,0.0,-16.704328,-49.623134,aggregate-centroid,uf-centroid:GO,,,JUSSAR-GO069
5249,MMGDMG1526,Solar,SUDESTE,0.0,-19.963030,-43.956315,plant,reference,,,IGARA2-MG138
5250,MMGDMG1540,Solar,SUDESTE,0.0,-18.244445,-44.959397,aggregate-centroid,uf-centroid:MG,,,NLIMA7-MG138
5251,MMGDMG1545,Solar,SUDESTE,0.0,-18.244445,-44.959397,aggregate-centroid,uf-centroid:MG,,,ADELA1-MG138
5252,MMGDMG1546,Solar,SUDESTE,0.0,-18.244445,-44.959397,aggregate-centroid,uf-centroid:MG,,,ATALAI-MG138
5253,MMGDMG1548,Solar,SUDESTE,0.0,-18.244445,-44.959397,aggregate-centroid,uf-centroid:MG,,,BETIM4-MG138
5254,MMGDMG1549,Solar,SUDESTE,0.0,-18.244445,-44.959397,aggregate-centroid,uf-centroid:MG,,,BETIM5-MG138
5255,MMGDMG1550,Solar,SUDESTE,0.0,-18.244445,-44.959397,aggregate-centroid,uf-centroid:MG,,,BETIM2-MG138
5256,MMGDMG1551,Solar,SUDESTE,0.0,-18.244445,-44.959397,aggregate-centroid,uf-centroid:MG,,,BETIM3-MG138
5257,MMGDMG1552,Solar,SUDESTE,0.0,-18.244445,-44.959397,aggregate-centroid,uf-centroid:MG,,,BONSUC-MG138
5258,MMGDMG1553,Solar,SUDESTE,0.0,-18.244445,-44.959397,aggregate-centroid,uf-centroid:MG,,,BPRETO-MG138
5259,MMGDMG1554,Solar,SUDESTE,0.0,-18.244445,-44.959397,aggregate-centroid,uf-centroid:MG,,,CENTR2-MG138
5260,MMGDMG1555,Solar,SUDESTE,0.0,-18.244445,-44.959397,aggregate-centroid,uf-centroid:MG,,,CINCO--MG138
5261,MMGDMG1556,Solar,SUDESTE,0.0,-18.244445,-44.959397,aggregate-centroid,uf-centroid:MG,,,CISLUZ-MG138
5262,MMGDMG1558,Solar,SUDESTE,0.0,-18.244445,-44.959397,aggregate-centroid,uf-centroid:MG,,,CONTA3-MG138
5263,MMGDMG1559,Solar,SUDESTE,0.0,-18.244445,-44.959397,aggregate-centroid,uf-centroid:MG,,,GUTIER-MG138
5264,MMGDMG1560,Solar,SUDESTE,0.0,-18.244445,-44.959397,aggregate-centroid,uf-centroid:MG,,,HORTO--MG138
5265,MMGDMG1561,Solar,SUDESTE,0.0,-18.244445,-44.959397,aggregate-centroid,uf-centroid:MG,,,JATOBA-MG138
5266,MMGDMG1562,Solar,SUDESTE,0.0,-18.244445,-44.959397,aggregate-centroid,uf-centroid:MG,,,SLUZI4-MG138
5267,MMGDMG1563,Solar,SUDESTE,0.0,-18.244445,-44.959397,aggregate-centroid,uf-centroid:MG,,,MARACA-MG138
5268,MMGDMG1564,Solar,SUDESTE,0.0,-18.244445,-44.959397,aggregate-centroid,uf-centroid:MG,,,MATOZI-MG138
5269,MMGDMG1566,Solar,SUDESTE,0.0,-18.244445,-44.959397,aggregate-centroid,uf-centroid:MG,,,NEVES1-MG138
5270,MMGDMG1567,Solar,SUDESTE,0.0,-18.244445,-44.959397,aggregate-centroid,uf-centroid:MG,,,NEVES2-MG138
5271,MMGDMG1568,Solar,SUDESTE,0.0,-18.244445,-44.959397,aggregate-centroid,uf-centroid:MG,,,NEVES3-MG138
5272,MMGDMG1570,Solar,SUDESTE,0.0,-18.244445,-44.959397,aggregate-centroid,uf-centroid:MG,,,NGRANJ-MG138
5273,MMGDMG1571,Solar,SUDESTE,0.0,-18.244445,-44.959397,aggregate-centroid,uf-centroid:MG,,,NLIMA1-MG138
5274,MMGDMG1572,Solar,SUDESTE,0.0,-18.244445,-44.959397,aggregate-centroid,uf-centroid:MG,,,PAMPUL-MG138
5275,MMGDMG1573,Solar,SUDESTE,0.0,-18.244445,-44.959397,aggregate-centroid,uf-centroid:MG,,,PARAOP-MG138
5276,MMGDMG1574,Solar,SUDESTE,0.0,-18.244445,-44.959397,aggregate-centroid,uf-centroid:MG,,,PLEOP3-MG138
5277,MMGDMG1576,Solar,SUDESTE,0.0,-18.244445,-44.959397,aggregate-centroid,uf-centroid:MG,,,SABARA-MG138
5278,MMGDMG1577,Solar,SUDESTE,0.0,-18.244445,-44.959397,aggregate-centroid,uf-centroid:MG,,,SEFIGE-MG138
5279,MMGDMG1578,Solar,SUDESTE,0.0,-18.244445,-44.959397,aggregate-centroid,uf-centroid:MG,,,SION---MG138
5280,MMGDMG1579,Solar,SUDESTE,0.0,-18.244445,-44.959397,aggregate-centroid,uf-centroid:MG,,,SLAGO1-MG138
5281,MMGDMG1580,Solar,SUDESTE,0.0,-18.244445,-44.959397,aggregate-centroid,uf-centroid:MG,,,SLAGO2-MG138
5282,MMGDMG1581,Solar,SUDESTE,0.0,-18.244445,-44.959397,aggregate-centroid,uf-centroid:MG,,,CNCSID-MG138
5283,MMGDMG1582,Solar,SUDESTE,0.0,-18.244445,-44.959397,aggregate-centroid,uf-centroid:MG,,,SLAGO4-MG138
5284,MMGDMG1583,Solar,SUDESTE,0.0,-18.244445,-44.959397,aggregate-centroid,uf-centroid:MG,,,SLUZI1-MG138
5285,MMGDMG1584,Solar,SUDESTE,0.0,-18.244445,-44.959397,aggregate-centroid,uf-centroid:MG,,,SLUZI2-MG138
5286,MMGDMG1585,Solar,SUDESTE,0.0,-18.244445,-44.959397,aggregate-centroid,uf-centroid:MG,,,SMARCO-MG138
5287,MMGDMG1586,Solar,SUDESTE,0.0,-18.244445,-44.959397,aggregate-centroid,uf-centroid:MG,,,SVERDA-MG138
5288,MMGDMG1588,Solar,SUDESTE,0.0,-18.244445,-44.959397,aggregate-centroid,uf-centroid:MG,,,UTIGAR-MG138
5289,MMGDMG1591,Solar,SUDESTE,0.0,-18.244445,-44.959397,aggregate-centroid,uf-centroid:MG,,,BCOCA4-MG138
5290,MMGDMG1592,Solar,SUDESTE,0.0,-18.244445,-44.959397,aggregate-centroid,uf-centroid:MG,,,ESMERA-MG138
5291,MMGDMG1593,Solar,SUDESTE,0.0,-18.244445,-44.959397,aggregate-centroid,uf-centroid:MG,,,CALAFA-MG138
5292,MMGDMG1594,Solar,SUDESTE,0.0,-18.244445,-44.959397,aggregate-centroid,uf-centroid:MG,,,CONTA7-MG138
5293,MMGDMG1595,Solar,SUDESTE,0.0,-18.244445,-44.959397,aggregate-centroid,uf-centroid:MG,,,CONTA4-MG138
5294,MMGDMG1599,Solar,SUDESTE,0.0,-18.244445,-44.959397,aggregate-centroid,uf-centroid:MG,,,NLIMA4-MG138
5295,MMGDMG1607,Solar,SUDESTE,0.0,-18.244445,-44.959397,aggregate-centroid,uf-centroid:MG,,,SGOTA1-MG138
5296,MMGDMG1611,Solar,SUDESTE,0.0,-18.244445,-44.959397,aggregate-centroid,uf-centroid:MG,,,ARACUA-MG138
5297,MMGDMG1614,Solar,SUDESTE,0.0,-18.244445,-44.959397,aggregate-centroid,uf-centroid:MG,,,CAMPAN-MG138
5298,MMGDMG1615,Solar,SUDESTE,0.0,-18.244445,-44.959397,aggregate-centroid,uf-centroid:MG,,,CARATI-MG138
5299,MMGDMG1616,Solar,SUDESTE,0.0,-18.244445,-44.959397,aggregate-centroid,uf-centroid:MG,,,CPENA--MG230
5300,MMGDMG1617,Solar,SUDESTE,0.0,-18.244445,-44.959397,aggregate-centroid,uf-centroid:MG,,,FINOCE-MG138
5301,MMGDMG1618,Solar,SUDESTE,0.0,-18.244445,-44.959397,aggregate-centroid,uf-centroid:MG,,,GVALA2-MG138
5302,MMGDMG1621,Solar,SUDESTE,0.0,-18.244445,-44.959397,aggregate-centroid,uf-centroid:MG,,,INHAP2-MG138
5303,MMGDMG1622,Solar,SUDESTE,0.0,-18.244445,-44.959397,aggregate-centroid,uf-centroid:MG,,,IPATI1-MG138
5304,MMGDMG1624,Solar,SUDESTE,0.0,-18.244445,-44.959397,aggregate-centroid,uf-centroid:MG,,,NAQUE1-MG138
5305,MMGDMG1627,Solar,SUDESTE,0.0,-18.244445,-44.959397,aggregate-centroid,uf-centroid:MG,,,ITAOBI-MG138
5306,MMGDMG1628,Solar,SUDESTE,0.0,-18.244445,-44.959397,aggregate-centroid,uf-centroid:MG,,,JEQUI1-MG138
5307,MMGDMG1629,Solar,SUDESTE,0.0,-18.244445,-44.959397,aggregate-centroid,uf-centroid:MG,,,MANHAA-MG138
5308,MMGDMG1632,Solar,SUDESTE,0.0,-18.244445,-44.959397,aggregate-centroid,uf-centroid:MG,,,PECAN2-MG138
5309,MMGDMG1633,Solar,SUDESTE,0.0,-18.244445,-44.959397,aggregate-centroid,uf-centroid:MG,,,PPARAI-MG138
5310,MMGDMG1634,Solar,SUDESTE,0.0,-18.244445,-44.959397,aggregate-centroid,uf-centroid:MG,,,GVAL2--MG069
5311,MMGDMG1636,Solar,SUDESTE,0.0,-18.244445,-44.959397,aggregate-centroid,uf-centroid:MG,,,TOTON1-MG138
5312,MMGDMG1649,Solar,SUDESTE,0.0,-18.244445,-44.959397,aggregate-centroid,uf-centroid:MG,,,GUANH2-MG138
5313,MMGDMG1651,Solar,SUDESTE,0.0,-18.244445,-44.959397,aggregate-centroid,uf-centroid:MG,,,IPATI2-MG138
5314,MMGDMG1652,Solar,SUDESTE,0.0,-18.244445,-44.959397,aggregate-centroid,uf-centroid:MG,,,SGRAND-MG161
5315,MMGDMG1661,Solar,SUDESTE,0.0,-18.244445,-44.959397,aggregate-centroid,uf-centroid:MG,,,CMINAS-MG138
5316,MMGDMG1667,Solar,SUDESTE,0.0,-18.244445,-44.959397,aggregate-centroid,uf-centroid:MG,,,BARBA2-MG138
5317,MMGDMG1668,Solar,SUDESTE,0.0,-18.244445,-44.959397,aggregate-centroid,uf-centroid:MG,,,BARRO3-MG138
5318,MMGDMG1673,Solar,SUDESTE,0.0,-18.244445,-44.959397,aggregate-centroid,uf-centroid:MG,,,JFORA1-MG138
5319,MMGDMG1675,Solar,SUDESTE,0.0,-18.244445,-44.959397,aggregate-centroid,uf-centroid:MG,,,LAFAI1-MG138
5320,MMGDMG1678,Solar,SUDESTE,0.0,-18.244445,-44.959397,aggregate-centroid,uf-centroid:MG,,,MARIA2-MG138
5321,MMGDMG1679,Solar,SUDESTE,0.0,-18.244445,-44.959397,aggregate-centroid,uf-centroid:MG,,,OPRET1-MG138
5322,MMGDMG1681,Solar,SUDESTE,0.0,-18.244445,-44.959397,aggregate-centroid,uf-centroid:MG,,,PNOVA1-MG138
5323,MMGDMG1682,Solar,SUDESTE,0.0,-18.244445,-44.959397,aggregate-centroid,uf-centroid:MG,,,RACIM4-MG138
5324,MMGDMG1684,Solar,SUDESTE,0.0,-18.244445,-44.959397,aggregate-centroid,uf-centroid:MG,,,SDUMON-MG138
5325,MMGDMG1685,Solar,SUDESTE,0.0,-18.244445,-44.959397,aggregate-centroid,uf-centroid:MG,,,SJDRE1-MG138
5326,MMGDMG1687,Solar,SUDESTE,0.0,-18.244445,-44.959397,aggregate-centroid,uf-centroid:MG,,,PIAU---MG138
5327,MMGDMG1690,Solar,SUDESTE,0.0,-18.244445,-44.959397,aggregate-centroid,uf-centroid:MG,,,VICOSA-MG138
5328,MMGDMG1692,Solar,SUDESTE,0.0,-18.244445,-44.959397,aggregate-centroid,uf-centroid:MG,,,JFORA8-MG138
5329,MMGDMG1693,Solar,SUDESTE,0.0,-18.244445,-44.959397,aggregate-centroid,uf-centroid:MG,,,JFORA2-MG138
5330,MMGDMG1694,Solar,SUDESTE,0.0,-18.244445,-44.959397,aggregate-centroid,uf-centroid:MG,,,JFORA4-MG138
5331,MMGDMG1699,Solar,SUDESTE,0.0,-18.244445,-44.959397,aggregate-centroid,uf-centroid:MG,,,ITABIR-MG138
5332,MMGDMG1712,Solar,SUDESTE,0.0,-18.244445,-44.959397,aggregate-centroid,uf-centroid:MG,,,ARAGU2-MG138
5333,MMGDMG1713,Solar,SUDESTE,0.0,-18.244445,-44.959397,aggregate-centroid,uf-centroid:MG,,,ARAXA1-MG138
5334,MMGDMG1715,Solar,SUDESTE,0.0,-18.244445,-44.959397,aggregate-centroid,uf-centroid:MG,,,AVATIN-MG138
5335,MMGDMG1716,Solar,SUDESTE,0.0,-18.244445,-44.959397,aggregate-centroid,uf-centroid:MG,,,CASSIA-MG138
5336,MMGDMG1717,Solar,SUDESTE,0.0,-18.244445,-44.959397,aggregate-centroid,uf-centroid:MG,,,COROMA-MG138
5337,MMGDMG1718,Solar,SUDESTE,0.0,-18.244445,-44.959397,aggregate-centroid,uf-centroid:MG,,,CPARA2-MG138
5338,MMGDMG1719,Solar,SUDESTE,0.0,-18.244445,-44.959397,aggregate-centroid,uf-centroid:MG,,,FRUTA2-MG138
5339,MMGDMG1720,Solar,SUDESTE,0.0,-18.244445,-44.959397,aggregate-centroid,uf-centroid:MG,,,IBIA2--MG138
5340,MMGDMG1721,Solar,SUDESTE,0.0,-18.244445,-44.959397,aggregate-centroid,uf-centroid:MG,,,IRMINA-MG138
5341,MMGDMG1723,Solar,SUDESTE,0.0,-18.244445,-44.959397,aggregate-centroid,uf-centroid:MG,,,MCARME-MG138
5342,MMGDMG1724,Solar,SUDESTE,0.0,-18.244445,-44.959397,aggregate-centroid,uf-centroid:MG,,,NPONTE-MG138
5343,MMGDMG1725,Solar,SUDESTE,0.0,-18.244445,-44.959397,aggregate-centroid,uf-centroid:MG,,,PASSO1-MG138
5344,MMGDMG1726,Solar,SUDESTE,0.0,-18.244445,-44.959397,aggregate-centroid,uf-centroid:MG,,,PATROC-MG138
5345,MMGDMG1728,Solar,SUDESTE,0.0,-18.244445,-44.959397,aggregate-centroid,uf-centroid:MG,,,PTMIN1-MG138
5346,MMGDMG1729,Solar,SUDESTE,0.0,-18.244445,-44.959397,aggregate-centroid,uf-centroid:MG,,,PTMIN2-MG138
5347,MMGDMG1730,Solar,SUDESTE,0.0,-18.244445,-44.959397,aggregate-centroid,uf-centroid:MG,,,RPARAN-MG138
5348,MMGDMG1731,Solar,SUDESTE,0.0,-18.244445,-44.959397,aggregate-centroid,uf-centroid:MG,,,SACRAM-MG138
5349,MMGDMG1732,Solar,SUDESTE,0.0,-18.244445,-44.959397,aggregate-centroid,uf-centroid:MG,,,SSPARA-MG138
5350,MMGDMG1733,Solar,SUDESTE,0.0,-18.244445,-44.959397,aggregate-centroid,uf-centroid:MG,,,UBERA1-MG138
5351,MMGDMG1735,Solar,SUDESTE,0.0,-18.244445,-44.959397,aggregate-centroid,uf-centroid:MG,,,UBERA3-MG138
5352,MMGDMG1736,Solar,SUDESTE,0.0,-18.244445,-44.959397,aggregate-centroid,uf-centroid:MG,,,UBERA4-MG138
5353,MMGDMG1737,Solar,SUDESTE,0.0,-18.244445,-44.959397,aggregate-centroid,uf-centroid:MG,,,UBERA5-MG138
5354,MMGDMG1738,Solar,SUDESTE,0.0,-18.244445,-44.959397,aggregate-centroid,uf-centroid:MG,,,UBERA6-MG138
5355,MMGDMG1739,Solar,SUDESTE,0.0,-18.244445,-44.959397,aggregate-centroid,uf-centroid:MG,,,UBERL1-MG138
5356,MMGDMG1740,Solar,SUDESTE,0.0,-18.244445,-44.959397,aggregate-centroid,uf-centroid:MG,,,UBERL6-MG138
5357,MMGDMG1741,Solar,SUDESTE,0.0,-18.244445,-44.959397,aggregate-centroid,uf-centroid:MG,,,UBERL7-MG138
5358,MMGDMG1744,Solar,SUDESTE,0.0,-18.244445,-44.959397,aggregate-centroid,uf-centroid:MG,,,EMBORC-MG138
5359,MMGDMG1747,Solar,SUDESTE,0.0,-18.244445,-44.959397,aggregate-centroid,uf-centroid:MG,,,MIRAND-MG138
5360,MMGDMG1770,Solar,SUDESTE,0.0,-18.244445,-44.959397,aggregate-centroid,uf-centroid:MG,,,ARCOS--MG138
5361,MMGDMG1771,Solar,SUDESTE,0.0,-18.244445,-44.959397,aggregate-centroid,uf-centroid:MG,,,BDESP2-MG138
5362,MMGDMG1772,Solar,SUDESTE,0.0,-18.244445,-44.959397,aggregate-centroid,uf-centroid:MG,,,DIVIN1-MG138
5363,MMGDMG1773,Solar,SUDESTE,0.0,-18.244445,-44.959397,aggregate-centroid,uf-centroid:MG,,,DIVIN2-MG138
5364,MMGDMG1775,Solar,SUDESTE,0.0,-18.244445,-44.959397,aggregate-centroid,uf-centroid:MG,,,IGUAT2-MG138
5365,MMGDMG1776,Solar,SUDESTE,0.0,-18.244445,-44.959397,aggregate-centroid,uf-centroid:MG,,,ITAUN1-MG138
5366,MMGDMG1777,Solar,SUDESTE,0.0,-18.244445,-44.959397,aggregate-centroid,uf-centroid:MG,,,MLEME--MG138
5367,MMGDMG1778,Solar,SUDESTE,0.0,-18.244445,-44.959397,aggregate-centroid,uf-centroid:MG,,,NSERR1-MG138
5368,MMGDMG1779,Solar,SUDESTE,0.0,-18.244445,-44.959397,aggregate-centroid,uf-centroid:MG,,,PAINS2-MG138
5369,MMGDMG1781,Solar,SUDESTE,0.0,-18.244445,-44.959397,aggregate-centroid,uf-centroid:MG,,,PINDAI-MG138
5370,MMGDMG1782,Solar,SUDESTE,0.0,-18.244445,-44.959397,aggregate-centroid,uf-centroid:MG,,,PRMIN1-MG138
5371,MMGDMG1784,Solar,SUDESTE,0.0,-18.244445,-44.959397,aggregate-centroid,uf-centroid:MG,,,GAFANH-MG138
5372,MMGDMG1785,Solar,SUDESTE,0.0,-18.244445,-44.959397,aggregate-centroid,uf-centroid:MG,,,CLAUD2-MG138
5373,MMGDMG1800,Solar,SUDESTE,0.0,-18.244445,-44.959397,aggregate-centroid,uf-centroid:MG,,,BOCAIU-MG138
5374,MMGDMG1801,Solar,SUDESTE,0.0,-18.244445,-44.959397,aggregate-centroid,uf-centroid:MG,,,BRASI2-MG138
5375,MMGDMG1802,Solar,SUDESTE,0.0,-18.244445,-44.959397,aggregate-centroid,uf-centroid:MG,,,BURITI-MG138
5376,MMGDMG1803,Solar,SUDESTE,0.0,-18.244445,-44.959397,aggregate-centroid,uf-centroid:MG,,,CORINT-MG138
5377,MMGDMG1804,Solar,SUDESTE,0.0,-18.244445,-44.959397,aggregate-centroid,uf-centroid:MG,,,CURVE2-MG138
5378,MMGDMG1805,Solar,SUDESTE,0.0,-18.244445,-44.959397,aggregate-centroid,uf-centroid:MG,,,DIAMAN-MG138
5379,MMGDMG1806,Solar,SUDESTE,0.0,-18.244445,-44.959397,aggregate-centroid,uf-centroid:MG,,,FRNSA1-MG138
5380,MMGDMG1807,Solar,SUDESTE,0.0,-18.244445,-44.959397,aggregate-centroid,uf-centroid:MG,,,GMOR---MG138
5381,MMGDMG1808,Solar,SUDESTE,0.0,-18.244445,-44.959397,aggregate-centroid,uf-centroid:MG,,,ITACA2-MG138
5382,MMGDMG1809,Solar,SUDESTE,0.0,-18.244445,-44.959397,aggregate-centroid,uf-centroid:MG,,,JANAUB-MG138
5383,MMGDMG1810,Solar,SUDESTE,0.0,-18.244445,-44.959397,aggregate-centroid,uf-centroid:MG,,,JANUA3-MG138
5384,MMGDMG1811,Solar,SUDESTE,0.0,-18.244445,-44.959397,aggregate-centroid,uf-centroid:MG,,,JANUA4-MG138
5385,MMGDMG1812,Solar,SUDESTE,0.0,-18.244445,-44.959397,aggregate-centroid,uf-centroid:MG,,,JEQUIT-MG138
5386,MMGDMG1813,Solar,SUDESTE,0.0,-18.244445,-44.959397,aggregate-centroid,uf-centroid:MG,,,JPINHE-MG138
5387,MMGDMG1814,Solar,SUDESTE,0.0,-18.244445,-44.959397,aggregate-centroid,uf-centroid:MG,,,MANGA3-MG138
5388,MMGDMG1815,Solar,SUDESTE,0.0,-18.244445,-44.959397,aggregate-centroid,uf-centroid:MG,,,MANGA5-MG138
5389,MMGDMG1816,Solar,SUDESTE,0.0,-18.244445,-44.959397,aggregate-centroid,uf-centroid:MG,,,MANGA6-MG138
5390,MMGDMG1817,Solar,SUDESTE,0.0,-18.244445,-44.959397,aggregate-centroid,uf-centroid:MG,,,MCLAR2-MG138
5391,MMGDMG1818,Solar,SUDESTE,0.0,-18.244445,-44.959397,aggregate-centroid,uf-centroid:MG,,,MIRABE-MG138
5392,MMGDMG1819,Solar,SUDESTE,0.0,-18.244445,-44.959397,aggregate-centroid,uf-centroid:MG,,,MOCAMB-MG138
5393,MMGDMG1820,Solar,SUDESTE,0.0,-18.244445,-44.959397,aggregate-centroid,uf-centroid:MG,,,PARAC1-MG138
5394,MMGDMG1821,Solar,SUDESTE,0.0,-18.244445,-44.959397,aggregate-centroid,uf-centroid:MG,,,PARAC5-MG138
5395,MMGDMG1822,Solar,SUDESTE,0.0,-18.244445,-44.959397,aggregate-centroid,uf-centroid:MG,,,PIRAP1-MG138
5396,MMGDMG1823,Solar,SUDESTE,0.0,-18.244445,-44.959397,aggregate-centroid,uf-centroid:MG,,,SALINA-MG138
5397,MMGDMG1826,Solar,SUDESTE,0.0,-18.244445,-44.959397,aggregate-centroid,uf-centroid:MG,,,QUEIMA-MG138
5398,MMGDMG1827,Solar,SUDESTE,0.0,-18.244445,-44.959397,aggregate-centroid,uf-centroid:MG,,,TMARIA-MG138
5399,MMGDMG1828,Solar,SUDESTE,0.0,-18.244445,-44.959397,aggregate-centroid,uf-centroid:MG,,,UNAI2--MG138
5400,MMGDMG1829,Solar,SUDESTE,0.0,-18.244445,-44.959397,aggregate-centroid,uf-centroid:MG,,,UNAI3--MG138
5401,MMGDMG1830,Solar,SUDESTE,0.0,-18.244445,-44.959397,aggregate-centroid,uf-centroid:MG,,,VAZANT-MG138
5402,MMGDMG1831,Solar,SUDESTE,0.0,-18.244445,-44.959397,aggregate-centroid,uf-centroid:MG,,,VPALM1-MG138
5403,MMGDMG1834,Solar,SUDESTE,0.0,-18.244445,-44.959397,aggregate-centroid,uf-centroid:MG,,,MCLAR1-MG138
5404,MMGDMG1858,Solar,SUDESTE,0.0,-18.244445,-44.959397,aggregate-centroid,uf-centroid:MG,,,NRESEN-MG138
5405,MMGDMG1860,Solar,SUDESTE,0.0,-18.244445,-44.959397,aggregate-centroid,uf-centroid:MG,,,ALFEN1-MG138
5406,MMGDMG1862,Solar,SUDESTE,0.0,-18.244445,-44.959397,aggregate-centroid,uf-centroid:MG,,,ANDRA2-MG138
5407,MMGDMG1863,Solar,SUDESTE,0.0,-18.244445,-44.959397,aggregate-centroid,uf-centroid:MG,,,BESPER-MG138
5408,MMGDMG1864,Solar,SUDESTE,0.0,-18.244445,-44.959397,aggregate-centroid,uf-centroid:MG,,,BMATA--MG138
5409,MMGDMG1865,Solar,SUDESTE,0.0,-18.244445,-44.959397,aggregate-centroid,uf-centroid:MG,,,BOTELH-MG138
5410,MMGDMG1866,Solar,SUDESTE,0.0,-18.244445,-44.959397,aggregate-centroid,uf-centroid:MG,,,BRASOP-MG138
5411,MMGDMG1868,Solar,SUDESTE,0.0,-18.244445,-44.959397,aggregate-centroid,uf-centroid:MG,,,CAMBUQ-MG138
5412,MMGDMG1869,Solar,SUDESTE,0.0,-18.244445,-44.959397,aggregate-centroid,uf-centroid:MG,,,CAXAMB-MG138
5413,MMGDMG1871,Solar,SUDESTE,0.0,-18.244445,-44.959397,aggregate-centroid,uf-centroid:MG,,,GUAXU2-MG138
5414,MMGDMG1872,Solar,SUDESTE,0.0,-18.244445,-44.959397,aggregate-centroid,uf-centroid:MG,,,ITAJU1-MG138
5415,MMGDMG1875,Solar,SUDESTE,0.0,-18.244445,-44.959397,aggregate-centroid,uf-centroid:MG,,,SGSAPU-MG138
5416,MMGDMG1876,Solar,SUDESTE,0.0,-18.244445,-44.959397,aggregate-centroid,uf-centroid:MG,,,LAVRA2-MG138
5417,MMGDMG1877,Solar,SUDESTE,0.0,-18.244445,-44.959397,aggregate-centroid,uf-centroid:MG,,,MACHA2-MG138
5418,MMGDMG1878,Solar,SUDESTE,0.0,-18.244445,-44.959397,aggregate-centroid,uf-centroid:MG,,,MFE2---MG138
5419,MMGDMG1879,Solar,SUDESTE,0.0,-18.244445,-44.959397,aggregate-centroid,uf-centroid:MG,,,MINDUR-MG138
5420,MMGDMG1880,Solar,SUDESTE,0.0,-18.244445,-44.959397,aggregate-centroid,uf-centroid:MG,,,MUZAM2-MG138
5421,MMGDMG1881,Solar,SUDESTE,0.0,-18.244445,-44.959397,aggregate-centroid,uf-centroid:MG,,,NEPOMU-MG138
5422,MMGDMG1882,Solar,SUDESTE,0.0,-18.244445,-44.959397,aggregate-centroid,uf-centroid:MG,,,OFINO--MG138
5423,MMGDMG1883,Solar,SUDESTE,0.0,-18.244445,-44.959397,aggregate-centroid,uf-centroid:MG,,,PALEG1-MG138
5424,MMGDMG1884,Solar,SUDESTE,0.0,-18.244445,-44.959397,aggregate-centroid,uf-centroid:MG,,,PALEG2-MG138
5425,MMGDMG1885,Solar,SUDESTE,0.0,-18.244445,-44.959397,aggregate-centroid,uf-centroid:MG,,,PARAGU-MG138
5426,MMGDMG1887,Solar,SUDESTE,0.0,-18.244445,-44.959397,aggregate-centroid,uf-centroid:MG,,,PCALD2-MG138
5427,MMGDMG1888,Solar,SUDESTE,0.0,-18.244445,-44.959397,aggregate-centroid,uf-centroid:MG,,,SLOURE-MG138
5428,MMGDMG1889,Solar,SUDESTE,0.0,-18.244445,-44.959397,aggregate-centroid,uf-centroid:MG,,,SRCALD-MG138
5429,MMGDMG1890,Solar,SUDESTE,0.0,-18.244445,-44.959397,aggregate-centroid,uf-centroid:MG,,,SRSAPU-MG138
5430,MMGDMG1891,Solar,SUDESTE,0.0,-18.244445,-44.959397,aggregate-centroid,uf-centroid:MG,,,TCORA1-MG138
5431,MMGDMG1892,Solar,SUDESTE,0.0,-18.244445,-44.959397,aggregate-centroid,uf-centroid:MG,,,TCORA2-MG138
5432,MMGDMG1893,Solar,SUDESTE,0.0,-18.244445,-44.959397,aggregate-centroid,uf-centroid:MG,,,TPONTA-MG138
5433,MMGDMG1894,Solar,SUDESTE,0.0,-18.244445,-44.959397,aggregate-centroid,uf-centroid:MG,,,FUNIL--MG138
5434,MMGDMG1895,Solar,SUDESTE,0.0,-18.244445,-44.959397,aggregate-centroid,uf-centroid:MG,,,ITUTNB-MG138
5435,MMGDMG1896,Solar,SUDESTE,0.0,-18.244445,-44.959397,aggregate-centroid,uf-centroid:MG,,,VARGI1-MG138
5436,MMGDMG1897,Solar,SUDESTE,0.0,-18.244445,-44.959397,aggregate-centroid,uf-centroid:MG,,,VARGI2-MG138
5437,MMGDMG1898,Solar,SUDESTE,0.0,-18.244445,-44.959397,aggregate-centroid,uf-centroid:MG,,,MSIAO--MG138
5438,MMGDMG1899,Solar,SUDESTE,0.0,-18.244445,-44.959397,aggregate-centroid,uf-centroid:MG,,,PARAIS-MG138
5439,MMGDMG1921,Solar,SUDESTE,0.0,-18.244445,-44.959397,aggregate-centroid,uf-centroid:MG,,,JULIUS-RJ069
5440,MMGDMG1922,Solar,SUDESTE,0.0,-18.244445,-44.959397,aggregate-centroid,uf-centroid:MG,,,TADEU.-RJ069
5441,MMGDMG1923,Solar,SUDESTE,0.0,-18.244445,-44.959397,aggregate-centroid,uf-centroid:MG,,,SUMIDO-RJ069
5442,MMGDMG1926,Solar,SUDESTE,0.0,-18.244445,-44.959397,aggregate-centroid,uf-centroid:MG,,,C.PAUL-RJ069
5443,MMGDMG1927,Solar,SUDESTE,0.0,-18.244445,-44.959397,aggregate-centroid,uf-centroid:MG,,,CONQUI-RJ138
5444,MMGDMG1928,Solar,SUDESTE,0.0,-18.244445,-44.959397,aggregate-centroid,uf-centroid:MG,,,TADEO2-RJ069
5445,MMGDMG2093,Solar,SUDESTE,0.0,-18.244445,-44.959397,aggregate-centroid,uf-centroid:MG,,,LEOPOL-MG069
5446,MMGDMG2095,Solar,SUDESTE,0.0,-18.244445,-44.959397,aggregate-centroid,uf-centroid:MG,,,NUMAUR-MG069
5447,MMGDMG2097,Solar,SUDESTE,0.0,-18.244445,-44.959397,aggregate-centroid,uf-centroid:MG,,,CATAUA-MG069
5448,MMGDMG2098,Solar,SUDESTE,0.0,-18.244445,-44.959397,aggregate-centroid,uf-centroid:MG,,,CATAUB-MG069
5449,MMGDMG2099,Solar,SUDESTE,0.0,-18.244445,-44.959397,aggregate-centroid,uf-centroid:MG,,,LARANJ-MG069
5450,MMGDMG2101,Solar,SUDESTE,0.0,-18.244445,-44.959397,aggregate-centroid,uf-centroid:MG,,,MURIA2-MG069
5451,MMGDMG2102,Solar,SUDESTE,0.0,-18.244445,-44.959397,aggregate-centroid,uf-centroid:MG,,,MURIA1-MG069
5452,MMGDMG2103,Solar,SUDESTE,0.0,-18.244445,-44.959397,aggregate-centroid,uf-centroid:MG,,,ASTODU-MG069
5453,MMGDMG2105,Solar,SUDESTE,0.0,-18.244445,-44.959397,aggregate-centroid,uf-centroid:MG,,,UBA-2--MG069
5454,MMGDMG2106,Solar,SUDESTE,0.0,-18.244445,-44.959397,aggregate-centroid,uf-centroid:MG,,,UBA-1--MG069
5455,MMGDMG2108,Solar,SUDESTE,0.0,-18.244445,-44.959397,aggregate-centroid,uf-centroid:MG,,,VRBRA2-MG069
5456,MMGDMG2109,Solar,SUDESTE,0.0,-18.244445,-44.959397,aggregate-centroid,uf-centroid:MG,,,VRBRA1-MG069
5457,MMGDMG2110,Solar,SUDESTE,0.0,-18.244445,-44.959397,aggregate-centroid,uf-centroid:MG,,,COIMBR-MG069
5458,MMGDMG2111,Solar,SUDESTE,0.0,-18.244445,-44.959397,aggregate-centroid,uf-centroid:MG,,,ITUEREPCH013
5459,MMGDMG2112,Solar,SUDESTE,0.0,-18.244445,-44.959397,aggregate-centroid,uf-centroid:MG,,,TOCANT-MG138
5460,MMGDMG2114,Solar,SUDESTE,0.0,-18.244445,-44.959397,aggregate-centroid,uf-centroid:MG,,,MANHUA-MG069
5461,MMGDMG2115,Solar,SUDESTE,0.0,-18.244445,-44.959397,aggregate-centroid,uf-centroid:MG,,,REALEZ-MG069
5462,MMGDMG2117,Solar,SUDESTE,0.0,-18.244445,-44.959397,aggregate-centroid,uf-centroid:MG,,,MATIPO-MG069
5463,MMGDMG2120,Solar,SUDESTE,0.0,-18.244445,-44.959397,aggregate-centroid,uf-centroid:MG,,,ALEMPA-MG069
5464,MMGDMG2122,Solar,SUDESTE,0.0,-18.244445,-44.959397,aggregate-centroid,uf-centroid:MG,,,ERVALI-MG069
5465,MMGDMG2124,Solar,SUDESTE,0.0,-18.244445,-44.959397,aggregate-centroid,uf-centroid:MG,,,RIONOV-MG069
5466,MMGDMG2127,Solar,SUDESTE,0.0,-18.244445,-44.959397,aggregate-centroid,uf-centroid:MG,,,RODEIR-MG069
5467,MMGDMG2128,Solar,SUDESTE,0.0,-18.244445,-44.959397,aggregate-centroid,uf-centroid:MG,,,GUIRIC-MG069
5468,MMGDMG2130,Solar,SUDESTE,0.0,-18.244445,-44.959397,aggregate-centroid,uf-centroid:MG,,,SM.ANT-MG138
5469,MMGDMG2144,Solar,SUDESTE,0.0,-18.244445,-44.959397,aggregate-centroid,uf-centroid:MG,,,DIVINE-MG069
5470,MMGDMG2147,Solar,SUDESTE,0.0,-18.244445,-44.959397,aggregate-centroid,uf-centroid:MG,,,P.FIAL-MG138
5471,MMGDMG2149,Solar,SUDESTE,0.0,-18.244445,-44.959397,aggregate-centroid,uf-centroid:MG,,,RCO----MG069
5472,MMGDMG2158,Solar,SUDESTE,0.0,-18.244445,-44.959397,aggregate-centroid,uf-centroid:MG,,,UBA3---MG138
5473,MMGDMG2159,Solar,SUDESTE,0.0,-18.244445,-44.959397,aggregate-centroid,uf-centroid:MG,,,MANHU2-MG138
5474,MMGDMG26477,Solar,SUDESTE,0.0,-18.244445,-44.959397,aggregate-centroid,uf-centroid:MG,,,IPAT11-MG013
5475,MMGDMG26481,Solar,SUDESTE,0.0,-18.244445,-44.959397,aggregate-centroid,uf-centroid:MG,,,TIMOTE-MG013
5476,MMGDMG26482,Solar,SUDESTE,0.0,-18.244445,-44.959397,aggregate-centroid,uf-centroid:MG,,,GVALD2-MG013
5477,MMGDMG26492,Solar,SUDESTE,0.0,-18.244445,-44.959397,aggregate-centroid,uf-centroid:MG,,,NEVES5-MG138
5478,MMGDMG26739,Solar,SUDESTE,0.0,-18.244445,-44.959397,aggregate-centroid,uf-centroid:MG,,,JABOT1-MG138
5479,MMGDMG26741,Solar,SUDESTE,0.0,-18.244445,-44.959397,aggregate-centroid,uf-centroid:MG,,,BRUMD2-MG138
5480,MMGDMG26746,Solar,SUDESTE,0.0,-18.244445,-44.959397,aggregate-centroid,uf-centroid:MG,,,ITAMIN-MG138
5481,MMGDMG26787,Solar,SUDESTE,0.0,-18.244445,-44.959397,aggregate-centroid,uf-centroid:MG,,,IBIRI2-MG138
5482,MMGDMG26832,Solar,SUDESTE,0.0,-18.244445,-44.959397,aggregate-centroid,uf-centroid:MG,,,SVERDB-MG138
5483,MMGDMG26842,Solar,SUDESTE,0.0,-18.244445,-44.959397,aggregate-centroid,uf-centroid:MG,,,CCHAG1-MG138
5484,MMGDMG26843,Solar,SUDESTE,0.0,-18.244445,-44.959397,aggregate-centroid,uf-centroid:MG,,,NANUQU-MG138
5485,MMGDMG26844,Solar,SUDESTE,0.0,-18.244445,-44.959397,aggregate-centroid,uf-centroid:MG,,,ITING1-MG138
5486,MMGDMG26894,Solar,SUDESTE,0.0,-18.244445,-44.959397,aggregate-centroid,uf-centroid:MG,,,MNOVA2-MG138
5487,MMGDMG26916,Solar,SUDESTE,0.0,-18.244445,-44.959397,aggregate-centroid,uf-centroid:MG,,,MONLE3-MG069
5488,MMGDMG26917,Solar,SUDESTE,0.0,-18.244445,-44.959397,aggregate-centroid,uf-centroid:MG,,,NERA-1-MG069
5489,MMGDMG26919,Solar,SUDESTE,0.0,-18.244445,-44.959397,aggregate-centroid,uf-centroid:MG,,,ITAB2--MG013
5490,MMGDMG26920,Solar,SUDESTE,0.0,-18.244445,-44.959397,aggregate-centroid,uf-centroid:MG,,,ITABR3-MG069
5491,MMGDMG26928,Solar,SUDESTE,0.0,-18.244445,-44.959397,aggregate-centroid,uf-centroid:MG,,,GVALA1-MG138
5492,MMGDMG26939,Solar,SUDESTE,0.0,-18.244445,-44.959397,aggregate-centroid,uf-centroid:MG,,,CORFAB-MG069
5493,MMGDMG26972,Solar,SUDESTE,0.0,-18.244445,-44.959397,aggregate-centroid,uf-centroid:MG,,,CARANG-MG138
5494,MMGDMG27005,Solar,SUDESTE,0.0,-18.244445,-44.959397,aggregate-centroid,uf-centroid:MG,,,DIVINO-MG138
5495,MMGDMG27032,Solar,SUDESTE,0.0,-18.244445,-44.959397,aggregate-centroid,uf-centroid:MG,,,CAPEL2-MG138
5496,MMGDMG27034,Solar,SUDESTE,0.0,-18.244445,-44.959397,aggregate-centroid,uf-centroid:MG,,,ITABR6-MG069
5497,MMGDMG27051,Solar,SUDESTE,0.0,-18.244445,-44.959397,aggregate-centroid,uf-centroid:MG,,,IBIRAC-MG013
5498,MMGDMG27062,Solar,SUDESTE,0.0,-18.244445,-44.959397,aggregate-centroid,uf-centroid:MG,,,VGRAN1-MG138
5499,MMGDMG27145,Solar,SUDESTE,0.0,-18.244445,-44.959397,aggregate-centroid,uf-centroid:MG,,,CARAN3-MG138
5500,MMGDMG27153,Solar,SUDESTE,0.0,-18.244445,-44.959397,aggregate-centroid,uf-centroid:MG,,,MURTIN-MG138
5501,MMGDMG27171,Solar,SUDESTE,0.0,-18.244445,-44.959397,aggregate-centroid,uf-centroid:MG,,,BARBA1-MG138
5502,MMGDMG27203,Solar,SUDESTE,0.0,-18.244445,-44.959397,aggregate-centroid,uf-centroid:MG,,,JEQERI-MG138
5503,MMGDMG27210,Solar,SUDESTE,0.0,-18.244445,-44.959397,aggregate-centroid,uf-centroid:MG,,,VICOS2-MG138
5504,MMGDMG27212,Solar,SUDESTE,0.0,-18.244445,-44.959397,aggregate-centroid,uf-centroid:MG,,,CONGO2-MG138
5505,MMGDMG27217,Solar,SUDESTE,0.0,-18.244445,-44.959397,aggregate-centroid,uf-centroid:MG,,,OPRET5-MG138
5506,MMGDMG27231,Solar,SUDESTE,0.0,-18.244445,-44.959397,aggregate-centroid,uf-centroid:MG,,,RPARA2-MG138
5507,MMGDMG27234,Solar,SUDESTE,0.0,-18.244445,-44.959397,aggregate-centroid,uf-centroid:MG,,,SERYA--MG138
5508,MMGDMG27235,Solar,SUDESTE,0.0,-18.244445,-44.959397,aggregate-centroid,uf-centroid:MG,,,ITAPA1-MG138
5509,MMGDMG27237,Solar,SUDESTE,0.0,-18.244445,-44.959397,aggregate-centroid,uf-centroid:MG,,,PATRC3-MG138
5510,MMGDMG27241,Solar,SUDESTE,0.0,-18.244445,-44.959397,aggregate-centroid,uf-centroid:MG,,,C.ALTO-MG138
5511,MMGDMG27245,Solar,SUDESTE,0.0,-18.244445,-44.959397,aggregate-centroid,uf-centroid:MG,,,CVRDE2-MG138
5512,MMGDMG27252,Solar,SUDESTE,0.0,-18.244445,-44.959397,aggregate-centroid,uf-centroid:MG,,,ITURA1-MG138
5513,MMGDMG27255,Solar,SUDESTE,0.0,-18.244445,-44.959397,aggregate-centroid,uf-centroid:MG,,,VPONTA-MG138
5514,MMGDMG27257,Solar,SUDESTE,0.0,-18.244445,-44.959397,aggregate-centroid,uf-centroid:MG,,,SVITOR-MG138
5515,MMGDMG27260,Solar,SUDESTE,0.0,-18.244445,-44.959397,aggregate-centroid,uf-centroid:MG,,,PLANRA-MG138
5516,MMGDMG27271,Solar,SUDESTE,0.0,-18.244445,-44.959397,aggregate-centroid,uf-centroid:MG,,,UBERL2-MG138
5517,MMGDMG27304,Solar,SUDESTE,0.0,-18.244445,-44.959397,aggregate-centroid,uf-centroid:MG,,,ITUIUT-MG138
5518,MMGDMG27314,Solar,SUDESTE,0.0,-18.244445,-44.959397,aggregate-centroid,uf-centroid:MG,,,FRUTA1-MG138
5519,MMGDMG27337,Solar,SUDESTE,0.0,-18.244445,-44.959397,aggregate-centroid,uf-centroid:MG,,,CGOMES-MG138
5520,MMGDMG27353,Solar,SUDESTE,0.0,-18.244445,-44.959397,aggregate-centroid,uf-centroid:MG,,,PRATA1-MG138
5521,MMGDMG27354,Solar,SUDESTE,0.0,-18.244445,-44.959397,aggregate-centroid,uf-centroid:MG,,,PRATA2-MG138
5522,MMGDMG27371,Solar,SUDESTE,0.0,-18.244445,-44.959397,aggregate-centroid,uf-centroid:MG,,,ADMSAD-MG138
5523,MMGDMG27379,Solar,SUDESTE,0.0,-18.244445,-44.959397,aggregate-centroid,uf-centroid:MG,,,NPONT2-MG138
5524,MMGDMG27384,Solar,SUDESTE,0.0,-18.244445,-44.959397,aggregate-centroid,uf-centroid:MG,,,LFRMS2-MG138
5525,MMGDMG27404,Solar,SUDESTE,0.0,-18.244445,-44.959397,aggregate-centroid,uf-centroid:MG,,,COROM2-MG138
5526,MMGDMG27408,Solar,SUDESTE,0.0,-18.244445,-44.959397,aggregate-centroid,uf-centroid:MG,,,UBERL9-MG138
5527,MMGDMG27409,Solar,SUDESTE,0.0,-18.244445,-44.959397,aggregate-centroid,uf-centroid:MG,,,DIVIN3-MG138
5528,MMGDMG27441,Solar,SUDESTE,0.0,-18.244445,-44.959397,aggregate-centroid,uf-centroid:MG,,,NSERR2-MG138
5529,MMGDMG27499,Solar,SUDESTE,0.0,-18.244445,-44.959397,aggregate-centroid,uf-centroid:MG,,,PIUMHI-MG138
5530,MMGDMG27501,Solar,SUDESTE,0.0,-18.244445,-44.959397,aggregate-centroid,uf-centroid:MG,,,LPRATA-MG138
5531,MMGDMG27511,Solar,SUDESTE,0.0,-18.244445,-44.959397,aggregate-centroid,uf-centroid:MG,,,ITATI1-MG138
5532,MMGDMG27549,Solar,SUDESTE,0.0,-18.244445,-44.959397,aggregate-centroid,uf-centroid:MG,,,HEINKE-MG138
5533,MMGDMG27557,Solar,SUDESTE,0.0,-18.244445,-44.959397,aggregate-centroid,uf-centroid:MG,,,SSOEST-MG138
5534,MMGDMG27572,Solar,SUDESTE,0.0,-18.244445,-44.959397,aggregate-centroid,uf-centroid:MG,,,UNAI5--MG138
5535,MMGDMG27573,Solar,SUDESTE,0.0,-18.244445,-44.959397,aggregate-centroid,uf-centroid:MG,,,BURIT1-MG138
5536,MMGDMG27574,Solar,SUDESTE,0.0,-18.244445,-44.959397,aggregate-centroid,uf-centroid:MG,,,URUCU1-MG138
5537,MMGDMG27575,Solar,SUDESTE,0.0,-18.244445,-44.959397,aggregate-centroid,uf-centroid:MG,,,PARC12-MG138
5538,MMGDMG27590,Solar,SUDESTE,0.0,-18.244445,-44.959397,aggregate-centroid,uf-centroid:MG,,,PARAC7-MG138
5539,MMGDMG27591,Solar,SUDESTE,0.0,-18.244445,-44.959397,aggregate-centroid,uf-centroid:MG,,,PARAC2-MG138
5540,MMGDMG27602,Solar,SUDESTE,0.0,-18.244445,-44.959397,aggregate-centroid,uf-centroid:MG,,,SSALIT-MG138
5541,MMGDMG27608,Solar,SUDESTE,0.0,-18.244445,-44.959397,aggregate-centroid,uf-centroid:MG,,,MCLAR4-MG138
5542,MMGDMG27619,Solar,SUDESTE,0.0,-18.244445,-44.959397,aggregate-centroid,uf-centroid:MG,,,FRNSA2-MG138
5543,MMGDMG27620,Solar,SUDESTE,0.0,-18.244445,-44.959397,aggregate-centroid,uf-centroid:MG,,,FORMG2-MG138
5544,MMGDMG27621,Solar,SUDESTE,0.0,-18.244445,-44.959397,aggregate-centroid,uf-centroid:MG,,,SROMAO-MG138
5545,MMGDMG27630,Solar,SUDESTE,0.0,-18.244445,-44.959397,aggregate-centroid,uf-centroid:MG,,,PORTEI-MG138
5546,MMGDMG27684,Solar,SUDESTE,0.0,-18.244445,-44.959397,aggregate-centroid,uf-centroid:MG,,,CONFI1-MG138
5547,MMGDMG27687,Solar,SUDESTE,0.0,-18.244445,-44.959397,aggregate-centroid,uf-centroid:MG,,,LONTRA-MG138
5548,MMGDMG27694,Solar,SUDESTE,0.0,-18.244445,-44.959397,aggregate-centroid,uf-centroid:MG,,,FRNSA3-MG138
5549,MMGDMG27695,Solar,SUDESTE,0.0,-18.244445,-44.959397,aggregate-centroid,uf-centroid:MG,,,SERRAN-MG138
5550,MMGDMG27748,Solar,SUDESTE,0.0,-18.244445,-44.959397,aggregate-centroid,uf-centroid:MG,,,PARAC8-MG138
5551,MMGDMG27901,Solar,SUDESTE,0.0,-18.244445,-44.959397,aggregate-centroid,uf-centroid:MG,,,MALEGRUTE013
5552,MMGDMG27908,Solar,SUDESTE,0.0,-18.244445,-44.959397,aggregate-centroid,uf-centroid:MG,,,EMEDES-MG138
5553,MMGDMG27924,Solar,SUDESTE,0.0,-18.244445,-44.959397,aggregate-centroid,uf-centroid:MG,,,COQUEI-MG138
5554,MMGDMG27930,Solar,SUDESTE,0.0,-18.244445,-44.959397,aggregate-centroid,uf-centroid:MG,,,ILICIN-MG138
5555,MMGDMG29052,Solar,SUDESTE,0.0,-18.244445,-44.959397,aggregate-centroid,uf-centroid:MG,,,CANAA--MG138
5556,MMGDMG29053,Solar,SUDESTE,0.0,-18.244445,-44.959397,aggregate-centroid,uf-centroid:MG,,,MURIA3-MG138
5557,MMGDMG29054,Solar,SUDESTE,0.0,-18.244445,-44.959397,aggregate-centroid,uf-centroid:MG,,,MSOARE-MG069
5558,MMGDMG29056,Solar,SUDESTE,0.0,-18.244445,-44.959397,aggregate-centroid,uf-centroid:MG,,,CENTE2-RJ138
5559,MMGDMG40390,Solar,SUDESTE,0.0,-18.244445,-44.959397,aggregate-centroid,uf-centroid:MG,,,TUPAC-UTE013
5560,MMGDMS40339,Solar,SUDESTE,0.0,-18.718351,-56.525518,aggregate-centroid,uf-centroid:MS,,,CRICA--MS138
5561,MMGDMS49052,Solar,SUDESTE,0.0,-18.718351,-56.525518,aggregate-centroid,uf-centroid:MS,,,STALU2-MS034
5562,MMGDMS49057,Solar,SUDESTE,0.0,-18.718351,-56.525518,aggregate-centroid,uf-centroid:MS,,,RIBASR-MS138
5563,MMGDMS49084,Solar,SUDESTE,0.0,-18.718351,-56.525518,aggregate-centroid,uf-centroid:MS,,,MUNOVO-MS138
5564,MMGDMS8366,Solar,SUDESTE,0.0,-18.718351,-56.525518,aggregate-centroid,uf-centroid:MS,,,ACLARA-MS138
5565,MMGDMS8374,Solar,SUDESTE,0.0,-18.718351,-56.525518,aggregate-centroid,uf-centroid:MS,,,PREDON-MS138
5566,MMGDMS8375,Solar,SUDESTE,0.0,-18.718351,-56.525518,aggregate-centroid,uf-centroid:MS,,,BANDMS-MS138
5567,MMGDMS8378,Solar,SUDESTE,0.0,-18.718351,-56.525518,aggregate-centroid,uf-centroid:MS,,,AMAMBA-MS138
5568,MMGDMS8379,Solar,SUDESTE,0.0,-18.718351,-56.525518,aggregate-centroid,uf-centroid:MS,,,VICENT-MS069
5569,MMGDMS8380,Solar,SUDESTE,0.0,-18.718351,-56.525518,aggregate-centroid,uf-centroid:MS,,,CAMRUR-MS138
5570,MMGDMS8397,Solar,SUDESTE,0.0,-18.718351,-56.525518,aggregate-centroid,uf-centroid:MS,,,ATABOA-MS138
5571,MMGDMS8403,Solar,SUDESTE,0.0,-18.718351,-56.525518,aggregate-centroid,uf-centroid:MS,,,AQUIDA-MS138
5572,MMGDMS8418,Solar,SUDESTE,0.0,-18.718351,-56.525518,aggregate-centroid,uf-centroid:MS,,,AMIRAN-MS069
5573,MMGDMS8419,Solar,SUDESTE,0.0,-18.718351,-56.525518,aggregate-centroid,uf-centroid:MS,,,BONIT1-MS069
5574,MMGDMS8440,Solar,SUDESTE,0.0,-18.718351,-56.525518,aggregate-centroid,uf-centroid:MS,,,CAMAPU-MS138
5575,MMGDMS8443,Solar,SUDESTE,0.0,-18.718351,-56.525518,aggregate-centroid,uf-centroid:MS,,,CAARAP-MS069
5576,MMGDMS8450,Solar,SUDESTE,0.0,-18.718351,-56.525518,aggregate-centroid,uf-centroid:MS,,,CASSIL-MS138
5577,MMGDMS8454,Solar,SUDESTE,0.0,-18.718351,-56.525518,aggregate-centroid,uf-centroid:MS,,,CGPARQ-MS138
5578,MMGDMS8456,Solar,SUDESTE,0.0,-18.718351,-56.525518,aggregate-centroid,uf-centroid:MS,,,CGALMO-MS138
5579,MMGDMS8461,Solar,SUDESTE,0.0,-18.718351,-56.525518,aggregate-centroid,uf-centroid:MS,,,CGSCAF-MS138
5580,MMGDMS8465,Solar,SUDESTE,0.0,-18.718351,-56.525518,aggregate-centroid,uf-centroid:MS,,,CGCENT-MS138
5581,MMGDMS8469,Solar,SUDESTE,0.0,-18.718351,-56.525518,aggregate-centroid,uf-centroid:MS,,,CGCUIA-MS138
5582,MMGDMS8477,Solar,SUDESTE,0.0,-18.718351,-56.525518,aggregate-centroid,uf-centroid:MS,,,CGINDU-MS138
5583,MMGDMS8482,Solar,SUDESTE,0.0,-18.718351,-56.525518,aggregate-centroid,uf-centroid:MS,,,CGJABR-MS138
5584,MMGDMS8486,Solar,SUDESTE,0.0,-18.718351,-56.525518,aggregate-centroid,uf-centroid:MS,,,CGMCOU-MS138
5585,MMGDMS8489,Solar,SUDESTE,0.0,-18.718351,-56.525518,aggregate-centroid,uf-centroid:MS,,,CGPROG-MS138
5586,MMGDMS8490,Solar,SUDESTE,0.0,-18.718351,-56.525518,aggregate-centroid,uf-centroid:MS,,,CGTama-MS138
5587,MMGDMS8492,Solar,SUDESTE,0.0,-18.718351,-56.525518,aggregate-centroid,uf-centroid:MS,,,CHAPAD-MS138
5588,MMGDMS8495,Solar,SUDESTE,0.0,-18.718351,-56.525518,aggregate-centroid,uf-centroid:MS,,,PMURTI-MS138
5589,MMGDMS8506,Solar,SUDESTE,0.0,-18.718351,-56.525518,aggregate-centroid,uf-centroid:MS,,,CORUMB-MS138
5590,MMGDMS8511,Solar,SUDESTE,0.0,-18.718351,-56.525518,aggregate-centroid,uf-centroid:MS,,,COXIM--MS138
5591,MMGDMS8515,Solar,SUDESTE,0.0,-18.718351,-56.525518,aggregate-centroid,uf-centroid:MS,,,CRUZAL-MS138
5592,MMGDMS8518,Solar,SUDESTE,0.0,-18.718351,-56.525518,aggregate-centroid,uf-centroid:MS,,,DALVOR-MS138
5593,MMGDMS8521,Solar,SUDESTE,0.0,-18.718351,-56.525518,aggregate-centroid,uf-centroid:MS,,,DOUIND-MS138
5594,MMGDMS8524,Solar,SUDESTE,0.0,-18.718351,-56.525518,aggregate-centroid,uf-centroid:MS,,,DMAXWE-MS138
5595,MMGDMS8531,Solar,SUDESTE,0.0,-18.718351,-56.525518,aggregate-centroid,uf-centroid:MS,,,DEODAP-MS069
5596,MMGDMS8535,Solar,SUDESTE,0.0,-18.718351,-56.525518,aggregate-centroid,uf-centroid:MS,,,DNACOE-MS138
5597,MMGDMS8542,Solar,SUDESTE,0.0,-18.718351,-56.525518,aggregate-centroid,uf-centroid:MS,,,ELDOAA-MS138
5598,MMGDMS8546,Solar,SUDESTE,0.0,-18.718351,-56.525518,aggregate-centroid,uf-centroid:MS,,,FATIMA-MS069
5599,MMGDMS8554,Solar,SUDESTE,0.0,-18.718351,-56.525518,aggregate-centroid,uf-centroid:MS,,,GLORIA-MS069
5600,MMGDMS8557,Solar,SUDESTE,0.0,-18.718351,-56.525518,aggregate-centroid,uf-centroid:MS,,,IGUATE-MS138
5601,MMGDMS8573,Solar,SUDESTE,0.0,-18.718351,-56.525518,aggregate-centroid,uf-centroid:MS,,,IVINHE-MS069
5602,MMGDMS8582,Solar,SUDESTE,0.0,-18.718351,-56.525518,aggregate-centroid,uf-centroid:MS,,,JARDIM-MS138
5603,MMGDMS8586,Solar,SUDESTE,0.0,-18.718351,-56.525518,aggregate-centroid,uf-centroid:MS,,,CGLAGE-MS138
5604,MMGDMS8591,Solar,SUDESTE,0.0,-18.718351,-56.525518,aggregate-centroid,uf-centroid:MS,,,MARACA-MS138
5605,MMGDMS8598,Solar,SUDESTE,0.0,-18.718351,-56.525518,aggregate-centroid,uf-centroid:MS,,,MIMOSO-MS138
5606,MMGDMS8605,Solar,SUDESTE,0.0,-18.718351,-56.525518,aggregate-centroid,uf-centroid:MS,,,MIRAND-MS138
5607,MMGDMS8611,Solar,SUDESTE,0.0,-18.718351,-56.525518,aggregate-centroid,uf-centroid:MS,,,NANDRA-MS138
5608,MMGDMS8615,Solar,SUDESTE,0.0,-18.718351,-56.525518,aggregate-centroid,uf-centroid:MS,,,NAMERI-MS069
5609,MMGDMS8618,Solar,SUDESTE,0.0,-18.718351,-56.525518,aggregate-centroid,uf-centroid:MS,,,NAVIRA-MS138
5610,MMGDMS8627,Solar,SUDESTE,0.0,-18.718351,-56.525518,aggregate-centroid,uf-centroid:MS,,,POVIDI-MS069
5611,MMGDMS8637,Solar,SUDESTE,0.0,-18.718351,-56.525518,aggregate-centroid,uf-centroid:MS,,,PTPORA-MS138
5612,MMGDMS8639,Solar,SUDESTE,0.0,-18.718351,-56.525518,aggregate-centroid,uf-centroid:MS,,,FAZITA-MS138
5613,MMGDMS8648,Solar,SUDESTE,0.0,-18.718351,-56.525518,aggregate-centroid,uf-centroid:MS,,,PARANA-MS138
5614,MMGDMS8655,Solar,SUDESTE,0.0,-18.718351,-56.525518,aggregate-centroid,uf-centroid:MS,,,RBRILH-MS138
5615,MMGDMS8666,Solar,SUDESTE,0.0,-18.718351,-56.525518,aggregate-centroid,uf-centroid:MS,,,RIOVER-MS138
5616,MMGDMS8676,Solar,SUDESTE,0.0,-18.718351,-56.525518,aggregate-centroid,uf-centroid:MS,,,SGABRI-MS138
5617,MMGDMS8686,Solar,SUDESTE,0.0,-18.718351,-56.525518,aggregate-centroid,uf-centroid:MS,,,ACARAC-MS138
5618,MMGDMS8691,Solar,SUDESTE,0.0,-18.718351,-56.525518,aggregate-centroid,uf-centroid:MS,,,SIDRLA-MS138
5619,MMGDMS8705,Solar,SUDESTE,0.0,-18.718351,-56.525518,aggregate-centroid,uf-centroid:MS,,,SECVAL-MS138
5620,MMGDMT1291,Solar,SUDESTE,0.0,-15.604948,-56.158915,plant,reference,,,COXIPO-MT138
5621,MMGDMT1293,Solar,SUDESTE,0.0,-14.294069,-56.290676,aggregate-centroid,uf-centroid:MT,,,B-DURO-MT138
5622,MMGDMT1295,Solar,SUDESTE,0.0,-14.294069,-56.290676,aggregate-centroid,uf-centroid:MT,,,VGRAND-MT138
5623,MMGDMT1297,Solar,SUDESTE,0.0,-14.294069,-56.290676,aggregate-centroid,uf-centroid:MT,,,C-ALTA-MT138
5624,MMGDMT1300,Solar,SUDESTE,0.0,-14.294069,-56.290676,aggregate-centroid,uf-centroid:MT,,,C-P-A--MT138
5625,MMGDMT1302,Solar,SUDESTE,0.0,-14.294069,-56.290676,aggregate-centroid,uf-centroid:MT,,,CRIREI-MT138
5626,MMGDMT1304,Solar,SUDESTE,0.0,-14.294069,-56.290676,aggregate-centroid,uf-centroid:MT,,,RODOVI-MT138
5627,MMGDMT1306,Solar,SUDESTE,0.0,-14.294069,-56.290676,aggregate-centroid,uf-centroid:MT,,,TREVOL-MT138
5628,MMGDMT1309,Solar,SUDESTE,0.0,-14.294069,-56.290676,aggregate-centroid,uf-centroid:MT,,,C-VERD-MT138
5629,MMGDMT1310,Solar,SUDESTE,0.0,-14.294069,-56.290676,aggregate-centroid,uf-centroid:MT,,,PRIMAV-MT138
5630,MMGDMT1311,Solar,SUDESTE,0.0,-14.294069,-56.290676,aggregate-centroid,uf-centroid:MT,,,PRIMRU-MT138
5631,MMGDMT1312,Solar,SUDESTE,0.0,-14.294069,-56.290676,aggregate-centroid,uf-centroid:MT,,,PARAAA-MT138
5632,MMGDMT1316,Solar,SUDESTE,0.0,-14.294069,-56.290676,aggregate-centroid,uf-centroid:MT,,,JACIAR-MT138
5633,MMGDMT1317,Solar,SUDESTE,0.0,-14.294069,-56.290676,aggregate-centroid,uf-centroid:MT,,,RONDON-MT138
5634,MMGDMT1319,Solar,SUDESTE,0.0,-14.294069,-56.290676,aggregate-centroid,uf-centroid:MT,,,ROND-R-MT034
5635,MMGDMT1320,Solar,SUDESTE,0.0,-14.294069,-56.290676,aggregate-centroid,uf-centroid:MT,,,RODCEN-MT138
5636,MMGDMT1322,Solar,SUDESTE,0.0,-14.294069,-56.290676,aggregate-centroid,uf-centroid:MT,,,SOZINH-MT138
5637,MMGDMT1323,Solar,SUDESTE,0.0,-14.294069,-56.290676,aggregate-centroid,uf-centroid:MT,,,PETRVA-MT138
5638,MMGDMT1326,Solar,SUDESTE,0.0,-14.294069,-56.290676,aggregate-centroid,uf-centroid:MT,,,CANGAS-MT138
5639,MMGDMT1331,Solar,SUDESTE,0.0,-14.294069,-56.290676,aggregate-centroid,uf-centroid:MT,,,B.PEIX-MT138
5640,MMGDMT1332,Solar,SUDESTE,0.0,-14.294069,-56.290676,aggregate-centroid,uf-centroid:MT,,,B-GARC-MT138
5641,MMGDMT1333,Solar,SUDESTE,0.0,-14.294069,-56.290676,aggregate-centroid,uf-centroid:MT,,,NXAVAN-MT138
5642,MMGDMT1334,Solar,SUDESTE,0.0,-14.294069,-56.290676,aggregate-centroid,uf-centroid:MT,,,A-BOA1-MT138
5643,MMGDMT1335,Solar,SUDESTE,0.0,-14.294069,-56.290676,aggregate-centroid,uf-centroid:MT,,,CANARA-MT138
5644,MMGDMT1336,Solar,SUDESTE,0.0,-14.294069,-56.290676,aggregate-centroid,uf-centroid:MT,,,QUEREN-MT138
5645,MMGDMT1337,Solar,SUDESTE,0.0,-14.294069,-56.290676,aggregate-centroid,uf-centroid:MT,,,ALTBVI-MT138
5646,MMGDMT1338,Solar,SUDESTE,0.0,-14.294069,-56.290676,aggregate-centroid,uf-centroid:MT,,,CONFRE-MT138
5647,MMGDMT1339,Solar,SUDESTE,0.0,-14.294069,-56.290676,aggregate-centroid,uf-centroid:MT,,,VILARI-MT138
5648,MMGDMT1340,Solar,SUDESTE,0.0,-14.294069,-56.290676,aggregate-centroid,uf-centroid:MT,,,POCONE-MT138
5649,MMGDMT1341,Solar,SUDESTE,0.0,-14.294069,-56.290676,aggregate-centroid,uf-centroid:MT,,,CACERE-MT138
5650,MMGDMT1342,Solar,SUDESTE,0.0,-14.294069,-56.290676,aggregate-centroid,uf-centroid:MT,,,QMARCO-MT138
5651,MMGDMT1343,Solar,SUDESTE,0.0,-14.294069,-56.290676,aggregate-centroid,uf-centroid:MT,,,ARAPUT-MT138
5652,MMGDMT1345,Solar,SUDESTE,0.0,-14.294069,-56.290676,aggregate-centroid,uf-centroid:MT,,,PLACER-MT138
5653,MMGDMT1346,Solar,SUDESTE,0.0,-14.294069,-56.290676,aggregate-centroid,uf-centroid:MT,,,MINERA-MT138
5654,MMGDMT1347,Solar,SUDESTE,0.0,-14.294069,-56.290676,aggregate-centroid,uf-centroid:MT,,,COMODO-MT138
5655,MMGDMT1350,Solar,SUDESTE,0.0,-14.294069,-56.290676,aggregate-centroid,uf-centroid:MT,,,ITAQU--MT138
5656,MMGDMT1351,Solar,SUDESTE,0.0,-14.294069,-56.290676,aggregate-centroid,uf-centroid:MT,,,NOBRES-MT138
5657,MMGDMT1355,Solar,SUDESTE,0.0,-14.294069,-56.290676,aggregate-centroid,uf-centroid:MT,,,DENISE-MT069
5658,MMGDMT1356,Solar,SUDESTE,0.0,-14.294069,-56.290676,aggregate-centroid,uf-centroid:MT,,,TANGAR-MT138
5659,MMGDMT1358,Solar,SUDESTE,0.0,-14.294069,-56.290676,aggregate-centroid,uf-centroid:MT,,,ITNORT-MT069
5660,MMGDMT1359,Solar,SUDESTE,0.0,-14.294069,-56.290676,aggregate-centroid,uf-centroid:MT,,,DIAMAN-MT138
5661,MMGDMT1361,Solar,SUDESTE,0.0,-14.294069,-56.290676,aggregate-centroid,uf-centroid:MT,,,BBUGRE-MT069
5662,MMGDMT1363,Solar,SUDESTE,0.0,-14.294069,-56.290676,aggregate-centroid,uf-centroid:MT,,,NOLIMP-MT069
5663,MMGDMT1366,Solar,SUDESTE,0.0,-14.294069,-56.290676,aggregate-centroid,uf-centroid:MT,,,JANGAD-MT138
5664,MMGDMT1370,Solar,SUDESTE,0.0,-14.294069,-56.290676,aggregate-centroid,uf-centroid:MT,,,CAMPON-MT138
5665,MMGDMT1372,Solar,SUDESTE,0.0,-14.294069,-56.290676,aggregate-centroid,uf-centroid:MT,,,SAPEZA-MT138
5666,MMGDMT1373,Solar,SUDESTE,0.0,-14.294069,-56.290676,aggregate-centroid,uf-centroid:MT,,,BRASNO-MT138
5667,MMGDMT1375,Solar,SUDESTE,0.0,-14.294069,-56.290676,aggregate-centroid,uf-centroid:MT,,,JUARA--MT138
5668,MMGDMT1376,Solar,SUDESTE,0.0,-14.294069,-56.290676,aggregate-centroid,uf-centroid:MT,,,JUINA--MT138
5669,MMGDMT1377,Solar,SUDESTE,0.0,-14.294069,-56.290676,aggregate-centroid,uf-centroid:MT,,,STA-RI-MT138
5670,MMGDMT1378,Solar,SUDESTE,0.0,-14.294069,-56.290676,aggregate-centroid,uf-centroid:MT,,,BESPER-MT138
5671,MMGDMT1380,Solar,SUDESTE,0.0,-14.294069,-56.290676,aggregate-centroid,uf-centroid:MT,,,N-MUTU-MT069
5672,MMGDMT1381,Solar,SUDESTE,0.0,-14.294069,-56.290676,aggregate-centroid,uf-centroid:MT,,,SJRCLA-MT138
5673,MMGDMT1383,Solar,SUDESTE,0.0,-14.294069,-56.290676,aggregate-centroid,uf-centroid:MT,,,SOR.R1-MT069
5674,MMGDMT1384,Solar,SUDESTE,0.0,-14.294069,-56.290676,aggregate-centroid,uf-centroid:MT,,,SNPIND-MT138
5675,MMGDMT1386,Solar,SUDESTE,0.0,-14.294069,-56.290676,aggregate-centroid,uf-centroid:MT,,,SINOP--MT069
5676,MMGDMT1387,Solar,SUDESTE,0.0,-14.294069,-56.290676,aggregate-centroid,uf-centroid:MT,,,SNPCNT-MT138
5677,MMGDMT1390,Solar,SUDESTE,0.0,-14.294069,-56.290676,aggregate-centroid,uf-centroid:MT,,,CLAUDI-MT138
5678,MMGDMT1391,Solar,SUDESTE,0.0,-14.294069,-56.290676,aggregate-centroid,uf-centroid:MT,,,COLIDE-MT138
5679,MMGDMT1392,Solar,SUDESTE,0.0,-14.294069,-56.290676,aggregate-centroid,uf-centroid:MT,,,MATUPA-MT138
5680,MMGDMT1393,Solar,SUDESTE,0.0,-14.294069,-56.290676,aggregate-centroid,uf-centroid:MT,,,AFLORE-MT138
5681,MMGDMT1395,Solar,SUDESTE,0.0,-14.294069,-56.290676,aggregate-centroid,uf-centroid:MT,,,NMVERD-MT138
5682,MMGDMT1397,Solar,SUDESTE,0.0,-14.294069,-56.290676,aggregate-centroid,uf-centroid:MT,,,IPIRAN-MT138
5683,MMGDMT1399,Solar,SUDESTE,0.0,-14.294069,-56.290676,aggregate-centroid,uf-centroid:MT,,,JURUEN-MT138
5684,MMGDMT1409,Solar,SUDESTE,0.0,-14.294069,-56.290676,aggregate-centroid,uf-centroid:MT,,,PARAAB-MT138
5685,MMGDMT25701,Solar,SUDESTE,0.0,-14.294069,-56.290676,aggregate-centroid,uf-centroid:MT,,,SNPDST-MT138
5686,MMGDMT25709,Solar,SUDESTE,0.0,-14.294069,-56.290676,aggregate-centroid,uf-centroid:MT,,,ARIPUA-MT034
5687,MMGDMT25711,Solar,SUDESTE,0.0,-14.294069,-56.290676,aggregate-centroid,uf-centroid:MT,,,CBA-DI-MT138
5688,MMGDMT25727,Solar,SUDESTE,0.0,-14.294069,-56.290676,aggregate-centroid,uf-centroid:MT,,,SOR.R2-MT069
5689,MMGDMT25728,Solar,SUDESTE,0.0,-14.294069,-56.290676,aggregate-centroid,uf-centroid:MT,,,SOR.CT-MT069
5690,MMGDMT25732,Solar,SUDESTE,0.0,-14.294069,-56.290676,aggregate-centroid,uf-centroid:MT,,,BUNGE--MT138
5691,MMGDMT25735,Solar,SUDESTE,0.0,-14.294069,-56.290676,aggregate-centroid,uf-centroid:MT,,,LUCAS--MT138
5692,MMGDMT26001,Solar,SUDESTE,0.0,-14.294069,-56.290676,aggregate-centroid,uf-centroid:MT,,,N.UBIR-MT138
5693,MMGDMT26002,Solar,SUDESTE,0.0,-14.294069,-56.290676,aggregate-centroid,uf-centroid:MT,,,ESPIGA-MT138
5694,MMGDMT26003,Solar,SUDESTE,0.0,-14.294069,-56.290676,aggregate-centroid,uf-centroid:MT,,,TAPURA-MT138
5695,MMGDMT26050,Solar,SUDESTE,0.0,-14.294069,-56.290676,aggregate-centroid,uf-centroid:MT,,,PRNITA-MT138
5696,MMGDMT26150,Solar,SUDESTE,0.0,-14.294069,-56.290676,aggregate-centroid,uf-centroid:MT,,,MINERN-MT138
5697,MMGDMT26200,Solar,SUDESTE,0.0,-14.294069,-56.290676,aggregate-centroid,uf-centroid:MT,,,NOBLE--MT138
5698,MMGDMT26300,Solar,SUDESTE,0.0,-14.294069,-56.290676,aggregate-centroid,uf-centroid:MT,,,BE.RIO-MT138
5699,MMGDMT26433,Solar,SUDESTE,0.0,-14.294069,-56.290676,aggregate-centroid,uf-centroid:MT,,,CHAPAD-MT138
5700,MMGDMT3245,Solar,SUDESTE,0.0,-14.294069,-56.290676,aggregate-centroid,uf-centroid:MT,,,C.MAGA-MT138
5982,MMGDRJ1943,Solar,SUDESTE,0.0,-22.873177,-43.080089,plant,reference,,,A.REIS-RJ138
5983,MMGDRJ1945,Solar,SUDESTE,0.0,-22.584630,-42.980449,aggregate-centroid,uf-centroid:RJ,,,JACUAC-RJ138
5984,MMGDRJ1947,Solar,SUDESTE,0.0,-22.584630,-42.980449,aggregate-centroid,uf-centroid:RJ,,,MURIQU-RJ138
5985,MMGDRJ1953,Solar,SUDESTE,0.0,-22.584630,-42.980449,aggregate-centroid,uf-centroid:RJ,,,MOMBAC-RJ138
5986,MMGDRJ1955,Solar,SUDESTE,0.0,-22.584630,-42.980449,aggregate-centroid,uf-centroid:RJ,,,DCAMPO-RJ138
5987,MMGDRJ1958,Solar,SUDESTE,0.0,-22.584630,-42.980449,aggregate-centroid,uf-centroid:RJ,,,IMBARI-RJ138
5988,MMGDRJ1960,Solar,SUDESTE,0.0,-22.584630,-42.980449,aggregate-centroid,uf-centroid:RJ,,,CELIS1-RJ138
5989,MMGDRJ1961,Solar,SUDESTE,0.0,-22.584630,-42.980449,aggregate-centroid,uf-centroid:RJ,,,CELIS2-RJ138
5990,MMGDRJ1964,Solar,SUDESTE,0.0,-22.584630,-42.980449,aggregate-centroid,uf-centroid:RJ,,,ITALVA-RJ069
5991,MMGDRJ1966,Solar,SUDESTE,0.0,-22.584630,-42.980449,aggregate-centroid,uf-centroid:RJ,,,P.ANGE-RJ138
5992,MMGDRJ1972,Solar,SUDESTE,0.0,-22.584630,-42.980449,aggregate-centroid,uf-centroid:RJ,,,ITAPER-RJ069
5993,MMGDRJ1973,Solar,SUDESTE,0.0,-22.584630,-42.980449,aggregate-centroid,uf-centroid:RJ,,,CRUZAM-RJ069
5994,MMGDRJ1982,Solar,SUDESTE,0.0,-22.584630,-42.980449,aggregate-centroid,uf-centroid:RJ,,,ENT.AR-RJ138
5995,MMGDRJ1984,Solar,SUDESTE,0.0,-22.584630,-42.980449,aggregate-centroid,uf-centroid:RJ,,,SPALDE-RJ069
5996,MMGDRJ1986,Solar,SUDESTE,0.0,-22.584630,-42.980449,aggregate-centroid,uf-centroid:RJ,,,PCARRO-RJ069
5997,MMGDRJ1987,Solar,SUDESTE,0.0,-22.584630,-42.980449,aggregate-centroid,uf-centroid:RJ,,,TAMOI1-RJ069
5998,MMGDRJ1989,Solar,SUDESTE,0.0,-22.584630,-42.980449,aggregate-centroid,uf-centroid:RJ,,,R.LEAO-RJ069
5999,MMGDRJ1990,Solar,SUDESTE,0.0,-22.584630,-42.980449,aggregate-centroid,uf-centroid:RJ,,,IMBOAS-RJ138
6000,MMGDRJ1993,Solar,SUDESTE,0.0,-22.584630,-42.980449,aggregate-centroid,uf-centroid:RJ,,,GUARUS-RJ069
6001,MMGDRJ1996,Solar,SUDESTE,0.0,-22.584630,-42.980449,aggregate-centroid,uf-centroid:RJ,,,MACABU-RJ069
6002,MMGDRJ1997,Solar,SUDESTE,0.0,-22.584630,-42.980449,aggregate-centroid,uf-centroid:RJ,,,PALMAS-RJ069
6003,MMGDRJ2000,Solar,SUDESTE,0.0,-22.584630,-42.980449,aggregate-centroid,uf-centroid:RJ,,,TERESO-RJ138
6004,MMGDRJ2001,Solar,SUDESTE,0.0,-22.584630,-42.980449,aggregate-centroid,uf-centroid:RJ,,,RCIDA1-RJ069
6005,MMGDRJ2009,Solar,SUDESTE,0.0,-22.584630,-42.980449,aggregate-centroid,uf-centroid:RJ,,,PONTIN-RJ069
6006,MMGDRJ2011,Solar,SUDESTE,0.0,-22.584630,-42.980449,aggregate-centroid,uf-centroid:RJ,,,MAGE---RJ069
6007,MMGDRJ2016,Solar,SUDESTE,0.0,-22.584630,-42.980449,aggregate-centroid,uf-centroid:RJ,,,P.ROSA-RJ138
6008,MMGDRJ2018,Solar,SUDESTE,0.0,-22.584630,-42.980449,aggregate-centroid,uf-centroid:RJ,,,GUAXIN-RJ138
6009,MMGDRJ2019,Solar,SUDESTE,0.0,-22.584630,-42.980449,aggregate-centroid,uf-centroid:RJ,,,RCIDA2-RJ069
6010,MMGDRJ2020,Solar,SUDESTE,0.0,-22.584630,-42.980449,aggregate-centroid,uf-centroid:RJ,,,ALCANT-RJ138
6011,MMGDRJ2022,Solar,SUDESTE,0.0,-22.584630,-42.980449,aggregate-centroid,uf-centroid:RJ,,,GBRANC-RJ138
6012,MMGDRJ2023,Solar,SUDESTE,0.0,-22.584630,-42.980449,aggregate-centroid,uf-centroid:RJ,,,SPONTE-RJ138
6013,MMGDRJ2024,Solar,SUDESTE,0.0,-22.584630,-42.980449,aggregate-centroid,uf-centroid:RJ,,,SLOURE-RJ069
6014,MMGDRJ2026,Solar,SUDESTE,0.0,-22.584630,-42.980449,aggregate-centroid,uf-centroid:RJ,,,Z.SUL--RJ138
6015,MMGDRJ2029,Solar,SUDESTE,0.0,-22.584630,-42.980449,aggregate-centroid,uf-centroid:RJ,,,ARSEN2-RJ138
6016,MMGDRJ2030,Solar,SUDESTE,0.0,-22.584630,-42.980449,aggregate-centroid,uf-centroid:RJ,,,ITAMAR-RJ069
6017,MMGDRJ2031,Solar,SUDESTE,0.0,-22.584630,-42.980449,aggregate-centroid,uf-centroid:RJ,,,ICARAI-RJ138
6018,MMGDRJ2033,Solar,SUDESTE,0.0,-22.584630,-42.980449,aggregate-centroid,uf-centroid:RJ,,,RESIND-RJ138
6019,MMGDRJ2037,Solar,SUDESTE,0.0,-22.584630,-42.980449,aggregate-centroid,uf-centroid:RJ,,,PIABAN-RJ069
6020,MMGDRJ2039,Solar,SUDESTE,0.0,-22.584630,-42.980449,aggregate-centroid,uf-centroid:RJ,,,AREAL--RJ069
6021,MMGDRJ28279,Solar,SUDESTE,0.0,-22.584630,-42.980449,aggregate-centroid,uf-centroid:RJ,,,MPAUL2-RJ138
6022,MMGDRJ28281,Solar,SUDESTE,0.0,-22.584630,-42.980449,aggregate-centroid,uf-centroid:RJ,,,ITAMBI-RJ138
6023,MMGDRJ28284,Solar,SUDESTE,0.0,-22.584630,-42.980449,aggregate-centroid,uf-centroid:RJ,,,PIRATI-RJ138
6024,MMGDRJ28285,Solar,SUDESTE,0.0,-22.584630,-42.980449,aggregate-centroid,uf-centroid:RJ,,,NEVES--RJ138
6025,MMGDRJ28300,Solar,SUDESTE,0.0,-22.584630,-42.980449,aggregate-centroid,uf-centroid:RJ,,,VDP.AM-RJ138
6026,MMGDRJ28303,Solar,SUDESTE,0.0,-22.584630,-42.980449,aggregate-centroid,uf-centroid:RJ,,,MARICA-RJ069
6027,MMGDRJ28304,Solar,SUDESTE,0.0,-22.584630,-42.980449,aggregate-centroid,uf-centroid:RJ,,,TANGUA-RJ069
6028,MMGDRJ28305,Solar,SUDESTE,0.0,-22.584630,-42.980449,aggregate-centroid,uf-centroid:RJ,,,RBONIT-RJ069
6029,MMGDRJ28308,Solar,SUDESTE,0.0,-22.584630,-42.980449,aggregate-centroid,uf-centroid:RJ,,,PMODEL-RJ069
6030,MMGDRJ28310,Solar,SUDESTE,0.0,-22.584630,-42.980449,aggregate-centroid,uf-centroid:RJ,,,INOA---RJ069
6031,MMGDRJ28377,Solar,SUDESTE,0.0,-22.584630,-42.980449,aggregate-centroid,uf-centroid:RJ,,,CBIUNA-RJ138
6032,MMGDRJ28403,Solar,SUDESTE,0.0,-22.584630,-42.980449,aggregate-centroid,uf-centroid:RJ,,,MACAE--RJ069
6033,MMGDRJ28411,Solar,SUDESTE,0.0,-22.584630,-42.980449,aggregate-centroid,uf-centroid:RJ,,,MACAE--RJ034
6034,MMGDRJ28426,Solar,SUDESTE,0.0,-22.584630,-42.980449,aggregate-centroid,uf-centroid:RJ,,,VVERDE-RJ069
6035,MMGDRJ28427,Solar,SUDESTE,0.0,-22.584630,-42.980449,aggregate-centroid,uf-centroid:RJ,,,TAMOI2-RJ069
6036,MMGDRJ28429,Solar,SUDESTE,0.0,-22.584630,-42.980449,aggregate-centroid,uf-centroid:RJ,,,ROSTRA-RJ069
6037,MMGDRJ28430,Solar,SUDESTE,0.0,-22.584630,-42.980449,aggregate-centroid,uf-centroid:RJ,,,BACAXA-RJ069
6038,MMGDRJ28431,Solar,SUDESTE,0.0,-22.584630,-42.980449,aggregate-centroid,uf-centroid:RJ,,,ARARUA-RJ069
6039,MMGDRJ28432,Solar,SUDESTE,0.0,-22.584630,-42.980449,aggregate-centroid,uf-centroid:RJ,,,IGUABA-RJ069
6040,MMGDRJ28434,Solar,SUDESTE,0.0,-22.584630,-42.980449,aggregate-centroid,uf-centroid:RJ,,,C.FRIO-RJ069
6041,MMGDRJ28435,Solar,SUDESTE,0.0,-22.584630,-42.980449,aggregate-centroid,uf-centroid:RJ,,,BUZIOS-RJ069
6042,MMGDRJ28436,Solar,SUDESTE,0.0,-22.584630,-42.980449,aggregate-centroid,uf-centroid:RJ,,,NSAJUD-RJ069
6043,MMGDRJ28528,Solar,SUDESTE,0.0,-22.584630,-42.980449,aggregate-centroid,uf-centroid:RJ,,,ITATIA-RJ138
6044,MMGDRJ28700,Solar,SUDESTE,0.0,-22.584630,-42.980449,aggregate-centroid,uf-centroid:RJ,,,CAMBUC-RJ069
6045,MMGDRJ28702,Solar,SUDESTE,0.0,-22.584630,-42.980449,aggregate-centroid,uf-centroid:RJ,,,PADUA--RJ069
6046,MMGDRJ28710,Solar,SUDESTE,0.0,-22.584630,-42.980449,aggregate-centroid,uf-centroid:RJ,,,B.JARD-RJ069
6047,MMGDRJ28720,Solar,SUDESTE,0.0,-22.584630,-42.980449,aggregate-centroid,uf-centroid:RJ,,,TERESO-RJ034
6048,MMGDRJ28722,Solar,SUDESTE,0.0,-22.584630,-42.980449,aggregate-centroid,uf-centroid:RJ,,,MAMBUC-RJ138
6049,MMGDRJ28727,Solar,SUDESTE,0.0,-22.584630,-42.980449,aggregate-centroid,uf-centroid:RJ,,,GOITAC-RJ069
6050,MMGDRJ28730,Solar,SUDESTE,0.0,-22.584630,-42.980449,aggregate-centroid,uf-centroid:RJ,,,V.NOVA-RJ069
6051,MMGDRJ28731,Solar,SUDESTE,0.0,-22.584630,-42.980449,aggregate-centroid,uf-centroid:RJ,,,NATIVI-RJ069
6052,MMGDRJ28732,Solar,SUDESTE,0.0,-22.584630,-42.980449,aggregate-centroid,uf-centroid:RJ,,,SFIDEL-RJ069
6053,MMGDRJ28737,Solar,SUDESTE,0.0,-22.584630,-42.980449,aggregate-centroid,uf-centroid:RJ,,,SBRAGA-RJ069
6054,MMGDRJ38076,Solar,SUDESTE,0.0,-22.584630,-42.980449,aggregate-centroid,uf-centroid:RJ,,,BARRA2-RJ138
6055,MMGDRJ38278,Solar,SUDESTE,0.0,-22.584630,-42.980449,aggregate-centroid,uf-centroid:RJ,,,ANTAFV-RJ138
6056,MMGDRJ4079,Solar,SUDESTE,0.0,-22.920304,-43.230543,plant,reference,,,S.CECI-RJ138
6057,MMGDRJ4081,Solar,SUDESTE,0.0,-22.584630,-42.980449,aggregate-centroid,uf-centroid:RJ,,,CENTEN-RJ138
6058,MMGDRJ4082,Solar,SUDESTE,0.0,-22.584630,-42.980449,aggregate-centroid,uf-centroid:RJ,,,VIGARI-RJ138
6059,MMGDRJ4089,Solar,SUDESTE,0.0,-22.584630,-42.980449,aggregate-centroid,uf-centroid:RJ,,,V.REDO-RJ138
6060,MMGDRJ4090,Solar,SUDESTE,0.0,-22.584630,-42.980449,aggregate-centroid,uf-centroid:RJ,,,RETIRO-RJ138
6061,MMGDRJ4092,Solar,SUDESTE,0.0,-22.584630,-42.980449,aggregate-centroid,uf-centroid:RJ,,,FONTIN-RJ138
6062,MMGDRJ4095,Solar,SUDESTE,0.0,-22.584630,-42.980449,aggregate-centroid,uf-centroid:RJ,,,SAUDAD-RJ138
6063,MMGDRJ4100,Solar,SUDESTE,0.0,-22.584630,-42.980449,aggregate-centroid,uf-centroid:RJ,,,MACKEN-RJ138
6064,MMGDRJ4103,Solar,SUDESTE,0.0,-22.584630,-42.980449,aggregate-centroid,uf-centroid:RJ,,,PACIEN-RJ138
6065,MMGDRJ4104,Solar,SUDESTE,0.0,-22.584630,-42.980449,aggregate-centroid,uf-centroid:RJ,,,SEROPE-RJ138
6066,MMGDRJ4111,Solar,SUDESTE,0.0,-22.584630,-42.980449,aggregate-centroid,uf-centroid:RJ,,,N.IGAA-RJ138
6067,MMGDRJ4112,Solar,SUDESTE,0.0,-22.584630,-42.980449,aggregate-centroid,uf-centroid:RJ,,,PAV.NO-RJ138
6068,MMGDRJ4114,Solar,SUDESTE,0.0,-22.584630,-42.980449,aggregate-centroid,uf-centroid:RJ,,,C.ROCH-RJ138
6069,MMGDRJ4115,Solar,SUDESTE,0.0,-22.584630,-42.980449,aggregate-centroid,uf-centroid:RJ,,,SANTIS-RJ138
6070,MMGDRJ4118,Solar,SUDESTE,0.0,-22.584630,-42.980449,aggregate-centroid,uf-centroid:RJ,,,C.SOAR-RJ138
6071,MMGDRJ4120,Solar,SUDESTE,0.0,-22.584630,-42.980449,aggregate-centroid,uf-centroid:RJ,,,M.BARR-RJ138
6072,MMGDRJ4129,Solar,SUDESTE,0.0,-22.584630,-42.980449,aggregate-centroid,uf-centroid:RJ,,,QUEIM1-RJ138
6073,MMGDRJ4130,Solar,SUDESTE,0.0,-22.584630,-42.980449,aggregate-centroid,uf-centroid:RJ,,,R.FREI-RJ138
6074,MMGDRJ4131,Solar,SUDESTE,0.0,-22.584630,-42.980449,aggregate-centroid,uf-centroid:RJ,,,ABRAN1-RJ138
6075,MMGDRJ4132,Solar,SUDESTE,0.0,-22.584630,-42.980449,aggregate-centroid,uf-centroid:RJ,,,TURIAC-RJ138
6076,MMGDRJ4133,Solar,SUDESTE,0.0,-22.584630,-42.980449,aggregate-centroid,uf-centroid:RJ,,,GUADAL-RJ138
6077,MMGDRJ4134,Solar,SUDESTE,0.0,-22.584630,-42.980449,aggregate-centroid,uf-centroid:RJ,,,S.CLAR-RJ138
6078,MMGDRJ4135,Solar,SUDESTE,0.0,-22.584630,-42.980449,aggregate-centroid,uf-centroid:RJ,,,CASCA2-RJ138
6079,MMGDRJ4145,Solar,SUDESTE,0.0,-22.584630,-42.980449,aggregate-centroid,uf-centroid:RJ,,,MERITI-RJ138
6080,MMGDRJ4146,Solar,SUDESTE,0.0,-22.584630,-42.980449,aggregate-centroid,uf-centroid:RJ,,,CAXIAS-RJ138
6081,MMGDRJ4147,Solar,SUDESTE,0.0,-22.584630,-42.980449,aggregate-centroid,uf-centroid:RJ,,,COLEGI-RJ138
6082,MMGDRJ4149,Solar,SUDESTE,0.0,-22.584630,-42.980449,aggregate-centroid,uf-centroid:RJ,,,ROSALI-RJ138
6083,MMGDRJ4151,Solar,SUDESTE,0.0,-22.584630,-42.980449,aggregate-centroid,uf-centroid:RJ,,,AGRAN1-RJ138
6084,MMGDRJ4153,Solar,SUDESTE,0.0,-22.584630,-42.980449,aggregate-centroid,uf-centroid:RJ,,,V.GERA-RJ138
6085,MMGDRJ4155,Solar,SUDESTE,0.0,-22.584630,-42.980449,aggregate-centroid,uf-centroid:RJ,,,W.LUIZ-RJ138
6086,MMGDRJ4157,Solar,SUDESTE,0.0,-22.584630,-42.980449,aggregate-centroid,uf-centroid:RJ,,,S.JOAO-RJ138
6087,MMGDRJ4163,Solar,SUDESTE,0.0,-22.584630,-42.980449,aggregate-centroid,uf-centroid:RJ,,,B.PINA-RJ138
6088,MMGDRJ4164,Solar,SUDESTE,0.0,-22.584630,-42.980449,aggregate-centroid,uf-centroid:RJ,,,P.ERNE-RJ138
6089,MMGDRJ4165,Solar,SUDESTE,0.0,-22.584630,-42.980449,aggregate-centroid,uf-centroid:RJ,,,FUNDAO-RJ138
6090,MMGDRJ4166,Solar,SUDESTE,0.0,-22.584630,-42.980449,aggregate-centroid,uf-centroid:RJ,,,GUANAB-RJ138
6091,MMGDRJ4167,Solar,SUDESTE,0.0,-22.584630,-42.980449,aggregate-centroid,uf-centroid:RJ,,,GOVERN-RJ138
6092,MMGDRJ4179,Solar,SUDESTE,0.0,-22.584630,-42.980449,aggregate-centroid,uf-centroid:RJ,,,RAMOS1-RJ138
6093,MMGDRJ4180,Solar,SUDESTE,0.0,-22.584630,-42.980449,aggregate-centroid,uf-centroid:RJ,,,CACH1A-RJ138
6094,MMGDRJ4181,Solar,SUDESTE,0.0,-22.584630,-42.980449,aggregate-centroid,uf-centroid:RJ,,,T.NOVA-RJ138
6095,MMGDRJ4182,Solar,SUDESTE,0.0,-22.584630,-42.980449,aggregate-centroid,uf-centroid:RJ,,,DEMOCR-RJ138
6096,MMGDRJ4183,Solar,SUDESTE,0.0,-22.584630,-42.980449,aggregate-centroid,uf-centroid:RJ,,,MATURA-RJ138
6097,MMGDRJ4185,Solar,SUDESTE,0.0,-22.584630,-42.980449,aggregate-centroid,uf-centroid:RJ,,,TRIAGE-RJ138
6098,MMGDRJ4186,Solar,SUDESTE,0.0,-22.584630,-42.980449,aggregate-centroid,uf-centroid:RJ,,,TROVAO-RJ138
6099,MMGDRJ4187,Solar,SUDESTE,0.0,-22.584630,-42.980449,aggregate-centroid,uf-centroid:RJ,,,C.MART-RJ138
6100,MMGDRJ4193,Solar,SUDESTE,0.0,-22.584630,-42.980449,aggregate-centroid,uf-centroid:RJ,,,V.TELE-RJ138
6101,MMGDRJ4194,Solar,SUDESTE,0.0,-22.584630,-42.980449,aggregate-centroid,uf-centroid:RJ,,,SARAPU-RJ138
6102,MMGDRJ4195,Solar,SUDESTE,0.0,-22.584630,-42.980449,aggregate-centroid,uf-centroid:RJ,,,ELDORA-RJ138
6103,MMGDRJ4197,Solar,SUDESTE,0.0,-22.584630,-42.980449,aggregate-centroid,uf-centroid:RJ,,,INMETR-RJ138
6104,MMGDRJ4198,Solar,SUDESTE,0.0,-22.584630,-42.980449,aggregate-centroid,uf-centroid:RJ,,,T.RIOS-RJ138
6105,MMGDRJ4199,Solar,SUDESTE,0.0,-22.584630,-42.980449,aggregate-centroid,uf-centroid:RJ,,,SAPUCA-RJ138
6106,MMGDRJ4203,Solar,SUDESTE,0.0,-22.584630,-42.980449,aggregate-centroid,uf-centroid:RJ,,,MARAPI-RJ138
6107,MMGDRJ4204,Solar,SUDESTE,0.0,-22.584630,-42.980449,aggregate-centroid,uf-centroid:RJ,,,CARMAR-RJ138
6108,MMGDRJ4205,Solar,SUDESTE,0.0,-22.584630,-42.980449,aggregate-centroid,uf-centroid:RJ,,,B.MATO-RJ138
6109,MMGDRJ4206,Solar,SUDESTE,0.0,-22.584630,-42.980449,aggregate-centroid,uf-centroid:RJ,,,PIEDAD-RJ138
6110,MMGDRJ4207,Solar,SUDESTE,0.0,-22.584630,-42.980449,aggregate-centroid,uf-centroid:RJ,,,INFLUE-RJ138
6111,MMGDRJ4209,Solar,SUDESTE,0.0,-22.584630,-42.980449,aggregate-centroid,uf-centroid:RJ,,,ACAMP1-RJ138
6112,MMGDRJ4211,Solar,SUDESTE,0.0,-22.584630,-42.980449,aggregate-centroid,uf-centroid:RJ,,,LEOPOL-RJ138
6113,MMGDRJ4212,Solar,SUDESTE,0.0,-22.584630,-42.980449,aggregate-centroid,uf-centroid:RJ,,,URUGUA-RJ138
6114,MMGDRJ4213,Solar,SUDESTE,0.0,-22.584630,-42.980449,aggregate-centroid,uf-centroid:RJ,,,R.COMP-RJ138
6115,MMGDRJ4215,Solar,SUDESTE,0.0,-22.584630,-42.980449,aggregate-centroid,uf-centroid:RJ,,,F.CANE-RJ138
6116,MMGDRJ4217,Solar,SUDESTE,0.0,-22.584630,-42.980449,aggregate-centroid,uf-centroid:RJ,,,GARDEN-RJ138
6117,MMGDRJ4221,Solar,SUDESTE,0.0,-22.584630,-42.980449,aggregate-centroid,uf-centroid:RJ,,,CAMERI-RJ138
6118,MMGDRJ4222,Solar,SUDESTE,0.0,-22.584630,-42.980449,aggregate-centroid,uf-centroid:RJ,,,S.ANTO-RJ138
6119,MMGDRJ4223,Solar,SUDESTE,0.0,-22.584630,-42.980449,aggregate-centroid,uf-centroid:RJ,,,S.LUZI-RJ138
6120,MMGDRJ4224,Solar,SUDESTE,0.0,-22.584630,-42.980449,aggregate-centroid,uf-centroid:RJ,,,BAEPEN-RJ138
6121,MMGDRJ4225,Solar,SUDESTE,0.0,-22.584630,-42.980449,aggregate-centroid,uf-centroid:RJ,,,SAMARI-RJ138
6122,MMGDRJ4226,Solar,SUDESTE,0.0,-22.584630,-42.980449,aggregate-centroid,uf-centroid:RJ,,,BOTAFO-RJ138
6123,MMGDRJ4229,Solar,SUDESTE,0.0,-22.584630,-42.980449,aggregate-centroid,uf-centroid:RJ,,,HUMAIT-RJ138
6124,MMGDRJ4230,Solar,SUDESTE,0.0,-22.584630,-42.980449,aggregate-centroid,uf-centroid:RJ,,,P.SEIS-RJ138
6125,MMGDRJ4231,Solar,SUDESTE,0.0,-22.584630,-42.980449,aggregate-centroid,uf-centroid:RJ,,,COPACA-RJ138
6126,MMGDRJ4232,Solar,SUDESTE,0.0,-22.584630,-42.980449,aggregate-centroid,uf-centroid:RJ,,,LEME-1-RJ138
6127,MMGDRJ4233,Solar,SUDESTE,0.0,-22.584630,-42.980449,aggregate-centroid,uf-centroid:RJ,,,JBOTA2-RJ138
6128,MMGDRJ4234,Solar,SUDESTE,0.0,-22.584630,-42.980449,aggregate-centroid,uf-centroid:RJ,,,LEBLON-RJ138
6129,MMGDRJ4242,Solar,SUDESTE,0.0,-22.584630,-42.980449,aggregate-centroid,uf-centroid:RJ,,,S.CONR-RJ138
6130,MMGDRJ4244,Solar,SUDESTE,0.0,-22.584630,-42.980449,aggregate-centroid,uf-centroid:RJ,,,BARRA1-RJ138
6131,MMGDRJ4247,Solar,SUDESTE,0.0,-22.584630,-42.980449,aggregate-centroid,uf-centroid:RJ,,,PDAGUA-RJ138
6132,MMGDRJ4248,Solar,SUDESTE,0.0,-22.584630,-42.980449,aggregate-centroid,uf-centroid:RJ,,,CURICI-RJ138
6133,MMGDRJ4249,Solar,SUDESTE,0.0,-22.584630,-42.980449,aggregate-centroid,uf-centroid:RJ,,,V.VALQ-RJ138
6134,MMGDRJ4250,Solar,SUDESTE,0.0,-22.584630,-42.980449,aggregate-centroid,uf-centroid:RJ,,,TAQUAR-RJ138
6135,MMGDRJ4251,Solar,SUDESTE,0.0,-22.584630,-42.980449,aggregate-centroid,uf-centroid:RJ,,,RECREI-RJ138
6136,MMGDRJ4252,Solar,SUDESTE,0.0,-22.584630,-42.980449,aggregate-centroid,uf-centroid:RJ,,,ITAPEB-RJ138
6137,MMGDRJ4253,Solar,SUDESTE,0.0,-22.584630,-42.980449,aggregate-centroid,uf-centroid:RJ,,,ALVORA-RJ138
6138,MMGDRJ4260,Solar,SUDESTE,0.0,-22.584630,-42.980449,aggregate-centroid,uf-centroid:RJ,,,P.MIGU-RJ138
6139,MMGDRJ4261,Solar,SUDESTE,0.0,-22.584630,-42.980449,aggregate-centroid,uf-centroid:RJ,,,AFRAN1-RJ138
6140,MMGDRJ4262,Solar,SUDESTE,0.0,-22.584630,-42.980449,aggregate-centroid,uf-centroid:RJ,,,CAMARA-RJ138
6141,MMGDRJ4264,Solar,SUDESTE,0.0,-22.584630,-42.980449,aggregate-centroid,uf-centroid:RJ,,,JABOAT-RJ138
6142,MMGDRJ4265,Solar,SUDESTE,0.0,-22.584630,-42.980449,aggregate-centroid,uf-centroid:RJ,,,COSMOS-RJ138
6143,MMGDRJ4266,Solar,SUDESTE,0.0,-22.584630,-42.980449,aggregate-centroid,uf-centroid:RJ,,,ESPERA-RJ138
6144,MMGDRJ4267,Solar,SUDESTE,0.0,-22.584630,-42.980449,aggregate-centroid,uf-centroid:RJ,,,ZIN----RJ138
6145,MMGDRJ4268,Solar,SUDESTE,0.0,-22.584630,-42.980449,aggregate-centroid,uf-centroid:RJ,,,CACH1B-RJ138
6146,MMGDRJ4269,Solar,SUDESTE,0.0,-22.584630,-42.980449,aggregate-centroid,uf-centroid:RJ,,,M.ALTO-RJ138
6147,MMGDRJ4272,Solar,SUDESTE,0.0,-22.584630,-42.980449,aggregate-centroid,uf-centroid:RJ,,,BRISAM-RJ138
6148,MMGDRJ4275,Solar,SUDESTE,0.0,-22.584630,-42.980449,aggregate-centroid,uf-centroid:RJ,,,ITAGUA-RJ138
6621,MMGDSP1022,Solar,SUDESTE,0.0,-23.468617,-46.532477,plant,reference,,,AERGUL-SP138
6622,MMGDSP1063,Solar,SUDESTE,0.0,-22.666142,-47.701457,aggregate-centroid,uf-centroid:SP,,,ITAPTA-SP088
6623,MMGDSP1064,Solar,SUDESTE,0.0,-22.666142,-47.701457,aggregate-centroid,uf-centroid:SP,,,NOR-BE-SP088
6624,MMGDSP1065,Solar,SUDESTE,0.0,-22.666142,-47.701457,aggregate-centroid,uf-centroid:SP,,,NOD-BE-SP088
6625,MMGDSP1066,Solar,SUDESTE,0.0,-22.666142,-47.701457,aggregate-centroid,uf-centroid:SP,,,MOGI---SP088
6626,MMGDSP1067,Solar,SUDESTE,0.0,-22.666142,-47.701457,aggregate-centroid,uf-centroid:SP,,,SJC----SP088
6627,MMGDSP1068,Solar,SUDESTE,0.0,-22.666142,-47.701457,aggregate-centroid,uf-centroid:SP,,,TAU-BE-SP138
6628,MMGDSP1069,Solar,SUDESTE,0.0,-22.666142,-47.701457,aggregate-centroid,uf-centroid:SP,,,APA----SP088
6629,MMGDSP1070,Solar,SUDESTE,0.0,-22.666142,-47.701457,aggregate-centroid,uf-centroid:SP,,,S.CA-B-SP088
6630,MMGDSP2071,Solar,SUDESTE,0.0,-23.007937,-49.865982,plant,reference,,,CBRANC-SP138
6631,MMGDSP2072,Solar,SUDESTE,0.0,-22.666142,-47.701457,aggregate-centroid,uf-centroid:SP,,,MOCO1A-SP138
6632,MMGDSP2073,Solar,SUDESTE,0.0,-22.666142,-47.701457,aggregate-centroid,uf-centroid:SP,,,SJRPAR-SP138
6633,MMGDSP2075,Solar,SUDESTE,0.0,-22.666142,-47.701457,aggregate-centroid,uf-centroid:SP,,,ITA.2--SP138
6634,MMGDSP2076,Solar,SUDESTE,0.0,-22.666142,-47.701457,aggregate-centroid,uf-centroid:SP,,,ITAP1A-SP088
6635,MMGDSP2077,Solar,SUDESTE,0.0,-22.666142,-47.701457,aggregate-centroid,uf-centroid:SP,,,JAGUAR-SP138
6636,MMGDSP2078,Solar,SUDESTE,0.0,-22.666142,-47.701457,aggregate-centroid,uf-centroid:SP,,,PEDREI-SP138
6637,MMGDSP2082,Solar,SUDESTE,0.0,-22.666142,-47.701457,aggregate-centroid,uf-centroid:SP,,,CEARA--SP034
6638,MMGDSP2084,Solar,SUDESTE,0.0,-22.666142,-47.701457,aggregate-centroid,uf-centroid:SP,,,2MARIA-SP034
6639,MMGDSP2087,Solar,SUDESTE,0.0,-22.666142,-47.701457,aggregate-centroid,uf-centroid:SP,,,JAGUA2-SP138
6640,MMGDSP2191,Solar,SUDESTE,0.0,-22.666142,-47.701457,aggregate-centroid,uf-centroid:SP,,,OURIN1-SP088
6641,MMGDSP2192,Solar,SUDESTE,0.0,-22.666142,-47.701457,aggregate-centroid,uf-centroid:SP,,,OURIN2-SP088
6642,MMGDSP2194,Solar,SUDESTE,0.0,-22.666142,-47.701457,aggregate-centroid,uf-centroid:SP,,,B.CAMP-SP088
6643,MMGDSP2195,Solar,SUDESTE,0.0,-22.666142,-47.701457,aggregate-centroid,uf-centroid:SP,,,ITAISC-SP138
6644,MMGDSP2199,Solar,SUDESTE,0.0,-22.666142,-47.701457,aggregate-centroid,uf-centroid:SP,,,AVARE2-SP034
6645,MMGDSP22052,Solar,SUDESTE,0.0,-22.666142,-47.701457,aggregate-centroid,uf-centroid:SP,,,GV--BE-SP138
6646,MMGDSP2211,Solar,SUDESTE,0.0,-22.937046,-47.076760,plant,reference,,,COLONI-SP138
6647,MMGDSP2213,Solar,SUDESTE,0.0,-22.666142,-47.701457,aggregate-centroid,uf-centroid:SP,,,CRUZEI-SP138
6648,MMGDSP2220,Solar,SUDESTE,0.0,-22.666142,-47.701457,aggregate-centroid,uf-centroid:SP,,,BANDEI-SP138
6649,MMGDSP2221,Solar,SUDESTE,0.0,-22.666142,-47.701457,aggregate-centroid,uf-centroid:SP,,,BARBAR-SP138
6650,MMGDSP2222,Solar,SUDESTE,0.0,-22.666142,-47.701457,aggregate-centroid,uf-centroid:SP,,,BOAVIS-SP138
6651,MMGDSP2223,Solar,SUDESTE,0.0,-22.666142,-47.701457,aggregate-centroid,uf-centroid:SP,,,CJARDI-SP138
6652,MMGDSP2224,Solar,SUDESTE,0.0,-22.666142,-47.701457,aggregate-centroid,uf-centroid:SP,,,CAPI1A-SP138
6653,MMGDSP2227,Solar,SUDESTE,0.0,-22.666142,-47.701457,aggregate-centroid,uf-centroid:SP,,,CHAPAD-SP138
6654,MMGDSP2229,Solar,SUDESTE,0.0,-22.666142,-47.701457,aggregate-centroid,uf-centroid:SP,,,COSTAP-SP138
6655,MMGDSP2230,Solar,SUDESTE,0.0,-22.666142,-47.701457,aggregate-centroid,uf-centroid:SP,,,PAINEI-SP138
6656,MMGDSP2231,Solar,SUDESTE,0.0,-22.666142,-47.701457,aggregate-centroid,uf-centroid:SP,,,ESMERA-SP138
6657,MMGDSP2232,Solar,SUDESTE,0.0,-22.666142,-47.701457,aggregate-centroid,uf-centroid:SP,,,PIRNOR-SP138
6658,MMGDSP2238,Solar,SUDESTE,0.0,-22.666142,-47.701457,aggregate-centroid,uf-centroid:SP,,,ITAPIR-SP138
6659,MMGDSP2240,Solar,SUDESTE,0.0,-22.666142,-47.701457,aggregate-centroid,uf-centroid:SP,,,MAZUL--SP138
6660,MMGDSP2241,Solar,SUDESTE,0.0,-22.666142,-47.701457,aggregate-centroid,uf-centroid:SP,,,MTEMOR-SP138
6661,MMGDSP2242,Solar,SUDESTE,0.0,-22.666142,-47.701457,aggregate-centroid,uf-centroid:SP,,,DIC----SP138
6662,MMGDSP2243,Solar,SUDESTE,0.0,-22.666142,-47.701457,aggregate-centroid,uf-centroid:SP,,,N.APA2-SP138
6663,MMGDSP2245,Solar,SUDESTE,0.0,-22.666142,-47.701457,aggregate-centroid,uf-centroid:SP,,,NAZARE-SP138
6664,MMGDSP2246,Solar,SUDESTE,0.0,-22.666142,-47.701457,aggregate-centroid,uf-centroid:SP,,,NOTRED-SP138
6665,MMGDSP2248,Solar,SUDESTE,0.0,-22.666142,-47.701457,aggregate-centroid,uf-centroid:SP,,,PAULIN-SP138
6666,MMGDSP2249,Solar,SUDESTE,0.0,-22.666142,-47.701457,aggregate-centroid,uf-centroid:SP,,,PINHAL-SP138
6667,MMGDSP2251,Solar,SUDESTE,0.0,-22.666142,-47.701457,aggregate-centroid,uf-centroid:SP,,,PIRMIR-SP138
6668,MMGDSP2253,Solar,SUDESTE,0.0,-22.666142,-47.701457,aggregate-centroid,uf-centroid:SP,,,QUILOM-SP138
6669,MMGDSP2256,Solar,SUDESTE,0.0,-22.666142,-47.701457,aggregate-centroid,uf-centroid:SP,,,RIOPED-SP138
6670,MMGDSP2257,Solar,SUDESTE,0.0,-22.666142,-47.701457,aggregate-centroid,uf-centroid:SP,,,SACI---SP138
6671,MMGDSP2258,Solar,SUDESTE,0.0,-22.666142,-47.701457,aggregate-centroid,uf-centroid:SP,,,SALTIN-SP138
6672,MMGDSP2259,Solar,SUDESTE,0.0,-22.666142,-47.701457,aggregate-centroid,uf-centroid:SP,,,SAOPED-SP138
6673,MMGDSP2260,Solar,SUDESTE,0.0,-22.666142,-47.701457,aggregate-centroid,uf-centroid:SP,,,SUMAEA-SP138
6674,MMGDSP2262,Solar,SUDESTE,0.0,-22.666142,-47.701457,aggregate-centroid,uf-centroid:SP,,,TAQURA-SP138
6675,MMGDSP2265,Solar,SUDESTE,0.0,-22.666142,-47.701457,aggregate-centroid,uf-centroid:SP,,,TREVO--SP138
6676,MMGDSP2266,Solar,SUDESTE,0.0,-22.666142,-47.701457,aggregate-centroid,uf-centroid:SP,,,UNILES-SP138
6677,MMGDSP2267,Solar,SUDESTE,0.0,-22.666142,-47.701457,aggregate-centroid,uf-centroid:SP,,,VALINH-SP138
6678,MMGDSP2268,Solar,SUDESTE,0.0,-22.666142,-47.701457,aggregate-centroid,uf-centroid:SP,,,VIRACO-SP138
6679,MMGDSP2271,Solar,SUDESTE,0.0,-22.666142,-47.701457,aggregate-centroid,uf-centroid:SP,,,MORUMB-SP138
6680,MMGDSP2275,Solar,SUDESTE,0.0,-22.666142,-47.701457,aggregate-centroid,uf-centroid:SP,,,HORTOL-SP138
6681,MMGDSP2276,Solar,SUDESTE,0.0,-22.666142,-47.701457,aggregate-centroid,uf-centroid:SP,,,NVENEZ-SP138
6682,MMGDSP2278,Solar,SUDESTE,0.0,-22.666142,-47.701457,aggregate-centroid,uf-centroid:SP,,,JDMARA-SP138
6683,MMGDSP2279,Solar,SUDESTE,0.0,-22.666142,-47.701457,aggregate-centroid,uf-centroid:SP,,,PRADOS-SP138
6684,MMGDSP2281,Solar,SUDESTE,0.0,-22.666142,-47.701457,aggregate-centroid,uf-centroid:SP,,,STATER-SP138
6685,MMGDSP2285,Solar,SUDESTE,0.0,-22.666142,-47.701457,aggregate-centroid,uf-centroid:SP,,,STACEC-SP138
6686,MMGDSP2288,Solar,SUDESTE,0.0,-22.666142,-47.701457,aggregate-centroid,uf-centroid:SP,,,BARREI-SP138
6687,MMGDSP2289,Solar,SUDESTE,0.0,-22.666142,-47.701457,aggregate-centroid,uf-centroid:SP,,,ANDOR1-SP138
6688,MMGDSP2290,Solar,SUDESTE,0.0,-22.666142,-47.701457,aggregate-centroid,uf-centroid:SP,,,ORQUID-SP138
6689,MMGDSP2292,Solar,SUDESTE,0.0,-22.666142,-47.701457,aggregate-centroid,uf-centroid:SP,,,LINDOI-SP138
6690,MMGDSP2293,Solar,SUDESTE,0.0,-22.666142,-47.701457,aggregate-centroid,uf-centroid:SP,,,SNEGRA-SP138
6691,MMGDSP2296,Solar,SUDESTE,0.0,-22.666142,-47.701457,aggregate-centroid,uf-centroid:SP,,,SOCORR-SP138
6692,MMGDSP2297,Solar,SUDESTE,0.0,-22.666142,-47.701457,aggregate-centroid,uf-centroid:SP,,,EFAUST-SP138
6693,MMGDSP2314,Solar,SUDESTE,0.0,-22.666142,-47.701457,aggregate-centroid,uf-centroid:SP,,,VALIN2-SP138
6694,MMGDSP2315,Solar,SUDESTE,0.0,-22.666142,-47.701457,aggregate-centroid,uf-centroid:SP,,,COSMOP-SP138
6695,MMGDSP2316,Solar,SUDESTE,0.0,-22.666142,-47.701457,aggregate-centroid,uf-centroid:SP,,,STABAR-SP069
6696,MMGDSP2318,Solar,SUDESTE,0.0,-22.666142,-47.701457,aggregate-centroid,uf-centroid:SP,,,SOUZAS-SP069
6697,MMGDSP2319,Solar,SUDESTE,0.0,-22.666142,-47.701457,aggregate-centroid,uf-centroid:SP,,,TANQUI-SP069
6698,MMGDSP2322,Solar,SUDESTE,0.0,-22.666142,-47.701457,aggregate-centroid,uf-centroid:SP,,,PIRAC2-SP138
6699,MMGDSP2323,Solar,SUDESTE,0.0,-22.666142,-47.701457,aggregate-centroid,uf-centroid:SP,,,CHARQU-SP138
6700,MMGDSP2324,Solar,SUDESTE,0.0,-22.666142,-47.701457,aggregate-centroid,uf-centroid:SP,,,ITATIB-SP069
6701,MMGDSP2325,Solar,SUDESTE,0.0,-22.666142,-47.701457,aggregate-centroid,uf-centroid:SP,,,SUMAR7-SP138
6702,MMGDSP2328,Solar,SUDESTE,0.0,-22.666142,-47.701457,aggregate-centroid,uf-centroid:SP,,,AVCPFL-SP138
6703,MMGDSP2330,Solar,SUDESTE,0.0,-22.666142,-47.701457,aggregate-centroid,uf-centroid:SP,,,CONGON-SP138
6704,MMGDSP2331,Solar,SUDESTE,0.0,-22.666142,-47.701457,aggregate-centroid,uf-centroid:SP,,,VALPAR-SP138
6705,MMGDSP2332,Solar,SUDESTE,0.0,-22.666142,-47.701457,aggregate-centroid,uf-centroid:SP,,,GUARAN-SP138
6706,MMGDSP2333,Solar,SUDESTE,0.0,-22.666142,-47.701457,aggregate-centroid,uf-centroid:SP,,,IPORA--SP138
6707,MMGDSP2334,Solar,SUDESTE,0.0,-22.666142,-47.701457,aggregate-centroid,uf-centroid:SP,,,JDPAUL-SP138
6708,MMGDSP2335,Solar,SUDESTE,0.0,-22.666142,-47.701457,aggregate-centroid,uf-centroid:SP,,,MIRASS-SP138
6709,MMGDSP2337,Solar,SUDESTE,0.0,-22.666142,-47.701457,aggregate-centroid,uf-centroid:SP,,,SJRPR--SP138
6710,MMGDSP2338,Solar,SUDESTE,0.0,-22.666142,-47.701457,aggregate-centroid,uf-centroid:SP,,,PENA.P-SP138
6711,MMGDSP2340,Solar,SUDESTE,0.0,-22.666142,-47.701457,aggregate-centroid,uf-centroid:SP,,,PRIMAV-SP138
6712,MMGDSP2341,Solar,SUDESTE,0.0,-22.666142,-47.701457,aggregate-centroid,uf-centroid:SP,,,AUSTA--SP138
6713,MMGDSP2343,Solar,SUDESTE,0.0,-22.666142,-47.701457,aggregate-centroid,uf-centroid:SP,,,VILAVE-SP138
6714,MMGDSP2344,Solar,SUDESTE,0.0,-22.666142,-47.701457,aggregate-centroid,uf-centroid:SP,,,AMERCB-SP138
6715,MMGDSP2347,Solar,SUDESTE,0.0,-22.666142,-47.701457,aggregate-centroid,uf-centroid:SP,,,BIRIG3-SP138
6716,MMGDSP2349,Solar,SUDESTE,0.0,-22.666142,-47.701457,aggregate-centroid,uf-centroid:SP,,,SJRNOR-SP138
6717,MMGDSP2354,Solar,SUDESTE,0.0,-22.666142,-47.701457,aggregate-centroid,uf-centroid:SP,,,FAZ-VE-SP138
6718,MMGDSP2355,Solar,SUDESTE,0.0,-22.666142,-47.701457,aggregate-centroid,uf-centroid:SP,,,PROMCP-SP138
6719,MMGDSP2357,Solar,SUDESTE,0.0,-22.666142,-47.701457,aggregate-centroid,uf-centroid:SP,,,AGUDOS-SP138
6720,MMGDSP2358,Solar,SUDESTE,0.0,-22.666142,-47.701457,aggregate-centroid,uf-centroid:SP,,,AUXILI-SP138
6721,MMGDSP2359,Solar,SUDESTE,0.0,-22.666142,-47.701457,aggregate-centroid,uf-centroid:SP,,,BAU.CP-SP138
6722,MMGDSP2360,Solar,SUDESTE,0.0,-22.666142,-47.701457,aggregate-centroid,uf-centroid:SP,,,BOTUC--SP138
6723,MMGDSP2361,Solar,SUDESTE,0.0,-22.666142,-47.701457,aggregate-centroid,uf-centroid:SP,,,DUARTI-SP138
6724,MMGDSP2363,Solar,SUDESTE,0.0,-22.666142,-47.701457,aggregate-centroid,uf-centroid:SP,,,ESTORI-SP138
6725,MMGDSP2364,Solar,SUDESTE,0.0,-22.666142,-47.701457,aggregate-centroid,uf-centroid:SP,,,HIPODR-SP138
6726,MMGDSP2366,Solar,SUDESTE,0.0,-22.666142,-47.701457,aggregate-centroid,uf-centroid:SP,,,LENCOI-SP138
6727,MMGDSP2367,Solar,SUDESTE,0.0,-22.666142,-47.701457,aggregate-centroid,uf-centroid:SP,,,LINS---SP138
6728,MMGDSP2368,Solar,SUDESTE,0.0,-22.666142,-47.701457,aggregate-centroid,uf-centroid:SP,,,MARILI-SP138
6729,MMGDSP2369,Solar,SUDESTE,0.0,-22.666142,-47.701457,aggregate-centroid,uf-centroid:SP,,,POMPEI-SP138
6730,MMGDSP2370,Solar,SUDESTE,0.0,-22.666142,-47.701457,aggregate-centroid,uf-centroid:SP,,,SAOMAN-SP138
6731,MMGDSP2371,Solar,SUDESTE,0.0,-22.666142,-47.701457,aggregate-centroid,uf-centroid:SP,,,TBRANC-SP138
6732,MMGDSP2372,Solar,SUDESTE,0.0,-22.666142,-47.701457,aggregate-centroid,uf-centroid:SP,,,VITORI-SP138
6733,MMGDSP2374,Solar,SUDESTE,0.0,-22.666142,-47.701457,aggregate-centroid,uf-centroid:SP,,,GAIVOT-SP138
6734,MMGDSP2375,Solar,SUDESTE,0.0,-22.666142,-47.701457,aggregate-centroid,uf-centroid:SP,,,TARUMA-SP138
6735,MMGDSP2376,Solar,SUDESTE,0.0,-22.666142,-47.701457,aggregate-centroid,uf-centroid:SP,,,TROPIC-SP138
6736,MMGDSP2380,Solar,SUDESTE,0.0,-22.666142,-47.701457,aggregate-centroid,uf-centroid:SP,,,PEDERN-SP138
6737,MMGDSP2383,Solar,SUDESTE,0.0,-22.666142,-47.701457,aggregate-centroid,uf-centroid:SP,,,B.BONI-SP138
6738,MMGDSP2384,Solar,SUDESTE,0.0,-22.666142,-47.701457,aggregate-centroid,uf-centroid:SP,,,DCORRE-SP138
6739,MMGDSP2385,Solar,SUDESTE,0.0,-22.666142,-47.701457,aggregate-centroid,uf-centroid:SP,,,JAU----SP138
6740,MMGDSP2390,Solar,SUDESTE,0.0,-22.666142,-47.701457,aggregate-centroid,uf-centroid:SP,,,ANTONI-SP138
6741,MMGDSP2394,Solar,SUDESTE,0.0,-22.666142,-47.701457,aggregate-centroid,uf-centroid:SP,,,ITAPUI-SP069
6742,MMGDSP2396,Solar,SUDESTE,0.0,-22.666142,-47.701457,aggregate-centroid,uf-centroid:SP,,,COROAD-SP069
6743,MMGDSP2397,Solar,SUDESTE,0.0,-22.666142,-47.701457,aggregate-centroid,uf-centroid:SP,,,GLICER-SP069
6744,MMGDSP2398,Solar,SUDESTE,0.0,-22.666142,-47.701457,aggregate-centroid,uf-centroid:SP,,,BAGUAC-SP069
6745,MMGDSP2399,Solar,SUDESTE,0.0,-22.666142,-47.701457,aggregate-centroid,uf-centroid:SP,,,CAFELA-SP069
6746,MMGDSP2402,Solar,SUDESTE,0.0,-22.666142,-47.701457,aggregate-centroid,uf-centroid:SP,,,GUARAN-SP069
6747,MMGDSP2405,Solar,SUDESTE,0.0,-22.666142,-47.701457,aggregate-centroid,uf-centroid:SP,,,PALVES-SP069
6748,MMGDSP2406,Solar,SUDESTE,0.0,-22.666142,-47.701457,aggregate-centroid,uf-centroid:SP,,,PIRAJU-SP069
6749,MMGDSP2410,Solar,SUDESTE,0.0,-22.666142,-47.701457,aggregate-centroid,uf-centroid:SP,,,PIACAT-SP069
6750,MMGDSP2411,Solar,SUDESTE,0.0,-22.666142,-47.701457,aggregate-centroid,uf-centroid:SP,,,BIRIGU-SP069
6751,MMGDSP2412,Solar,SUDESTE,0.0,-22.666142,-47.701457,aggregate-centroid,uf-centroid:SP,,,BRAUNA-SP069
6752,MMGDSP2413,Solar,SUDESTE,0.0,-22.666142,-47.701457,aggregate-centroid,uf-centroid:SP,,,BARBOS-SP069
6753,MMGDSP2415,Solar,SUDESTE,0.0,-22.666142,-47.701457,aggregate-centroid,uf-centroid:SP,,,JBONIF-SP069
6754,MMGDSP2416,Solar,SUDESTE,0.0,-22.666142,-47.701457,aggregate-centroid,uf-centroid:SP,,,MTEAPR-SP069
6755,MMGDSP2417,Solar,SUDESTE,0.0,-22.666142,-47.701457,aggregate-centroid,uf-centroid:SP,,,NOVGRA-SP069
6756,MMGDSP2418,Solar,SUDESTE,0.0,-22.666142,-47.701457,aggregate-centroid,uf-centroid:SP,,,PALEST-SP069
6757,MMGDSP2419,Solar,SUDESTE,0.0,-22.666142,-47.701457,aggregate-centroid,uf-centroid:SP,,,ICEM---SP069
6758,MMGDSP2420,Solar,SUDESTE,0.0,-22.666142,-47.701457,aggregate-centroid,uf-centroid:SP,,,ALTAIR-SP069
6759,MMGDSP2422,Solar,SUDESTE,0.0,-22.666142,-47.701457,aggregate-centroid,uf-centroid:SP,,,GUARAR-SP069
6760,MMGDSP2423,Solar,SUDESTE,0.0,-22.666142,-47.701457,aggregate-centroid,uf-centroid:SP,,,TANABI-SP069
6761,MMGDSP2424,Solar,SUDESTE,0.0,-22.666142,-47.701457,aggregate-centroid,uf-centroid:SP,,,BARIIA-SP138
6762,MMGDSP2426,Solar,SUDESTE,0.0,-22.666142,-47.701457,aggregate-centroid,uf-centroid:SP,,,BOCAIN-SP069
6763,MMGDSP2429,Solar,SUDESTE,0.0,-22.666142,-47.701457,aggregate-centroid,uf-centroid:SP,,,MACATU-SP069
6764,MMGDSP2430,Solar,SUDESTE,0.0,-22.666142,-47.701457,aggregate-centroid,uf-centroid:SP,,,IGTIET-SP069
6765,MMGDSP2431,Solar,SUDESTE,0.0,-22.666142,-47.701457,aggregate-centroid,uf-centroid:SP,,,PEDERN-SP069
6766,MMGDSP2432,Solar,SUDESTE,0.0,-22.666142,-47.701457,aggregate-centroid,uf-centroid:SP,,,CANAVI-SP069
6767,MMGDSP2433,Solar,SUDESTE,0.0,-22.666142,-47.701457,aggregate-centroid,uf-centroid:SP,,,BEBED--SP138
6768,MMGDSP2437,Solar,SUDESTE,0.0,-22.666142,-47.701457,aggregate-centroid,uf-centroid:SP,,,BARRET-SP138
6769,MMGDSP2438,Solar,SUDESTE,0.0,-22.666142,-47.701457,aggregate-centroid,uf-centroid:SP,,,COLOBA-SP138
6770,MMGDSP2440,Solar,SUDESTE,0.0,-22.666142,-47.701457,aggregate-centroid,uf-centroid:SP,,,GAVEA--SP138
6771,MMGDSP2441,Solar,SUDESTE,0.0,-22.666142,-47.701457,aggregate-centroid,uf-centroid:SP,,,MINERV-SP138
6772,MMGDSP2442,Solar,SUDESTE,0.0,-22.666142,-47.701457,aggregate-centroid,uf-centroid:SP,,,VIRADO-SP138
6773,MMGDSP2443,Solar,SUDESTE,0.0,-22.666142,-47.701457,aggregate-centroid,uf-centroid:SP,,,COLINA-SP138
6774,MMGDSP2444,Solar,SUDESTE,0.0,-22.666142,-47.701457,aggregate-centroid,uf-centroid:SP,,,SJBAR2-SP138
6775,MMGDSP2447,Solar,SUDESTE,0.0,-22.666142,-47.701457,aggregate-centroid,uf-centroid:SP,,,MTAZUL-SP138
6776,MMGDSP2453,Solar,SUDESTE,0.0,-22.666142,-47.701457,aggregate-centroid,uf-centroid:SP,,,AMBRAS-SP138
6777,MMGDSP2454,Solar,SUDESTE,0.0,-22.666142,-47.701457,aggregate-centroid,uf-centroid:SP,,,ARARCP-SP138
6778,MMGDSP2455,Solar,SUDESTE,0.0,-22.666142,-47.701457,aggregate-centroid,uf-centroid:SP,,,BVISTA-SP138
6779,MMGDSP2458,Solar,SUDESTE,0.0,-22.666142,-47.701457,aggregate-centroid,uf-centroid:SP,,,DESCAL-SP138
6780,MMGDSP2459,Solar,SUDESTE,0.0,-22.666142,-47.701457,aggregate-centroid,uf-centroid:SP,,,DOBRAD-SP138
6781,MMGDSP2461,Solar,SUDESTE,0.0,-22.666142,-47.701457,aggregate-centroid,uf-centroid:SP,,,IBI-CP-SP138
6782,MMGDSP2462,Solar,SUDESTE,0.0,-22.666142,-47.701457,aggregate-centroid,uf-centroid:SP,,,ITACOL-SP138
6783,MMGDSP2463,Solar,SUDESTE,0.0,-22.666142,-47.701457,aggregate-centroid,uf-centroid:SP,,,JABOTI-SP138
6784,MMGDSP2465,Solar,SUDESTE,0.0,-22.666142,-47.701457,aggregate-centroid,uf-centroid:SP,,,PAIOL--SP138
6785,MMGDSP2466,Solar,SUDESTE,0.0,-22.666142,-47.701457,aggregate-centroid,uf-centroid:SP,,,PROGRE-SP138
6786,MMGDSP2467,Solar,SUDESTE,0.0,-22.666142,-47.701457,aggregate-centroid,uf-centroid:SP,,,RINCAO-SP138
6787,MMGDSP2468,Solar,SUDESTE,0.0,-22.666142,-47.701457,aggregate-centroid,uf-centroid:SP,,,SCARLO-SP138
6788,MMGDSP2469,Solar,SUDESTE,0.0,-22.666142,-47.701457,aggregate-centroid,uf-centroid:SP,,,TAIUVA-SP138
6789,MMGDSP2470,Solar,SUDESTE,0.0,-22.666142,-47.701457,aggregate-centroid,uf-centroid:SP,,,UIRAPU-SP138
6790,MMGDSP2471,Solar,SUDESTE,0.0,-22.666142,-47.701457,aggregate-centroid,uf-centroid:SP,,,PIRANG-SP138
6791,MMGDSP2474,Solar,SUDESTE,0.0,-22.666142,-47.701457,aggregate-centroid,uf-centroid:SP,,,IBATE--SP138
6792,MMGDSP2475,Solar,SUDESTE,0.0,-22.666142,-47.701457,aggregate-centroid,uf-centroid:SP,,,PARAIS-SP138
6793,MMGDSP2476,Solar,SUDESTE,0.0,-22.666142,-47.701457,aggregate-centroid,uf-centroid:SP,,,RPRETS-SP138
6794,MMGDSP2477,Solar,SUDESTE,0.0,-22.666142,-47.701457,aggregate-centroid,uf-centroid:SP,,,BETHAN-SP138
6795,MMGDSP2480,Solar,SUDESTE,0.0,-22.666142,-47.701457,aggregate-centroid,uf-centroid:SP,,,ESPERA-SP138
6796,MMGDSP2482,Solar,SUDESTE,0.0,-22.666142,-47.701457,aggregate-centroid,uf-centroid:SP,,,ITAPOL-SP138
6797,MMGDSP2484,Solar,SUDESTE,0.0,-22.666142,-47.701457,aggregate-centroid,uf-centroid:SP,,,ATHENA-SP138
6798,MMGDSP2485,Solar,SUDESTE,0.0,-22.666142,-47.701457,aggregate-centroid,uf-centroid:SP,,,JARDIN-SP138
6799,MMGDSP2487,Solar,SUDESTE,0.0,-22.666142,-47.701457,aggregate-centroid,uf-centroid:SP,,,BARRIN-SP138
6800,MMGDSP2488,Solar,SUDESTE,0.0,-22.666142,-47.701457,aggregate-centroid,uf-centroid:SP,,,BATATA-SP138
6801,MMGDSP2489,Solar,SUDESTE,0.0,-22.666142,-47.701457,aggregate-centroid,uf-centroid:SP,,,BRODOS-SP138
6802,MMGDSP2490,Solar,SUDESTE,0.0,-22.666142,-47.701457,aggregate-centroid,uf-centroid:SP,,,CAJURU-SP138
6803,MMGDSP2491,Solar,SUDESTE,0.0,-22.666142,-47.701457,aggregate-centroid,uf-centroid:SP,,,CRAVIN-SP138
6804,MMGDSP2492,Solar,SUDESTE,0.0,-22.666142,-47.701457,aggregate-centroid,uf-centroid:SP,,,FRANCA-SP138
6805,MMGDSP2493,Solar,SUDESTE,0.0,-22.666142,-47.701457,aggregate-centroid,uf-centroid:SP,,,DIAMAN-SP138
6806,MMGDSP2494,Solar,SUDESTE,0.0,-22.666142,-47.701457,aggregate-centroid,uf-centroid:SP,,,HUMAIT-SP138
6807,MMGDSP2496,Solar,SUDESTE,0.0,-22.666142,-47.701457,aggregate-centroid,uf-centroid:SP,,,IPANEM-SP138
6808,MMGDSP2497,Solar,SUDESTE,0.0,-22.666142,-47.701457,aggregate-centroid,uf-centroid:SP,,,IPIRAN-SP138
6809,MMGDSP2498,Solar,SUDESTE,0.0,-22.666142,-47.701457,aggregate-centroid,uf-centroid:SP,,,IPUA---SP138
6810,MMGDSP2499,Solar,SUDESTE,0.0,-22.666142,-47.701457,aggregate-centroid,uf-centroid:SP,,,ITAIPA-SP138
6811,MMGDSP2500,Solar,SUDESTE,0.0,-22.666142,-47.701457,aggregate-centroid,uf-centroid:SP,,,LEAOXI-SP138
6812,MMGDSP2501,Solar,SUDESTE,0.0,-22.666142,-47.701457,aggregate-centroid,uf-centroid:SP,,,PATROC-SP138
6813,MMGDSP2503,Solar,SUDESTE,0.0,-22.666142,-47.701457,aggregate-centroid,uf-centroid:SP,,,PITANG-SP138
6814,MMGDSP2504,Solar,SUDESTE,0.0,-22.666142,-47.701457,aggregate-centroid,uf-centroid:SP,,,PRADOP-SP138
6815,MMGDSP2505,Solar,SUDESTE,0.0,-22.666142,-47.701457,aggregate-centroid,uf-centroid:SP,,,RESEND-SP138
6816,MMGDSP2506,Solar,SUDESTE,0.0,-22.666142,-47.701457,aggregate-centroid,uf-centroid:SP,,,M.CIPO-SP138
6817,MMGDSP2508,Solar,SUDESTE,0.0,-22.666142,-47.701457,aggregate-centroid,uf-centroid:SP,,,SAOSIM-SP138
6818,MMGDSP2509,Solar,SUDESTE,0.0,-22.666142,-47.701457,aggregate-centroid,uf-centroid:SP,,,VLALBE-SP138
6819,MMGDSP2511,Solar,SUDESTE,0.0,-22.666142,-47.701457,aggregate-centroid,uf-centroid:SP,,,RIBNOR-SP138
6820,MMGDSP2514,Solar,SUDESTE,0.0,-22.666142,-47.701457,aggregate-centroid,uf-centroid:SP,,,NODESS-SP138
6821,MMGDSP2515,Solar,SUDESTE,0.0,-22.666142,-47.701457,aggregate-centroid,uf-centroid:SP,,,SERTAO-SP138
6822,MMGDSP2516,Solar,SUDESTE,0.0,-22.666142,-47.701457,aggregate-centroid,uf-centroid:SP,,,ANHANG-SP138
6823,MMGDSP2517,Solar,SUDESTE,0.0,-22.666142,-47.701457,aggregate-centroid,uf-centroid:SP,,,MAGUDO-SP138
6824,MMGDSP2518,Solar,SUDESTE,0.0,-22.666142,-47.701457,aggregate-centroid,uf-centroid:SP,,,PONTAL-SP138
6825,MMGDSP2520,Solar,SUDESTE,0.0,-22.666142,-47.701457,aggregate-centroid,uf-centroid:SP,,,BGERAL-SP138
6826,MMGDSP2528,Solar,SUDESTE,0.0,-22.666142,-47.701457,aggregate-centroid,uf-centroid:SP,,,CHAOPR-SP069
6827,MMGDSP2532,Solar,SUDESTE,0.0,-22.666142,-47.701457,aggregate-centroid,uf-centroid:SP,,,BONFPA-SP069
6828,MMGDSP2537,Solar,SUDESTE,0.0,-22.666142,-47.701457,aggregate-centroid,uf-centroid:SP,,,BESUL--SP069
6829,MMGDSP2539,Solar,SUDESTE,0.0,-22.666142,-47.701457,aggregate-centroid,uf-centroid:SP,,,TAQUAR-SP069
6830,MMGDSP2540,Solar,SUDESTE,0.0,-22.666142,-47.701457,aggregate-centroid,uf-centroid:SP,,,MTEALT-SP069
6831,MMGDSP2541,Solar,SUDESTE,0.0,-22.666142,-47.701457,aggregate-centroid,uf-centroid:SP,,,JAU4---SP138
6832,MMGDSP2543,Solar,SUDESTE,0.0,-22.666142,-47.701457,aggregate-centroid,uf-centroid:SP,,,FSALES-SP138
6833,MMGDSP2544,Solar,SUDESTE,0.0,-22.666142,-47.701457,aggregate-centroid,uf-centroid:SP,,,STADEL-SP069
6834,MMGDSP2546,Solar,SUDESTE,0.0,-22.666142,-47.701457,aggregate-centroid,uf-centroid:SP,,,RPRETO-SP138
6835,MMGDSP2547,Solar,SUDESTE,0.0,-22.666142,-47.701457,aggregate-centroid,uf-centroid:SP,,,ALTINO-SP069
6836,MMGDSP2548,Solar,SUDESTE,0.0,-22.666142,-47.701457,aggregate-centroid,uf-centroid:SP,,,NUPORA-SP069
6837,MMGDSP2551,Solar,SUDESTE,0.0,-22.666142,-47.701457,aggregate-centroid,uf-centroid:SP,,,GUARA--SP069
6838,MMGDSP2552,Solar,SUDESTE,0.0,-22.666142,-47.701457,aggregate-centroid,uf-centroid:SP,,,IGARAP-SP069
6839,MMGDSP2553,Solar,SUDESTE,0.0,-22.666142,-47.701457,aggregate-centroid,uf-centroid:SP,,,ITUVER-SP069
6840,MMGDSP2554,Solar,SUDESTE,0.0,-22.666142,-47.701457,aggregate-centroid,uf-centroid:SP,,,MIGUEL-SP138
6841,MMGDSP2555,Solar,SUDESTE,0.0,-22.666142,-47.701457,aggregate-centroid,uf-centroid:SP,,,PEDREG-SP069
6842,MMGDSP2557,Solar,SUDESTE,0.0,-22.666142,-47.701457,aggregate-centroid,uf-centroid:SP,,,SJBARR-SP069
6843,MMGDSP2558,Solar,SUDESTE,0.0,-22.666142,-47.701457,aggregate-centroid,uf-centroid:SP,,,US.DOU-SP069
6844,MMGDSP2559,Solar,SUDESTE,0.0,-22.666142,-47.701457,aggregate-centroid,uf-centroid:SP,,,MDESTE-SP138
6845,MMGDSP2560,Solar,SUDESTE,0.0,-22.666142,-47.701457,aggregate-centroid,uf-centroid:SP,,,SERRAN-SP069
6846,MMGDSP2571,Solar,SUDESTE,0.0,-23.532589,-47.471554,plant,reference,,,VOTOR2-SP088
6847,MMGDSP2582,Solar,SUDESTE,0.0,-22.666142,-47.701457,aggregate-centroid,uf-centroid:SP,,,VCA-PI-SP138
6848,MMGDSP2592,Solar,SUDESTE,0.0,-22.666142,-47.701457,aggregate-centroid,uf-centroid:SP,,,SANTO8-SP088
6849,MMGDSP2598,Solar,SUDESTE,0.0,-22.666142,-47.701457,aggregate-centroid,uf-centroid:SP,,,INDAI2-SP088
6850,MMGDSP2604,Solar,SUDESTE,0.0,-22.666142,-47.701457,aggregate-centroid,uf-centroid:SP,,,BOITUV-SP138
6851,MMGDSP28771,Solar,SUDESTE,0.0,-22.666142,-47.701457,aggregate-centroid,uf-centroid:SP,,,MOCOC3-SP034
6852,MMGDSP28811,Solar,SUDESTE,0.0,-22.666142,-47.701457,aggregate-centroid,uf-centroid:SP,,,ITAPE9-SP138
6853,MMGDSP28812,Solar,SUDESTE,0.0,-22.666142,-47.701457,aggregate-centroid,uf-centroid:SP,,,CBRAN5-SP138
6854,MMGDSP28814,Solar,SUDESTE,0.0,-22.666142,-47.701457,aggregate-centroid,uf-centroid:SP,,,CACOND-SP011
6855,MMGDSP28818,Solar,SUDESTE,0.0,-22.666142,-47.701457,aggregate-centroid,uf-centroid:SP,,,JAGUA5-SP138
6856,MMGDSP28836,Solar,SUDESTE,0.0,-22.666142,-47.701457,aggregate-centroid,uf-centroid:SP,,,ITAPE4-SP138
6857,MMGDSP29562,Solar,SUDESTE,0.0,-22.666142,-47.701457,aggregate-centroid,uf-centroid:SP,,,SCRPA--SP069
6858,MMGDSP29563,Solar,SUDESTE,0.0,-22.666142,-47.701457,aggregate-centroid,uf-centroid:SP,,,BCAMP--SP069
6859,MMGDSP29581,Solar,SUDESTE,0.0,-22.666142,-47.701457,aggregate-centroid,uf-centroid:SP,,,AVARE1-SP138
6860,MMGDSP29600,Solar,SUDESTE,0.0,-22.666142,-47.701457,aggregate-centroid,uf-centroid:SP,,,CEC2---SP088
6861,MMGDSP29603,Solar,SUDESTE,0.0,-22.666142,-47.701457,aggregate-centroid,uf-centroid:SP,,,BCAMP--SP069
6862,MMGDSP29851,Solar,SUDESTE,0.0,-22.666142,-47.701457,aggregate-centroid,uf-centroid:SP,,,BROTAS-SP138
6863,MMGDSP29854,Solar,SUDESTE,0.0,-22.666142,-47.701457,aggregate-centroid,uf-centroid:SP,,,MORUNG-SP138
6864,MMGDSP29856,Solar,SUDESTE,0.0,-22.666142,-47.701457,aggregate-centroid,uf-centroid:SP,,,ARACAT-SP013
6865,MMGDSP29869,Solar,SUDESTE,0.0,-22.666142,-47.701457,aggregate-centroid,uf-centroid:SP,,,METROP-SP138
6866,MMGDSP29874,Solar,SUDESTE,0.0,-22.666142,-47.701457,aggregate-centroid,uf-centroid:SP,,,IACANG-SP034
6867,MMGDSP29875,Solar,SUDESTE,0.0,-22.666142,-47.701457,aggregate-centroid,uf-centroid:SP,,,REGINO-SP034
6868,MMGDSP29877,Solar,SUDESTE,0.0,-22.666142,-47.701457,aggregate-centroid,uf-centroid:SP,,,PONGAI-SP034
6869,MMGDSP29880,Solar,SUDESTE,0.0,-22.666142,-47.701457,aggregate-centroid,uf-centroid:SP,,,AREALV-SP034
6870,MMGDSP29887,Solar,SUDESTE,0.0,-22.666142,-47.701457,aggregate-centroid,uf-centroid:SP,,,PATRIA-SP138
6871,MMGDSP29889,Solar,SUDESTE,0.0,-22.666142,-47.701457,aggregate-centroid,uf-centroid:SP,,,GUANAB-SP138
6872,MMGDSP29988,Solar,SUDESTE,0.0,-22.666142,-47.701457,aggregate-centroid,uf-centroid:SP,,,CAMPCE-SP138
6873,MMGDSP30005,Solar,SUDESTE,0.0,-22.666142,-47.701457,aggregate-centroid,uf-centroid:SP,,,ARACAN-SP034
6874,MMGDSP30006,Solar,SUDESTE,0.0,-22.666142,-47.701457,aggregate-centroid,uf-centroid:SP,,,ITAMBE-SP013
6875,MMGDSP30009,Solar,SUDESTE,0.0,-22.666142,-47.701457,aggregate-centroid,uf-centroid:SP,,,PIRAC9-SP138
6876,MMGDSP30012,Solar,SUDESTE,0.0,-22.666142,-47.701457,aggregate-centroid,uf-centroid:SP,,,COLOM2-SP138
6877,MMGDSP30017,Solar,SUDESTE,0.0,-22.666142,-47.701457,aggregate-centroid,uf-centroid:SP,,,OCAUCU-SP034
6878,MMGDSP30019,Solar,SUDESTE,0.0,-22.666142,-47.701457,aggregate-centroid,uf-centroid:SP,,,TABATI-SP034
6879,MMGDSP30020,Solar,SUDESTE,0.0,-22.666142,-47.701457,aggregate-centroid,uf-centroid:SP,,,AUXTR3-SP034
6880,MMGDSP30021,Solar,SUDESTE,0.0,-22.666142,-47.701457,aggregate-centroid,uf-centroid:SP,,,PARDIN-SP034
6881,MMGDSP30022,Solar,SUDESTE,0.0,-22.666142,-47.701457,aggregate-centroid,uf-centroid:SP,,,ITATIN-SP034
6882,MMGDSP30037,Solar,SUDESTE,0.0,-22.666142,-47.701457,aggregate-centroid,uf-centroid:SP,,,CPRET--SP034
6883,MMGDSP30043,Solar,SUDESTE,0.0,-22.666142,-47.701457,aggregate-centroid,uf-centroid:SP,,,CPS19--SP138
6884,MMGDSP30049,Solar,SUDESTE,0.0,-22.666142,-47.701457,aggregate-centroid,uf-centroid:SP,,,CPS18--SP138
6885,MMGDSP30050,Solar,SUDESTE,0.0,-22.666142,-47.701457,aggregate-centroid,uf-centroid:SP,,,BOFETE-SP034
6886,MMGDSP30120,Solar,SUDESTE,0.0,-22.666142,-47.701457,aggregate-centroid,uf-centroid:SP,,,CPS20--SP138
6887,MMGDSP30123,Solar,SUDESTE,0.0,-22.666142,-47.701457,aggregate-centroid,uf-centroid:SP,,,GUARIB-SP138
6888,MMGDSP30126,Solar,SUDESTE,0.0,-22.666142,-47.701457,aggregate-centroid,uf-centroid:SP,,,RPRE13-SP138
6889,MMGDSP30141,Solar,SUDESTE,0.0,-22.666142,-47.701457,aggregate-centroid,uf-centroid:SP,,,SJRP7--SP138
6890,MMGDSP30155,Solar,SUDESTE,0.0,-22.666142,-47.701457,aggregate-centroid,uf-centroid:SP,,,MARIL4-SP138
6891,MMGDSP30156,Solar,SUDESTE,0.0,-22.666142,-47.701457,aggregate-centroid,uf-centroid:SP,,,GUAPI2-SP138
6892,MMGDSP30185,Solar,SUDESTE,0.0,-22.666142,-47.701457,aggregate-centroid,uf-centroid:SP,,,ITATI4-SP138
6893,MMGDSP30195,Solar,SUDESTE,0.0,-22.666142,-47.701457,aggregate-centroid,uf-centroid:SP,,,AIRPRT-SP138
6894,MMGDSP30264,Solar,SUDESTE,0.0,-22.666142,-47.701457,aggregate-centroid,uf-centroid:SP,,,PAULI3-SP138
6895,MMGDSP30292,Solar,SUDESTE,0.0,-22.666142,-47.701457,aggregate-centroid,uf-centroid:SP,,,SA2TIE-SP034
6896,MMGDSP30295,Solar,SUDESTE,0.0,-22.666142,-47.701457,aggregate-centroid,uf-centroid:SP,,,TRIANO-SP138
6897,MMGDSP30307,Solar,SUDESTE,0.0,-22.666142,-47.701457,aggregate-centroid,uf-centroid:SP,,,SABINO-SP034
6898,MMGDSP30309,Solar,SUDESTE,0.0,-22.666142,-47.701457,aggregate-centroid,uf-centroid:SP,,,HRCLAN-SP034
6899,MMGDSP3031,Solar,SUDESTE,0.0,-20.774091,-51.716766,plant,reference,,,AGUAI--SP138
6900,MMGDSP3032,Solar,SUDESTE,0.0,-22.666142,-47.701457,aggregate-centroid,uf-centroid:SP,,,ARARSB-SP138
6901,MMGDSP3033,Solar,SUDESTE,0.0,-22.666142,-47.701457,aggregate-centroid,uf-centroid:SP,,,ARARA2-SP138
6902,MMGDSP3034,Solar,SUDESTE,0.0,-22.666142,-47.701457,aggregate-centroid,uf-centroid:SP,,,ARTURN-SP138
6903,MMGDSP30347,Solar,SUDESTE,0.0,-22.666142,-47.701457,aggregate-centroid,uf-centroid:SP,,,GET-CP-SP138
6904,MMGDSP3035,Solar,SUDESTE,0.0,-22.666142,-47.701457,aggregate-centroid,uf-centroid:SP,,,CONCHA-SP138
6905,MMGDSP30354,Solar,SUDESTE,0.0,-22.666142,-47.701457,aggregate-centroid,uf-centroid:SP,,,GUARP2-SP138
6906,MMGDSP30355,Solar,SUDESTE,0.0,-22.666142,-47.701457,aggregate-centroid,uf-centroid:SP,,,BILAC--SP069
6907,MMGDSP30356,Solar,SUDESTE,0.0,-22.666142,-47.701457,aggregate-centroid,uf-centroid:SP,,,JACI---SP069
6908,MMGDSP30359,Solar,SUDESTE,0.0,-22.666142,-47.701457,aggregate-centroid,uf-centroid:SP,,,TANAB2-SP138
6909,MMGDSP3036,Solar,SUDESTE,0.0,-22.666142,-47.701457,aggregate-centroid,uf-centroid:SP,,,CORDEI-SP138
6910,MMGDSP30362,Solar,SUDESTE,0.0,-22.666142,-47.701457,aggregate-centroid,uf-centroid:SP,,,JBONI2-SP138
6911,MMGDSP30365,Solar,SUDESTE,0.0,-22.666142,-47.701457,aggregate-centroid,uf-centroid:SP,,,BADYBA-SP138
6912,MMGDSP30367,Solar,SUDESTE,0.0,-22.666142,-47.701457,aggregate-centroid,uf-centroid:SP,,,POTI---SP034
6913,MMGDSP3037,Solar,SUDESTE,0.0,-22.666142,-47.701457,aggregate-centroid,uf-centroid:SP,,,IRACEM-SP138
6914,MMGDSP3038,Solar,SUDESTE,0.0,-22.666142,-47.701457,aggregate-centroid,uf-centroid:SP,,,LEME---SP138
6915,MMGDSP3039,Solar,SUDESTE,0.0,-22.666142,-47.701457,aggregate-centroid,uf-centroid:SP,,,LIMER1-SP138
6916,MMGDSP3040,Solar,SUDESTE,0.0,-22.666142,-47.701457,aggregate-centroid,uf-centroid:SP,,,LIMER2-SP138
6917,MMGDSP3041,Solar,SUDESTE,0.0,-22.666142,-47.701457,aggregate-centroid,uf-centroid:SP,,,LIMER3-SP138
6918,MMGDSP3042,Solar,SUDESTE,0.0,-22.666142,-47.701457,aggregate-centroid,uf-centroid:SP,,,LIME4R-SP138
6919,MMGDSP3043,Solar,SUDESTE,0.0,-22.666142,-47.701457,aggregate-centroid,uf-centroid:SP,,,LIMER5-SP138
6920,MMGDSP3044,Solar,SUDESTE,0.0,-22.666142,-47.701457,aggregate-centroid,uf-centroid:SP,,,MOG1-E-SP138
6921,MMGDSP3046,Solar,SUDESTE,0.0,-22.666142,-47.701457,aggregate-centroid,uf-centroid:SP,,,MGUAC2-SP138
6922,MMGDSP3047,Solar,SUDESTE,0.0,-22.666142,-47.701457,aggregate-centroid,uf-centroid:SP,,,MMIRIM-SP138
6923,MMGDSP3048,Solar,SUDESTE,0.0,-22.666142,-47.701457,aggregate-centroid,uf-centroid:SP,,,MOM2-E-SP138
6924,MMGDSP3049,Solar,SUDESTE,0.0,-22.666142,-47.701457,aggregate-centroid,uf-centroid:SP,,,PIRAS1-SP138
6925,MMGDSP3050,Solar,SUDESTE,0.0,-22.666142,-47.701457,aggregate-centroid,uf-centroid:SP,,,PIRAS2-SP138
6926,MMGDSP3051,Solar,SUDESTE,0.0,-22.666142,-47.701457,aggregate-centroid,uf-centroid:SP,,,PFERRE-SP138
6927,MMGDSP30515,Solar,SUDESTE,0.0,-22.666142,-47.701457,aggregate-centroid,uf-centroid:SP,,,ARACA5-SP138
6928,MMGDSP3053,Solar,SUDESTE,0.0,-22.666142,-47.701457,aggregate-centroid,uf-centroid:SP,,,RIC1-E-SP138
6929,MMGDSP3054,Solar,SUDESTE,0.0,-22.666142,-47.701457,aggregate-centroid,uf-centroid:SP,,,RCLAR2-SP138
6930,MMGDSP3055,Solar,SUDESTE,0.0,-22.666142,-47.701457,aggregate-centroid,uf-centroid:SP,,,RCLAR3-SP138
6931,MMGDSP3056,Solar,SUDESTE,0.0,-22.666142,-47.701457,aggregate-centroid,uf-centroid:SP,,,SJBVIS-SP138
6932,MMGDSP3057,Solar,SUDESTE,0.0,-22.666142,-47.701457,aggregate-centroid,uf-centroid:SP,,,SCPALM-SP138
6933,MMGDSP3058,Solar,SUDESTE,0.0,-22.666142,-47.701457,aggregate-centroid,uf-centroid:SP,,,SRP4-T-SP138
6934,MMGDSP3059,Solar,SUDESTE,0.0,-22.666142,-47.701457,aggregate-centroid,uf-centroid:SP,,,SAPOSS-SP138
6935,MMGDSP3060,Solar,SUDESTE,0.0,-22.666142,-47.701457,aggregate-centroid,uf-centroid:SP,,,VGSUL--SP138
6936,MMGDSP30665,Solar,SUDESTE,0.0,-22.666142,-47.701457,aggregate-centroid,uf-centroid:SP,,,INDAI1-SP088
6937,MMGDSP30667,Solar,SUDESTE,0.0,-22.666142,-47.701457,aggregate-centroid,uf-centroid:SP,,,PFELIZ-SP088
6938,MMGDSP30671,Solar,SUDESTE,0.0,-22.666142,-47.701457,aggregate-centroid,uf-centroid:SP,,,P.GOES-SP088
6939,MMGDSP30672,Solar,SUDESTE,0.0,-22.666142,-47.701457,aggregate-centroid,uf-centroid:SP,,,ITU-C1-SP088
6940,MMGDSP30673,Solar,SUDESTE,0.0,-22.666142,-47.701457,aggregate-centroid,uf-centroid:SP,,,ITU-C2-SP088
6941,MMGDSP30676,Solar,SUDESTE,0.0,-22.666142,-47.701457,aggregate-centroid,uf-centroid:SP,,,JUNDI4-SP138
6942,MMGDSP30677,Solar,SUDESTE,0.0,-22.666142,-47.701457,aggregate-centroid,uf-centroid:SP,,,JUNDI5-SP138
6943,MMGDSP30678,Solar,SUDESTE,0.0,-22.666142,-47.701457,aggregate-centroid,uf-centroid:SP,,,LOU-C1-SP138
6944,MMGDSP30679,Solar,SUDESTE,0.0,-22.666142,-47.701457,aggregate-centroid,uf-centroid:SP,,,LOU-C2-SP138
6945,MMGDSP30680,Solar,SUDESTE,0.0,-22.666142,-47.701457,aggregate-centroid,uf-centroid:SP,,,CAPALT-SP088
6946,MMGDSP30683,Solar,SUDESTE,0.0,-22.666142,-47.701457,aggregate-centroid,uf-centroid:SP,,,VINHE1-SP138
6947,MMGDSP30684,Solar,SUDESTE,0.0,-22.666142,-47.701457,aggregate-centroid,uf-centroid:SP,,,VINHE2-SP138
6948,MMGDSP30685,Solar,SUDESTE,0.0,-22.666142,-47.701457,aggregate-centroid,uf-centroid:SP,,,ARACAR-SP088
6949,MMGDSP30688,Solar,SUDESTE,0.0,-22.666142,-47.701457,aggregate-centroid,uf-centroid:SP,,,INDAI3-SP088
6950,MMGDSP30691,Solar,SUDESTE,0.0,-22.666142,-47.701457,aggregate-centroid,uf-centroid:SP,,,SPIRAP-SP088
6951,MMGDSP30694,Solar,SUDESTE,0.0,-22.666142,-47.701457,aggregate-centroid,uf-centroid:SP,,,SVICE3-SP088
6952,MMGDSP30695,Solar,SUDESTE,0.0,-22.666142,-47.701457,aggregate-centroid,uf-centroid:SP,,,ITU2---SP088
6953,MMGDSP30707,Solar,SUDESTE,0.0,-22.666142,-47.701457,aggregate-centroid,uf-centroid:SP,,,SIMUS1-SP088
6954,MMGDSP30708,Solar,SUDESTE,0.0,-22.666142,-47.701457,aggregate-centroid,uf-centroid:SP,,,SIMUS2-SP088
6955,MMGDSP30709,Solar,SUDESTE,0.0,-22.666142,-47.701457,aggregate-centroid,uf-centroid:SP,,,SOROC6-SP088
6956,MMGDSP30710,Solar,SUDESTE,0.0,-22.666142,-47.701457,aggregate-centroid,uf-centroid:SP,,,REPRE2-SP088
6957,MMGDSP30711,Solar,SUDESTE,0.0,-22.666142,-47.701457,aggregate-centroid,uf-centroid:SP,,,REPRE1-SP088
6958,MMGDSP30720,Solar,SUDESTE,0.0,-22.666142,-47.701457,aggregate-centroid,uf-centroid:SP,,,SOROC5-SP088
6959,MMGDSP30724,Solar,SUDESTE,0.0,-22.666142,-47.701457,aggregate-centroid,uf-centroid:SP,,,SOROC4-SP088
6960,MMGDSP30727,Solar,SUDESTE,0.0,-22.666142,-47.701457,aggregate-centroid,uf-centroid:SP,,,VOTORA-SP088
6961,MMGDSP30729,Solar,SUDESTE,0.0,-22.666142,-47.701457,aggregate-centroid,uf-centroid:SP,,,SOROC1-SP088
6962,MMGDSP30732,Solar,SUDESTE,0.0,-22.666142,-47.701457,aggregate-centroid,uf-centroid:SP,,,BOITU2-SP088
6963,MMGDSP30733,Solar,SUDESTE,0.0,-22.666142,-47.701457,aggregate-centroid,uf-centroid:SP,,,BOITU1-SP088
6964,MMGDSP30763,Solar,SUDESTE,0.0,-22.666142,-47.701457,aggregate-centroid,uf-centroid:SP,,,ITUPV3-SP088
6965,MMGDSP30764,Solar,SUDESTE,0.0,-22.666142,-47.701457,aggregate-centroid,uf-centroid:SP,,,ITUPV4-SP088
6966,MMGDSP30771,Solar,SUDESTE,0.0,-22.666142,-47.701457,aggregate-centroid,uf-centroid:SP,,,VPL--3-SP088
6967,MMGDSP30772,Solar,SUDESTE,0.0,-22.666142,-47.701457,aggregate-centroid,uf-centroid:SP,,,VPL--4-SP088
6968,MMGDSP30786,Solar,SUDESTE,0.0,-22.666142,-47.701457,aggregate-centroid,uf-centroid:SP,,,CLIMPO-SP088
6969,MMGDSP30806,Solar,SUDESTE,0.0,-22.666142,-47.701457,aggregate-centroid,uf-centroid:SP,,,T.UVA1-SP088
6970,MMGDSP30807,Solar,SUDESTE,0.0,-22.666142,-47.701457,aggregate-centroid,uf-centroid:SP,,,T.UVA2-SP088
6971,MMGDSP30810,Solar,SUDESTE,0.0,-22.666142,-47.701457,aggregate-centroid,uf-centroid:SP,,,JUNDIA-SP088
6972,MMGDSP3082,Solar,SUDESTE,0.0,-22.666142,-47.701457,aggregate-centroid,uf-centroid:SP,,,ARUJA--SP138
6973,MMGDSP3083,Solar,SUDESTE,0.0,-22.666142,-47.701457,aggregate-centroid,uf-centroid:SP,,,ATIBA1-SP138
6974,MMGDSP30831,Solar,SUDESTE,0.0,-22.666142,-47.701457,aggregate-centroid,uf-centroid:SP,,,MAIRIN-SP088
6975,MMGDSP30833,Solar,SUDESTE,0.0,-22.666142,-47.701457,aggregate-centroid,uf-centroid:SP,,,SROQUE-SP088
6976,MMGDSP30835,Solar,SUDESTE,0.0,-22.666142,-47.701457,aggregate-centroid,uf-centroid:SP,,,IBIUN1-SP088
6977,MMGDSP30836,Solar,SUDESTE,0.0,-22.666142,-47.701457,aggregate-centroid,uf-centroid:SP,,,IBIUN2-SP088
6978,MMGDSP3084,Solar,SUDESTE,0.0,-22.666142,-47.701457,aggregate-centroid,uf-centroid:SP,,,BERTI1-SP138
6979,MMGDSP3085,Solar,SUDESTE,0.0,-22.666142,-47.701457,aggregate-centroid,uf-centroid:SP,,,BER2-P-SP138
6980,MMGDSP30855,Solar,SUDESTE,0.0,-22.666142,-47.701457,aggregate-centroid,uf-centroid:SP,,,JUNDI7-SP088
6981,MMGDSP30856,Solar,SUDESTE,0.0,-22.666142,-47.701457,aggregate-centroid,uf-centroid:SP,,,PARIS1-SP088
6982,MMGDSP3086,Solar,SUDESTE,0.0,-22.666142,-47.701457,aggregate-centroid,uf-centroid:SP,,,CABR2A-SP138
6983,MMGDSP3087,Solar,SUDESTE,0.0,-22.666142,-47.701457,aggregate-centroid,uf-centroid:SP,,,CAIEIR-SP138
6984,MMGDSP3088,Solar,SUDESTE,0.0,-22.666142,-47.701457,aggregate-centroid,uf-centroid:SP,,,CJORDA-SP138
6985,MMGDSP30883,Solar,SUDESTE,0.0,-22.666142,-47.701457,aggregate-centroid,uf-centroid:SP,,,HBOPI1-SP088
6986,MMGDSP30884,Solar,SUDESTE,0.0,-22.666142,-47.701457,aggregate-centroid,uf-centroid:SP,,,HBOPI2-SP088
6987,MMGDSP30887,Solar,SUDESTE,0.0,-22.666142,-47.701457,aggregate-centroid,uf-centroid:SP,,,PGRAN1-SP088
6988,MMGDSP30888,Solar,SUDESTE,0.0,-22.666142,-47.701457,aggregate-centroid,uf-centroid:SP,,,PGRAN2-SP088
6989,MMGDSP3089,Solar,SUDESTE,0.0,-22.666142,-47.701457,aggregate-centroid,uf-centroid:SP,,,FMORAT-SP138
6990,MMGDSP30891,Solar,SUDESTE,0.0,-22.666142,-47.701457,aggregate-centroid,uf-centroid:SP,,,OCIAN--SP088
6991,MMGDSP30892,Solar,SUDESTE,0.0,-22.666142,-47.701457,aggregate-centroid,uf-centroid:SP,,,P.TAQU-SP088
6992,MMGDSP30893,Solar,SUDESTE,0.0,-22.666142,-47.701457,aggregate-centroid,uf-centroid:SP,,,SOROC7-SP088
6993,MMGDSP30899,Solar,SUDESTE,0.0,-22.666142,-47.701457,aggregate-centroid,uf-centroid:SP,,,MBRIG1-SP088
6994,MMGDSP3090,Solar,SUDESTE,0.0,-22.666142,-47.701457,aggregate-centroid,uf-centroid:SP,,,FROCHA-SP138
6995,MMGDSP30900,Solar,SUDESTE,0.0,-22.666142,-47.701457,aggregate-centroid,uf-centroid:SP,,,MBRIG2-SP088
6996,MMGDSP30905,Solar,SUDESTE,0.0,-22.666142,-47.701457,aggregate-centroid,uf-centroid:SP,,,MARAP1-SP088
6997,MMGDSP30906,Solar,SUDESTE,0.0,-22.666142,-47.701457,aggregate-centroid,uf-centroid:SP,,,MARAP2-SP088
6998,MMGDSP30907,Solar,SUDESTE,0.0,-22.666142,-47.701457,aggregate-centroid,uf-centroid:SP,,,VOTURU-SP088
6999,MMGDSP3091,Solar,SUDESTE,0.0,-22.666142,-47.701457,aggregate-centroid,uf-centroid:SP,,,GUA1-3-SP138
7000,MMGDSP30913,Solar,SUDESTE,0.0,-22.666142,-47.701457,aggregate-centroid,uf-centroid:SP,,,CUBATA-SP088
7001,MMGDSP30918,Solar,SUDESTE,0.0,-22.666142,-47.701457,aggregate-centroid,uf-centroid:SP,,,SANTS2-SP088
7002,MMGDSP30919,Solar,SUDESTE,0.0,-22.666142,-47.701457,aggregate-centroid,uf-centroid:SP,,,SANTS1-SP088
7003,MMGDSP30921,Solar,SUDESTE,0.0,-22.666142,-47.701457,aggregate-centroid,uf-centroid:SP,,,BOQUEI-SP088
7004,MMGDSP30922,Solar,SUDESTE,0.0,-22.666142,-47.701457,aggregate-centroid,uf-centroid:SP,,,ESTUA1-SP088
7005,MMGDSP30923,Solar,SUDESTE,0.0,-22.666142,-47.701457,aggregate-centroid,uf-centroid:SP,,,V.NOVA-SP088
7006,MMGDSP30924,Solar,SUDESTE,0.0,-22.666142,-47.701457,aggregate-centroid,uf-centroid:SP,,,ESTUA2-SP088
7007,MMGDSP30927,Solar,SUDESTE,0.0,-22.666142,-47.701457,aggregate-centroid,uf-centroid:SP,,,VMATH2-SP088
7008,MMGDSP3093,Solar,SUDESTE,0.0,-22.666142,-47.701457,aggregate-centroid,uf-centroid:SP,,,GUAR-2-SP138
7009,MMGDSP3094,Solar,SUDESTE,0.0,-22.666142,-47.701457,aggregate-centroid,uf-centroid:SP,,,ILHABE-SP138
7010,MMGDSP30945,Solar,SUDESTE,0.0,-22.666142,-47.701457,aggregate-centroid,uf-centroid:SP,,,PARIS2-SP088
7011,MMGDSP3095,Solar,SUDESTE,0.0,-22.666142,-47.701457,aggregate-centroid,uf-centroid:SP,,,JARINU-SP138
7012,MMGDSP3097,Solar,SUDESTE,0.0,-22.666142,-47.701457,aggregate-centroid,uf-centroid:SP,,,MAIRIP-SP138
7013,MMGDSP3098,Solar,SUDESTE,0.0,-22.666142,-47.701457,aggregate-centroid,uf-centroid:SP,,,PRAIBN-SP138
7014,MMGDSP3100,Solar,SUDESTE,0.0,-22.666142,-47.701457,aggregate-centroid,uf-centroid:SP,,,SISABE-SP088
7015,MMGDSP3101,Solar,SUDESTE,0.0,-22.666142,-47.701457,aggregate-centroid,uf-centroid:SP,,,UBATB1-SP138
7016,MMGDSP3102,Solar,SUDESTE,0.0,-22.666142,-47.701457,aggregate-centroid,uf-centroid:SP,,,UBATB2-SP138
7017,MMGDSP3103,Solar,SUDESTE,0.0,-22.666142,-47.701457,aggregate-centroid,uf-centroid:SP,,,CABR2B-SP138
7018,MMGDSP3105,Solar,SUDESTE,0.0,-22.666142,-47.701457,aggregate-centroid,uf-centroid:SP,,,IGARAT-SP088
7019,MMGDSP3106,Solar,SUDESTE,0.0,-22.666142,-47.701457,aggregate-centroid,uf-centroid:SP,,,BERTI3-SP138
7020,MMGDSP3107,Solar,SUDESTE,0.0,-22.666142,-47.701457,aggregate-centroid,uf-centroid:SP,,,ATIBA3-SP138
7021,MMGDSP3131,Solar,SUDESTE,0.0,-22.666142,-47.701457,aggregate-centroid,uf-centroid:SP,,,AVERME-SP138
7022,MMGDSP3132,Solar,SUDESTE,0.0,-22.666142,-47.701457,aggregate-centroid,uf-centroid:SP,,,ANDRAD-SP138
7023,MMGDSP3133,Solar,SUDESTE,0.0,-22.666142,-47.701457,aggregate-centroid,uf-centroid:SP,,,NAVANH-SP138
7024,MMGDSP3134,Solar,SUDESTE,0.0,-22.666142,-47.701457,aggregate-centroid,uf-centroid:SP,,,CAPIVA-SP138
7025,MMGDSP3135,Solar,SUDESTE,0.0,-22.666142,-47.701457,aggregate-centroid,uf-centroid:SP,,,CAR--E-SP138
7026,MMGDSP3136,Solar,SUDESTE,0.0,-22.666142,-47.701457,aggregate-centroid,uf-centroid:SP,,,DRACEN-SP138
7027,MMGDSP3137,Solar,SUDESTE,0.0,-22.666142,-47.701457,aggregate-centroid,uf-centroid:SP,,,FERNAN-SP138
7028,MMGDSP3138,Solar,SUDESTE,0.0,-22.666142,-47.701457,aggregate-centroid,uf-centroid:SP,,,FLORID-SP138
7029,MMGDSP3139,Solar,SUDESTE,0.0,-22.666142,-47.701457,aggregate-centroid,uf-centroid:SP,,,ISOLTE-SP138
7030,MMGDSP3140,Solar,SUDESTE,0.0,-22.666142,-47.701457,aggregate-centroid,uf-centroid:SP,,,JAL-EL-SP138
7031,MMGDSP3141,Solar,SUDESTE,0.0,-22.666142,-47.701457,aggregate-centroid,uf-centroid:SP,,,JAL-SF-SP138
7032,MMGDSP3142,Solar,SUDESTE,0.0,-22.666142,-47.701457,aggregate-centroid,uf-centroid:SP,,,JUPI-B-SP138
7033,MMGDSP3143,Solar,SUDESTE,0.0,-22.666142,-47.701457,aggregate-centroid,uf-centroid:SP,,,MIRAND-SP138
7034,MMGDSP3144,Solar,SUDESTE,0.0,-22.666142,-47.701457,aggregate-centroid,uf-centroid:SP,,,PDOEST-SP138
7035,MMGDSP3145,Solar,SUDESTE,0.0,-22.666142,-47.701457,aggregate-centroid,uf-centroid:SP,,,PBARRE-SP138
7036,MMGDSP3146,Solar,SUDESTE,0.0,-22.666142,-47.701457,aggregate-centroid,uf-centroid:SP,,,PIRAPO-SP138
7037,MMGDSP3147,Solar,SUDESTE,0.0,-22.666142,-47.701457,aggregate-centroid,uf-centroid:SP,,,PPRIMA-SP138
7038,MMGDSP3148,Solar,SUDESTE,0.0,-22.666142,-47.701457,aggregate-centroid,uf-centroid:SP,,,ROSANA-SP138
7039,MMGDSP3149,Solar,SUDESTE,0.0,-22.666142,-47.701457,aggregate-centroid,uf-centroid:SP,,,TIRMAO-SP138
7040,MMGDSP3150,Solar,SUDESTE,0.0,-22.666142,-47.701457,aggregate-centroid,uf-centroid:SP,,,UBARAN-SP069
7041,MMGDSP3152,Solar,SUDESTE,0.0,-22.666142,-47.701457,aggregate-centroid,uf-centroid:SP,,,TAQ-EL-SP138
7042,MMGDSP3153,Solar,SUDESTE,0.0,-22.666142,-47.701457,aggregate-centroid,uf-centroid:SP,,,CASTIL-SP138
7043,MMGDSP3154,Solar,SUDESTE,0.0,-22.666142,-47.701457,aggregate-centroid,uf-centroid:SP,,,TLAGOE-MS138
7044,MMGDSP3156,Solar,SUDESTE,0.0,-22.666142,-47.701457,aggregate-centroid,uf-centroid:SP,,,VOTUP1-SP138
7045,MMGDSP3181,Solar,SUDESTE,0.0,-22.666142,-47.701457,aggregate-centroid,uf-centroid:SP,,,ANGATU-SP138
7046,MMGDSP3182,Solar,SUDESTE,0.0,-22.666142,-47.701457,aggregate-centroid,uf-centroid:SP,,,APIAI--SP138
7047,MMGDSP3183,Solar,SUDESTE,0.0,-22.666142,-47.701457,aggregate-centroid,uf-centroid:SP,,,BURI---SP138
7048,MMGDSP3184,Solar,SUDESTE,0.0,-22.666142,-47.701457,aggregate-centroid,uf-centroid:SP,,,CAJATI-SP138
7049,MMGDSP3185,Solar,SUDESTE,0.0,-22.666142,-47.701457,aggregate-centroid,uf-centroid:SP,,,CANANE-SP138
7050,MMGDSP3187,Solar,SUDESTE,0.0,-22.666142,-47.701457,aggregate-centroid,uf-centroid:SP,,,CBONIT-SP138
7051,MMGDSP3188,Solar,SUDESTE,0.0,-22.666142,-47.701457,aggregate-centroid,uf-centroid:SP,,,CER-EL-SP088
7052,MMGDSP3189,Solar,SUDESTE,0.0,-22.666142,-47.701457,aggregate-centroid,uf-centroid:SP,,,CESARI-SP138
7053,MMGDSP3190,Solar,SUDESTE,0.0,-22.666142,-47.701457,aggregate-centroid,uf-centroid:SP,,,CONCHA-SP088
7054,MMGDSP3191,Solar,SUDESTE,0.0,-22.666142,-47.701457,aggregate-centroid,uf-centroid:SP,,,GUAPIA-SP138
7055,MMGDSP3192,Solar,SUDESTE,0.0,-22.666142,-47.701457,aggregate-centroid,uf-centroid:SP,,,ITANHA-SP138
7056,MMGDSP3193,Solar,SUDESTE,0.0,-22.666142,-47.701457,aggregate-centroid,uf-centroid:SP,,,ITAP-E-SP138
7057,MMGDSP3194,Solar,SUDESTE,0.0,-22.666142,-47.701457,aggregate-centroid,uf-centroid:SP,,,ITAR-E-SP138
7058,MMGDSP3195,Solar,SUDESTE,0.0,-22.666142,-47.701457,aggregate-centroid,uf-centroid:SP,,,JUQUIA-SP138
7059,MMGDSP3196,Solar,SUDESTE,0.0,-22.666142,-47.701457,aggregate-centroid,uf-centroid:SP,,,LPAULI-SP138
7060,MMGDSP3197,Solar,SUDESTE,0.0,-22.666142,-47.701457,aggregate-centroid,uf-centroid:SP,,,MONGAG-SP138
7061,MMGDSP3198,Solar,SUDESTE,0.0,-22.666142,-47.701457,aggregate-centroid,uf-centroid:SP,,,PERUIB-SP138
7062,MMGDSP3199,Solar,SUDESTE,0.0,-22.666142,-47.701457,aggregate-centroid,uf-centroid:SP,,,REGI-E-SP138
7063,MMGDSP3200,Solar,SUDESTE,0.0,-22.666142,-47.701457,aggregate-centroid,uf-centroid:SP,,,TATUI1-SP088
7064,MMGDSP3201,Solar,SUDESTE,0.0,-22.666142,-47.701457,aggregate-centroid,uf-centroid:SP,,,TATUI2-SP138
7065,MMGDSP3202,Solar,SUDESTE,0.0,-22.666142,-47.701457,aggregate-centroid,uf-centroid:SP,,,TAT3-A-SP138
7066,MMGDSP3203,Solar,SUDESTE,0.0,-22.666142,-47.701457,aggregate-centroid,uf-centroid:SP,,,TIET-B-SP138
7067,MMGDSP3204,Solar,SUDESTE,0.0,-22.666142,-47.701457,aggregate-centroid,uf-centroid:SP,,,CERQU2-SP138
7068,MMGDSP3205,Solar,SUDESTE,0.0,-22.666142,-47.701457,aggregate-centroid,uf-centroid:SP,,,PIE-PI-SP088
7069,MMGDSP3208,Solar,SUDESTE,0.0,-22.666142,-47.701457,aggregate-centroid,uf-centroid:SP,,,MIRACA-SP138
7070,MMGDSP3209,Solar,SUDESTE,0.0,-22.666142,-47.701457,aggregate-centroid,uf-centroid:SP,,,ITANH2-SP138
7071,MMGDSP3212,Solar,SUDESTE,0.0,-22.666142,-47.701457,aggregate-centroid,uf-centroid:SP,,,SGERTR-SP138
7072,MMGDSP3213,Solar,SUDESTE,0.0,-22.666142,-47.701457,aggregate-centroid,uf-centroid:SP,,,BERTI4-SP138
7073,MMGDSP3214,Solar,SUDESTE,0.0,-22.666142,-47.701457,aggregate-centroid,uf-centroid:SP,,,ITIRA2-SP138
7074,MMGDSP32963,Solar,SUDESTE,0.0,-22.666142,-47.701457,aggregate-centroid,uf-centroid:SP,,,CEAJAR-SP138
7075,MMGDSP32965,Solar,SUDESTE,0.0,-22.666142,-47.701457,aggregate-centroid,uf-centroid:SP,,,TAMBAU-SP138
7076,MMGDSP32969,Solar,SUDESTE,0.0,-22.666142,-47.701457,aggregate-centroid,uf-centroid:SP,,,BMPERD-SP138
7077,MMGDSP32970,Solar,SUDESTE,0.0,-22.666142,-47.701457,aggregate-centroid,uf-centroid:SP,,,GUARM3-SP138
7078,MMGDSP32974,Solar,SUDESTE,0.0,-22.666142,-47.701457,aggregate-centroid,uf-centroid:SP,,,FRR_02-SP138
7079,MMGDSP32975,Solar,SUDESTE,0.0,-22.666142,-47.701457,aggregate-centroid,uf-centroid:SP,,,PANORA-SP138
7080,MMGDSP32976,Solar,SUDESTE,0.0,-22.666142,-47.701457,aggregate-centroid,uf-centroid:SP,,,POPULI-SP069
7081,MMGDSP32977,Solar,SUDESTE,0.0,-22.666142,-47.701457,aggregate-centroid,uf-centroid:SP,,,INDIAP-SP069
7082,MMGDSP32978,Solar,SUDESTE,0.0,-22.666142,-47.701457,aggregate-centroid,uf-centroid:SP,,,RIOLAN-SP138
7083,MMGDSP32979,Solar,SUDESTE,0.0,-22.666142,-47.701457,aggregate-centroid,uf-centroid:SP,,,P.FARI-SP138
7084,MMGDSP32980,Solar,SUDESTE,0.0,-22.666142,-47.701457,aggregate-centroid,uf-centroid:SP,,,ACAMPO-SP138
7085,MMGDSP32981,Solar,SUDESTE,0.0,-22.666142,-47.701457,aggregate-centroid,uf-centroid:SP,,,AURIFL-SP069
7086,MMGDSP32986,Solar,SUDESTE,0.0,-22.666142,-47.701457,aggregate-centroid,uf-centroid:SP,,,ITANH3-SP138
7087,MMGDSP32987,Solar,SUDESTE,0.0,-22.666142,-47.701457,aggregate-centroid,uf-centroid:SP,,,PARIQU-SP138
7088,MMGDSP32988,Solar,SUDESTE,0.0,-22.666142,-47.701457,aggregate-centroid,uf-centroid:SP,,,IGUAP2-SP138
7089,MMGDSP32990,Solar,SUDESTE,0.0,-22.666142,-47.701457,aggregate-centroid,uf-centroid:SP,,,BSUCES-SP138
7090,MMGDSP32991,Solar,SUDESTE,0.0,-22.666142,-47.701457,aggregate-centroid,uf-centroid:SP,,,ITAPOR-SP138
7091,MMGDSP32992,Solar,SUDESTE,0.0,-22.666142,-47.701457,aggregate-centroid,uf-centroid:SP,,,PETOL2-SP138
7092,MMGDSP32994,Solar,SUDESTE,0.0,-22.666142,-47.701457,aggregate-centroid,uf-centroid:SP,,,NHANDE-SP138
7093,MMGDSP32995,Solar,SUDESTE,0.0,-22.666142,-47.701457,aggregate-centroid,uf-centroid:SP,,,GSALGA-SP069
7094,MMGDSP32996,Solar,SUDESTE,0.0,-22.666142,-47.701457,aggregate-centroid,uf-centroid:SP,,,VGENTI-SP138
7095,MMGDSP33002,Solar,SUDESTE,0.0,-22.666142,-47.701457,aggregate-centroid,uf-centroid:SP,,,VCARVA-SP138
7096,MMGDSP33020,Solar,SUDESTE,0.0,-22.666142,-47.701457,aggregate-centroid,uf-centroid:SP,,,LIMEI6-SP138
7097,MMGDSP33025,Solar,SUDESTE,0.0,-22.666142,-47.701457,aggregate-centroid,uf-centroid:SP,,,GUARM4-SP138
7098,MMGDSP33035,Solar,SUDESTE,0.0,-22.666142,-47.701457,aggregate-centroid,uf-centroid:SP,,,VOTUP3-SP138
7099,MMGDSP33112,Solar,SUDESTE,0.0,-22.666142,-47.701457,aggregate-centroid,uf-centroid:SP,,,LEME_2-SP138
7100,MMGDSP33113,Solar,SUDESTE,0.0,-22.666142,-47.701457,aggregate-centroid,uf-centroid:SP,,,ARUJ_2-SP138
7101,MMGDSP33130,Solar,SUDESTE,0.0,-22.666142,-47.701457,aggregate-centroid,uf-centroid:SP,,,3LAG2--SP138
7102,MMGDSP3331,Solar,SUDESTE,0.0,-23.529320,-46.676682,plant,reference,,,ANH----SP088
7103,MMGDSP3332,Solar,SUDESTE,0.0,-22.666142,-47.701457,aggregate-centroid,uf-centroid:SP,,,BAN----SP088
7104,MMGDSP33335,Solar,SUDESTE,0.0,-22.666142,-47.701457,aggregate-centroid,uf-centroid:SP,,,COELHO-SP138
7105,MMGDSP33337,Solar,SUDESTE,0.0,-22.666142,-47.701457,aggregate-centroid,uf-centroid:SP,,,CASTI2-SP138
7106,MMGDSP33338,Solar,SUDESTE,0.0,-22.666142,-47.701457,aggregate-centroid,uf-centroid:SP,,,E.OEST-SP138
7107,MMGDSP33339,Solar,SUDESTE,0.0,-22.666142,-47.701457,aggregate-centroid,uf-centroid:SP,,,ITAPV3-SP138
7108,MMGDSP3338,Solar,SUDESTE,0.0,-22.666142,-47.701457,aggregate-centroid,uf-centroid:SP,,,ESO----SP088
7109,MMGDSP3341,Solar,SUDESTE,0.0,-22.666142,-47.701457,aggregate-centroid,uf-centroid:SP,,,JAD----SP088
7110,MMGDSP33410,Solar,SUDESTE,0.0,-22.666142,-47.701457,aggregate-centroid,uf-centroid:SP,,,MIRAN3-SP138
7111,MMGDSP33411,Solar,SUDESTE,0.0,-22.666142,-47.701457,aggregate-centroid,uf-centroid:SP,,,JALES2-SP138
7112,MMGDSP3342,Solar,SUDESTE,0.0,-22.666142,-47.701457,aggregate-centroid,uf-centroid:SP,,,LES----SP088
7113,MMGDSP3343,Solar,SUDESTE,0.0,-22.666142,-47.701457,aggregate-centroid,uf-centroid:SP,,,MFO----SP088
7114,MMGDSP3351,Solar,SUDESTE,0.0,-22.666142,-47.701457,aggregate-centroid,uf-centroid:SP,,,PI2----SP088
7115,MMGDSP3353,Solar,SUDESTE,0.0,-22.666142,-47.701457,aggregate-centroid,uf-centroid:SP,,,RRF----SP088
7116,MMGDSP3380,Solar,SUDESTE,0.0,-22.666142,-47.701457,aggregate-centroid,uf-centroid:SP,,,SUL2---SP088
7117,MMGDSP37392,Solar,SUDESTE,0.0,-22.666142,-47.701457,aggregate-centroid,uf-centroid:SP,,,ITAJO2-SP138
7118,MMGDSP37907,Solar,SUDESTE,0.0,-22.666142,-47.701457,aggregate-centroid,uf-centroid:SP,,,P.PR02-SP138
7119,MMGDSP38000,Solar,SUDESTE,0.0,-22.666142,-47.701457,aggregate-centroid,uf-centroid:SP,,,CATAN3-SP138
7120,MMGDSP38010,Solar,SUDESTE,0.0,-22.666142,-47.701457,aggregate-centroid,uf-centroid:SP,,,BRAGA3-SP138
7121,MMGDSP38931,Solar,SUDESTE,0.0,-22.666142,-47.701457,aggregate-centroid,uf-centroid:SP,,,N.EXTR-MG138
7122,MMGDSP3981,Solar,SUDESTE,0.0,-22.145820,-51.409384,plant,reference,,,BRAGAN-SP138
7123,MMGDSP3983,Solar,SUDESTE,0.0,-22.666142,-47.701457,aggregate-centroid,uf-centroid:SP,,,S.TERE-SP138
7124,MMGDSP3987,Solar,SUDESTE,0.0,-22.666142,-47.701457,aggregate-centroid,uf-centroid:SP,,,CAMBU2-MG138
7125,MMGDSP3988,Solar,SUDESTE,0.0,-22.666142,-47.701457,aggregate-centroid,uf-centroid:SP,,,MARTIN-SP088
7126,MMGDSP3989,Solar,SUDESTE,0.0,-22.666142,-47.701457,aggregate-centroid,uf-centroid:SP,,,PRP-P1-SP088
7127,MMGDSP3992,Solar,SUDESTE,0.0,-22.666142,-47.701457,aggregate-centroid,uf-centroid:SP,,,PRP-P5-SP138
7128,MMGDSP3993,Solar,SUDESTE,0.0,-22.666142,-47.701457,aggregate-centroid,uf-centroid:SP,,,PRP-P4-SP138
7129,MMGDSP3994,Solar,SUDESTE,0.0,-22.666142,-47.701457,aggregate-centroid,uf-centroid:SP,,,ENEIDA-SP138
7130,MMGDSP3999,Solar,SUDESTE,0.0,-22.666142,-47.701457,aggregate-centroid,uf-centroid:SP,,,P.VENC-SP138
7131,MMGDSP4002,Solar,SUDESTE,0.0,-22.666142,-47.701457,aggregate-centroid,uf-centroid:SP,,,OSV.CR-SP138
7132,MMGDSP4003,Solar,SUDESTE,0.0,-22.666142,-47.701457,aggregate-centroid,uf-centroid:SP,,,ADAMAN-SP069
7133,MMGDSP4006,Solar,SUDESTE,0.0,-22.666142,-47.701457,aggregate-centroid,uf-centroid:SP,,,ASSIS1-SP088
7134,MMGDSP4008,Solar,SUDESTE,0.0,-22.666142,-47.701457,aggregate-centroid,uf-centroid:SP,,,ASSIS3-SP088
7135,MMGDSP4010,Solar,SUDESTE,0.0,-22.666142,-47.701457,aggregate-centroid,uf-centroid:SP,,,PARAGU-SP088
7136,MMGDSP4012,Solar,SUDESTE,0.0,-22.666142,-47.701457,aggregate-centroid,uf-centroid:SP,,,SANTAL-SP088
7137,MMGDSP4014,Solar,SUDESTE,0.0,-22.666142,-47.701457,aggregate-centroid,uf-centroid:SP,,,RANCHA-SP088
7138,MMGDSP4015,Solar,SUDESTE,0.0,-22.666142,-47.701457,aggregate-centroid,uf-centroid:SP,,,CAND.M-SP088
7139,MMGDSP4016,Solar,SUDESTE,0.0,-22.666142,-47.701457,aggregate-centroid,uf-centroid:SP,,,PLMITL-SP088
7140,MMGDSP4017,Solar,SUDESTE,0.0,-22.666142,-47.701457,aggregate-centroid,uf-centroid:SP,,,IBIRAR-SP088
7141,MMGDSP4019,Solar,SUDESTE,0.0,-22.666142,-47.701457,aggregate-centroid,uf-centroid:SP,,,BASTOS-SP138
7142,MMGDSP4020,Solar,SUDESTE,0.0,-22.666142,-47.701457,aggregate-centroid,uf-centroid:SP,,,TUPA---SP138
7143,MMGDSP4021,Solar,SUDESTE,0.0,-22.666142,-47.701457,aggregate-centroid,uf-centroid:SP,,,CATAND-SP138
7144,MMGDSP4027,Solar,SUDESTE,0.0,-22.666142,-47.701457,aggregate-centroid,uf-centroid:SP,,,BORBOR-SP138
7145,MMGDSP4028,Solar,SUDESTE,0.0,-22.666142,-47.701457,aggregate-centroid,uf-centroid:SP,,,URUPES-SP138
7146,MMGDSP4030,Solar,SUDESTE,0.0,-22.666142,-47.701457,aggregate-centroid,uf-centroid:SP,,,UBRAN--SP069
7147,MMGDSP7744,Solar,SUDESTE,0.0,-22.666142,-47.701457,aggregate-centroid,uf-centroid:SP,,,TBRANC-SP138
7265,OMGDDF22835,General,SUDESTE,0.0,-15.759640,-47.869524,aggregate-centroid,uf-centroid:DF,,,SE--ST-DF069
7266,OMGDDF22901,General,SUDESTE,0.0,-15.759640,-47.869524,aggregate-centroid,uf-centroid:DF,,,SE--TG-DF013
7267,OMGDDF22902,General,SUDESTE,0.0,-15.759640,-47.869524,aggregate-centroid,uf-centroid:DF,,,SE--CN-DF013
7268,OMGDDF22903,General,SUDESTE,0.0,-15.759640,-47.869524,aggregate-centroid,uf-centroid:DF,,,SE--CS-DF013
7269,OMGDDF22904,General,SUDESTE,0.0,-15.759640,-47.869524,aggregate-centroid,uf-centroid:DF,,,SE--AC-DF013
7270,OMGDDF22905,General,SUDESTE,0.0,-15.759640,-47.869524,aggregate-centroid,uf-centroid:DF,,,SE--GR-DF013
7271,OMGDDF22907,General,SUDESTE,0.0,-15.759640,-47.869524,aggregate-centroid,uf-centroid:DF,,,SE--BZ-DF013
7272,OMGDDF22908,General,SUDESTE,0.0,-15.759640,-47.869524,aggregate-centroid,uf-centroid:DF,,,SE--NB-DF013
7273,OMGDDF22909,General,SUDESTE,0.0,-15.759640,-47.869524,aggregate-centroid,uf-centroid:DF,,,SE--TN-DF013
7274,OMGDDF22911,General,SUDESTE,0.0,-15.759640,-47.869524,aggregate-centroid,uf-centroid:DF,,,SE--SO-DF013
7275,OMGDDF22912,General,SUDESTE,0.0,-15.759640,-47.869524,aggregate-centroid,uf-centroid:DF,,,SE--RF-DF013
7276,OMGDDF22913,General,SUDESTE,0.0,-15.759640,-47.869524,aggregate-centroid,uf-centroid:DF,,,SE--01-DF013
7277,OMGDDF22914,General,SUDESTE,0.0,-15.759640,-47.869524,aggregate-centroid,uf-centroid:DF,,,SE--02-DF013
7278,OMGDDF22915,General,SUDESTE,0.0,-15.759640,-47.869524,aggregate-centroid,uf-centroid:DF,,,SE--03-DF013
7279,OMGDDF22916,General,SUDESTE,0.0,-15.759640,-47.869524,aggregate-centroid,uf-centroid:DF,,,SE--04-DF013
7280,OMGDDF22917,General,SUDESTE,0.0,-15.759640,-47.869524,aggregate-centroid,uf-centroid:DF,,,SE05---DF013
7281,OMGDDF22919,General,SUDESTE,0.0,-15.759640,-47.869524,aggregate-centroid,uf-centroid:DF,,,SE--07-DF013
7282,OMGDDF22920,General,SUDESTE,0.0,-15.759640,-47.869524,aggregate-centroid,uf-centroid:DF,,,SE--08-DF013
7283,OMGDDF22921,General,SUDESTE,0.0,-15.759640,-47.869524,aggregate-centroid,uf-centroid:DF,,,SE--09-DF013
7284,OMGDDF22922,General,SUDESTE,0.0,-15.759640,-47.869524,aggregate-centroid,uf-centroid:DF,,,SE--10-DF013
7285,OMGDDF22925,General,SUDESTE,0.0,-15.759640,-47.869524,aggregate-centroid,uf-centroid:DF,,,SE--BC-DF013
7286,OMGDDF22926,General,SUDESTE,0.0,-15.759640,-47.869524,aggregate-centroid,uf-centroid:DF,,,SE--SW-DF013
7287,OMGDDF22927,General,SUDESTE,0.0,-15.759640,-47.869524,aggregate-centroid,uf-centroid:DF,,,SE--CT-DF013
7288,OMGDDF22928,General,SUDESTE,0.0,-15.759640,-47.869524,aggregate-centroid,uf-centroid:DF,,,SE--SB-DF013
7289,OMGDDF22929,General,SUDESTE,0.0,-15.759640,-47.869524,aggregate-centroid,uf-centroid:DF,,,SE--PL-DF013
7290,OMGDDF22930,General,SUDESTE,0.0,-15.759640,-47.869524,aggregate-centroid,uf-centroid:DF,,,SE--PD-DF013
7291,OMGDDF22931,General,SUDESTE,0.0,-15.759640,-47.869524,aggregate-centroid,uf-centroid:DF,,,SE--SJ-DF013
7292,OMGDDF22932,General,SUDESTE,0.0,-15.759640,-47.869524,aggregate-centroid,uf-centroid:DF,,,SE--ES-DF013
7293,OMGDDF22934,General,SUDESTE,0.0,-15.759640,-47.869524,aggregate-centroid,uf-centroid:DF,,,SE--VA-DF013
7294,OMGDDF22938,General,SUDESTE,0.0,-15.759640,-47.869524,aggregate-centroid,uf-centroid:DF,,,SE--MJ-DF013
7295,OMGDDF22939,General,SUDESTE,0.0,-15.759640,-47.869524,aggregate-centroid,uf-centroid:DF,,,SE--SM-DF013
7296,OMGDDF22940,General,SUDESTE,0.0,-15.759640,-47.869524,aggregate-centroid,uf-centroid:DF,,,SE--SS-DF013
7297,OMGDDF22943,General,SUDESTE,0.0,-15.759640,-47.869524,aggregate-centroid,uf-centroid:DF,,,SE--HP-DF013
7298,OMGDDF22944,General,SUDESTE,0.0,-15.759640,-47.869524,aggregate-centroid,uf-centroid:DF,,,SE--MG-DF013
7299,OMGDDF22945,General,SUDESTE,0.0,-15.759640,-47.869524,aggregate-centroid,uf-centroid:DF,,,SE--CD-DF013
7300,OMGDDF22947,General,SUDESTE,0.0,-15.759640,-47.869524,aggregate-centroid,uf-centroid:DF,,,SE--GM-DF013
7301,OMGDDF22959,General,SUDESTE,0.0,-15.759640,-47.869524,aggregate-centroid,uf-centroid:DF,,,SE--EN-DF013
7302,OMGDDF22960,General,SUDESTE,0.0,-15.759640,-47.869524,aggregate-centroid,uf-centroid:DF,,,SE--06-DF013
7303,OMGDDF22962,General,SUDESTE,0.0,-15.759640,-47.869524,aggregate-centroid,uf-centroid:DF,,,SEGR02-DF013
7304,OMGDDF22966,General,SUDESTE,0.0,-15.759640,-47.869524,aggregate-centroid,uf-centroid:DF,,,SE--NW-DF013
7305,OMGDES35008,General,SUDESTE,0.0,-20.189659,-40.639659,aggregate-centroid,uf-centroid:ES,,,ALAGE--ES138
7306,OMGDES35009,General,SUDESTE,0.0,-20.189659,-40.639659,aggregate-centroid,uf-centroid:ES,,,ALAGE1-ES034
7307,OMGDES35010,General,SUDESTE,0.0,-20.189659,-40.639659,aggregate-centroid,uf-centroid:ES,,,ALAGE2-ES034
7308,OMGDES35012,General,SUDESTE,0.0,-20.189659,-40.639659,aggregate-centroid,uf-centroid:ES,,,B.FERR-ES138
7309,OMGDES35014,General,SUDESTE,0.0,-20.189659,-40.639659,aggregate-centroid,uf-centroid:ES,,,C.ITAP-ES069
7310,OMGDES35015,General,SUDESTE,0.0,-20.189659,-40.639659,aggregate-centroid,uf-centroid:ES,,,C.ITAP-ES034
7311,OMGDES35016,General,SUDESTE,0.0,-20.189659,-40.639659,aggregate-centroid,uf-centroid:ES,,,C.ITAP-ES011
7312,OMGDES35018,General,SUDESTE,0.0,-20.189659,-40.639659,aggregate-centroid,uf-centroid:ES,,,CARAPI-ES138
7313,OMGDES35019,General,SUDESTE,0.0,-20.189659,-40.639659,aggregate-centroid,uf-centroid:ES,,,CARAP1-ES034
7314,OMGDES35020,General,SUDESTE,0.0,-20.189659,-40.639659,aggregate-centroid,uf-centroid:ES,,,CEASA--ES138
7315,OMGDES35022,General,SUDESTE,0.0,-20.189659,-40.639659,aggregate-centroid,uf-centroid:ES,,,CIVIT--ES138
7316,OMGDES35024,General,SUDESTE,0.0,-20.189659,-40.639659,aggregate-centroid,uf-centroid:ES,,,CARIAC-ES138
7317,OMGDES35028,General,SUDESTE,0.0,-20.189659,-40.639659,aggregate-centroid,uf-centroid:ES,,,FRUTEI-ES138
7318,OMGDES35029,General,SUDESTE,0.0,-20.189659,-40.639659,aggregate-centroid,uf-centroid:ES,,,FUNDAO-ES069
7319,OMGDES35033,General,SUDESTE,0.0,-20.189659,-40.639659,aggregate-centroid,uf-centroid:ES,,,MANGUI-ES138
7320,OMGDES35034,General,SUDESTE,0.0,-20.189659,-40.639659,aggregate-centroid,uf-centroid:ES,,,JMONTE-ES069
7321,OMGDES35035,General,SUDESTE,0.0,-20.189659,-40.639659,aggregate-centroid,uf-centroid:ES,,,IBES---ES138
7322,OMGDES35037,General,SUDESTE,0.0,-20.189659,-40.639659,aggregate-centroid,uf-centroid:ES,,,ITAPEM-ES138
7323,OMGDES35039,General,SUDESTE,0.0,-20.189659,-40.639659,aggregate-centroid,uf-centroid:ES,,,ITARAN-ES069
7324,OMGDES35041,General,SUDESTE,0.0,-20.189659,-40.639659,aggregate-centroid,uf-centroid:ES,,,JAGUAR-ES138
7325,OMGDES35044,General,SUDESTE,0.0,-20.189659,-40.639659,aggregate-centroid,uf-centroid:ES,,,J.NEIV-ES013
7326,OMGDES35048,General,SUDESTE,0.0,-20.189659,-40.639659,aggregate-centroid,uf-centroid:ES,,,CARAP2-ES034
7327,OMGDES35050,General,SUDESTE,0.0,-20.189659,-40.639659,aggregate-centroid,uf-centroid:ES,,,LINHA--ES138
7328,OMGDES35054,General,SUDESTE,0.0,-20.189659,-40.639659,aggregate-centroid,uf-centroid:ES,,,N.VENE-ES069
7329,OMGDES35055,General,SUDESTE,0.0,-20.189659,-40.639659,aggregate-centroid,uf-centroid:ES,,,GUARAP-ES034
7330,OMGDES35056,General,SUDESTE,0.0,-20.189659,-40.639659,aggregate-centroid,uf-centroid:ES,,,N.VENE-ES013
7331,OMGDES35059,General,SUDESTE,0.0,-20.189659,-40.639659,aggregate-centroid,uf-centroid:ES,,,PINHEI-ES138
7332,OMGDES35060,General,SUDESTE,0.0,-20.189659,-40.639659,aggregate-centroid,uf-centroid:ES,,,PIUMA--ES138
7333,OMGDES35063,General,SUDESTE,0.0,-20.189659,-40.639659,aggregate-centroid,uf-centroid:ES,,,PRAIA--ES034
7334,OMGDES35064,General,SUDESTE,0.0,-20.189659,-40.639659,aggregate-centroid,uf-centroid:ES,,,GOIABE-ES138
7335,OMGDES35065,General,SUDESTE,0.0,-20.189659,-40.639659,aggregate-centroid,uf-centroid:ES,,,V.RICA-ES138
7336,OMGDES35066,General,SUDESTE,0.0,-20.189659,-40.639659,aggregate-centroid,uf-centroid:ES,,,LAMEIR-ES138
7337,OMGDES35068,General,SUDESTE,0.0,-20.189659,-40.639659,aggregate-centroid,uf-centroid:ES,,,S.MATE-ES069
7338,OMGDES35072,General,SUDESTE,0.0,-20.189659,-40.639659,aggregate-centroid,uf-centroid:ES,,,SMARIA-ES138
7339,OMGDES35073,General,SUDESTE,0.0,-20.189659,-40.639659,aggregate-centroid,uf-centroid:ES,,,S.TERE-ES069
7340,OMGDES35075,General,SUDESTE,0.0,-20.189659,-40.639659,aggregate-centroid,uf-centroid:ES,,,SUICA--ES069
7341,OMGDES35081,General,SUDESTE,0.0,-20.189659,-40.639659,aggregate-centroid,uf-centroid:ES,,,ALEGR6-ES069
7342,OMGDES35082,General,SUDESTE,0.0,-20.189659,-40.639659,aggregate-centroid,uf-centroid:ES,,,MARMOR-ES069
7343,OMGDES35083,General,SUDESTE,0.0,-20.189659,-40.639659,aggregate-centroid,uf-centroid:ES,,,MIMOSO-ES069
7344,OMGDES35093,General,SUDESTE,0.0,-20.189659,-40.639659,aggregate-centroid,uf-centroid:ES,,,ITAPOA-ES138
7345,OMGDES35101,General,SUDESTE,0.0,-20.189659,-40.639659,aggregate-centroid,uf-centroid:ES,,,PIRACE-ES138
7346,OMGDES35102,General,SUDESTE,0.0,-20.189659,-40.639659,aggregate-centroid,uf-centroid:ES,,,PARATI-ES138
7347,OMGDES35105,General,SUDESTE,0.0,-20.189659,-40.639659,aggregate-centroid,uf-centroid:ES,,,S.SEDE-ES138
7348,OMGDES35106,General,SUDESTE,0.0,-20.189659,-40.639659,aggregate-centroid,uf-centroid:ES,,,N.AIMO-ES069
7349,OMGDES35107,General,SUDESTE,0.0,-20.189659,-40.639659,aggregate-centroid,uf-centroid:ES,,,PAULIS-ES138
7350,OMGDES35113,General,SUDESTE,0.0,-20.189659,-40.639659,aggregate-centroid,uf-centroid:ES,,,CANIVE-ES138
7351,OMGDES35115,General,SUDESTE,0.0,-20.189659,-40.639659,aggregate-centroid,uf-centroid:ES,,,R.QUAR-ES138
7352,OMGDES35116,General,SUDESTE,0.0,-20.189659,-40.639659,aggregate-centroid,uf-centroid:ES,,,B.GUAN-ES138
7353,OMGDES35117,General,SUDESTE,0.0,-20.189659,-40.639659,aggregate-centroid,uf-centroid:ES,,,B.SAHY-ES138
7354,OMGDES35130,General,SUDESTE,0.0,-20.189659,-40.639659,aggregate-centroid,uf-centroid:ES,,,ARACRU-ES138
7355,OMGDES35133,General,SUDESTE,0.0,-20.189659,-40.639659,aggregate-centroid,uf-centroid:ES,,,F.GUAD-ES069
7356,OMGDES35134,General,SUDESTE,0.0,-20.189659,-40.639659,aggregate-centroid,uf-centroid:ES,,,A.CLAU-ES069
7357,OMGDES35135,General,SUDESTE,0.0,-20.189659,-40.639659,aggregate-centroid,uf-centroid:ES,,,IBIRAC-ES069
7358,OMGDES35136,General,SUDESTE,0.0,-20.189659,-40.639659,aggregate-centroid,uf-centroid:ES,,,CALDEI-ES069
7359,OMGDES35137,General,SUDESTE,0.0,-20.189659,-40.639659,aggregate-centroid,uf-centroid:ES,,,JURAMA-ES138
7360,OMGDES35138,General,SUDESTE,0.0,-20.189659,-40.639659,aggregate-centroid,uf-centroid:ES,,,PALMIT-ES069
7361,OMGDES35139,General,SUDESTE,0.0,-20.189659,-40.639659,aggregate-centroid,uf-centroid:ES,,,N.ZELA-ES138
7362,OMGDES35140,General,SUDESTE,0.0,-20.189659,-40.639659,aggregate-centroid,uf-centroid:ES,,,CACARO-ES138
7363,OMGDES35146,General,SUDESTE,0.0,-20.189659,-40.639659,aggregate-centroid,uf-centroid:ES,,,DMARTI-ES069
7364,OMGDES35152,General,SUDESTE,0.0,-20.189659,-40.639659,aggregate-centroid,uf-centroid:ES,,,S.MATE-ES034
7365,OMGDES35156,General,SUDESTE,0.0,-20.189659,-40.639659,aggregate-centroid,uf-centroid:ES,,,AVIVAC-ES069
7366,OMGDES35157,General,SUDESTE,0.0,-20.189659,-40.639659,aggregate-centroid,uf-centroid:ES,,,SAFRA--ES138
7367,OMGDES35159,General,SUDESTE,0.0,-20.189659,-40.639659,aggregate-centroid,uf-centroid:ES,,,CASTEL-ES069
7368,OMGDES35161,General,SUDESTE,0.0,-20.189659,-40.639659,aggregate-centroid,uf-centroid:ES,,,VICOSA-ES069
7369,OMGDES35162,General,SUDESTE,0.0,-20.189659,-40.639659,aggregate-centroid,uf-centroid:ES,,,V.NOVA-ES069
7370,OMGDES35163,General,SUDESTE,0.0,-20.189659,-40.639659,aggregate-centroid,uf-centroid:ES,,,SOTURN-ES138
7371,OMGDES35164,General,SUDESTE,0.0,-20.189659,-40.639659,aggregate-centroid,uf-centroid:ES,,,GLORIA-ES138
7372,OMGDES3542,General,SUDESTE,0.0,-20.189659,-40.639659,aggregate-centroid,uf-centroid:ES,,,S.ROQU-ES069
7373,OMGDES3572,General,SUDESTE,0.0,-20.189659,-40.639659,aggregate-centroid,uf-centroid:ES,,,S.GABR-ES138
7374,OMGDGO1151,General,SUDESTE,0.0,-16.704328,-49.623134,aggregate-centroid,uf-centroid:GO,,,CATALA-GO138
7375,OMGDGO1152,General,SUDESTE,0.0,-16.704328,-49.623134,aggregate-centroid,uf-centroid:GO,,,CDOURA-GO138
7376,OMGDGO1154,General,SUDESTE,0.0,-16.704328,-49.623134,aggregate-centroid,uf-centroid:GO,,,PQEMAS-GO138
7377,OMGDGO1156,General,SUDESTE,0.0,-16.704328,-49.623134,aggregate-centroid,uf-centroid:GO,,,QUIRIN-GO138
7378,OMGDGO1157,General,SUDESTE,0.0,-16.704328,-49.623134,aggregate-centroid,uf-centroid:GO,,,RVERDE-GO138
7379,OMGDGO1159,General,SUDESTE,0.0,-16.704328,-49.623134,aggregate-centroid,uf-centroid:GO,,,R.BOIS-GO138
7380,OMGDGO1160,General,SUDESTE,0.0,-16.704328,-49.623134,aggregate-centroid,uf-centroid:GO,,,CALTA1-GO138
7381,OMGDGO1163,General,SUDESTE,0.0,-16.704328,-49.623134,aggregate-centroid,uf-centroid:GO,,,ACREUN-GO138
7382,OMGDGO1164,General,SUDESTE,0.0,-16.704328,-49.623134,aggregate-centroid,uf-centroid:GO,,,S.CALD-GO138
7383,OMGDGO1170,General,SUDESTE,0.0,-16.704328,-49.623134,aggregate-centroid,uf-centroid:GO,,,AEROP1-GO138
7384,OMGDGO1173,General,SUDESTE,0.0,-16.704328,-49.623134,aggregate-centroid,uf-centroid:GO,,,CAMPIN-GO138
7385,OMGDGO1175,General,SUDESTE,0.0,-16.704328,-49.623134,aggregate-centroid,uf-centroid:GO,,,FERROV-GO138
7386,OMGDGO1176,General,SUDESTE,0.0,-16.704328,-49.623134,aggregate-centroid,uf-centroid:GO,,,REAL-1-GO138
7387,OMGDGO1177,General,SUDESTE,0.0,-16.704328,-49.623134,aggregate-centroid,uf-centroid:GO,,,ATLANT-GO138
7388,OMGDGO1178,General,SUDESTE,0.0,-16.704328,-49.623134,aggregate-centroid,uf-centroid:GO,,,GLESTE-GO013
7389,OMGDGO1181,General,SUDESTE,0.0,-16.704328,-49.623134,aggregate-centroid,uf-centroid:GO,,,MEIAPO-GO138
7390,OMGDGO1182,General,SUDESTE,0.0,-16.704328,-49.623134,aggregate-centroid,uf-centroid:GO,,,XAVANT-GO138
7391,OMGDGO1184,General,SUDESTE,0.0,-16.704328,-49.623134,aggregate-centroid,uf-centroid:GO,,,GOYA---GO138
7392,OMGDGO1185,General,SUDESTE,0.0,-16.704328,-49.623134,aggregate-centroid,uf-centroid:GO,,,ANHANG-GO069
7393,OMGDGO1186,General,SUDESTE,0.0,-16.704328,-49.623134,aggregate-centroid,uf-centroid:GO,,,SGENOV-GO138
7394,OMGDGO1188,General,SUDESTE,0.0,-16.704328,-49.623134,aggregate-centroid,uf-centroid:GO,,,B.VIST-GO138
7395,OMGDGO1189,General,SUDESTE,0.0,-16.704328,-49.623134,aggregate-centroid,uf-centroid:GO,,,PIRESR-GO138
7396,OMGDGO1192,General,SUDESTE,0.0,-16.704328,-49.623134,aggregate-centroid,uf-centroid:GO,,,CARAJA-GO138
7397,OMGDGO1195,General,SUDESTE,0.0,-16.704328,-49.623134,aggregate-centroid,uf-centroid:GO,,,INDEPE-GO138
7398,OMGDGO1197,General,SUDESTE,0.0,-16.704328,-49.623134,aggregate-centroid,uf-centroid:GO,,,TRINDA-GO138
7399,OMGDGO1199,General,SUDESTE,0.0,-16.704328,-49.623134,aggregate-centroid,uf-centroid:GO,,,S.CANE-GO138
7400,OMGDGO1200,General,SUDESTE,0.0,-16.704328,-49.623134,aggregate-centroid,uf-centroid:GO,,,DIMIC--GO138
7401,OMGDGO1203,General,SUDESTE,0.0,-16.704328,-49.623134,aggregate-centroid,uf-centroid:GO,,,ITIQUI-GO138
7402,OMGDGO1204,General,SUDESTE,0.0,-16.704328,-49.623134,aggregate-centroid,uf-centroid:GO,,,MARAJO-GO138
7403,OMGDGO1205,General,SUDESTE,0.0,-16.704328,-49.623134,aggregate-centroid,uf-centroid:GO,,,PBERND-GO069
7404,OMGDGO1208,General,SUDESTE,0.0,-16.704328,-49.623134,aggregate-centroid,uf-centroid:GO,,,PLANA--GO138
7405,OMGDGO1209,General,SUDESTE,0.0,-16.704328,-49.623134,aggregate-centroid,uf-centroid:GO,,,ANAPOL-GO138
7406,OMGDGO1210,General,SUDESTE,0.0,-16.704328,-49.623134,aggregate-centroid,uf-centroid:GO,,,CORUMB-GO138
7407,OMGDGO1211,General,SUDESTE,0.0,-16.704328,-49.623134,aggregate-centroid,uf-centroid:GO,,,DAIA---GO138
7408,OMGDGO1212,General,SUDESTE,0.0,-16.704328,-49.623134,aggregate-centroid,uf-centroid:GO,,,JUNDIA-GO138
7409,OMGDGO1216,General,SUDESTE,0.0,-16.704328,-49.623134,aggregate-centroid,uf-centroid:GO,,,GOIANE-GO069
7410,OMGDGO1219,General,SUDESTE,0.0,-16.704328,-49.623134,aggregate-centroid,uf-centroid:GO,,,MINACU-GO138
7411,OMGDGO1223,General,SUDESTE,0.0,-16.704328,-49.623134,aggregate-centroid,uf-centroid:GO,,,ITAPAC-GO069
7412,OMGDGO1225,General,SUDESTE,0.0,-16.704328,-49.623134,aggregate-centroid,uf-centroid:GO,,,PACAEM-GO138
7413,OMGDGO1226,General,SUDESTE,0.0,-16.704328,-49.623134,aggregate-centroid,uf-centroid:GO,,,PAMPLO-GO138
7414,OMGDGO1227,General,SUDESTE,0.0,-16.704328,-49.623134,aggregate-centroid,uf-centroid:GO,,,SJALIA-GO138
7415,OMGDGO1228,General,SUDESTE,0.0,-16.704328,-49.623134,aggregate-centroid,uf-centroid:GO,,,FLORES-GO138
7416,OMGDGO1229,General,SUDESTE,0.0,-16.704328,-49.623134,aggregate-centroid,uf-centroid:GO,,,IACIAR-GO138
7417,OMGDGO1230,General,SUDESTE,0.0,-16.704328,-49.623134,aggregate-centroid,uf-centroid:GO,,,R.VERM-GO138
7418,OMGDGO1231,General,SUDESTE,0.0,-16.704328,-49.623134,aggregate-centroid,uf-centroid:GO,,,SANTAN-GO138
7419,OMGDGO1234,General,SUDESTE,0.0,-16.704328,-49.623134,aggregate-centroid,uf-centroid:GO,,,ESTREL-GO138
7420,OMGDGO1236,General,SUDESTE,0.0,-16.704328,-49.623134,aggregate-centroid,uf-centroid:GO,,,SANTON-GO138
7421,OMGDGO1240,General,SUDESTE,0.0,-16.704328,-49.623134,aggregate-centroid,uf-centroid:GO,,,PARANA-GO069
7422,OMGDGO1241,General,SUDESTE,0.0,-16.704328,-49.623134,aggregate-centroid,uf-centroid:GO,,,PLANAL-GO069
7423,OMGDGO1242,General,SUDESTE,0.0,-16.704328,-49.623134,aggregate-centroid,uf-centroid:GO,,,A.LIND-GO069
7424,OMGDGO1244,General,SUDESTE,0.0,-16.704328,-49.623134,aggregate-centroid,uf-centroid:GO,,,PALMEI-GO069
7425,OMGDGO1248,General,SUDESTE,0.0,-16.704328,-49.623134,aggregate-centroid,uf-centroid:GO,,,NIQULA-GO034
7426,OMGDGO1253,General,SUDESTE,0.0,-16.704328,-49.623134,aggregate-centroid,uf-centroid:GO,,,SERRAO-GO138
7427,OMGDGO1254,General,SUDESTE,0.0,-16.704328,-49.623134,aggregate-centroid,uf-centroid:GO,,,SMARCO-GO138
7428,OMGDGO1262,General,SUDESTE,0.0,-16.704328,-49.623134,aggregate-centroid,uf-centroid:GO,,,MINEIR-GO138
7429,OMGDGO1267,General,SUDESTE,0.0,-16.704328,-49.623134,aggregate-centroid,uf-centroid:GO,,,CRISTA-GO138
7430,OMGDGO1274,General,SUDESTE,0.0,-16.704328,-49.623134,aggregate-centroid,uf-centroid:GO,,,IPE----GO138
7431,OMGDGO23304,General,SUDESTE,0.0,-16.704328,-49.623134,aggregate-centroid,uf-centroid:GO,,,IPEGUA-GO138
7432,OMGDGO23328,General,SUDESTE,0.0,-16.704328,-49.623134,aggregate-centroid,uf-centroid:GO,,,CATALA-GO069
7433,OMGDGO23340,General,SUDESTE,0.0,-16.704328,-49.623134,aggregate-centroid,uf-centroid:GO,,,ANHANG-GO013
7434,OMGDGO23349,General,SUDESTE,0.0,-16.704328,-49.623134,aggregate-centroid,uf-centroid:GO,,,APAREC-GO138
7435,OMGDGO23350,General,SUDESTE,0.0,-16.704328,-49.623134,aggregate-centroid,uf-centroid:GO,,,JARAGU-GO069
7436,OMGDGO23356,General,SUDESTE,0.0,-16.704328,-49.623134,aggregate-centroid,uf-centroid:GO,,,VILCOR-GO138
7437,OMGDGO23374,General,SUDESTE,0.0,-16.704328,-49.623134,aggregate-centroid,uf-centroid:GO,,,RCLARO-GO069
7438,OMGDGO23375,General,SUDESTE,0.0,-16.704328,-49.623134,aggregate-centroid,uf-centroid:GO,,,MONTIV-GO069
7439,OMGDGO23377,General,SUDESTE,0.0,-16.704328,-49.623134,aggregate-centroid,uf-centroid:GO,,,JATAI--GO069
7440,OMGDGO23379,General,SUDESTE,0.0,-16.704328,-49.623134,aggregate-centroid,uf-centroid:GO,,,S.AZUL-GO069
7441,OMGDGO23382,General,SUDESTE,0.0,-16.704328,-49.623134,aggregate-centroid,uf-centroid:GO,,,CHAPAD-GO069
7442,OMGDGO23385,General,SUDESTE,0.0,-16.704328,-49.623134,aggregate-centroid,uf-centroid:GO,,,CABRIU-GO069
7443,OMGDGO23387,General,SUDESTE,0.0,-16.704328,-49.623134,aggregate-centroid,uf-centroid:GO,,,INHUMA-GO069
7444,OMGDGO23388,General,SUDESTE,0.0,-16.704328,-49.623134,aggregate-centroid,uf-centroid:GO,,,ITABER-GO069
7445,OMGDGO23389,General,SUDESTE,0.0,-16.704328,-49.623134,aggregate-centroid,uf-centroid:GO,,,ARACU--GO069
7446,OMGDGO23390,General,SUDESTE,0.0,-16.704328,-49.623134,aggregate-centroid,uf-centroid:GO,,,PETROL-GO069
7447,OMGDGO23392,General,SUDESTE,0.0,-16.704328,-49.623134,aggregate-centroid,uf-centroid:GO,,,ANICUN-GO069
7448,OMGDGO23393,General,SUDESTE,0.0,-16.704328,-49.623134,aggregate-centroid,uf-centroid:GO,,,FIRMIN-GO069
7449,OMGDGO23394,General,SUDESTE,0.0,-16.704328,-49.623134,aggregate-centroid,uf-centroid:GO,,,SFRANC-GO069
7450,OMGDGO23395,General,SUDESTE,0.0,-16.704328,-49.623134,aggregate-centroid,uf-centroid:GO,,,GOIANI-GO069
7451,OMGDGO23397,General,SUDESTE,0.0,-16.704328,-49.623134,aggregate-centroid,uf-centroid:GO,,,NEROPO-GO069
7452,OMGDGO23398,General,SUDESTE,0.0,-16.704328,-49.623134,aggregate-centroid,uf-centroid:GO,,,GUAPO--GO069
7453,OMGDGO23399,General,SUDESTE,0.0,-16.704328,-49.623134,aggregate-centroid,uf-centroid:GO,,,GOIAS--GO069
7454,OMGDGO23400,General,SUDESTE,0.0,-16.704328,-49.623134,aggregate-centroid,uf-centroid:GO,,,ITAPUR-GO069
7455,OMGDGO23403,General,SUDESTE,0.0,-16.704328,-49.623134,aggregate-centroid,uf-centroid:GO,,,PARAUN-GO069
7456,OMGDGO23503,General,SUDESTE,0.0,-16.704328,-49.623134,aggregate-centroid,uf-centroid:GO,,,PORANG-GO069
7457,OMGDGO23504,General,SUDESTE,0.0,-16.704328,-49.623134,aggregate-centroid,uf-centroid:GO,,,NPLANA-GO069
7458,OMGDGO23505,General,SUDESTE,0.0,-16.704328,-49.623134,aggregate-centroid,uf-centroid:GO,,,SMIGUE-GO069
7459,OMGDGO23506,General,SUDESTE,0.0,-16.704328,-49.623134,aggregate-centroid,uf-centroid:GO,,,MARARO-GO069
7460,OMGDGO23507,General,SUDESTE,0.0,-16.704328,-49.623134,aggregate-centroid,uf-centroid:GO,,,CAMPIN-GO069
7461,OMGDGO23508,General,SUDESTE,0.0,-16.704328,-49.623134,aggregate-centroid,uf-centroid:GO,,,URUAC--GO069
7462,OMGDGO23509,General,SUDESTE,0.0,-16.704328,-49.623134,aggregate-centroid,uf-centroid:GO,,,B.ALTO-GO069
7463,OMGDGO23776,General,SUDESTE,0.0,-16.704328,-49.623134,aggregate-centroid,uf-centroid:GO,,,STAHEL-GO069
7464,OMGDGO24000,General,SUDESTE,0.0,-16.704328,-49.623134,aggregate-centroid,uf-centroid:GO,,,IPORA--GO069
7465,OMGDGO24003,General,SUDESTE,0.0,-16.704328,-49.623134,aggregate-centroid,uf-centroid:GO,,,BRITAN-GO069
7466,OMGDGO24004,General,SUDESTE,0.0,-16.704328,-49.623134,aggregate-centroid,uf-centroid:GO,,,ARUANA-GO069
7467,OMGDGO24005,General,SUDESTE,0.0,-16.704328,-49.623134,aggregate-centroid,uf-centroid:GO,,,FAZCAN-GO069
7468,OMGDGO24006,General,SUDESTE,0.0,-16.704328,-49.623134,aggregate-centroid,uf-centroid:GO,,,MATRIN-GO069
7469,OMGDGO24007,General,SUDESTE,0.0,-16.704328,-49.623134,aggregate-centroid,uf-centroid:GO,,,JUSSAR-GO069
7496,OMGDMG1526,General,SUDESTE,0.0,-18.244445,-44.959397,aggregate-centroid,uf-centroid:MG,,,IGARA2-MG138
7497,OMGDMG1540,General,SUDESTE,0.0,-18.244445,-44.959397,aggregate-centroid,uf-centroid:MG,,,NLIMA7-MG138
7498,OMGDMG1545,General,SUDESTE,0.0,-18.244445,-44.959397,aggregate-centroid,uf-centroid:MG,,,ADELA1-MG138
7499,OMGDMG1546,General,SUDESTE,0.0,-18.244445,-44.959397,aggregate-centroid,uf-centroid:MG,,,ATALAI-MG138
7500,OMGDMG1548,General,SUDESTE,0.0,-18.244445,-44.959397,aggregate-centroid,uf-centroid:MG,,,BETIM4-MG138
7501,OMGDMG1549,General,SUDESTE,0.0,-18.244445,-44.959397,aggregate-centroid,uf-centroid:MG,,,BETIM5-MG138
7502,OMGDMG1550,General,SUDESTE,0.0,-18.244445,-44.959397,aggregate-centroid,uf-centroid:MG,,,BETIM2-MG138
7503,OMGDMG1551,General,SUDESTE,0.0,-18.244445,-44.959397,aggregate-centroid,uf-centroid:MG,,,BETIM3-MG138
7504,OMGDMG1552,General,SUDESTE,0.0,-18.244445,-44.959397,aggregate-centroid,uf-centroid:MG,,,BONSUC-MG138
7505,OMGDMG1553,General,SUDESTE,0.0,-18.244445,-44.959397,aggregate-centroid,uf-centroid:MG,,,BPRETO-MG138
7506,OMGDMG1554,General,SUDESTE,0.0,-18.244445,-44.959397,aggregate-centroid,uf-centroid:MG,,,CENTR2-MG138
7507,OMGDMG1555,General,SUDESTE,0.0,-18.244445,-44.959397,aggregate-centroid,uf-centroid:MG,,,CINCO--MG138
7508,OMGDMG1556,General,SUDESTE,0.0,-18.244445,-44.959397,aggregate-centroid,uf-centroid:MG,,,CISLUZ-MG138
7509,OMGDMG1558,General,SUDESTE,0.0,-18.244445,-44.959397,aggregate-centroid,uf-centroid:MG,,,CONTA3-MG138
7510,OMGDMG1559,General,SUDESTE,0.0,-18.244445,-44.959397,aggregate-centroid,uf-centroid:MG,,,GUTIER-MG138
7511,OMGDMG1560,General,SUDESTE,0.0,-18.244445,-44.959397,aggregate-centroid,uf-centroid:MG,,,HORTO--MG138
7512,OMGDMG1561,General,SUDESTE,0.0,-18.244445,-44.959397,aggregate-centroid,uf-centroid:MG,,,JATOBA-MG138
7513,OMGDMG1562,General,SUDESTE,0.0,-18.244445,-44.959397,aggregate-centroid,uf-centroid:MG,,,SLUZI4-MG138
7514,OMGDMG1563,General,SUDESTE,0.0,-18.244445,-44.959397,aggregate-centroid,uf-centroid:MG,,,MARACA-MG138
7515,OMGDMG1564,General,SUDESTE,0.0,-18.244445,-44.959397,aggregate-centroid,uf-centroid:MG,,,MATOZI-MG138
7516,OMGDMG1566,General,SUDESTE,0.0,-18.244445,-44.959397,aggregate-centroid,uf-centroid:MG,,,NEVES1-MG138
7517,OMGDMG1567,General,SUDESTE,0.0,-18.244445,-44.959397,aggregate-centroid,uf-centroid:MG,,,NEVES2-MG138
7518,OMGDMG1568,General,SUDESTE,0.0,-18.244445,-44.959397,aggregate-centroid,uf-centroid:MG,,,NEVES3-MG138
7519,OMGDMG1570,General,SUDESTE,0.0,-18.244445,-44.959397,aggregate-centroid,uf-centroid:MG,,,NGRANJ-MG138
7520,OMGDMG1571,General,SUDESTE,0.0,-18.244445,-44.959397,aggregate-centroid,uf-centroid:MG,,,NLIMA1-MG138
7521,OMGDMG1572,General,SUDESTE,0.0,-18.244445,-44.959397,aggregate-centroid,uf-centroid:MG,,,PAMPUL-MG138
7522,OMGDMG1573,General,SUDESTE,0.0,-18.244445,-44.959397,aggregate-centroid,uf-centroid:MG,,,PARAOP-MG138
7523,OMGDMG1574,General,SUDESTE,0.0,-18.244445,-44.959397,aggregate-centroid,uf-centroid:MG,,,PLEOP3-MG138
7524,OMGDMG1576,General,SUDESTE,0.0,-18.244445,-44.959397,aggregate-centroid,uf-centroid:MG,,,SABARA-MG138
7525,OMGDMG1577,General,SUDESTE,0.0,-18.244445,-44.959397,aggregate-centroid,uf-centroid:MG,,,SEFIGE-MG138
7526,OMGDMG1578,General,SUDESTE,0.0,-18.244445,-44.959397,aggregate-centroid,uf-centroid:MG,,,SION---MG138
7527,OMGDMG1579,General,SUDESTE,0.0,-18.244445,-44.959397,aggregate-centroid,uf-centroid:MG,,,SLAGO1-MG138
7528,OMGDMG1580,General,SUDESTE,0.0,-18.244445,-44.959397,aggregate-centroid,uf-centroid:MG,,,SLAGO2-MG138
7529,OMGDMG1581,General,SUDESTE,0.0,-18.244445,-44.959397,aggregate-centroid,uf-centroid:MG,,,CNCSID-MG138
7530,OMGDMG1582,General,SUDESTE,0.0,-18.244445,-44.959397,aggregate-centroid,uf-centroid:MG,,,SLAGO4-MG138
7531,OMGDMG1583,General,SUDESTE,0.0,-18.244445,-44.959397,aggregate-centroid,uf-centroid:MG,,,SLUZI1-MG138
7532,OMGDMG1584,General,SUDESTE,0.0,-18.244445,-44.959397,aggregate-centroid,uf-centroid:MG,,,SLUZI2-MG138
7533,OMGDMG1585,General,SUDESTE,0.0,-18.244445,-44.959397,aggregate-centroid,uf-centroid:MG,,,SMARCO-MG138
7534,OMGDMG1586,General,SUDESTE,0.0,-18.244445,-44.959397,aggregate-centroid,uf-centroid:MG,,,SVERDA-MG138
7535,OMGDMG1588,General,SUDESTE,0.0,-18.244445,-44.959397,aggregate-centroid,uf-centroid:MG,,,UTIGAR-MG138
7536,OMGDMG1591,General,SUDESTE,0.0,-18.244445,-44.959397,aggregate-centroid,uf-centroid:MG,,,BCOCA4-MG138
7537,OMGDMG1592,General,SUDESTE,0.0,-18.244445,-44.959397,aggregate-centroid,uf-centroid:MG,,,ESMERA-MG138
7538,OMGDMG1593,General,SUDESTE,0.0,-18.244445,-44.959397,aggregate-centroid,uf-centroid:MG,,,CALAFA-MG138
7539,OMGDMG1594,General,SUDESTE,0.0,-18.244445,-44.959397,aggregate-centroid,uf-centroid:MG,,,CONTA7-MG138
7540,OMGDMG1595,General,SUDESTE,0.0,-18.244445,-44.959397,aggregate-centroid,uf-centroid:MG,,,CONTA4-MG138
7541,OMGDMG1599,General,SUDESTE,0.0,-18.244445,-44.959397,aggregate-centroid,uf-centroid:MG,,,NLIMA4-MG138
7542,OMGDMG1607,General,SUDESTE,0.0,-18.244445,-44.959397,aggregate-centroid,uf-centroid:MG,,,SGOTA1-MG138
7543,OMGDMG1611,General,SUDESTE,0.0,-18.244445,-44.959397,aggregate-centroid,uf-centroid:MG,,,ARACUA-MG138
7544,OMGDMG1614,General,SUDESTE,0.0,-18.244445,-44.959397,aggregate-centroid,uf-centroid:MG,,,CAMPAN-MG138
7545,OMGDMG1615,General,SUDESTE,0.0,-18.244445,-44.959397,aggregate-centroid,uf-centroid:MG,,,CARATI-MG138
7546,OMGDMG1616,General,SUDESTE,0.0,-18.244445,-44.959397,aggregate-centroid,uf-centroid:MG,,,CPENA--MG230
7547,OMGDMG1617,General,SUDESTE,0.0,-18.244445,-44.959397,aggregate-centroid,uf-centroid:MG,,,FINOCE-MG138
7548,OMGDMG1618,General,SUDESTE,0.0,-18.244445,-44.959397,aggregate-centroid,uf-centroid:MG,,,GVALA2-MG138
7549,OMGDMG1621,General,SUDESTE,0.0,-18.244445,-44.959397,aggregate-centroid,uf-centroid:MG,,,INHAP2-MG138
7550,OMGDMG1622,General,SUDESTE,0.0,-18.244445,-44.959397,aggregate-centroid,uf-centroid:MG,,,IPATI1-MG138
7551,OMGDMG1624,General,SUDESTE,0.0,-18.244445,-44.959397,aggregate-centroid,uf-centroid:MG,,,NAQUE1-MG138
7552,OMGDMG1627,General,SUDESTE,0.0,-18.244445,-44.959397,aggregate-centroid,uf-centroid:MG,,,ITAOBI-MG138
7553,OMGDMG1628,General,SUDESTE,0.0,-18.244445,-44.959397,aggregate-centroid,uf-centroid:MG,,,JEQUI1-MG138
7554,OMGDMG1629,General,SUDESTE,0.0,-18.244445,-44.959397,aggregate-centroid,uf-centroid:MG,,,MANHAA-MG138
7555,OMGDMG1632,General,SUDESTE,0.0,-18.244445,-44.959397,aggregate-centroid,uf-centroid:MG,,,PECAN2-MG138
7556,OMGDMG1633,General,SUDESTE,0.0,-18.244445,-44.959397,aggregate-centroid,uf-centroid:MG,,,PPARAI-MG138
7557,OMGDMG1634,General,SUDESTE,0.0,-18.244445,-44.959397,aggregate-centroid,uf-centroid:MG,,,GVAL2--MG069
7558,OMGDMG1636,General,SUDESTE,0.0,-18.244445,-44.959397,aggregate-centroid,uf-centroid:MG,,,TOTON1-MG138
7559,OMGDMG1649,General,SUDESTE,0.0,-18.244445,-44.959397,aggregate-centroid,uf-centroid:MG,,,GUANH2-MG138
7560,OMGDMG1651,General,SUDESTE,0.0,-18.244445,-44.959397,aggregate-centroid,uf-centroid:MG,,,IPATI2-MG138
7561,OMGDMG1652,General,SUDESTE,0.0,-18.244445,-44.959397,aggregate-centroid,uf-centroid:MG,,,SGRAND-MG161
7562,OMGDMG1661,General,SUDESTE,0.0,-18.244445,-44.959397,aggregate-centroid,uf-centroid:MG,,,CMINAS-MG138
7563,OMGDMG1667,General,SUDESTE,0.0,-18.244445,-44.959397,aggregate-centroid,uf-centroid:MG,,,BARBA2-MG138
7564,OMGDMG1668,General,SUDESTE,0.0,-18.244445,-44.959397,aggregate-centroid,uf-centroid:MG,,,BARRO3-MG138
7565,OMGDMG1673,General,SUDESTE,0.0,-18.244445,-44.959397,aggregate-centroid,uf-centroid:MG,,,JFORA1-MG138
7566,OMGDMG1675,General,SUDESTE,0.0,-18.244445,-44.959397,aggregate-centroid,uf-centroid:MG,,,LAFAI1-MG138
7567,OMGDMG1678,General,SUDESTE,0.0,-18.244445,-44.959397,aggregate-centroid,uf-centroid:MG,,,MARIA2-MG138
7568,OMGDMG1679,General,SUDESTE,0.0,-18.244445,-44.959397,aggregate-centroid,uf-centroid:MG,,,OPRET1-MG138
7569,OMGDMG1681,General,SUDESTE,0.0,-18.244445,-44.959397,aggregate-centroid,uf-centroid:MG,,,PNOVA1-MG138
7570,OMGDMG1682,General,SUDESTE,0.0,-18.244445,-44.959397,aggregate-centroid,uf-centroid:MG,,,RACIM4-MG138
7571,OMGDMG1684,General,SUDESTE,0.0,-18.244445,-44.959397,aggregate-centroid,uf-centroid:MG,,,SDUMON-MG138
7572,OMGDMG1685,General,SUDESTE,0.0,-18.244445,-44.959397,aggregate-centroid,uf-centroid:MG,,,SJDRE1-MG138
7573,OMGDMG1687,General,SUDESTE,0.0,-18.244445,-44.959397,aggregate-centroid,uf-centroid:MG,,,PIAU---MG138
7574,OMGDMG1690,General,SUDESTE,0.0,-18.244445,-44.959397,aggregate-centroid,uf-centroid:MG,,,VICOSA-MG138
7575,OMGDMG1692,General,SUDESTE,0.0,-18.244445,-44.959397,aggregate-centroid,uf-centroid:MG,,,JFORA8-MG138
7576,OMGDMG1693,General,SUDESTE,0.0,-18.244445,-44.959397,aggregate-centroid,uf-centroid:MG,,,JFORA2-MG138
7577,OMGDMG1694,General,SUDESTE,0.0,-18.244445,-44.959397,aggregate-centroid,uf-centroid:MG,,,JFORA4-MG138
7578,OMGDMG1699,General,SUDESTE,0.0,-18.244445,-44.959397,aggregate-centroid,uf-centroid:MG,,,ITABIR-MG138
7579,OMGDMG1712,General,SUDESTE,0.0,-18.244445,-44.959397,aggregate-centroid,uf-centroid:MG,,,ARAGU2-MG138
7580,OMGDMG1713,General,SUDESTE,0.0,-18.244445,-44.959397,aggregate-centroid,uf-centroid:MG,,,ARAXA1-MG138
7581,OMGDMG1715,General,SUDESTE,0.0,-18.244445,-44.959397,aggregate-centroid,uf-centroid:MG,,,AVATIN-MG138
7582,OMGDMG1716,General,SUDESTE,0.0,-18.244445,-44.959397,aggregate-centroid,uf-centroid:MG,,,CASSIA-MG138
7583,OMGDMG1717,General,SUDESTE,0.0,-18.244445,-44.959397,aggregate-centroid,uf-centroid:MG,,,COROMA-MG138
7584,OMGDMG1718,General,SUDESTE,0.0,-18.244445,-44.959397,aggregate-centroid,uf-centroid:MG,,,CPARA2-MG138
7585,OMGDMG1719,General,SUDESTE,0.0,-18.244445,-44.959397,aggregate-centroid,uf-centroid:MG,,,FRUTA2-MG138
7586,OMGDMG1720,General,SUDESTE,0.0,-18.244445,-44.959397,aggregate-centroid,uf-centroid:MG,,,IBIA2--MG138
7587,OMGDMG1721,General,SUDESTE,0.0,-18.244445,-44.959397,aggregate-centroid,uf-centroid:MG,,,IRMINA-MG138
7588,OMGDMG1723,General,SUDESTE,0.0,-18.244445,-44.959397,aggregate-centroid,uf-centroid:MG,,,MCARME-MG138
7589,OMGDMG1724,General,SUDESTE,0.0,-18.244445,-44.959397,aggregate-centroid,uf-centroid:MG,,,NPONTE-MG138
7590,OMGDMG1725,General,SUDESTE,0.0,-18.244445,-44.959397,aggregate-centroid,uf-centroid:MG,,,PASSO1-MG138
7591,OMGDMG1726,General,SUDESTE,0.0,-18.244445,-44.959397,aggregate-centroid,uf-centroid:MG,,,PATROC-MG138
7592,OMGDMG1728,General,SUDESTE,0.0,-18.244445,-44.959397,aggregate-centroid,uf-centroid:MG,,,PTMIN1-MG138
7593,OMGDMG1729,General,SUDESTE,0.0,-18.244445,-44.959397,aggregate-centroid,uf-centroid:MG,,,PTMIN2-MG138
7594,OMGDMG1730,General,SUDESTE,0.0,-18.244445,-44.959397,aggregate-centroid,uf-centroid:MG,,,RPARAN-MG138
7595,OMGDMG1731,General,SUDESTE,0.0,-18.244445,-44.959397,aggregate-centroid,uf-centroid:MG,,,SACRAM-MG138
7596,OMGDMG1732,General,SUDESTE,0.0,-18.244445,-44.959397,aggregate-centroid,uf-centroid:MG,,,SSPARA-MG138
7597,OMGDMG1733,General,SUDESTE,0.0,-18.244445,-44.959397,aggregate-centroid,uf-centroid:MG,,,UBERA1-MG138
7598,OMGDMG1735,General,SUDESTE,0.0,-18.244445,-44.959397,aggregate-centroid,uf-centroid:MG,,,UBERA3-MG138
7599,OMGDMG1736,General,SUDESTE,0.0,-18.244445,-44.959397,aggregate-centroid,uf-centroid:MG,,,UBERA4-MG138
7600,OMGDMG1737,General,SUDESTE,0.0,-18.244445,-44.959397,aggregate-centroid,uf-centroid:MG,,,UBERA5-MG138
7601,OMGDMG1738,General,SUDESTE,0.0,-18.244445,-44.959397,aggregate-centroid,uf-centroid:MG,,,UBERA6-MG138
7602,OMGDMG1739,General,SUDESTE,0.0,-18.244445,-44.959397,aggregate-centroid,uf-centroid:MG,,,UBERL1-MG138
7603,OMGDMG1740,General,SUDESTE,0.0,-18.244445,-44.959397,aggregate-centroid,uf-centroid:MG,,,UBERL6-MG138
7604,OMGDMG1741,General,SUDESTE,0.0,-18.244445,-44.959397,aggregate-centroid,uf-centroid:MG,,,UBERL7-MG138
7605,OMGDMG1744,General,SUDESTE,0.0,-18.244445,-44.959397,aggregate-centroid,uf-centroid:MG,,,EMBORC-MG138
7606,OMGDMG1747,General,SUDESTE,0.0,-18.244445,-44.959397,aggregate-centroid,uf-centroid:MG,,,MIRAND-MG138
7607,OMGDMG1770,General,SUDESTE,0.0,-18.244445,-44.959397,aggregate-centroid,uf-centroid:MG,,,ARCOS--MG138
7608,OMGDMG1771,General,SUDESTE,0.0,-18.244445,-44.959397,aggregate-centroid,uf-centroid:MG,,,BDESP2-MG138
7609,OMGDMG1772,General,SUDESTE,0.0,-18.244445,-44.959397,aggregate-centroid,uf-centroid:MG,,,DIVIN1-MG138
7610,OMGDMG1773,General,SUDESTE,0.0,-18.244445,-44.959397,aggregate-centroid,uf-centroid:MG,,,DIVIN2-MG138
7611,OMGDMG1775,General,SUDESTE,0.0,-18.244445,-44.959397,aggregate-centroid,uf-centroid:MG,,,IGUAT2-MG138
7612,OMGDMG1776,General,SUDESTE,0.0,-18.244445,-44.959397,aggregate-centroid,uf-centroid:MG,,,ITAUN1-MG138
7613,OMGDMG1777,General,SUDESTE,0.0,-18.244445,-44.959397,aggregate-centroid,uf-centroid:MG,,,MLEME--MG138
7614,OMGDMG1778,General,SUDESTE,0.0,-18.244445,-44.959397,aggregate-centroid,uf-centroid:MG,,,NSERR1-MG138
7615,OMGDMG1779,General,SUDESTE,0.0,-18.244445,-44.959397,aggregate-centroid,uf-centroid:MG,,,PAINS2-MG138
7616,OMGDMG1781,General,SUDESTE,0.0,-18.244445,-44.959397,aggregate-centroid,uf-centroid:MG,,,PINDAI-MG138
7617,OMGDMG1782,General,SUDESTE,0.0,-18.244445,-44.959397,aggregate-centroid,uf-centroid:MG,,,PRMIN1-MG138
7618,OMGDMG1784,General,SUDESTE,0.0,-18.244445,-44.959397,aggregate-centroid,uf-centroid:MG,,,GAFANH-MG138
7619,OMGDMG1785,General,SUDESTE,0.0,-18.244445,-44.959397,aggregate-centroid,uf-centroid:MG,,,CLAUD2-MG138
7620,OMGDMG1800,General,SUDESTE,0.0,-18.244445,-44.959397,aggregate-centroid,uf-centroid:MG,,,BOCAIU-MG138
7621,OMGDMG1801,General,SUDESTE,0.0,-18.244445,-44.959397,aggregate-centroid,uf-centroid:MG,,,BRASI2-MG138
7622,OMGDMG1802,General,SUDESTE,0.0,-18.244445,-44.959397,aggregate-centroid,uf-centroid:MG,,,BURITI-MG138
7623,OMGDMG1803,General,SUDESTE,0.0,-18.244445,-44.959397,aggregate-centroid,uf-centroid:MG,,,CORINT-MG138
7624,OMGDMG1804,General,SUDESTE,0.0,-18.244445,-44.959397,aggregate-centroid,uf-centroid:MG,,,CURVE2-MG138
7625,OMGDMG1805,General,SUDESTE,0.0,-18.244445,-44.959397,aggregate-centroid,uf-centroid:MG,,,DIAMAN-MG138
7626,OMGDMG1806,General,SUDESTE,0.0,-18.244445,-44.959397,aggregate-centroid,uf-centroid:MG,,,FRNSA1-MG138
7627,OMGDMG1807,General,SUDESTE,0.0,-18.244445,-44.959397,aggregate-centroid,uf-centroid:MG,,,GMOR---MG138
7628,OMGDMG1808,General,SUDESTE,0.0,-18.244445,-44.959397,aggregate-centroid,uf-centroid:MG,,,ITACA2-MG138
7629,OMGDMG1809,General,SUDESTE,0.0,-18.244445,-44.959397,aggregate-centroid,uf-centroid:MG,,,JANAUB-MG138
7630,OMGDMG1810,General,SUDESTE,0.0,-18.244445,-44.959397,aggregate-centroid,uf-centroid:MG,,,JANUA3-MG138
7631,OMGDMG1811,General,SUDESTE,0.0,-18.244445,-44.959397,aggregate-centroid,uf-centroid:MG,,,JANUA4-MG138
7632,OMGDMG1812,General,SUDESTE,0.0,-18.244445,-44.959397,aggregate-centroid,uf-centroid:MG,,,JEQUIT-MG138
7633,OMGDMG1813,General,SUDESTE,0.0,-18.244445,-44.959397,aggregate-centroid,uf-centroid:MG,,,JPINHE-MG138
7634,OMGDMG1814,General,SUDESTE,0.0,-18.244445,-44.959397,aggregate-centroid,uf-centroid:MG,,,MANGA3-MG138
7635,OMGDMG1815,General,SUDESTE,0.0,-18.244445,-44.959397,aggregate-centroid,uf-centroid:MG,,,MANGA5-MG138
7636,OMGDMG1816,General,SUDESTE,0.0,-18.244445,-44.959397,aggregate-centroid,uf-centroid:MG,,,MANGA6-MG138
7637,OMGDMG1817,General,SUDESTE,0.0,-18.244445,-44.959397,aggregate-centroid,uf-centroid:MG,,,MCLAR2-MG138
7638,OMGDMG1818,General,SUDESTE,0.0,-18.244445,-44.959397,aggregate-centroid,uf-centroid:MG,,,MIRABE-MG138
7639,OMGDMG1819,General,SUDESTE,0.0,-18.244445,-44.959397,aggregate-centroid,uf-centroid:MG,,,MOCAMB-MG138
7640,OMGDMG1820,General,SUDESTE,0.0,-18.244445,-44.959397,aggregate-centroid,uf-centroid:MG,,,PARAC1-MG138
7641,OMGDMG1821,General,SUDESTE,0.0,-18.244445,-44.959397,aggregate-centroid,uf-centroid:MG,,,PARAC5-MG138
7642,OMGDMG1822,General,SUDESTE,0.0,-18.244445,-44.959397,aggregate-centroid,uf-centroid:MG,,,PIRAP1-MG138
7643,OMGDMG1823,General,SUDESTE,0.0,-18.244445,-44.959397,aggregate-centroid,uf-centroid:MG,,,SALINA-MG138
7644,OMGDMG1826,General,SUDESTE,0.0,-18.244445,-44.959397,aggregate-centroid,uf-centroid:MG,,,QUEIMA-MG138
7645,OMGDMG1827,General,SUDESTE,0.0,-18.244445,-44.959397,aggregate-centroid,uf-centroid:MG,,,TMARIA-MG138
7646,OMGDMG1828,General,SUDESTE,0.0,-18.244445,-44.959397,aggregate-centroid,uf-centroid:MG,,,UNAI2--MG138
7647,OMGDMG1829,General,SUDESTE,0.0,-18.244445,-44.959397,aggregate-centroid,uf-centroid:MG,,,UNAI3--MG138
7648,OMGDMG1830,General,SUDESTE,0.0,-18.244445,-44.959397,aggregate-centroid,uf-centroid:MG,,,VAZANT-MG138
7649,OMGDMG1831,General,SUDESTE,0.0,-18.244445,-44.959397,aggregate-centroid,uf-centroid:MG,,,VPALM1-MG138
7650,OMGDMG1834,General,SUDESTE,0.0,-18.244445,-44.959397,aggregate-centroid,uf-centroid:MG,,,MCLAR1-MG138
7651,OMGDMG1858,General,SUDESTE,0.0,-18.244445,-44.959397,aggregate-centroid,uf-centroid:MG,,,NRESEN-MG138
7652,OMGDMG1860,General,SUDESTE,0.0,-18.244445,-44.959397,aggregate-centroid,uf-centroid:MG,,,ALFEN1-MG138
7653,OMGDMG1862,General,SUDESTE,0.0,-18.244445,-44.959397,aggregate-centroid,uf-centroid:MG,,,ANDRA2-MG138
7654,OMGDMG1863,General,SUDESTE,0.0,-18.244445,-44.959397,aggregate-centroid,uf-centroid:MG,,,BESPER-MG138
7655,OMGDMG1864,General,SUDESTE,0.0,-18.244445,-44.959397,aggregate-centroid,uf-centroid:MG,,,BMATA--MG138
7656,OMGDMG1865,General,SUDESTE,0.0,-18.244445,-44.959397,aggregate-centroid,uf-centroid:MG,,,BOTELH-MG138
7657,OMGDMG1866,General,SUDESTE,0.0,-18.244445,-44.959397,aggregate-centroid,uf-centroid:MG,,,BRASOP-MG138
7658,OMGDMG1868,General,SUDESTE,0.0,-18.244445,-44.959397,aggregate-centroid,uf-centroid:MG,,,CAMBUQ-MG138
7659,OMGDMG1869,General,SUDESTE,0.0,-18.244445,-44.959397,aggregate-centroid,uf-centroid:MG,,,CAXAMB-MG138
7660,OMGDMG1871,General,SUDESTE,0.0,-18.244445,-44.959397,aggregate-centroid,uf-centroid:MG,,,GUAXU2-MG138
7661,OMGDMG1872,General,SUDESTE,0.0,-18.244445,-44.959397,aggregate-centroid,uf-centroid:MG,,,ITAJU1-MG138
7662,OMGDMG1875,General,SUDESTE,0.0,-18.244445,-44.959397,aggregate-centroid,uf-centroid:MG,,,SGSAPU-MG138
7663,OMGDMG1876,General,SUDESTE,0.0,-18.244445,-44.959397,aggregate-centroid,uf-centroid:MG,,,LAVRA2-MG138
7664,OMGDMG1877,General,SUDESTE,0.0,-18.244445,-44.959397,aggregate-centroid,uf-centroid:MG,,,MACHA2-MG138
7665,OMGDMG1878,General,SUDESTE,0.0,-18.244445,-44.959397,aggregate-centroid,uf-centroid:MG,,,MFE2---MG138
7666,OMGDMG1879,General,SUDESTE,0.0,-18.244445,-44.959397,aggregate-centroid,uf-centroid:MG,,,MINDUR-MG138
7667,OMGDMG1880,General,SUDESTE,0.0,-18.244445,-44.959397,aggregate-centroid,uf-centroid:MG,,,MUZAM2-MG138
7668,OMGDMG1881,General,SUDESTE,0.0,-18.244445,-44.959397,aggregate-centroid,uf-centroid:MG,,,NEPOMU-MG138
7669,OMGDMG1882,General,SUDESTE,0.0,-18.244445,-44.959397,aggregate-centroid,uf-centroid:MG,,,OFINO--MG138
7670,OMGDMG1883,General,SUDESTE,0.0,-18.244445,-44.959397,aggregate-centroid,uf-centroid:MG,,,PALEG1-MG138
7671,OMGDMG1884,General,SUDESTE,0.0,-18.244445,-44.959397,aggregate-centroid,uf-centroid:MG,,,PALEG2-MG138
7672,OMGDMG1885,General,SUDESTE,0.0,-18.244445,-44.959397,aggregate-centroid,uf-centroid:MG,,,PARAGU-MG138
7673,OMGDMG1887,General,SUDESTE,0.0,-18.244445,-44.959397,aggregate-centroid,uf-centroid:MG,,,PCALD2-MG138
7674,OMGDMG1888,General,SUDESTE,0.0,-18.244445,-44.959397,aggregate-centroid,uf-centroid:MG,,,SLOURE-MG138
7675,OMGDMG1889,General,SUDESTE,0.0,-18.244445,-44.959397,aggregate-centroid,uf-centroid:MG,,,SRCALD-MG138
7676,OMGDMG1890,General,SUDESTE,0.0,-18.244445,-44.959397,aggregate-centroid,uf-centroid:MG,,,SRSAPU-MG138
7677,OMGDMG1891,General,SUDESTE,0.0,-18.244445,-44.959397,aggregate-centroid,uf-centroid:MG,,,TCORA1-MG138
7678,OMGDMG1892,General,SUDESTE,0.0,-18.244445,-44.959397,aggregate-centroid,uf-centroid:MG,,,TCORA2-MG138
7679,OMGDMG1893,General,SUDESTE,0.0,-18.244445,-44.959397,aggregate-centroid,uf-centroid:MG,,,TPONTA-MG138
7680,OMGDMG1894,General,SUDESTE,0.0,-18.244445,-44.959397,aggregate-centroid,uf-centroid:MG,,,FUNIL--MG138
7681,OMGDMG1895,General,SUDESTE,0.0,-18.244445,-44.959397,aggregate-centroid,uf-centroid:MG,,,ITUTNB-MG138
7682,OMGDMG1896,General,SUDESTE,0.0,-18.244445,-44.959397,aggregate-centroid,uf-centroid:MG,,,VARGI1-MG138
7683,OMGDMG1897,General,SUDESTE,0.0,-18.244445,-44.959397,aggregate-centroid,uf-centroid:MG,,,VARGI2-MG138
7684,OMGDMG1898,General,SUDESTE,0.0,-18.244445,-44.959397,aggregate-centroid,uf-centroid:MG,,,MSIAO--MG138
7685,OMGDMG1899,General,SUDESTE,0.0,-18.244445,-44.959397,aggregate-centroid,uf-centroid:MG,,,PARAIS-MG138
7686,OMGDMG1921,General,SUDESTE,0.0,-18.244445,-44.959397,aggregate-centroid,uf-centroid:MG,,,JULIUS-RJ069
7687,OMGDMG1922,General,SUDESTE,0.0,-18.244445,-44.959397,aggregate-centroid,uf-centroid:MG,,,TADEU.-RJ069
7688,OMGDMG1923,General,SUDESTE,0.0,-18.244445,-44.959397,aggregate-centroid,uf-centroid:MG,,,SUMIDO-RJ069
7689,OMGDMG1926,General,SUDESTE,0.0,-18.244445,-44.959397,aggregate-centroid,uf-centroid:MG,,,C.PAUL-RJ069
7690,OMGDMG1927,General,SUDESTE,0.0,-18.244445,-44.959397,aggregate-centroid,uf-centroid:MG,,,CONQUI-RJ138
7691,OMGDMG1928,General,SUDESTE,0.0,-18.244445,-44.959397,aggregate-centroid,uf-centroid:MG,,,TADEO2-RJ069
7692,OMGDMG2093,General,SUDESTE,0.0,-18.244445,-44.959397,aggregate-centroid,uf-centroid:MG,,,LEOPOL-MG069
7693,OMGDMG2095,General,SUDESTE,0.0,-18.244445,-44.959397,aggregate-centroid,uf-centroid:MG,,,NUMAUR-MG069
7694,OMGDMG2097,General,SUDESTE,0.0,-18.244445,-44.959397,aggregate-centroid,uf-centroid:MG,,,CATAUA-MG069
7695,OMGDMG2098,General,SUDESTE,0.0,-18.244445,-44.959397,aggregate-centroid,uf-centroid:MG,,,CATAUB-MG069
7696,OMGDMG2099,General,SUDESTE,0.0,-18.244445,-44.959397,aggregate-centroid,uf-centroid:MG,,,LARANJ-MG069
7697,OMGDMG2101,General,SUDESTE,0.0,-18.244445,-44.959397,aggregate-centroid,uf-centroid:MG,,,MURIA2-MG069
7698,OMGDMG2102,General,SUDESTE,0.0,-18.244445,-44.959397,aggregate-centroid,uf-centroid:MG,,,MURIA1-MG069
7699,OMGDMG2103,General,SUDESTE,0.0,-18.244445,-44.959397,aggregate-centroid,uf-centroid:MG,,,ASTODU-MG069
7700,OMGDMG2105,General,SUDESTE,0.0,-18.244445,-44.959397,aggregate-centroid,uf-centroid:MG,,,UBA-2--MG069
7701,OMGDMG2106,General,SUDESTE,0.0,-18.244445,-44.959397,aggregate-centroid,uf-centroid:MG,,,UBA-1--MG069
7702,OMGDMG2108,General,SUDESTE,0.0,-18.244445,-44.959397,aggregate-centroid,uf-centroid:MG,,,VRBRA2-MG069
7703,OMGDMG2109,General,SUDESTE,0.0,-18.244445,-44.959397,aggregate-centroid,uf-centroid:MG,,,VRBRA1-MG069
7704,OMGDMG2110,General,SUDESTE,0.0,-18.244445,-44.959397,aggregate-centroid,uf-centroid:MG,,,COIMBR-MG069
7705,OMGDMG2111,General,SUDESTE,0.0,-18.244445,-44.959397,aggregate-centroid,uf-centroid:MG,,,ITUEREPCH013
7706,OMGDMG2112,General,SUDESTE,0.0,-18.244445,-44.959397,aggregate-centroid,uf-centroid:MG,,,TOCANT-MG138
7707,OMGDMG2114,General,SUDESTE,0.0,-18.244445,-44.959397,aggregate-centroid,uf-centroid:MG,,,MANHUA-MG069
7708,OMGDMG2115,General,SUDESTE,0.0,-18.244445,-44.959397,aggregate-centroid,uf-centroid:MG,,,REALEZ-MG069
7709,OMGDMG2117,General,SUDESTE,0.0,-18.244445,-44.959397,aggregate-centroid,uf-centroid:MG,,,MATIPO-MG069
7710,OMGDMG2120,General,SUDESTE,0.0,-18.244445,-44.959397,aggregate-centroid,uf-centroid:MG,,,ALEMPA-MG069
7711,OMGDMG2122,General,SUDESTE,0.0,-18.244445,-44.959397,aggregate-centroid,uf-centroid:MG,,,ERVALI-MG069
7712,OMGDMG2124,General,SUDESTE,0.0,-18.244445,-44.959397,aggregate-centroid,uf-centroid:MG,,,RIONOV-MG069
7713,OMGDMG2127,General,SUDESTE,0.0,-18.244445,-44.959397,aggregate-centroid,uf-centroid:MG,,,RODEIR-MG069
7714,OMGDMG2128,General,SUDESTE,0.0,-18.244445,-44.959397,aggregate-centroid,uf-centroid:MG,,,GUIRIC-MG069
7715,OMGDMG2130,General,SUDESTE,0.0,-18.244445,-44.959397,aggregate-centroid,uf-centroid:MG,,,SM.ANT-MG138
7716,OMGDMG2144,General,SUDESTE,0.0,-18.244445,-44.959397,aggregate-centroid,uf-centroid:MG,,,DIVINE-MG069
7717,OMGDMG2147,General,SUDESTE,0.0,-18.244445,-44.959397,aggregate-centroid,uf-centroid:MG,,,P.FIAL-MG138
7718,OMGDMG2149,General,SUDESTE,0.0,-18.244445,-44.959397,aggregate-centroid,uf-centroid:MG,,,RCO----MG069
7719,OMGDMG2158,General,SUDESTE,0.0,-18.244445,-44.959397,aggregate-centroid,uf-centroid:MG,,,UBA3---MG138
7720,OMGDMG2159,General,SUDESTE,0.0,-18.244445,-44.959397,aggregate-centroid,uf-centroid:MG,,,MANHU2-MG138
7721,OMGDMG26477,General,SUDESTE,0.0,-18.244445,-44.959397,aggregate-centroid,uf-centroid:MG,,,IPAT11-MG013
7722,OMGDMG26481,General,SUDESTE,0.0,-18.244445,-44.959397,aggregate-centroid,uf-centroid:MG,,,TIMOTE-MG013
7723,OMGDMG26482,General,SUDESTE,0.0,-18.244445,-44.959397,aggregate-centroid,uf-centroid:MG,,,GVALD2-MG013
7724,OMGDMG26492,General,SUDESTE,0.0,-18.244445,-44.959397,aggregate-centroid,uf-centroid:MG,,,NEVES5-MG138
7725,OMGDMG26739,General,SUDESTE,0.0,-18.244445,-44.959397,aggregate-centroid,uf-centroid:MG,,,JABOT1-MG138
7726,OMGDMG26741,General,SUDESTE,0.0,-18.244445,-44.959397,aggregate-centroid,uf-centroid:MG,,,BRUMD2-MG138
7727,OMGDMG26746,General,SUDESTE,0.0,-18.244445,-44.959397,aggregate-centroid,uf-centroid:MG,,,ITAMIN-MG138
7728,OMGDMG26787,General,SUDESTE,0.0,-18.244445,-44.959397,aggregate-centroid,uf-centroid:MG,,,IBIRI2-MG138
7729,OMGDMG26832,General,SUDESTE,0.0,-18.244445,-44.959397,aggregate-centroid,uf-centroid:MG,,,SVERDB-MG138
7730,OMGDMG26842,General,SUDESTE,0.0,-18.244445,-44.959397,aggregate-centroid,uf-centroid:MG,,,CCHAG1-MG138
7731,OMGDMG26843,General,SUDESTE,0.0,-18.244445,-44.959397,aggregate-centroid,uf-centroid:MG,,,NANUQU-MG138
7732,OMGDMG26844,General,SUDESTE,0.0,-18.244445,-44.959397,aggregate-centroid,uf-centroid:MG,,,ITING1-MG138
7733,OMGDMG26894,General,SUDESTE,0.0,-18.244445,-44.959397,aggregate-centroid,uf-centroid:MG,,,MNOVA2-MG138
7734,OMGDMG26916,General,SUDESTE,0.0,-18.244445,-44.959397,aggregate-centroid,uf-centroid:MG,,,MONLE3-MG069
7735,OMGDMG26917,General,SUDESTE,0.0,-18.244445,-44.959397,aggregate-centroid,uf-centroid:MG,,,NERA-1-MG069
7736,OMGDMG26919,General,SUDESTE,0.0,-18.244445,-44.959397,aggregate-centroid,uf-centroid:MG,,,ITAB2--MG013
7737,OMGDMG26920,General,SUDESTE,0.0,-18.244445,-44.959397,aggregate-centroid,uf-centroid:MG,,,ITABR3-MG069
7738,OMGDMG26928,General,SUDESTE,0.0,-18.244445,-44.959397,aggregate-centroid,uf-centroid:MG,,,GVALA1-MG138
7739,OMGDMG26939,General,SUDESTE,0.0,-18.244445,-44.959397,aggregate-centroid,uf-centroid:MG,,,CORFAB-MG069
7740,OMGDMG26972,General,SUDESTE,0.0,-18.244445,-44.959397,aggregate-centroid,uf-centroid:MG,,,CARANG-MG138
7741,OMGDMG27005,General,SUDESTE,0.0,-18.244445,-44.959397,aggregate-centroid,uf-centroid:MG,,,DIVINO-MG138
7742,OMGDMG27032,General,SUDESTE,0.0,-18.244445,-44.959397,aggregate-centroid,uf-centroid:MG,,,CAPEL2-MG138
7743,OMGDMG27034,General,SUDESTE,0.0,-18.244445,-44.959397,aggregate-centroid,uf-centroid:MG,,,ITABR6-MG069
7744,OMGDMG27051,General,SUDESTE,0.0,-18.244445,-44.959397,aggregate-centroid,uf-centroid:MG,,,IBIRAC-MG013
7745,OMGDMG27062,General,SUDESTE,0.0,-18.244445,-44.959397,aggregate-centroid,uf-centroid:MG,,,VGRAN1-MG138
7746,OMGDMG27145,General,SUDESTE,0.0,-18.244445,-44.959397,aggregate-centroid,uf-centroid:MG,,,CARAN3-MG138
7747,OMGDMG27153,General,SUDESTE,0.0,-18.244445,-44.959397,aggregate-centroid,uf-centroid:MG,,,MURTIN-MG138
7748,OMGDMG27171,General,SUDESTE,0.0,-18.244445,-44.959397,aggregate-centroid,uf-centroid:MG,,,BARBA1-MG138
7749,OMGDMG27203,General,SUDESTE,0.0,-18.244445,-44.959397,aggregate-centroid,uf-centroid:MG,,,JEQERI-MG138
7750,OMGDMG27210,General,SUDESTE,0.0,-18.244445,-44.959397,aggregate-centroid,uf-centroid:MG,,,VICOS2-MG138
7751,OMGDMG27212,General,SUDESTE,0.0,-18.244445,-44.959397,aggregate-centroid,uf-centroid:MG,,,CONGO2-MG138
7752,OMGDMG27217,General,SUDESTE,0.0,-18.244445,-44.959397,aggregate-centroid,uf-centroid:MG,,,OPRET5-MG138
7753,OMGDMG27231,General,SUDESTE,0.0,-18.244445,-44.959397,aggregate-centroid,uf-centroid:MG,,,RPARA2-MG138
7754,OMGDMG27234,General,SUDESTE,0.0,-18.244445,-44.959397,aggregate-centroid,uf-centroid:MG,,,SERYA--MG138
7755,OMGDMG27235,General,SUDESTE,0.0,-18.244445,-44.959397,aggregate-centroid,uf-centroid:MG,,,ITAPA1-MG138
7756,OMGDMG27237,General,SUDESTE,0.0,-18.244445,-44.959397,aggregate-centroid,uf-centroid:MG,,,PATRC3-MG138
7757,OMGDMG27241,General,SUDESTE,0.0,-18.244445,-44.959397,aggregate-centroid,uf-centroid:MG,,,C.ALTO-MG138
7758,OMGDMG27245,General,SUDESTE,0.0,-18.244445,-44.959397,aggregate-centroid,uf-centroid:MG,,,CVRDE2-MG138
7759,OMGDMG27252,General,SUDESTE,0.0,-18.244445,-44.959397,aggregate-centroid,uf-centroid:MG,,,ITURA1-MG138
7760,OMGDMG27255,General,SUDESTE,0.0,-18.244445,-44.959397,aggregate-centroid,uf-centroid:MG,,,VPONTA-MG138
7761,OMGDMG27257,General,SUDESTE,0.0,-18.244445,-44.959397,aggregate-centroid,uf-centroid:MG,,,SVITOR-MG138
7762,OMGDMG27260,General,SUDESTE,0.0,-18.244445,-44.959397,aggregate-centroid,uf-centroid:MG,,,PLANRA-MG138
7763,OMGDMG27271,General,SUDESTE,0.0,-18.244445,-44.959397,aggregate-centroid,uf-centroid:MG,,,UBERL2-MG138
7764,OMGDMG27304,General,SUDESTE,0.0,-18.244445,-44.959397,aggregate-centroid,uf-centroid:MG,,,ITUIUT-MG138
7765,OMGDMG27314,General,SUDESTE,0.0,-18.244445,-44.959397,aggregate-centroid,uf-centroid:MG,,,FRUTA1-MG138
7766,OMGDMG27337,General,SUDESTE,0.0,-18.244445,-44.959397,aggregate-centroid,uf-centroid:MG,,,CGOMES-MG138
7767,OMGDMG27353,General,SUDESTE,0.0,-18.244445,-44.959397,aggregate-centroid,uf-centroid:MG,,,PRATA1-MG138
7768,OMGDMG27354,General,SUDESTE,0.0,-18.244445,-44.959397,aggregate-centroid,uf-centroid:MG,,,PRATA2-MG138
7769,OMGDMG27371,General,SUDESTE,0.0,-18.244445,-44.959397,aggregate-centroid,uf-centroid:MG,,,ADMSAD-MG138
7770,OMGDMG27379,General,SUDESTE,0.0,-18.244445,-44.959397,aggregate-centroid,uf-centroid:MG,,,NPONT2-MG138
7771,OMGDMG27384,General,SUDESTE,0.0,-18.244445,-44.959397,aggregate-centroid,uf-centroid:MG,,,LFRMS2-MG138
7772,OMGDMG27404,General,SUDESTE,0.0,-18.244445,-44.959397,aggregate-centroid,uf-centroid:MG,,,COROM2-MG138
7773,OMGDMG27408,General,SUDESTE,0.0,-18.244445,-44.959397,aggregate-centroid,uf-centroid:MG,,,UBERL9-MG138
7774,OMGDMG27409,General,SUDESTE,0.0,-18.244445,-44.959397,aggregate-centroid,uf-centroid:MG,,,DIVIN3-MG138
7775,OMGDMG27441,General,SUDESTE,0.0,-18.244445,-44.959397,aggregate-centroid,uf-centroid:MG,,,NSERR2-MG138
7776,OMGDMG27499,General,SUDESTE,0.0,-18.244445,-44.959397,aggregate-centroid,uf-centroid:MG,,,PIUMHI-MG138
7777,OMGDMG27501,General,SUDESTE,0.0,-18.244445,-44.959397,aggregate-centroid,uf-centroid:MG,,,LPRATA-MG138
7778,OMGDMG27511,General,SUDESTE,0.0,-18.244445,-44.959397,aggregate-centroid,uf-centroid:MG,,,ITATI1-MG138
7779,OMGDMG27549,General,SUDESTE,0.0,-18.244445,-44.959397,aggregate-centroid,uf-centroid:MG,,,HEINKE-MG138
7780,OMGDMG27557,General,SUDESTE,0.0,-18.244445,-44.959397,aggregate-centroid,uf-centroid:MG,,,SSOEST-MG138
7781,OMGDMG27572,General,SUDESTE,0.0,-18.244445,-44.959397,aggregate-centroid,uf-centroid:MG,,,UNAI5--MG138
7782,OMGDMG27573,General,SUDESTE,0.0,-18.244445,-44.959397,aggregate-centroid,uf-centroid:MG,,,BURIT1-MG138
7783,OMGDMG27574,General,SUDESTE,0.0,-18.244445,-44.959397,aggregate-centroid,uf-centroid:MG,,,URUCU1-MG138
7784,OMGDMG27575,General,SUDESTE,0.0,-18.244445,-44.959397,aggregate-centroid,uf-centroid:MG,,,PARC12-MG138
7785,OMGDMG27590,General,SUDESTE,0.0,-18.244445,-44.959397,aggregate-centroid,uf-centroid:MG,,,PARAC7-MG138
7786,OMGDMG27591,General,SUDESTE,0.0,-18.244445,-44.959397,aggregate-centroid,uf-centroid:MG,,,PARAC2-MG138
7787,OMGDMG27602,General,SUDESTE,0.0,-18.244445,-44.959397,aggregate-centroid,uf-centroid:MG,,,SSALIT-MG138
7788,OMGDMG27608,General,SUDESTE,0.0,-18.244445,-44.959397,aggregate-centroid,uf-centroid:MG,,,MCLAR4-MG138
7789,OMGDMG27619,General,SUDESTE,0.0,-18.244445,-44.959397,aggregate-centroid,uf-centroid:MG,,,FRNSA2-MG138
7790,OMGDMG27620,General,SUDESTE,0.0,-18.244445,-44.959397,aggregate-centroid,uf-centroid:MG,,,FORMG2-MG138
7791,OMGDMG27621,General,SUDESTE,0.0,-18.244445,-44.959397,aggregate-centroid,uf-centroid:MG,,,SROMAO-MG138
7792,OMGDMG27630,General,SUDESTE,0.0,-18.244445,-44.959397,aggregate-centroid,uf-centroid:MG,,,PORTEI-MG138
7793,OMGDMG27684,General,SUDESTE,0.0,-18.244445,-44.959397,aggregate-centroid,uf-centroid:MG,,,CONFI1-MG138
7794,OMGDMG27687,General,SUDESTE,0.0,-18.244445,-44.959397,aggregate-centroid,uf-centroid:MG,,,LONTRA-MG138
7795,OMGDMG27694,General,SUDESTE,0.0,-18.244445,-44.959397,aggregate-centroid,uf-centroid:MG,,,FRNSA3-MG138
7796,OMGDMG27695,General,SUDESTE,0.0,-18.244445,-44.959397,aggregate-centroid,uf-centroid:MG,,,SERRAN-MG138
7797,OMGDMG27748,General,SUDESTE,0.0,-18.244445,-44.959397,aggregate-centroid,uf-centroid:MG,,,PARAC8-MG138
7798,OMGDMG27901,General,SUDESTE,0.0,-18.244445,-44.959397,aggregate-centroid,uf-centroid:MG,,,MALEGRUTE013
7799,OMGDMG27908,General,SUDESTE,0.0,-18.244445,-44.959397,aggregate-centroid,uf-centroid:MG,,,EMEDES-MG138
7800,OMGDMG27924,General,SUDESTE,0.0,-18.244445,-44.959397,aggregate-centroid,uf-centroid:MG,,,COQUEI-MG138
7801,OMGDMG27930,General,SUDESTE,0.0,-18.244445,-44.959397,aggregate-centroid,uf-centroid:MG,,,ILICIN-MG138
7802,OMGDMG29052,General,SUDESTE,0.0,-18.244445,-44.959397,aggregate-centroid,uf-centroid:MG,,,CANAA--MG138
7803,OMGDMG29053,General,SUDESTE,0.0,-18.244445,-44.959397,aggregate-centroid,uf-centroid:MG,,,MURIA3-MG138
7804,OMGDMG29054,General,SUDESTE,0.0,-18.244445,-44.959397,aggregate-centroid,uf-centroid:MG,,,MSOARE-MG069
7805,OMGDMG29056,General,SUDESTE,0.0,-18.244445,-44.959397,aggregate-centroid,uf-centroid:MG,,,CENTE2-RJ138
7806,OMGDMG40390,General,SUDESTE,0.0,-18.244445,-44.959397,aggregate-centroid,uf-centroid:MG,,,TUPAC-UTE013
7807,OMGDMS40339,General,SUDESTE,0.0,-18.718351,-56.525518,aggregate-centroid,uf-centroid:MS,,,CRICA--MS138
7808,OMGDMS49052,General,SUDESTE,0.0,-18.718351,-56.525518,aggregate-centroid,uf-centroid:MS,,,STALU2-MS034
7809,OMGDMS49057,General,SUDESTE,0.0,-18.718351,-56.525518,aggregate-centroid,uf-centroid:MS,,,RIBASR-MS138
7810,OMGDMS49084,General,SUDESTE,0.0,-18.718351,-56.525518,aggregate-centroid,uf-centroid:MS,,,MUNOVO-MS138
7811,OMGDMS8366,General,SUDESTE,0.0,-18.718351,-56.525518,aggregate-centroid,uf-centroid:MS,,,ACLARA-MS138
7812,OMGDMS8374,General,SUDESTE,0.0,-18.718351,-56.525518,aggregate-centroid,uf-centroid:MS,,,PREDON-MS138
7813,OMGDMS8375,General,SUDESTE,0.0,-18.718351,-56.525518,aggregate-centroid,uf-centroid:MS,,,BANDMS-MS138
7814,OMGDMS8378,General,SUDESTE,0.0,-18.718351,-56.525518,aggregate-centroid,uf-centroid:MS,,,AMAMBA-MS138
7815,OMGDMS8379,General,SUDESTE,0.0,-18.718351,-56.525518,aggregate-centroid,uf-centroid:MS,,,VICENT-MS069
7816,OMGDMS8380,General,SUDESTE,0.0,-18.718351,-56.525518,aggregate-centroid,uf-centroid:MS,,,CAMRUR-MS138
7817,OMGDMS8397,General,SUDESTE,0.0,-18.718351,-56.525518,aggregate-centroid,uf-centroid:MS,,,ATABOA-MS138
7818,OMGDMS8403,General,SUDESTE,0.0,-18.718351,-56.525518,aggregate-centroid,uf-centroid:MS,,,AQUIDA-MS138
7819,OMGDMS8418,General,SUDESTE,0.0,-18.718351,-56.525518,aggregate-centroid,uf-centroid:MS,,,AMIRAN-MS069
7820,OMGDMS8419,General,SUDESTE,0.0,-18.718351,-56.525518,aggregate-centroid,uf-centroid:MS,,,BONIT1-MS069
7821,OMGDMS8440,General,SUDESTE,0.0,-18.718351,-56.525518,aggregate-centroid,uf-centroid:MS,,,CAMAPU-MS138
7822,OMGDMS8443,General,SUDESTE,0.0,-18.718351,-56.525518,aggregate-centroid,uf-centroid:MS,,,CAARAP-MS069
7823,OMGDMS8450,General,SUDESTE,0.0,-18.718351,-56.525518,aggregate-centroid,uf-centroid:MS,,,CASSIL-MS138
7824,OMGDMS8454,General,SUDESTE,0.0,-18.718351,-56.525518,aggregate-centroid,uf-centroid:MS,,,CGPARQ-MS138
7825,OMGDMS8456,General,SUDESTE,0.0,-18.718351,-56.525518,aggregate-centroid,uf-centroid:MS,,,CGALMO-MS138
7826,OMGDMS8461,General,SUDESTE,0.0,-18.718351,-56.525518,aggregate-centroid,uf-centroid:MS,,,CGSCAF-MS138
7827,OMGDMS8465,General,SUDESTE,0.0,-18.718351,-56.525518,aggregate-centroid,uf-centroid:MS,,,CGCENT-MS138
7828,OMGDMS8469,General,SUDESTE,0.0,-18.718351,-56.525518,aggregate-centroid,uf-centroid:MS,,,CGCUIA-MS138
7829,OMGDMS8477,General,SUDESTE,0.0,-18.718351,-56.525518,aggregate-centroid,uf-centroid:MS,,,CGINDU-MS138
7830,OMGDMS8482,General,SUDESTE,0.0,-18.718351,-56.525518,aggregate-centroid,uf-centroid:MS,,,CGJABR-MS138
7831,OMGDMS8486,General,SUDESTE,0.0,-18.718351,-56.525518,aggregate-centroid,uf-centroid:MS,,,CGMCOU-MS138
7832,OMGDMS8489,General,SUDESTE,0.0,-18.718351,-56.525518,aggregate-centroid,uf-centroid:MS,,,CGPROG-MS138
7833,OMGDMS8490,General,SUDESTE,0.0,-18.718351,-56.525518,aggregate-centroid,uf-centroid:MS,,,CGTama-MS138
7834,OMGDMS8492,General,SUDESTE,0.0,-18.718351,-56.525518,aggregate-centroid,uf-centroid:MS,,,CHAPAD-MS138
7835,OMGDMS8495,General,SUDESTE,0.0,-18.718351,-56.525518,aggregate-centroid,uf-centroid:MS,,,PMURTI-MS138
7836,OMGDMS8506,General,SUDESTE,0.0,-18.718351,-56.525518,aggregate-centroid,uf-centroid:MS,,,CORUMB-MS138
7837,OMGDMS8511,General,SUDESTE,0.0,-18.718351,-56.525518,aggregate-centroid,uf-centroid:MS,,,COXIM--MS138
7838,OMGDMS8515,General,SUDESTE,0.0,-18.718351,-56.525518,aggregate-centroid,uf-centroid:MS,,,CRUZAL-MS138
7839,OMGDMS8518,General,SUDESTE,0.0,-18.718351,-56.525518,aggregate-centroid,uf-centroid:MS,,,DALVOR-MS138
7840,OMGDMS8521,General,SUDESTE,0.0,-18.718351,-56.525518,aggregate-centroid,uf-centroid:MS,,,DOUIND-MS138
7841,OMGDMS8524,General,SUDESTE,0.0,-18.718351,-56.525518,aggregate-centroid,uf-centroid:MS,,,DMAXWE-MS138
7842,OMGDMS8531,General,SUDESTE,0.0,-18.718351,-56.525518,aggregate-centroid,uf-centroid:MS,,,DEODAP-MS069
7843,OMGDMS8535,General,SUDESTE,0.0,-18.718351,-56.525518,aggregate-centroid,uf-centroid:MS,,,DNACOE-MS138
7844,OMGDMS8542,General,SUDESTE,0.0,-18.718351,-56.525518,aggregate-centroid,uf-centroid:MS,,,ELDOAA-MS138
7845,OMGDMS8546,General,SUDESTE,0.0,-18.718351,-56.525518,aggregate-centroid,uf-centroid:MS,,,FATIMA-MS069
7846,OMGDMS8554,General,SUDESTE,0.0,-18.718351,-56.525518,aggregate-centroid,uf-centroid:MS,,,GLORIA-MS069
7847,OMGDMS8557,General,SUDESTE,0.0,-18.718351,-56.525518,aggregate-centroid,uf-centroid:MS,,,IGUATE-MS138
7848,OMGDMS8573,General,SUDESTE,0.0,-18.718351,-56.525518,aggregate-centroid,uf-centroid:MS,,,IVINHE-MS069
7849,OMGDMS8582,General,SUDESTE,0.0,-18.718351,-56.525518,aggregate-centroid,uf-centroid:MS,,,JARDIM-MS138
7850,OMGDMS8586,General,SUDESTE,0.0,-18.718351,-56.525518,aggregate-centroid,uf-centroid:MS,,,CGLAGE-MS138
7851,OMGDMS8591,General,SUDESTE,0.0,-18.718351,-56.525518,aggregate-centroid,uf-centroid:MS,,,MARACA-MS138
7852,OMGDMS8598,General,SUDESTE,0.0,-18.718351,-56.525518,aggregate-centroid,uf-centroid:MS,,,MIMOSO-MS138
7853,OMGDMS8605,General,SUDESTE,0.0,-18.718351,-56.525518,aggregate-centroid,uf-centroid:MS,,,MIRAND-MS138
7854,OMGDMS8611,General,SUDESTE,0.0,-18.718351,-56.525518,aggregate-centroid,uf-centroid:MS,,,NANDRA-MS138
7855,OMGDMS8615,General,SUDESTE,0.0,-18.718351,-56.525518,aggregate-centroid,uf-centroid:MS,,,NAMERI-MS069
7856,OMGDMS8618,General,SUDESTE,0.0,-18.718351,-56.525518,aggregate-centroid,uf-centroid:MS,,,NAVIRA-MS138
7857,OMGDMS8627,General,SUDESTE,0.0,-18.718351,-56.525518,aggregate-centroid,uf-centroid:MS,,,POVIDI-MS069
7858,OMGDMS8637,General,SUDESTE,0.0,-18.718351,-56.525518,aggregate-centroid,uf-centroid:MS,,,PTPORA-MS138
7859,OMGDMS8639,General,SUDESTE,0.0,-18.718351,-56.525518,aggregate-centroid,uf-centroid:MS,,,FAZITA-MS138
7860,OMGDMS8648,General,SUDESTE,0.0,-18.718351,-56.525518,aggregate-centroid,uf-centroid:MS,,,PARANA-MS138
7861,OMGDMS8655,General,SUDESTE,0.0,-18.718351,-56.525518,aggregate-centroid,uf-centroid:MS,,,RBRILH-MS138
7862,OMGDMS8666,General,SUDESTE,0.0,-18.718351,-56.525518,aggregate-centroid,uf-centroid:MS,,,RIOVER-MS138
7863,OMGDMS8676,General,SUDESTE,0.0,-18.718351,-56.525518,aggregate-centroid,uf-centroid:MS,,,SGABRI-MS138
7864,OMGDMS8686,General,SUDESTE,0.0,-18.718351,-56.525518,aggregate-centroid,uf-centroid:MS,,,ACARAC-MS138
7865,OMGDMS8691,General,SUDESTE,0.0,-18.718351,-56.525518,aggregate-centroid,uf-centroid:MS,,,SIDRLA-MS138
7866,OMGDMS8705,General,SUDESTE,0.0,-18.718351,-56.525518,aggregate-centroid,uf-centroid:MS,,,SECVAL-MS138
7867,OMGDMT1291,General,SUDESTE,0.0,-14.294069,-56.290676,aggregate-centroid,uf-centroid:MT,,,COXIPO-MT138
7868,OMGDMT1293,General,SUDESTE,0.0,-14.294069,-56.290676,aggregate-centroid,uf-centroid:MT,,,B-DURO-MT138
7869,OMGDMT1295,General,SUDESTE,0.0,-14.294069,-56.290676,aggregate-centroid,uf-centroid:MT,,,VGRAND-MT138
7870,OMGDMT1297,General,SUDESTE,0.0,-14.294069,-56.290676,aggregate-centroid,uf-centroid:MT,,,C-ALTA-MT138
7871,OMGDMT1300,General,SUDESTE,0.0,-14.294069,-56.290676,aggregate-centroid,uf-centroid:MT,,,C-P-A--MT138
7872,OMGDMT1302,General,SUDESTE,0.0,-14.294069,-56.290676,aggregate-centroid,uf-centroid:MT,,,CRIREI-MT138
7873,OMGDMT1304,General,SUDESTE,0.0,-14.294069,-56.290676,aggregate-centroid,uf-centroid:MT,,,RODOVI-MT138
7874,OMGDMT1306,General,SUDESTE,0.0,-14.294069,-56.290676,aggregate-centroid,uf-centroid:MT,,,TREVOL-MT138
7875,OMGDMT1309,General,SUDESTE,0.0,-14.294069,-56.290676,aggregate-centroid,uf-centroid:MT,,,C-VERD-MT138
7876,OMGDMT1310,General,SUDESTE,0.0,-14.294069,-56.290676,aggregate-centroid,uf-centroid:MT,,,PRIMAV-MT138
7877,OMGDMT1311,General,SUDESTE,0.0,-14.294069,-56.290676,aggregate-centroid,uf-centroid:MT,,,PRIMRU-MT138
7878,OMGDMT1312,General,SUDESTE,0.0,-14.294069,-56.290676,aggregate-centroid,uf-centroid:MT,,,PARAAA-MT138
7879,OMGDMT1316,General,SUDESTE,0.0,-14.294069,-56.290676,aggregate-centroid,uf-centroid:MT,,,JACIAR-MT138
7880,OMGDMT1317,General,SUDESTE,0.0,-14.294069,-56.290676,aggregate-centroid,uf-centroid:MT,,,RONDON-MT138
7881,OMGDMT1319,General,SUDESTE,0.0,-14.294069,-56.290676,aggregate-centroid,uf-centroid:MT,,,ROND-R-MT034
7882,OMGDMT1320,General,SUDESTE,0.0,-14.294069,-56.290676,aggregate-centroid,uf-centroid:MT,,,RODCEN-MT138
7883,OMGDMT1322,General,SUDESTE,0.0,-14.294069,-56.290676,aggregate-centroid,uf-centroid:MT,,,SOZINH-MT138
7884,OMGDMT1323,General,SUDESTE,0.0,-14.294069,-56.290676,aggregate-centroid,uf-centroid:MT,,,PETRVA-MT138
7885,OMGDMT1326,General,SUDESTE,0.0,-14.294069,-56.290676,aggregate-centroid,uf-centroid:MT,,,CANGAS-MT138
7886,OMGDMT1331,General,SUDESTE,0.0,-14.294069,-56.290676,aggregate-centroid,uf-centroid:MT,,,B.PEIX-MT138
7887,OMGDMT1332,General,SUDESTE,0.0,-14.294069,-56.290676,aggregate-centroid,uf-centroid:MT,,,B-GARC-MT138
7888,OMGDMT1333,General,SUDESTE,0.0,-14.294069,-56.290676,aggregate-centroid,uf-centroid:MT,,,NXAVAN-MT138
7889,OMGDMT1334,General,SUDESTE,0.0,-14.294069,-56.290676,aggregate-centroid,uf-centroid:MT,,,A-BOA1-MT138
7890,OMGDMT1335,General,SUDESTE,0.0,-14.294069,-56.290676,aggregate-centroid,uf-centroid:MT,,,CANARA-MT138
7891,OMGDMT1336,General,SUDESTE,0.0,-14.294069,-56.290676,aggregate-centroid,uf-centroid:MT,,,QUEREN-MT138
7892,OMGDMT1337,General,SUDESTE,0.0,-14.294069,-56.290676,aggregate-centroid,uf-centroid:MT,,,ALTBVI-MT138
7893,OMGDMT1338,General,SUDESTE,0.0,-14.294069,-56.290676,aggregate-centroid,uf-centroid:MT,,,CONFRE-MT138
7894,OMGDMT1339,General,SUDESTE,0.0,-14.294069,-56.290676,aggregate-centroid,uf-centroid:MT,,,VILARI-MT138
7895,OMGDMT1340,General,SUDESTE,0.0,-14.294069,-56.290676,aggregate-centroid,uf-centroid:MT,,,POCONE-MT138
7896,OMGDMT1341,General,SUDESTE,0.0,-14.294069,-56.290676,aggregate-centroid,uf-centroid:MT,,,CACERE-MT138
7897,OMGDMT1342,General,SUDESTE,0.0,-14.294069,-56.290676,aggregate-centroid,uf-centroid:MT,,,QMARCO-MT138
7898,OMGDMT1343,General,SUDESTE,0.0,-14.294069,-56.290676,aggregate-centroid,uf-centroid:MT,,,ARAPUT-MT138
7899,OMGDMT1345,General,SUDESTE,0.0,-14.294069,-56.290676,aggregate-centroid,uf-centroid:MT,,,PLACER-MT138
7900,OMGDMT1346,General,SUDESTE,0.0,-14.294069,-56.290676,aggregate-centroid,uf-centroid:MT,,,MINERA-MT138
7901,OMGDMT1347,General,SUDESTE,0.0,-14.294069,-56.290676,aggregate-centroid,uf-centroid:MT,,,COMODO-MT138
7902,OMGDMT1350,General,SUDESTE,0.0,-14.294069,-56.290676,aggregate-centroid,uf-centroid:MT,,,ITAQU--MT138
7903,OMGDMT1351,General,SUDESTE,0.0,-14.294069,-56.290676,aggregate-centroid,uf-centroid:MT,,,NOBRES-MT138
7904,OMGDMT1355,General,SUDESTE,0.0,-14.294069,-56.290676,aggregate-centroid,uf-centroid:MT,,,DENISE-MT069
7905,OMGDMT1356,General,SUDESTE,0.0,-14.294069,-56.290676,aggregate-centroid,uf-centroid:MT,,,TANGAR-MT138
7906,OMGDMT1358,General,SUDESTE,0.0,-14.294069,-56.290676,aggregate-centroid,uf-centroid:MT,,,ITNORT-MT069
7907,OMGDMT1359,General,SUDESTE,0.0,-14.294069,-56.290676,aggregate-centroid,uf-centroid:MT,,,DIAMAN-MT138
7908,OMGDMT1361,General,SUDESTE,0.0,-14.294069,-56.290676,aggregate-centroid,uf-centroid:MT,,,BBUGRE-MT069
7909,OMGDMT1363,General,SUDESTE,0.0,-14.294069,-56.290676,aggregate-centroid,uf-centroid:MT,,,NOLIMP-MT069
7910,OMGDMT1366,General,SUDESTE,0.0,-14.294069,-56.290676,aggregate-centroid,uf-centroid:MT,,,JANGAD-MT138
7911,OMGDMT1370,General,SUDESTE,0.0,-14.294069,-56.290676,aggregate-centroid,uf-centroid:MT,,,CAMPON-MT138
7912,OMGDMT1372,General,SUDESTE,0.0,-14.294069,-56.290676,aggregate-centroid,uf-centroid:MT,,,SAPEZA-MT138
7913,OMGDMT1373,General,SUDESTE,0.0,-14.294069,-56.290676,aggregate-centroid,uf-centroid:MT,,,BRASNO-MT138
7914,OMGDMT1375,General,SUDESTE,0.0,-14.294069,-56.290676,aggregate-centroid,uf-centroid:MT,,,JUARA--MT138
7915,OMGDMT1376,General,SUDESTE,0.0,-14.294069,-56.290676,aggregate-centroid,uf-centroid:MT,,,JUINA--MT138
7916,OMGDMT1377,General,SUDESTE,0.0,-14.294069,-56.290676,aggregate-centroid,uf-centroid:MT,,,STA-RI-MT138
7917,OMGDMT1378,General,SUDESTE,0.0,-14.294069,-56.290676,aggregate-centroid,uf-centroid:MT,,,BESPER-MT138
7918,OMGDMT1380,General,SUDESTE,0.0,-14.294069,-56.290676,aggregate-centroid,uf-centroid:MT,,,N-MUTU-MT069
7919,OMGDMT1381,General,SUDESTE,0.0,-14.294069,-56.290676,aggregate-centroid,uf-centroid:MT,,,SJRCLA-MT138
7920,OMGDMT1383,General,SUDESTE,0.0,-14.294069,-56.290676,aggregate-centroid,uf-centroid:MT,,,SOR.R1-MT069
7921,OMGDMT1384,General,SUDESTE,0.0,-14.294069,-56.290676,aggregate-centroid,uf-centroid:MT,,,SNPIND-MT138
7922,OMGDMT1386,General,SUDESTE,0.0,-14.294069,-56.290676,aggregate-centroid,uf-centroid:MT,,,SINOP--MT069
7923,OMGDMT1387,General,SUDESTE,0.0,-14.294069,-56.290676,aggregate-centroid,uf-centroid:MT,,,SNPCNT-MT138
7924,OMGDMT1390,General,SUDESTE,0.0,-14.294069,-56.290676,aggregate-centroid,uf-centroid:MT,,,CLAUDI-MT138
7925,OMGDMT1391,General,SUDESTE,0.0,-14.294069,-56.290676,aggregate-centroid,uf-centroid:MT,,,COLIDE-MT138
7926,OMGDMT1392,General,SUDESTE,0.0,-14.294069,-56.290676,aggregate-centroid,uf-centroid:MT,,,MATUPA-MT138
7927,OMGDMT1393,General,SUDESTE,0.0,-14.294069,-56.290676,aggregate-centroid,uf-centroid:MT,,,AFLORE-MT138
7928,OMGDMT1395,General,SUDESTE,0.0,-14.294069,-56.290676,aggregate-centroid,uf-centroid:MT,,,NMVERD-MT138
7929,OMGDMT1397,General,SUDESTE,0.0,-14.294069,-56.290676,aggregate-centroid,uf-centroid:MT,,,IPIRAN-MT138
7930,OMGDMT1399,General,SUDESTE,0.0,-14.294069,-56.290676,aggregate-centroid,uf-centroid:MT,,,JURUEN-MT138
7931,OMGDMT1409,General,SUDESTE,0.0,-14.294069,-56.290676,aggregate-centroid,uf-centroid:MT,,,PARAAB-MT138
7932,OMGDMT25701,General,SUDESTE,0.0,-14.294069,-56.290676,aggregate-centroid,uf-centroid:MT,,,SNPDST-MT138
7933,OMGDMT25709,General,SUDESTE,0.0,-14.294069,-56.290676,aggregate-centroid,uf-centroid:MT,,,ARIPUA-MT034
7934,OMGDMT25711,General,SUDESTE,0.0,-14.294069,-56.290676,aggregate-centroid,uf-centroid:MT,,,CBA-DI-MT138
7935,OMGDMT25727,General,SUDESTE,0.0,-14.294069,-56.290676,aggregate-centroid,uf-centroid:MT,,,SOR.R2-MT069
7936,OMGDMT25728,General,SUDESTE,0.0,-14.294069,-56.290676,aggregate-centroid,uf-centroid:MT,,,SOR.CT-MT069
7937,OMGDMT25732,General,SUDESTE,0.0,-14.294069,-56.290676,aggregate-centroid,uf-centroid:MT,,,BUNGE--MT138
7938,OMGDMT25735,General,SUDESTE,0.0,-14.294069,-56.290676,aggregate-centroid,uf-centroid:MT,,,LUCAS--MT138
7939,OMGDMT26001,General,SUDESTE,0.0,-14.294069,-56.290676,aggregate-centroid,uf-centroid:MT,,,N.UBIR-MT138
7940,OMGDMT26002,General,SUDESTE,0.0,-14.294069,-56.290676,aggregate-centroid,uf-centroid:MT,,,ESPIGA-MT138
7941,OMGDMT26003,General,SUDESTE,0.0,-14.294069,-56.290676,aggregate-centroid,uf-centroid:MT,,,TAPURA-MT138
7942,OMGDMT26050,General,SUDESTE,0.0,-14.294069,-56.290676,aggregate-centroid,uf-centroid:MT,,,PRNITA-MT138
7943,OMGDMT26150,General,SUDESTE,0.0,-14.294069,-56.290676,aggregate-centroid,uf-centroid:MT,,,MINERN-MT138
7944,OMGDMT26200,General,SUDESTE,0.0,-14.294069,-56.290676,aggregate-centroid,uf-centroid:MT,,,NOBLE--MT138
7945,OMGDMT26300,General,SUDESTE,0.0,-14.294069,-56.290676,aggregate-centroid,uf-centroid:MT,,,BE.RIO-MT138
7946,OMGDMT26433,General,SUDESTE,0.0,-14.294069,-56.290676,aggregate-centroid,uf-centroid:MT,,,CHAPAD-MT138
7947,OMGDMT3245,General,SUDESTE,0.0,-14.294069,-56.290676,aggregate-centroid,uf-centroid:MT,,,C.MAGA-MT138
8215,OMGDRJ1943,General,SUDESTE,0.0,-22.584630,-42.980449,aggregate-centroid,uf-centroid:RJ,,,A.REIS-RJ138
8216,OMGDRJ1945,General,SUDESTE,0.0,-22.584630,-42.980449,aggregate-centroid,uf-centroid:RJ,,,JACUAC-RJ138
8217,OMGDRJ1947,General,SUDESTE,0.0,-22.584630,-42.980449,aggregate-centroid,uf-centroid:RJ,,,MURIQU-RJ138
8218,OMGDRJ1953,General,SUDESTE,0.0,-22.584630,-42.980449,aggregate-centroid,uf-centroid:RJ,,,MOMBAC-RJ138
8219,OMGDRJ1955,General,SUDESTE,0.0,-22.584630,-42.980449,aggregate-centroid,uf-centroid:RJ,,,DCAMPO-RJ138
8220,OMGDRJ1958,General,SUDESTE,0.0,-22.584630,-42.980449,aggregate-centroid,uf-centroid:RJ,,,IMBARI-RJ138
8221,OMGDRJ1960,General,SUDESTE,0.0,-22.584630,-42.980449,aggregate-centroid,uf-centroid:RJ,,,CELIS1-RJ138
8222,OMGDRJ1961,General,SUDESTE,0.0,-22.584630,-42.980449,aggregate-centroid,uf-centroid:RJ,,,CELIS2-RJ138
8223,OMGDRJ1964,General,SUDESTE,0.0,-22.584630,-42.980449,aggregate-centroid,uf-centroid:RJ,,,ITALVA-RJ069
8224,OMGDRJ1966,General,SUDESTE,0.0,-22.584630,-42.980449,aggregate-centroid,uf-centroid:RJ,,,P.ANGE-RJ138
8225,OMGDRJ1972,General,SUDESTE,0.0,-22.584630,-42.980449,aggregate-centroid,uf-centroid:RJ,,,ITAPER-RJ069
8226,OMGDRJ1973,General,SUDESTE,0.0,-22.584630,-42.980449,aggregate-centroid,uf-centroid:RJ,,,CRUZAM-RJ069
8227,OMGDRJ1982,General,SUDESTE,0.0,-22.584630,-42.980449,aggregate-centroid,uf-centroid:RJ,,,ENT.AR-RJ138
8228,OMGDRJ1984,General,SUDESTE,0.0,-22.584630,-42.980449,aggregate-centroid,uf-centroid:RJ,,,SPALDE-RJ069
8229,OMGDRJ1986,General,SUDESTE,0.0,-22.584630,-42.980449,aggregate-centroid,uf-centroid:RJ,,,PCARRO-RJ069
8230,OMGDRJ1987,General,SUDESTE,0.0,-22.584630,-42.980449,aggregate-centroid,uf-centroid:RJ,,,TAMOI1-RJ069
8231,OMGDRJ1989,General,SUDESTE,0.0,-22.584630,-42.980449,aggregate-centroid,uf-centroid:RJ,,,R.LEAO-RJ069
8232,OMGDRJ1990,General,SUDESTE,0.0,-22.584630,-42.980449,aggregate-centroid,uf-centroid:RJ,,,IMBOAS-RJ138
8233,OMGDRJ1993,General,SUDESTE,0.0,-22.584630,-42.980449,aggregate-centroid,uf-centroid:RJ,,,GUARUS-RJ069
8234,OMGDRJ1996,General,SUDESTE,0.0,-22.584630,-42.980449,aggregate-centroid,uf-centroid:RJ,,,MACABU-RJ069
8235,OMGDRJ1997,General,SUDESTE,0.0,-22.584630,-42.980449,aggregate-centroid,uf-centroid:RJ,,,PALMAS-RJ069
8236,OMGDRJ2000,General,SUDESTE,0.0,-22.584630,-42.980449,aggregate-centroid,uf-centroid:RJ,,,TERESO-RJ138
8237,OMGDRJ2001,General,SUDESTE,0.0,-22.584630,-42.980449,aggregate-centroid,uf-centroid:RJ,,,RCIDA1-RJ069
8238,OMGDRJ2009,General,SUDESTE,0.0,-22.584630,-42.980449,aggregate-centroid,uf-centroid:RJ,,,PONTIN-RJ069
8239,OMGDRJ2011,General,SUDESTE,0.0,-22.584630,-42.980449,aggregate-centroid,uf-centroid:RJ,,,MAGE---RJ069
8240,OMGDRJ2016,General,SUDESTE,0.0,-22.584630,-42.980449,aggregate-centroid,uf-centroid:RJ,,,P.ROSA-RJ138
8241,OMGDRJ2018,General,SUDESTE,0.0,-22.584630,-42.980449,aggregate-centroid,uf-centroid:RJ,,,GUAXIN-RJ138
8242,OMGDRJ2019,General,SUDESTE,0.0,-22.584630,-42.980449,aggregate-centroid,uf-centroid:RJ,,,RCIDA2-RJ069
8243,OMGDRJ2020,General,SUDESTE,0.0,-22.584630,-42.980449,aggregate-centroid,uf-centroid:RJ,,,ALCANT-RJ138
8244,OMGDRJ2022,General,SUDESTE,0.0,-22.584630,-42.980449,aggregate-centroid,uf-centroid:RJ,,,GBRANC-RJ138
8245,OMGDRJ2023,General,SUDESTE,0.0,-22.584630,-42.980449,aggregate-centroid,uf-centroid:RJ,,,SPONTE-RJ138
8246,OMGDRJ2024,General,SUDESTE,0.0,-22.584630,-42.980449,aggregate-centroid,uf-centroid:RJ,,,SLOURE-RJ069
8247,OMGDRJ2026,General,SUDESTE,0.0,-22.584630,-42.980449,aggregate-centroid,uf-centroid:RJ,,,Z.SUL--RJ138
8248,OMGDRJ2029,General,SUDESTE,0.0,-22.584630,-42.980449,aggregate-centroid,uf-centroid:RJ,,,ARSEN2-RJ138
8249,OMGDRJ2030,General,SUDESTE,0.0,-22.584630,-42.980449,aggregate-centroid,uf-centroid:RJ,,,ITAMAR-RJ069
8250,OMGDRJ2031,General,SUDESTE,0.0,-22.584630,-42.980449,aggregate-centroid,uf-centroid:RJ,,,ICARAI-RJ138
8251,OMGDRJ2033,General,SUDESTE,0.0,-22.584630,-42.980449,aggregate-centroid,uf-centroid:RJ,,,RESIND-RJ138
8252,OMGDRJ2037,General,SUDESTE,0.0,-22.584630,-42.980449,aggregate-centroid,uf-centroid:RJ,,,PIABAN-RJ069
8253,OMGDRJ2039,General,SUDESTE,0.0,-22.584630,-42.980449,aggregate-centroid,uf-centroid:RJ,,,AREAL--RJ069
8254,OMGDRJ28279,General,SUDESTE,0.0,-22.584630,-42.980449,aggregate-centroid,uf-centroid:RJ,,,MPAUL2-RJ138
8255,OMGDRJ28281,General,SUDESTE,0.0,-22.584630,-42.980449,aggregate-centroid,uf-centroid:RJ,,,ITAMBI-RJ138
8256,OMGDRJ28284,General,SUDESTE,0.0,-22.584630,-42.980449,aggregate-centroid,uf-centroid:RJ,,,PIRATI-RJ138
8257,OMGDRJ28285,General,SUDESTE,0.0,-22.584630,-42.980449,aggregate-centroid,uf-centroid:RJ,,,NEVES--RJ138
8258,OMGDRJ28300,General,SUDESTE,0.0,-22.584630,-42.980449,aggregate-centroid,uf-centroid:RJ,,,VDP.AM-RJ138
8259,OMGDRJ28303,General,SUDESTE,0.0,-22.584630,-42.980449,aggregate-centroid,uf-centroid:RJ,,,MARICA-RJ069
8260,OMGDRJ28304,General,SUDESTE,0.0,-22.584630,-42.980449,aggregate-centroid,uf-centroid:RJ,,,TANGUA-RJ069
8261,OMGDRJ28305,General,SUDESTE,0.0,-22.584630,-42.980449,aggregate-centroid,uf-centroid:RJ,,,RBONIT-RJ069
8262,OMGDRJ28308,General,SUDESTE,0.0,-22.584630,-42.980449,aggregate-centroid,uf-centroid:RJ,,,PMODEL-RJ069
8263,OMGDRJ28310,General,SUDESTE,0.0,-22.584630,-42.980449,aggregate-centroid,uf-centroid:RJ,,,INOA---RJ069
8264,OMGDRJ28377,General,SUDESTE,0.0,-22.584630,-42.980449,aggregate-centroid,uf-centroid:RJ,,,CBIUNA-RJ138
8265,OMGDRJ28403,General,SUDESTE,0.0,-22.584630,-42.980449,aggregate-centroid,uf-centroid:RJ,,,MACAE--RJ069
8266,OMGDRJ28411,General,SUDESTE,0.0,-22.584630,-42.980449,aggregate-centroid,uf-centroid:RJ,,,MACAE--RJ034
8267,OMGDRJ28426,General,SUDESTE,0.0,-22.584630,-42.980449,aggregate-centroid,uf-centroid:RJ,,,VVERDE-RJ069
8268,OMGDRJ28427,General,SUDESTE,0.0,-22.584630,-42.980449,aggregate-centroid,uf-centroid:RJ,,,TAMOI2-RJ069
8269,OMGDRJ28429,General,SUDESTE,0.0,-22.584630,-42.980449,aggregate-centroid,uf-centroid:RJ,,,ROSTRA-RJ069
8270,OMGDRJ28430,General,SUDESTE,0.0,-22.584630,-42.980449,aggregate-centroid,uf-centroid:RJ,,,BACAXA-RJ069
8271,OMGDRJ28431,General,SUDESTE,0.0,-22.584630,-42.980449,aggregate-centroid,uf-centroid:RJ,,,ARARUA-RJ069
8272,OMGDRJ28432,General,SUDESTE,0.0,-22.584630,-42.980449,aggregate-centroid,uf-centroid:RJ,,,IGUABA-RJ069
8273,OMGDRJ28434,General,SUDESTE,0.0,-22.584630,-42.980449,aggregate-centroid,uf-centroid:RJ,,,C.FRIO-RJ069
8274,OMGDRJ28435,General,SUDESTE,0.0,-22.584630,-42.980449,aggregate-centroid,uf-centroid:RJ,,,BUZIOS-RJ069
8275,OMGDRJ28436,General,SUDESTE,0.0,-22.584630,-42.980449,aggregate-centroid,uf-centroid:RJ,,,NSAJUD-RJ069
8276,OMGDRJ28528,General,SUDESTE,0.0,-22.584630,-42.980449,aggregate-centroid,uf-centroid:RJ,,,ITATIA-RJ138
8277,OMGDRJ28700,General,SUDESTE,0.0,-22.584630,-42.980449,aggregate-centroid,uf-centroid:RJ,,,CAMBUC-RJ069
8278,OMGDRJ28702,General,SUDESTE,0.0,-22.584630,-42.980449,aggregate-centroid,uf-centroid:RJ,,,PADUA--RJ069
8279,OMGDRJ28710,General,SUDESTE,0.0,-22.584630,-42.980449,aggregate-centroid,uf-centroid:RJ,,,B.JARD-RJ069
8280,OMGDRJ28720,General,SUDESTE,0.0,-22.584630,-42.980449,aggregate-centroid,uf-centroid:RJ,,,TERESO-RJ034
8281,OMGDRJ28722,General,SUDESTE,0.0,-22.584630,-42.980449,aggregate-centroid,uf-centroid:RJ,,,MAMBUC-RJ138
8282,OMGDRJ28727,General,SUDESTE,0.0,-22.584630,-42.980449,aggregate-centroid,uf-centroid:RJ,,,GOITAC-RJ069
8283,OMGDRJ28730,General,SUDESTE,0.0,-22.584630,-42.980449,aggregate-centroid,uf-centroid:RJ,,,V.NOVA-RJ069
8284,OMGDRJ28731,General,SUDESTE,0.0,-22.584630,-42.980449,aggregate-centroid,uf-centroid:RJ,,,NATIVI-RJ069
8285,OMGDRJ28732,General,SUDESTE,0.0,-22.584630,-42.980449,aggregate-centroid,uf-centroid:RJ,,,SFIDEL-RJ069
8286,OMGDRJ28737,General,SUDESTE,0.0,-22.584630,-42.980449,aggregate-centroid,uf-centroid:RJ,,,SBRAGA-RJ069
8287,OMGDRJ38076,General,SUDESTE,0.0,-22.584630,-42.980449,aggregate-centroid,uf-centroid:RJ,,,BARRA2-RJ138
8288,OMGDRJ38278,General,SUDESTE,0.0,-22.584630,-42.980449,aggregate-centroid,uf-centroid:RJ,,,ANTAFV-RJ138
8289,OMGDRJ4079,General,SUDESTE,0.0,-22.584630,-42.980449,aggregate-centroid,uf-centroid:RJ,,,S.CECI-RJ138
8290,OMGDRJ4081,General,SUDESTE,0.0,-22.584630,-42.980449,aggregate-centroid,uf-centroid:RJ,,,CENTEN-RJ138
8291,OMGDRJ4082,General,SUDESTE,0.0,-22.584630,-42.980449,aggregate-centroid,uf-centroid:RJ,,,VIGARI-RJ138
8292,OMGDRJ4089,General,SUDESTE,0.0,-22.584630,-42.980449,aggregate-centroid,uf-centroid:RJ,,,V.REDO-RJ138
8293,OMGDRJ4090,General,SUDESTE,0.0,-22.584630,-42.980449,aggregate-centroid,uf-centroid:RJ,,,RETIRO-RJ138
8294,OMGDRJ4092,General,SUDESTE,0.0,-22.584630,-42.980449,aggregate-centroid,uf-centroid:RJ,,,FONTIN-RJ138
8295,OMGDRJ4095,General,SUDESTE,0.0,-22.584630,-42.980449,aggregate-centroid,uf-centroid:RJ,,,SAUDAD-RJ138
8296,OMGDRJ4100,General,SUDESTE,0.0,-22.584630,-42.980449,aggregate-centroid,uf-centroid:RJ,,,MACKEN-RJ138
8297,OMGDRJ4103,General,SUDESTE,0.0,-22.584630,-42.980449,aggregate-centroid,uf-centroid:RJ,,,PACIEN-RJ138
8298,OMGDRJ4104,General,SUDESTE,0.0,-22.584630,-42.980449,aggregate-centroid,uf-centroid:RJ,,,SEROPE-RJ138
8299,OMGDRJ4111,General,SUDESTE,0.0,-22.584630,-42.980449,aggregate-centroid,uf-centroid:RJ,,,N.IGAA-RJ138
8300,OMGDRJ4112,General,SUDESTE,0.0,-22.584630,-42.980449,aggregate-centroid,uf-centroid:RJ,,,PAV.NO-RJ138
8301,OMGDRJ4114,General,SUDESTE,0.0,-22.584630,-42.980449,aggregate-centroid,uf-centroid:RJ,,,C.ROCH-RJ138
8302,OMGDRJ4115,General,SUDESTE,0.0,-22.584630,-42.980449,aggregate-centroid,uf-centroid:RJ,,,SANTIS-RJ138
8303,OMGDRJ4118,General,SUDESTE,0.0,-22.584630,-42.980449,aggregate-centroid,uf-centroid:RJ,,,C.SOAR-RJ138
8304,OMGDRJ4120,General,SUDESTE,0.0,-22.584630,-42.980449,aggregate-centroid,uf-centroid:RJ,,,M.BARR-RJ138
8305,OMGDRJ4129,General,SUDESTE,0.0,-22.584630,-42.980449,aggregate-centroid,uf-centroid:RJ,,,QUEIM1-RJ138
8306,OMGDRJ4130,General,SUDESTE,0.0,-22.584630,-42.980449,aggregate-centroid,uf-centroid:RJ,,,R.FREI-RJ138
8307,OMGDRJ4131,General,SUDESTE,0.0,-22.584630,-42.980449,aggregate-centroid,uf-centroid:RJ,,,ABRAN1-RJ138
8308,OMGDRJ4132,General,SUDESTE,0.0,-22.584630,-42.980449,aggregate-centroid,uf-centroid:RJ,,,TURIAC-RJ138
8309,OMGDRJ4133,General,SUDESTE,0.0,-22.584630,-42.980449,aggregate-centroid,uf-centroid:RJ,,,GUADAL-RJ138
8310,OMGDRJ4134,General,SUDESTE,0.0,-22.584630,-42.980449,aggregate-centroid,uf-centroid:RJ,,,S.CLAR-RJ138
8311,OMGDRJ4135,General,SUDESTE,0.0,-22.584630,-42.980449,aggregate-centroid,uf-centroid:RJ,,,CASCA2-RJ138
8312,OMGDRJ4145,General,SUDESTE,0.0,-22.584630,-42.980449,aggregate-centroid,uf-centroid:RJ,,,MERITI-RJ138
8313,OMGDRJ4146,General,SUDESTE,0.0,-22.584630,-42.980449,aggregate-centroid,uf-centroid:RJ,,,CAXIAS-RJ138
8314,OMGDRJ4147,General,SUDESTE,0.0,-22.584630,-42.980449,aggregate-centroid,uf-centroid:RJ,,,COLEGI-RJ138
8315,OMGDRJ4149,General,SUDESTE,0.0,-22.584630,-42.980449,aggregate-centroid,uf-centroid:RJ,,,ROSALI-RJ138
8316,OMGDRJ4151,General,SUDESTE,0.0,-22.584630,-42.980449,aggregate-centroid,uf-centroid:RJ,,,AGRAN1-RJ138
8317,OMGDRJ4153,General,SUDESTE,0.0,-22.584630,-42.980449,aggregate-centroid,uf-centroid:RJ,,,V.GERA-RJ138
8318,OMGDRJ4155,General,SUDESTE,0.0,-22.584630,-42.980449,aggregate-centroid,uf-centroid:RJ,,,W.LUIZ-RJ138
8319,OMGDRJ4157,General,SUDESTE,0.0,-22.584630,-42.980449,aggregate-centroid,uf-centroid:RJ,,,S.JOAO-RJ138
8320,OMGDRJ4163,General,SUDESTE,0.0,-22.584630,-42.980449,aggregate-centroid,uf-centroid:RJ,,,B.PINA-RJ138
8321,OMGDRJ4164,General,SUDESTE,0.0,-22.584630,-42.980449,aggregate-centroid,uf-centroid:RJ,,,P.ERNE-RJ138
8322,OMGDRJ4165,General,SUDESTE,0.0,-22.584630,-42.980449,aggregate-centroid,uf-centroid:RJ,,,FUNDAO-RJ138
8323,OMGDRJ4166,General,SUDESTE,0.0,-22.584630,-42.980449,aggregate-centroid,uf-centroid:RJ,,,GUANAB-RJ138
8324,OMGDRJ4167,General,SUDESTE,0.0,-22.584630,-42.980449,aggregate-centroid,uf-centroid:RJ,,,GOVERN-RJ138
8325,OMGDRJ4179,General,SUDESTE,0.0,-22.584630,-42.980449,aggregate-centroid,uf-centroid:RJ,,,RAMOS1-RJ138
8326,OMGDRJ4180,General,SUDESTE,0.0,-22.584630,-42.980449,aggregate-centroid,uf-centroid:RJ,,,CACH1A-RJ138
8327,OMGDRJ4181,General,SUDESTE,0.0,-22.584630,-42.980449,aggregate-centroid,uf-centroid:RJ,,,T.NOVA-RJ138
8328,OMGDRJ4182,General,SUDESTE,0.0,-22.584630,-42.980449,aggregate-centroid,uf-centroid:RJ,,,DEMOCR-RJ138
8329,OMGDRJ4183,General,SUDESTE,0.0,-22.584630,-42.980449,aggregate-centroid,uf-centroid:RJ,,,MATURA-RJ138
8330,OMGDRJ4185,General,SUDESTE,0.0,-22.584630,-42.980449,aggregate-centroid,uf-centroid:RJ,,,TRIAGE-RJ138
8331,OMGDRJ4186,General,SUDESTE,0.0,-22.584630,-42.980449,aggregate-centroid,uf-centroid:RJ,,,TROVAO-RJ138
8332,OMGDRJ4187,General,SUDESTE,0.0,-22.584630,-42.980449,aggregate-centroid,uf-centroid:RJ,,,C.MART-RJ138
8333,OMGDRJ4193,General,SUDESTE,0.0,-22.584630,-42.980449,aggregate-centroid,uf-centroid:RJ,,,V.TELE-RJ138
8334,OMGDRJ4194,General,SUDESTE,0.0,-22.584630,-42.980449,aggregate-centroid,uf-centroid:RJ,,,SARAPU-RJ138
8335,OMGDRJ4195,General,SUDESTE,0.0,-22.584630,-42.980449,aggregate-centroid,uf-centroid:RJ,,,ELDORA-RJ138
8336,OMGDRJ4197,General,SUDESTE,0.0,-22.584630,-42.980449,aggregate-centroid,uf-centroid:RJ,,,INMETR-RJ138
8337,OMGDRJ4198,General,SUDESTE,0.0,-22.584630,-42.980449,aggregate-centroid,uf-centroid:RJ,,,T.RIOS-RJ138
8338,OMGDRJ4199,General,SUDESTE,0.0,-22.584630,-42.980449,aggregate-centroid,uf-centroid:RJ,,,SAPUCA-RJ138
8339,OMGDRJ4203,General,SUDESTE,0.0,-22.584630,-42.980449,aggregate-centroid,uf-centroid:RJ,,,MARAPI-RJ138
8340,OMGDRJ4204,General,SUDESTE,0.0,-22.584630,-42.980449,aggregate-centroid,uf-centroid:RJ,,,CARMAR-RJ138
8341,OMGDRJ4205,General,SUDESTE,0.0,-22.584630,-42.980449,aggregate-centroid,uf-centroid:RJ,,,B.MATO-RJ138
8342,OMGDRJ4206,General,SUDESTE,0.0,-22.584630,-42.980449,aggregate-centroid,uf-centroid:RJ,,,PIEDAD-RJ138
8343,OMGDRJ4207,General,SUDESTE,0.0,-22.584630,-42.980449,aggregate-centroid,uf-centroid:RJ,,,INFLUE-RJ138
8344,OMGDRJ4209,General,SUDESTE,0.0,-22.584630,-42.980449,aggregate-centroid,uf-centroid:RJ,,,ACAMP1-RJ138
8345,OMGDRJ4211,General,SUDESTE,0.0,-22.584630,-42.980449,aggregate-centroid,uf-centroid:RJ,,,LEOPOL-RJ138
8346,OMGDRJ4212,General,SUDESTE,0.0,-22.584630,-42.980449,aggregate-centroid,uf-centroid:RJ,,,URUGUA-RJ138
8347,OMGDRJ4213,General,SUDESTE,0.0,-22.584630,-42.980449,aggregate-centroid,uf-centroid:RJ,,,R.COMP-RJ138
8348,OMGDRJ4215,General,SUDESTE,0.0,-22.584630,-42.980449,aggregate-centroid,uf-centroid:RJ,,,F.CANE-RJ138
8349,OMGDRJ4217,General,SUDESTE,0.0,-22.584630,-42.980449,aggregate-centroid,uf-centroid:RJ,,,GARDEN-RJ138
8350,OMGDRJ4221,General,SUDESTE,0.0,-22.584630,-42.980449,aggregate-centroid,uf-centroid:RJ,,,CAMERI-RJ138
8351,OMGDRJ4222,General,SUDESTE,0.0,-22.584630,-42.980449,aggregate-centroid,uf-centroid:RJ,,,S.ANTO-RJ138
8352,OMGDRJ4223,General,SUDESTE,0.0,-22.584630,-42.980449,aggregate-centroid,uf-centroid:RJ,,,S.LUZI-RJ138
8353,OMGDRJ4224,General,SUDESTE,0.0,-22.584630,-42.980449,aggregate-centroid,uf-centroid:RJ,,,BAEPEN-RJ138
8354,OMGDRJ4225,General,SUDESTE,0.0,-22.584630,-42.980449,aggregate-centroid,uf-centroid:RJ,,,SAMARI-RJ138
8355,OMGDRJ4226,General,SUDESTE,0.0,-22.584630,-42.980449,aggregate-centroid,uf-centroid:RJ,,,BOTAFO-RJ138
8356,OMGDRJ4229,General,SUDESTE,0.0,-22.584630,-42.980449,aggregate-centroid,uf-centroid:RJ,,,HUMAIT-RJ138
8357,OMGDRJ4230,General,SUDESTE,0.0,-22.584630,-42.980449,aggregate-centroid,uf-centroid:RJ,,,P.SEIS-RJ138
8358,OMGDRJ4231,General,SUDESTE,0.0,-22.584630,-42.980449,aggregate-centroid,uf-centroid:RJ,,,COPACA-RJ138
8359,OMGDRJ4232,General,SUDESTE,0.0,-22.584630,-42.980449,aggregate-centroid,uf-centroid:RJ,,,LEME-1-RJ138
8360,OMGDRJ4233,General,SUDESTE,0.0,-22.584630,-42.980449,aggregate-centroid,uf-centroid:RJ,,,JBOTA2-RJ138
8361,OMGDRJ4234,General,SUDESTE,0.0,-22.584630,-42.980449,aggregate-centroid,uf-centroid:RJ,,,LEBLON-RJ138
8362,OMGDRJ4242,General,SUDESTE,0.0,-22.584630,-42.980449,aggregate-centroid,uf-centroid:RJ,,,S.CONR-RJ138
8363,OMGDRJ4244,General,SUDESTE,0.0,-22.584630,-42.980449,aggregate-centroid,uf-centroid:RJ,,,BARRA1-RJ138
8364,OMGDRJ4247,General,SUDESTE,0.0,-22.584630,-42.980449,aggregate-centroid,uf-centroid:RJ,,,PDAGUA-RJ138
8365,OMGDRJ4248,General,SUDESTE,0.0,-22.584630,-42.980449,aggregate-centroid,uf-centroid:RJ,,,CURICI-RJ138
8366,OMGDRJ4249,General,SUDESTE,0.0,-22.584630,-42.980449,aggregate-centroid,uf-centroid:RJ,,,V.VALQ-RJ138
8367,OMGDRJ4250,General,SUDESTE,0.0,-22.584630,-42.980449,aggregate-centroid,uf-centroid:RJ,,,TAQUAR-RJ138
8368,OMGDRJ4251,General,SUDESTE,0.0,-22.584630,-42.980449,aggregate-centroid,uf-centroid:RJ,,,RECREI-RJ138
8369,OMGDRJ4252,General,SUDESTE,0.0,-22.584630,-42.980449,aggregate-centroid,uf-centroid:RJ,,,ITAPEB-RJ138
8370,OMGDRJ4253,General,SUDESTE,0.0,-22.584630,-42.980449,aggregate-centroid,uf-centroid:RJ,,,ALVORA-RJ138
8371,OMGDRJ4260,General,SUDESTE,0.0,-22.584630,-42.980449,aggregate-centroid,uf-centroid:RJ,,,P.MIGU-RJ138
8372,OMGDRJ4261,General,SUDESTE,0.0,-22.584630,-42.980449,aggregate-centroid,uf-centroid:RJ,,,AFRAN1-RJ138
8373,OMGDRJ4262,General,SUDESTE,0.0,-22.584630,-42.980449,aggregate-centroid,uf-centroid:RJ,,,CAMARA-RJ138
8374,OMGDRJ4264,General,SUDESTE,0.0,-22.584630,-42.980449,aggregate-centroid,uf-centroid:RJ,,,JABOAT-RJ138
8375,OMGDRJ4265,General,SUDESTE,0.0,-22.584630,-42.980449,aggregate-centroid,uf-centroid:RJ,,,COSMOS-RJ138
8376,OMGDRJ4266,General,SUDESTE,0.0,-22.584630,-42.980449,aggregate-centroid,uf-centroid:RJ,,,ESPERA-RJ138
8377,OMGDRJ4267,General,SUDESTE,0.0,-22.584630,-42.980449,aggregate-centroid,uf-centroid:RJ,,,ZIN----RJ138
8378,OMGDRJ4268,General,SUDESTE,0.0,-22.584630,-42.980449,aggregate-centroid,uf-centroid:RJ,,,CACH1B-RJ138
8379,OMGDRJ4269,General,SUDESTE,0.0,-22.584630,-42.980449,aggregate-centroid,uf-centroid:RJ,,,M.ALTO-RJ138
8380,OMGDRJ4272,General,SUDESTE,0.0,-22.584630,-42.980449,aggregate-centroid,uf-centroid:RJ,,,BRISAM-RJ138
8381,OMGDRJ4275,General,SUDESTE,0.0,-22.584630,-42.980449,aggregate-centroid,uf-centroid:RJ,,,ITAGUA-RJ138
8837,OMGDSP1022,General,SUDESTE,0.0,-22.666142,-47.701457,aggregate-centroid,uf-centroid:SP,,,AERGUL-SP138
8838,OMGDSP1063,General,SUDESTE,0.0,-22.666142,-47.701457,aggregate-centroid,uf-centroid:SP,,,ITAPTA-SP088
8839,OMGDSP1064,General,SUDESTE,0.0,-22.666142,-47.701457,aggregate-centroid,uf-centroid:SP,,,NOR-BE-SP088
8840,OMGDSP1065,General,SUDESTE,0.0,-22.666142,-47.701457,aggregate-centroid,uf-centroid:SP,,,NOD-BE-SP088
8841,OMGDSP1066,General,SUDESTE,0.0,-22.666142,-47.701457,aggregate-centroid,uf-centroid:SP,,,MOGI---SP088
8842,OMGDSP1067,General,SUDESTE,0.0,-22.666142,-47.701457,aggregate-centroid,uf-centroid:SP,,,SJC----SP088
8843,OMGDSP1068,General,SUDESTE,0.0,-22.666142,-47.701457,aggregate-centroid,uf-centroid:SP,,,TAU-BE-SP138
8844,OMGDSP1069,General,SUDESTE,0.0,-22.666142,-47.701457,aggregate-centroid,uf-centroid:SP,,,APA----SP088
8845,OMGDSP1070,General,SUDESTE,0.0,-22.666142,-47.701457,aggregate-centroid,uf-centroid:SP,,,S.CA-B-SP088
8846,OMGDSP2071,General,SUDESTE,0.0,-22.666142,-47.701457,aggregate-centroid,uf-centroid:SP,,,CBRANC-SP138
8847,OMGDSP2072,General,SUDESTE,0.0,-22.666142,-47.701457,aggregate-centroid,uf-centroid:SP,,,MOCO1A-SP138
8848,OMGDSP2073,General,SUDESTE,0.0,-22.666142,-47.701457,aggregate-centroid,uf-centroid:SP,,,SJRPAR-SP138
8849,OMGDSP2075,General,SUDESTE,0.0,-22.666142,-47.701457,aggregate-centroid,uf-centroid:SP,,,ITA.2--SP138
8850,OMGDSP2076,General,SUDESTE,0.0,-22.666142,-47.701457,aggregate-centroid,uf-centroid:SP,,,ITAP1A-SP088
8851,OMGDSP2077,General,SUDESTE,0.0,-22.666142,-47.701457,aggregate-centroid,uf-centroid:SP,,,JAGUAR-SP138
8852,OMGDSP2078,General,SUDESTE,0.0,-22.666142,-47.701457,aggregate-centroid,uf-centroid:SP,,,PEDREI-SP138
8853,OMGDSP2082,General,SUDESTE,0.0,-22.666142,-47.701457,aggregate-centroid,uf-centroid:SP,,,CEARA--SP034
8854,OMGDSP2084,General,SUDESTE,0.0,-22.666142,-47.701457,aggregate-centroid,uf-centroid:SP,,,2MARIA-SP034
8855,OMGDSP2087,General,SUDESTE,0.0,-22.666142,-47.701457,aggregate-centroid,uf-centroid:SP,,,JAGUA2-SP138
8856,OMGDSP2191,General,SUDESTE,0.0,-22.666142,-47.701457,aggregate-centroid,uf-centroid:SP,,,OURIN1-SP088
8857,OMGDSP2192,General,SUDESTE,0.0,-22.666142,-47.701457,aggregate-centroid,uf-centroid:SP,,,OURIN2-SP088
8858,OMGDSP2194,General,SUDESTE,0.0,-22.666142,-47.701457,aggregate-centroid,uf-centroid:SP,,,B.CAMP-SP088
8859,OMGDSP2195,General,SUDESTE,0.0,-22.666142,-47.701457,aggregate-centroid,uf-centroid:SP,,,ITAISC-SP138
8860,OMGDSP2199,General,SUDESTE,0.0,-22.666142,-47.701457,aggregate-centroid,uf-centroid:SP,,,AVARE2-SP034
8861,OMGDSP22052,General,SUDESTE,0.0,-22.666142,-47.701457,aggregate-centroid,uf-centroid:SP,,,GV--BE-SP138
8862,OMGDSP2211,General,SUDESTE,0.0,-22.666142,-47.701457,aggregate-centroid,uf-centroid:SP,,,COLONI-SP138
8863,OMGDSP2213,General,SUDESTE,0.0,-22.666142,-47.701457,aggregate-centroid,uf-centroid:SP,,,CRUZEI-SP138
8864,OMGDSP2220,General,SUDESTE,0.0,-22.666142,-47.701457,aggregate-centroid,uf-centroid:SP,,,BANDEI-SP138
8865,OMGDSP2221,General,SUDESTE,0.0,-22.666142,-47.701457,aggregate-centroid,uf-centroid:SP,,,BARBAR-SP138
8866,OMGDSP2222,General,SUDESTE,0.0,-22.666142,-47.701457,aggregate-centroid,uf-centroid:SP,,,BOAVIS-SP138
8867,OMGDSP2223,General,SUDESTE,0.0,-22.666142,-47.701457,aggregate-centroid,uf-centroid:SP,,,CJARDI-SP138
8868,OMGDSP2224,General,SUDESTE,0.0,-22.666142,-47.701457,aggregate-centroid,uf-centroid:SP,,,CAPI1A-SP138
8869,OMGDSP2227,General,SUDESTE,0.0,-22.666142,-47.701457,aggregate-centroid,uf-centroid:SP,,,CHAPAD-SP138
8870,OMGDSP2229,General,SUDESTE,0.0,-22.666142,-47.701457,aggregate-centroid,uf-centroid:SP,,,COSTAP-SP138
8871,OMGDSP2230,General,SUDESTE,0.0,-22.666142,-47.701457,aggregate-centroid,uf-centroid:SP,,,PAINEI-SP138
8872,OMGDSP2231,General,SUDESTE,0.0,-22.666142,-47.701457,aggregate-centroid,uf-centroid:SP,,,ESMERA-SP138
8873,OMGDSP2232,General,SUDESTE,0.0,-22.666142,-47.701457,aggregate-centroid,uf-centroid:SP,,,PIRNOR-SP138
8874,OMGDSP2238,General,SUDESTE,0.0,-22.666142,-47.701457,aggregate-centroid,uf-centroid:SP,,,ITAPIR-SP138
8875,OMGDSP2240,General,SUDESTE,0.0,-22.666142,-47.701457,aggregate-centroid,uf-centroid:SP,,,MAZUL--SP138
8876,OMGDSP2241,General,SUDESTE,0.0,-22.666142,-47.701457,aggregate-centroid,uf-centroid:SP,,,MTEMOR-SP138
8877,OMGDSP2242,General,SUDESTE,0.0,-22.666142,-47.701457,aggregate-centroid,uf-centroid:SP,,,DIC----SP138
8878,OMGDSP2243,General,SUDESTE,0.0,-22.666142,-47.701457,aggregate-centroid,uf-centroid:SP,,,N.APA2-SP138
8879,OMGDSP2245,General,SUDESTE,0.0,-22.666142,-47.701457,aggregate-centroid,uf-centroid:SP,,,NAZARE-SP138
8880,OMGDSP2246,General,SUDESTE,0.0,-22.666142,-47.701457,aggregate-centroid,uf-centroid:SP,,,NOTRED-SP138
8881,OMGDSP2248,General,SUDESTE,0.0,-22.666142,-47.701457,aggregate-centroid,uf-centroid:SP,,,PAULIN-SP138
8882,OMGDSP2249,General,SUDESTE,0.0,-22.666142,-47.701457,aggregate-centroid,uf-centroid:SP,,,PINHAL-SP138
8883,OMGDSP2251,General,SUDESTE,0.0,-22.666142,-47.701457,aggregate-centroid,uf-centroid:SP,,,PIRMIR-SP138
8884,OMGDSP2253,General,SUDESTE,0.0,-22.666142,-47.701457,aggregate-centroid,uf-centroid:SP,,,QUILOM-SP138
8885,OMGDSP2256,General,SUDESTE,0.0,-22.666142,-47.701457,aggregate-centroid,uf-centroid:SP,,,RIOPED-SP138
8886,OMGDSP2257,General,SUDESTE,0.0,-22.666142,-47.701457,aggregate-centroid,uf-centroid:SP,,,SACI---SP138
8887,OMGDSP2258,General,SUDESTE,0.0,-22.666142,-47.701457,aggregate-centroid,uf-centroid:SP,,,SALTIN-SP138
8888,OMGDSP2259,General,SUDESTE,0.0,-22.666142,-47.701457,aggregate-centroid,uf-centroid:SP,,,SAOPED-SP138
8889,OMGDSP2260,General,SUDESTE,0.0,-22.666142,-47.701457,aggregate-centroid,uf-centroid:SP,,,SUMAEA-SP138
8890,OMGDSP2262,General,SUDESTE,0.0,-22.666142,-47.701457,aggregate-centroid,uf-centroid:SP,,,TAQURA-SP138
8891,OMGDSP2265,General,SUDESTE,0.0,-22.666142,-47.701457,aggregate-centroid,uf-centroid:SP,,,TREVO--SP138
8892,OMGDSP2266,General,SUDESTE,0.0,-22.666142,-47.701457,aggregate-centroid,uf-centroid:SP,,,UNILES-SP138
8893,OMGDSP2267,General,SUDESTE,0.0,-22.666142,-47.701457,aggregate-centroid,uf-centroid:SP,,,VALINH-SP138
8894,OMGDSP2268,General,SUDESTE,0.0,-22.666142,-47.701457,aggregate-centroid,uf-centroid:SP,,,VIRACO-SP138
8895,OMGDSP2271,General,SUDESTE,0.0,-22.666142,-47.701457,aggregate-centroid,uf-centroid:SP,,,MORUMB-SP138
8896,OMGDSP2275,General,SUDESTE,0.0,-22.666142,-47.701457,aggregate-centroid,uf-centroid:SP,,,HORTOL-SP138
8897,OMGDSP2276,General,SUDESTE,0.0,-22.666142,-47.701457,aggregate-centroid,uf-centroid:SP,,,NVENEZ-SP138
8898,OMGDSP2278,General,SUDESTE,0.0,-22.666142,-47.701457,aggregate-centroid,uf-centroid:SP,,,JDMARA-SP138
8899,OMGDSP2279,General,SUDESTE,0.0,-22.666142,-47.701457,aggregate-centroid,uf-centroid:SP,,,PRADOS-SP138
8900,OMGDSP2281,General,SUDESTE,0.0,-22.666142,-47.701457,aggregate-centroid,uf-centroid:SP,,,STATER-SP138
8901,OMGDSP2285,General,SUDESTE,0.0,-22.666142,-47.701457,aggregate-centroid,uf-centroid:SP,,,STACEC-SP138
8902,OMGDSP2288,General,SUDESTE,0.0,-22.666142,-47.701457,aggregate-centroid,uf-centroid:SP,,,BARREI-SP138
8903,OMGDSP2289,General,SUDESTE,0.0,-22.666142,-47.701457,aggregate-centroid,uf-centroid:SP,,,ANDOR1-SP138
8904,OMGDSP2290,General,SUDESTE,0.0,-22.666142,-47.701457,aggregate-centroid,uf-centroid:SP,,,ORQUID-SP138
8905,OMGDSP2292,General,SUDESTE,0.0,-22.666142,-47.701457,aggregate-centroid,uf-centroid:SP,,,LINDOI-SP138
8906,OMGDSP2293,General,SUDESTE,0.0,-22.666142,-47.701457,aggregate-centroid,uf-centroid:SP,,,SNEGRA-SP138
8907,OMGDSP2296,General,SUDESTE,0.0,-22.666142,-47.701457,aggregate-centroid,uf-centroid:SP,,,SOCORR-SP138
8908,OMGDSP2297,General,SUDESTE,0.0,-22.666142,-47.701457,aggregate-centroid,uf-centroid:SP,,,EFAUST-SP138
8909,OMGDSP2314,General,SUDESTE,0.0,-22.666142,-47.701457,aggregate-centroid,uf-centroid:SP,,,VALIN2-SP138
8910,OMGDSP2315,General,SUDESTE,0.0,-22.666142,-47.701457,aggregate-centroid,uf-centroid:SP,,,COSMOP-SP138
8911,OMGDSP2316,General,SUDESTE,0.0,-22.666142,-47.701457,aggregate-centroid,uf-centroid:SP,,,STABAR-SP069
8912,OMGDSP2318,General,SUDESTE,0.0,-22.666142,-47.701457,aggregate-centroid,uf-centroid:SP,,,SOUZAS-SP069
8913,OMGDSP2319,General,SUDESTE,0.0,-22.666142,-47.701457,aggregate-centroid,uf-centroid:SP,,,TANQUI-SP069
8914,OMGDSP2322,General,SUDESTE,0.0,-22.666142,-47.701457,aggregate-centroid,uf-centroid:SP,,,PIRAC2-SP138
8915,OMGDSP2323,General,SUDESTE,0.0,-22.666142,-47.701457,aggregate-centroid,uf-centroid:SP,,,CHARQU-SP138
8916,OMGDSP2324,General,SUDESTE,0.0,-22.666142,-47.701457,aggregate-centroid,uf-centroid:SP,,,ITATIB-SP069
8917,OMGDSP2325,General,SUDESTE,0.0,-22.666142,-47.701457,aggregate-centroid,uf-centroid:SP,,,SUMAR7-SP138
8918,OMGDSP2328,General,SUDESTE,0.0,-22.666142,-47.701457,aggregate-centroid,uf-centroid:SP,,,AVCPFL-SP138
8919,OMGDSP2330,General,SUDESTE,0.0,-22.666142,-47.701457,aggregate-centroid,uf-centroid:SP,,,CONGON-SP138
8920,OMGDSP2331,General,SUDESTE,0.0,-22.666142,-47.701457,aggregate-centroid,uf-centroid:SP,,,VALPAR-SP138
8921,OMGDSP2332,General,SUDESTE,0.0,-22.666142,-47.701457,aggregate-centroid,uf-centroid:SP,,,GUARAN-SP138
8922,OMGDSP2333,General,SUDESTE,0.0,-22.666142,-47.701457,aggregate-centroid,uf-centroid:SP,,,IPORA--SP138
8923,OMGDSP2334,General,SUDESTE,0.0,-22.666142,-47.701457,aggregate-centroid,uf-centroid:SP,,,JDPAUL-SP138
8924,OMGDSP2335,General,SUDESTE,0.0,-22.666142,-47.701457,aggregate-centroid,uf-centroid:SP,,,MIRASS-SP138
8925,OMGDSP2337,General,SUDESTE,0.0,-22.666142,-47.701457,aggregate-centroid,uf-centroid:SP,,,SJRPR--SP138
8926,OMGDSP2338,General,SUDESTE,0.0,-22.666142,-47.701457,aggregate-centroid,uf-centroid:SP,,,PENA.P-SP138
8927,OMGDSP2340,General,SUDESTE,0.0,-22.666142,-47.701457,aggregate-centroid,uf-centroid:SP,,,PRIMAV-SP138
8928,OMGDSP2341,General,SUDESTE,0.0,-22.666142,-47.701457,aggregate-centroid,uf-centroid:SP,,,AUSTA--SP138
8929,OMGDSP2343,General,SUDESTE,0.0,-22.666142,-47.701457,aggregate-centroid,uf-centroid:SP,,,VILAVE-SP138
8930,OMGDSP2344,General,SUDESTE,0.0,-22.666142,-47.701457,aggregate-centroid,uf-centroid:SP,,,AMERCB-SP138
8931,OMGDSP2347,General,SUDESTE,0.0,-22.666142,-47.701457,aggregate-centroid,uf-centroid:SP,,,BIRIG3-SP138
8932,OMGDSP2349,General,SUDESTE,0.0,-22.666142,-47.701457,aggregate-centroid,uf-centroid:SP,,,SJRNOR-SP138
8933,OMGDSP2354,General,SUDESTE,0.0,-22.666142,-47.701457,aggregate-centroid,uf-centroid:SP,,,FAZ-VE-SP138
8934,OMGDSP2355,General,SUDESTE,0.0,-22.666142,-47.701457,aggregate-centroid,uf-centroid:SP,,,PROMCP-SP138
8935,OMGDSP2357,General,SUDESTE,0.0,-22.666142,-47.701457,aggregate-centroid,uf-centroid:SP,,,AGUDOS-SP138
8936,OMGDSP2358,General,SUDESTE,0.0,-22.666142,-47.701457,aggregate-centroid,uf-centroid:SP,,,AUXILI-SP138
8937,OMGDSP2359,General,SUDESTE,0.0,-22.666142,-47.701457,aggregate-centroid,uf-centroid:SP,,,BAU.CP-SP138
8938,OMGDSP2360,General,SUDESTE,0.0,-22.666142,-47.701457,aggregate-centroid,uf-centroid:SP,,,BOTUC--SP138
8939,OMGDSP2361,General,SUDESTE,0.0,-22.666142,-47.701457,aggregate-centroid,uf-centroid:SP,,,DUARTI-SP138
8940,OMGDSP2363,General,SUDESTE,0.0,-22.666142,-47.701457,aggregate-centroid,uf-centroid:SP,,,ESTORI-SP138
8941,OMGDSP2364,General,SUDESTE,0.0,-22.666142,-47.701457,aggregate-centroid,uf-centroid:SP,,,HIPODR-SP138
8942,OMGDSP2366,General,SUDESTE,0.0,-22.666142,-47.701457,aggregate-centroid,uf-centroid:SP,,,LENCOI-SP138
8943,OMGDSP2367,General,SUDESTE,0.0,-22.666142,-47.701457,aggregate-centroid,uf-centroid:SP,,,LINS---SP138
8944,OMGDSP2368,General,SUDESTE,0.0,-22.666142,-47.701457,aggregate-centroid,uf-centroid:SP,,,MARILI-SP138
8945,OMGDSP2369,General,SUDESTE,0.0,-22.666142,-47.701457,aggregate-centroid,uf-centroid:SP,,,POMPEI-SP138
8946,OMGDSP2370,General,SUDESTE,0.0,-22.666142,-47.701457,aggregate-centroid,uf-centroid:SP,,,SAOMAN-SP138
8947,OMGDSP2371,General,SUDESTE,0.0,-22.666142,-47.701457,aggregate-centroid,uf-centroid:SP,,,TBRANC-SP138
8948,OMGDSP2372,General,SUDESTE,0.0,-22.666142,-47.701457,aggregate-centroid,uf-centroid:SP,,,VITORI-SP138
8949,OMGDSP2374,General,SUDESTE,0.0,-22.666142,-47.701457,aggregate-centroid,uf-centroid:SP,,,GAIVOT-SP138
8950,OMGDSP2375,General,SUDESTE,0.0,-22.666142,-47.701457,aggregate-centroid,uf-centroid:SP,,,TARUMA-SP138
8951,OMGDSP2376,General,SUDESTE,0.0,-22.666142,-47.701457,aggregate-centroid,uf-centroid:SP,,,TROPIC-SP138
8952,OMGDSP2380,General,SUDESTE,0.0,-22.666142,-47.701457,aggregate-centroid,uf-centroid:SP,,,PEDERN-SP138
8953,OMGDSP2383,General,SUDESTE,0.0,-22.666142,-47.701457,aggregate-centroid,uf-centroid:SP,,,B.BONI-SP138
8954,OMGDSP2384,General,SUDESTE,0.0,-22.666142,-47.701457,aggregate-centroid,uf-centroid:SP,,,DCORRE-SP138
8955,OMGDSP2385,General,SUDESTE,0.0,-22.666142,-47.701457,aggregate-centroid,uf-centroid:SP,,,JAU----SP138
8956,OMGDSP2390,General,SUDESTE,0.0,-22.666142,-47.701457,aggregate-centroid,uf-centroid:SP,,,ANTONI-SP138
8957,OMGDSP2394,General,SUDESTE,0.0,-22.666142,-47.701457,aggregate-centroid,uf-centroid:SP,,,ITAPUI-SP069
8958,OMGDSP2396,General,SUDESTE,0.0,-22.666142,-47.701457,aggregate-centroid,uf-centroid:SP,,,COROAD-SP069
8959,OMGDSP2397,General,SUDESTE,0.0,-22.666142,-47.701457,aggregate-centroid,uf-centroid:SP,,,GLICER-SP069
8960,OMGDSP2398,General,SUDESTE,0.0,-22.666142,-47.701457,aggregate-centroid,uf-centroid:SP,,,BAGUAC-SP069
8961,OMGDSP2399,General,SUDESTE,0.0,-22.666142,-47.701457,aggregate-centroid,uf-centroid:SP,,,CAFELA-SP069
8962,OMGDSP2402,General,SUDESTE,0.0,-22.666142,-47.701457,aggregate-centroid,uf-centroid:SP,,,GUARAN-SP069
8963,OMGDSP2405,General,SUDESTE,0.0,-22.666142,-47.701457,aggregate-centroid,uf-centroid:SP,,,PALVES-SP069
8964,OMGDSP2406,General,SUDESTE,0.0,-22.666142,-47.701457,aggregate-centroid,uf-centroid:SP,,,PIRAJU-SP069
8965,OMGDSP2410,General,SUDESTE,0.0,-22.666142,-47.701457,aggregate-centroid,uf-centroid:SP,,,PIACAT-SP069
8966,OMGDSP2411,General,SUDESTE,0.0,-22.666142,-47.701457,aggregate-centroid,uf-centroid:SP,,,BIRIGU-SP069
8967,OMGDSP2412,General,SUDESTE,0.0,-22.666142,-47.701457,aggregate-centroid,uf-centroid:SP,,,BRAUNA-SP069
8968,OMGDSP2413,General,SUDESTE,0.0,-22.666142,-47.701457,aggregate-centroid,uf-centroid:SP,,,BARBOS-SP069
8969,OMGDSP2415,General,SUDESTE,0.0,-22.666142,-47.701457,aggregate-centroid,uf-centroid:SP,,,JBONIF-SP069
8970,OMGDSP2416,General,SUDESTE,0.0,-22.666142,-47.701457,aggregate-centroid,uf-centroid:SP,,,MTEAPR-SP069
8971,OMGDSP2417,General,SUDESTE,0.0,-22.666142,-47.701457,aggregate-centroid,uf-centroid:SP,,,NOVGRA-SP069
8972,OMGDSP2418,General,SUDESTE,0.0,-22.666142,-47.701457,aggregate-centroid,uf-centroid:SP,,,PALEST-SP069
8973,OMGDSP2419,General,SUDESTE,0.0,-22.666142,-47.701457,aggregate-centroid,uf-centroid:SP,,,ICEM---SP069
8974,OMGDSP2420,General,SUDESTE,0.0,-22.666142,-47.701457,aggregate-centroid,uf-centroid:SP,,,ALTAIR-SP069
8975,OMGDSP2422,General,SUDESTE,0.0,-22.666142,-47.701457,aggregate-centroid,uf-centroid:SP,,,GUARAR-SP069
8976,OMGDSP2423,General,SUDESTE,0.0,-22.666142,-47.701457,aggregate-centroid,uf-centroid:SP,,,TANABI-SP069
8977,OMGDSP2424,General,SUDESTE,0.0,-22.666142,-47.701457,aggregate-centroid,uf-centroid:SP,,,BARIIA-SP138
8978,OMGDSP2426,General,SUDESTE,0.0,-22.666142,-47.701457,aggregate-centroid,uf-centroid:SP,,,BOCAIN-SP069
8979,OMGDSP2429,General,SUDESTE,0.0,-22.666142,-47.701457,aggregate-centroid,uf-centroid:SP,,,MACATU-SP069
8980,OMGDSP2430,General,SUDESTE,0.0,-22.666142,-47.701457,aggregate-centroid,uf-centroid:SP,,,IGTIET-SP069
8981,OMGDSP2431,General,SUDESTE,0.0,-22.666142,-47.701457,aggregate-centroid,uf-centroid:SP,,,PEDERN-SP069
8982,OMGDSP2432,General,SUDESTE,0.0,-22.666142,-47.701457,aggregate-centroid,uf-centroid:SP,,,CANAVI-SP069
8983,OMGDSP2433,General,SUDESTE,0.0,-22.666142,-47.701457,aggregate-centroid,uf-centroid:SP,,,BEBED--SP138
8984,OMGDSP2437,General,SUDESTE,0.0,-22.666142,-47.701457,aggregate-centroid,uf-centroid:SP,,,BARRET-SP138
8985,OMGDSP2438,General,SUDESTE,0.0,-22.666142,-47.701457,aggregate-centroid,uf-centroid:SP,,,COLOBA-SP138
8986,OMGDSP2440,General,SUDESTE,0.0,-22.666142,-47.701457,aggregate-centroid,uf-centroid:SP,,,GAVEA--SP138
8987,OMGDSP2441,General,SUDESTE,0.0,-22.666142,-47.701457,aggregate-centroid,uf-centroid:SP,,,MINERV-SP138
8988,OMGDSP2442,General,SUDESTE,0.0,-22.666142,-47.701457,aggregate-centroid,uf-centroid:SP,,,VIRADO-SP138
8989,OMGDSP2443,General,SUDESTE,0.0,-22.666142,-47.701457,aggregate-centroid,uf-centroid:SP,,,COLINA-SP138
8990,OMGDSP2444,General,SUDESTE,0.0,-22.666142,-47.701457,aggregate-centroid,uf-centroid:SP,,,SJBAR2-SP138
8991,OMGDSP2447,General,SUDESTE,0.0,-22.666142,-47.701457,aggregate-centroid,uf-centroid:SP,,,MTAZUL-SP138
8992,OMGDSP2453,General,SUDESTE,0.0,-22.666142,-47.701457,aggregate-centroid,uf-centroid:SP,,,AMBRAS-SP138
8993,OMGDSP2454,General,SUDESTE,0.0,-22.666142,-47.701457,aggregate-centroid,uf-centroid:SP,,,ARARCP-SP138
8994,OMGDSP2455,General,SUDESTE,0.0,-22.666142,-47.701457,aggregate-centroid,uf-centroid:SP,,,BVISTA-SP138
8995,OMGDSP2458,General,SUDESTE,0.0,-22.666142,-47.701457,aggregate-centroid,uf-centroid:SP,,,DESCAL-SP138
8996,OMGDSP2459,General,SUDESTE,0.0,-22.666142,-47.701457,aggregate-centroid,uf-centroid:SP,,,DOBRAD-SP138
8997,OMGDSP2461,General,SUDESTE,0.0,-22.666142,-47.701457,aggregate-centroid,uf-centroid:SP,,,IBI-CP-SP138
8998,OMGDSP2462,General,SUDESTE,0.0,-22.666142,-47.701457,aggregate-centroid,uf-centroid:SP,,,ITACOL-SP138
8999,OMGDSP2463,General,SUDESTE,0.0,-22.666142,-47.701457,aggregate-centroid,uf-centroid:SP,,,JABOTI-SP138
9000,OMGDSP2465,General,SUDESTE,0.0,-22.666142,-47.701457,aggregate-centroid,uf-centroid:SP,,,PAIOL--SP138
9001,OMGDSP2466,General,SUDESTE,0.0,-22.666142,-47.701457,aggregate-centroid,uf-centroid:SP,,,PROGRE-SP138
9002,OMGDSP2467,General,SUDESTE,0.0,-22.666142,-47.701457,aggregate-centroid,uf-centroid:SP,,,RINCAO-SP138
9003,OMGDSP2468,General,SUDESTE,0.0,-22.666142,-47.701457,aggregate-centroid,uf-centroid:SP,,,SCARLO-SP138
9004,OMGDSP2469,General,SUDESTE,0.0,-22.666142,-47.701457,aggregate-centroid,uf-centroid:SP,,,TAIUVA-SP138
9005,OMGDSP2470,General,SUDESTE,0.0,-22.666142,-47.701457,aggregate-centroid,uf-centroid:SP,,,UIRAPU-SP138
9006,OMGDSP2471,General,SUDESTE,0.0,-22.666142,-47.701457,aggregate-centroid,uf-centroid:SP,,,PIRANG-SP138
9007,OMGDSP2474,General,SUDESTE,0.0,-22.666142,-47.701457,aggregate-centroid,uf-centroid:SP,,,IBATE--SP138
9008,OMGDSP2475,General,SUDESTE,0.0,-22.666142,-47.701457,aggregate-centroid,uf-centroid:SP,,,PARAIS-SP138
9009,OMGDSP2476,General,SUDESTE,0.0,-22.666142,-47.701457,aggregate-centroid,uf-centroid:SP,,,RPRETS-SP138
9010,OMGDSP2477,General,SUDESTE,0.0,-22.666142,-47.701457,aggregate-centroid,uf-centroid:SP,,,BETHAN-SP138
9011,OMGDSP2480,General,SUDESTE,0.0,-22.666142,-47.701457,aggregate-centroid,uf-centroid:SP,,,ESPERA-SP138
9012,OMGDSP2482,General,SUDESTE,0.0,-22.666142,-47.701457,aggregate-centroid,uf-centroid:SP,,,ITAPOL-SP138
9013,OMGDSP2484,General,SUDESTE,0.0,-22.666142,-47.701457,aggregate-centroid,uf-centroid:SP,,,ATHENA-SP138
9014,OMGDSP2485,General,SUDESTE,0.0,-22.666142,-47.701457,aggregate-centroid,uf-centroid:SP,,,JARDIN-SP138
9015,OMGDSP2487,General,SUDESTE,0.0,-22.666142,-47.701457,aggregate-centroid,uf-centroid:SP,,,BARRIN-SP138
9016,OMGDSP2488,General,SUDESTE,0.0,-22.666142,-47.701457,aggregate-centroid,uf-centroid:SP,,,BATATA-SP138
9017,OMGDSP2489,General,SUDESTE,0.0,-22.666142,-47.701457,aggregate-centroid,uf-centroid:SP,,,BRODOS-SP138
9018,OMGDSP2490,General,SUDESTE,0.0,-22.666142,-47.701457,aggregate-centroid,uf-centroid:SP,,,CAJURU-SP138
9019,OMGDSP2491,General,SUDESTE,0.0,-22.666142,-47.701457,aggregate-centroid,uf-centroid:SP,,,CRAVIN-SP138
9020,OMGDSP2492,General,SUDESTE,0.0,-22.666142,-47.701457,aggregate-centroid,uf-centroid:SP,,,FRANCA-SP138
9021,OMGDSP2493,General,SUDESTE,0.0,-22.666142,-47.701457,aggregate-centroid,uf-centroid:SP,,,DIAMAN-SP138
9022,OMGDSP2494,General,SUDESTE,0.0,-22.666142,-47.701457,aggregate-centroid,uf-centroid:SP,,,HUMAIT-SP138
9023,OMGDSP2496,General,SUDESTE,0.0,-22.666142,-47.701457,aggregate-centroid,uf-centroid:SP,,,IPANEM-SP138
9024,OMGDSP2497,General,SUDESTE,0.0,-22.666142,-47.701457,aggregate-centroid,uf-centroid:SP,,,IPIRAN-SP138
9025,OMGDSP2498,General,SUDESTE,0.0,-22.666142,-47.701457,aggregate-centroid,uf-centroid:SP,,,IPUA---SP138
9026,OMGDSP2499,General,SUDESTE,0.0,-22.666142,-47.701457,aggregate-centroid,uf-centroid:SP,,,ITAIPA-SP138
9027,OMGDSP2500,General,SUDESTE,0.0,-22.666142,-47.701457,aggregate-centroid,uf-centroid:SP,,,LEAOXI-SP138
9028,OMGDSP2501,General,SUDESTE,0.0,-22.666142,-47.701457,aggregate-centroid,uf-centroid:SP,,,PATROC-SP138
9029,OMGDSP2503,General,SUDESTE,0.0,-22.666142,-47.701457,aggregate-centroid,uf-centroid:SP,,,PITANG-SP138
9030,OMGDSP2504,General,SUDESTE,0.0,-22.666142,-47.701457,aggregate-centroid,uf-centroid:SP,,,PRADOP-SP138
9031,OMGDSP2505,General,SUDESTE,0.0,-22.666142,-47.701457,aggregate-centroid,uf-centroid:SP,,,RESEND-SP138
9032,OMGDSP2506,General,SUDESTE,0.0,-22.666142,-47.701457,aggregate-centroid,uf-centroid:SP,,,M.CIPO-SP138
9033,OMGDSP2508,General,SUDESTE,0.0,-22.666142,-47.701457,aggregate-centroid,uf-centroid:SP,,,SAOSIM-SP138
9034,OMGDSP2509,General,SUDESTE,0.0,-22.666142,-47.701457,aggregate-centroid,uf-centroid:SP,,,VLALBE-SP138
9035,OMGDSP2511,General,SUDESTE,0.0,-22.666142,-47.701457,aggregate-centroid,uf-centroid:SP,,,RIBNOR-SP138
9036,OMGDSP2514,General,SUDESTE,0.0,-22.666142,-47.701457,aggregate-centroid,uf-centroid:SP,,,NODESS-SP138
9037,OMGDSP2515,General,SUDESTE,0.0,-22.666142,-47.701457,aggregate-centroid,uf-centroid:SP,,,SERTAO-SP138
9038,OMGDSP2516,General,SUDESTE,0.0,-22.666142,-47.701457,aggregate-centroid,uf-centroid:SP,,,ANHANG-SP138
9039,OMGDSP2517,General,SUDESTE,0.0,-22.666142,-47.701457,aggregate-centroid,uf-centroid:SP,,,MAGUDO-SP138
9040,OMGDSP2518,General,SUDESTE,0.0,-22.666142,-47.701457,aggregate-centroid,uf-centroid:SP,,,PONTAL-SP138
9041,OMGDSP2520,General,SUDESTE,0.0,-22.666142,-47.701457,aggregate-centroid,uf-centroid:SP,,,BGERAL-SP138
9042,OMGDSP2528,General,SUDESTE,0.0,-22.666142,-47.701457,aggregate-centroid,uf-centroid:SP,,,CHAOPR-SP069
9043,OMGDSP2532,General,SUDESTE,0.0,-22.666142,-47.701457,aggregate-centroid,uf-centroid:SP,,,BONFPA-SP069
9044,OMGDSP2537,General,SUDESTE,0.0,-22.666142,-47.701457,aggregate-centroid,uf-centroid:SP,,,BESUL--SP069
9045,OMGDSP2539,General,SUDESTE,0.0,-22.666142,-47.701457,aggregate-centroid,uf-centroid:SP,,,TAQUAR-SP069
9046,OMGDSP2540,General,SUDESTE,0.0,-22.666142,-47.701457,aggregate-centroid,uf-centroid:SP,,,MTEALT-SP069
9047,OMGDSP2541,General,SUDESTE,0.0,-22.666142,-47.701457,aggregate-centroid,uf-centroid:SP,,,JAU4---SP138
9048,OMGDSP2543,General,SUDESTE,0.0,-22.666142,-47.701457,aggregate-centroid,uf-centroid:SP,,,FSALES-SP138
9049,OMGDSP2544,General,SUDESTE,0.0,-22.666142,-47.701457,aggregate-centroid,uf-centroid:SP,,,STADEL-SP069
9050,OMGDSP2546,General,SUDESTE,0.0,-22.666142,-47.701457,aggregate-centroid,uf-centroid:SP,,,RPRETO-SP138
9051,OMGDSP2547,General,SUDESTE,0.0,-22.666142,-47.701457,aggregate-centroid,uf-centroid:SP,,,ALTINO-SP069
9052,OMGDSP2548,General,SUDESTE,0.0,-22.666142,-47.701457,aggregate-centroid,uf-centroid:SP,,,NUPORA-SP069
9053,OMGDSP2551,General,SUDESTE,0.0,-22.666142,-47.701457,aggregate-centroid,uf-centroid:SP,,,GUARA--SP069
9054,OMGDSP2552,General,SUDESTE,0.0,-22.666142,-47.701457,aggregate-centroid,uf-centroid:SP,,,IGARAP-SP069
9055,OMGDSP2553,General,SUDESTE,0.0,-22.666142,-47.701457,aggregate-centroid,uf-centroid:SP,,,ITUVER-SP069
9056,OMGDSP2554,General,SUDESTE,0.0,-22.666142,-47.701457,aggregate-centroid,uf-centroid:SP,,,MIGUEL-SP138
9057,OMGDSP2555,General,SUDESTE,0.0,-22.666142,-47.701457,aggregate-centroid,uf-centroid:SP,,,PEDREG-SP069
9058,OMGDSP2557,General,SUDESTE,0.0,-22.666142,-47.701457,aggregate-centroid,uf-centroid:SP,,,SJBARR-SP069
9059,OMGDSP2558,General,SUDESTE,0.0,-22.666142,-47.701457,aggregate-centroid,uf-centroid:SP,,,US.DOU-SP069
9060,OMGDSP2559,General,SUDESTE,0.0,-22.666142,-47.701457,aggregate-centroid,uf-centroid:SP,,,MDESTE-SP138
9061,OMGDSP2560,General,SUDESTE,0.0,-22.666142,-47.701457,aggregate-centroid,uf-centroid:SP,,,SERRAN-SP069
9062,OMGDSP2571,General,SUDESTE,0.0,-22.666142,-47.701457,aggregate-centroid,uf-centroid:SP,,,VOTOR2-SP088
9063,OMGDSP2582,General,SUDESTE,0.0,-22.666142,-47.701457,aggregate-centroid,uf-centroid:SP,,,VCA-PI-SP138
9064,OMGDSP2592,General,SUDESTE,0.0,-22.666142,-47.701457,aggregate-centroid,uf-centroid:SP,,,SANTO8-SP088
9065,OMGDSP2598,General,SUDESTE,0.0,-22.666142,-47.701457,aggregate-centroid,uf-centroid:SP,,,INDAI2-SP088
9066,OMGDSP2604,General,SUDESTE,0.0,-22.666142,-47.701457,aggregate-centroid,uf-centroid:SP,,,BOITUV-SP138
9067,OMGDSP28771,General,SUDESTE,0.0,-22.666142,-47.701457,aggregate-centroid,uf-centroid:SP,,,MOCOC3-SP034
9068,OMGDSP28811,General,SUDESTE,0.0,-22.666142,-47.701457,aggregate-centroid,uf-centroid:SP,,,ITAPE9-SP138
9069,OMGDSP28812,General,SUDESTE,0.0,-22.666142,-47.701457,aggregate-centroid,uf-centroid:SP,,,CBRAN5-SP138
9070,OMGDSP28814,General,SUDESTE,0.0,-22.666142,-47.701457,aggregate-centroid,uf-centroid:SP,,,CACOND-SP011
9071,OMGDSP28818,General,SUDESTE,0.0,-22.666142,-47.701457,aggregate-centroid,uf-centroid:SP,,,JAGUA5-SP138
9072,OMGDSP28836,General,SUDESTE,0.0,-22.666142,-47.701457,aggregate-centroid,uf-centroid:SP,,,ITAPE4-SP138
9073,OMGDSP29562,General,SUDESTE,0.0,-22.666142,-47.701457,aggregate-centroid,uf-centroid:SP,,,SCRPA--SP069
9074,OMGDSP29563,General,SUDESTE,0.0,-22.666142,-47.701457,aggregate-centroid,uf-centroid:SP,,,BCAMP--SP069
9075,OMGDSP29581,General,SUDESTE,0.0,-22.666142,-47.701457,aggregate-centroid,uf-centroid:SP,,,AVARE1-SP138
9076,OMGDSP29600,General,SUDESTE,0.0,-22.666142,-47.701457,aggregate-centroid,uf-centroid:SP,,,CEC2---SP088
9077,OMGDSP29603,General,SUDESTE,0.0,-22.666142,-47.701457,aggregate-centroid,uf-centroid:SP,,,BCAMP--SP069
9078,OMGDSP29851,General,SUDESTE,0.0,-22.666142,-47.701457,aggregate-centroid,uf-centroid:SP,,,BROTAS-SP138
9079,OMGDSP29854,General,SUDESTE,0.0,-22.666142,-47.701457,aggregate-centroid,uf-centroid:SP,,,MORUNG-SP138
9080,OMGDSP29856,General,SUDESTE,0.0,-22.666142,-47.701457,aggregate-centroid,uf-centroid:SP,,,ARACAT-SP013
9081,OMGDSP29869,General,SUDESTE,0.0,-22.666142,-47.701457,aggregate-centroid,uf-centroid:SP,,,METROP-SP138
9082,OMGDSP29874,General,SUDESTE,0.0,-22.666142,-47.701457,aggregate-centroid,uf-centroid:SP,,,IACANG-SP034
9083,OMGDSP29875,General,SUDESTE,0.0,-22.666142,-47.701457,aggregate-centroid,uf-centroid:SP,,,REGINO-SP034
9084,OMGDSP29877,General,SUDESTE,0.0,-22.666142,-47.701457,aggregate-centroid,uf-centroid:SP,,,PONGAI-SP034
9085,OMGDSP29880,General,SUDESTE,0.0,-22.666142,-47.701457,aggregate-centroid,uf-centroid:SP,,,AREALV-SP034
9086,OMGDSP29887,General,SUDESTE,0.0,-22.666142,-47.701457,aggregate-centroid,uf-centroid:SP,,,PATRIA-SP138
9087,OMGDSP29889,General,SUDESTE,0.0,-22.666142,-47.701457,aggregate-centroid,uf-centroid:SP,,,GUANAB-SP138
9088,OMGDSP29988,General,SUDESTE,0.0,-22.666142,-47.701457,aggregate-centroid,uf-centroid:SP,,,CAMPCE-SP138
9089,OMGDSP30005,General,SUDESTE,0.0,-22.666142,-47.701457,aggregate-centroid,uf-centroid:SP,,,ARACAN-SP034
9090,OMGDSP30006,General,SUDESTE,0.0,-22.666142,-47.701457,aggregate-centroid,uf-centroid:SP,,,ITAMBE-SP013
9091,OMGDSP30009,General,SUDESTE,0.0,-22.666142,-47.701457,aggregate-centroid,uf-centroid:SP,,,PIRAC9-SP138
9092,OMGDSP30012,General,SUDESTE,0.0,-22.666142,-47.701457,aggregate-centroid,uf-centroid:SP,,,COLOM2-SP138
9093,OMGDSP30017,General,SUDESTE,0.0,-22.666142,-47.701457,aggregate-centroid,uf-centroid:SP,,,OCAUCU-SP034
9094,OMGDSP30019,General,SUDESTE,0.0,-22.666142,-47.701457,aggregate-centroid,uf-centroid:SP,,,TABATI-SP034
9095,OMGDSP30020,General,SUDESTE,0.0,-22.666142,-47.701457,aggregate-centroid,uf-centroid:SP,,,AUXTR3-SP034
9096,OMGDSP30021,General,SUDESTE,0.0,-22.666142,-47.701457,aggregate-centroid,uf-centroid:SP,,,PARDIN-SP034
9097,OMGDSP30022,General,SUDESTE,0.0,-22.666142,-47.701457,aggregate-centroid,uf-centroid:SP,,,ITATIN-SP034
9098,OMGDSP30037,General,SUDESTE,0.0,-22.666142,-47.701457,aggregate-centroid,uf-centroid:SP,,,CPRET--SP034
9099,OMGDSP30043,General,SUDESTE,0.0,-22.666142,-47.701457,aggregate-centroid,uf-centroid:SP,,,CPS19--SP138
9100,OMGDSP30049,General,SUDESTE,0.0,-22.666142,-47.701457,aggregate-centroid,uf-centroid:SP,,,CPS18--SP138
9101,OMGDSP30050,General,SUDESTE,0.0,-22.666142,-47.701457,aggregate-centroid,uf-centroid:SP,,,BOFETE-SP034
9102,OMGDSP30120,General,SUDESTE,0.0,-22.666142,-47.701457,aggregate-centroid,uf-centroid:SP,,,CPS20--SP138
9103,OMGDSP30123,General,SUDESTE,0.0,-22.666142,-47.701457,aggregate-centroid,uf-centroid:SP,,,GUARIB-SP138
9104,OMGDSP30126,General,SUDESTE,0.0,-22.666142,-47.701457,aggregate-centroid,uf-centroid:SP,,,RPRE13-SP138
9105,OMGDSP30141,General,SUDESTE,0.0,-22.666142,-47.701457,aggregate-centroid,uf-centroid:SP,,,SJRP7--SP138
9106,OMGDSP30155,General,SUDESTE,0.0,-22.666142,-47.701457,aggregate-centroid,uf-centroid:SP,,,MARIL4-SP138
9107,OMGDSP30156,General,SUDESTE,0.0,-22.666142,-47.701457,aggregate-centroid,uf-centroid:SP,,,GUAPI2-SP138
9108,OMGDSP30185,General,SUDESTE,0.0,-22.666142,-47.701457,aggregate-centroid,uf-centroid:SP,,,ITATI4-SP138
9109,OMGDSP30195,General,SUDESTE,0.0,-22.666142,-47.701457,aggregate-centroid,uf-centroid:SP,,,AIRPRT-SP138
9110,OMGDSP30264,General,SUDESTE,0.0,-22.666142,-47.701457,aggregate-centroid,uf-centroid:SP,,,PAULI3-SP138
9111,OMGDSP30292,General,SUDESTE,0.0,-22.666142,-47.701457,aggregate-centroid,uf-centroid:SP,,,SA2TIE-SP034
9112,OMGDSP30295,General,SUDESTE,0.0,-22.666142,-47.701457,aggregate-centroid,uf-centroid:SP,,,TRIANO-SP138
9113,OMGDSP30307,General,SUDESTE,0.0,-22.666142,-47.701457,aggregate-centroid,uf-centroid:SP,,,SABINO-SP034
9114,OMGDSP30309,General,SUDESTE,0.0,-22.666142,-47.701457,aggregate-centroid,uf-centroid:SP,,,HRCLAN-SP034
9115,OMGDSP3031,General,SUDESTE,0.0,-22.666142,-47.701457,aggregate-centroid,uf-centroid:SP,,,AGUAI--SP138
9116,OMGDSP3032,General,SUDESTE,0.0,-22.666142,-47.701457,aggregate-centroid,uf-centroid:SP,,,ARARSB-SP138
9117,OMGDSP3033,General,SUDESTE,0.0,-22.666142,-47.701457,aggregate-centroid,uf-centroid:SP,,,ARARA2-SP138
9118,OMGDSP3034,General,SUDESTE,0.0,-22.666142,-47.701457,aggregate-centroid,uf-centroid:SP,,,ARTURN-SP138
9119,OMGDSP30347,General,SUDESTE,0.0,-22.666142,-47.701457,aggregate-centroid,uf-centroid:SP,,,GET-CP-SP138
9120,OMGDSP3035,General,SUDESTE,0.0,-22.666142,-47.701457,aggregate-centroid,uf-centroid:SP,,,CONCHA-SP138
9121,OMGDSP30354,General,SUDESTE,0.0,-22.666142,-47.701457,aggregate-centroid,uf-centroid:SP,,,GUARP2-SP138
9122,OMGDSP30355,General,SUDESTE,0.0,-22.666142,-47.701457,aggregate-centroid,uf-centroid:SP,,,BILAC--SP069
9123,OMGDSP30356,General,SUDESTE,0.0,-22.666142,-47.701457,aggregate-centroid,uf-centroid:SP,,,JACI---SP069
9124,OMGDSP30359,General,SUDESTE,0.0,-22.666142,-47.701457,aggregate-centroid,uf-centroid:SP,,,TANAB2-SP138
9125,OMGDSP3036,General,SUDESTE,0.0,-22.666142,-47.701457,aggregate-centroid,uf-centroid:SP,,,CORDEI-SP138
9126,OMGDSP30362,General,SUDESTE,0.0,-22.666142,-47.701457,aggregate-centroid,uf-centroid:SP,,,JBONI2-SP138
9127,OMGDSP30365,General,SUDESTE,0.0,-22.666142,-47.701457,aggregate-centroid,uf-centroid:SP,,,BADYBA-SP138
9128,OMGDSP30367,General,SUDESTE,0.0,-22.666142,-47.701457,aggregate-centroid,uf-centroid:SP,,,POTI---SP034
9129,OMGDSP3037,General,SUDESTE,0.0,-22.666142,-47.701457,aggregate-centroid,uf-centroid:SP,,,IRACEM-SP138
9130,OMGDSP3038,General,SUDESTE,0.0,-22.666142,-47.701457,aggregate-centroid,uf-centroid:SP,,,LEME---SP138
9131,OMGDSP3039,General,SUDESTE,0.0,-22.666142,-47.701457,aggregate-centroid,uf-centroid:SP,,,LIMER1-SP138
9132,OMGDSP3040,General,SUDESTE,0.0,-22.666142,-47.701457,aggregate-centroid,uf-centroid:SP,,,LIMER2-SP138
9133,OMGDSP3041,General,SUDESTE,0.0,-22.666142,-47.701457,aggregate-centroid,uf-centroid:SP,,,LIMER3-SP138
9134,OMGDSP3042,General,SUDESTE,0.0,-22.666142,-47.701457,aggregate-centroid,uf-centroid:SP,,,LIME4R-SP138
9135,OMGDSP3043,General,SUDESTE,0.0,-22.666142,-47.701457,aggregate-centroid,uf-centroid:SP,,,LIMER5-SP138
9136,OMGDSP3044,General,SUDESTE,0.0,-22.666142,-47.701457,aggregate-centroid,uf-centroid:SP,,,MOG1-E-SP138
9137,OMGDSP3046,General,SUDESTE,0.0,-22.666142,-47.701457,aggregate-centroid,uf-centroid:SP,,,MGUAC2-SP138
9138,OMGDSP3047,General,SUDESTE,0.0,-22.666142,-47.701457,aggregate-centroid,uf-centroid:SP,,,MMIRIM-SP138
9139,OMGDSP3048,General,SUDESTE,0.0,-22.666142,-47.701457,aggregate-centroid,uf-centroid:SP,,,MOM2-E-SP138
9140,OMGDSP3049,General,SUDESTE,0.0,-22.666142,-47.701457,aggregate-centroid,uf-centroid:SP,,,PIRAS1-SP138
9141,OMGDSP3050,General,SUDESTE,0.0,-22.666142,-47.701457,aggregate-centroid,uf-centroid:SP,,,PIRAS2-SP138
9142,OMGDSP3051,General,SUDESTE,0.0,-22.666142,-47.701457,aggregate-centroid,uf-centroid:SP,,,PFERRE-SP138
9143,OMGDSP30515,General,SUDESTE,0.0,-22.666142,-47.701457,aggregate-centroid,uf-centroid:SP,,,ARACA5-SP138
9144,OMGDSP3053,General,SUDESTE,0.0,-22.666142,-47.701457,aggregate-centroid,uf-centroid:SP,,,RIC1-E-SP138
9145,OMGDSP3054,General,SUDESTE,0.0,-22.666142,-47.701457,aggregate-centroid,uf-centroid:SP,,,RCLAR2-SP138
9146,OMGDSP3055,General,SUDESTE,0.0,-22.666142,-47.701457,aggregate-centroid,uf-centroid:SP,,,RCLAR3-SP138
9147,OMGDSP3056,General,SUDESTE,0.0,-22.666142,-47.701457,aggregate-centroid,uf-centroid:SP,,,SJBVIS-SP138
9148,OMGDSP3057,General,SUDESTE,0.0,-22.666142,-47.701457,aggregate-centroid,uf-centroid:SP,,,SCPALM-SP138
9149,OMGDSP3058,General,SUDESTE,0.0,-22.666142,-47.701457,aggregate-centroid,uf-centroid:SP,,,SRP4-T-SP138
9150,OMGDSP3059,General,SUDESTE,0.0,-22.666142,-47.701457,aggregate-centroid,uf-centroid:SP,,,SAPOSS-SP138
9151,OMGDSP3060,General,SUDESTE,0.0,-22.666142,-47.701457,aggregate-centroid,uf-centroid:SP,,,VGSUL--SP138
9152,OMGDSP30665,General,SUDESTE,0.0,-22.666142,-47.701457,aggregate-centroid,uf-centroid:SP,,,INDAI1-SP088
9153,OMGDSP30667,General,SUDESTE,0.0,-22.666142,-47.701457,aggregate-centroid,uf-centroid:SP,,,PFELIZ-SP088
9154,OMGDSP30671,General,SUDESTE,0.0,-22.666142,-47.701457,aggregate-centroid,uf-centroid:SP,,,P.GOES-SP088
9155,OMGDSP30672,General,SUDESTE,0.0,-22.666142,-47.701457,aggregate-centroid,uf-centroid:SP,,,ITU-C1-SP088
9156,OMGDSP30673,General,SUDESTE,0.0,-22.666142,-47.701457,aggregate-centroid,uf-centroid:SP,,,ITU-C2-SP088
9157,OMGDSP30676,General,SUDESTE,0.0,-22.666142,-47.701457,aggregate-centroid,uf-centroid:SP,,,JUNDI4-SP138
9158,OMGDSP30677,General,SUDESTE,0.0,-22.666142,-47.701457,aggregate-centroid,uf-centroid:SP,,,JUNDI5-SP138
9159,OMGDSP30678,General,SUDESTE,0.0,-22.666142,-47.701457,aggregate-centroid,uf-centroid:SP,,,LOU-C1-SP138
9160,OMGDSP30679,General,SUDESTE,0.0,-22.666142,-47.701457,aggregate-centroid,uf-centroid:SP,,,LOU-C2-SP138
9161,OMGDSP30680,General,SUDESTE,0.0,-22.666142,-47.701457,aggregate-centroid,uf-centroid:SP,,,CAPALT-SP088
9162,OMGDSP30683,General,SUDESTE,0.0,-22.666142,-47.701457,aggregate-centroid,uf-centroid:SP,,,VINHE1-SP138
9163,OMGDSP30684,General,SUDESTE,0.0,-22.666142,-47.701457,aggregate-centroid,uf-centroid:SP,,,VINHE2-SP138
9164,OMGDSP30685,General,SUDESTE,0.0,-22.666142,-47.701457,aggregate-centroid,uf-centroid:SP,,,ARACAR-SP088
9165,OMGDSP30688,General,SUDESTE,0.0,-22.666142,-47.701457,aggregate-centroid,uf-centroid:SP,,,INDAI3-SP088
9166,OMGDSP30691,General,SUDESTE,0.0,-22.666142,-47.701457,aggregate-centroid,uf-centroid:SP,,,SPIRAP-SP088
9167,OMGDSP30694,General,SUDESTE,0.0,-22.666142,-47.701457,aggregate-centroid,uf-centroid:SP,,,SVICE3-SP088
9168,OMGDSP30695,General,SUDESTE,0.0,-22.666142,-47.701457,aggregate-centroid,uf-centroid:SP,,,ITU2---SP088
9169,OMGDSP30707,General,SUDESTE,0.0,-22.666142,-47.701457,aggregate-centroid,uf-centroid:SP,,,SIMUS1-SP088
9170,OMGDSP30708,General,SUDESTE,0.0,-22.666142,-47.701457,aggregate-centroid,uf-centroid:SP,,,SIMUS2-SP088
9171,OMGDSP30709,General,SUDESTE,0.0,-22.666142,-47.701457,aggregate-centroid,uf-centroid:SP,,,SOROC6-SP088
9172,OMGDSP30710,General,SUDESTE,0.0,-22.666142,-47.701457,aggregate-centroid,uf-centroid:SP,,,REPRE2-SP088
9173,OMGDSP30711,General,SUDESTE,0.0,-22.666142,-47.701457,aggregate-centroid,uf-centroid:SP,,,REPRE1-SP088
9174,OMGDSP30720,General,SUDESTE,0.0,-22.666142,-47.701457,aggregate-centroid,uf-centroid:SP,,,SOROC5-SP088
9175,OMGDSP30724,General,SUDESTE,0.0,-22.666142,-47.701457,aggregate-centroid,uf-centroid:SP,,,SOROC4-SP088
9176,OMGDSP30727,General,SUDESTE,0.0,-22.666142,-47.701457,aggregate-centroid,uf-centroid:SP,,,VOTORA-SP088
9177,OMGDSP30729,General,SUDESTE,0.0,-22.666142,-47.701457,aggregate-centroid,uf-centroid:SP,,,SOROC1-SP088
9178,OMGDSP30732,General,SUDESTE,0.0,-22.666142,-47.701457,aggregate-centroid,uf-centroid:SP,,,BOITU2-SP088
9179,OMGDSP30733,General,SUDESTE,0.0,-22.666142,-47.701457,aggregate-centroid,uf-centroid:SP,,,BOITU1-SP088
9180,OMGDSP30763,General,SUDESTE,0.0,-22.666142,-47.701457,aggregate-centroid,uf-centroid:SP,,,ITUPV3-SP088
9181,OMGDSP30764,General,SUDESTE,0.0,-22.666142,-47.701457,aggregate-centroid,uf-centroid:SP,,,ITUPV4-SP088
9182,OMGDSP30771,General,SUDESTE,0.0,-22.666142,-47.701457,aggregate-centroid,uf-centroid:SP,,,VPL--3-SP088
9183,OMGDSP30772,General,SUDESTE,0.0,-22.666142,-47.701457,aggregate-centroid,uf-centroid:SP,,,VPL--4-SP088
9184,OMGDSP30786,General,SUDESTE,0.0,-22.666142,-47.701457,aggregate-centroid,uf-centroid:SP,,,CLIMPO-SP088
9185,OMGDSP30806,General,SUDESTE,0.0,-22.666142,-47.701457,aggregate-centroid,uf-centroid:SP,,,T.UVA1-SP088
9186,OMGDSP30807,General,SUDESTE,0.0,-22.666142,-47.701457,aggregate-centroid,uf-centroid:SP,,,T.UVA2-SP088
9187,OMGDSP30810,General,SUDESTE,0.0,-22.666142,-47.701457,aggregate-centroid,uf-centroid:SP,,,JUNDIA-SP088
9188,OMGDSP3082,General,SUDESTE,0.0,-22.666142,-47.701457,aggregate-centroid,uf-centroid:SP,,,ARUJA--SP138
9189,OMGDSP3083,General,SUDESTE,0.0,-22.666142,-47.701457,aggregate-centroid,uf-centroid:SP,,,ATIBA1-SP138
9190,OMGDSP30831,General,SUDESTE,0.0,-22.666142,-47.701457,aggregate-centroid,uf-centroid:SP,,,MAIRIN-SP088
9191,OMGDSP30833,General,SUDESTE,0.0,-22.666142,-47.701457,aggregate-centroid,uf-centroid:SP,,,SROQUE-SP088
9192,OMGDSP30835,General,SUDESTE,0.0,-22.666142,-47.701457,aggregate-centroid,uf-centroid:SP,,,IBIUN1-SP088
9193,OMGDSP30836,General,SUDESTE,0.0,-22.666142,-47.701457,aggregate-centroid,uf-centroid:SP,,,IBIUN2-SP088
9194,OMGDSP3084,General,SUDESTE,0.0,-22.666142,-47.701457,aggregate-centroid,uf-centroid:SP,,,BERTI1-SP138
9195,OMGDSP3085,General,SUDESTE,0.0,-22.666142,-47.701457,aggregate-centroid,uf-centroid:SP,,,BER2-P-SP138
9196,OMGDSP30855,General,SUDESTE,0.0,-22.666142,-47.701457,aggregate-centroid,uf-centroid:SP,,,JUNDI7-SP088
9197,OMGDSP30856,General,SUDESTE,0.0,-22.666142,-47.701457,aggregate-centroid,uf-centroid:SP,,,PARIS1-SP088
9198,OMGDSP3086,General,SUDESTE,0.0,-22.666142,-47.701457,aggregate-centroid,uf-centroid:SP,,,CABR2A-SP138
9199,OMGDSP3087,General,SUDESTE,0.0,-22.666142,-47.701457,aggregate-centroid,uf-centroid:SP,,,CAIEIR-SP138
9200,OMGDSP3088,General,SUDESTE,0.0,-22.666142,-47.701457,aggregate-centroid,uf-centroid:SP,,,CJORDA-SP138
9201,OMGDSP30883,General,SUDESTE,0.0,-22.666142,-47.701457,aggregate-centroid,uf-centroid:SP,,,HBOPI1-SP088
9202,OMGDSP30884,General,SUDESTE,0.0,-22.666142,-47.701457,aggregate-centroid,uf-centroid:SP,,,HBOPI2-SP088
9203,OMGDSP30887,General,SUDESTE,0.0,-22.666142,-47.701457,aggregate-centroid,uf-centroid:SP,,,PGRAN1-SP088
9204,OMGDSP30888,General,SUDESTE,0.0,-22.666142,-47.701457,aggregate-centroid,uf-centroid:SP,,,PGRAN2-SP088
9205,OMGDSP3089,General,SUDESTE,0.0,-22.666142,-47.701457,aggregate-centroid,uf-centroid:SP,,,FMORAT-SP138
9206,OMGDSP30891,General,SUDESTE,0.0,-22.666142,-47.701457,aggregate-centroid,uf-centroid:SP,,,OCIAN--SP088
9207,OMGDSP30892,General,SUDESTE,0.0,-22.666142,-47.701457,aggregate-centroid,uf-centroid:SP,,,P.TAQU-SP088
9208,OMGDSP30893,General,SUDESTE,0.0,-22.666142,-47.701457,aggregate-centroid,uf-centroid:SP,,,SOROC7-SP088
9209,OMGDSP30899,General,SUDESTE,0.0,-22.666142,-47.701457,aggregate-centroid,uf-centroid:SP,,,MBRIG1-SP088
9210,OMGDSP3090,General,SUDESTE,0.0,-22.666142,-47.701457,aggregate-centroid,uf-centroid:SP,,,FROCHA-SP138
9211,OMGDSP30900,General,SUDESTE,0.0,-22.666142,-47.701457,aggregate-centroid,uf-centroid:SP,,,MBRIG2-SP088
9212,OMGDSP30905,General,SUDESTE,0.0,-22.666142,-47.701457,aggregate-centroid,uf-centroid:SP,,,MARAP1-SP088
9213,OMGDSP30906,General,SUDESTE,0.0,-22.666142,-47.701457,aggregate-centroid,uf-centroid:SP,,,MARAP2-SP088
9214,OMGDSP30907,General,SUDESTE,0.0,-22.666142,-47.701457,aggregate-centroid,uf-centroid:SP,,,VOTURU-SP088
9215,OMGDSP3091,General,SUDESTE,0.0,-22.666142,-47.701457,aggregate-centroid,uf-centroid:SP,,,GUA1-3-SP138
9216,OMGDSP30913,General,SUDESTE,0.0,-22.666142,-47.701457,aggregate-centroid,uf-centroid:SP,,,CUBATA-SP088
9217,OMGDSP30918,General,SUDESTE,0.0,-22.666142,-47.701457,aggregate-centroid,uf-centroid:SP,,,SANTS2-SP088
9218,OMGDSP30919,General,SUDESTE,0.0,-22.666142,-47.701457,aggregate-centroid,uf-centroid:SP,,,SANTS1-SP088
9219,OMGDSP30921,General,SUDESTE,0.0,-22.666142,-47.701457,aggregate-centroid,uf-centroid:SP,,,BOQUEI-SP088
9220,OMGDSP30922,General,SUDESTE,0.0,-22.666142,-47.701457,aggregate-centroid,uf-centroid:SP,,,ESTUA1-SP088
9221,OMGDSP30923,General,SUDESTE,0.0,-22.666142,-47.701457,aggregate-centroid,uf-centroid:SP,,,V.NOVA-SP088
9222,OMGDSP30924,General,SUDESTE,0.0,-22.666142,-47.701457,aggregate-centroid,uf-centroid:SP,,,ESTUA2-SP088
9223,OMGDSP30927,General,SUDESTE,0.0,-22.666142,-47.701457,aggregate-centroid,uf-centroid:SP,,,VMATH2-SP088
9224,OMGDSP3093,General,SUDESTE,0.0,-22.666142,-47.701457,aggregate-centroid,uf-centroid:SP,,,GUAR-2-SP138
9225,OMGDSP3094,General,SUDESTE,0.0,-22.666142,-47.701457,aggregate-centroid,uf-centroid:SP,,,ILHABE-SP138
9226,OMGDSP30945,General,SUDESTE,0.0,-22.666142,-47.701457,aggregate-centroid,uf-centroid:SP,,,PARIS2-SP088
9227,OMGDSP3095,General,SUDESTE,0.0,-22.666142,-47.701457,aggregate-centroid,uf-centroid:SP,,,JARINU-SP138
9228,OMGDSP3097,General,SUDESTE,0.0,-22.666142,-47.701457,aggregate-centroid,uf-centroid:SP,,,MAIRIP-SP138
9229,OMGDSP3098,General,SUDESTE,0.0,-22.666142,-47.701457,aggregate-centroid,uf-centroid:SP,,,PRAIBN-SP138
9230,OMGDSP3100,General,SUDESTE,0.0,-22.666142,-47.701457,aggregate-centroid,uf-centroid:SP,,,SISABE-SP088
9231,OMGDSP3101,General,SUDESTE,0.0,-22.666142,-47.701457,aggregate-centroid,uf-centroid:SP,,,UBATB1-SP138
9232,OMGDSP3102,General,SUDESTE,0.0,-22.666142,-47.701457,aggregate-centroid,uf-centroid:SP,,,UBATB2-SP138
9233,OMGDSP3103,General,SUDESTE,0.0,-22.666142,-47.701457,aggregate-centroid,uf-centroid:SP,,,CABR2B-SP138
9234,OMGDSP3105,General,SUDESTE,0.0,-22.666142,-47.701457,aggregate-centroid,uf-centroid:SP,,,IGARAT-SP088
9235,OMGDSP3106,General,SUDESTE,0.0,-22.666142,-47.701457,aggregate-centroid,uf-centroid:SP,,,BERTI3-SP138
9236,OMGDSP3107,General,SUDESTE,0.0,-22.666142,-47.701457,aggregate-centroid,uf-centroid:SP,,,ATIBA3-SP138
9237,OMGDSP3131,General,SUDESTE,0.0,-22.666142,-47.701457,aggregate-centroid,uf-centroid:SP,,,AVERME-SP138
9238,OMGDSP3132,General,SUDESTE,0.0,-22.666142,-47.701457,aggregate-centroid,uf-centroid:SP,,,ANDRAD-SP138
9239,OMGDSP3133,General,SUDESTE,0.0,-22.666142,-47.701457,aggregate-centroid,uf-centroid:SP,,,NAVANH-SP138
9240,OMGDSP3134,General,SUDESTE,0.0,-22.666142,-47.701457,aggregate-centroid,uf-centroid:SP,,,CAPIVA-SP138
9241,OMGDSP3135,General,SUDESTE,0.0,-22.666142,-47.701457,aggregate-centroid,uf-centroid:SP,,,CAR--E-SP138
9242,OMGDSP3136,General,SUDESTE,0.0,-22.666142,-47.701457,aggregate-centroid,uf-centroid:SP,,,DRACEN-SP138
9243,OMGDSP3137,General,SUDESTE,0.0,-22.666142,-47.701457,aggregate-centroid,uf-centroid:SP,,,FERNAN-SP138
9244,OMGDSP3138,General,SUDESTE,0.0,-22.666142,-47.701457,aggregate-centroid,uf-centroid:SP,,,FLORID-SP138
9245,OMGDSP3139,General,SUDESTE,0.0,-22.666142,-47.701457,aggregate-centroid,uf-centroid:SP,,,ISOLTE-SP138
9246,OMGDSP3140,General,SUDESTE,0.0,-22.666142,-47.701457,aggregate-centroid,uf-centroid:SP,,,JAL-EL-SP138
9247,OMGDSP3141,General,SUDESTE,0.0,-22.666142,-47.701457,aggregate-centroid,uf-centroid:SP,,,JAL-SF-SP138
9248,OMGDSP3142,General,SUDESTE,0.0,-22.666142,-47.701457,aggregate-centroid,uf-centroid:SP,,,JUPI-B-SP138
9249,OMGDSP3143,General,SUDESTE,0.0,-22.666142,-47.701457,aggregate-centroid,uf-centroid:SP,,,MIRAND-SP138
9250,OMGDSP3144,General,SUDESTE,0.0,-22.666142,-47.701457,aggregate-centroid,uf-centroid:SP,,,PDOEST-SP138
9251,OMGDSP3145,General,SUDESTE,0.0,-22.666142,-47.701457,aggregate-centroid,uf-centroid:SP,,,PBARRE-SP138
9252,OMGDSP3146,General,SUDESTE,0.0,-22.666142,-47.701457,aggregate-centroid,uf-centroid:SP,,,PIRAPO-SP138
9253,OMGDSP3147,General,SUDESTE,0.0,-22.666142,-47.701457,aggregate-centroid,uf-centroid:SP,,,PPRIMA-SP138
9254,OMGDSP3148,General,SUDESTE,0.0,-22.666142,-47.701457,aggregate-centroid,uf-centroid:SP,,,ROSANA-SP138
9255,OMGDSP3149,General,SUDESTE,0.0,-22.666142,-47.701457,aggregate-centroid,uf-centroid:SP,,,TIRMAO-SP138
9256,OMGDSP3150,General,SUDESTE,0.0,-22.666142,-47.701457,aggregate-centroid,uf-centroid:SP,,,UBARAN-SP069
9257,OMGDSP3152,General,SUDESTE,0.0,-22.666142,-47.701457,aggregate-centroid,uf-centroid:SP,,,TAQ-EL-SP138
9258,OMGDSP3153,General,SUDESTE,0.0,-22.666142,-47.701457,aggregate-centroid,uf-centroid:SP,,,CASTIL-SP138
9259,OMGDSP3154,General,SUDESTE,0.0,-22.666142,-47.701457,aggregate-centroid,uf-centroid:SP,,,TLAGOE-MS138
9260,OMGDSP3156,General,SUDESTE,0.0,-22.666142,-47.701457,aggregate-centroid,uf-centroid:SP,,,VOTUP1-SP138
9261,OMGDSP3181,General,SUDESTE,0.0,-22.666142,-47.701457,aggregate-centroid,uf-centroid:SP,,,ANGATU-SP138
9262,OMGDSP3182,General,SUDESTE,0.0,-22.666142,-47.701457,aggregate-centroid,uf-centroid:SP,,,APIAI--SP138
9263,OMGDSP3183,General,SUDESTE,0.0,-22.666142,-47.701457,aggregate-centroid,uf-centroid:SP,,,BURI---SP138
9264,OMGDSP3184,General,SUDESTE,0.0,-22.666142,-47.701457,aggregate-centroid,uf-centroid:SP,,,CAJATI-SP138
9265,OMGDSP3185,General,SUDESTE,0.0,-22.666142,-47.701457,aggregate-centroid,uf-centroid:SP,,,CANANE-SP138
9266,OMGDSP3187,General,SUDESTE,0.0,-22.666142,-47.701457,aggregate-centroid,uf-centroid:SP,,,CBONIT-SP138
9267,OMGDSP3188,General,SUDESTE,0.0,-22.666142,-47.701457,aggregate-centroid,uf-centroid:SP,,,CER-EL-SP088
9268,OMGDSP3189,General,SUDESTE,0.0,-22.666142,-47.701457,aggregate-centroid,uf-centroid:SP,,,CESARI-SP138
9269,OMGDSP3190,General,SUDESTE,0.0,-22.666142,-47.701457,aggregate-centroid,uf-centroid:SP,,,CONCHA-SP088
9270,OMGDSP3191,General,SUDESTE,0.0,-22.666142,-47.701457,aggregate-centroid,uf-centroid:SP,,,GUAPIA-SP138
9271,OMGDSP3192,General,SUDESTE,0.0,-22.666142,-47.701457,aggregate-centroid,uf-centroid:SP,,,ITANHA-SP138
9272,OMGDSP3193,General,SUDESTE,0.0,-22.666142,-47.701457,aggregate-centroid,uf-centroid:SP,,,ITAP-E-SP138
9273,OMGDSP3194,General,SUDESTE,0.0,-22.666142,-47.701457,aggregate-centroid,uf-centroid:SP,,,ITAR-E-SP138
9274,OMGDSP3195,General,SUDESTE,0.0,-22.666142,-47.701457,aggregate-centroid,uf-centroid:SP,,,JUQUIA-SP138
9275,OMGDSP3196,General,SUDESTE,0.0,-22.666142,-47.701457,aggregate-centroid,uf-centroid:SP,,,LPAULI-SP138
9276,OMGDSP3197,General,SUDESTE,0.0,-22.666142,-47.701457,aggregate-centroid,uf-centroid:SP,,,MONGAG-SP138
9277,OMGDSP3198,General,SUDESTE,0.0,-22.666142,-47.701457,aggregate-centroid,uf-centroid:SP,,,PERUIB-SP138
9278,OMGDSP3199,General,SUDESTE,0.0,-22.666142,-47.701457,aggregate-centroid,uf-centroid:SP,,,REGI-E-SP138
9279,OMGDSP3200,General,SUDESTE,0.0,-22.666142,-47.701457,aggregate-centroid,uf-centroid:SP,,,TATUI1-SP088
9280,OMGDSP3201,General,SUDESTE,0.0,-22.666142,-47.701457,aggregate-centroid,uf-centroid:SP,,,TATUI2-SP138
9281,OMGDSP3202,General,SUDESTE,0.0,-22.666142,-47.701457,aggregate-centroid,uf-centroid:SP,,,TAT3-A-SP138
9282,OMGDSP3203,General,SUDESTE,0.0,-22.666142,-47.701457,aggregate-centroid,uf-centroid:SP,,,TIET-B-SP138
9283,OMGDSP3204,General,SUDESTE,0.0,-22.666142,-47.701457,aggregate-centroid,uf-centroid:SP,,,CERQU2-SP138
9284,OMGDSP3205,General,SUDESTE,0.0,-22.666142,-47.701457,aggregate-centroid,uf-centroid:SP,,,PIE-PI-SP088
9285,OMGDSP3208,General,SUDESTE,0.0,-22.666142,-47.701457,aggregate-centroid,uf-centroid:SP,,,MIRACA-SP138
9286,OMGDSP3209,General,SUDESTE,0.0,-22.666142,-47.701457,aggregate-centroid,uf-centroid:SP,,,ITANH2-SP138
9287,OMGDSP3212,General,SUDESTE,0.0,-22.666142,-47.701457,aggregate-centroid,uf-centroid:SP,,,SGERTR-SP138
9288,OMGDSP3213,General,SUDESTE,0.0,-22.666142,-47.701457,aggregate-centroid,uf-centroid:SP,,,BERTI4-SP138
9289,OMGDSP3214,General,SUDESTE,0.0,-22.666142,-47.701457,aggregate-centroid,uf-centroid:SP,,,ITIRA2-SP138
9290,OMGDSP32963,General,SUDESTE,0.0,-22.666142,-47.701457,aggregate-centroid,uf-centroid:SP,,,CEAJAR-SP138
9291,OMGDSP32965,General,SUDESTE,0.0,-22.666142,-47.701457,aggregate-centroid,uf-centroid:SP,,,TAMBAU-SP138
9292,OMGDSP32969,General,SUDESTE,0.0,-22.666142,-47.701457,aggregate-centroid,uf-centroid:SP,,,BMPERD-SP138
9293,OMGDSP32970,General,SUDESTE,0.0,-22.666142,-47.701457,aggregate-centroid,uf-centroid:SP,,,GUARM3-SP138
9294,OMGDSP32974,General,SUDESTE,0.0,-22.666142,-47.701457,aggregate-centroid,uf-centroid:SP,,,FRR_02-SP138
9295,OMGDSP32975,General,SUDESTE,0.0,-22.666142,-47.701457,aggregate-centroid,uf-centroid:SP,,,PANORA-SP138
9296,OMGDSP32976,General,SUDESTE,0.0,-22.666142,-47.701457,aggregate-centroid,uf-centroid:SP,,,POPULI-SP069
9297,OMGDSP32977,General,SUDESTE,0.0,-22.666142,-47.701457,aggregate-centroid,uf-centroid:SP,,,INDIAP-SP069
9298,OMGDSP32978,General,SUDESTE,0.0,-22.666142,-47.701457,aggregate-centroid,uf-centroid:SP,,,RIOLAN-SP138
9299,OMGDSP32979,General,SUDESTE,0.0,-22.666142,-47.701457,aggregate-centroid,uf-centroid:SP,,,P.FARI-SP138
9300,OMGDSP32980,General,SUDESTE,0.0,-22.666142,-47.701457,aggregate-centroid,uf-centroid:SP,,,ACAMPO-SP138
9301,OMGDSP32981,General,SUDESTE,0.0,-22.666142,-47.701457,aggregate-centroid,uf-centroid:SP,,,AURIFL-SP069
9302,OMGDSP32986,General,SUDESTE,0.0,-22.666142,-47.701457,aggregate-centroid,uf-centroid:SP,,,ITANH3-SP138
9303,OMGDSP32987,General,SUDESTE,0.0,-22.666142,-47.701457,aggregate-centroid,uf-centroid:SP,,,PARIQU-SP138
9304,OMGDSP32988,General,SUDESTE,0.0,-22.666142,-47.701457,aggregate-centroid,uf-centroid:SP,,,IGUAP2-SP138
9305,OMGDSP32990,General,SUDESTE,0.0,-22.666142,-47.701457,aggregate-centroid,uf-centroid:SP,,,BSUCES-SP138
9306,OMGDSP32991,General,SUDESTE,0.0,-22.666142,-47.701457,aggregate-centroid,uf-centroid:SP,,,ITAPOR-SP138
9307,OMGDSP32992,General,SUDESTE,0.0,-22.666142,-47.701457,aggregate-centroid,uf-centroid:SP,,,PETOL2-SP138
9308,OMGDSP32994,General,SUDESTE,0.0,-22.666142,-47.701457,aggregate-centroid,uf-centroid:SP,,,NHANDE-SP138
9309,OMGDSP32995,General,SUDESTE,0.0,-22.666142,-47.701457,aggregate-centroid,uf-centroid:SP,,,GSALGA-SP069
9310,OMGDSP32996,General,SUDESTE,0.0,-22.666142,-47.701457,aggregate-centroid,uf-centroid:SP,,,VGENTI-SP138
9311,OMGDSP33002,General,SUDESTE,0.0,-22.666142,-47.701457,aggregate-centroid,uf-centroid:SP,,,VCARVA-SP138
9312,OMGDSP33020,General,SUDESTE,0.0,-22.666142,-47.701457,aggregate-centroid,uf-centroid:SP,,,LIMEI6-SP138
9313,OMGDSP33025,General,SUDESTE,0.0,-22.666142,-47.701457,aggregate-centroid,uf-centroid:SP,,,GUARM4-SP138
9314,OMGDSP33035,General,SUDESTE,0.0,-22.666142,-47.701457,aggregate-centroid,uf-centroid:SP,,,VOTUP3-SP138
9315,OMGDSP33112,General,SUDESTE,0.0,-22.666142,-47.701457,aggregate-centroid,uf-centroid:SP,,,LEME_2-SP138
9316,OMGDSP33113,General,SUDESTE,0.0,-22.666142,-47.701457,aggregate-centroid,uf-centroid:SP,,,ARUJ_2-SP138
9317,OMGDSP33130,General,SUDESTE,0.0,-22.666142,-47.701457,aggregate-centroid,uf-centroid:SP,,,3LAG2--SP138
9318,OMGDSP3331,General,SUDESTE,0.0,-22.666142,-47.701457,aggregate-centroid,uf-centroid:SP,,,ANH----SP088
9319,OMGDSP3332,General,SUDESTE,0.0,-22.666142,-47.701457,aggregate-centroid,uf-centroid:SP,,,BAN----SP088
9320,OMGDSP33335,General,SUDESTE,0.0,-22.666142,-47.701457,aggregate-centroid,uf-centroid:SP,,,COELHO-SP138
9321,OMGDSP33337,General,SUDESTE,0.0,-22.666142,-47.701457,aggregate-centroid,uf-centroid:SP,,,CASTI2-SP138
9322,OMGDSP33338,General,SUDESTE,0.0,-22.666142,-47.701457,aggregate-centroid,uf-centroid:SP,,,E.OEST-SP138
9323,OMGDSP33339,General,SUDESTE,0.0,-22.666142,-47.701457,aggregate-centroid,uf-centroid:SP,,,ITAPV3-SP138
9324,OMGDSP3338,General,SUDESTE,0.0,-22.666142,-47.701457,aggregate-centroid,uf-centroid:SP,,,ESO----SP088
9325,OMGDSP3341,General,SUDESTE,0.0,-22.666142,-47.701457,aggregate-centroid,uf-centroid:SP,,,JAD----SP088
9326,OMGDSP33410,General,SUDESTE,0.0,-22.666142,-47.701457,aggregate-centroid,uf-centroid:SP,,,MIRAN3-SP138
9327,OMGDSP33411,General,SUDESTE,0.0,-22.666142,-47.701457,aggregate-centroid,uf-centroid:SP,,,JALES2-SP138
9328,OMGDSP3342,General,SUDESTE,0.0,-22.666142,-47.701457,aggregate-centroid,uf-centroid:SP,,,LES----SP088
9329,OMGDSP3343,General,SUDESTE,0.0,-22.666142,-47.701457,aggregate-centroid,uf-centroid:SP,,,MFO----SP088
9330,OMGDSP3351,General,SUDESTE,0.0,-22.666142,-47.701457,aggregate-centroid,uf-centroid:SP,,,PI2----SP088
9331,OMGDSP3353,General,SUDESTE,0.0,-22.666142,-47.701457,aggregate-centroid,uf-centroid:SP,,,RRF----SP088
9332,OMGDSP3380,General,SUDESTE,0.0,-22.666142,-47.701457,aggregate-centroid,uf-centroid:SP,,,SUL2---SP088
9333,OMGDSP37392,General,SUDESTE,0.0,-22.666142,-47.701457,aggregate-centroid,uf-centroid:SP,,,ITAJO2-SP138
9334,OMGDSP37907,General,SUDESTE,0.0,-22.666142,-47.701457,aggregate-centroid,uf-centroid:SP,,,P.PR02-SP138
9335,OMGDSP38000,General,SUDESTE,0.0,-22.666142,-47.701457,aggregate-centroid,uf-centroid:SP,,,CATAN3-SP138
9336,OMGDSP38010,General,SUDESTE,0.0,-22.666142,-47.701457,aggregate-centroid,uf-centroid:SP,,,BRAGA3-SP138
9337,OMGDSP38931,General,SUDESTE,0.0,-22.666142,-47.701457,aggregate-centroid,uf-centroid:SP,,,N.EXTR-MG138
9338,OMGDSP3981,General,SUDESTE,0.0,-22.666142,-47.701457,aggregate-centroid,uf-centroid:SP,,,BRAGAN-SP138
9339,OMGDSP3983,General,SUDESTE,0.0,-22.666142,-47.701457,aggregate-centroid,uf-centroid:SP,,,S.TERE-SP138
9340,OMGDSP3987,General,SUDESTE,0.0,-22.666142,-47.701457,aggregate-centroid,uf-centroid:SP,,,CAMBU2-MG138
9341,OMGDSP3988,General,SUDESTE,0.0,-22.666142,-47.701457,aggregate-centroid,uf-centroid:SP,,,MARTIN-SP088
9342,OMGDSP3989,General,SUDESTE,0.0,-22.666142,-47.701457,aggregate-centroid,uf-centroid:SP,,,PRP-P1-SP088
9343,OMGDSP3992,General,SUDESTE,0.0,-22.666142,-47.701457,aggregate-centroid,uf-centroid:SP,,,PRP-P5-SP138
9344,OMGDSP3993,General,SUDESTE,0.0,-22.666142,-47.701457,aggregate-centroid,uf-centroid:SP,,,PRP-P4-SP138
9345,OMGDSP3994,General,SUDESTE,0.0,-22.666142,-47.701457,aggregate-centroid,uf-centroid:SP,,,ENEIDA-SP138
9346,OMGDSP3999,General,SUDESTE,0.0,-22.666142,-47.701457,aggregate-centroid,uf-centroid:SP,,,P.VENC-SP138
9347,OMGDSP4002,General,SUDESTE,0.0,-22.666142,-47.701457,aggregate-centroid,uf-centroid:SP,,,OSV.CR-SP138
9348,OMGDSP4003,General,SUDESTE,0.0,-22.666142,-47.701457,aggregate-centroid,uf-centroid:SP,,,ADAMAN-SP069
9349,OMGDSP4006,General,SUDESTE,0.0,-22.666142,-47.701457,aggregate-centroid,uf-centroid:SP,,,ASSIS1-SP088
9350,OMGDSP4008,General,SUDESTE,0.0,-22.666142,-47.701457,aggregate-centroid,uf-centroid:SP,,,ASSIS3-SP088
9351,OMGDSP4010,General,SUDESTE,0.0,-22.666142,-47.701457,aggregate-centroid,uf-centroid:SP,,,PARAGU-SP088
9352,OMGDSP4012,General,SUDESTE,0.0,-22.666142,-47.701457,aggregate-centroid,uf-centroid:SP,,,SANTAL-SP088
9353,OMGDSP4014,General,SUDESTE,0.0,-22.666142,-47.701457,aggregate-centroid,uf-centroid:SP,,,RANCHA-SP088
9354,OMGDSP4015,General,SUDESTE,0.0,-22.666142,-47.701457,aggregate-centroid,uf-centroid:SP,,,CAND.M-SP088
9355,OMGDSP4016,General,SUDESTE,0.0,-22.666142,-47.701457,aggregate-centroid,uf-centroid:SP,,,PLMITL-SP088
9356,OMGDSP4017,General,SUDESTE,0.0,-22.666142,-47.701457,aggregate-centroid,uf-centroid:SP,,,IBIRAR-SP088
9357,OMGDSP4019,General,SUDESTE,0.0,-22.666142,-47.701457,aggregate-centroid,uf-centroid:SP,,,BASTOS-SP138
9358,OMGDSP4020,General,SUDESTE,0.0,-22.666142,-47.701457,aggregate-centroid,uf-centroid:SP,,,TUPA---SP138
9359,OMGDSP4021,General,SUDESTE,0.0,-22.666142,-47.701457,aggregate-centroid,uf-centroid:SP,,,CATAND-SP138
9360,OMGDSP4027,General,SUDESTE,0.0,-22.666142,-47.701457,aggregate-centroid,uf-centroid:SP,,,BORBOR-SP138
9361,OMGDSP4028,General,SUDESTE,0.0,-22.666142,-47.701457,aggregate-centroid,uf-centroid:SP,,,URUPES-SP138
9362,OMGDSP4030,General,SUDESTE,0.0,-22.666142,-47.701457,aggregate-centroid,uf-centroid:SP,,,UBRAN--SP069
9363,OMGDSP7744,General,SUDESTE,0.0,-22.666142,-47.701457,aggregate-centroid,uf-centroid:SP,,,TBRANC-SP138
107,PCHPR000771,SmallHydro,SUL,1.98,-25.985576,-52.747351,plant,reference,,,CHOPI1PCH034
108,PCHPR001452,SmallHydro,SUL,1.0,-24.535193,-53.204295,plant,reference,,,MELISSPCH034
109,PCHPR001501,SmallHydro,SUL,4.8,-25.424167,-48.921111,plant,reference,,,MARUMBPCH034
110,PCHPR001549,SmallHydro,SUL,1.219,-24.281838,-49.695061,plant,reference,,,NJAGUAPCH013
111,PCHPR002085,SmallHydro,SUL,0.87,-25.034837,-50.127451,plant,reference,,,AREIA--PR525
112,PCHPR002576,SmallHydro,SUL,0.828,-26.068542,-52.589795,plant,siga:Operação,CGH.PH.PR.002576-3.1,Coronel Vivida - PR,SE-SEG-PR525
113,PCHPR002592,SmallHydro,SUL,2.8,-26.280833,-52.297222,plant,reference,,,SE-SEG-PR525
114,PCHPR002642,SmallHydro,SUL,0.94,-26.034652,-51.189667,plant,reference,,,VITORIPCH034
115,PCHPR026885,SmallHydro,SUL,1.188,-25.662778,-51.965833,plant,reference,,,SE-SEG-PR525
116,PCHPR027174,SmallHydro,SUL,4.6,-25.757597,-52.086890,plant,reference,,,CSEGREPCH034
117,PCHPR028010,SmallHydro,SUL,2.92,-24.930556,-51.428889,plant,reference,,,AREIA--PR525
118,PCHPR028783,SmallHydro,SUL,4.0,-24.573616,-51.557251,plant,reference,,,PITANGPCH034
119,PCHPR028850,SmallHydro,SUL,3.6,-25.645594,-51.956887,plant,reference,,,CSEGREPCH034
120,PCHPR030069,SmallHydro,SUL,0.4,-25.747208,-51.962417,plant,reference,,,SE-SEG-PR525
121,PCHPR030241,SmallHydro,SUL,0.66,-25.348959,-51.419458,plant,reference,,,AREIA--PR525
122,PCHPR030577,SmallHydro,SUL,1.0,-25.281111,-51.877222,plant,reference,,,SE-SEG-PR525
123,PCHPR031187,SmallHydro,SUL,0.411,-24.916649,-53.816652,plant,reference,,,SE-SEG-PR525
124,PCHPR031470,SmallHydro,SUL,0.3,-26.075081,-52.828606,plant,reference,,,SE-SEG-PR525
125,PCHPR033372,SmallHydro,SUL,1.0,-24.255148,-49.703051,plant,reference,,,AREIA--PR525
126,PCHPR035484,SmallHydro,SUL,1.6,-24.822871,-51.447299,plant,reference,,,AREIA--PR525
127,PCHPR035731,SmallHydro,SUL,1.0,-25.386753,-51.387606,plant,reference,,,ENXADRPCH013
128,PCHPR038250,SmallHydro,SUL,4.74,-25.442778,-51.457778,plant,reference,,,AREIA--PR525
129,PCHPR040813,SmallHydro,SUL,2.16,-24.853433,-53.186442,plant,reference,,,SE-SEG-PR525
130,PCHPR045487,SmallHydro,SUL,1.369,-25.640278,-51.861389,plant,reference,,,SE-SEG-PR525
145,PCHRS000015,SmallHydro,SUL,0.72,-27.823775,-52.069997,plant,reference,,,ITA----SC525
146,PCHRS000329,SmallHydro,SUL,3.24,-27.891667,-54.103056,plant,reference,,,SANGEL-RS525
147,PCHRS000702,SmallHydro,SUL,0.512,-28.403056,-53.810000,plant,reference,,,SANGEL-RS525
148,PCHRS000706,SmallHydro,SUL,0.88,-28.565825,-53.251667,plant,reference,,,SANGEL-RS525
149,PCHRS000931,SmallHydro,SUL,1.196,-28.937721,-52.485929,plant,reference,,,CAXIAN-RS525
150,PCHRS001067,SmallHydro,SUL,0.667,-28.907097,-51.946703,plant,reference,,,CAXIAN-RS525
151,PCHRS001199,SmallHydro,SUL,0.72,-29.126720,-53.354937,plant,reference,,,SANGEL-RS525
152,PCHRS002054,SmallHydro,SUL,1.27,-29.584058,-51.117297,plant,reference,,,CAXIAN-RS525
153,PCHRS002280,SmallHydro,SUL,0.76,-28.202046,-53.440651,plant,reference,,,ALEGR4-RS069
154,PCHRS002317,SmallHydro,SUL,0.975,-28.397255,-53.458514,plant,reference,,,SANGEL-RS525
155,PCHRS002430,SmallHydro,SUL,0.74,-28.248990,-53.561362,plant,reference,,,SANGEL-RS525
156,PCHRS002572,SmallHydro,SUL,0.8,-28.619213,-51.355024,plant,reference,,,CAXIAN-RS525
157,PCHRS002853,SmallHydro,SUL,1.12,-29.289109,-50.740511,plant,reference,,,CAXIAN-RS525
158,PCHRS027100,SmallHydro,SUL,0.88,-27.473567,-53.457461,plant,reference,,,ITA----SC525
159,PCHRS028089,SmallHydro,SUL,0.756,-28.142077,-55.065820,plant,reference,,,SANGEL-RS525
160,PCHRS028204,SmallHydro,SUL,0.99,-29.089372,-51.309444,plant,reference,,,CAXIAN-RS525
161,PCHRS028240,SmallHydro,SUL,1.0,-27.353192,-52.769756,plant,reference,,,ITA----SC525
162,PCHRS028510,SmallHydro,SUL,0.52,-27.440042,-53.273200,plant,reference,,,ITA----SC525
163,PCHRS028572,SmallHydro,SUL,1.0,-27.427500,-53.540833,plant,reference,,,ITA----SC525
164,PCHRS028688,SmallHydro,SUL,0.8,-27.598056,-53.385833,plant,reference,,,ITA----SC525
165,PCHRS028690,SmallHydro,SUL,0.27,-27.561111,-53.186667,plant,reference,,,ITA----SC525
166,PCHRS028740,SmallHydro,SUL,0.953,-28.023100,-54.835366,plant,reference,,,SANGEL-RS525
167,PCHRS028915,SmallHydro,SUL,0.78,-28.130000,-51.626944,plant,reference,,,CNOVOS-SC525
168,PCHRS028941,SmallHydro,SUL,0.42,-28.160833,-51.500833,plant,reference,,,CNOVOS-SC525
169,PCHRS029022,SmallHydro,SUL,0.68,-27.961317,-53.970343,plant,reference,,,SANGEL-RS525
170,PCHRS029037,SmallHydro,SUL,1.2,-27.513333,-53.431111,plant,reference,,,ITA----SC525
171,PCHRS029050,SmallHydro,SUL,4.5,-27.729722,-54.407778,plant,reference,,,SANGEL-RS525
172,PCHRS029212,SmallHydro,SUL,1.0,-27.429167,-54.120556,plant,reference,,,SANGEL-RS525
173,PCHRS029551,SmallHydro,SUL,0.28,-27.883889,-53.135278,plant,reference,,,ITA----SC525
174,PCHRS030204,SmallHydro,SUL,0.705,-29.471389,-51.868056,plant,reference,,,CAXIAN-RS525
175,PCHRS030400,SmallHydro,SUL,4.86,-30.787986,-52.629779,plant,reference,,,CAM1---RS069
176,PCHRS030407,SmallHydro,SUL,2.25,-30.317692,-51.867606,plant,reference,,,CAXIAN-RS525
177,PCHRS030668,SmallHydro,SUL,0.864,-28.944722,-52.503333,plant,reference,,,CAXIAN-RS525
178,PCHRS030879,SmallHydro,SUL,2.25,-27.781389,-54.373611,plant,reference,,,SANGEL-RS525
179,PCHRS031330,SmallHydro,SUL,2.0,-28.607141,-51.219401,plant,reference,,,CAXIAN-RS525
180,PCHRS031695,SmallHydro,SUL,1.28,-28.840096,-52.701418,plant,reference,,,CAXIAN-RS525
181,PCHRS034672,SmallHydro,SUL,4.85,-28.795833,-53.971597,plant,reference,,,SANGEL-RS525
182,PCHRS035444,SmallHydro,SUL,0.75,-27.476388,-52.801099,plant,reference,,,ITA----SC525
183,PCHRS037128,SmallHydro,SUL,1.0,-28.213889,-53.628889,plant,reference,,,SANGEL-RS525
184,PCHRS037327,SmallHydro,SUL,0.28,-28.461389,-52.699167,plant,reference,,,ITA----SC525
185,PCHRS038225,SmallHydro,SUL,0.99,-28.520310,-51.908569,plant,reference,,,CAXIAN-RS525
186,PCHRS038245,SmallHydro,SUL,1.0,-28.647500,-51.354444,plant,reference,,,CAXIAN-RS525
187,PCHRS045162,SmallHydro,SUL,2.205,-28.813056,-51.737778,plant,reference,,,CAXIAN-RS525
188,PCHRS050288,SmallHydro,SUL,1.75,-28.536944,-53.861389,plant,reference,,,SANGEL-RS525
189,PCHSC000068,SmallHydro,SUL,2.74,-26.780830,-49.396669,plant,reference,,,CODESA-SC138
190,PCHSC000728,SmallHydro,SUL,4.29,-27.815000,-50.480556,plant,siga:Operação,PCH.PH.SC.000728-5.2,Lages - SC,CAVEIRPCH023
191,PCHSC001202,SmallHydro,SUL,2.6,-27.541127,-51.440248,plant,reference,,,CAPINZ-SC069
192,PCHSC002076,SmallHydro,SUL,0.78,-26.295000,-49.001389,plant,reference,,,JOINVU-SC138
193,PCHSC002354,SmallHydro,SUL,1.71,-27.207437,-51.511172,plant,reference,,,CNOVOS-SC525
194,PCHSC002514,SmallHydro,SUL,5.0,-27.123602,-52.766291,plant,reference,,,RTIGREPCH023
195,PCHSC002665,SmallHydro,SUL,1.0,-26.348045,-51.057816,plant,reference,,,AREIA--PR525
196,PCHSC027186,SmallHydro,SUL,0.42,-26.164679,-49.890349,plant,reference,,,MAFRA--SC138
197,PCHSC027711,SmallHydro,SUL,4.0,-27.060000,-49.510000,bus-proxy,bus:IBIRAM-SC069,,,IBIRAM-SC069
198,PCHSC028082,SmallHydro,SUL,1.0,-27.209011,-50.541464,plant,reference,,,CNOVOS-SC525
199,PCHSC028195,SmallHydro,SUL,1.5,-28.419089,-49.252655,plant,reference,,,URUSSA-SC069
200,PCHSC028618,SmallHydro,SUL,2.54,-27.021817,-50.186404,plant,reference,,,TAIO---SC069
201,PCHSC028646,SmallHydro,SUL,1.0,-26.545310,-50.756295,plant,reference,,,CACADO-SC138
202,PCHSC028681,SmallHydro,SUL,0.7,-27.097778,-50.107500,plant,reference,,,TAIO---SC069
203,PCHSC028727,SmallHydro,SUL,0.48,-26.346944,-49.130278,plant,reference,,,SIDER2-SC525
204,PCHSC028776,SmallHydro,SUL,0.155,-28.317331,-49.211141,plant,reference,,,SIDER2-SC525
205,PCHSC028778,SmallHydro,SUL,0.29,-28.311785,-49.199217,plant,reference,,,SIDER2-SC525
206,PCHSC028830,SmallHydro,SUL,4.0,-26.769089,-52.225781,plant,reference,,,FAXINAPCH023
207,PCHSC029099,SmallHydro,SUL,1.0,-27.140400,-50.545990,plant,reference,,,CNOVOS-SC525
208,PCHSC029100,SmallHydro,SUL,0.16,-27.104167,-51.250000,plant,reference,,,TANGAR-SC138
209,PCHSC029158,SmallHydro,SUL,2.0,-27.982843,-49.101830,plant,reference,,,SIDER2-SC525
210,PCHSC029172,SmallHydro,SUL,1.8,-26.988574,-52.452138,plant,reference,,,ITA----SC525
211,PCHSC029217,SmallHydro,SUL,3.2,-26.952237,-52.455066,plant,reference,,,ITA----SC525
212,PCHSC029229,SmallHydro,SUL,2.0,-26.571111,-52.426667,plant,reference,,,SLOEST-SC138
213,PCHSC029303,SmallHydro,SUL,0.81,-26.965839,-52.459655,plant,reference,,,ITA----SC525
214,PCHSC029356,SmallHydro,SUL,0.75,-27.098611,-50.130000,plant,reference,,,TAIO---SC069
215,PCHSC029368,SmallHydro,SUL,0.52,-26.960254,-51.156263,plant,reference,,,VIDEIR-SC138
216,PCHSC029377,SmallHydro,SUL,1.25,-28.417504,-49.266982,plant,reference,,,URUSSA-SC069
217,PCHSC029384,SmallHydro,SUL,0.6,-28.063747,-49.091128,plant,reference,,,SIDER2-SC525
218,PCHSC029425,SmallHydro,SUL,0.96,-28.099565,-49.198846,plant,reference,,,SIDER2-SC525
219,PCHSC029589,SmallHydro,SUL,1.4,-26.447143,-53.407111,plant,reference,,,SJCEDR-SC069
220,PCHSC029590,SmallHydro,SUL,2.9,-27.138734,-52.701153,plant,reference,,,CHAPE2-SC138
221,PCHSC029592,SmallHydro,SUL,0.883,-28.025904,-48.933096,plant,reference,,,GRAVAT-SC069
222,PCHSC029605,SmallHydro,SUL,1.0,-26.465632,-53.399118,plant,reference,,,SJCEDR-SC069
223,PCHSC029711,SmallHydro,SUL,3.893,-27.316362,-49.084547,plant,reference,,,RALTBRPCH023
224,PCHSC029729,SmallHydro,SUL,2.32,-26.317081,-49.320755,plant,reference,,,SBENBR-SC138
225,PCHSC029756,SmallHydro,SUL,0.9,-26.654722,-49.881389,plant,reference,,,PAPAND-SC138
226,PCHSC029764,SmallHydro,SUL,1.54,-27.529167,-49.103056,plant,reference,,,BCLARAPCH034
227,PCHSC029769,SmallHydro,SUL,3.188,-27.520383,-49.079547,plant,reference,,,COQUEIPCH034
228,PCHSC029771,SmallHydro,SUL,2.38,-27.317500,-51.477778,plant,reference,,,CRLEAOPCH006
229,PCHSC029781,SmallHydro,SUL,2.283,-27.024167,-50.181944,plant,reference,,,TAIO---SC069
230,PCHSC029800,SmallHydro,SUL,1.0,-26.553056,-52.326667,plant,reference,,,XANXER-SC138
231,PCHSC029876,SmallHydro,SUL,0.828,-27.049250,-51.233054,plant,reference,,,CNOVOS-SC525
232,PCHSC029945,SmallHydro,SUL,1.0,-26.798889,-51.950278,plant,reference,,,FAXINA-SC069
233,PCHSC029988,SmallHydro,SUL,0.55,-26.421931,-53.589828,plant,reference,,,SJCEDR-SC069
234,PCHSC030092,SmallHydro,SUL,3.0,-26.798835,-53.668266,plant,reference,,,ITA----SC525
235,PCHSC030132,SmallHydro,SUL,1.53,-26.456103,-50.883514,plant,reference,,,AREIA--PR525
236,PCHSC030151,SmallHydro,SUL,1.0,-27.134524,-52.845984,plant,reference,,,CHAPE2-SC138
237,PCHSC030153,SmallHydro,SUL,2.7,-26.440556,-50.834722,plant,reference,,,AREIA--PR525
238,PCHSC030172,SmallHydro,SUL,2.0,-27.330611,-51.356927,plant,reference,,,CNOVSA-SC138
239,PCHSC030261,SmallHydro,SUL,2.25,-28.407439,-49.912928,plant,reference,,,SJOAQU-SC138
240,PCHSC030368,SmallHydro,SUL,1.0,-28.004327,-48.878548,plant,reference,,,GRAVAT-SC069
241,PCHSC030387,SmallHydro,SUL,2.05,-26.997778,-49.674722,plant,reference,,,PGETUL-SC138
242,PCHSC030394,SmallHydro,SUL,2.016,-26.987611,-49.681820,plant,reference,,,PGETUL-SC138
243,PCHSC030494,SmallHydro,SUL,3.13,-28.090451,-48.943755,plant,reference,,,GRAVAT-SC069
244,PCHSC030591,SmallHydro,SUL,0.866,-28.237778,-49.163611,plant,reference,,,SIDER2-SC525
245,PCHSC030598,SmallHydro,SUL,0.72,-27.152222,-52.776111,plant,reference,,,CHAPE2-SC138
246,PCHSC030643,SmallHydro,SUL,2.836,-27.092587,-50.722786,plant,reference,,,FRAIBU-SC069
247,PCHSC030794,SmallHydro,SUL,4.4,-27.582813,-51.355760,plant,reference,,,CNOVSA-SC138
248,PCHSC030845,SmallHydro,SUL,1.0,-27.790358,-51.001000,plant,reference,,,CNOVSA-SC138
249,PCHSC030880,SmallHydro,SUL,1.0,-27.649742,-51.196003,plant,reference,,,CNOVSA-SC138
250,PCHSC030998,SmallHydro,SUL,0.72,-27.162500,-52.771389,plant,reference,,,CHAPE2-SC138
251,PCHSC031005,SmallHydro,SUL,2.0,-26.585532,-52.184325,plant,reference,,,XANXER-SC138
252,PCHSC031041,SmallHydro,SUL,2.2,-26.956944,-50.489444,plant,reference,,,SCECIL-SC069
253,PCHSC031118,SmallHydro,SUL,0.85,-28.566944,-49.122500,plant,reference,,,SIDER2-SC525
254,PCHSC031216,SmallHydro,SUL,1.0,-26.877936,-51.281078,plant,reference,,,VIDEIR-SC138
255,PCHSC031376,SmallHydro,SUL,0.396,-26.307575,-49.319542,plant,reference,,,SBENBR-SC138
256,PCHSC031429,SmallHydro,SUL,1.0,-27.107289,-51.201118,plant,reference,,,VIDEIR-SC138
257,PCHSC031513,SmallHydro,SUL,0.7,-27.085278,-51.818333,plant,reference,,,CATAND-SC138
258,PCHSC031623,SmallHydro,SUL,1.0,-26.953048,-50.143024,plant,reference,,,TAIO---SC069
259,PCHSC031735,SmallHydro,SUL,0.136,-27.029051,-50.172487,plant,reference,,,TAIO---SC069
260,PCHSC032070,SmallHydro,SUL,0.835,-26.913333,-50.739167,plant,reference,,,CDCAST-SC138
261,PCHSC032084,SmallHydro,SUL,1.0,-27.008056,-51.080556,plant,reference,,,VIDEIR-SC138
262,PCHSC032085,SmallHydro,SUL,1.0,-27.064724,-49.987804,plant,reference,,,CNOVOS-SC525
263,PCHSC033711,SmallHydro,SUL,4.95,-27.147144,-52.051225,plant,reference,,,JACUTIPCH023
264,PCHSC033998,SmallHydro,SUL,0.999,-27.140191,-50.469964,plant,reference,,,SCRIST-SC069
265,PCHSC034056,SmallHydro,SUL,1.8,-27.191389,-52.755000,plant,reference,,,CHAPE2-SC138
266,PCHSC035075,SmallHydro,SUL,2.0,-26.977409,-51.177091,plant,reference,,,VIDEIR-SC138
267,PCHSC035335,SmallHydro,SUL,1.65,-26.346944,-49.130278,plant,reference,,,SIDER2-SC525
268,PCHSC035415,SmallHydro,SUL,0.909,-26.739442,-52.978618,plant,reference,,,PINHAL-SC138
269,PCHSC035531,SmallHydro,SUL,1.0,-27.246944,-50.414722,plant,reference,,,SCRIST-SC069
270,PCHSC035698,SmallHydro,SUL,3.006,-27.471195,-48.836062,plant,siga:Operação,CGH.PH.SC.035698-0.2,Antônio Carlos - SC,BIGUQB-SC138
271,PCHSC035736,SmallHydro,SUL,3.06,-26.706733,-52.888506,plant,reference,,,APARECPCH034
272,PCHSC035739,SmallHydro,SUL,2.8,-27.259722,-52.351944,plant,reference,,,SEARA--SC069
273,PCHSC035742,SmallHydro,SUL,1.0,-27.511385,-49.000015,plant,reference,,,GARCIA-SC069
274,PCHSC035743,SmallHydro,SUL,1.0,-26.728887,-53.652571,plant,reference,,,SMIGUE-SC138
275,PCHSC037229,SmallHydro,SUL,1.0,-26.580556,-52.496111,plant,reference,,,SLOEST-SC138
276,PCHSC037315,SmallHydro,SUL,1.5,-27.200833,-52.733611,plant,reference,,,CHAPSA-SC138
277,PCHSC037406,SmallHydro,SUL,1.0,-27.281944,-49.375556,plant,reference,,,VIDALR-SC138
278,PCHSC037420,SmallHydro,SUL,0.702,-27.273261,-51.932406,plant,reference,,,CONCSC-SC138
279,PCHSC037678,SmallHydro,SUL,1.25,-27.467778,-49.877222,plant,reference,,,TROMCE-SC138
280,PCHSC038153,SmallHydro,SUL,3.358,-27.195811,-50.632831,plant,reference,,,CURITI-SC138
281,PCHSC038154,SmallHydro,SUL,1.8,-27.204444,-50.634444,plant,reference,,,CURITI-SC138
282,PCHSC038207,SmallHydro,SUL,1.042,-26.785939,-49.427110,plant,reference,,,CODESA-SC138
283,PCHSC040764,SmallHydro,SUL,1.008,-26.419708,-49.335092,plant,reference,,,GUARAM-SC138
284,PCHSC040776,SmallHydro,SUL,3.0,-27.178901,-52.749704,plant,reference,,,CHAPE2-SC138
285,PCHSC040849,SmallHydro,SUL,3.0,-27.121111,-51.991389,plant,reference,,,CONCSC-SC138
286,PCHSC043184,SmallHydro,SUL,3.3,-27.371956,-49.241886,plant,reference,,,STPAULPCH023
287,PCHSC044298,SmallHydro,SUL,0.513,-28.046592,-48.951917,plant,reference,,,GRAVAT-SC069
288,PCHSC044805,SmallHydro,SUL,4.95,-27.500681,-49.060511,plant,siga:Operação,CGH.PH.SC.044805-2.1,Angelina - SC,FARTURPCH034
289,PCHSC044841,SmallHydro,SUL,1.01,-27.303611,-51.903611,plant,reference,,,CONCSC-SC138
290,PCHSC045158,SmallHydro,SUL,1.2,-27.105728,-52.171661,plant,reference,,,ARABUT-SC069
291,PCHSC046694,SmallHydro,SUL,2.4,-27.581667,-48.731667,plant,reference,,,PACNOV-SC138
292,PCHSC046897,SmallHydro,SUL,2.2,-27.357183,-49.219531,plant,siga:Operação,CGH.PH.SC.046897-5.1,Leoberto Leal - SC,VIDALR-SC138
293,PCHSC047223,SmallHydro,SUL,0.486,-26.993333,-52.452222,plant,reference,,,XANXER-SC138
294,PCHSC055262,SmallHydro,SUL,1.62,-26.765278,-49.400278,plant,reference,,,CODESA-SC138
948,EOLPR027908,Wind,SUL,2.5,-26.578127,-51.700380,plant,reference,,,PALMASEOL013
1228,EOLRS028712,Wind,SUL,70.0,-30.079059,-50.172056,plant,reference,,,CIDREIEOL034
1229,EOLRS028810,Wind,SUL,50.0,-29.963092,-50.282572,plant,reference,,,OSORIOEOL034
1230,EOLRS028811,Wind,SUL,50.0,-29.932446,-50.298431,plant,reference,,,SANGRAEOL034
1231,EOLRS028855,Wind,SUL,9.2,-30.457961,-50.390640,plant,reference,,,PALMA-EOL034
1232,EOLRS028864,Wind,SUL,50.0,-29.991452,-50.287964,plant,reference,,,INDIOSEOL034
1233,EOLRS030286,Wind,SUL,27.6,-29.944538,-50.251597,plant,reference,,,OSOR23EOL034
1234,EOLRS030330,Wind,SUL,27.6,-29.959532,-50.311392,plant,reference,,,SANG23EOL034
1235,EOLRS030334,Wind,SUL,16.1,-30.452480,-50.422641,plant,reference,,,FROS2-EOL013
1236,EOLRS030343,Wind,SUL,9.2,-30.446884,-50.388826,plant,reference,,,FROS1-EOL034
1237,EOLRS030348,Wind,SUL,30.0,-30.840661,-55.725111,plant,reference,,,CERCH1EOL034
1238,EOLRS030349,Wind,SUL,30.0,-30.848473,-55.685552,plant,reference,,,CERCH2EOL034
1239,EOLRS030350,Wind,SUL,30.0,-30.801842,-55.714248,plant,reference,,,CERCH3EOL034
1240,EOLRS030381,Wind,SUL,29.9,-29.912049,-50.282331,plant,reference,,,SANG23EOL034
1241,EOLRS030449,Wind,SUL,29.9,-29.981480,-50.254944,plant,reference,,,OSOR23EOL034
1242,EOLRS030457,Wind,SUL,30.0,-30.318801,-50.316096,plant,reference,,,ATLANTEOL034
1243,EOLRS030460,Wind,SUL,11.2,-30.277877,-50.797770,plant,reference,,,PONT2BEOL034
1244,EOLRS030461,Wind,SUL,30.0,-30.291890,-50.335013,plant,reference,,,ATLANTEOL034
1245,EOLRS030462,Wind,SUL,30.0,-30.326528,-50.323379,plant,reference,,,ATLANTEOL034
1246,EOLRS030468,Wind,SUL,22.0,-32.200784,-52.220878,plant,reference,,,REBCASEOL034
1247,EOLRS030469,Wind,SUL,22.0,-32.218813,-52.201823,plant,reference,,,REBCASEOL034
1248,EOLRS030477,Wind,SUL,20.0,-32.210319,-52.211447,plant,reference,,,REBCASEOL034
1249,EOLRS030478,Wind,SUL,23.0,-30.439761,-50.405286,plant,reference,,,FROS3-EOL013
1250,EOLRS030480,Wind,SUL,30.0,-30.291516,-50.305012,plant,reference,,,ATLANTEOL034
1251,EOLRS030734,Wind,SUL,29.9,-30.019412,-50.336185,plant,reference,,,INDI23EOL034
1252,EOLRS030740,Wind,SUL,18.0,-33.543068,-53.276881,plant,reference,,,GERIB2EOL034
1253,EOLRS030741,Wind,SUL,30.0,-33.551707,-53.227290,plant,reference,,,GERIB1EOL034
1254,EOLRS030742,Wind,SUL,20.0,-33.508733,-53.283203,plant,reference,,,GERIB1EOL034
1255,EOLRS030745,Wind,SUL,20.0,-33.501720,-53.264338,plant,reference,,,GERIB1EOL034
1256,EOLRS030746,Wind,SUL,26.0,-33.522147,-53.279002,plant,reference,,,GERIB1EOL034
1257,EOLRS030747,Wind,SUL,30.0,-33.566806,-53.245999,plant,reference,,,GERIB2EOL034
1258,EOLRS030748,Wind,SUL,30.0,-33.576712,-53.295291,plant,reference,,,GERIB2EOL034
1259,EOLRS030749,Wind,SUL,28.0,-33.591297,-53.271608,plant,reference,,,GERIB2EOL034
1260,EOLRS030750,Wind,SUL,25.2,-30.770889,-55.662925,plant,reference,,,IBIRAPEOL034
1261,EOLRS030754,Wind,SUL,22.0,-33.664697,-53.416428,plant,reference,,,COLCHUEOL034
1262,EOLRS030755,Wind,SUL,26.0,-33.553017,-53.310753,plant,reference,,,GERIB2EOL034
1263,EOLRS030760,Wind,SUL,30.0,-33.668124,-53.421838,plant,reference,,,COLCHUEOL034
1264,EOLRS030767,Wind,SUL,24.0,-33.656518,-53.393571,plant,reference,,,COLCHUEOL034
1265,EOLRS030790,Wind,SUL,22.0,-33.659443,-53.400286,plant,reference,,,COLCHUEOL034
1266,EOLRS030791,Wind,SUL,24.0,-33.717374,-53.416703,plant,reference,,,COLCHUEOL034
1267,EOLRS030819,Wind,SUL,27.0,-32.412693,-52.355465,plant,reference,,,SENANDEOL034
1268,EOLRS030829,Wind,SUL,30.0,-33.535703,-53.301204,plant,reference,,,GERIB1EOL034
1269,EOLRS030833,Wind,SUL,29.7,-32.414522,-52.372908,plant,reference,,,SENANDEOL034
1270,EOLRS030840,Wind,SUL,29.7,-32.368867,-52.342000,plant,reference,,,SENANDEOL034
1271,EOLRS030842,Wind,SUL,21.6,-32.386208,-52.327000,plant,reference,,,SENANDEOL034
1272,EOLRS030844,Wind,SUL,22.0,-33.722806,-53.399002,plant,reference,,,COLCHUEOL034
1273,EOLRS030894,Wind,SUL,23.0,-29.983063,-50.332401,plant,reference,,,INDI23EOL034
1274,EOLRS030901,Wind,SUL,27.0,-30.256059,-50.766132,plant,reference,,,PO2A3BEOL034
1275,EOLRS031302,Wind,SUL,31.7,-29.772758,-50.080106,plant,reference,,,XANGRIEOL034
1276,EOLRS031477,Wind,SUL,8.0,-30.880728,-55.676541,plant,reference,,,GALPOEEOL034
1277,EOLRS031487,Wind,SUL,30.0,-30.887969,-55.735225,plant,reference,,,COXSECEOL034
1278,EOLRS031509,Wind,SUL,21.6,-30.264848,-50.783383,plant,reference,,,PO2A3BEOL034
1279,EOLRS031510,Wind,SUL,10.0,-30.916296,-55.708436,plant,reference,,,CINGLEEOL034
1280,EOLRS031517,Wind,SUL,17.9,-33.687520,-53.380977,plant,reference,,,CHUI9-EOL034
1281,EOLRS031539,Wind,SUL,12.53,-33.585076,-53.359255,plant,reference,,,HERMENEOL034
1282,EOLRS031541,Wind,SUL,7.16,-33.639855,-53.325061,plant,reference,,,HERMENEOL034
1283,EOLRS031557,Wind,SUL,17.9,-33.618187,-53.357229,plant,reference,,,HERMENEOL034
1284,EOLRS031558,Wind,SUL,8.95,-33.607160,-53.324821,plant,reference,,,HERMENEOL034
1285,EOLRS031559,Wind,SUL,14.32,-33.653483,-53.304073,plant,reference,,,HERMENEOL034
1286,EOLRS031561,Wind,SUL,19.69,-33.638749,-53.309389,plant,reference,,,HERMENEOL034
1287,EOLRS031578,Wind,SUL,12.53,-33.634033,-53.353379,plant,reference,,,HERMENEOL034
1288,EOLRS031600,Wind,SUL,16.11,-33.654306,-53.323719,plant,reference,,,HERMENEOL034
1289,EOLRS031601,Wind,SUL,14.32,-33.562492,-53.352633,plant,reference,,,HERMENEOL034
1290,EOLRS031602,Wind,SUL,17.9,-33.609944,-53.344106,plant,reference,,,HERMENEOL034
1291,EOLRS031610,Wind,SUL,21.48,-33.596055,-53.367692,plant,reference,,,HERMENEOL034
1292,EOLRS031646,Wind,SUL,15.0,-33.118461,-52.900035,plant,reference,,,MARM2BEOL034
1293,EOLRS031647,Wind,SUL,18.0,-33.163351,-52.893701,plant,reference,,,MARM2AEOL034
1294,EOLRS031653,Wind,SUL,15.0,-33.107463,-52.870545,plant,reference,,,MARM2BEOL034
1295,EOLRS031663,Wind,SUL,15.0,-33.207806,-52.929759,plant,reference,,,MARM2AEOL034
1296,EOLRS031696,Wind,SUL,27.0,-33.061162,-52.868237,plant,reference,,,MARM2CEOL034
1297,EOLRS031699,Wind,SUL,9.0,-33.087135,-52.895697,plant,reference,,,MARM2BEOL034
1298,EOLRS031700,Wind,SUL,21.0,-33.083946,-52.837630,plant,reference,,,MARM2CEOL034
1299,EOLRS031701,Wind,SUL,9.0,-33.098466,-52.861922,plant,reference,,,MARM2BEOL034
1300,EOLRS031705,Wind,SUL,15.0,-33.095069,-52.843519,plant,reference,,,MARM2CEOL034
1301,EOLRS031719,Wind,SUL,9.0,-33.176176,-52.920690,plant,reference,,,MARM2AEOL034
1302,EOLRS031805,Wind,SUL,24.0,-33.189584,-52.930164,plant,reference,,,MARM2AEOL034
1303,EOLRS031806,Wind,SUL,30.0,-33.138043,-52.912052,plant,reference,,,MARM2AEOL034
1304,EOLSC028674,Wind,SUL,4.8,-26.600000,-52.716700,plant,reference,,,CATAND-SC138
1305,EOLSC028793,Wind,SUL,9.0,-26.583919,-51.687587,plant,reference,,,PALMASEOL013
1306,EOLSC029051,Wind,SUL,30.0,-28.471001,-49.605034,plant,reference,,,BOMJAREOL034
1307,EOLSC029052,Wind,SUL,30.0,-26.584831,-51.753170,plant,reference,,,ADOCE-EOL034
1308,EOLSC029053,Wind,SUL,3.0,-28.455147,-49.598367,plant,reference,,,BOMJAREOL034
1309,EOLSC029054,Wind,SUL,6.0,-26.588940,-51.742745,plant,reference,,,ADOCE-EOL034
1310,EOLSC029055,Wind,SUL,30.0,-28.446426,-49.607579,plant,reference,,,BOMJAREOL034
1311,EOLSC029056,Wind,SUL,30.0,-26.588562,-51.813800,plant,reference,,,ADOCE-EOL034
1312,EOLSC029062,Wind,SUL,30.0,-28.440258,-49.570307,plant,reference,,,BOMJAREOL034
1313,EOLSC029065,Wind,SUL,10.5,-26.612264,-51.740138,plant,reference,,,ADOCE-EOL034
1314,EOLSC029069,Wind,SUL,22.5,-26.618266,-51.564595,plant,reference,,,ADOCE-EOL034
1315,EOLSC029070,Wind,SUL,30.0,-26.599387,-51.725472,plant,reference,,,ADOCE-EOL034
1316,EOLSC032016,Wind,SUL,2.099,-28.480925,-49.037159,plant,reference,,,TUBARA-SC069
1317,EOLSC050783,Wind,SUL,4.2,-28.443670,-48.976270,plant,reference,,,TUBARA-SC069
1517,PCHPR000122,SmallHydro,SUL,10.0,-23.749747,-50.907925,plant,reference,,,APUCARPCH034
1518,PCHPR000273,SmallHydro,SUL,24.0,-24.941111,-51.384167,plant,reference,,,BVIST2PCH013
1519,PCHPR000729,SmallHydro,SUL,1.3,-25.493611,-52.212778,plant,reference,,,CURITI-PR230
1520,PCHPR000753,SmallHydro,SUL,18.0,-25.820309,-49.065070,plant,reference,,,CHAMINPCH013
1521,PCHPR001278,SmallHydro,SUL,29.072,-25.572752,-53.112910,plant,reference,,,FCHOPI-PR138
1522,PCHPR002028,SmallHydro,SUL,16.2,-24.787500,-51.430000,plant,reference,,,PEDR1-PCH013
1523,PCHPR002046,SmallHydro,SUL,12.44,-24.133288,-49.643929,plant,reference,,,PESQUEPCH006
1524,PCHPR002398,SmallHydro,SUL,6.5,-25.765803,-52.088435,plant,reference,,,CSEGREPCH034
1525,PCHPR027153,SmallHydro,SUL,2.3,-25.019977,-50.061924,plant,reference,,,ALEGR2-RS069
1526,PCHPR027549,SmallHydro,SUL,5.28,-25.997081,-52.785434,plant,reference,,,CURITI-PR230
1527,PCHPR027879,SmallHydro,SUL,15.12,-24.087039,-52.300244,plant,reference,,,SNATA-PCH013
1528,PCHPR028747,SmallHydro,SUL,14.0,-24.733056,-53.892778,plant,reference,,,SFRANCPCH034
1529,PCHPR028782,SmallHydro,SUL,23.0,-25.000561,-48.622751,plant,reference,,,NHORIZPCH013
1530,PCHPR028846,SmallHydro,SUL,2.475,-25.708611,-51.998056,plant,reference,,,CSEGREPCH034
1531,PCHPR028921,SmallHydro,SUL,14.0,-24.694647,-51.519291,plant,reference,,,CURITI-PR230
1532,PCHPR028998,SmallHydro,SUL,29.5,-26.093172,-51.877828,plant,reference,,,FESTREPCH013
1533,PCHPR029068,SmallHydro,SUL,27.435,-24.918889,-51.408639,plant,siga:Operação,PCH.PH.PR.029068-8.1,"Prudentópolis - PR, Turvo - PR",CONFLUPCH013
1534,PCHPR029180,SmallHydro,SUL,19.807,-24.747902,-52.468493,plant,reference,,,CANTU2PCH006
1535,PCHPR029222,SmallHydro,SUL,9.0,-26.053194,-52.180217,plant,reference,,,CSEGREPCH034
1536,PCHPR029411,SmallHydro,SUL,5.0,-25.973889,-52.151111,plant,reference,,,COVO--PCH013
1537,PCHPR029576,SmallHydro,SUL,29.81,-25.806944,-52.898611,plant,reference,,,BVISTAPCH013
1538,PCHPR029686,SmallHydro,SUL,4.2,-22.986425,-51.824375,plant,reference,,,SBANDEPCH013
1539,PCHPR030458,SmallHydro,SUL,19.008,-25.488056,-52.215556,plant,reference,,,CAVERNPCH034
1540,PCHPR030836,SmallHydro,SUL,3.7,-24.419167,-54.027778,plant,reference,,,HERVAL-SC138
1541,PCHPR032511,SmallHydro,SUL,10.0,-25.981059,-52.216972,plant,reference,,,CANHADPCH013
1542,PCHPR032513,SmallHydro,SUL,4.0,-24.737397,-50.118822,plant,reference,,,CASTROPCH013
1543,PCHPR033975,SmallHydro,SUL,30.0,-25.176667,-50.940278,plant,reference,,,DOISSAPCH013
1544,PCHPR034015,SmallHydro,SUL,4.0,-23.995305,-52.232389,plant,reference,,,OURBRAUTE006
1545,PCHPR034094,SmallHydro,SUL,5.6,-26.039233,-52.932758,plant,reference,,,CURITI-PR230
1546,PCHPR034241,SmallHydro,SUL,6.0,-25.425083,-52.086945,plant,reference,,,CAVER4PCH013
1547,PCHPR034438,SmallHydro,SUL,8.4,-24.721850,-50.134378,plant,reference,,,PULO--PCH013
1548,PCHPR035006,SmallHydro,SUL,9.9,-24.072222,-49.624167,plant,reference,,,MACACOPCH034
1549,PCHPR035340,SmallHydro,SUL,9.85,-24.637578,-53.102642,plant,reference,,,FSALTOPCH034
1550,PCHPR035800,SmallHydro,SUL,18.0,-26.037950,-52.176361,plant,reference,,,AREIA--PR138
1551,PCHPR035801,SmallHydro,SUL,5.5,-26.005439,-52.183497,plant,reference,,,CSEGREPCH034
1552,PCHPR036914,SmallHydro,SUL,6.6,-25.523383,-51.783344,plant,reference,,,CURITI-PR230
1553,PCHPR037314,SmallHydro,SUL,6.5,-25.479072,-52.192642,plant,siga:Operação,PCH.PH.PR.037314-1.1,"Candói - PR, Cantagalo - PR, Virmond - PR",CAVER3PCH013
1554,PCHPR037573,SmallHydro,SUL,3.0,-25.616128,-53.081856,plant,reference,,,CURITI-PR230
1555,PCHPR037757,SmallHydro,SUL,6.0,-26.091328,-52.955889,plant,reference,,,CURITI-PR230
1556,PCHPR037822,SmallHydro,SUL,5.67,-26.060667,-52.924417,plant,reference,,,VGALUPPCH006
1591,PCHRS000654,SmallHydro,SUL,4.47,-28.351020,-52.214237,plant,reference,,,CAPIGUPCH013
1592,PCHRS000735,SmallHydro,SUL,9.1,-29.020636,-50.730850,plant,reference,,,CAZFERPCH013
1593,PCHRS000797,SmallHydro,SUL,1.12,-28.629426,-52.935631,plant,reference,,,CURITI-PR230
1594,PCHRS000877,SmallHydro,SUL,3.34,-28.671769,-52.726249,plant,reference,,,N.PRAT-RS230
1595,PCHRS000898,SmallHydro,SUL,4.96,-28.555808,-52.545561,plant,reference,,,USISMTPCH013
1596,PCHRS000976,SmallHydro,SUL,1.118,-27.659365,-51.748249,plant,reference,,,CURITI-PR230
1597,PCHRS001009,SmallHydro,SUL,9.8,-29.365278,-54.503889,plant,reference,,,FSEGREPCH013
1598,PCHRS001076,SmallHydro,SUL,1.76,-27.765274,-53.557757,plant,reference,,,PCHS-GPCH013
1599,PCHRS001085,SmallHydro,SUL,1.52,-29.501023,-51.002482,plant,siga:Operação,CGH.PH.RS.001085-5.1,Santa Maria do Herval - RS,CURITI-PR230
1600,PCHRS001433,SmallHydro,SUL,2.88,-28.102953,-53.014928,plant,reference,,,CURITI-PR230
1601,PCHRS001998,SmallHydro,SUL,1.49,-29.270061,-50.754628,plant,reference,,,CURITI-PR230
1602,PCHRS001999,SmallHydro,SUL,30.0,-28.806390,-50.613017,plant,reference,,,P.MEI-UHE013
1603,PCHRS026730,SmallHydro,SUL,1.528,-27.770556,-54.389111,plant,reference,,,CURITI-PR230
1604,PCHRS027405,SmallHydro,SUL,1.118,-28.442266,-54.289259,plant,reference,,,CURITI-PR230
1605,PCHRS027713,SmallHydro,SUL,6.08,-29.079848,-52.209626,plant,reference,,,CURITI-PR230
1606,PCHRS027876,SmallHydro,SUL,19.5,-28.940691,-51.773357,plant,reference,,,LEMILIPCH013
1607,PCHRS027877,SmallHydro,SUL,19.5,-28.962830,-51.757734,plant,reference,,,COTIPOPCH013
1608,PCHRS027878,SmallHydro,SUL,22.5,-28.705921,-51.850793,plant,reference,,,CACADOPCH013
1609,PCHRS027885,SmallHydro,SUL,9.2,-27.561118,-53.578857,plant,reference,,,FERRADPCH013
1610,PCHRS028030,SmallHydro,SUL,9.0,-27.622091,-53.803828,plant,reference,,,CURITI-PR230
1611,PCHRS028231,SmallHydro,SUL,14.335,-28.291931,-53.877428,plant,reference,,,L3LESTPCH013
1612,PCHRS028430,SmallHydro,SUL,22.2,-27.788628,-51.347751,plant,reference,,,PFI---PCH013
1613,PCHRS028431,SmallHydro,SUL,15.0,-27.738445,-51.313436,plant,reference,,,PFI---PCH013
1614,PCHRS028715,SmallHydro,SUL,28.0,-28.936549,-51.465321,plant,reference,,,JARARAPCH013
1615,PCHRS028725,SmallHydro,SUL,26.0,-28.891438,-51.455876,plant,reference,,,DA-ILHPCH013
1616,PCHRS028967,SmallHydro,SUL,16.75,-27.575448,-53.789123,plant,reference,,,GUARIT-RS069
1617,PCHRS028968,SmallHydro,SUL,16.0,-27.637470,-51.489846,plant,reference,,,OURO--PCH013
1618,PCHRS028969,SmallHydro,SUL,11.84,-27.544625,-53.806892,plant,reference,,,CURITI-PR230
1619,PCHRS028988,SmallHydro,SUL,19.0,-28.792511,-50.565393,plant,reference,,,PEZZI-PCH013
1620,PCHRS029001,SmallHydro,SUL,24.165,-28.896014,-50.811950,plant,reference,,,PALANQPCH013
1621,PCHRS029002,SmallHydro,SUL,23.949,-28.964385,-50.798975,plant,reference,,,CRIUV-PCH013
1622,PCHRS029067,SmallHydro,SUL,16.0,-28.774722,-51.843056,plant,reference,,,SAOPA-PCH013
1623,PCHRS029071,SmallHydro,SUL,24.0,-28.828236,-51.842161,plant,reference,,,AUTODRPCH013
1624,PCHRS029077,SmallHydro,SUL,2.2,-29.036329,-51.094402,plant,reference,,,STERE-UTE013
1625,PCHRS029245,SmallHydro,SUL,17.87,-29.122216,-53.366177,plant,reference,,,DREHERPCH013
1626,PCHRS029246,SmallHydro,SUL,13.0,-29.128507,-53.319846,plant,reference,,,E.KOTZPCH013
1627,PCHRS029514,SmallHydro,SUL,3.0,-27.502714,-52.811495,plant,reference,,,CURITI-PR230
1628,PCHRS029714,SmallHydro,SUL,1.5,-29.236959,-51.156301,plant,reference,,,CURITI-PR230
1629,PCHRS029725,SmallHydro,SUL,13.7,-27.770833,-51.333333,plant,reference,,,CURITI-PR230
1630,PCHRS030057,SmallHydro,SUL,8.0,-27.281220,-52.794726,plant,reference,,,CHAPSA-SC138
1631,PCHRS030064,SmallHydro,SUL,8.82,-27.441222,-53.561167,plant,reference,,,CURITI-PR230
1632,PCHRS030287,SmallHydro,SUL,7.02,-29.052222,-52.218611,plant,reference,,,CURITI-PR230
1633,PCHRS030337,SmallHydro,SUL,29.025,-28.791842,-50.746476,plant,reference,,,S.CAV2PCH013
1634,PCHRS030525,SmallHydro,SUL,5.982,-28.312120,-53.896041,plant,reference,,,PCH155-RS013
1635,PCHRS030723,SmallHydro,SUL,5.25,-28.614653,-51.402906,plant,siga:Operação,PCH.PH.RS.030723-8.1,"André da Rocha - RS, Muitos Capões - RS",STACARPCH013
1636,PCHRS030887,SmallHydro,SUL,9.0,-28.560789,-51.406997,plant,reference,,,JARDIMPCH006
1637,PCHRS030950,SmallHydro,SUL,9.8,-28.559100,-51.310900,plant,reference,,,MORROGPCH006
1638,PCHRS031030,SmallHydro,SUL,15.288,-29.418889,-54.049167,plant,reference,,,CINVEAPCH006
1639,PCHRS031035,SmallHydro,SUL,22.36,-29.364085,-54.013538,plant,reference,,,QUEBRDPCH006
1640,PCHRS031049,SmallHydro,SUL,0.207,-29.411667,-54.000000,plant,reference,,,SGUASSPCH006
1641,PCHRS031324,SmallHydro,SUL,25.0,-28.795695,-50.729668,plant,reference,,,S.CAV1PCH013
1642,PCHRS031956,SmallHydro,SUL,10.0,-28.421075,-54.298039,plant,reference,,,RINCAOPCH013
1643,PCHRS034057,SmallHydro,SUL,13.0,-27.614361,-51.749889,plant,reference,,,FORQIVPCH006
1644,PCHRS035481,SmallHydro,SUL,11.825,-28.597975,-51.399161,plant,siga:Operação,PCH.PH.RS.035481-3.1,"André da Rocha - RS, Muitos Capões - RS",CHIMARPCH013
1645,PCHRS037300,SmallHydro,SUL,7.9,-28.370492,-53.879020,plant,reference,,,SEDEIIPCH006
1646,PCHRS037469,SmallHydro,SUL,9.8,-28.590278,-52.581667,plant,siga:Operação,PCH.PH.RS.037469-5.1,Tio Hugo - RS,TIOHUGPCH013
1647,PCHSC000659,SmallHydro,SUL,18.09,-28.107778,-48.959722,plant,reference,,,VEVALEPCH034
1648,PCHSC000742,SmallHydro,SUL,13.916,-26.759094,-52.258117,plant,reference,,,CELSORPCH023
1649,PCHSC002133,SmallHydro,SUL,26.27,-27.456192,-48.983902,plant,reference,,,ANGELIPCH013
1650,PCHSC002173,SmallHydro,SUL,1.8,-26.748428,-52.407631,plant,reference,,,CURITI-PR230
1651,PCHSC002673,SmallHydro,SUL,10.636,-26.699444,-51.824444,plant,reference,,,STOANTPCH034
1652,PCHSC003047,SmallHydro,SUL,8.2,-26.788177,-52.503618,plant,reference,,,CURITI-PR230
1653,PCHSC027972,SmallHydro,SUL,15.0,-26.767166,-52.317888,plant,reference,,,STALAUPCH013
1654,PCHSC028748,SmallHydro,SUL,21.0,-27.012222,-52.427222,plant,reference,,,ALTOIRPCH013
1655,PCHSC028754,SmallHydro,SUL,16.0,-26.957903,-52.340464,plant,reference,,,PLANOAPCH013
1656,PCHSC028755,SmallHydro,SUL,13.0,-27.058685,-52.470566,plant,reference,,,UARVORPCH013
1657,PCHSC028801,SmallHydro,SUL,30.0,-26.577778,-52.496111,plant,reference,,,LUDESAPCH013
1658,PCHSC028802,SmallHydro,SUL,15.0,-26.773595,-49.432882,plant,reference,,,ALTOBEPCH013
1659,PCHSC028831,SmallHydro,SUL,6.7,-26.662797,-53.655766,plant,reference,,,STFLORPCH023
1660,PCHSC028844,SmallHydro,SUL,6.7,-28.012778,-49.123056,plant,reference,,,VEVALEPCH034
1661,PCHSC028852,SmallHydro,SUL,16.5,-26.788409,-53.394356,plant,reference,,,FSERTAPCH013
1662,PCHSC028931,SmallHydro,SUL,1.88,-26.757445,-49.454209,plant,reference,,,TIMBO--SC138
1663,PCHSC029049,SmallHydro,SUL,21.0,-27.037222,-49.570833,plant,reference,,,UIBIRAPCH006
1664,PCHSC029072,SmallHydro,SUL,25.0,-26.703333,-51.918611,plant,reference,,,PASSOMPCH013
1665,PCHSC029120,SmallHydro,SUL,6.0,-26.462222,-53.315833,plant,reference,,,RONCADPCH013
1666,PCHSC029137,SmallHydro,SUL,2.5,-28.670000,-52.860000,bus-proxy,bus:TAPERA-RS230,,,TAPERA-RS230
1667,PCHSC029139,SmallHydro,SUL,4.1,-28.041389,-49.128333,plant,reference,,,VEVALEPCH034
1668,PCHSC029140,SmallHydro,SUL,6.85,-28.124326,-49.133249,plant,reference,,,VEVALEPCH034
1669,PCHSC029141,SmallHydro,SUL,15.15,-28.081069,-49.148729,plant,reference,,,UBCHAPPCH013
1670,PCHSC029159,SmallHydro,SUL,14.68,-27.110556,-52.480556,plant,reference,,,RODEIOPCH006
1671,PCHSC029163,SmallHydro,SUL,5.8,-26.676139,-51.753113,plant,reference,,,PALMASPCH013
1672,PCHSC029165,SmallHydro,SUL,5.6,-26.674930,-51.715785,plant,reference,,,PALMASPCH013
1673,PCHSC029332,SmallHydro,SUL,19.0,-27.717203,-50.657471,plant,reference,,,J.BORGPCH034
1674,PCHSC029560,SmallHydro,SUL,2.25,-26.899583,-53.029583,plant,reference,,,PINHAL-SC138
1675,PCHSC029652,SmallHydro,SUL,28.5,-26.611161,-52.534236,plant,reference,,,SLUZIAPCH013
1676,PCHSC029710,SmallHydro,SUL,2.448,-27.323333,-49.026667,plant,reference,,,RALTBRPCH023
1677,PCHSC029712,SmallHydro,SUL,3.699,-27.318889,-49.043333,plant,reference,,,RALTBRPCH023
1678,PCHSC029778,SmallHydro,SUL,6.304,-27.498333,-49.035278,plant,reference,,,SAN.ANPCH034
1679,PCHSC030091,SmallHydro,SUL,3.6,-26.837192,-53.663450,plant,reference,,,VMARIA-RS138
1680,PCHSC030093,SmallHydro,SUL,3.0,-26.762500,-53.665556,plant,reference,,,RIOFLOPCH023
1681,PCHSC030123,SmallHydro,SUL,10.0,-26.448521,-50.988647,plant,reference,,,CURITI-PR230
1682,PCHSC030183,SmallHydro,SUL,4.0,-26.758889,-52.385442,plant,reference,,,XANXER-SC138
1683,PCHSC030263,SmallHydro,SUL,6.075,-26.979444,-52.379444,plant,reference,,,CURITI-PR230
1684,PCHSC030338,SmallHydro,SUL,20.0,-27.103611,-51.282222,plant,reference,,,SGOES-PCH013
1685,PCHSC030353,SmallHydro,SUL,2.89,-26.756964,-49.453602,plant,reference,,,TIMBO--SC138
1686,PCHSC030379,SmallHydro,SUL,8.7,-26.710833,-53.391667,plant,reference,,,SJORGEPCH023
1687,PCHSC030382,SmallHydro,SUL,9.6,-26.682475,-52.045561,plant,reference,,,CURITI-PR230
1688,PCHSC030526,SmallHydro,SUL,9.9,-27.399553,-49.032509,plant,reference,,,SSEBASPCH023
1689,PCHSC030575,SmallHydro,SUL,5.6,-26.678611,-51.780556,plant,reference,,,DASPEDPCH013
1690,PCHSC030681,SmallHydro,SUL,3.2,-26.790000,-49.420000,bus-proxy,bus:CODESA-SC138,,,CODESA-SC138
1691,PCHSC031040,SmallHydro,SUL,3.9,-27.525004,-51.507679,plant,reference,,,CAPINZ-SC069
1692,PCHSC031059,SmallHydro,SUL,6.5,-26.577778,-53.433611,plant,reference,,,G.BCA-PCH023
1693,PCHSC031208,SmallHydro,SUL,8.94,-27.014174,-50.161423,plant,reference,,,RUDOLFPCH013
1694,PCHSC031598,SmallHydro,SUL,22.6,-27.460000,-50.519722,plant,reference,,,ADOPOPPCH013
1695,PCHSC032162,SmallHydro,SUL,3.57,-27.299577,-51.552723,plant,reference,,,CRLEAOPCH006
1696,PCHSC032516,SmallHydro,SUL,4.6,-26.853333,-52.900278,plant,reference,,,PINHAL-SC138
1697,PCHSC032879,SmallHydro,SUL,9.965,-27.120000,-51.406667,plant,reference,,,LIRICAPCH013
1698,PCHSC033228,SmallHydro,SUL,4.1,-26.772222,-52.033889,plant,reference,,,FAXINA-SC069
1699,PCHSC033599,SmallHydro,SUL,5.6,-26.783792,-49.416854,plant,reference,,,CODESA-SC138
1700,PCHSC033762,SmallHydro,SUL,15.2,-27.302914,-51.572908,plant,siga:Operação,PCH.PH.SC.033762-5.1,"Campos Novos - SC, Lacerdópolis - SC",SCARLOPCH013
1701,PCHSC034743,SmallHydro,SUL,3.3,-26.692889,-52.900806,plant,reference,,,BARRINPCH013
1702,PCHSC035120,SmallHydro,SUL,4.5,-26.757259,-52.907794,plant,reference,,,PINHAL-SC138
1703,PCHSC035155,SmallHydro,SUL,8.5,-26.954567,-52.300989,plant,reference,,,BAGUASPCH013
1704,PCHSC035496,SmallHydro,SUL,22.5,-26.781508,-49.400383,plant,siga:Operação,PCH.PH.SC.035496-1.1,Benedito Novo - SC,ASERRAPCH013
1705,PCHSC035753,SmallHydro,SUL,11.7,-26.302183,-49.152886,plant,reference,,,ITAP2APCH034
1706,PCHSC035764,SmallHydro,SUL,24.0,-27.532308,-51.423378,plant,reference,,,TUPIT-PCH013
2073,UFVRS046252,Solar,SUL,0.729,-27.687694,-53.307333,plant,reference,,,JLACEB-SC230
2074,UFVRS046531,Solar,SUL,0.561,-27.365939,-53.193536,plant,reference,,,CURITI-PR230
2075,UFVRS046740,Solar,SUL,0.379,-27.357456,-53.196986,plant,reference,,,GUARAP-PR138
2076,UFVRS046811,Solar,SUL,1.87,-29.183333,-51.283333,plant,reference,,,XANXER-SC138
2077,UFVRS046921,Solar,SUL,0.718,-27.356436,-53.188931,plant,reference,,,CURITI-PR230
2078,UFVRS056750,Solar,SUL,0.3,-29.449417,-51.353023,plant,siga:Operação,UFV.RS.RS.056750-7.1,Bom Princípio - RS,CAXIAN-RS525
2079,UFVRS060668,Solar,SUL,3.31,-27.608353,-53.162014,plant,reference,,,JAGUAR-SC069
2080,UFVRS066994,Solar,SUL,0.9,-29.752522,-52.426739,plant,siga:Operação,UFV.RS.RS.066994-6.1,Santa Cruz do Sul - RS,N.S.RI-RS525
2081,UFVRS067994,Solar,SUL,0.5,-29.122500,-51.186667,plant,siga:Operação,UFV.RS.RS.067994-1.1,Caxias do Sul - RS,CAXIAN-RS525
2082,UFVRS071325,Solar,SUL,0.75,-27.475194,-53.189500,plant,reference,,,CURITI-PR230
2083,UFVRS071626,Solar,SUL,0.275,-28.383889,-52.704444,plant,siga:Operação,UFV.RS.RS.071626-0.1,Santo Antônio do Planalto - RS,CHAES3-RS069
2084,UFVRS071671,Solar,SUL,0.6,-30.002500,-50.718056,plant,siga:Operação,UFV.RS.RS.071671-5.1,Bom Jesus - RS,GRAVAT-RS525
2085,UFVRS072136,Solar,SUL,1.0,-29.172633,-51.283405,plant,siga:Operação,UFV.RS.RS.072136-0.1,Farroupilha - RS,CAXIAN-RS525
2086,UFVRS072684,Solar,SUL,0.375,-29.985807,-54.000050,plant,siga:Operação,UFV.RS.RS.072684-2.1,Santa Maria - RS,N.S.RI-RS525
2087,UFVSC031430,Solar,SUL,3.068,-28.447778,-48.974722,plant,reference,,,TUBARA-SC069
2088,UFVSC031635,Solar,SUL,0.93,-27.577900,-48.508170,plant,reference,,,TRINDA-SC138
2089,UFVSC045493,Solar,SUL,1.0,-27.058194,-52.784586,plant,reference,,,CHAPE2-SC138
2090,UFVSC046484,Solar,SUL,0.558,-26.282045,-49.367664,plant,reference,,,LUCIA1PCH013
2091,UFVSC049225,Solar,SUL,1.245,-27.592222,-48.681111,plant,siga:Operação,UFV.RS.SC.049225-6.1,São José - SC,ROCADO-SC138
2092,UFVSC060665,Solar,SUL,0.147,-26.945000,-52.948056,plant,siga:Operação,UFV.RS.SC.060665-0.1,Xaxim - SC,ITA----SC525
2093,UFVSC064476,Solar,SUL,0.675,-27.181667,-49.597222,plant,siga:Operação,UFV.RS.SC.064476-5.1,Rio do Sul - SC,RIOSU2-SC138
2094,UFVSC071333,Solar,SUL,0.108,-26.945833,-52.530278,plant,siga:Operação,UFV.RS.SC.071333-3.1,Xaxim - SC,ITA----SC525
2095,UFVSC071714,Solar,SUL,0.4,-26.874167,-52.408333,plant,siga:Operação,UFV.RS.SC.071714-2.1,Xanxerê - SC,ITA----SC525
2161,PCHPR001075,SmallHydro,SUL,36.0,-25.714940,-48.972967,plant,reference,,,GUARI-UHE013
2162,PCHPR001509,SmallHydro,SUL,8.2,-24.105017,-52.330058,plant,reference,,,MOURAOPCH013
2163,PCHPR028994,SmallHydro,SUL,37.042,-25.532778,-51.815556,plant,reference,,,GPVA-O-PR138
2164,PCHPR032923,SmallHydro,SUL,36.0,-24.534167,-50.406389,plant,reference,,,TIBAGIUHE013
2165,PCHRS000324,SmallHydro,SUL,19.2,-29.314808,-50.679836,plant,reference,,,BUGRE-PCH013
2166,PCHRS001997,SmallHydro,SUL,3.2,-28.282983,-53.810253,plant,reference,,,SANGEL-RS525
2167,PCHSC000302,SmallHydro,SUL,15.0,-26.330014,-49.095366,plant,reference,,,BRACINPCH013
2168,PCHSC000737,SmallHydro,SUL,8.4,-26.645000,-49.356944,plant,reference,,,RCEDROPCH023
2169,PCHSC001019,SmallHydro,SUL,8.92,-27.548631,-49.006263,plant,reference,,,GARCIAPCH023
2170,PCHSC001945,SmallHydro,SUL,24.602,-26.648868,-49.338538,plant,reference,,,PALMEIPCH013
2171,PCHSC002045,SmallHydro,SUL,30.0,-27.457753,-50.639724,plant,reference,,,PERY02PCH023
2172,PCHSC002682,SmallHydro,SUL,6.28,-26.879722,-49.110000,plant,reference,,,SALTO-PCH023
2173,PCHSC027620,SmallHydro,SUL,1.805,-27.132606,-51.444352,plant,reference,,,CNOVOS-SC525
2324,PCTPR028074,Biomass,SUL,40.0,-23.567772,-52.428502,plant,reference,,,DESTILUTE013
2325,PCTPR028139,Biomass,SUL,36.0,-22.875556,-52.180833,plant,reference,,,STEPR-UTE013
2326,PCTPR028148,Biomass,SUL,50.0,-23.270757,-52.487552,plant,reference,,,COOPC-UTE013
2327,PCTPR028149,Biomass,SUL,50.5,-23.748010,-52.873335,plant,reference,,,STERE-UTE013
2328,PCTPR028153,Biomass,SUL,20.0,-23.093154,-49.941257,plant,reference,,,AALEGRUTE013
2329,PCTPR028246,Biomass,SUL,12.33,-25.357859,-51.481258,plant,reference,,,ECOLUZUTE013
2330,PCTPR028367,Biomass,SUL,30.0,-22.931189,-51.951396,plant,reference,,,AALEGRUTE013
2331,PCTPR029144,Biomass,SUL,40.0,-23.372600,-52.905000,plant,reference,,,USACIGUTE013
2332,PCTPR029575,Biomass,SUL,35.0,-22.708800,-51.777400,plant,reference,,,S.INACUTE013
2333,PCTPR029780,Biomass,SUL,16.5,-22.783080,-52.704045,plant,reference,,,STETR-UTE034
2334,PCTPR029993,Biomass,SUL,13.6,-25.543324,-49.372076,plant,reference,,,BERNECUTE013
2335,PCTPR030724,Biomass,SUL,10.026,-23.265897,-52.492139,plant,reference,,,GEOEL-UTE034
2336,PCTPR031034,Biomass,SUL,42.0,-22.858509,-51.377479,plant,reference,,,AALFLOUTE013
2337,PCTPR031098,Biomass,SUL,330.0,-24.243611,-50.741389,plant,reference,,,KLACELUTE013
2338,PCTPR031968,Biomass,SUL,43.0,-22.652415,-51.797714,plant,reference,,,AALEGR-PR138
2339,PCTPR035069,Biomass,SUL,9.982,-25.660275,-49.344164,plant,reference,,,UMBARA-PR069
2340,PCTPR044809,Biomass,SUL,3.2,-24.118817,-49.469142,plant,reference,,,JAGUAR-PR138
2341,PCTPR045824,Biomass,SUL,134.8,-24.244286,-50.743469,plant,reference,,,PUMA2-UTE013
2342,PCTPR049660,Biomass,SUL,0.26,-24.236717,-53.703849,plant,reference,,,GUAIRA-PR138
2343,PCTPR050872,Biomass,SUL,7.6,-22.800108,-52.989181,plant,reference,,,PRVNRT-PR138
2344,PCTPR051729,Biomass,SUL,50.0,-22.931761,-51.951666,plant,reference,,,AALEG2UTE006
2345,PCTPR071935,Biomass,SUL,0.749,-24.199380,-52.970580,plant,siga:Operação,UTE.AI.PR.071935-8.1,Goioerê - PR,UMUSUL-PR138
2352,PCTRS000827,Biomass,SUL,74.0,-29.939010,-51.708535,plant,reference,,,CHAES3-RS069
2353,PCTRS002192,Biomass,SUL,71.9,-29.869826,-51.177196,plant,reference,,,PETROB-RS069
2354,PCTRS027948,Biomass,SUL,4.2,-29.125769,-56.543535,plant,reference,,,URUGU4-RS069
2355,PCTRS028239,Biomass,SUL,10.0,-31.412677,-53.073868,plant,siga:Operação,UTE.FL.RS.028239-1.1,Piratini - RS,PEL4---RS069
2356,PCTRS028600,Biomass,SUL,3.825,-29.782510,-55.769535,plant,reference,,,ALEGR2-RS069
2357,PCTRS029148,Biomass,SUL,5.0,-29.803355,-55.816194,plant,reference,,,ALEGR4-RS069
2358,PCTRS029583,Biomass,SUL,12.5,-28.671010,-55.914701,plant,reference,,,PIRAHY-RS069
2359,PCTRS030541,Biomass,SUL,8.496,-30.150785,-52.026029,plant,reference,,,CHA2---RS069
2360,PCTRS030666,Biomass,SUL,250.994,-30.131443,-51.297535,plant,reference,,,CMPC---RS230
2361,PCTRS035434,Biomass,SUL,7.0,-27.673889,-52.287500,plant,reference,,,ERECH1-RS138
2362,PCTRS040886,Biomass,SUL,30.0,-29.870556,-51.399000,plant,reference,,,TRIUNF-RS069
2363,PCTRS043021,Biomass,SUL,3.7,-28.410000,-53.930000,bus-proxy,bus:IJUI1--RS069,,,IJUI1--RS069
2364,PCTRS048608,Biomass,SUL,5.5,-28.417778,-53.909722,plant,siga:Operação,UTE.FL.RS.048608-6.1,Ijuí - RS,IJUI1--RS069
2365,PCTRS052115,Biomass,SUL,6.78,-28.924611,-51.538153,plant,siga:Operação,UTE.FL.RS.052115-9.1,Veranópolis - RS,NPRATA-RS069
2366,PCTRS065119,Biomass,SUL,1.0,-28.501403,-52.644997,plant,reference,,,COLTIH-RS069
2367,PCTRS066003,Biomass,SUL,1.0,-29.659850,-53.860880,plant,siga:Operação,UTE.RU.RS.066003-5.1,Santa Maria - RS,SMARI3-RS138
2368,PCTRS066946,Biomass,SUL,1.0,-28.028618,-54.388612,plant,reference,,,SROSA4-RS069
2369,PCTRS072846,Biomass,SUL,3.5,-30.856643,-51.778288,plant,siga:Operação,UTE.AI.RS.072846-2.1,Camaquã - RS,CAM1---RS069
2370,PCTSC028140,Biomass,SUL,4.0,-26.189174,-50.369195,plant,siga:Operação,UTE.FL.SC.028140-9.1,Canoinhas - SC,CANOIN-SC138
2371,PCTSC028745,Biomass,SUL,28.0,-27.816000,-50.326000,plant,reference,,,UCLA--UTE013
2372,PCTSC050640,Biomass,SUL,2.264,-26.977222,-48.703611,plant,reference,,,ITAJFA-SC138
2373,PCTSC052078,Biomass,SUL,4.68,-27.362222,-48.639167,plant,reference,,,TIJUCA-SC138
2374,PCTSC066989,Biomass,SUL,28.6,-27.867533,-50.396775,plant,siga:Operação,UTE.FL.SC.066989-0.1,Lages - SC,BNKSEA-SC138
2812,EOLRS032236,Wind,SUL,4.2,-31.031295,-55.930850,plant,siga:Operação,EOL.CV.RS.032236-9.1,Santana do Livramento - RS,CNEG2-EOL034
2813,EOLRS032237,Wind,SUL,88.2,-31.075218,-55.886333,plant,siga:Operação,EOL.CV.RS.032237-7.1,Santana do Livramento - RS,CNEG3-EOL034
2814,EOLRS033807,Wind,SUL,33.6,-31.018973,-55.814473,plant,siga:Operação,EOL.CV.RS.033807-9.1,Santana do Livramento - RS,CNEG4-EOL034
3391,PCTRS056664,Biomass,SUL,12.09,-29.168444,-56.491528,plant,siga:Construção,UTE.AI.RS.056664-0.1,Itaqui - RS,MACAMB-RS069
3393,PCTSC073554,Biomass,SUL,2.625,-28.668980,-49.230589,plant,siga:Operação,UTE.AI.SC.073554-0.1,Morro da Fumaça - SC,CERMMV-SC069
3398,PCHSC030131,SmallHydro,SUL,24.0,-26.661808,-49.332564,plant,siga:Construção,PCH.PH.SC.030131-0.1,Rio dos Cedros - SC,ARROZMPCH013
3399,PCHSC030982,SmallHydro,SUL,19.5,-28.292389,-50.658247,plant,siga:Construção,PCH.PH.SC.030982-6.1,Lages - SC,CAXIAN-RS525
3400,PCHSC031498,SmallHydro,SUL,12.0,-28.018044,-50.745933,plant,siga:Construção,PCH.PH.SC.031498-6.1,"Capão Alto - SC, Campo Belo do Sul - SC",ITASEC-SC138
3401,PCHSC034669,SmallHydro,SUL,20.453,-27.427675,-51.788237,plant,siga:Operação,PCH.PH.SC.034669-1.1,Ipira - SC,PIRA--PCH013
3402,PCHSC037173,SmallHydro,SUL,17.393,-27.357876,-51.688871,plant,siga:Construção,PCH.PH.SC.037173-4.1,"Capinzal - SC, Ouro - SC",AALEGRPCH013
3403,PCHSC035741,SmallHydro,SUL,1.0,-27.592494,-48.707878,plant,siga:Operação,CGH.PH.SC.035741-3.1,São José - SC,PALHOC-SC138
3404,PCHSC037419,SmallHydro,SUL,2.0,-27.506115,-48.996924,plant,siga:Operação,CGH.PH.SC.037419-9.1,Angelina - SC,SIDER2-SC525
3405,PCHSC038156,SmallHydro,SUL,3.696,-28.282992,-50.202964,plant,siga:Operação,CGH.PH.SC.038156-0.1,São Joaquim - SC,SJOAQU-SC138
3406,PCHSC030675,SmallHydro,SUL,2.0,-27.585000,-49.007500,plant,siga:Operação,PCH.PH.SC.030675-4.1,Angelina - SC,ANGELI-SC138
3407,PCHSC035530,SmallHydro,SUL,3.25,-26.806978,-49.355646,plant,siga:Operação,PCH.PH.SC.035530-5.1,"Benedito Novo - SC, Rodeio - SC",RODEIOPCH013
3408,PCHSC031439,SmallHydro,SUL,5.6,-28.200660,-50.170761,plant,siga:Operação,PCH.PH.SC.031439-0.1,"Benedito Novo - SC, Lages - SC, São Joaquim - SC",SJOAQU-SC138
3409,PCHSC032305,SmallHydro,SUL,5.7,-26.352431,-49.323100,plant,siga:Construção,PCH.PH.SC.032305-5.1,São Bento do Sul - SC,SIDER2-SC525
3410,PCHSC032571,SmallHydro,SUL,5.1,-26.683619,-53.279208,plant,siga:Operação,PCH.PH.SC.032571-6.1,"Romelândia - SC, São Miguel da Boa Vista - SC",JASPE-PCH006
3411,PCHSC035782,SmallHydro,SUL,9.0,-27.091944,-51.352500,plant,siga:Construção,PCH.PH.SC.035782-0.1,Ibicaré - SC,TANGAR-SC138
3412,PCHSC037820,SmallHydro,SUL,9.6,-27.271554,-51.548060,plant,siga:Operação,PCH.PH.SC.037820-8.1,Lacerdópolis - SC,LADOPOPCH013
3413,PCHSC045165,SmallHydro,SUL,6.0,-26.998056,-50.686667,plant,siga:Construção,PCH.PH.SC.045165-7.1,Lebon Régis - SC,FRAIBU-SC069
3420,PCHPR028419,SmallHydro,SUL,28.0,-25.551939,-49.854446,plant,siga:Operação,PCH.PH.PR.028419-0.1,Lapa - PR,LUCIA1PCH013
3421,PCHPR028791,SmallHydro,SUL,15.5,-25.657119,-51.444739,plant,siga:Construção,PCH.PH.PR.028791-1.1,"Guarapuava - PR, Pinhão - PR",AREIA--PR525
3422,PCHPR035005,SmallHydro,SUL,18.15,-24.097083,-49.620917,plant,siga:Construção,PCH.PH.PR.035005-2.1,"Jaguariaíva - PR, Sengés - PR",BEIRARPCH013
3423,PCHPR035147,SmallHydro,SUL,15.0,-24.303483,-51.347429,plant,siga:Construção não iniciada,PCH.PH.PR.035147-4.1,Rio Branco do Ivaí - PR,CZONTAPCH013
3424,PCHPR035274,SmallHydro,SUL,13.0,-24.482803,-50.382236,plant,siga:Construção,PCH.PH.PR.035274-8.1,Tibagi - PR,FORTALPCH013
3425,PCHPR036938,SmallHydro,SUL,14.2,-25.118592,-52.386575,plant,siga:Operação,PCH.PH.PR.036938-1.1,"Laranjeiras do Sul - PR, Marquinho - PR",COBRE-PCH013
3426,PCHPR037258,SmallHydro,SUL,30.0,-26.243283,-52.425806,plant,siga:Operação,PCH.PH.PR.037258-7.1,"Clevelândia - PR, Honório Serpa - PR",S.LUIZPCH013
3427,PCHPR037743,SmallHydro,SUL,21.0,-24.936189,-51.429603,plant,siga:Operação,PCH.PH.PR.037743-0.1,Turvo - PR,PAREDIPCH013
3428,PCHPR029505,SmallHydro,SUL,10.0,-22.702972,-52.052539,plant,siga:Operação,PCH.PH.PR.029505-1.1,"Colorado - PR, Paranacity - PR, Paranapoema - PR",CORFUNPCH013
3429,PCHPR034117,SmallHydro,SUL,5.2,-25.310806,-51.967597,plant,siga:Construção não iniciada,PCH.PH.PR.034117-7.1,"Goioxim - PR, Guarapuava - PR",CAVER8PCH013
3430,PCHPR035146,SmallHydro,SUL,7.0,-25.047090,-50.988032,plant,siga:Construção,PCH.PH.PR.035146-6.1,Prudentópolis - PR,SJOAO2PCH013
3431,PCHPR035416,SmallHydro,SUL,10.0,-25.463537,-51.660779,plant,siga:Operação,PCH.PH.PR.035416-3.1,Guarapuava - PR,AREIA--PR525
3432,PCHRS037249,SmallHydro,SUL,27.27,-28.611756,-51.343478,plant,siga:Operação,PCH.PH.RS.037249-8.1,Ipê - RS,SALTINPCH013
3433,PCHRS037413,SmallHydro,SUL,23.6,-28.351345,-54.005957,plant,siga:Operação,PCH.PH.RS.037413-0.1,"Coronel Barros - RS, Ijuí - RS",LINONZPCH023
3434,PCHRS029063,SmallHydro,SUL,8.0,-28.752778,-51.843889,plant,reference,,,BOAFE-PCH013
3435,PCHRS031029,SmallHydro,SUL,9.75,-29.448900,-54.092250,plant,siga:Operação,PCH.PH.RS.031029-8.1,"Quevedos - RS, São Martinho da Serra - RS",RINCSMPCH006
3436,PCHRS037468,SmallHydro,SUL,5.2,-28.655853,-52.704069,plant,siga:Operação,PCH.PH.RS.037468-7.1,"Mormaço - RS, Victor Graeff - RS",SANTOAPCH013
3665,PSU326445,SmallHydro,SUL,8.90241,-26.610000,-52.290000,bus-proxy,bus:ABLLUZ-SC138,,,ABLLUZ-SC138
3666,PSU326834,SmallHydro,SUL,4.36416,-23.080000,-50.190000,bus-proxy,bus:ANDLST-PR138,,,ANDLST-PR138
3667,PSU326818,SmallHydro,SUL,5.83047,-23.530000,-51.450000,bus-proxy,bus:APUCAR-PR138,,,APUCAR-PR138
3668,PSU326826,SmallHydro,SUL,11.9582,-25.970000,-51.600000,bus-proxy,bus:AREIA--PR138,,,AREIA--PR138
3669,PSU326910,SmallHydro,SUL,4.68095,-24.070000,-52.370000,bus-proxy,bus:C.MOUR-PR138,,,C.MOUR-PR138
3670,PSU326356,SmallHydro,SUL,7.15798,-27.350000,-51.600000,bus-proxy,bus:CAPINZ-SC069,,,CAPINZ-SC069
3671,PSU326894,SmallHydro,SUL,5.44553,-25.000000,-53.460000,bus-proxy,bus:CASCAV-PR138,,,CASCAV-PR138
3672,PSU3244656,SmallHydro,SUL,10.2855,-25.230000,-49.320000,bus-proxy,bus:CBANOR-PR138,,,CBANOR-PR138
3673,PSU326327,SmallHydro,SUL,8.78321,-27.310000,-50.540000,bus-proxy,bus:CURITI-SC138,,,CURITI-SC138
3674,PSU326957,SmallHydro,SUL,4.55796,-23.850000,-50.390000,bus-proxy,bus:FIGUEI-PR138,,,FIGUEI-PR138
3675,PSU328325,SmallHydro,SUL,7.68439,-28.840000,-51.900000,bus-proxy,bus:GUAPOR-RS069,,,GUAPOR-RS069
3676,PSU326239,SmallHydro,SUL,8.35751,-26.850000,-49.150000,bus-proxy,bus:KARSFI-SC069,,,KARSFI-SC069
3677,PSU3246563,SmallHydro,SUL,4.77974,-29.580000,-54.450000,bus-proxy,bus:MATA---RS069,,,MATA---RS069
3678,PSU328180,SmallHydro,SUL,8.76361,-28.810000,-51.610000,bus-proxy,bus:NPRATA-RS069,,,NPRATA-RS069
3679,PSU327122,SmallHydro,SUL,13.3972,-26.210000,-52.670000,bus-proxy,bus:PATOBR-PR138,,,PATOBR-PR138
3680,PSU328345,SmallHydro,SUL,6.52068,-27.500000,-53.220000,bus-proxy,bus:PINHAL-RS138,,,PINHAL-RS138
3681,PSU326456,SmallHydro,SUL,4.49778,-26.800000,-52.720000,bus-proxy,bus:QUILOM-SC138,,,QUILOM-SC138
3682,PSU328260,SmallHydro,SUL,5.50664,-28.300000,-54.290000,bus-proxy,bus:SANGL2-RS069,,,SANGL2-RS069
3683,PSU326328,SmallHydro,SUL,18.8979,-28.270000,-49.920000,bus-proxy,bus:SJOAQU-SC138,,,SJOAQU-SC138
3684,PSU327821,SmallHydro,SUL,6.02933,-25.540000,-53.010000,bus-proxy,bus:SOSORI-PR069,,,SOSORI-PR069
3685,PSU326398,SmallHydro,SUL,5.31185,-27.120000,-51.250000,bus-proxy,bus:TANGAR-SC138,,,TANGAR-SC138
3686,PSU328319,SmallHydro,SUL,13.3702,-28.490000,-50.910000,bus-proxy,bus:VACARI-RS138,,,VACARI-RS138
3687,PSU326490,SmallHydro,SUL,7.91681,-26.860000,-52.390000,bus-proxy,bus:XANXER-SC138,,,XANXER-SC138
3688,PSU336445,SmallHydro,SUL,9.72941,-26.610000,-52.290000,bus-proxy,bus:ABLLUZ-SC138,,,ABLLUZ-SC138
3689,PSU336834,SmallHydro,SUL,4.76957,-23.080000,-50.190000,bus-proxy,bus:ANDLST-PR138,,,ANDLST-PR138
3690,PSU336818,SmallHydro,SUL,6.3721,-23.530000,-51.450000,bus-proxy,bus:APUCAR-PR138,,,APUCAR-PR138
3691,PSU336826,SmallHydro,SUL,13.0691,-25.970000,-51.600000,bus-proxy,bus:AREIA--PR138,,,AREIA--PR138
3692,PSU336910,SmallHydro,SUL,5.11579,-24.070000,-52.370000,bus-proxy,bus:C.MOUR-PR138,,,C.MOUR-PR138
3693,PSU336356,SmallHydro,SUL,7.82293,-27.350000,-51.600000,bus-proxy,bus:CAPINZ-SC069,,,CAPINZ-SC069
3694,PSU336894,SmallHydro,SUL,5.9514,-25.000000,-53.460000,bus-proxy,bus:CASCAV-PR138,,,CASCAV-PR138
3695,PSU3344656,SmallHydro,SUL,11.241,-25.230000,-49.320000,bus-proxy,bus:CBANOR-PR138,,,CBANOR-PR138
3696,PSU336327,SmallHydro,SUL,9.59913,-27.310000,-50.540000,bus-proxy,bus:CURITI-SC138,,,CURITI-SC138
3697,PSU336957,SmallHydro,SUL,4.98138,-23.850000,-50.390000,bus-proxy,bus:FIGUEI-PR138,,,FIGUEI-PR138
3698,PSU338325,SmallHydro,SUL,8.39824,-28.840000,-51.900000,bus-proxy,bus:GUAPOR-RS069,,,GUAPOR-RS069
3699,PSU336239,SmallHydro,SUL,9.13389,-26.850000,-49.150000,bus-proxy,bus:KARSFI-SC069,,,KARSFI-SC069
3700,PSU3346563,SmallHydro,SUL,5.22376,-29.580000,-54.450000,bus-proxy,bus:MATA---RS069,,,MATA---RS069
3701,PSU338180,SmallHydro,SUL,9.57772,-28.810000,-51.610000,bus-proxy,bus:NPRATA-RS069,,,NPRATA-RS069
3702,PSU337122,SmallHydro,SUL,14.6417,-26.210000,-52.670000,bus-proxy,bus:PATOBR-PR138,,,PATOBR-PR138
3703,PSU338345,SmallHydro,SUL,7.12643,-27.500000,-53.220000,bus-proxy,bus:PINHAL-RS138,,,PINHAL-RS138
3704,PSU336456,SmallHydro,SUL,4.91561,-26.800000,-52.720000,bus-proxy,bus:QUILOM-SC138,,,QUILOM-SC138
3705,PSU338260,SmallHydro,SUL,6.01819,-28.300000,-54.290000,bus-proxy,bus:SANGL2-RS069,,,SANGL2-RS069
3706,PSU336328,SmallHydro,SUL,20.6534,-28.270000,-49.920000,bus-proxy,bus:SJOAQU-SC138,,,SJOAQU-SC138
3707,PSU337821,SmallHydro,SUL,6.58944,-25.540000,-53.010000,bus-proxy,bus:SOSORI-PR069,,,SOSORI-PR069
3708,PSU336398,SmallHydro,SUL,5.8053,-27.120000,-51.250000,bus-proxy,bus:TANGAR-SC138,,,TANGAR-SC138
3709,PSU338319,SmallHydro,SUL,14.6123,-28.490000,-50.910000,bus-proxy,bus:VACARI-RS138,,,VACARI-RS138
3710,PSU336490,SmallHydro,SUL,8.65225,-26.860000,-52.390000,bus-proxy,bus:XANXER-SC138,,,XANXER-SC138
3711,PSU346445,SmallHydro,SUL,21.8523,-26.610000,-52.290000,bus-proxy,bus:ABLLUZ-SC138,,,ABLLUZ-SC138
3712,PSU346834,SmallHydro,SUL,10.7125,-23.080000,-50.190000,bus-proxy,bus:ANDLST-PR138,,,ANDLST-PR138
3713,PSU346818,SmallHydro,SUL,14.3117,-23.530000,-51.450000,bus-proxy,bus:APUCAR-PR138,,,APUCAR-PR138
3714,PSU346826,SmallHydro,SUL,29.3531,-25.970000,-51.600000,bus-proxy,bus:AREIA--PR138,,,AREIA--PR138
3715,PSU346910,SmallHydro,SUL,11.4901,-24.070000,-52.370000,bus-proxy,bus:C.MOUR-PR138,,,C.MOUR-PR138
3716,PSU346356,SmallHydro,SUL,17.5703,-27.350000,-51.600000,bus-proxy,bus:CAPINZ-SC069,,,CAPINZ-SC069
3717,PSU346894,SmallHydro,SUL,13.3668,-25.000000,-53.460000,bus-proxy,bus:CASCAV-PR138,,,CASCAV-PR138
3718,PSU3444656,SmallHydro,SUL,25.2473,-25.230000,-49.320000,bus-proxy,bus:CBANOR-PR138,,,CBANOR-PR138
3719,PSU346327,SmallHydro,SUL,21.5597,-27.310000,-50.540000,bus-proxy,bus:CURITI-SC138,,,CURITI-SC138
3720,PSU346957,SmallHydro,SUL,11.1882,-23.850000,-50.390000,bus-proxy,bus:FIGUEI-PR138,,,FIGUEI-PR138
3721,PSU348325,SmallHydro,SUL,18.8624,-28.840000,-51.900000,bus-proxy,bus:GUAPOR-RS069,,,GUAPOR-RS069
3722,PSU346239,SmallHydro,SUL,20.5147,-26.850000,-49.150000,bus-proxy,bus:KARSFI-SC069,,,KARSFI-SC069
3723,PSU3446563,SmallHydro,SUL,11.7326,-29.580000,-54.450000,bus-proxy,bus:MATA---RS069,,,MATA---RS069
3724,PSU348180,SmallHydro,SUL,21.5116,-28.810000,-51.610000,bus-proxy,bus:NPRATA-RS069,,,NPRATA-RS069
3725,PSU347122,SmallHydro,SUL,32.8853,-26.210000,-52.670000,bus-proxy,bus:PATOBR-PR138,,,PATOBR-PR138
3726,PSU348345,SmallHydro,SUL,16.006,-27.500000,-53.220000,bus-proxy,bus:PINHAL-RS138,,,PINHAL-RS138
3727,PSU346456,SmallHydro,SUL,11.0405,-26.800000,-52.720000,bus-proxy,bus:QUILOM-SC138,,,QUILOM-SC138
3728,PSU348260,SmallHydro,SUL,13.5169,-28.300000,-54.290000,bus-proxy,bus:SANGL2-RS069,,,SANGL2-RS069
3729,PSU346328,SmallHydro,SUL,46.3876,-28.270000,-49.920000,bus-proxy,bus:SJOAQU-SC138,,,SJOAQU-SC138
3730,PSU347821,SmallHydro,SUL,14.7999,-25.540000,-53.010000,bus-proxy,bus:SOSORI-PR069,,,SOSORI-PR069
3731,PSU346398,SmallHydro,SUL,13.0387,-27.120000,-51.250000,bus-proxy,bus:TANGAR-SC138,,,TANGAR-SC138
3732,PSU348319,SmallHydro,SUL,32.8192,-28.490000,-50.910000,bus-proxy,bus:VACARI-RS138,,,VACARI-RS138
3733,PSU346490,SmallHydro,SUL,19.4329,-26.860000,-52.390000,bus-proxy,bus:XANXER-SC138,,,XANXER-SC138
3734,PSU356445,SmallHydro,SUL,28.9061,-26.610000,-52.290000,bus-proxy,bus:ABLLUZ-SC138,,,ABLLUZ-SC138
3735,PSU356834,SmallHydro,SUL,14.1704,-23.080000,-50.190000,bus-proxy,bus:ANDLST-PR138,,,ANDLST-PR138
3736,PSU356818,SmallHydro,SUL,18.9315,-23.530000,-51.450000,bus-proxy,bus:APUCAR-PR138,,,APUCAR-PR138
3737,PSU356826,SmallHydro,SUL,38.8282,-25.970000,-51.600000,bus-proxy,bus:AREIA--PR138,,,AREIA--PR138
3738,PSU356910,SmallHydro,SUL,15.199,-24.070000,-52.370000,bus-proxy,bus:C.MOUR-PR138,,,C.MOUR-PR138
3739,PSU356356,SmallHydro,SUL,23.2419,-27.350000,-51.600000,bus-proxy,bus:CAPINZ-SC069,,,CAPINZ-SC069
3740,PSU356894,SmallHydro,SUL,17.6816,-25.000000,-53.460000,bus-proxy,bus:CASCAV-PR138,,,CASCAV-PR138
3741,PSU3544656,SmallHydro,SUL,33.397,-25.230000,-49.320000,bus-proxy,bus:CBANOR-PR138,,,CBANOR-PR138
3742,PSU356327,SmallHydro,SUL,28.519,-27.310000,-50.540000,bus-proxy,bus:CURITI-SC138,,,CURITI-SC138
3743,PSU356957,SmallHydro,SUL,14.7997,-23.850000,-50.390000,bus-proxy,bus:FIGUEI-PR138,,,FIGUEI-PR138
3744,PSU358325,SmallHydro,SUL,24.9512,-28.840000,-51.900000,bus-proxy,bus:GUAPOR-RS069,,,GUAPOR-RS069
3745,PSU356239,SmallHydro,SUL,27.1368,-26.850000,-49.150000,bus-proxy,bus:KARSFI-SC069,,,KARSFI-SC069
3746,PSU3546563,SmallHydro,SUL,15.5198,-29.580000,-54.450000,bus-proxy,bus:MATA---RS069,,,MATA---RS069
3747,PSU358180,SmallHydro,SUL,28.4554,-28.810000,-51.610000,bus-proxy,bus:NPRATA-RS069,,,NPRATA-RS069
3748,PSU357122,SmallHydro,SUL,43.5005,-26.210000,-52.670000,bus-proxy,bus:PATOBR-PR138,,,PATOBR-PR138
3749,PSU358345,SmallHydro,SUL,21.1726,-27.500000,-53.220000,bus-proxy,bus:PINHAL-RS138,,,PINHAL-RS138
3750,PSU356456,SmallHydro,SUL,14.6043,-26.800000,-52.720000,bus-proxy,bus:QUILOM-SC138,,,QUILOM-SC138
3751,PSU358260,SmallHydro,SUL,17.88,-28.300000,-54.290000,bus-proxy,bus:SANGL2-RS069,,,SANGL2-RS069
3752,PSU356328,SmallHydro,SUL,61.3613,-28.270000,-49.920000,bus-proxy,bus:SJOAQU-SC138,,,SJOAQU-SC138
3753,PSU357821,SmallHydro,SUL,19.5772,-25.540000,-53.010000,bus-proxy,bus:SOSORI-PR069,,,SOSORI-PR069
3754,PSU356398,SmallHydro,SUL,17.2475,-27.120000,-51.250000,bus-proxy,bus:TANGAR-SC138,,,TANGAR-SC138
3755,PSU358319,SmallHydro,SUL,43.4131,-28.490000,-50.910000,bus-proxy,bus:VACARI-RS138,,,VACARI-RS138
3756,PSU356490,SmallHydro,SUL,25.7058,-26.860000,-52.390000,bus-proxy,bus:XANXER-SC138,,,XANXER-SC138
3757,PSU366445,SmallHydro,SUL,19.4588,-26.610000,-52.290000,bus-proxy,bus:ABLLUZ-SC138,,,ABLLUZ-SC138
3758,PSU366834,SmallHydro,SUL,9.53914,-23.080000,-50.190000,bus-proxy,bus:ANDLST-PR138,,,ANDLST-PR138
3759,PSU366818,SmallHydro,SUL,12.7442,-23.530000,-51.450000,bus-proxy,bus:APUCAR-PR138,,,APUCAR-PR138
3760,PSU366826,SmallHydro,SUL,26.1381,-25.970000,-51.600000,bus-proxy,bus:AREIA--PR138,,,AREIA--PR138
3761,PSU366910,SmallHydro,SUL,10.2316,-24.070000,-52.370000,bus-proxy,bus:C.MOUR-PR138,,,C.MOUR-PR138
3762,PSU366356,SmallHydro,SUL,15.6459,-27.350000,-51.600000,bus-proxy,bus:CAPINZ-SC069,,,CAPINZ-SC069
3763,PSU366894,SmallHydro,SUL,11.9028,-25.000000,-53.460000,bus-proxy,bus:CASCAV-PR138,,,CASCAV-PR138
3764,PSU3644656,SmallHydro,SUL,22.482,-25.230000,-49.320000,bus-proxy,bus:CBANOR-PR138,,,CBANOR-PR138
3765,PSU366327,SmallHydro,SUL,19.1983,-27.310000,-50.540000,bus-proxy,bus:CURITI-SC138,,,CURITI-SC138
3766,PSU366957,SmallHydro,SUL,9.96276,-23.850000,-50.390000,bus-proxy,bus:FIGUEI-PR138,,,FIGUEI-PR138
3767,PSU368325,SmallHydro,SUL,16.7965,-28.840000,-51.900000,bus-proxy,bus:GUAPOR-RS069,,,GUAPOR-RS069
3768,PSU366239,SmallHydro,SUL,18.2678,-26.850000,-49.150000,bus-proxy,bus:KARSFI-SC069,,,KARSFI-SC069
3769,PSU3646563,SmallHydro,SUL,10.4475,-29.580000,-54.450000,bus-proxy,bus:MATA---RS069,,,MATA---RS069
3770,PSU368180,SmallHydro,SUL,19.1554,-28.810000,-51.610000,bus-proxy,bus:NPRATA-RS069,,,NPRATA-RS069
3771,PSU367122,SmallHydro,SUL,29.2834,-26.210000,-52.670000,bus-proxy,bus:PATOBR-PR138,,,PATOBR-PR138
3772,PSU368345,SmallHydro,SUL,14.2529,-27.500000,-53.220000,bus-proxy,bus:PINHAL-RS138,,,PINHAL-RS138
3773,PSU366456,SmallHydro,SUL,9.83122,-26.800000,-52.720000,bus-proxy,bus:QUILOM-SC138,,,QUILOM-SC138
3774,PSU368260,SmallHydro,SUL,12.0364,-28.300000,-54.290000,bus-proxy,bus:SANGL2-RS069,,,SANGL2-RS069
3775,PSU366328,SmallHydro,SUL,41.3068,-28.270000,-49.920000,bus-proxy,bus:SJOAQU-SC138,,,SJOAQU-SC138
3776,PSU367821,SmallHydro,SUL,13.1789,-25.540000,-53.010000,bus-proxy,bus:SOSORI-PR069,,,SOSORI-PR069
3777,PSU366398,SmallHydro,SUL,11.6106,-27.120000,-51.250000,bus-proxy,bus:TANGAR-SC138,,,TANGAR-SC138
3778,PSU368319,SmallHydro,SUL,29.2246,-28.490000,-50.910000,bus-proxy,bus:VACARI-RS138,,,VACARI-RS138
3779,PSU366490,SmallHydro,SUL,17.3045,-26.860000,-52.390000,bus-proxy,bus:XANXER-SC138,,,XANXER-SC138
3780,PSU376445,SmallHydro,SUL,20.4415,-26.610000,-52.290000,bus-proxy,bus:ABLLUZ-SC138,,,ABLLUZ-SC138
3781,PSU376834,SmallHydro,SUL,10.0209,-23.080000,-50.190000,bus-proxy,bus:ANDLST-PR138,,,ANDLST-PR138
3782,PSU376818,SmallHydro,SUL,13.3878,-23.530000,-51.450000,bus-proxy,bus:APUCAR-PR138,,,APUCAR-PR138
3783,PSU376826,SmallHydro,SUL,27.4581,-25.970000,-51.600000,bus-proxy,bus:AREIA--PR138,,,AREIA--PR138
3784,PSU376910,SmallHydro,SUL,10.7483,-24.070000,-52.370000,bus-proxy,bus:C.MOUR-PR138,,,C.MOUR-PR138
3785,PSU376356,SmallHydro,SUL,16.436,-27.350000,-51.600000,bus-proxy,bus:CAPINZ-SC069,,,CAPINZ-SC069
3786,PSU376894,SmallHydro,SUL,12.5039,-25.000000,-53.460000,bus-proxy,bus:CASCAV-PR138,,,CASCAV-PR138
3787,PSU3744656,SmallHydro,SUL,23.6173,-25.230000,-49.320000,bus-proxy,bus:CBANOR-PR138,,,CBANOR-PR138
3788,PSU376327,SmallHydro,SUL,20.1678,-27.310000,-50.540000,bus-proxy,bus:CURITI-SC138,,,CURITI-SC138
3789,PSU376957,SmallHydro,SUL,10.4659,-23.850000,-50.390000,bus-proxy,bus:FIGUEI-PR138,,,FIGUEI-PR138
3790,PSU378325,SmallHydro,SUL,17.6447,-28.840000,-51.900000,bus-proxy,bus:GUAPOR-RS069,,,GUAPOR-RS069
3791,PSU376239,SmallHydro,SUL,19.1903,-26.850000,-49.150000,bus-proxy,bus:KARSFI-SC069,,,KARSFI-SC069
3792,PSU3746563,SmallHydro,SUL,10.9751,-29.580000,-54.450000,bus-proxy,bus:MATA---RS069,,,MATA---RS069
3793,PSU378180,SmallHydro,SUL,20.1228,-28.810000,-51.610000,bus-proxy,bus:NPRATA-RS069,,,NPRATA-RS069
3794,PSU377122,SmallHydro,SUL,30.7622,-26.210000,-52.670000,bus-proxy,bus:PATOBR-PR138,,,PATOBR-PR138
3795,PSU378345,SmallHydro,SUL,14.9726,-27.500000,-53.220000,bus-proxy,bus:PINHAL-RS138,,,PINHAL-RS138
3796,PSU376456,SmallHydro,SUL,10.3277,-26.800000,-52.720000,bus-proxy,bus:QUILOM-SC138,,,QUILOM-SC138
3797,PSU378260,SmallHydro,SUL,12.6442,-28.300000,-54.290000,bus-proxy,bus:SANGL2-RS069,,,SANGL2-RS069
3798,PSU376328,SmallHydro,SUL,43.3928,-28.270000,-49.920000,bus-proxy,bus:SJOAQU-SC138,,,SJOAQU-SC138
3799,PSU377821,SmallHydro,SUL,13.8444,-25.540000,-53.010000,bus-proxy,bus:SOSORI-PR069,,,SOSORI-PR069
3800,PSU376398,SmallHydro,SUL,12.1969,-27.120000,-51.250000,bus-proxy,bus:TANGAR-SC138,,,TANGAR-SC138
3801,PSU378319,SmallHydro,SUL,30.7004,-28.490000,-50.910000,bus-proxy,bus:VACARI-RS138,,,VACARI-RS138
3802,PSU376490,SmallHydro,SUL,18.1784,-26.860000,-52.390000,bus-proxy,bus:XANXER-SC138,,,XANXER-SC138
3803,PSU386445,SmallHydro,SUL,28.9061,-26.610000,-52.290000,bus-proxy,bus:ABLLUZ-SC138,,,ABLLUZ-SC138
3804,PSU386834,SmallHydro,SUL,14.1704,-23.080000,-50.190000,bus-proxy,bus:ANDLST-PR138,,,ANDLST-PR138
3805,PSU386818,SmallHydro,SUL,18.9315,-23.530000,-51.450000,bus-proxy,bus:APUCAR-PR138,,,APUCAR-PR138
3806,PSU386826,SmallHydro,SUL,38.8282,-25.970000,-51.600000,bus-proxy,bus:AREIA--PR138,,,AREIA--PR138
3807,PSU386910,SmallHydro,SUL,15.199,-24.070000,-52.370000,bus-proxy,bus:C.MOUR-PR138,,,C.MOUR-PR138
3808,PSU386356,SmallHydro,SUL,23.2419,-27.350000,-51.600000,bus-proxy,bus:CAPINZ-SC069,,,CAPINZ-SC069
3809,PSU386894,SmallHydro,SUL,17.6816,-25.000000,-53.460000,bus-proxy,bus:CASCAV-PR138,,,CASCAV-PR138
3810,PSU3844656,SmallHydro,SUL,33.397,-25.230000,-49.320000,bus-proxy,bus:CBANOR-PR138,,,CBANOR-PR138
3811,PSU386327,SmallHydro,SUL,28.519,-27.310000,-50.540000,bus-proxy,bus:CURITI-SC138,,,CURITI-SC138
3812,PSU386957,SmallHydro,SUL,14.7997,-23.850000,-50.390000,bus-proxy,bus:FIGUEI-PR138,,,FIGUEI-PR138
3813,PSU388325,SmallHydro,SUL,24.9512,-28.840000,-51.900000,bus-proxy,bus:GUAPOR-RS069,,,GUAPOR-RS069
3814,PSU386239,SmallHydro,SUL,27.1368,-26.850000,-49.150000,bus-proxy,bus:KARSFI-SC069,,,KARSFI-SC069
3815,PSU3846563,SmallHydro,SUL,15.5198,-29.580000,-54.450000,bus-proxy,bus:MATA---RS069,,,MATA---RS069
3816,PSU388180,SmallHydro,SUL,28.4554,-28.810000,-51.610000,bus-proxy,bus:NPRATA-RS069,,,NPRATA-RS069
3817,PSU387122,SmallHydro,SUL,43.5005,-26.210000,-52.670000,bus-proxy,bus:PATOBR-PR138,,,PATOBR-PR138
3818,PSU388345,SmallHydro,SUL,21.1726,-27.500000,-53.220000,bus-proxy,bus:PINHAL-RS138,,,PINHAL-RS138
3819,PSU386456,SmallHydro,SUL,14.6043,-26.800000,-52.720000,bus-proxy,bus:QUILOM-SC138,,,QUILOM-SC138
3820,PSU388260,SmallHydro,SUL,17.88,-28.300000,-54.290000,bus-proxy,bus:SANGL2-RS069,,,SANGL2-RS069
3821,PSU386328,SmallHydro,SUL,61.3613,-28.270000,-49.920000,bus-proxy,bus:SJOAQU-SC138,,,SJOAQU-SC138
3822,PSU387821,SmallHydro,SUL,19.5772,-25.540000,-53.010000,bus-proxy,bus:SOSORI-PR069,,,SOSORI-PR069
3823,PSU386398,SmallHydro,SUL,17.2475,-27.120000,-51.250000,bus-proxy,bus:TANGAR-SC138,,,TANGAR-SC138
3824,PSU388319,SmallHydro,SUL,43.4131,-28.490000,-50.910000,bus-proxy,bus:VACARI-RS138,,,VACARI-RS138
3825,PSU386490,SmallHydro,SUL,25.7058,-26.860000,-52.390000,bus-proxy,bus:XANXER-SC138,,,XANXER-SC138
3826,PSU396445,SmallHydro,SUL,28.9061,-26.610000,-52.290000,bus-proxy,bus:ABLLUZ-SC138,,,ABLLUZ-SC138
3827,PSU396834,SmallHydro,SUL,14.1704,-23.080000,-50.190000,bus-proxy,bus:ANDLST-PR138,,,ANDLST-PR138
3828,PSU396818,SmallHydro,SUL,18.9315,-23.530000,-51.450000,bus-proxy,bus:APUCAR-PR138,,,APUCAR-PR138
3829,PSU396826,SmallHydro,SUL,38.8282,-25.970000,-51.600000,bus-proxy,bus:AREIA--PR138,,,AREIA--PR138
3830,PSU396910,SmallHydro,SUL,15.199,-24.070000,-52.370000,bus-proxy,bus:C.MOUR-PR138,,,C.MOUR-PR138
3831,PSU396356,SmallHydro,SUL,23.2419,-27.350000,-51.600000,bus-proxy,bus:CAPINZ-SC069,,,CAPINZ-SC069
3832,PSU396894,SmallHydro,SUL,17.6816,-25.000000,-53.460000,bus-proxy,bus:CASCAV-PR138,,,CASCAV-PR138
3833,PSU3944656,SmallHydro,SUL,33.397,-25.230000,-49.320000,bus-proxy,bus:CBANOR-PR138,,,CBANOR-PR138
3834,PSU396327,SmallHydro,SUL,28.519,-27.310000,-50.540000,bus-proxy,bus:CURITI-SC138,,,CURITI-SC138
3835,PSU396957,SmallHydro,SUL,14.7997,-23.850000,-50.390000,bus-proxy,bus:FIGUEI-PR138,,,FIGUEI-PR138
3836,PSU398325,SmallHydro,SUL,24.9512,-28.840000,-51.900000,bus-proxy,bus:GUAPOR-RS069,,,GUAPOR-RS069
3837,PSU396239,SmallHydro,SUL,27.1368,-26.850000,-49.150000,bus-proxy,bus:KARSFI-SC069,,,KARSFI-SC069
3838,PSU3946563,SmallHydro,SUL,15.5198,-29.580000,-54.450000,bus-proxy,bus:MATA---RS069,,,MATA---RS069
3839,PSU398180,SmallHydro,SUL,28.4554,-28.810000,-51.610000,bus-proxy,bus:NPRATA-RS069,,,NPRATA-RS069
3840,PSU397122,SmallHydro,SUL,43.5005,-26.210000,-52.670000,bus-proxy,bus:PATOBR-PR138,,,PATOBR-PR138
3841,PSU398345,SmallHydro,SUL,21.1726,-27.500000,-53.220000,bus-proxy,bus:PINHAL-RS138,,,PINHAL-RS138
3842,PSU396456,SmallHydro,SUL,14.6043,-26.800000,-52.720000,bus-proxy,bus:QUILOM-SC138,,,QUILOM-SC138
3843,PSU398260,SmallHydro,SUL,17.88,-28.300000,-54.290000,bus-proxy,bus:SANGL2-RS069,,,SANGL2-RS069
3844,PSU396328,SmallHydro,SUL,61.3613,-28.270000,-49.920000,bus-proxy,bus:SJOAQU-SC138,,,SJOAQU-SC138
3845,PSU397821,SmallHydro,SUL,19.5772,-25.540000,-53.010000,bus-proxy,bus:SOSORI-PR069,,,SOSORI-PR069
3846,PSU396398,SmallHydro,SUL,17.2475,-27.120000,-51.250000,bus-proxy,bus:TANGAR-SC138,,,TANGAR-SC138
3847,PSU398319,SmallHydro,SUL,43.4131,-28.490000,-50.910000,bus-proxy,bus:VACARI-RS138,,,VACARI-RS138
3848,PSU396490,SmallHydro,SUL,25.7058,-26.860000,-52.390000,bus-proxy,bus:XANXER-SC138,,,XANXER-SC138
4822,UFVPR071670,Solar,SUL,1.3,-25.364722,-49.295000,plant,siga:Operação,UFV.RS.PR.071670-7.1,Almirante Tamandaré - PR,MACHAD-SC525
4823,UFVPR071750,Solar,SUL,1.0,-23.374444,-53.300278,plant,siga:Operação,UFV.RS.PR.071750-9.1,Douradina - PR,GUAIRA-PR525
4824,UFVPR071753,Solar,SUL,1.0,-23.388611,-53.294444,plant,siga:Operação,UFV.RS.PR.071753-3.1,Douradina - PR,GUAIRA-PR525
4825,UFVPR072390,Solar,SUL,1.14,-23.749167,-53.270278,plant,siga:Operação,UFV.RS.PR.072390-8.1,Umuarama - PR,GUAIRA-PR525
4826,UFVRS071625,Solar,SUL,0.72,-29.177778,-51.236111,plant,siga:Operação,UFV.RS.RS.071625-1.1,Caxias do Sul - RS,CAXIAN-RS525
4827,UFVRS071629,Solar,SUL,0.2,-29.133556,-51.499139,plant,siga:Operação,UFV.RS.RS.071629-4.1,Bento Gonçalves - RS,CAXIAN-RS525
4828,UFVRS071736,Solar,SUL,0.55,-29.854444,-51.414278,plant,siga:Operação,UFV.RS.RS.071736-3.1,Triunfo - RS,N.S.RI-RS525
4829,UFVRS072384,Solar,SUL,0.21,-27.346389,-52.783333,plant,siga:Operação,UFV.RS.RS.072384-3.1,Nonoai - RS,ITA----SC525
4830,UFVRS072402,Solar,SUL,0.75,-28.675356,-53.094439,plant,siga:Operação,UFV.RS.RS.072402-5.1,Ibirubá - RS,ERECHI-RS525
4831,UFVRS072491,Solar,SUL,0.36,-29.598889,-51.107500,plant,siga:Operação,UFV.RS.RS.072491-2.1,Dois Irmãos - RS,GRAVAT-RS525
4832,UFVRS072551,Solar,SUL,0.64,-27.645833,-52.251389,plant,siga:Operação,UFV.RS.RS.072551-0.1,Erechim - RS,ERECHI-RS525
4833,UFVRS072552,Solar,SUL,0.72,-27.635833,-52.286111,plant,siga:Operação,UFV.RS.RS.072552-8.1,Erechim - RS,ERECHI-RS525
4834,UFVRS072553,Solar,SUL,0.1683,-28.448056,-52.177500,plant,siga:Operação,UFV.RS.RS.072553-6.1,Marau - RS,ERECHI-RS525
4835,UFVRS072842,Solar,SUL,2.5,-28.479067,-52.793886,plant,siga:Operação,UFV.RS.RS.072842-0.1,Não-Me-Toque - RS,ERECHI-RS525
4836,UFVRS072964,Solar,SUL,0.578,-29.170278,-51.243333,plant,siga:Operação,UFV.RS.RS.072964-7.1,Caxias do Sul - RS,CAXIAN-RS525
4837,UFVRS072974,Solar,SUL,0.2895,-28.639333,-53.536861,plant,siga:Operação,UFV.RS.RS.072974-4.1,Cruz Alta - RS,ERECHI-RS525
4838,UFVRS074180,Solar,SUL,0.99,-29.841111,-51.135278,plant,siga:Operação,UFV.RS.RS.074180-9.1,Sapucaia do Sul - RS,GRAVAT-RS525
4839,UFVSC051963,Solar,SUL,0.36,-27.086389,-51.672500,plant,siga:Operação,UFV.RS.SC.051963-4.1,Catanduvas - SC,MACHAD-SC525
5790,MMGDPR44846,Solar,SUL,0.0,-24.820879,-51.467620,aggregate-centroid,uf-centroid:PR,,,SQUITE-PR013
5791,MMGDPR44849,Solar,SUL,0.0,-24.820879,-51.467620,aggregate-centroid,uf-centroid:PR,,,UBERAB-PR013
5792,MMGDPR45080,Solar,SUL,0.0,-24.820879,-51.467620,aggregate-centroid,uf-centroid:PR,,,MORANG-PR138
5793,MMGDPR45081,Solar,SUL,0.0,-24.820879,-51.467620,aggregate-centroid,uf-centroid:PR,,,INGA---PR138
5794,MMGDPR45604,Solar,SUL,0.0,-24.820879,-51.467620,aggregate-centroid,uf-centroid:PR,,,PINHRI-PR138
5795,MMGDPR45620,Solar,SUL,0.0,-24.820879,-51.467620,aggregate-centroid,uf-centroid:PR,,,JRDFIG-PR138
5796,MMGDPR45640,Solar,SUL,0.0,-24.820879,-51.467620,aggregate-centroid,uf-centroid:PR,,,NOVALO-PR138
5797,MMGDPR45641,Solar,SUL,0.0,-24.820879,-51.467620,aggregate-centroid,uf-centroid:PR,,,NOVPIG-PR138
5798,MMGDPR45642,Solar,SUL,0.0,-24.820879,-51.467620,aggregate-centroid,uf-centroid:PR,,,AREBRA-PR138
5799,MMGDPR45643,Solar,SUL,0.0,-24.820879,-51.467620,aggregate-centroid,uf-centroid:PR,,,MRIBAS-PR138
5800,MMGDPR45644,Solar,SUL,0.0,-24.820879,-51.467620,aggregate-centroid,uf-centroid:PR,,,PALMTA-PR138
5801,MMGDPR45647,Solar,SUL,0.0,-24.820879,-51.467620,aggregate-centroid,uf-centroid:PR,,,BARIGU-PR138
5802,MMGDPR45648,Solar,SUL,0.0,-24.820879,-51.467620,aggregate-centroid,uf-centroid:PR,,,SJPINH-PR138
5803,MMGDPR45649,Solar,SUL,0.0,-24.820879,-51.467620,aggregate-centroid,uf-centroid:PR,,,SITIOC-PR138
5804,MMGDPR45650,Solar,SUL,0.0,-24.820879,-51.467620,aggregate-centroid,uf-centroid:PR,,,AFOPEN-PR138
5805,MMGDPR6775,Solar,SUL,0.0,-25.438304,-49.251704,plant,reference,,,JTAVOR-PR138
5806,MMGDPR6779,Solar,SUL,0.0,-24.820879,-51.467620,aggregate-centroid,uf-centroid:PR,,,AVERDE-PR069
5807,MMGDPR6780,Solar,SUL,0.0,-24.820879,-51.467620,aggregate-centroid,uf-centroid:PR,,,SMT-T1-PR013
5808,MMGDPR6781,Solar,SUL,0.0,-24.820879,-51.467620,aggregate-centroid,uf-centroid:PR,,,PGS-T4-PR013
5809,MMGDPR6782,Solar,SUL,0.0,-24.820879,-51.467620,aggregate-centroid,uf-centroid:PR,,,PGN-T3-PR013
5810,MMGDPR6805,Solar,SUL,0.0,-24.820879,-51.467620,aggregate-centroid,uf-centroid:PR,,,CAFELA-PR138
5811,MMGDPR6806,Solar,SUL,0.0,-24.820879,-51.467620,aggregate-centroid,uf-centroid:PR,,,ATLANT-PR138
5812,MMGDPR6807,Solar,SUL,0.0,-24.820879,-51.467620,aggregate-centroid,uf-centroid:PR,,,SMIGUA-PR138
5813,MMGDPR6808,Solar,SUL,0.0,-24.820879,-51.467620,aggregate-centroid,uf-centroid:PR,,,JCANAD-PR138
5814,MMGDPR6809,Solar,SUL,0.0,-24.820879,-51.467620,aggregate-centroid,uf-centroid:PR,,,DITBOR-PR138
5815,MMGDPR6810,Solar,SUL,0.0,-24.820879,-51.467620,aggregate-centroid,uf-centroid:PR,,,CHOPIN-PR138
5816,MMGDPR6812,Solar,SUL,0.0,-24.820879,-51.467620,aggregate-centroid,uf-centroid:PR,,,ACHATE-PR138
5817,MMGDPR6814,Solar,SUL,0.0,-24.820879,-51.467620,aggregate-centroid,uf-centroid:PR,,,ALTONI-PR138
5818,MMGDPR6816,Solar,SUL,0.0,-24.820879,-51.467620,aggregate-centroid,uf-centroid:PR,,,ANDIRA-PR138
5819,MMGDPR6818,Solar,SUL,0.0,-24.820879,-51.467620,aggregate-centroid,uf-centroid:PR,,,APUCAR-PR138
5820,MMGDPR6819,Solar,SUL,0.0,-24.820879,-51.467620,aggregate-centroid,uf-centroid:PR,,,CRISTO-PR138
5821,MMGDPR6820,Solar,SUL,0.0,-24.820879,-51.467620,aggregate-centroid,uf-centroid:PR,,,ALPARA-PR138
5822,MMGDPR6821,Solar,SUL,0.0,-24.820879,-51.467620,aggregate-centroid,uf-centroid:PR,,,TANGAR-PR138
5823,MMGDPR6822,Solar,SUL,0.0,-24.820879,-51.467620,aggregate-centroid,uf-centroid:PR,,,ARAPON-PR138
5824,MMGDPR6823,Solar,SUL,0.0,-24.820879,-51.467620,aggregate-centroid,uf-centroid:PR,,,ARAPOT-PR138
5825,MMGDPR6824,Solar,SUL,0.0,-24.820879,-51.467620,aggregate-centroid,uf-centroid:PR,,,ARAUCA-PR069
5826,MMGDPR6825,Solar,SUL,0.0,-24.820879,-51.467620,aggregate-centroid,uf-centroid:PR,,,TOMAZC-PR069
5827,MMGDPR6826,Solar,SUL,0.0,-24.820879,-51.467620,aggregate-centroid,uf-centroid:PR,,,AREIA--PR138
5828,MMGDPR6827,Solar,SUL,0.0,-24.820879,-51.467620,aggregate-centroid,uf-centroid:PR,,,ASSAI--PR138
5829,MMGDPR6828,Solar,SUL,0.0,-24.820879,-51.467620,aggregate-centroid,uf-centroid:PR,,,ASTORG-PR138
5830,MMGDPR6829,Solar,SUL,0.0,-24.820879,-51.467620,aggregate-centroid,uf-centroid:PR,,,ALMTAM-PR138
5831,MMGDPR6839,Solar,SUL,0.0,-24.820879,-51.467620,aggregate-centroid,uf-centroid:PR,,,BAIRRA-PR069
5832,MMGDPR6840,Solar,SUL,0.0,-24.820879,-51.467620,aggregate-centroid,uf-centroid:PR,,,BDRANT-PR138
5833,MMGDPR6844,Solar,SUL,0.0,-24.820879,-51.467620,aggregate-centroid,uf-centroid:PR,,,BARFER-PR138
5834,MMGDPR6846,Solar,SUL,0.0,-24.820879,-51.467620,aggregate-centroid,uf-centroid:PR,,,BVPARA-PR138
5835,MMGDPR6847,Solar,SUL,0.0,-24.820879,-51.467620,aggregate-centroid,uf-centroid:PR,,,SPIVAI-PR138
5836,MMGDPR6850,Solar,SUL,0.0,-24.820879,-51.467620,aggregate-centroid,uf-centroid:PR,,,CASSOB-PR013
5837,MMGDPR6851,Solar,SUL,0.0,-24.820879,-51.467620,aggregate-centroid,uf-centroid:PR,,,CCOMPR-PR013
5838,MMGDPR6859,Solar,SUL,0.0,-24.820879,-51.467620,aggregate-centroid,uf-centroid:PR,,,CASTRO-PR138
5839,MMGDPR6860,Solar,SUL,0.0,-24.820879,-51.467620,aggregate-centroid,uf-centroid:PR,,,CAPANE-PR069
5840,MMGDPR6864,Solar,SUL,0.0,-24.820879,-51.467620,aggregate-centroid,uf-centroid:PR,,,ATUBA--PR069
5841,MMGDPR6865,Solar,SUL,0.0,-24.820879,-51.467620,aggregate-centroid,uf-centroid:PR,,,CENTRO-PR069
5842,MMGDPR6868,Solar,SUL,0.0,-24.820879,-51.467620,aggregate-centroid,uf-centroid:PR,,,PILARZ-PR069
5843,MMGDPR6871,Solar,SUL,0.0,-24.820879,-51.467620,aggregate-centroid,uf-centroid:PR,,,TARUMA-PR069
5844,MMGDPR6872,Solar,SUL,0.0,-24.820879,-51.467620,aggregate-centroid,uf-centroid:PR,,,BACACH-PR069
5845,MMGDPR6873,Solar,SUL,0.0,-24.820879,-51.467620,aggregate-centroid,uf-centroid:PR,,,PAROLI-PR069
5846,MMGDPR6874,Solar,SUL,0.0,-24.820879,-51.467620,aggregate-centroid,uf-centroid:PR,,,BATEL--PR069
5847,MMGDPR6875,Solar,SUL,0.0,-24.820879,-51.467620,aggregate-centroid,uf-centroid:PR,,,NOVOMU-PR069
5848,MMGDPR6876,Solar,SUL,0.0,-24.820879,-51.467620,aggregate-centroid,uf-centroid:PR,,,BOQUEI-PR069
5849,MMGDPR6877,Solar,SUL,0.0,-24.820879,-51.467620,aggregate-centroid,uf-centroid:PR,,,ALTGLO-PR069
5850,MMGDPR6878,Solar,SUL,0.0,-24.820879,-51.467620,aggregate-centroid,uf-centroid:PR,,,MERCES-PR069
5851,MMGDPR6879,Solar,SUL,0.0,-24.820879,-51.467620,aggregate-centroid,uf-centroid:PR,,,TATU+F-PR069
5852,MMGDPR6880,Solar,SUL,0.0,-24.820879,-51.467620,aggregate-centroid,uf-centroid:PR,,,STAFEL-PR069
5853,MMGDPR6883,Solar,SUL,0.0,-24.820879,-51.467620,aggregate-centroid,uf-centroid:PR,,,CSIQUE-PR069
5854,MMGDPR6885,Solar,SUL,0.0,-24.820879,-51.467620,aggregate-centroid,uf-centroid:PR,,,HAUER--PR069
5855,MMGDPR6886,Solar,SUL,0.0,-24.820879,-51.467620,aggregate-centroid,uf-centroid:PR,,,JAMERI-PR069
5856,MMGDPR6889,Solar,SUL,0.0,-24.820879,-51.467620,aggregate-centroid,uf-centroid:PR,,,B.RETI-PR069
5857,MMGDPR6890,Solar,SUL,0.0,-24.820879,-51.467620,aggregate-centroid,uf-centroid:PR,,,XAXIM--PR069
5858,MMGDPR6891,Solar,SUL,0.0,-24.820879,-51.467620,aggregate-centroid,uf-centroid:PR,,,CGAUCH-PR138
5859,MMGDPR6893,Solar,SUL,0.0,-24.820879,-51.467620,aggregate-centroid,uf-centroid:PR,,,PINHEI-PR138
5860,MMGDPR6894,Solar,SUL,0.0,-24.820879,-51.467620,aggregate-centroid,uf-centroid:PR,,,CASCAV-PR138
5861,MMGDPR6895,Solar,SUL,0.0,-24.820879,-51.467620,aggregate-centroid,uf-centroid:PR,,,OLIMPI-PR138
5862,MMGDPR6896,Solar,SUL,0.0,-24.820879,-51.467620,aggregate-centroid,uf-centroid:PR,,,SCRIST-PR138
5863,MMGDPR6897,Solar,SUL,0.0,-24.820879,-51.467620,aggregate-centroid,uf-centroid:PR,,,CEUAZU-PR138
5864,MMGDPR6900,Solar,SUL,0.0,-24.820879,-51.467620,aggregate-centroid,uf-centroid:PR,,,CIANOR-PR138
5865,MMGDPR6901,Solar,SUL,0.0,-24.820879,-51.467620,aggregate-centroid,uf-centroid:PR,,,CLEVEL-PR138
5866,MMGDPR6902,Solar,SUL,0.0,-24.820879,-51.467620,aggregate-centroid,uf-centroid:PR,,,CLARGO-PR138
5867,MMGDPR6904,Solar,SUL,0.0,-24.820879,-51.467620,aggregate-centroid,uf-centroid:PR,,,DICLAR-PR138
5868,MMGDPR6906,Solar,SUL,0.0,-24.820879,-51.467620,aggregate-centroid,uf-centroid:PR,,,MOURAO-PR069
5869,MMGDPR6908,Solar,SUL,0.0,-24.820879,-51.467620,aggregate-centroid,uf-centroid:PR,,,SDUMON-PR138
5870,MMGDPR6911,Solar,SUL,0.0,-24.820879,-51.467620,aggregate-centroid,uf-centroid:PR,,,BDEIRA-PR138
5871,MMGDPR6915,Solar,SUL,0.0,-24.820879,-51.467620,aggregate-centroid,uf-centroid:PR,,,COLORA-PR138
5872,MMGDPR6917,Solar,SUL,0.0,-24.820879,-51.467620,aggregate-centroid,uf-centroid:PR,,,CPROCO-PR138
5873,MMGDPR6918,Solar,SUL,0.0,-24.820879,-51.467620,aggregate-centroid,uf-centroid:PR,,,CIC----PR013
5874,MMGDPR6919,Solar,SUL,0.0,-24.820879,-51.467620,aggregate-centroid,uf-centroid:PR,,,CSEGRE-PR138
5875,MMGDPR6921,Solar,SUL,0.0,-24.820879,-51.467620,aggregate-centroid,uf-centroid:PR,,,CLMARQ-PR138
5876,MMGDPR6922,Solar,SUL,0.0,-24.820879,-51.467620,aggregate-centroid,uf-centroid:PR,,,COLOMB-PR138
5877,MMGDPR6926,Solar,SUL,0.0,-24.820879,-51.467620,aggregate-centroid,uf-centroid:PR,,,DISJOS-PR013
5878,MMGDPR6931,Solar,SUL,0.0,-24.820879,-51.467620,aggregate-centroid,uf-centroid:PR,,,2VIZIN-PR138
5879,MMGDPR6935,Solar,SUL,0.0,-24.820879,-51.467620,aggregate-centroid,uf-centroid:PR,,,CONCOR-PR138
5880,MMGDPR6936,Solar,SUL,0.0,-24.820879,-51.467620,aggregate-centroid,uf-centroid:PR,,,PETROP-PR138
5881,MMGDPR6952,Solar,SUL,0.0,-24.820879,-51.467620,aggregate-centroid,uf-centroid:PR,,,FAXINA-PR138
5882,MMGDPR6953,Solar,SUL,0.0,-24.820879,-51.467620,aggregate-centroid,uf-centroid:PR,,,FAZIGU-PR138
5883,MMGDPR6954,Solar,SUL,0.0,-24.820879,-51.467620,aggregate-centroid,uf-centroid:PR,,,FBELTR-PR138
5884,MMGDPR6957,Solar,SUL,0.0,-24.820879,-51.467620,aggregate-centroid,uf-centroid:PR,,,FIGUEI-PR138
5885,MMGDPR6958,Solar,SUL,0.0,-24.820879,-51.467620,aggregate-centroid,uf-centroid:PR,,,FLORES-PR138
5886,MMGDPR6961,Solar,SUL,0.0,-24.820879,-51.467620,aggregate-centroid,uf-centroid:PR,,,FIGUAC-PR138
5887,MMGDPR6962,Solar,SUL,0.0,-24.820879,-51.467620,aggregate-centroid,uf-centroid:PR,,,VYOLAN-PR138
5888,MMGDPR6963,Solar,SUL,0.0,-24.820879,-51.467620,aggregate-centroid,uf-centroid:PR,,,PORTAL-PR138
5889,MMGDPR6966,Solar,SUL,0.0,-24.820879,-51.467620,aggregate-centroid,uf-centroid:PR,,,FRGRAN-PR138
5890,MMGDPR6980,Solar,SUL,0.0,-24.820879,-51.467620,aggregate-centroid,uf-centroid:PR,,,GOIOER-PR138
5891,MMGDPR6981,Solar,SUL,0.0,-24.820879,-51.467620,aggregate-centroid,uf-centroid:PR,,,GPS----PR138
5892,MMGDPR6984,Solar,SUL,0.0,-24.820879,-51.467620,aggregate-centroid,uf-centroid:PR,,,GUAIRA-PR138
5893,MMGDPR6985,Solar,SUL,0.0,-24.820879,-51.467620,aggregate-centroid,uf-centroid:PR,,,GUARAI-PR069
5894,MMGDPR6986,Solar,SUL,0.0,-24.820879,-51.467620,aggregate-centroid,uf-centroid:PR,,,GUARAT-PR138
5895,MMGDPR6990,Solar,SUL,0.0,-24.820879,-51.467620,aggregate-centroid,uf-centroid:PR,,,GUARAP-PR138
5896,MMGDPR6991,Solar,SUL,0.0,-24.820879,-51.467620,aggregate-centroid,uf-centroid:PR,,,VILACA-PR138
5897,MMGDPR7009,Solar,SUL,0.0,-24.820879,-51.467620,aggregate-centroid,uf-centroid:PR,,,IBAITI-PR138
5898,MMGDPR7010,Solar,SUL,0.0,-24.820879,-51.467620,aggregate-centroid,uf-centroid:PR,,,IBEMA--PR138
5899,MMGDPR7011,Solar,SUL,0.0,-24.820879,-51.467620,aggregate-centroid,uf-centroid:PR,,,IBIPOR-PR138
5900,MMGDPR7012,Solar,SUL,0.0,-24.820879,-51.467620,aggregate-centroid,uf-centroid:PR,,,IMBITU-PR138
5901,MMGDPR7014,Solar,SUL,0.0,-24.820879,-51.467620,aggregate-centroid,uf-centroid:PR,,,IRATI--PR138
5902,MMGDPR7017,Solar,SUL,0.0,-24.820879,-51.467620,aggregate-centroid,uf-centroid:PR,,,IVAIPO-PR138
5903,MMGDPR7018,Solar,SUL,0.0,-24.820879,-51.467620,aggregate-centroid,uf-centroid:PR,,,CAMBE--PR138
5904,MMGDPR7026,Solar,SUL,0.0,-24.820879,-51.467620,aggregate-centroid,uf-centroid:PR,,,JAGUAR-PR034
5905,MMGDPR7028,Solar,SUL,0.0,-24.820879,-51.467620,aggregate-centroid,uf-centroid:PR,,,JAGUAR-PR138
5906,MMGDPR7051,Solar,SUL,0.0,-24.820879,-51.467620,aggregate-centroid,uf-centroid:PR,,,LAPA---PR138
5907,MMGDPR7053,Solar,SUL,0.0,-24.820879,-51.467620,aggregate-centroid,uf-centroid:PR,,,LARANJ-PR138
5908,MMGDPR7054,Solar,SUL,0.0,-24.820879,-51.467620,aggregate-centroid,uf-centroid:PR,,,V.CRUZ-PR138
5909,MMGDPR7055,Solar,SUL,0.0,-24.820879,-51.467620,aggregate-centroid,uf-centroid:PR,,,LONDRC-PR138
5910,MMGDPR7056,Solar,SUL,0.0,-24.820879,-51.467620,aggregate-centroid,uf-centroid:PR,,,JBANDE-PR138
5911,MMGDPR7057,Solar,SUL,0.0,-24.820879,-51.467620,aggregate-centroid,uf-centroid:PR,,,RDAVID-PR138
5912,MMGDPR7058,Solar,SUL,0.0,-24.820879,-51.467620,aggregate-centroid,uf-centroid:PR,,,PALERM-PR138
5913,MMGDPR7059,Solar,SUL,0.0,-24.820879,-51.467620,aggregate-centroid,uf-centroid:PR,,,IGAPO--PR138
5914,MMGDPR7060,Solar,SUL,0.0,-24.820879,-51.467620,aggregate-centroid,uf-centroid:PR,,,SEMIRA-PR138
5915,MMGDPR7061,Solar,SUL,0.0,-24.820879,-51.467620,aggregate-centroid,uf-centroid:PR,,,LOANDA-PR138
5916,MMGDPR7070,Solar,SUL,0.0,-24.820879,-51.467620,aggregate-centroid,uf-centroid:PR,,,MAMBOR-PR069
5917,MMGDPR7071,Solar,SUL,0.0,-24.820879,-51.467620,aggregate-centroid,uf-centroid:PR,,,MAMBOR-PR138
5918,MMGDPR7072,Solar,SUL,0.0,-24.820879,-51.467620,aggregate-centroid,uf-centroid:PR,,,MANDAC-PR138
5919,MMGDPR7073,Solar,SUL,0.0,-24.820879,-51.467620,aggregate-centroid,uf-centroid:PR,,,MANDAG-PR138
5920,MMGDPR7074,Solar,SUL,0.0,-24.820879,-51.467620,aggregate-centroid,uf-centroid:PR,,,ROLAND-PR138
5921,MMGDPR7075,Solar,SUL,0.0,-24.820879,-51.467620,aggregate-centroid,uf-centroid:PR,,,MARIAL-PR138
5922,MMGDPR7076,Solar,SUL,0.0,-24.820879,-51.467620,aggregate-centroid,uf-centroid:PR,,,MATINH-PR138
5923,MMGDPR7077,Solar,SUL,0.0,-24.820879,-51.467620,aggregate-centroid,uf-centroid:PR,,,VGAUCH-PR138
5924,MMGDPR7078,Solar,SUL,0.0,-24.820879,-51.467620,aggregate-centroid,uf-centroid:PR,,,MCROND-PR138
5925,MMGDPR7079,Solar,SUL,0.0,-24.820879,-51.467620,aggregate-centroid,uf-centroid:PR,,,MEDIAN-PR138
5926,MMGDPR7080,Solar,SUL,0.0,-24.820879,-51.467620,aggregate-centroid,uf-centroid:PR,,,JALVOR-PR138
5927,MMGDPR7081,Solar,SUL,0.0,-24.820879,-51.467620,aggregate-centroid,uf-centroid:PR,,,MARING-PR138
5928,MMGDPR7082,Solar,SUL,0.0,-24.820879,-51.467620,aggregate-centroid,uf-centroid:PR,,,HORIZO-PR138
5929,MMGDPR7086,Solar,SUL,0.0,-24.820879,-51.467620,aggregate-centroid,uf-centroid:PR,,,MORRET-PR138
5930,MMGDPR7088,Solar,SUL,0.0,-24.820879,-51.467620,aggregate-centroid,uf-centroid:PR,,,PAICND-PR138
5931,MMGDPR7090,Solar,SUL,0.0,-24.820879,-51.467620,aggregate-centroid,uf-centroid:PR,,,PGRO.N-PR034
5932,MMGDPR7091,Solar,SUL,0.0,-24.820879,-51.467620,aggregate-centroid,uf-centroid:PR,,,PGRO.S-PR034
5933,MMGDPR7096,Solar,SUL,0.0,-24.820879,-51.467620,aggregate-centroid,uf-centroid:PR,,,NESPER-PR138
5934,MMGDPR7116,Solar,SUL,0.0,-24.820879,-51.467620,aggregate-centroid,uf-centroid:PR,,,PALMAS-PR138
5935,MMGDPR7117,Solar,SUL,0.0,-24.820879,-51.467620,aggregate-centroid,uf-centroid:PR,,,PALMEI-PR138
5936,MMGDPR7118,Solar,SUL,0.0,-24.820879,-51.467620,aggregate-centroid,uf-centroid:PR,,,PALOTI-PR138
5937,MMGDPR7119,Solar,SUL,0.0,-24.820879,-51.467620,aggregate-centroid,uf-centroid:PR,,,PRANAV-PR138
5938,MMGDPR7122,Solar,SUL,0.0,-24.820879,-51.467620,aggregate-centroid,uf-centroid:PR,,,PATOBR-PR138
5939,MMGDPR7125,Solar,SUL,0.0,-24.820879,-51.467620,aggregate-centroid,uf-centroid:PR,,,PRANAG-PR138
5940,MMGDPR7126,Solar,SUL,0.0,-24.820879,-51.467620,aggregate-centroid,uf-centroid:PR,,,P.FISC-PR138
5941,MMGDPR7127,Solar,SUL,0.0,-24.820879,-51.467620,aggregate-centroid,uf-centroid:PR,,,PORTO--PR138
5942,MMGDPR7130,Solar,SUL,0.0,-24.820879,-51.467620,aggregate-centroid,uf-centroid:PR,,,SABARA-PR138
5943,MMGDPR7131,Solar,SUL,0.0,-24.820879,-51.467620,aggregate-centroid,uf-centroid:PR,,,BELEM--PR138
5944,MMGDPR7132,Solar,SUL,0.0,-24.820879,-51.467620,aggregate-centroid,uf-centroid:PR,,,UVARAN-PR138
5945,MMGDPR7133,Solar,SUL,0.0,-24.820879,-51.467620,aggregate-centroid,uf-centroid:PR,,,VENDRA-PR138
5946,MMGDPR7134,Solar,SUL,0.0,-24.820879,-51.467620,aggregate-centroid,uf-centroid:PR,,,PINHAI-PR069
5947,MMGDPR7135,Solar,SUL,0.0,-24.820879,-51.467620,aggregate-centroid,uf-centroid:PR,,,BVISTA-PR138
5948,MMGDPR7136,Solar,SUL,0.0,-24.820879,-51.467620,aggregate-centroid,uf-centroid:PR,,,PIRAQU-PR069
5949,MMGDPR7137,Solar,SUL,0.0,-24.820879,-51.467620,aggregate-centroid,uf-centroid:PR,,,PITANG-PR138
5950,MMGDPR7139,Solar,SUL,0.0,-24.820879,-51.467620,aggregate-centroid,uf-centroid:PR,,,PLESTE-PR138
5951,MMGDPR7142,Solar,SUL,0.0,-24.820879,-51.467620,aggregate-centroid,uf-centroid:PR,,,PRUDEN-PR138
5952,MMGDPR7144,Solar,SUL,0.0,-24.820879,-51.467620,aggregate-centroid,uf-centroid:PR,,,PiraiS-PR138
5953,MMGDPR7152,Solar,SUL,0.0,-24.820879,-51.467620,aggregate-centroid,uf-centroid:PR,,,4BARRA-PR069
5954,MMGDPR7153,Solar,SUL,0.0,-24.820879,-51.467620,aggregate-centroid,uf-centroid:PR,,,QIGUAC-PR138
5955,MMGDPR7169,Solar,SUL,0.0,-24.820879,-51.467620,aggregate-centroid,uf-centroid:PR,,,REALEZ-PR138
5956,MMGDPR7172,Solar,SUL,0.0,-24.820879,-51.467620,aggregate-centroid,uf-centroid:PR,,,RBRANC-PR138
5957,MMGDPR7173,Solar,SUL,0.0,-24.820879,-51.467620,aggregate-centroid,uf-centroid:PR,,,RIOAZU-PR138
5958,MMGDPR7177,Solar,SUL,0.0,-24.820879,-51.467620,aggregate-centroid,uf-centroid:PR,,,BRCAPA-PR138
5959,MMGDPR7181,Solar,SUL,0.0,-24.820879,-51.467620,aggregate-centroid,uf-centroid:PR,,,SALTOM-PR069
5960,MMGDPR7187,Solar,SUL,0.0,-24.820879,-51.467620,aggregate-centroid,uf-centroid:PR,,,SAPLAT-PR138
5961,MMGDPR7189,Solar,SUL,0.0,-24.820879,-51.467620,aggregate-centroid,uf-centroid:PR,,,SANTSU-PR138
5962,MMGDPR7194,Solar,SUL,0.0,-24.820879,-51.467620,aggregate-centroid,uf-centroid:PR,,,JTROPI-PR138
5963,MMGDPR7196,Solar,SUL,0.0,-24.820879,-51.467620,aggregate-centroid,uf-centroid:PR,,,SENGES-PR138
5964,MMGDPR7197,Solar,SUL,0.0,-24.820879,-51.467620,aggregate-centroid,uf-centroid:PR,,,STAHEL-PR138
5965,MMGDPR7200,Solar,SUL,0.0,-24.820879,-51.467620,aggregate-centroid,uf-centroid:PR,,,SICAMP-PR138
5966,MMGDPR7202,Solar,SUL,0.0,-24.820879,-51.467620,aggregate-centroid,uf-centroid:PR,,,SJPINH-PR069
5967,MMGDPR7203,Solar,SUL,0.0,-24.820879,-51.467620,aggregate-centroid,uf-centroid:PR,,,GUATUP-PR069
5968,MMGDPR7206,Solar,SUL,0.0,-24.820879,-51.467620,aggregate-centroid,uf-centroid:PR,,,SAOMAT-PR034
5969,MMGDPR7211,Solar,SUL,0.0,-24.820879,-51.467620,aggregate-centroid,uf-centroid:PR,,,SOCORR-PR138
5970,MMGDPR7221,Solar,SUL,0.0,-24.820879,-51.467620,aggregate-centroid,uf-centroid:PR,,,TAF-PI-PR138
5971,MMGDPR7223,Solar,SUL,0.0,-24.820879,-51.467620,aggregate-centroid,uf-centroid:PR,,,TELBOR-PR138
5972,MMGDPR7224,Solar,SUL,0.0,-24.820879,-51.467620,aggregate-centroid,uf-centroid:PR,,,TOLEDO-PR138
5973,MMGDPR7229,Solar,SUL,0.0,-24.820879,-51.467620,aggregate-centroid,uf-centroid:PR,,,TUNAS--PR138
5974,MMGDPR7231,Solar,SUL,0.0,-24.820879,-51.467620,aggregate-centroid,uf-centroid:PR,,,TIBAGI-PR138
5975,MMGDPR7233,Solar,SUL,0.0,-24.820879,-51.467620,aggregate-centroid,uf-centroid:PR,,,UBIRAT-PR138
5976,MMGDPR7234,Solar,SUL,0.0,-24.820879,-51.467620,aggregate-centroid,uf-centroid:PR,,,UBIRAT-PR069
5977,MMGDPR7235,Solar,SUL,0.0,-24.820879,-51.467620,aggregate-centroid,uf-centroid:PR,,,UMUARA-PR138
5978,MMGDPR7237,Solar,SUL,0.0,-24.820879,-51.467620,aggregate-centroid,uf-centroid:PR,,,TAMOIO-PR138
5979,MMGDPR7238,Solar,SUL,0.0,-24.820879,-51.467620,aggregate-centroid,uf-centroid:PR,,,BITURU-PR138
5980,MMGDPR7239,Solar,SUL,0.0,-24.820879,-51.467620,aggregate-centroid,uf-centroid:PR,,,UVITOR-PR138
5981,MMGDPR7240,Solar,SUL,0.0,-24.820879,-51.467620,aggregate-centroid,uf-centroid:PR,,,PIGUAC-PR138
6198,MMGDRS46151,Solar,SUL,0.0,-29.899247,-52.611329,aggregate-centroid,uf-centroid:RS,,,LAJE2A-RS013
6199,MMGDRS46152,Solar,SUL,0.0,-29.899247,-52.611329,aggregate-centroid,uf-centroid:RS,,,LAJE2B-RS013
6200,MMGDRS46153,Solar,SUL,0.0,-29.899247,-52.611329,aggregate-centroid,uf-centroid:RS,,,MVIANA-RS069
6201,MMGDRS46157,Solar,SUL,0.0,-29.899247,-52.611329,aggregate-centroid,uf-centroid:RS,,,SCRUZ3-RS069
6202,MMGDRS46158,Solar,SUL,0.0,-29.899247,-52.611329,aggregate-centroid,uf-centroid:RS,,,SLEOP3-RS138
6203,MMGDRS46159,Solar,SUL,0.0,-29.899247,-52.611329,aggregate-centroid,uf-centroid:RS,,,AMEIO--RS069
6204,MMGDRS46160,Solar,SUL,0.0,-29.899247,-52.611329,aggregate-centroid,uf-centroid:RS,,,URUGU9-RS069
6205,MMGDRS46162,Solar,SUL,0.0,-29.899247,-52.611329,aggregate-centroid,uf-centroid:RS,,,SMARI6-RS069
6206,MMGDRS46164,Solar,SUL,0.0,-29.899247,-52.611329,aggregate-centroid,uf-centroid:RS,,,IVOTI--RS138
6207,MMGDRS46553,Solar,SUL,0.0,-29.899247,-52.611329,aggregate-centroid,uf-centroid:RS,,,NSRTA2-RS069
6208,MMGDRS46555,Solar,SUL,0.0,-29.899247,-52.611329,aggregate-centroid,uf-centroid:RS,,,PSOBRD-RS069
6209,MMGDRS46557,Solar,SUL,0.0,-29.899247,-52.611329,aggregate-centroid,uf-centroid:RS,,,SGABRI-RS138
6210,MMGDRS46560,Solar,SUL,0.0,-29.899247,-52.611329,aggregate-centroid,uf-centroid:RS,,,ESTEI2-RS138
6211,MMGDRS46562,Solar,SUL,0.0,-29.899247,-52.611329,aggregate-centroid,uf-centroid:RS,,,SJSUL--RS138
6212,MMGDRS46563,Solar,SUL,0.0,-29.899247,-52.611329,aggregate-centroid,uf-centroid:RS,,,MATA---RS069
6213,MMGDRS46564,Solar,SUL,0.0,-29.899247,-52.611329,aggregate-centroid,uf-centroid:RS,,,URUGU8-RS069
6214,MMGDRS48370,Solar,SUL,0.0,-29.899247,-52.611329,aggregate-centroid,uf-centroid:RS,,,TAQUAR-RS138
6215,MMGDRS48381,Solar,SUL,0.0,-29.899247,-52.611329,aggregate-centroid,uf-centroid:RS,,,CRZSUL-RS069
6216,MMGDRS48385,Solar,SUL,0.0,-29.899247,-52.611329,aggregate-centroid,uf-centroid:RS,,,GRAVT4-RS069
6217,MMGDRS48387,Solar,SUL,0.0,-29.899247,-52.611329,aggregate-centroid,uf-centroid:RS,,,RIOZIN-RS138
6218,MMGDRS48389,Solar,SUL,0.0,-29.899247,-52.611329,aggregate-centroid,uf-centroid:RS,,,ALEGR6-RS069
6219,MMGDRS48390,Solar,SUL,0.0,-29.899247,-52.611329,aggregate-centroid,uf-centroid:RS,,,CBARB2-RS069
6220,MMGDRS48558,Solar,SUL,0.0,-29.899247,-52.611329,aggregate-centroid,uf-centroid:RS,,,GRAMD2-RS069
6221,MMGDRS48949,Solar,SUL,0.0,-29.899247,-52.611329,aggregate-centroid,uf-centroid:RS,,,CAXIAN-RS138
6222,MMGDRS51351,Solar,SUL,0.0,-29.899247,-52.611329,aggregate-centroid,uf-centroid:RS,,,POAFLO-RS069
6223,MMGDRS51353,Solar,SUL,0.0,-29.899247,-52.611329,aggregate-centroid,uf-centroid:RS,,,PAL10A-RS013
6224,MMGDRS51355,Solar,SUL,0.0,-29.899247,-52.611329,aggregate-centroid,uf-centroid:RS,,,ALV2---RS069
6225,MMGDRS51358,Solar,SUL,0.0,-29.899247,-52.611329,aggregate-centroid,uf-centroid:RS,,,AGC----RS069
6226,MMGDRS51360,Solar,SUL,0.0,-29.899247,-52.611329,aggregate-centroid,uf-centroid:RS,,,PAL20--RS069
6227,MMGDRS51362,Solar,SUL,0.0,-29.899247,-52.611329,aggregate-centroid,uf-centroid:RS,,,MDEUS--RS069
6228,MMGDRS51364,Solar,SUL,0.0,-29.899247,-52.611329,aggregate-centroid,uf-centroid:RS,,,RINCA--RS069
6229,MMGDRS51438,Solar,SUL,0.0,-29.899247,-52.611329,aggregate-centroid,uf-centroid:RS,,,PAL7---RS069
6230,MMGDRS51440,Solar,SUL,0.0,-29.899247,-52.611329,aggregate-centroid,uf-centroid:RS,,,PAL17--RS069
6231,MMGDRS51444,Solar,SUL,0.0,-29.899247,-52.611329,aggregate-centroid,uf-centroid:RS,,,PELOT5-RS138
6232,MMGDRS51446,Solar,SUL,0.0,-29.899247,-52.611329,aggregate-centroid,uf-centroid:RS,,,SALSO--RS138
6233,MMGDRS51455,Solar,SUL,0.0,-29.899247,-52.611329,aggregate-centroid,uf-centroid:RS,,,PAL6B--RS013
6234,MMGDRS51461,Solar,SUL,0.0,-29.899247,-52.611329,aggregate-centroid,uf-centroid:RS,,,CAM3---RS069
6235,MMGDRS51506,Solar,SUL,0.0,-29.899247,-52.611329,aggregate-centroid,uf-centroid:RS,,,PIN----RS069
6236,MMGDRS51508,Solar,SUL,0.0,-29.899247,-52.611329,aggregate-centroid,uf-centroid:RS,,,OSO1---RS069
6237,MMGDRS51515,Solar,SUL,0.0,-29.899247,-52.611329,aggregate-centroid,uf-centroid:RS,,,TRA----RS069
6238,MMGDRS51521,Solar,SUL,0.0,-29.899247,-52.611329,aggregate-centroid,uf-centroid:RS,,,ATS----RS069
6239,MMGDRS51527,Solar,SUL,0.0,-29.899247,-52.611329,aggregate-centroid,uf-centroid:RS,,,ATL----RS069
6240,MMGDRS51532,Solar,SUL,0.0,-29.899247,-52.611329,aggregate-centroid,uf-centroid:RS,,,CPN----RS069
6241,MMGDRS51536,Solar,SUL,0.0,-29.899247,-52.611329,aggregate-centroid,uf-centroid:RS,,,ASA----RS069
6242,MMGDRS51540,Solar,SUL,0.0,-29.899247,-52.611329,aggregate-centroid,uf-centroid:RS,,,TAR----RS069
6243,MMGDRS51544,Solar,SUL,0.0,-29.899247,-52.611329,aggregate-centroid,uf-centroid:RS,,,TOR----RS069
6244,MMGDRS51549,Solar,SUL,0.0,-29.899247,-52.611329,aggregate-centroid,uf-centroid:RS,,,DPALC--RS069
6245,MMGDRS51550,Solar,SUL,0.0,-29.899247,-52.611329,aggregate-centroid,uf-centroid:RS,,,IMBE---RS069
6246,MMGDRS51555,Solar,SUL,0.0,-29.899247,-52.611329,aggregate-centroid,uf-centroid:RS,,,CID----RS138
6247,MMGDRS51593,Solar,SUL,0.0,-29.899247,-52.611329,aggregate-centroid,uf-centroid:RS,,,VIA4---RS069
6248,MMGDRS51594,Solar,SUL,0.0,-29.899247,-52.611329,aggregate-centroid,uf-centroid:RS,,,LAMI---RS069
6249,MMGDRS51595,Solar,SUL,0.0,-29.899247,-52.611329,aggregate-centroid,uf-centroid:RS,,,GLORIA-RS069
6250,MMGDRS51596,Solar,SUL,0.0,-29.899247,-52.611329,aggregate-centroid,uf-centroid:RS,,,FWAY---RS069
6251,MMGDRS51597,Solar,SUL,0.0,-29.899247,-52.611329,aggregate-centroid,uf-centroid:RS,,,CAVLH--RS069
6252,MMGDRS51598,Solar,SUL,0.0,-29.899247,-52.611329,aggregate-centroid,uf-centroid:RS,,,GUA4---RS069
6253,MMGDRS51599,Solar,SUL,0.0,-29.899247,-52.611329,aggregate-centroid,uf-centroid:RS,,,CIDBAI-RS069
6254,MMGDRS51611,Solar,SUL,0.0,-29.899247,-52.611329,aggregate-centroid,uf-centroid:RS,,,PAL4SA-RS013
6255,MMGDRS51612,Solar,SUL,0.0,-29.899247,-52.611329,aggregate-centroid,uf-centroid:RS,,,PAL4SB-RS013
6256,MMGDRS51613,Solar,SUL,0.0,-29.899247,-52.611329,aggregate-centroid,uf-centroid:RS,,,PAL4SC-RS013
6257,MMGDRS51614,Solar,SUL,0.0,-29.899247,-52.611329,aggregate-centroid,uf-centroid:RS,,,PAL4SD-RS013
6258,MMGDRS51615,Solar,SUL,0.0,-29.899247,-52.611329,aggregate-centroid,uf-centroid:RS,,,PAL4SE-RS013
6259,MMGDRS51650,Solar,SUL,0.0,-29.899247,-52.611329,aggregate-centroid,uf-centroid:RS,,,PEL6---RS138
6260,MMGDRS7364,Solar,SUL,0.0,-29.724909,-53.838340,plant,reference,,,ALEGR4-RS069
6261,MMGDRS7366,Solar,SUL,0.0,-29.899247,-52.611329,aggregate-centroid,uf-centroid:RS,,,QUARA2-RS069
6262,MMGDRS7367,Solar,SUL,0.0,-29.899247,-52.611329,aggregate-centroid,uf-centroid:RS,,,CBOM-A-RS023
6263,MMGDRS7369,Solar,SUL,0.0,-29.899247,-52.611329,aggregate-centroid,uf-centroid:RS,,,CBOM-B-RS023
6264,MMGDRS7372,Solar,SUL,0.0,-29.899247,-52.611329,aggregate-centroid,uf-centroid:RS,,,VAI1-B-RS013
6265,MMGDRS7373,Solar,SUL,0.0,-29.899247,-52.611329,aggregate-centroid,uf-centroid:RS,,,VAI1-A-RS013
6266,MMGDRS7378,Solar,SUL,0.0,-29.899247,-52.611329,aggregate-centroid,uf-centroid:RS,,,QUARA1-RS069
6267,MMGDRS7380,Solar,SUL,0.0,-29.899247,-52.611329,aggregate-centroid,uf-centroid:RS,,,LIV2-A-RS013
6268,MMGDRS7383,Solar,SUL,0.0,-29.899247,-52.611329,aggregate-centroid,uf-centroid:RS,,,CIND-A-RS023
6269,MMGDRS7384,Solar,SUL,0.0,-29.899247,-52.611329,aggregate-centroid,uf-centroid:RS,,,URUGU1-RS069
6270,MMGDRS7385,Solar,SUL,0.0,-29.899247,-52.611329,aggregate-centroid,uf-centroid:RS,,,URUGU3-RS069
6271,MMGDRS7387,Solar,SUL,0.0,-29.899247,-52.611329,aggregate-centroid,uf-centroid:RS,,,LIVRA1-RS069
6272,MMGDRS7388,Solar,SUL,0.0,-29.899247,-52.611329,aggregate-centroid,uf-centroid:RS,,,URUGU2-RS069
6273,MMGDRS7389,Solar,SUL,0.0,-29.899247,-52.611329,aggregate-centroid,uf-centroid:RS,,,SCHA-A-RS023
6274,MMGDRS7390,Solar,SUL,0.0,-29.899247,-52.611329,aggregate-centroid,uf-centroid:RS,,,SMARI2-RS069
6275,MMGDRS7393,Solar,SUL,0.0,-29.899247,-52.611329,aggregate-centroid,uf-centroid:RS,,,SAPUCA-RS138
6276,MMGDRS7395,Solar,SUL,0.0,-29.899247,-52.611329,aggregate-centroid,uf-centroid:RS,,,AGUDO--RS069
6277,MMGDRS7403,Solar,SUL,0.0,-29.899247,-52.611329,aggregate-centroid,uf-centroid:RS,,,CACAPA-RS069
6278,MMGDRS7404,Solar,SUL,0.0,-29.899247,-52.611329,aggregate-centroid,uf-centroid:RS,,,CACEQU-RS069
6279,MMGDRS7405,Solar,SUL,0.0,-29.899247,-52.611329,aggregate-centroid,uf-centroid:RS,,,CACHOE-RS069
6280,MMGDRS7414,Solar,SUL,0.0,-29.899247,-52.611329,aggregate-centroid,uf-centroid:RS,,,CANDE1-RS069
6281,MMGDRS7416,Solar,SUL,0.0,-29.899247,-52.611329,aggregate-centroid,uf-centroid:RS,,,VSOL---RS069
6282,MMGDRS7418,Solar,SUL,0.0,-29.899247,-52.611329,aggregate-centroid,uf-centroid:RS,,,NHAMB3-RS069
6283,MMGDRS7431,Solar,SUL,0.0,-29.899247,-52.611329,aggregate-centroid,uf-centroid:RS,,,ESTEIO-RS069
6284,MMGDRS7432,Solar,SUL,0.0,-29.899247,-52.611329,aggregate-centroid,uf-centroid:RS,,,ESTREL-RS069
6285,MMGDRS7438,Solar,SUL,0.0,-29.899247,-52.611329,aggregate-centroid,uf-centroid:RS,,,JAGUAR-RS069
6286,MMGDRS7439,Solar,SUL,0.0,-29.899247,-52.611329,aggregate-centroid,uf-centroid:RS,,,MACAMB-RS023
6287,MMGDRS7440,Solar,SUL,0.0,-29.899247,-52.611329,aggregate-centroid,uf-centroid:RS,,,LAJEA1-RS069
6288,MMGDRS7442,Solar,SUL,0.0,-29.899247,-52.611329,aggregate-centroid,uf-centroid:RS,,,SSCAI--RS138
6289,MMGDRS7444,Solar,SUL,0.0,-29.899247,-52.611329,aggregate-centroid,uf-centroid:RS,,,NHAMB1-RS069
6290,MMGDRS7445,Solar,SUL,0.0,-29.899247,-52.611329,aggregate-centroid,uf-centroid:RS,,,MONTE1-RS138
6291,MMGDRS7447,Solar,SUL,0.0,-29.899247,-52.611329,aggregate-centroid,uf-centroid:RS,,,MONTE2-RS069
6292,MMGDRS7449,Solar,SUL,0.0,-29.899247,-52.611329,aggregate-centroid,uf-centroid:RS,,,ROSARI-RS069
6293,MMGDRS7450,Solar,SUL,0.0,-29.899247,-52.611329,aggregate-centroid,uf-centroid:RS,,,RPARDO-RS069
6294,MMGDRS7454,Solar,SUL,0.0,-29.899247,-52.611329,aggregate-centroid,uf-centroid:RS,,,SANTIA-RS069
6295,MMGDRS7456,Solar,SUL,0.0,-29.899247,-52.611329,aggregate-centroid,uf-centroid:RS,,,SAPIRA-RS069
6296,MMGDRS7460,Solar,SUL,0.0,-29.899247,-52.611329,aggregate-centroid,uf-centroid:RS,,,SBORJ1-RS069
6297,MMGDRS7469,Solar,SUL,0.0,-29.899247,-52.611329,aggregate-centroid,uf-centroid:RS,,,SBORJ2-RS023
6298,MMGDRS7470,Solar,SUL,0.0,-29.899247,-52.611329,aggregate-centroid,uf-centroid:RS,,,ALEGR1-RS013
6299,MMGDRS7472,Solar,SUL,0.0,-29.899247,-52.611329,aggregate-centroid,uf-centroid:RS,,,SGABRI-RS069
6300,MMGDRS7474,Solar,SUL,0.0,-29.899247,-52.611329,aggregate-centroid,uf-centroid:RS,,,SCRUZ2-RS069
6301,MMGDRS7476,Solar,SUL,0.0,-29.899247,-52.611329,aggregate-centroid,uf-centroid:RS,,,SSEPE--RS069
6302,MMGDRS7481,Solar,SUL,0.0,-29.899247,-52.611329,aggregate-centroid,uf-centroid:RS,,,TAQUAR-RS069
6303,MMGDRS7484,Solar,SUL,0.0,-29.899247,-52.611329,aggregate-centroid,uf-centroid:RS,,,CNA1-A-RS023
6304,MMGDRS7491,Solar,SUL,0.0,-29.899247,-52.611329,aggregate-centroid,uf-centroid:RS,,,CNA1-B-RS023
6305,MMGDRS7492,Solar,SUL,0.0,-29.899247,-52.611329,aggregate-centroid,uf-centroid:RS,,,SVICEN-RS023
6306,MMGDRS7494,Solar,SUL,0.0,-29.899247,-52.611329,aggregate-centroid,uf-centroid:RS,,,SPEDRO-RS069
6307,MMGDRS7496,Solar,SUL,0.0,-29.899247,-52.611329,aggregate-centroid,uf-centroid:RS,,,SFRANC-RS069
6308,MMGDRS7498,Solar,SUL,0.0,-29.899247,-52.611329,aggregate-centroid,uf-centroid:RS,,,ALEGR3-RS069
6309,MMGDRS7514,Solar,SUL,0.0,-29.899247,-52.611329,aggregate-centroid,uf-centroid:RS,,,SCHA-B-RS023
6310,MMGDRS7517,Solar,SUL,0.0,-29.899247,-52.611329,aggregate-centroid,uf-centroid:RS,,,SMARI4-RS069
6311,MMGDRS7519,Solar,SUL,0.0,-29.899247,-52.611329,aggregate-centroid,uf-centroid:RS,,,SMA1-A-RS013
6312,MMGDRS7520,Solar,SUL,0.0,-29.899247,-52.611329,aggregate-centroid,uf-centroid:RS,,,FORMIG-RS069
6313,MMGDRS7523,Solar,SUL,0.0,-29.899247,-52.611329,aggregate-centroid,uf-centroid:RS,,,SMARI5-RS069
6314,MMGDRS7531,Solar,SUL,0.0,-29.899247,-52.611329,aggregate-centroid,uf-centroid:RS,,,SCHA-C-RS023
6315,MMGDRS7532,Solar,SUL,0.0,-29.899247,-52.611329,aggregate-centroid,uf-centroid:RS,,,SMA1-B-RS013
6316,MMGDRS7533,Solar,SUL,0.0,-29.899247,-52.611329,aggregate-centroid,uf-centroid:RS,,,TRIUNF-RS069
6317,MMGDRS7536,Solar,SUL,0.0,-29.899247,-52.611329,aggregate-centroid,uf-centroid:RS,,,SCHA-D-RS023
6318,MMGDRS7537,Solar,SUL,0.0,-29.899247,-52.611329,aggregate-centroid,uf-centroid:RS,,,URUGU4-RS069
6319,MMGDRS7541,Solar,SUL,0.0,-29.899247,-52.611329,aggregate-centroid,uf-centroid:RS,,,VAIRE2-RS069
6320,MMGDRS7544,Solar,SUL,0.0,-29.899247,-52.611329,aggregate-centroid,uf-centroid:RS,,,NHAMB2-RS138
6321,MMGDRS7545,Solar,SUL,0.0,-29.899247,-52.611329,aggregate-centroid,uf-centroid:RS,,,CANOA3-RS138
6322,MMGDRS7547,Solar,SUL,0.0,-29.899247,-52.611329,aggregate-centroid,uf-centroid:RS,,,PORTAO-RS138
6323,MMGDRS7548,Solar,SUL,0.0,-29.899247,-52.611329,aggregate-centroid,uf-centroid:RS,,,SBORJ3-RS069
6324,MMGDRS7551,Solar,SUL,0.0,-29.899247,-52.611329,aggregate-centroid,uf-centroid:RS,,,SOBRAD-RS069
6325,MMGDRS7562,Solar,SUL,0.0,-29.899247,-52.611329,aggregate-centroid,uf-centroid:RS,,,SINIMB-RS069
6326,MMGDRS7573,Solar,SUL,0.0,-29.899247,-52.611329,aggregate-centroid,uf-centroid:RS,,,URUGU7-RS069
6327,MMGDRS7574,Solar,SUL,0.0,-29.899247,-52.611329,aggregate-centroid,uf-centroid:RS,,,DIRMAO-RS138
6328,MMGDRS7575,Solar,SUL,0.0,-29.899247,-52.611329,aggregate-centroid,uf-centroid:RS,,,EVELHA-RS138
6329,MMGDRS7576,Solar,SUL,0.0,-29.899247,-52.611329,aggregate-centroid,uf-centroid:RS,,,CIND-B-RS023
6330,MMGDRS7578,Solar,SUL,0.0,-29.899247,-52.611329,aggregate-centroid,uf-centroid:RS,,,MACAMB-RS069
6331,MMGDRS7590,Solar,SUL,0.0,-29.899247,-52.611329,aggregate-centroid,uf-centroid:RS,,,SLEOP2-RS138
6332,MMGDRS7592,Solar,SUL,0.0,-29.899247,-52.611329,aggregate-centroid,uf-centroid:RS,,,SLEOP1-RS138
6333,MMGDRS7599,Solar,SUL,0.0,-29.899247,-52.611329,aggregate-centroid,uf-centroid:RS,,,SCR1-C-RS013
6334,MMGDRS7602,Solar,SUL,0.0,-29.899247,-52.611329,aggregate-centroid,uf-centroid:RS,,,SCR1-D-RS013
6335,MMGDRS7632,Solar,SUL,0.0,-29.899247,-52.611329,aggregate-centroid,uf-centroid:RS,,,BPRINC-RS138
6336,MMGDRS7729,Solar,SUL,0.0,-29.899247,-52.611329,aggregate-centroid,uf-centroid:RS,,,PSJOAO-RS069
6337,MMGDRS8013,Solar,SUL,0.0,-29.899247,-52.611329,aggregate-centroid,uf-centroid:RS,,,BGONC3-RS069
6338,MMGDRS8014,Solar,SUL,0.0,-29.899247,-52.611329,aggregate-centroid,uf-centroid:RS,,,FAR2---RS069
6339,MMGDRS8018,Solar,SUL,0.0,-29.899247,-52.611329,aggregate-centroid,uf-centroid:RS,,,BGONC1-RS069
6340,MMGDRS8021,Solar,SUL,0.0,-29.899247,-52.611329,aggregate-centroid,uf-centroid:RS,,,BGONC2-RS069
6341,MMGDRS8025,Solar,SUL,0.0,-29.899247,-52.611329,aggregate-centroid,uf-centroid:RS,,,CBARBO-RS069
6342,MMGDRS8030,Solar,SUL,0.0,-29.899247,-52.611329,aggregate-centroid,uf-centroid:RS,,,CAXI5A-RS013
6343,MMGDRS8037,Solar,SUL,0.0,-29.899247,-52.611329,aggregate-centroid,uf-centroid:RS,,,CAXI5B-RS013
6344,MMGDRS8039,Solar,SUL,0.0,-29.899247,-52.611329,aggregate-centroid,uf-centroid:RS,,,CAXIA4-RS069
6345,MMGDRS8045,Solar,SUL,0.0,-29.899247,-52.611329,aggregate-centroid,uf-centroid:RS,,,CAXIA3-RS069
6346,MMGDRS8053,Solar,SUL,0.0,-29.899247,-52.611329,aggregate-centroid,uf-centroid:RS,,,CAXI2--RS013
6347,MMGDRS8054,Solar,SUL,0.0,-29.899247,-52.611329,aggregate-centroid,uf-centroid:RS,,,FCUNHA-RS069
6348,MMGDRS8057,Solar,SUL,0.0,-29.899247,-52.611329,aggregate-centroid,uf-centroid:RS,,,SMARCO-RS069
6349,MMGDRS8058,Solar,SUL,0.0,-29.899247,-52.611329,aggregate-centroid,uf-centroid:RS,,,GARIBA-RS069
6350,MMGDRS8061,Solar,SUL,0.0,-29.899247,-52.611329,aggregate-centroid,uf-centroid:RS,,,FARROU-RS069
6351,MMGDRS8066,Solar,SUL,0.0,-29.899247,-52.611329,aggregate-centroid,uf-centroid:RS,,,CAXIA6-RS069
6352,MMGDRS8090,Solar,SUL,0.0,-29.899247,-52.611329,aggregate-centroid,uf-centroid:RS,,,MISSOE-RS069
6353,MMGDRS8101,Solar,SUL,0.0,-29.899247,-52.611329,aggregate-centroid,uf-centroid:RS,,,GRAV2A-RS023
6354,MMGDRS8102,Solar,SUL,0.0,-29.899247,-52.611329,aggregate-centroid,uf-centroid:RS,,,CACHEB-RS069
6355,MMGDRS8104,Solar,SUL,0.0,-29.899247,-52.611329,aggregate-centroid,uf-centroid:RS,,,GRAVT1-RS069
6356,MMGDRS8106,Solar,SUL,0.0,-29.899247,-52.611329,aggregate-centroid,uf-centroid:RS,,,GLORIN-RS069
6357,MMGDRS8109,Solar,SUL,0.0,-29.899247,-52.611329,aggregate-centroid,uf-centroid:RS,,,CACHOE-RS023
6358,MMGDRS8112,Solar,SUL,0.0,-29.899247,-52.611329,aggregate-centroid,uf-centroid:RS,,,CAC1-4-RS023
6359,MMGDRS8120,Solar,SUL,0.0,-29.899247,-52.611329,aggregate-centroid,uf-centroid:RS,,,CANAS2-RS138
6360,MMGDRS8130,Solar,SUL,0.0,-29.899247,-52.611329,aggregate-centroid,uf-centroid:RS,,,LGRAND-RS138
6361,MMGDRS8134,Solar,SUL,0.0,-29.899247,-52.611329,aggregate-centroid,uf-centroid:RS,,,TCOROA-RS138
6362,MMGDRS8136,Solar,SUL,0.0,-29.899247,-52.611329,aggregate-centroid,uf-centroid:RS,,,PAROBE-RS138
6363,MMGDRS8137,Solar,SUL,0.0,-29.899247,-52.611329,aggregate-centroid,uf-centroid:RS,,,ROLANT-RS138
6364,MMGDRS8140,Solar,SUL,0.0,-29.899247,-52.611329,aggregate-centroid,uf-centroid:RS,,,IGREJI-RS138
6365,MMGDRS8180,Solar,SUL,0.0,-29.899247,-52.611329,aggregate-centroid,uf-centroid:RS,,,NPRATA-RS069
6366,MMGDRS8200,Solar,SUL,0.0,-29.899247,-52.611329,aggregate-centroid,uf-centroid:RS,,,GUARIT-RS069
6367,MMGDRS8201,Solar,SUL,0.0,-29.899247,-52.611329,aggregate-centroid,uf-centroid:RS,,,GRAV2B-RS023
6368,MMGDRS8202,Solar,SUL,0.0,-29.899247,-52.611329,aggregate-centroid,uf-centroid:RS,,,BBURI2-RS069
6369,MMGDRS8224,Solar,SUL,0.0,-29.899247,-52.611329,aggregate-centroid,uf-centroid:RS,,,CLARGO-RS069
6370,MMGDRS8248,Solar,SUL,0.0,-29.899247,-52.611329,aggregate-centroid,uf-centroid:RS,,,JACUIR-RS023
6371,MMGDRS8260,Solar,SUL,0.0,-29.899247,-52.611329,aggregate-centroid,uf-centroid:RS,,,SANGL2-RS069
6372,MMGDRS8261,Solar,SUL,0.0,-29.899247,-52.611329,aggregate-centroid,uf-centroid:RS,,,SANGL2-RS023
6373,MMGDRS8262,Solar,SUL,0.0,-29.899247,-52.611329,aggregate-centroid,uf-centroid:RS,,,SANG2B-RS023
6374,MMGDRS8280,Solar,SUL,0.0,-29.899247,-52.611329,aggregate-centroid,uf-centroid:RS,,,TAPERA-RS069
6375,MMGDRS8285,Solar,SUL,0.0,-29.899247,-52.611329,aggregate-centroid,uf-centroid:RS,,,SROSA--RS069
6376,MMGDRS8289,Solar,SUL,0.0,-29.899247,-52.611329,aggregate-centroid,uf-centroid:RS,,,SMARTA-RS044
6377,MMGDRS8291,Solar,SUL,0.0,-29.899247,-52.611329,aggregate-centroid,uf-centroid:RS,,,PFUND1-RS138
6378,MMGDRS8293,Solar,SUL,0.0,-29.899247,-52.611329,aggregate-centroid,uf-centroid:RS,,,PFUND3-RS069
6379,MMGDRS8300,Solar,SUL,0.0,-29.899247,-52.611329,aggregate-centroid,uf-centroid:RS,,,PFUNDO-RS138
6380,MMGDRS8301,Solar,SUL,0.0,-29.899247,-52.611329,aggregate-centroid,uf-centroid:RS,,,ERECH1-RS138
6381,MMGDRS8317,Solar,SUL,0.0,-29.899247,-52.611329,aggregate-centroid,uf-centroid:RS,,,SERAFI-RS138
6382,MMGDRS8318,Solar,SUL,0.0,-29.899247,-52.611329,aggregate-centroid,uf-centroid:RS,,,LVERM1-RS138
6383,MMGDRS8319,Solar,SUL,0.0,-29.899247,-52.611329,aggregate-centroid,uf-centroid:RS,,,VACARI-RS138
6384,MMGDRS8320,Solar,SUL,0.0,-29.899247,-52.611329,aggregate-centroid,uf-centroid:RS,,,ERECH2-RS138
6385,MMGDRS8322,Solar,SUL,0.0,-29.899247,-52.611329,aggregate-centroid,uf-centroid:RS,,,TAPEJA-RS138
6386,MMGDRS8324,Solar,SUL,0.0,-29.899247,-52.611329,aggregate-centroid,uf-centroid:RS,,,SANAND-RS138
6387,MMGDRS8325,Solar,SUL,0.0,-29.899247,-52.611329,aggregate-centroid,uf-centroid:RS,,,GUAPOR-RS069
6388,MMGDRS8326,Solar,SUL,0.0,-29.899247,-52.611329,aggregate-centroid,uf-centroid:RS,,,GUAPOR-RS138
6389,MMGDRS8327,Solar,SUL,0.0,-29.899247,-52.611329,aggregate-centroid,uf-centroid:RS,,,CASCA--RS138
6390,MMGDRS8330,Solar,SUL,0.0,-29.899247,-52.611329,aggregate-centroid,uf-centroid:RS,,,MARAU--RS138
6391,MMGDRS8331,Solar,SUL,0.0,-29.899247,-52.611329,aggregate-centroid,uf-centroid:RS,,,CALTA1-RS138
6392,MMGDRS8332,Solar,SUL,0.0,-29.899247,-52.611329,aggregate-centroid,uf-centroid:RS,,,CALTA1-RS069
6393,MMGDRS8334,Solar,SUL,0.0,-29.899247,-52.611329,aggregate-centroid,uf-centroid:RS,,,IJUI1--RS069
6394,MMGDRS8335,Solar,SUL,0.0,-29.899247,-52.611329,aggregate-centroid,uf-centroid:RS,,,SANGL1-RS069
6395,MMGDRS8340,Solar,SUL,0.0,-29.899247,-52.611329,aggregate-centroid,uf-centroid:RS,,,JULIO2-RS138
6396,MMGDRS8344,Solar,SUL,0.0,-29.899247,-52.611329,aggregate-centroid,uf-centroid:RS,,,AFELIZ-RS069
6397,MMGDRS8348,Solar,SUL,0.0,-29.899247,-52.611329,aggregate-centroid,uf-centroid:RS,,,PALMEI-RS069
6398,MMGDRS8349,Solar,SUL,0.0,-29.899247,-52.611329,aggregate-centroid,uf-centroid:RS,,,SARAND-RS069
6399,MMGDRS8350,Solar,SUL,0.0,-29.899247,-52.611329,aggregate-centroid,uf-centroid:RS,,,CONSTA-RS138
6400,MMGDRS8352,Solar,SUL,0.0,-29.899247,-52.611329,aggregate-centroid,uf-centroid:RS,,,PLANAL-RS138
6401,MMGDRS8353,Solar,SUL,0.0,-29.899247,-52.611329,aggregate-centroid,uf-centroid:RS,,,FELIZ--RS069
6402,MMGDRS8355,Solar,SUL,0.0,-29.899247,-52.611329,aggregate-centroid,uf-centroid:RS,,,NPETR1-RS069
6403,MMGDRS8356,Solar,SUL,0.0,-29.899247,-52.611329,aggregate-centroid,uf-centroid:RS,,,CANELA-RS069
6404,MMGDRS8357,Solar,SUL,0.0,-29.899247,-52.611329,aggregate-centroid,uf-centroid:RS,,,GRAMAD-RS069
6405,MMGDRS9001,Solar,SUL,0.0,-30.050077,-51.207258,plant,reference,,,AGR----RS138
6406,MMGDRS9023,Solar,SUL,0.0,-29.899247,-52.611329,aggregate-centroid,uf-centroid:RS,,,SVP----RS138
6407,MMGDRS9037,Solar,SUL,0.0,-29.899247,-52.611329,aggregate-centroid,uf-centroid:RS,,,BUGRES-RS069
6408,MMGDRS9163,Solar,SUL,0.0,-29.899247,-52.611329,aggregate-centroid,uf-centroid:RS,,,JGR----RS138
6409,MMGDRS9186,Solar,SUL,0.0,-29.899247,-52.611329,aggregate-centroid,uf-centroid:RS,,,MML----RS138
6410,MMGDRS9190,Solar,SUL,0.0,-29.899247,-52.611329,aggregate-centroid,uf-centroid:RS,,,MOS----RS138
6411,MMGDRS9221,Solar,SUL,0.0,-29.899247,-52.611329,aggregate-centroid,uf-centroid:RS,,,PAL6-A-RS013
6412,MMGDRS9228,Solar,SUL,0.0,-29.899247,-52.611329,aggregate-centroid,uf-centroid:RS,,,PEL3---RS138
6413,MMGDRS9231,Solar,SUL,0.0,-29.899247,-52.611329,aggregate-centroid,uf-centroid:RS,,,PAL62--RS013
6414,MMGDRS9232,Solar,SUL,0.0,-29.899247,-52.611329,aggregate-centroid,uf-centroid:RS,,,PMED---RS069
6415,MMGDRS9244,Solar,SUL,0.0,-29.899247,-52.611329,aggregate-centroid,uf-centroid:RS,,,PAL9-B-RS013
6416,MMGDRS9246,Solar,SUL,0.0,-29.899247,-52.611329,aggregate-centroid,uf-centroid:RS,,,PAL9B--RS013
6417,MMGDRS9254,Solar,SUL,0.0,-29.899247,-52.611329,aggregate-centroid,uf-centroid:RS,,,POS----RS138
6418,MMGDRS9263,Solar,SUL,0.0,-29.899247,-52.611329,aggregate-centroid,uf-centroid:RS,,,QUI----RS069
6419,MMGDRS9267,Solar,SUL,0.0,-29.899247,-52.611329,aggregate-centroid,uf-centroid:RS,,,C.ALTA-RS069
6420,MMGDRS9269,Solar,SUL,0.0,-29.899247,-52.611329,aggregate-centroid,uf-centroid:RS,,,SAO----RS138
6421,MMGDRS9355,Solar,SUL,0.0,-29.899247,-52.611329,aggregate-centroid,uf-centroid:RS,,,PAL2---RS069
6422,MMGDRS9357,Solar,SUL,0.0,-29.899247,-52.611329,aggregate-centroid,uf-centroid:RS,,,PAL14--RS069
6423,MMGDRS9358,Solar,SUL,0.0,-29.899247,-52.611329,aggregate-centroid,uf-centroid:RS,,,PAL1-B-RS069
6424,MMGDRS9359,Solar,SUL,0.0,-29.899247,-52.611329,aggregate-centroid,uf-centroid:RS,,,PAL1-A-RS069
6425,MMGDRS9360,Solar,SUL,0.0,-29.899247,-52.611329,aggregate-centroid,uf-centroid:RS,,,BAG2---RS069
6426,MMGDRS9361,Solar,SUL,0.0,-29.899247,-52.611329,aggregate-centroid,uf-centroid:RS,,,PAL3---RS069
6427,MMGDRS9362,Solar,SUL,0.0,-29.899247,-52.611329,aggregate-centroid,uf-centroid:RS,,,PAL5---RS069
6428,MMGDRS9364,Solar,SUL,0.0,-29.899247,-52.611329,aggregate-centroid,uf-centroid:RS,,,CAM1---RS069
6429,MMGDRS9371,Solar,SUL,0.0,-29.899247,-52.611329,aggregate-centroid,uf-centroid:RS,,,PAL12--RS069
6430,MMGDRS9372,Solar,SUL,0.0,-29.899247,-52.611329,aggregate-centroid,uf-centroid:RS,,,ELD----RS023
6431,MMGDRS9374,Solar,SUL,0.0,-29.899247,-52.611329,aggregate-centroid,uf-centroid:RS,,,ELD-C--RS023
6432,MMGDRS9375,Solar,SUL,0.0,-29.899247,-52.611329,aggregate-centroid,uf-centroid:RS,,,PAL16--RS069
6433,MMGDRS9377,Solar,SUL,0.0,-29.899247,-52.611329,aggregate-centroid,uf-centroid:RS,,,ALV----RS069
6434,MMGDRS9384,Solar,SUL,0.0,-29.899247,-52.611329,aggregate-centroid,uf-centroid:RS,,,PAL10--RS013
6435,MMGDRS9386,Solar,SUL,0.0,-29.899247,-52.611329,aggregate-centroid,uf-centroid:RS,,,VIA1---RS069
6436,MMGDRS9387,Solar,SUL,0.0,-29.899247,-52.611329,aggregate-centroid,uf-centroid:RS,,,VIA2---RS069
6437,MMGDRS9388,Solar,SUL,0.0,-29.899247,-52.611329,aggregate-centroid,uf-centroid:RS,,,PAL13A-RS013
6438,MMGDRS9389,Solar,SUL,0.0,-29.899247,-52.611329,aggregate-centroid,uf-centroid:RS,,,PAL13B-RS013
6439,MMGDRS9395,Solar,SUL,0.0,-29.899247,-52.611329,aggregate-centroid,uf-centroid:RS,,,PAL4E--RS013
6440,MMGDRS9397,Solar,SUL,0.0,-29.899247,-52.611329,aggregate-centroid,uf-centroid:RS,,,PAL4B--RS013
6441,MMGDRS9398,Solar,SUL,0.0,-29.899247,-52.611329,aggregate-centroid,uf-centroid:RS,,,PAL4C--RS013
6442,MMGDRS9399,Solar,SUL,0.0,-29.899247,-52.611329,aggregate-centroid,uf-centroid:RS,,,PAL4D--RS013
6443,MMGDRS9400,Solar,SUL,0.0,-29.899247,-52.611329,aggregate-centroid,uf-centroid:RS,,,PAL8---RS069
6444,MMGDRS9408,Solar,SUL,0.0,-29.899247,-52.611329,aggregate-centroid,uf-centroid:RS,,,PMR----RS138
6445,MMGDRS9409,Solar,SUL,0.0,-29.899247,-52.611329,aggregate-centroid,uf-centroid:RS,,,PAL15--RS069
6446,MMGDRS9416,Solar,SUL,0.0,-29.899247,-52.611329,aggregate-centroid,uf-centroid:RS,,,PEL1---RS138
6447,MMGDRS9420,Solar,SUL,0.0,-29.899247,-52.611329,aggregate-centroid,uf-centroid:RS,,,PEL2---RS138
6448,MMGDRS9424,Solar,SUL,0.0,-29.899247,-52.611329,aggregate-centroid,uf-centroid:RS,,,PELOTA-RS138
6449,MMGDRS9428,Solar,SUL,0.0,-29.899247,-52.611329,aggregate-centroid,uf-centroid:RS,,,PEL4---RS069
6450,MMGDRS9431,Solar,SUL,0.0,-29.899247,-52.611329,aggregate-centroid,uf-centroid:RS,,,CHA2---RS069
6451,MMGDRS9448,Solar,SUL,0.0,-29.899247,-52.611329,aggregate-centroid,uf-centroid:RS,,,SJE----RS069
6452,MMGDRS9451,Solar,SUL,0.0,-29.899247,-52.611329,aggregate-centroid,uf-centroid:RS,,,GUAI1A-RS069
6453,MMGDRS9455,Solar,SUL,0.0,-29.899247,-52.611329,aggregate-centroid,uf-centroid:RS,,,GUAI1B-RS069
6454,MMGDSC43360,Solar,SUL,0.0,-27.132976,-50.582328,aggregate-centroid,uf-centroid:SC,,,JOINBV-SC138
6455,MMGDSC43860,Solar,SUL,0.0,-27.132976,-50.582328,aggregate-centroid,uf-centroid:SC,,,TREZTI-SC138
6456,MMGDSC6051,Solar,SUL,0.0,-27.612963,-48.510156,plant,reference,,,BIGUQB-SC138
6457,MMGDSC6053,Solar,SUL,0.0,-27.132976,-50.582328,aggregate-centroid,uf-centroid:SC,,,BOMBIN-SC138
6458,MMGDSC6056,Solar,SUL,0.0,-27.132976,-50.582328,aggregate-centroid,uf-centroid:SC,,,GOVCRA-SC138
6459,MMGDSC6065,Solar,SUL,0.0,-27.132976,-50.582328,aggregate-centroid,uf-centroid:SC,,,COQUEI-SC069
6460,MMGDSC6067,Solar,SUL,0.0,-27.132976,-50.582328,aggregate-centroid,uf-centroid:SC,,,CAPOE--SC138
6461,MMGDSC6069,Solar,SUL,0.0,-27.132976,-50.582328,aggregate-centroid,uf-centroid:SC,,,FLAGRO-SC138
6462,MMGDSC6072,Solar,SUL,0.0,-27.132976,-50.582328,aggregate-centroid,uf-centroid:SC,,,FLMVER-SC138
6463,MMGDSC6073,Solar,SUL,0.0,-27.132976,-50.582328,aggregate-centroid,uf-centroid:SC,,,ILHACE-SC138
6464,MMGDSC6074,Solar,SUL,0.0,-27.132976,-50.582328,aggregate-centroid,uf-centroid:SC,,,ILHANO-SC138
6465,MMGDSC6075,Solar,SUL,0.0,-27.132976,-50.582328,aggregate-centroid,uf-centroid:SC,,,ILHASU-SC138
6466,MMGDSC6076,Solar,SUL,0.0,-27.132976,-50.582328,aggregate-centroid,uf-centroid:SC,,,PALHPI-SC138
6467,MMGDSC6077,Solar,SUL,0.0,-27.132976,-50.582328,aggregate-centroid,uf-centroid:SC,,,PALHOC-SC138
6468,MMGDSC6078,Solar,SUL,0.0,-27.132976,-50.582328,aggregate-centroid,uf-centroid:SC,,,INGLES-SC138
6469,MMGDSC6079,Solar,SUL,0.0,-27.132976,-50.582328,aggregate-centroid,uf-centroid:SC,,,PTOBEL-SC138
6470,MMGDSC6082,Solar,SUL,0.0,-27.132976,-50.582328,aggregate-centroid,uf-centroid:SC,,,ROCADO-SC138
6471,MMGDSC6083,Solar,SUL,0.0,-27.132976,-50.582328,aggregate-centroid,uf-centroid:SC,,,REPARQ-SC138
6472,MMGDSC6084,Solar,SUL,0.0,-27.132976,-50.582328,aggregate-centroid,uf-centroid:SC,,,STOAMA-SC138
6473,MMGDSC6085,Solar,SUL,0.0,-27.132976,-50.582328,aggregate-centroid,uf-centroid:SC,,,SLIMOE-SC138
6474,MMGDSC6086,Solar,SUL,0.0,-27.132976,-50.582328,aggregate-centroid,uf-centroid:SC,,,SAOJOS-SC138
6475,MMGDSC6087,Solar,SUL,0.0,-27.132976,-50.582328,aggregate-centroid,uf-centroid:SC,,,SJOBAT-SC138
6476,MMGDSC6088,Solar,SUL,0.0,-27.132976,-50.582328,aggregate-centroid,uf-centroid:SC,,,PACNOV-SC138
6477,MMGDSC6091,Solar,SUL,0.0,-27.132976,-50.582328,aggregate-centroid,uf-centroid:SC,,,TIJUCA-SC138
6478,MMGDSC6096,Solar,SUL,0.0,-27.132976,-50.582328,aggregate-centroid,uf-centroid:SC,,,TRINDA-SC138
6479,MMGDSC6097,Solar,SUL,0.0,-27.132976,-50.582328,aggregate-centroid,uf-centroid:SC,,,GARCIA-SC069
6480,MMGDSC6100,Solar,SUL,0.0,-27.132976,-50.582328,aggregate-centroid,uf-centroid:SC,,,CANOIN-SC138
6481,MMGDSC6102,Solar,SUL,0.0,-27.132976,-50.582328,aggregate-centroid,uf-centroid:SC,,,ARAQUA-SC069
6482,MMGDSC6104,Solar,SUL,0.0,-27.132976,-50.582328,aggregate-centroid,uf-centroid:SC,,,ARQCOR-SC138
6483,MMGDSC6108,Solar,SUL,0.0,-27.132976,-50.582328,aggregate-centroid,uf-centroid:SC,,,GARUVA-SC138
6484,MMGDSC6109,Solar,SUL,0.0,-27.132976,-50.582328,aggregate-centroid,uf-centroid:SC,,,PUNIAO-SC138
6485,MMGDSC6110,Solar,SUL,0.0,-27.132976,-50.582328,aggregate-centroid,uf-centroid:SC,,,GUARAM-SC138
6486,MMGDSC6111,Solar,SUL,0.0,-27.132976,-50.582328,aggregate-centroid,uf-centroid:SC,,,GUALOT-SC138
6487,MMGDSC6115,Solar,SUL,0.0,-27.132976,-50.582328,aggregate-centroid,uf-centroid:SC,,,ITAPOA-SC138
6488,MMGDSC6120,Solar,SUL,0.0,-27.132976,-50.582328,aggregate-centroid,uf-centroid:SC,,,JARAGU-SC138
6489,MMGDSC6121,Solar,SUL,0.0,-27.132976,-50.582328,aggregate-centroid,uf-centroid:SC,,,JARRLU-SC138
6490,MMGDSC6124,Solar,SUL,0.0,-27.132976,-50.582328,aggregate-centroid,uf-centroid:SC,,,JARTRR-SC138
6491,MMGDSC6125,Solar,SUL,0.0,-27.132976,-50.582328,aggregate-centroid,uf-centroid:SC,,,SCHROE-SC138
6492,MMGDSC6126,Solar,SUL,0.0,-27.132976,-50.582328,aggregate-centroid,uf-centroid:SC,,,JIRIRI-SC138
6493,MMGDSC6130,Solar,SUL,0.0,-27.132976,-50.582328,aggregate-centroid,uf-centroid:SC,,,JVVNOV-SC138
6494,MMGDSC6132,Solar,SUL,0.0,-27.132976,-50.582328,aggregate-centroid,uf-centroid:SC,,,JPARAN-SC138
6495,MMGDSC6133,Solar,SUL,0.0,-27.132976,-50.582328,aggregate-centroid,uf-centroid:SC,,,ITAIBJ-SC138
6496,MMGDSC6137,Solar,SUL,0.0,-27.132976,-50.582328,aggregate-centroid,uf-centroid:SC,,,JOINSC-SC138
6497,MMGDSC6142,Solar,SUL,0.0,-27.132976,-50.582328,aggregate-centroid,uf-centroid:SC,,,JOINVU-SC069
6498,MMGDSC6143,Solar,SUL,0.0,-27.132976,-50.582328,aggregate-centroid,uf-centroid:SC,,,JOINVU-SC138
6499,MMGDSC6146,Solar,SUL,0.0,-27.132976,-50.582328,aggregate-centroid,uf-centroid:SC,,,JOINV3-SC069
6500,MMGDSC6156,Solar,SUL,0.0,-27.132976,-50.582328,aggregate-centroid,uf-centroid:SC,,,JOIN4B-SC013
6501,MMGDSC6157,Solar,SUL,0.0,-27.132976,-50.582328,aggregate-centroid,uf-centroid:SC,,,JOIN4C-SC013
6502,MMGDSC6160,Solar,SUL,0.0,-27.132976,-50.582328,aggregate-centroid,uf-centroid:SC,,,JOINV4-SC138
6503,MMGDSC6161,Solar,SUL,0.0,-27.132976,-50.582328,aggregate-centroid,uf-centroid:SC,,,JOINV5-SC069
6504,MMGDSC6162,Solar,SUL,0.0,-27.132976,-50.582328,aggregate-centroid,uf-centroid:SC,,,JOINPE-SC138
6505,MMGDSC6165,Solar,SUL,0.0,-27.132976,-50.582328,aggregate-centroid,uf-centroid:SC,,,MAFRA--SC138
6506,MMGDSC6169,Solar,SUL,0.0,-27.132976,-50.582328,aggregate-centroid,uf-centroid:SC,,,PAPAND-SC138
6507,MMGDSC6171,Solar,SUL,0.0,-27.132976,-50.582328,aggregate-centroid,uf-centroid:SC,,,PIRABE-SC138
6508,MMGDSC6176,Solar,SUL,0.0,-27.132976,-50.582328,aggregate-centroid,uf-centroid:SC,,,RNEGRI-SC138
6509,MMGDSC6180,Solar,SUL,0.0,-27.132976,-50.582328,aggregate-centroid,uf-centroid:SC,,,SAOBEN-SC138
6510,MMGDSC6181,Solar,SUL,0.0,-27.132976,-50.582328,aggregate-centroid,uf-centroid:SC,,,SBENBR-SC138
6511,MMGDSC6183,Solar,SUL,0.0,-27.132976,-50.582328,aggregate-centroid,uf-centroid:SC,,,SFRANC-SC069
6512,MMGDSC6189,Solar,SUL,0.0,-27.132976,-50.582328,aggregate-centroid,uf-centroid:SC,,,UBATUB-SC069
6513,MMGDSC6200,Solar,SUL,0.0,-27.132976,-50.582328,aggregate-centroid,uf-centroid:SC,,,BGARCI-SC069
6514,MMGDSC6201,Solar,SUL,0.0,-27.132976,-50.582328,aggregate-centroid,uf-centroid:SC,,,BGARCI-SC138
6515,MMGDSC6206,Solar,SUL,0.0,-27.132976,-50.582328,aggregate-centroid,uf-centroid:SC,,,BSALTO-SC069
6516,MMGDSC6208,Solar,SUL,0.0,-27.132976,-50.582328,aggregate-centroid,uf-centroid:SC,,,BFORTA-SC138
6517,MMGDSC6211,Solar,SUL,0.0,-27.132976,-50.582328,aggregate-centroid,uf-centroid:SC,,,BLUME2-SC069
6518,MMGDSC6212,Solar,SUL,0.0,-27.132976,-50.582328,aggregate-centroid,uf-centroid:SC,,,BLUME2-SC138
6519,MMGDSC6217,Solar,SUL,0.0,-27.132976,-50.582328,aggregate-centroid,uf-centroid:SC,,,BVELHA-SC138
6520,MMGDSC6223,Solar,SUL,0.0,-27.132976,-50.582328,aggregate-centroid,uf-centroid:SC,,,BRUSQU-SC138
6521,MMGDSC6224,Solar,SUL,0.0,-27.132976,-50.582328,aggregate-centroid,uf-centroid:SC,,,BRUSQR-SC138
6522,MMGDSC6225,Solar,SUL,0.0,-27.132976,-50.582328,aggregate-centroid,uf-centroid:SC,,,BRUSPD-SC138
6523,MMGDSC6226,Solar,SUL,0.0,-27.132976,-50.582328,aggregate-centroid,uf-centroid:SC,,,BOTUVE-SC138
6524,MMGDSC6228,Solar,SUL,0.0,-27.132976,-50.582328,aggregate-centroid,uf-centroid:SC,,,CAMBOR-SC138
6525,MMGDSC6229,Solar,SUL,0.0,-27.132976,-50.582328,aggregate-centroid,uf-centroid:SC,,,CAMBMB-SC138
6526,MMGDSC6244,Solar,SUL,0.0,-27.132976,-50.582328,aggregate-centroid,uf-centroid:SC,,,GASPAR-SC138
6527,MMGDSC6249,Solar,SUL,0.0,-27.132976,-50.582328,aggregate-centroid,uf-centroid:SC,,,IBIRAM-SC069
6528,MMGDSC6252,Solar,SUL,0.0,-27.132976,-50.582328,aggregate-centroid,uf-centroid:SC,,,INDAIA-SC138
6529,MMGDSC6256,Solar,SUL,0.0,-27.132976,-50.582328,aggregate-centroid,uf-centroid:SC,,,MPRAIA-SC138
6530,MMGDSC6262,Solar,SUL,0.0,-27.132976,-50.582328,aggregate-centroid,uf-centroid:SC,,,ITUPOR-SC069
6531,MMGDSC6265,Solar,SUL,0.0,-27.132976,-50.582328,aggregate-centroid,uf-centroid:SC,,,ITAJSA-SC069
6532,MMGDSC6266,Solar,SUL,0.0,-27.132976,-50.582328,aggregate-centroid,uf-centroid:SC,,,ITAJSA-SC138
6533,MMGDSC6268,Solar,SUL,0.0,-27.132976,-50.582328,aggregate-centroid,uf-centroid:SC,,,ITAJIT-SC138
6534,MMGDSC6269,Solar,SUL,0.0,-27.132976,-50.582328,aggregate-centroid,uf-centroid:SC,,,ITAJFA-SC138
6535,MMGDSC6270,Solar,SUL,0.0,-27.132976,-50.582328,aggregate-centroid,uf-centroid:SC,,,NAVEGA-SC138
6536,MMGDSC6273,Solar,SUL,0.0,-27.132976,-50.582328,aggregate-centroid,uf-centroid:SC,,,VOLTAG-SC069
6537,MMGDSC6274,Solar,SUL,0.0,-27.132976,-50.582328,aggregate-centroid,uf-centroid:SC,,,POMERO-SC138
6538,MMGDSC6276,Solar,SUL,0.0,-27.132976,-50.582328,aggregate-centroid,uf-centroid:SC,,,PICARR-SC138
6539,MMGDSC6277,Solar,SUL,0.0,-27.132976,-50.582328,aggregate-centroid,uf-centroid:SC,,,PGETUL-SC138
6540,MMGDSC6279,Solar,SUL,0.0,-27.132976,-50.582328,aggregate-centroid,uf-centroid:SC,,,RIOSU1-SC069
6541,MMGDSC6281,Solar,SUL,0.0,-27.132976,-50.582328,aggregate-centroid,uf-centroid:SC,,,RIOSU2-SC138
6542,MMGDSC6283,Solar,SUL,0.0,-27.132976,-50.582328,aggregate-centroid,uf-centroid:SC,,,RSULCG-SC138
6543,MMGDSC6289,Solar,SUL,0.0,-27.132976,-50.582328,aggregate-centroid,uf-centroid:SC,,,TAIO---SC069
6544,MMGDSC6290,Solar,SUL,0.0,-27.132976,-50.582328,aggregate-centroid,uf-centroid:SC,,,TROMCE-SC138
6545,MMGDSC6293,Solar,SUL,0.0,-27.132976,-50.582328,aggregate-centroid,uf-centroid:SC,,,TIMBO--SC069
6546,MMGDSC6295,Solar,SUL,0.0,-27.132976,-50.582328,aggregate-centroid,uf-centroid:SC,,,TIMBO--SC138
6547,MMGDSC6297,Solar,SUL,0.0,-27.132976,-50.582328,aggregate-centroid,uf-centroid:SC,,,VIDALR-SC138
6548,MMGDSC6298,Solar,SUL,0.0,-27.132976,-50.582328,aggregate-centroid,uf-centroid:SC,,,BARVEL-SC138
6549,MMGDSC6301,Solar,SUL,0.0,-27.132976,-50.582328,aggregate-centroid,uf-centroid:SC,,,BRETIR-SC069
6550,MMGDSC6310,Solar,SUL,0.0,-27.132976,-50.582328,aggregate-centroid,uf-centroid:SC,,,LAGESI-SC138
6551,MMGDSC6320,Solar,SUL,0.0,-27.132976,-50.582328,aggregate-centroid,uf-centroid:SC,,,OTACIL-SC138
6552,MMGDSC6323,Solar,SUL,0.0,-27.132976,-50.582328,aggregate-centroid,uf-centroid:SC,,,PTEALT-SC069
6553,MMGDSC6325,Solar,SUL,0.0,-27.132976,-50.582328,aggregate-centroid,uf-centroid:SC,,,SCECIL-SC069
6554,MMGDSC6326,Solar,SUL,0.0,-27.132976,-50.582328,aggregate-centroid,uf-centroid:SC,,,SCRIST-SC069
6555,MMGDSC6327,Solar,SUL,0.0,-27.132976,-50.582328,aggregate-centroid,uf-centroid:SC,,,CURITI-SC138
6556,MMGDSC6328,Solar,SUL,0.0,-27.132976,-50.582328,aggregate-centroid,uf-centroid:SC,,,SJOAQU-SC138
6557,MMGDSC6335,Solar,SUL,0.0,-27.132976,-50.582328,aggregate-centroid,uf-centroid:SC,,,URUBIC-SC138
6558,MMGDSC6339,Solar,SUL,0.0,-27.132976,-50.582328,aggregate-centroid,uf-centroid:SC,,,VRAMJR-SC138
6559,MMGDSC6345,Solar,SUL,0.0,-27.132976,-50.582328,aggregate-centroid,uf-centroid:SC,,,CACADO-SC138
6560,MMGDSC6346,Solar,SUL,0.0,-27.132976,-50.582328,aggregate-centroid,uf-centroid:SC,,,CDCAST-SC138
6561,MMGDSC6350,Solar,SUL,0.0,-27.132976,-50.582328,aggregate-centroid,uf-centroid:SC,,,CNOVSA-SC138
6562,MMGDSC6356,Solar,SUL,0.0,-27.132976,-50.582328,aggregate-centroid,uf-centroid:SC,,,CAPINZ-SC069
6563,MMGDSC6365,Solar,SUL,0.0,-27.132976,-50.582328,aggregate-centroid,uf-centroid:SC,,,CATAND-SC138
6564,MMGDSC6367,Solar,SUL,0.0,-27.132976,-50.582328,aggregate-centroid,uf-centroid:SC,,,FRAIBU-SC069
6565,MMGDSC6386,Solar,SUL,0.0,-27.132976,-50.582328,aggregate-centroid,uf-centroid:SC,,,HERVAL-SC138
6566,MMGDSC6391,Solar,SUL,0.0,-27.132976,-50.582328,aggregate-centroid,uf-centroid:SC,,,VIDEIR-SC138
6567,MMGDSC6398,Solar,SUL,0.0,-27.132976,-50.582328,aggregate-centroid,uf-centroid:SC,,,TANGAR-SC138
6568,MMGDSC6400,Solar,SUL,0.0,-27.132976,-50.582328,aggregate-centroid,uf-centroid:SC,,,ARABUT-SC069
6569,MMGDSC6413,Solar,SUL,0.0,-27.132976,-50.582328,aggregate-centroid,uf-centroid:SC,,,CHAPSA-SC138
6570,MMGDSC6426,Solar,SUL,0.0,-27.132976,-50.582328,aggregate-centroid,uf-centroid:SC,,,CONCOR-SC069
6571,MMGDSC6427,Solar,SUL,0.0,-27.132976,-50.582328,aggregate-centroid,uf-centroid:SC,,,CONCSC-SC138
6572,MMGDSC6430,Solar,SUL,0.0,-27.132976,-50.582328,aggregate-centroid,uf-centroid:SC,,,CHAPE2-SC138
6573,MMGDSC6431,Solar,SUL,0.0,-27.132976,-50.582328,aggregate-centroid,uf-centroid:SC,,,CHAPEC-SC069
6574,MMGDSC6435,Solar,SUL,0.0,-27.132976,-50.582328,aggregate-centroid,uf-centroid:SC,,,IPUMIR-SC069
6575,MMGDSC6436,Solar,SUL,0.0,-27.132976,-50.582328,aggregate-centroid,uf-centroid:SC,,,ITAPIR-SC069
6576,MMGDSC6437,Solar,SUL,0.0,-27.132976,-50.582328,aggregate-centroid,uf-centroid:SC,,,FAXINA-SC069
6577,MMGDSC6438,Solar,SUL,0.0,-27.132976,-50.582328,aggregate-centroid,uf-centroid:SC,,,MARAVI-SC138
6578,MMGDSC6441,Solar,SUL,0.0,-27.132976,-50.582328,aggregate-centroid,uf-centroid:SC,,,PALMIT-SC138
6579,MMGDSC6442,Solar,SUL,0.0,-27.132976,-50.582328,aggregate-centroid,uf-centroid:SC,,,PINHAL-SC138
6580,MMGDSC6443,Solar,SUL,0.0,-27.132976,-50.582328,aggregate-centroid,uf-centroid:SC,,,MONDAI-SC138
6581,MMGDSC6445,Solar,SUL,0.0,-27.132976,-50.582328,aggregate-centroid,uf-centroid:SC,,,ABLLUZ-SC138
6582,MMGDSC6456,Solar,SUL,0.0,-27.132976,-50.582328,aggregate-centroid,uf-centroid:SC,,,QUILOM-SC138
6583,MMGDSC6465,Solar,SUL,0.0,-27.132976,-50.582328,aggregate-centroid,uf-centroid:SC,,,SMIGUE-SC138
6584,MMGDSC6470,Solar,SUL,0.0,-27.132976,-50.582328,aggregate-centroid,uf-centroid:SC,,,SJCEDR-SC069
6585,MMGDSC6471,Solar,SUL,0.0,-27.132976,-50.582328,aggregate-centroid,uf-centroid:SC,,,SLOEST-SC138
6586,MMGDSC6478,Solar,SUL,0.0,-27.132976,-50.582328,aggregate-centroid,uf-centroid:SC,,,SEARA--SC069
6587,MMGDSC6490,Solar,SUL,0.0,-27.132976,-50.582328,aggregate-centroid,uf-centroid:SC,,,XANXER-SC138
6588,MMGDSC6518,Solar,SUL,0.0,-27.132976,-50.582328,aggregate-centroid,uf-centroid:SC,,,IMBITU-SC138
6589,MMGDSC6520,Solar,SUL,0.0,-27.132976,-50.582328,aggregate-centroid,uf-centroid:SC,,,GAROPA-SC138
6590,MMGDSC6522,Solar,SUL,0.0,-27.132976,-50.582328,aggregate-centroid,uf-centroid:SC,,,JAGUAR-SC069
6591,MMGDSC6525,Solar,SUL,0.0,-27.132976,-50.582328,aggregate-centroid,uf-centroid:SC,,,LAGUNA-SC138
6592,MMGDSC6530,Solar,SUL,0.0,-27.132976,-50.582328,aggregate-centroid,uf-centroid:SC,,,ORLEAN-SC138
6593,MMGDSC6531,Solar,SUL,0.0,-27.132976,-50.582328,aggregate-centroid,uf-centroid:SC,,,TUBAR2-SC069
6594,MMGDSC6532,Solar,SUL,0.0,-27.132976,-50.582328,aggregate-centroid,uf-centroid:SC,,,TUBARA-SC069
6595,MMGDSC6533,Solar,SUL,0.0,-27.132976,-50.582328,aggregate-centroid,uf-centroid:SC,,,CAPIVB-SC138
6596,MMGDSC6535,Solar,SUL,0.0,-27.132976,-50.582328,aggregate-centroid,uf-centroid:SC,,,SANGAO-SC069
6597,MMGDSC6552,Solar,SUL,0.0,-27.132976,-50.582328,aggregate-centroid,uf-centroid:SC,,,ARARAN-SC069
6598,MMGDSC6553,Solar,SUL,0.0,-27.132976,-50.582328,aggregate-centroid,uf-centroid:SC,,,ARARLS-SC069
6599,MMGDSC6556,Solar,SUL,0.0,-27.132976,-50.582328,aggregate-centroid,uf-centroid:SC,,,CRIFLO-SC069
6600,MMGDSC6557,Solar,SUL,0.0,-27.132976,-50.582328,aggregate-centroid,uf-centroid:SC,,,CRICI3-SC069
6601,MMGDSC6561,Solar,SUL,0.0,-27.132976,-50.582328,aggregate-centroid,uf-centroid:SC,,,CRICIU-SC069
6602,MMGDSC6574,Solar,SUL,0.0,-27.132976,-50.582328,aggregate-centroid,uf-centroid:SC,,,FORQUI-SC069
6603,MMGDSC6576,Solar,SUL,0.0,-27.132976,-50.582328,aggregate-centroid,uf-centroid:SC,,,ICARA--SC069
6604,MMGDSC6577,Solar,SUL,0.0,-27.132976,-50.582328,aggregate-centroid,uf-centroid:SC,,,RINCAO-SC069
6605,MMGDSC6578,Solar,SUL,0.0,-27.132976,-50.582328,aggregate-centroid,uf-centroid:SC,,,LAUROM-SC069
6606,MMGDSC6579,Solar,SUL,0.0,-27.132976,-50.582328,aggregate-centroid,uf-centroid:SC,,,MARACA-SC069
6607,MMGDSC6585,Solar,SUL,0.0,-27.132976,-50.582328,aggregate-centroid,uf-centroid:SC,,,CERMOF-SC069
6608,MMGDSC6588,Solar,SUL,0.0,-27.132976,-50.582328,aggregate-centroid,uf-centroid:SC,,,CERMMV-SC069
6609,MMGDSC6590,Solar,SUL,0.0,-27.132976,-50.582328,aggregate-centroid,uf-centroid:SC,,,ERMO---SC069
6610,MMGDSC6593,Solar,SUL,0.0,-27.132976,-50.582328,aggregate-centroid,uf-centroid:SC,,,SOMBRI-SC069
6611,MMGDSC6594,Solar,SUL,0.0,-27.132976,-50.582328,aggregate-centroid,uf-centroid:SC,,,SIDEOA-SC069
6612,MMGDSC6595,Solar,SUL,0.0,-27.132976,-50.582328,aggregate-centroid,uf-centroid:SC,,,CEPRAG-SC069
6613,MMGDSC6596,Solar,SUL,0.0,-27.132976,-50.582328,aggregate-centroid,uf-centroid:SC,,,URUSSA-SC069
8023,OMGDPR44846,General,SUL,0.0,-24.820879,-51.467620,aggregate-centroid,uf-centroid:PR,,,SQUITE-PR013
8024,OMGDPR44849,General,SUL,0.0,-24.820879,-51.467620,aggregate-centroid,uf-centroid:PR,,,UBERAB-PR013
8025,OMGDPR45080,General,SUL,0.0,-24.820879,-51.467620,aggregate-centroid,uf-centroid:PR,,,MORANG-PR138
8026,OMGDPR45081,General,SUL,0.0,-24.820879,-51.467620,aggregate-centroid,uf-centroid:PR,,,INGA---PR138
8027,OMGDPR45604,General,SUL,0.0,-24.820879,-51.467620,aggregate-centroid,uf-centroid:PR,,,PINHRI-PR138
8028,OMGDPR45620,General,SUL,0.0,-24.820879,-51.467620,aggregate-centroid,uf-centroid:PR,,,JRDFIG-PR138
8029,OMGDPR45640,General,SUL,0.0,-24.820879,-51.467620,aggregate-centroid,uf-centroid:PR,,,NOVALO-PR138
8030,OMGDPR45641,General,SUL,0.0,-24.820879,-51.467620,aggregate-centroid,uf-centroid:PR,,,NOVPIG-PR138
8031,OMGDPR45642,General,SUL,0.0,-24.820879,-51.467620,aggregate-centroid,uf-centroid:PR,,,AREBRA-PR138
8032,OMGDPR45643,General,SUL,0.0,-24.820879,-51.467620,aggregate-centroid,uf-centroid:PR,,,MRIBAS-PR138
8033,OMGDPR45644,General,SUL,0.0,-24.820879,-51.467620,aggregate-centroid,uf-centroid:PR,,,PALMTA-PR138
8034,OMGDPR45647,General,SUL,0.0,-24.820879,-51.467620,aggregate-centroid,uf-centroid:PR,,,BARIGU-PR138
8035,OMGDPR45648,General,SUL,0.0,-24.820879,-51.467620,aggregate-centroid,uf-centroid:PR,,,SJPINH-PR138
8036,OMGDPR45649,General,SUL,0.0,-24.820879,-51.467620,aggregate-centroid,uf-centroid:PR,,,SITIOC-PR138
8037,OMGDPR45650,General,SUL,0.0,-24.820879,-51.467620,aggregate-centroid,uf-centroid:PR,,,AFOPEN-PR138
8038,OMGDPR6775,General,SUL,0.0,-24.820879,-51.467620,aggregate-centroid,uf-centroid:PR,,,JTAVOR-PR138
8039,OMGDPR6779,General,SUL,0.0,-24.820879,-51.467620,aggregate-centroid,uf-centroid:PR,,,AVERDE-PR069
8040,OMGDPR6780,General,SUL,0.0,-24.820879,-51.467620,aggregate-centroid,uf-centroid:PR,,,SMT-T1-PR013
8041,OMGDPR6781,General,SUL,0.0,-24.820879,-51.467620,aggregate-centroid,uf-centroid:PR,,,PGS-T4-PR013
8042,OMGDPR6782,General,SUL,0.0,-24.820879,-51.467620,aggregate-centroid,uf-centroid:PR,,,PGN-T3-PR013
8043,OMGDPR6805,General,SUL,0.0,-24.820879,-51.467620,aggregate-centroid,uf-centroid:PR,,,CAFELA-PR138
8044,OMGDPR6806,General,SUL,0.0,-24.820879,-51.467620,aggregate-centroid,uf-centroid:PR,,,ATLANT-PR138
8045,OMGDPR6807,General,SUL,0.0,-24.820879,-51.467620,aggregate-centroid,uf-centroid:PR,,,SMIGUA-PR138
8046,OMGDPR6808,General,SUL,0.0,-24.820879,-51.467620,aggregate-centroid,uf-centroid:PR,,,JCANAD-PR138
8047,OMGDPR6809,General,SUL,0.0,-24.820879,-51.467620,aggregate-centroid,uf-centroid:PR,,,DITBOR-PR138
8048,OMGDPR6810,General,SUL,0.0,-24.820879,-51.467620,aggregate-centroid,uf-centroid:PR,,,CHOPIN-PR138
8049,OMGDPR6812,General,SUL,0.0,-24.820879,-51.467620,aggregate-centroid,uf-centroid:PR,,,ACHATE-PR138
8050,OMGDPR6814,General,SUL,0.0,-24.820879,-51.467620,aggregate-centroid,uf-centroid:PR,,,ALTONI-PR138
8051,OMGDPR6816,General,SUL,0.0,-24.820879,-51.467620,aggregate-centroid,uf-centroid:PR,,,ANDIRA-PR138
8052,OMGDPR6818,General,SUL,0.0,-24.820879,-51.467620,aggregate-centroid,uf-centroid:PR,,,APUCAR-PR138
8053,OMGDPR6819,General,SUL,0.0,-24.820879,-51.467620,aggregate-centroid,uf-centroid:PR,,,CRISTO-PR138
8054,OMGDPR6820,General,SUL,0.0,-24.820879,-51.467620,aggregate-centroid,uf-centroid:PR,,,ALPARA-PR138
8055,OMGDPR6821,General,SUL,0.0,-24.820879,-51.467620,aggregate-centroid,uf-centroid:PR,,,TANGAR-PR138
8056,OMGDPR6822,General,SUL,0.0,-24.820879,-51.467620,aggregate-centroid,uf-centroid:PR,,,ARAPON-PR138
8057,OMGDPR6823,General,SUL,0.0,-24.820879,-51.467620,aggregate-centroid,uf-centroid:PR,,,ARAPOT-PR138
8058,OMGDPR6824,General,SUL,0.0,-24.820879,-51.467620,aggregate-centroid,uf-centroid:PR,,,ARAUCA-PR069
8059,OMGDPR6825,General,SUL,0.0,-24.820879,-51.467620,aggregate-centroid,uf-centroid:PR,,,TOMAZC-PR069
8060,OMGDPR6826,General,SUL,0.0,-24.820879,-51.467620,aggregate-centroid,uf-centroid:PR,,,AREIA--PR138
8061,OMGDPR6827,General,SUL,0.0,-24.820879,-51.467620,aggregate-centroid,uf-centroid:PR,,,ASSAI--PR138
8062,OMGDPR6828,General,SUL,0.0,-24.820879,-51.467620,aggregate-centroid,uf-centroid:PR,,,ASTORG-PR138
8063,OMGDPR6829,General,SUL,0.0,-24.820879,-51.467620,aggregate-centroid,uf-centroid:PR,,,ALMTAM-PR138
8064,OMGDPR6839,General,SUL,0.0,-24.820879,-51.467620,aggregate-centroid,uf-centroid:PR,,,BAIRRA-PR069
8065,OMGDPR6840,General,SUL,0.0,-24.820879,-51.467620,aggregate-centroid,uf-centroid:PR,,,BDRANT-PR138
8066,OMGDPR6844,General,SUL,0.0,-24.820879,-51.467620,aggregate-centroid,uf-centroid:PR,,,BARFER-PR138
8067,OMGDPR6846,General,SUL,0.0,-24.820879,-51.467620,aggregate-centroid,uf-centroid:PR,,,BVPARA-PR138
8068,OMGDPR6847,General,SUL,0.0,-24.820879,-51.467620,aggregate-centroid,uf-centroid:PR,,,SPIVAI-PR138
8069,OMGDPR6850,General,SUL,0.0,-24.820879,-51.467620,aggregate-centroid,uf-centroid:PR,,,CASSOB-PR013
8070,OMGDPR6851,General,SUL,0.0,-24.820879,-51.467620,aggregate-centroid,uf-centroid:PR,,,CCOMPR-PR013
8071,OMGDPR6859,General,SUL,0.0,-24.820879,-51.467620,aggregate-centroid,uf-centroid:PR,,,CASTRO-PR138
8072,OMGDPR6860,General,SUL,0.0,-24.820879,-51.467620,aggregate-centroid,uf-centroid:PR,,,CAPANE-PR069
8073,OMGDPR6864,General,SUL,0.0,-24.820879,-51.467620,aggregate-centroid,uf-centroid:PR,,,ATUBA--PR069
8074,OMGDPR6865,General,SUL,0.0,-24.820879,-51.467620,aggregate-centroid,uf-centroid:PR,,,CENTRO-PR069
8075,OMGDPR6868,General,SUL,0.0,-24.820879,-51.467620,aggregate-centroid,uf-centroid:PR,,,PILARZ-PR069
8076,OMGDPR6871,General,SUL,0.0,-24.820879,-51.467620,aggregate-centroid,uf-centroid:PR,,,TARUMA-PR069
8077,OMGDPR6872,General,SUL,0.0,-24.820879,-51.467620,aggregate-centroid,uf-centroid:PR,,,BACACH-PR069
8078,OMGDPR6873,General,SUL,0.0,-24.820879,-51.467620,aggregate-centroid,uf-centroid:PR,,,PAROLI-PR069
8079,OMGDPR6874,General,SUL,0.0,-24.820879,-51.467620,aggregate-centroid,uf-centroid:PR,,,BATEL--PR069
8080,OMGDPR6875,General,SUL,0.0,-24.820879,-51.467620,aggregate-centroid,uf-centroid:PR,,,NOVOMU-PR069
8081,OMGDPR6876,General,SUL,0.0,-24.820879,-51.467620,aggregate-centroid,uf-centroid:PR,,,BOQUEI-PR069
8082,OMGDPR6877,General,SUL,0.0,-24.820879,-51.467620,aggregate-centroid,uf-centroid:PR,,,ALTGLO-PR069
8083,OMGDPR6878,General,SUL,0.0,-24.820879,-51.467620,aggregate-centroid,uf-centroid:PR,,,MERCES-PR069
8084,OMGDPR6879,General,SUL,0.0,-24.820879,-51.467620,aggregate-centroid,uf-centroid:PR,,,TATU+F-PR069
8085,OMGDPR6880,General,SUL,0.0,-24.820879,-51.467620,aggregate-centroid,uf-centroid:PR,,,STAFEL-PR069
8086,OMGDPR6883,General,SUL,0.0,-24.820879,-51.467620,aggregate-centroid,uf-centroid:PR,,,CSIQUE-PR069
8087,OMGDPR6885,General,SUL,0.0,-24.820879,-51.467620,aggregate-centroid,uf-centroid:PR,,,HAUER--PR069
8088,OMGDPR6886,General,SUL,0.0,-24.820879,-51.467620,aggregate-centroid,uf-centroid:PR,,,JAMERI-PR069
8089,OMGDPR6889,General,SUL,0.0,-24.820879,-51.467620,aggregate-centroid,uf-centroid:PR,,,B.RETI-PR069
8090,OMGDPR6890,General,SUL,0.0,-24.820879,-51.467620,aggregate-centroid,uf-centroid:PR,,,XAXIM--PR069
8091,OMGDPR6891,General,SUL,0.0,-24.820879,-51.467620,aggregate-centroid,uf-centroid:PR,,,CGAUCH-PR138
8092,OMGDPR6893,General,SUL,0.0,-24.820879,-51.467620,aggregate-centroid,uf-centroid:PR,,,PINHEI-PR138
8093,OMGDPR6894,General,SUL,0.0,-24.820879,-51.467620,aggregate-centroid,uf-centroid:PR,,,CASCAV-PR138
8094,OMGDPR6895,General,SUL,0.0,-24.820879,-51.467620,aggregate-centroid,uf-centroid:PR,,,OLIMPI-PR138
8095,OMGDPR6896,General,SUL,0.0,-24.820879,-51.467620,aggregate-centroid,uf-centroid:PR,,,SCRIST-PR138
8096,OMGDPR6897,General,SUL,0.0,-24.820879,-51.467620,aggregate-centroid,uf-centroid:PR,,,CEUAZU-PR138
8097,OMGDPR6900,General,SUL,0.0,-24.820879,-51.467620,aggregate-centroid,uf-centroid:PR,,,CIANOR-PR138
8098,OMGDPR6901,General,SUL,0.0,-24.820879,-51.467620,aggregate-centroid,uf-centroid:PR,,,CLEVEL-PR138
8099,OMGDPR6902,General,SUL,0.0,-24.820879,-51.467620,aggregate-centroid,uf-centroid:PR,,,CLARGO-PR138
8100,OMGDPR6904,General,SUL,0.0,-24.820879,-51.467620,aggregate-centroid,uf-centroid:PR,,,DICLAR-PR138
8101,OMGDPR6906,General,SUL,0.0,-24.820879,-51.467620,aggregate-centroid,uf-centroid:PR,,,MOURAO-PR069
8102,OMGDPR6908,General,SUL,0.0,-24.820879,-51.467620,aggregate-centroid,uf-centroid:PR,,,SDUMON-PR138
8103,OMGDPR6911,General,SUL,0.0,-24.820879,-51.467620,aggregate-centroid,uf-centroid:PR,,,BDEIRA-PR138
8104,OMGDPR6915,General,SUL,0.0,-24.820879,-51.467620,aggregate-centroid,uf-centroid:PR,,,COLORA-PR138
8105,OMGDPR6917,General,SUL,0.0,-24.820879,-51.467620,aggregate-centroid,uf-centroid:PR,,,CPROCO-PR138
8106,OMGDPR6918,General,SUL,0.0,-24.820879,-51.467620,aggregate-centroid,uf-centroid:PR,,,CIC----PR013
8107,OMGDPR6919,General,SUL,0.0,-24.820879,-51.467620,aggregate-centroid,uf-centroid:PR,,,CSEGRE-PR138
8108,OMGDPR6921,General,SUL,0.0,-24.820879,-51.467620,aggregate-centroid,uf-centroid:PR,,,CLMARQ-PR138
8109,OMGDPR6922,General,SUL,0.0,-24.820879,-51.467620,aggregate-centroid,uf-centroid:PR,,,COLOMB-PR138
8110,OMGDPR6926,General,SUL,0.0,-24.820879,-51.467620,aggregate-centroid,uf-centroid:PR,,,DISJOS-PR013
8111,OMGDPR6931,General,SUL,0.0,-24.820879,-51.467620,aggregate-centroid,uf-centroid:PR,,,2VIZIN-PR138
8112,OMGDPR6935,General,SUL,0.0,-24.820879,-51.467620,aggregate-centroid,uf-centroid:PR,,,CONCOR-PR138
8113,OMGDPR6936,General,SUL,0.0,-24.820879,-51.467620,aggregate-centroid,uf-centroid:PR,,,PETROP-PR138
8114,OMGDPR6952,General,SUL,0.0,-24.820879,-51.467620,aggregate-centroid,uf-centroid:PR,,,FAXINA-PR138
8115,OMGDPR6953,General,SUL,0.0,-24.820879,-51.467620,aggregate-centroid,uf-centroid:PR,,,FAZIGU-PR138
8116,OMGDPR6954,General,SUL,0.0,-24.820879,-51.467620,aggregate-centroid,uf-centroid:PR,,,FBELTR-PR138
8117,OMGDPR6957,General,SUL,0.0,-24.820879,-51.467620,aggregate-centroid,uf-centroid:PR,,,FIGUEI-PR138
8118,OMGDPR6958,General,SUL,0.0,-24.820879,-51.467620,aggregate-centroid,uf-centroid:PR,,,FLORES-PR138
8119,OMGDPR6961,General,SUL,0.0,-24.820879,-51.467620,aggregate-centroid,uf-centroid:PR,,,FIGUAC-PR138
8120,OMGDPR6962,General,SUL,0.0,-24.820879,-51.467620,aggregate-centroid,uf-centroid:PR,,,VYOLAN-PR138
8121,OMGDPR6963,General,SUL,0.0,-24.820879,-51.467620,aggregate-centroid,uf-centroid:PR,,,PORTAL-PR138
8122,OMGDPR6966,General,SUL,0.0,-24.820879,-51.467620,aggregate-centroid,uf-centroid:PR,,,FRGRAN-PR138
8123,OMGDPR6980,General,SUL,0.0,-24.820879,-51.467620,aggregate-centroid,uf-centroid:PR,,,GOIOER-PR138
8124,OMGDPR6981,General,SUL,0.0,-24.820879,-51.467620,aggregate-centroid,uf-centroid:PR,,,GPS----PR138
8125,OMGDPR6984,General,SUL,0.0,-24.820879,-51.467620,aggregate-centroid,uf-centroid:PR,,,GUAIRA-PR138
8126,OMGDPR6985,General,SUL,0.0,-24.820879,-51.467620,aggregate-centroid,uf-centroid:PR,,,GUARAI-PR069
8127,OMGDPR6986,General,SUL,0.0,-24.820879,-51.467620,aggregate-centroid,uf-centroid:PR,,,GUARAT-PR138
8128,OMGDPR6990,General,SUL,0.0,-24.820879,-51.467620,aggregate-centroid,uf-centroid:PR,,,GUARAP-PR138
8129,OMGDPR6991,General,SUL,0.0,-24.820879,-51.467620,aggregate-centroid,uf-centroid:PR,,,VILACA-PR138
8130,OMGDPR7009,General,SUL,0.0,-24.820879,-51.467620,aggregate-centroid,uf-centroid:PR,,,IBAITI-PR138
8131,OMGDPR7010,General,SUL,0.0,-24.820879,-51.467620,aggregate-centroid,uf-centroid:PR,,,IBEMA--PR138
8132,OMGDPR7011,General,SUL,0.0,-24.820879,-51.467620,aggregate-centroid,uf-centroid:PR,,,IBIPOR-PR138
8133,OMGDPR7012,General,SUL,0.0,-24.820879,-51.467620,aggregate-centroid,uf-centroid:PR,,,IMBITU-PR138
8134,OMGDPR7014,General,SUL,0.0,-24.820879,-51.467620,aggregate-centroid,uf-centroid:PR,,,IRATI--PR138
8135,OMGDPR7017,General,SUL,0.0,-24.820879,-51.467620,aggregate-centroid,uf-centroid:PR,,,IVAIPO-PR138
8136,OMGDPR7018,General,SUL,0.0,-24.820879,-51.467620,aggregate-centroid,uf-centroid:PR,,,CAMBE--PR138
8137,OMGDPR7026,General,SUL,0.0,-24.820879,-51.467620,aggregate-centroid,uf-centroid:PR,,,JAGUAR-PR034
8138,OMGDPR7028,General,SUL,0.0,-24.820879,-51.467620,aggregate-centroid,uf-centroid:PR,,,JAGUAR-PR138
8139,OMGDPR7051,General,SUL,0.0,-24.820879,-51.467620,aggregate-centroid,uf-centroid:PR,,,LAPA---PR138
8140,OMGDPR7053,General,SUL,0.0,-24.820879,-51.467620,aggregate-centroid,uf-centroid:PR,,,LARANJ-PR138
8141,OMGDPR7054,General,SUL,0.0,-24.820879,-51.467620,aggregate-centroid,uf-centroid:PR,,,V.CRUZ-PR138
8142,OMGDPR7055,General,SUL,0.0,-24.820879,-51.467620,aggregate-centroid,uf-centroid:PR,,,LONDRC-PR138
8143,OMGDPR7056,General,SUL,0.0,-24.820879,-51.467620,aggregate-centroid,uf-centroid:PR,,,JBANDE-PR138
8144,OMGDPR7057,General,SUL,0.0,-24.820879,-51.467620,aggregate-centroid,uf-centroid:PR,,,RDAVID-PR138
8145,OMGDPR7058,General,SUL,0.0,-24.820879,-51.467620,aggregate-centroid,uf-centroid:PR,,,PALERM-PR138
8146,OMGDPR7059,General,SUL,0.0,-24.820879,-51.467620,aggregate-centroid,uf-centroid:PR,,,IGAPO--PR138
8147,OMGDPR7060,General,SUL,0.0,-24.820879,-51.467620,aggregate-centroid,uf-centroid:PR,,,SEMIRA-PR138
8148,OMGDPR7061,General,SUL,0.0,-24.820879,-51.467620,aggregate-centroid,uf-centroid:PR,,,LOANDA-PR138
8149,OMGDPR7070,General,SUL,0.0,-24.820879,-51.467620,aggregate-centroid,uf-centroid:PR,,,MAMBOR-PR069
8150,OMGDPR7071,General,SUL,0.0,-24.820879,-51.467620,aggregate-centroid,uf-centroid:PR,,,MAMBOR-PR138
8151,OMGDPR7072,General,SUL,0.0,-24.820879,-51.467620,aggregate-centroid,uf-centroid:PR,,,MANDAC-PR138
8152,OMGDPR7073,General,SUL,0.0,-24.820879,-51.467620,aggregate-centroid,uf-centroid:PR,,,MANDAG-PR138
8153,OMGDPR7074,General,SUL,0.0,-24.820879,-51.467620,aggregate-centroid,uf-centroid:PR,,,ROLAND-PR138
8154,OMGDPR7075,General,SUL,0.0,-24.820879,-51.467620,aggregate-centroid,uf-centroid:PR,,,MARIAL-PR138
8155,OMGDPR7076,General,SUL,0.0,-24.820879,-51.467620,aggregate-centroid,uf-centroid:PR,,,MATINH-PR138
8156,OMGDPR7077,General,SUL,0.0,-24.820879,-51.467620,aggregate-centroid,uf-centroid:PR,,,VGAUCH-PR138
8157,OMGDPR7078,General,SUL,0.0,-24.820879,-51.467620,aggregate-centroid,uf-centroid:PR,,,MCROND-PR138
8158,OMGDPR7079,General,SUL,0.0,-24.820879,-51.467620,aggregate-centroid,uf-centroid:PR,,,MEDIAN-PR138
8159,OMGDPR7080,General,SUL,0.0,-24.820879,-51.467620,aggregate-centroid,uf-centroid:PR,,,JALVOR-PR138
8160,OMGDPR7081,General,SUL,0.0,-24.820879,-51.467620,aggregate-centroid,uf-centroid:PR,,,MARING-PR138
8161,OMGDPR7082,General,SUL,0.0,-24.820879,-51.467620,aggregate-centroid,uf-centroid:PR,,,HORIZO-PR138
8162,OMGDPR7086,General,SUL,0.0,-24.820879,-51.467620,aggregate-centroid,uf-centroid:PR,,,MORRET-PR138
8163,OMGDPR7088,General,SUL,0.0,-24.820879,-51.467620,aggregate-centroid,uf-centroid:PR,,,PAICND-PR138
8164,OMGDPR7090,General,SUL,0.0,-24.820879,-51.467620,aggregate-centroid,uf-centroid:PR,,,PGRO.N-PR034
8165,OMGDPR7091,General,SUL,0.0,-24.820879,-51.467620,aggregate-centroid,uf-centroid:PR,,,PGRO.S-PR034
8166,OMGDPR7096,General,SUL,0.0,-24.820879,-51.467620,aggregate-centroid,uf-centroid:PR,,,NESPER-PR138
8167,OMGDPR7116,General,SUL,0.0,-24.820879,-51.467620,aggregate-centroid,uf-centroid:PR,,,PALMAS-PR138
8168,OMGDPR7117,General,SUL,0.0,-24.820879,-51.467620,aggregate-centroid,uf-centroid:PR,,,PALMEI-PR138
8169,OMGDPR7118,General,SUL,0.0,-24.820879,-51.467620,aggregate-centroid,uf-centroid:PR,,,PALOTI-PR138
8170,OMGDPR7119,General,SUL,0.0,-24.820879,-51.467620,aggregate-centroid,uf-centroid:PR,,,PRANAV-PR138
8171,OMGDPR7122,General,SUL,0.0,-24.820879,-51.467620,aggregate-centroid,uf-centroid:PR,,,PATOBR-PR138
8172,OMGDPR7125,General,SUL,0.0,-24.820879,-51.467620,aggregate-centroid,uf-centroid:PR,,,PRANAG-PR138
8173,OMGDPR7126,General,SUL,0.0,-24.820879,-51.467620,aggregate-centroid,uf-centroid:PR,,,P.FISC-PR138
8174,OMGDPR7127,General,SUL,0.0,-24.820879,-51.467620,aggregate-centroid,uf-centroid:PR,,,PORTO--PR138
8175,OMGDPR7130,General,SUL,0.0,-24.820879,-51.467620,aggregate-centroid,uf-centroid:PR,,,SABARA-PR138
8176,OMGDPR7131,General,SUL,0.0,-24.820879,-51.467620,aggregate-centroid,uf-centroid:PR,,,BELEM--PR138
8177,OMGDPR7132,General,SUL,0.0,-24.820879,-51.467620,aggregate-centroid,uf-centroid:PR,,,UVARAN-PR138
8178,OMGDPR7133,General,SUL,0.0,-24.820879,-51.467620,aggregate-centroid,uf-centroid:PR,,,VENDRA-PR138
8179,OMGDPR7134,General,SUL,0.0,-24.820879,-51.467620,aggregate-centroid,uf-centroid:PR,,,PINHAI-PR069
8180,OMGDPR7135,General,SUL,0.0,-24.820879,-51.467620,aggregate-centroid,uf-centroid:PR,,,BVISTA-PR138
8181,OMGDPR7136,General,SUL,0.0,-24.820879,-51.467620,aggregate-centroid,uf-centroid:PR,,,PIRAQU-PR069
8182,OMGDPR7137,General,SUL,0.0,-24.820879,-51.467620,aggregate-centroid,uf-centroid:PR,,,PITANG-PR138
8183,OMGDPR7139,General,SUL,0.0,-24.820879,-51.467620,aggregate-centroid,uf-centroid:PR,,,PLESTE-PR138
8184,OMGDPR7142,General,SUL,0.0,-24.820879,-51.467620,aggregate-centroid,uf-centroid:PR,,,PRUDEN-PR138
8185,OMGDPR7144,General,SUL,0.0,-24.820879,-51.467620,aggregate-centroid,uf-centroid:PR,,,PiraiS-PR138
8186,OMGDPR7152,General,SUL,0.0,-24.820879,-51.467620,aggregate-centroid,uf-centroid:PR,,,4BARRA-PR069
8187,OMGDPR7153,General,SUL,0.0,-24.820879,-51.467620,aggregate-centroid,uf-centroid:PR,,,QIGUAC-PR138
8188,OMGDPR7169,General,SUL,0.0,-24.820879,-51.467620,aggregate-centroid,uf-centroid:PR,,,REALEZ-PR138
8189,OMGDPR7172,General,SUL,0.0,-24.820879,-51.467620,aggregate-centroid,uf-centroid:PR,,,RBRANC-PR138
8190,OMGDPR7173,General,SUL,0.0,-24.820879,-51.467620,aggregate-centroid,uf-centroid:PR,,,RIOAZU-PR138
8191,OMGDPR7177,General,SUL,0.0,-24.820879,-51.467620,aggregate-centroid,uf-centroid:PR,,,BRCAPA-PR138
8192,OMGDPR7181,General,SUL,0.0,-24.820879,-51.467620,aggregate-centroid,uf-centroid:PR,,,SALTOM-PR069
8193,OMGDPR7187,General,SUL,0.0,-24.820879,-51.467620,aggregate-centroid,uf-centroid:PR,,,SAPLAT-PR138
8194,OMGDPR7189,General,SUL,0.0,-24.820879,-51.467620,aggregate-centroid,uf-centroid:PR,,,SANTSU-PR138
8195,OMGDPR7194,General,SUL,0.0,-24.820879,-51.467620,aggregate-centroid,uf-centroid:PR,,,JTROPI-PR138
8196,OMGDPR7196,General,SUL,0.0,-24.820879,-51.467620,aggregate-centroid,uf-centroid:PR,,,SENGES-PR138
8197,OMGDPR7197,General,SUL,0.0,-24.820879,-51.467620,aggregate-centroid,uf-centroid:PR,,,STAHEL-PR138
8198,OMGDPR7200,General,SUL,0.0,-24.820879,-51.467620,aggregate-centroid,uf-centroid:PR,,,SICAMP-PR138
8199,OMGDPR7202,General,SUL,0.0,-24.820879,-51.467620,aggregate-centroid,uf-centroid:PR,,,SJPINH-PR069
8200,OMGDPR7203,General,SUL,0.0,-24.820879,-51.467620,aggregate-centroid,uf-centroid:PR,,,GUATUP-PR069
8201,OMGDPR7206,General,SUL,0.0,-24.820879,-51.467620,aggregate-centroid,uf-centroid:PR,,,SAOMAT-PR034
8202,OMGDPR7211,General,SUL,0.0,-24.820879,-51.467620,aggregate-centroid,uf-centroid:PR,,,SOCORR-PR138
8203,OMGDPR7221,General,SUL,0.0,-24.820879,-51.467620,aggregate-centroid,uf-centroid:PR,,,TAF-PI-PR138
8204,OMGDPR7223,General,SUL,0.0,-24.820879,-51.467620,aggregate-centroid,uf-centroid:PR,,,TELBOR-PR138
8205,OMGDPR7224,General,SUL,0.0,-24.820879,-51.467620,aggregate-centroid,uf-centroid:PR,,,TOLEDO-PR138
8206,OMGDPR7229,General,SUL,0.0,-24.820879,-51.467620,aggregate-centroid,uf-centroid:PR,,,TUNAS--PR138
8207,OMGDPR7231,General,SUL,0.0,-24.820879,-51.467620,aggregate-centroid,uf-centroid:PR,,,TIBAGI-PR138
8208,OMGDPR7233,General,SUL,0.0,-24.820879,-51.467620,aggregate-centroid,uf-centroid:PR,,,UBIRAT-PR138
8209,OMGDPR7234,General,SUL,0.0,-24.820879,-51.467620,aggregate-centroid,uf-centroid:PR,,,UBIRAT-PR069
8210,OMGDPR7235,General,SUL,0.0,-24.820879,-51.467620,aggregate-centroid,uf-centroid:PR,,,UMUARA-PR138
8211,OMGDPR7237,General,SUL,0.0,-24.820879,-51.467620,aggregate-centroid,uf-centroid:PR,,,TAMOIO-PR138
8212,OMGDPR7238,General,SUL,0.0,-24.820879,-51.467620,aggregate-centroid,uf-centroid:PR,,,BITURU-PR138
8213,OMGDPR7239,General,SUL,0.0,-24.820879,-51.467620,aggregate-centroid,uf-centroid:PR,,,UVITOR-PR138
8214,OMGDPR7240,General,SUL,0.0,-24.820879,-51.467620,aggregate-centroid,uf-centroid:PR,,,PIGUAC-PR138
8415,OMGDRS46151,General,SUL,0.0,-29.899247,-52.611329,aggregate-centroid,uf-centroid:RS,,,LAJE2A-RS013
8416,OMGDRS46152,General,SUL,0.0,-29.899247,-52.611329,aggregate-centroid,uf-centroid:RS,,,LAJE2B-RS013
8417,OMGDRS46153,General,SUL,0.0,-29.899247,-52.611329,aggregate-centroid,uf-centroid:RS,,,MVIANA-RS069
8418,OMGDRS46157,General,SUL,0.0,-29.899247,-52.611329,aggregate-centroid,uf-centroid:RS,,,SCRUZ3-RS069
8419,OMGDRS46158,General,SUL,0.0,-29.899247,-52.611329,aggregate-centroid,uf-centroid:RS,,,SLEOP3-RS138
8420,OMGDRS46159,General,SUL,0.0,-29.899247,-52.611329,aggregate-centroid,uf-centroid:RS,,,AMEIO--RS069
8421,OMGDRS46160,General,SUL,0.0,-29.899247,-52.611329,aggregate-centroid,uf-centroid:RS,,,URUGU9-RS069
8422,OMGDRS46162,General,SUL,0.0,-29.899247,-52.611329,aggregate-centroid,uf-centroid:RS,,,SMARI6-RS069
8423,OMGDRS46164,General,SUL,0.0,-29.899247,-52.611329,aggregate-centroid,uf-centroid:RS,,,IVOTI--RS138
8424,OMGDRS46553,General,SUL,0.0,-29.899247,-52.611329,aggregate-centroid,uf-centroid:RS,,,NSRTA2-RS069
8425,OMGDRS46555,General,SUL,0.0,-29.899247,-52.611329,aggregate-centroid,uf-centroid:RS,,,PSOBRD-RS069
8426,OMGDRS46557,General,SUL,0.0,-29.899247,-52.611329,aggregate-centroid,uf-centroid:RS,,,SGABRI-RS138
8427,OMGDRS46560,General,SUL,0.0,-29.899247,-52.611329,aggregate-centroid,uf-centroid:RS,,,ESTEI2-RS138
8428,OMGDRS46562,General,SUL,0.0,-29.899247,-52.611329,aggregate-centroid,uf-centroid:RS,,,SJSUL--RS138
8429,OMGDRS46563,General,SUL,0.0,-29.899247,-52.611329,aggregate-centroid,uf-centroid:RS,,,MATA---RS069
8430,OMGDRS46564,General,SUL,0.0,-29.899247,-52.611329,aggregate-centroid,uf-centroid:RS,,,URUGU8-RS069
8431,OMGDRS48370,General,SUL,0.0,-29.899247,-52.611329,aggregate-centroid,uf-centroid:RS,,,TAQUAR-RS138
8432,OMGDRS48381,General,SUL,0.0,-29.899247,-52.611329,aggregate-centroid,uf-centroid:RS,,,CRZSUL-RS069
8433,OMGDRS48385,General,SUL,0.0,-29.899247,-52.611329,aggregate-centroid,uf-centroid:RS,,,GRAVT4-RS069
8434,OMGDRS48387,General,SUL,0.0,-29.899247,-52.611329,aggregate-centroid,uf-centroid:RS,,,RIOZIN-RS138
8435,OMGDRS48389,General,SUL,0.0,-29.899247,-52.611329,aggregate-centroid,uf-centroid:RS,,,ALEGR6-RS069
8436,OMGDRS48390,General,SUL,0.0,-29.899247,-52.611329,aggregate-centroid,uf-centroid:RS,,,CBARB2-RS069
8437,OMGDRS48558,General,SUL,0.0,-29.899247,-52.611329,aggregate-centroid,uf-centroid:RS,,,GRAMD2-RS069
8438,OMGDRS48949,General,SUL,0.0,-29.899247,-52.611329,aggregate-centroid,uf-centroid:RS,,,CAXIAN-RS138
8439,OMGDRS51351,General,SUL,0.0,-29.899247,-52.611329,aggregate-centroid,uf-centroid:RS,,,POAFLO-RS069
8440,OMGDRS51353,General,SUL,0.0,-29.899247,-52.611329,aggregate-centroid,uf-centroid:RS,,,PAL10A-RS013
8441,OMGDRS51355,General,SUL,0.0,-29.899247,-52.611329,aggregate-centroid,uf-centroid:RS,,,ALV2---RS069
8442,OMGDRS51358,General,SUL,0.0,-29.899247,-52.611329,aggregate-centroid,uf-centroid:RS,,,AGC----RS069
8443,OMGDRS51360,General,SUL,0.0,-29.899247,-52.611329,aggregate-centroid,uf-centroid:RS,,,PAL20--RS069
8444,OMGDRS51362,General,SUL,0.0,-29.899247,-52.611329,aggregate-centroid,uf-centroid:RS,,,MDEUS--RS069
8445,OMGDRS51364,General,SUL,0.0,-29.899247,-52.611329,aggregate-centroid,uf-centroid:RS,,,RINCA--RS069
8446,OMGDRS51438,General,SUL,0.0,-29.899247,-52.611329,aggregate-centroid,uf-centroid:RS,,,PAL7---RS069
8447,OMGDRS51440,General,SUL,0.0,-29.899247,-52.611329,aggregate-centroid,uf-centroid:RS,,,PAL17--RS069
8448,OMGDRS51444,General,SUL,0.0,-29.899247,-52.611329,aggregate-centroid,uf-centroid:RS,,,PELOT5-RS138
8449,OMGDRS51446,General,SUL,0.0,-29.899247,-52.611329,aggregate-centroid,uf-centroid:RS,,,SALSO--RS138
8450,OMGDRS51455,General,SUL,0.0,-29.899247,-52.611329,aggregate-centroid,uf-centroid:RS,,,PAL6B--RS013
8451,OMGDRS51461,General,SUL,0.0,-29.899247,-52.611329,aggregate-centroid,uf-centroid:RS,,,CAM3---RS069
8452,OMGDRS51506,General,SUL,0.0,-29.899247,-52.611329,aggregate-centroid,uf-centroid:RS,,,PIN----RS069
8453,OMGDRS51508,General,SUL,0.0,-29.899247,-52.611329,aggregate-centroid,uf-centroid:RS,,,OSO1---RS069
8454,OMGDRS51515,General,SUL,0.0,-29.899247,-52.611329,aggregate-centroid,uf-centroid:RS,,,TRA----RS069
8455,OMGDRS51521,General,SUL,0.0,-29.899247,-52.611329,aggregate-centroid,uf-centroid:RS,,,ATS----RS069
8456,OMGDRS51527,General,SUL,0.0,-29.899247,-52.611329,aggregate-centroid,uf-centroid:RS,,,ATL----RS069
8457,OMGDRS51532,General,SUL,0.0,-29.899247,-52.611329,aggregate-centroid,uf-centroid:RS,,,CPN----RS069
8458,OMGDRS51536,General,SUL,0.0,-29.899247,-52.611329,aggregate-centroid,uf-centroid:RS,,,ASA----RS069
8459,OMGDRS51540,General,SUL,0.0,-29.899247,-52.611329,aggregate-centroid,uf-centroid:RS,,,TAR----RS069
8460,OMGDRS51544,General,SUL,0.0,-29.899247,-52.611329,aggregate-centroid,uf-centroid:RS,,,TOR----RS069
8461,OMGDRS51549,General,SUL,0.0,-29.899247,-52.611329,aggregate-centroid,uf-centroid:RS,,,DPALC--RS069
8462,OMGDRS51550,General,SUL,0.0,-29.899247,-52.611329,aggregate-centroid,uf-centroid:RS,,,IMBE---RS069
8463,OMGDRS51555,General,SUL,0.0,-29.899247,-52.611329,aggregate-centroid,uf-centroid:RS,,,CID----RS138
8464,OMGDRS51593,General,SUL,0.0,-29.899247,-52.611329,aggregate-centroid,uf-centroid:RS,,,VIA4---RS069
8465,OMGDRS51594,General,SUL,0.0,-29.899247,-52.611329,aggregate-centroid,uf-centroid:RS,,,LAMI---RS069
8466,OMGDRS51595,General,SUL,0.0,-29.899247,-52.611329,aggregate-centroid,uf-centroid:RS,,,GLORIA-RS069
8467,OMGDRS51596,General,SUL,0.0,-29.899247,-52.611329,aggregate-centroid,uf-centroid:RS,,,FWAY---RS069
8468,OMGDRS51597,General,SUL,0.0,-29.899247,-52.611329,aggregate-centroid,uf-centroid:RS,,,CAVLH--RS069
8469,OMGDRS51598,General,SUL,0.0,-29.899247,-52.611329,aggregate-centroid,uf-centroid:RS,,,GUA4---RS069
8470,OMGDRS51599,General,SUL,0.0,-29.899247,-52.611329,aggregate-centroid,uf-centroid:RS,,,CIDBAI-RS069
8471,OMGDRS51611,General,SUL,0.0,-29.899247,-52.611329,aggregate-centroid,uf-centroid:RS,,,PAL4SA-RS013
8472,OMGDRS51612,General,SUL,0.0,-29.899247,-52.611329,aggregate-centroid,uf-centroid:RS,,,PAL4SB-RS013
8473,OMGDRS51613,General,SUL,0.0,-29.899247,-52.611329,aggregate-centroid,uf-centroid:RS,,,PAL4SC-RS013
8474,OMGDRS51614,General,SUL,0.0,-29.899247,-52.611329,aggregate-centroid,uf-centroid:RS,,,PAL4SD-RS013
8475,OMGDRS51615,General,SUL,0.0,-29.899247,-52.611329,aggregate-centroid,uf-centroid:RS,,,PAL4SE-RS013
8476,OMGDRS51650,General,SUL,0.0,-29.899247,-52.611329,aggregate-centroid,uf-centroid:RS,,,PEL6---RS138
8477,OMGDRS7364,General,SUL,0.0,-29.899247,-52.611329,aggregate-centroid,uf-centroid:RS,,,ALEGR4-RS069
8478,OMGDRS7366,General,SUL,0.0,-29.899247,-52.611329,aggregate-centroid,uf-centroid:RS,,,QUARA2-RS069
8479,OMGDRS7367,General,SUL,0.0,-29.899247,-52.611329,aggregate-centroid,uf-centroid:RS,,,CBOM-A-RS023
8480,OMGDRS7369,General,SUL,0.0,-29.899247,-52.611329,aggregate-centroid,uf-centroid:RS,,,CBOM-B-RS023
8481,OMGDRS7372,General,SUL,0.0,-29.899247,-52.611329,aggregate-centroid,uf-centroid:RS,,,VAI1-B-RS013
8482,OMGDRS7373,General,SUL,0.0,-29.899247,-52.611329,aggregate-centroid,uf-centroid:RS,,,VAI1-A-RS013
8483,OMGDRS7378,General,SUL,0.0,-29.899247,-52.611329,aggregate-centroid,uf-centroid:RS,,,QUARA1-RS069
8484,OMGDRS7380,General,SUL,0.0,-29.899247,-52.611329,aggregate-centroid,uf-centroid:RS,,,LIV2-A-RS013
8485,OMGDRS7383,General,SUL,0.0,-29.899247,-52.611329,aggregate-centroid,uf-centroid:RS,,,CIND-A-RS023
8486,OMGDRS7384,General,SUL,0.0,-29.899247,-52.611329,aggregate-centroid,uf-centroid:RS,,,URUGU1-RS069
8487,OMGDRS7385,General,SUL,0.0,-29.899247,-52.611329,aggregate-centroid,uf-centroid:RS,,,URUGU3-RS069
8488,OMGDRS7387,General,SUL,0.0,-29.899247,-52.611329,aggregate-centroid,uf-centroid:RS,,,LIVRA1-RS069
8489,OMGDRS7388,General,SUL,0.0,-29.899247,-52.611329,aggregate-centroid,uf-centroid:RS,,,URUGU2-RS069
8490,OMGDRS7389,General,SUL,0.0,-29.899247,-52.611329,aggregate-centroid,uf-centroid:RS,,,SCHA-A-RS023
8491,OMGDRS7390,General,SUL,0.0,-29.899247,-52.611329,aggregate-centroid,uf-centroid:RS,,,SMARI2-RS069
8492,OMGDRS7393,General,SUL,0.0,-29.899247,-52.611329,aggregate-centroid,uf-centroid:RS,,,SAPUCA-RS138
8493,OMGDRS7395,General,SUL,0.0,-29.899247,-52.611329,aggregate-centroid,uf-centroid:RS,,,AGUDO--RS069
8494,OMGDRS7403,General,SUL,0.0,-29.899247,-52.611329,aggregate-centroid,uf-centroid:RS,,,CACAPA-RS069
8495,OMGDRS7404,General,SUL,0.0,-29.899247,-52.611329,aggregate-centroid,uf-centroid:RS,,,CACEQU-RS069
8496,OMGDRS7405,General,SUL,0.0,-29.899247,-52.611329,aggregate-centroid,uf-centroid:RS,,,CACHOE-RS069
8497,OMGDRS7414,General,SUL,0.0,-29.899247,-52.611329,aggregate-centroid,uf-centroid:RS,,,CANDE1-RS069
8498,OMGDRS7416,General,SUL,0.0,-29.899247,-52.611329,aggregate-centroid,uf-centroid:RS,,,VSOL---RS069
8499,OMGDRS7418,General,SUL,0.0,-29.899247,-52.611329,aggregate-centroid,uf-centroid:RS,,,NHAMB3-RS069
8500,OMGDRS7431,General,SUL,0.0,-29.899247,-52.611329,aggregate-centroid,uf-centroid:RS,,,ESTEIO-RS069
8501,OMGDRS7432,General,SUL,0.0,-29.899247,-52.611329,aggregate-centroid,uf-centroid:RS,,,ESTREL-RS069
8502,OMGDRS7438,General,SUL,0.0,-29.899247,-52.611329,aggregate-centroid,uf-centroid:RS,,,JAGUAR-RS069
8503,OMGDRS7439,General,SUL,0.0,-29.899247,-52.611329,aggregate-centroid,uf-centroid:RS,,,MACAMB-RS023
8504,OMGDRS7440,General,SUL,0.0,-29.899247,-52.611329,aggregate-centroid,uf-centroid:RS,,,LAJEA1-RS069
8505,OMGDRS7442,General,SUL,0.0,-29.899247,-52.611329,aggregate-centroid,uf-centroid:RS,,,SSCAI--RS138
8506,OMGDRS7444,General,SUL,0.0,-29.899247,-52.611329,aggregate-centroid,uf-centroid:RS,,,NHAMB1-RS069
8507,OMGDRS7445,General,SUL,0.0,-29.899247,-52.611329,aggregate-centroid,uf-centroid:RS,,,MONTE1-RS138
8508,OMGDRS7447,General,SUL,0.0,-29.899247,-52.611329,aggregate-centroid,uf-centroid:RS,,,MONTE2-RS069
8509,OMGDRS7449,General,SUL,0.0,-29.899247,-52.611329,aggregate-centroid,uf-centroid:RS,,,ROSARI-RS069
8510,OMGDRS7450,General,SUL,0.0,-29.899247,-52.611329,aggregate-centroid,uf-centroid:RS,,,RPARDO-RS069
8511,OMGDRS7454,General,SUL,0.0,-29.899247,-52.611329,aggregate-centroid,uf-centroid:RS,,,SANTIA-RS069
8512,OMGDRS7456,General,SUL,0.0,-29.899247,-52.611329,aggregate-centroid,uf-centroid:RS,,,SAPIRA-RS069
8513,OMGDRS7460,General,SUL,0.0,-29.899247,-52.611329,aggregate-centroid,uf-centroid:RS,,,SBORJ1-RS069
8514,OMGDRS7469,General,SUL,0.0,-29.899247,-52.611329,aggregate-centroid,uf-centroid:RS,,,SBORJ2-RS023
8515,OMGDRS7470,General,SUL,0.0,-29.899247,-52.611329,aggregate-centroid,uf-centroid:RS,,,ALEGR1-RS013
8516,OMGDRS7472,General,SUL,0.0,-29.899247,-52.611329,aggregate-centroid,uf-centroid:RS,,,SGABRI-RS069
8517,OMGDRS7474,General,SUL,0.0,-29.899247,-52.611329,aggregate-centroid,uf-centroid:RS,,,SCRUZ2-RS069
8518,OMGDRS7476,General,SUL,0.0,-29.899247,-52.611329,aggregate-centroid,uf-centroid:RS,,,SSEPE--RS069
8519,OMGDRS7481,General,SUL,0.0,-29.899247,-52.611329,aggregate-centroid,uf-centroid:RS,,,TAQUAR-RS069
8520,OMGDRS7484,General,SUL,0.0,-29.899247,-52.611329,aggregate-centroid,uf-centroid:RS,,,CNA1-A-RS023
8521,OMGDRS7491,General,SUL,0.0,-29.899247,-52.611329,aggregate-centroid,uf-centroid:RS,,,CNA1-B-RS023
8522,OMGDRS7492,General,SUL,0.0,-29.899247,-52.611329,aggregate-centroid,uf-centroid:RS,,,SVICEN-RS023
8523,OMGDRS7494,General,SUL,0.0,-29.899247,-52.611329,aggregate-centroid,uf-centroid:RS,,,SPEDRO-RS069
8524,OMGDRS7496,General,SUL,0.0,-29.899247,-52.611329,aggregate-centroid,uf-centroid:RS,,,SFRANC-RS069
8525,OMGDRS7498,General,SUL,0.0,-29.899247,-52.611329,aggregate-centroid,uf-centroid:RS,,,ALEGR3-RS069
8526,OMGDRS7514,General,SUL,0.0,-29.899247,-52.611329,aggregate-centroid,uf-centroid:RS,,,SCHA-B-RS023
8527,OMGDRS7517,General,SUL,0.0,-29.899247,-52.611329,aggregate-centroid,uf-centroid:RS,,,SMARI4-RS069
8528,OMGDRS7519,General,SUL,0.0,-29.899247,-52.611329,aggregate-centroid,uf-centroid:RS,,,SMA1-A-RS013
8529,OMGDRS7520,General,SUL,0.0,-29.899247,-52.611329,aggregate-centroid,uf-centroid:RS,,,FORMIG-RS069
8530,OMGDRS7523,General,SUL,0.0,-29.899247,-52.611329,aggregate-centroid,uf-centroid:RS,,,SMARI5-RS069
8531,OMGDRS7531,General,SUL,0.0,-29.899247,-52.611329,aggregate-centroid,uf-centroid:RS,,,SCHA-C-RS023
8532,OMGDRS7532,General,SUL,0.0,-29.899247,-52.611329,aggregate-centroid,uf-centroid:RS,,,SMA1-B-RS013
8533,OMGDRS7533,General,SUL,0.0,-29.899247,-52.611329,aggregate-centroid,uf-centroid:RS,,,TRIUNF-RS069
8534,OMGDRS7536,General,SUL,0.0,-29.899247,-52.611329,aggregate-centroid,uf-centroid:RS,,,SCHA-D-RS023
8535,OMGDRS7537,General,SUL,0.0,-29.899247,-52.611329,aggregate-centroid,uf-centroid:RS,,,URUGU4-RS069
8536,OMGDRS7541,General,SUL,0.0,-29.899247,-52.611329,aggregate-centroid,uf-centroid:RS,,,VAIRE2-RS069
8537,OMGDRS7544,General,SUL,0.0,-29.899247,-52.611329,aggregate-centroid,uf-centroid:RS,,,NHAMB2-RS138
8538,OMGDRS7545,General,SUL,0.0,-29.899247,-52.611329,aggregate-centroid,uf-centroid:RS,,,CANOA3-RS138
8539,OMGDRS7547,General,SUL,0.0,-29.899247,-52.611329,aggregate-centroid,uf-centroid:RS,,,PORTAO-RS138
8540,OMGDRS7548,General,SUL,0.0,-29.899247,-52.611329,aggregate-centroid,uf-centroid:RS,,,SBORJ3-RS069
8541,OMGDRS7551,General,SUL,0.0,-29.899247,-52.611329,aggregate-centroid,uf-centroid:RS,,,SOBRAD-RS069
8542,OMGDRS7562,General,SUL,0.0,-29.899247,-52.611329,aggregate-centroid,uf-centroid:RS,,,SINIMB-RS069
8543,OMGDRS7573,General,SUL,0.0,-29.899247,-52.611329,aggregate-centroid,uf-centroid:RS,,,URUGU7-RS069
8544,OMGDRS7574,General,SUL,0.0,-29.899247,-52.611329,aggregate-centroid,uf-centroid:RS,,,DIRMAO-RS138
8545,OMGDRS7575,General,SUL,0.0,-29.899247,-52.611329,aggregate-centroid,uf-centroid:RS,,,EVELHA-RS138
8546,OMGDRS7576,General,SUL,0.0,-29.899247,-52.611329,aggregate-centroid,uf-centroid:RS,,,CIND-B-RS023
8547,OMGDRS7578,General,SUL,0.0,-29.899247,-52.611329,aggregate-centroid,uf-centroid:RS,,,MACAMB-RS069
8548,OMGDRS7590,General,SUL,0.0,-29.899247,-52.611329,aggregate-centroid,uf-centroid:RS,,,SLEOP2-RS138
8549,OMGDRS7592,General,SUL,0.0,-29.899247,-52.611329,aggregate-centroid,uf-centroid:RS,,,SLEOP1-RS138
8550,OMGDRS7599,General,SUL,0.0,-29.899247,-52.611329,aggregate-centroid,uf-centroid:RS,,,SCR1-C-RS013
8551,OMGDRS7602,General,SUL,0.0,-29.899247,-52.611329,aggregate-centroid,uf-centroid:RS,,,SCR1-D-RS013
8552,OMGDRS7632,General,SUL,0.0,-29.899247,-52.611329,aggregate-centroid,uf-centroid:RS,,,BPRINC-RS138
8553,OMGDRS7729,General,SUL,0.0,-29.899247,-52.611329,aggregate-centroid,uf-centroid:RS,,,PSJOAO-RS069
8554,OMGDRS8013,General,SUL,0.0,-29.899247,-52.611329,aggregate-centroid,uf-centroid:RS,,,BGONC3-RS069
8555,OMGDRS8014,General,SUL,0.0,-29.899247,-52.611329,aggregate-centroid,uf-centroid:RS,,,FAR2---RS069
8556,OMGDRS8018,General,SUL,0.0,-29.899247,-52.611329,aggregate-centroid,uf-centroid:RS,,,BGONC1-RS069
8557,OMGDRS8021,General,SUL,0.0,-29.899247,-52.611329,aggregate-centroid,uf-centroid:RS,,,BGONC2-RS069
8558,OMGDRS8025,General,SUL,0.0,-29.899247,-52.611329,aggregate-centroid,uf-centroid:RS,,,CBARBO-RS069
8559,OMGDRS8030,General,SUL,0.0,-29.899247,-52.611329,aggregate-centroid,uf-centroid:RS,,,CAXI5A-RS013
8560,OMGDRS8037,General,SUL,0.0,-29.899247,-52.611329,aggregate-centroid,uf-centroid:RS,,,CAXI5B-RS013
8561,OMGDRS8039,General,SUL,0.0,-29.899247,-52.611329,aggregate-centroid,uf-centroid:RS,,,CAXIA4-RS069
8562,OMGDRS8045,General,SUL,0.0,-29.899247,-52.611329,aggregate-centroid,uf-centroid:RS,,,CAXIA3-RS069
8563,OMGDRS8053,General,SUL,0.0,-29.899247,-52.611329,aggregate-centroid,uf-centroid:RS,,,CAXI2--RS013
8564,OMGDRS8054,General,SUL,0.0,-29.899247,-52.611329,aggregate-centroid,uf-centroid:RS,,,FCUNHA-RS069
8565,OMGDRS8057,General,SUL,0.0,-29.899247,-52.611329,aggregate-centroid,uf-centroid:RS,,,SMARCO-RS069
8566,OMGDRS8058,General,SUL,0.0,-29.899247,-52.611329,aggregate-centroid,uf-centroid:RS,,,GARIBA-RS069
8567,OMGDRS8061,General,SUL,0.0,-29.899247,-52.611329,aggregate-centroid,uf-centroid:RS,,,FARROU-RS069
8568,OMGDRS8066,General,SUL,0.0,-29.899247,-52.611329,aggregate-centroid,uf-centroid:RS,,,CAXIA6-RS069
8569,OMGDRS8090,General,SUL,0.0,-29.899247,-52.611329,aggregate-centroid,uf-centroid:RS,,,MISSOE-RS069
8570,OMGDRS8101,General,SUL,0.0,-29.899247,-52.611329,aggregate-centroid,uf-centroid:RS,,,GRAV2A-RS023
8571,OMGDRS8102,General,SUL,0.0,-29.899247,-52.611329,aggregate-centroid,uf-centroid:RS,,,CACHEB-RS069
8572,OMGDRS8104,General,SUL,0.0,-29.899247,-52.611329,aggregate-centroid,uf-centroid:RS,,,GRAVT1-RS069
8573,OMGDRS8106,General,SUL,0.0,-29.899247,-52.611329,aggregate-centroid,uf-centroid:RS,,,GLORIN-RS069
8574,OMGDRS8109,General,SUL,0.0,-29.899247,-52.611329,aggregate-centroid,uf-centroid:RS,,,CACHOE-RS023
8575,OMGDRS8112,General,SUL,0.0,-29.899247,-52.611329,aggregate-centroid,uf-centroid:RS,,,CAC1-4-RS023
8576,OMGDRS8120,General,SUL,0.0,-29.899247,-52.611329,aggregate-centroid,uf-centroid:RS,,,CANAS2-RS138
8577,OMGDRS8130,General,SUL,0.0,-29.899247,-52.611329,aggregate-centroid,uf-centroid:RS,,,LGRAND-RS138
8578,OMGDRS8134,General,SUL,0.0,-29.899247,-52.611329,aggregate-centroid,uf-centroid:RS,,,TCOROA-RS138
8579,OMGDRS8136,General,SUL,0.0,-29.899247,-52.611329,aggregate-centroid,uf-centroid:RS,,,PAROBE-RS138
8580,OMGDRS8137,General,SUL,0.0,-29.899247,-52.611329,aggregate-centroid,uf-centroid:RS,,,ROLANT-RS138
8581,OMGDRS8140,General,SUL,0.0,-29.899247,-52.611329,aggregate-centroid,uf-centroid:RS,,,IGREJI-RS138
8582,OMGDRS8180,General,SUL,0.0,-29.899247,-52.611329,aggregate-centroid,uf-centroid:RS,,,NPRATA-RS069
8583,OMGDRS8200,General,SUL,0.0,-29.899247,-52.611329,aggregate-centroid,uf-centroid:RS,,,GUARIT-RS069
8584,OMGDRS8201,General,SUL,0.0,-29.899247,-52.611329,aggregate-centroid,uf-centroid:RS,,,GRAV2B-RS023
8585,OMGDRS8202,General,SUL,0.0,-29.899247,-52.611329,aggregate-centroid,uf-centroid:RS,,,BBURI2-RS069
8586,OMGDRS8224,General,SUL,0.0,-29.899247,-52.611329,aggregate-centroid,uf-centroid:RS,,,CLARGO-RS069
8587,OMGDRS8248,General,SUL,0.0,-29.899247,-52.611329,aggregate-centroid,uf-centroid:RS,,,JACUIR-RS023
8588,OMGDRS8260,General,SUL,0.0,-29.899247,-52.611329,aggregate-centroid,uf-centroid:RS,,,SANGL2-RS069
8589,OMGDRS8261,General,SUL,0.0,-29.899247,-52.611329,aggregate-centroid,uf-centroid:RS,,,SANGL2-RS023
8590,OMGDRS8262,General,SUL,0.0,-29.899247,-52.611329,aggregate-centroid,uf-centroid:RS,,,SANG2B-RS023
8591,OMGDRS8280,General,SUL,0.0,-29.899247,-52.611329,aggregate-centroid,uf-centroid:RS,,,TAPERA-RS069
8592,OMGDRS8285,General,SUL,0.0,-29.899247,-52.611329,aggregate-centroid,uf-centroid:RS,,,SROSA--RS069
8593,OMGDRS8289,General,SUL,0.0,-29.899247,-52.611329,aggregate-centroid,uf-centroid:RS,,,SMARTA-RS044
8594,OMGDRS8291,General,SUL,0.0,-29.899247,-52.611329,aggregate-centroid,uf-centroid:RS,,,PFUND1-RS138
8595,OMGDRS8293,General,SUL,0.0,-29.899247,-52.611329,aggregate-centroid,uf-centroid:RS,,,PFUND3-RS069
8596,OMGDRS8300,General,SUL,0.0,-29.899247,-52.611329,aggregate-centroid,uf-centroid:RS,,,PFUNDO-RS138
8597,OMGDRS8301,General,SUL,0.0,-29.899247,-52.611329,aggregate-centroid,uf-centroid:RS,,,ERECH1-RS138
8598,OMGDRS8317,General,SUL,0.0,-29.899247,-52.611329,aggregate-centroid,uf-centroid:RS,,,SERAFI-RS138
8599,OMGDRS8318,General,SUL,0.0,-29.899247,-52.611329,aggregate-centroid,uf-centroid:RS,,,LVERM1-RS138
8600,OMGDRS8319,General,SUL,0.0,-29.899247,-52.611329,aggregate-centroid,uf-centroid:RS,,,VACARI-RS138
8601,OMGDRS8320,General,SUL,0.0,-29.899247,-52.611329,aggregate-centroid,uf-centroid:RS,,,ERECH2-RS138
8602,OMGDRS8322,General,SUL,0.0,-29.899247,-52.611329,aggregate-centroid,uf-centroid:RS,,,TAPEJA-RS138
8603,OMGDRS8324,General,SUL,0.0,-29.899247,-52.611329,aggregate-centroid,uf-centroid:RS,,,SANAND-RS138
8604,OMGDRS8325,General,SUL,0.0,-29.899247,-52.611329,aggregate-centroid,uf-centroid:RS,,,GUAPOR-RS069
8605,OMGDRS8326,General,SUL,0.0,-29.899247,-52.611329,aggregate-centroid,uf-centroid:RS,,,GUAPOR-RS138
8606,OMGDRS8327,General,SUL,0.0,-29.899247,-52.611329,aggregate-centroid,uf-centroid:RS,,,CASCA--RS138
8607,OMGDRS8330,General,SUL,0.0,-29.899247,-52.611329,aggregate-centroid,uf-centroid:RS,,,MARAU--RS138
8608,OMGDRS8331,General,SUL,0.0,-29.899247,-52.611329,aggregate-centroid,uf-centroid:RS,,,CALTA1-RS138
8609,OMGDRS8332,General,SUL,0.0,-29.899247,-52.611329,aggregate-centroid,uf-centroid:RS,,,CALTA1-RS069
8610,OMGDRS8334,General,SUL,0.0,-29.899247,-52.611329,aggregate-centroid,uf-centroid:RS,,,IJUI1--RS069
8611,OMGDRS8335,General,SUL,0.0,-29.899247,-52.611329,aggregate-centroid,uf-centroid:RS,,,SANGL1-RS069
8612,OMGDRS8340,General,SUL,0.0,-29.899247,-52.611329,aggregate-centroid,uf-centroid:RS,,,JULIO2-RS138
8613,OMGDRS8344,General,SUL,0.0,-29.899247,-52.611329,aggregate-centroid,uf-centroid:RS,,,AFELIZ-RS069
8614,OMGDRS8348,General,SUL,0.0,-29.899247,-52.611329,aggregate-centroid,uf-centroid:RS,,,PALMEI-RS069
8615,OMGDRS8349,General,SUL,0.0,-29.899247,-52.611329,aggregate-centroid,uf-centroid:RS,,,SARAND-RS069
8616,OMGDRS8350,General,SUL,0.0,-29.899247,-52.611329,aggregate-centroid,uf-centroid:RS,,,CONSTA-RS138
8617,OMGDRS8352,General,SUL,0.0,-29.899247,-52.611329,aggregate-centroid,uf-centroid:RS,,,PLANAL-RS138
8618,OMGDRS8353,General,SUL,0.0,-29.899247,-52.611329,aggregate-centroid,uf-centroid:RS,,,FELIZ--RS069
8619,OMGDRS8355,General,SUL,0.0,-29.899247,-52.611329,aggregate-centroid,uf-centroid:RS,,,NPETR1-RS069
8620,OMGDRS8356,General,SUL,0.0,-29.899247,-52.611329,aggregate-centroid,uf-centroid:RS,,,CANELA-RS069
8621,OMGDRS8357,General,SUL,0.0,-29.899247,-52.611329,aggregate-centroid,uf-centroid:RS,,,GRAMAD-RS069
8622,OMGDRS9001,General,SUL,0.0,-29.899247,-52.611329,aggregate-centroid,uf-centroid:RS,,,AGR----RS138
8623,OMGDRS9023,General,SUL,0.0,-29.899247,-52.611329,aggregate-centroid,uf-centroid:RS,,,SVP----RS138
8624,OMGDRS9037,General,SUL,0.0,-29.899247,-52.611329,aggregate-centroid,uf-centroid:RS,,,BUGRES-RS069
8625,OMGDRS9163,General,SUL,0.0,-29.899247,-52.611329,aggregate-centroid,uf-centroid:RS,,,JGR----RS138
8626,OMGDRS9186,General,SUL,0.0,-29.899247,-52.611329,aggregate-centroid,uf-centroid:RS,,,MML----RS138
8627,OMGDRS9190,General,SUL,0.0,-29.899247,-52.611329,aggregate-centroid,uf-centroid:RS,,,MOS----RS138
8628,OMGDRS9221,General,SUL,0.0,-29.899247,-52.611329,aggregate-centroid,uf-centroid:RS,,,PAL6-A-RS013
8629,OMGDRS9228,General,SUL,0.0,-29.899247,-52.611329,aggregate-centroid,uf-centroid:RS,,,PEL3---RS138
8630,OMGDRS9231,General,SUL,0.0,-29.899247,-52.611329,aggregate-centroid,uf-centroid:RS,,,PAL62--RS013
8631,OMGDRS9232,General,SUL,0.0,-29.899247,-52.611329,aggregate-centroid,uf-centroid:RS,,,PMED---RS069
8632,OMGDRS9244,General,SUL,0.0,-29.899247,-52.611329,aggregate-centroid,uf-centroid:RS,,,PAL9-B-RS013
8633,OMGDRS9246,General,SUL,0.0,-29.899247,-52.611329,aggregate-centroid,uf-centroid:RS,,,PAL9B--RS013
8634,OMGDRS9254,General,SUL,0.0,-29.899247,-52.611329,aggregate-centroid,uf-centroid:RS,,,POS----RS138
8635,OMGDRS9263,General,SUL,0.0,-29.899247,-52.611329,aggregate-centroid,uf-centroid:RS,,,QUI----RS069
8636,OMGDRS9267,General,SUL,0.0,-29.899247,-52.611329,aggregate-centroid,uf-centroid:RS,,,C.ALTA-RS069
8637,OMGDRS9269,General,SUL,0.0,-29.899247,-52.611329,aggregate-centroid,uf-centroid:RS,,,SAO----RS138
8638,OMGDRS9355,General,SUL,0.0,-29.899247,-52.611329,aggregate-centroid,uf-centroid:RS,,,PAL2---RS069
8639,OMGDRS9357,General,SUL,0.0,-29.899247,-52.611329,aggregate-centroid,uf-centroid:RS,,,PAL14--RS069
8640,OMGDRS9358,General,SUL,0.0,-29.899247,-52.611329,aggregate-centroid,uf-centroid:RS,,,PAL1-B-RS069
8641,OMGDRS9359,General,SUL,0.0,-29.899247,-52.611329,aggregate-centroid,uf-centroid:RS,,,PAL1-A-RS069
8642,OMGDRS9360,General,SUL,0.0,-29.899247,-52.611329,aggregate-centroid,uf-centroid:RS,,,BAG2---RS069
8643,OMGDRS9361,General,SUL,0.0,-29.899247,-52.611329,aggregate-centroid,uf-centroid:RS,,,PAL3---RS069
8644,OMGDRS9362,General,SUL,0.0,-29.899247,-52.611329,aggregate-centroid,uf-centroid:RS,,,PAL5---RS069
8645,OMGDRS9364,General,SUL,0.0,-29.899247,-52.611329,aggregate-centroid,uf-centroid:RS,,,CAM1---RS069
8646,OMGDRS9371,General,SUL,0.0,-29.899247,-52.611329,aggregate-centroid,uf-centroid:RS,,,PAL12--RS069
8647,OMGDRS9372,General,SUL,0.0,-29.899247,-52.611329,aggregate-centroid,uf-centroid:RS,,,ELD----RS023
8648,OMGDRS9374,General,SUL,0.0,-29.899247,-52.611329,aggregate-centroid,uf-centroid:RS,,,ELD-C--RS023
8649,OMGDRS9375,General,SUL,0.0,-29.899247,-52.611329,aggregate-centroid,uf-centroid:RS,,,PAL16--RS069
8650,OMGDRS9377,General,SUL,0.0,-29.899247,-52.611329,aggregate-centroid,uf-centroid:RS,,,ALV----RS069
8651,OMGDRS9384,General,SUL,0.0,-29.899247,-52.611329,aggregate-centroid,uf-centroid:RS,,,PAL10--RS013
8652,OMGDRS9386,General,SUL,0.0,-29.899247,-52.611329,aggregate-centroid,uf-centroid:RS,,,VIA1---RS069
8653,OMGDRS9387,General,SUL,0.0,-29.899247,-52.611329,aggregate-centroid,uf-centroid:RS,,,VIA2---RS069
8654,OMGDRS9388,General,SUL,0.0,-29.899247,-52.611329,aggregate-centroid,uf-centroid:RS,,,PAL13A-RS013
8655,OMGDRS9389,General,SUL,0.0,-29.899247,-52.611329,aggregate-centroid,uf-centroid:RS,,,PAL13B-RS013
8656,OMGDRS9395,General,SUL,0.0,-29.899247,-52.611329,aggregate-centroid,uf-centroid:RS,,,PAL4E--RS013
8657,OMGDRS9397,General,SUL,0.0,-29.899247,-52.611329,aggregate-centroid,uf-centroid:RS,,,PAL4B--RS013
8658,OMGDRS9398,General,SUL,0.0,-29.899247,-52.611329,aggregate-centroid,uf-centroid:RS,,,PAL4C--RS013
8659,OMGDRS9399,General,SUL,0.0,-29.899247,-52.611329,aggregate-centroid,uf-centroid:RS,,,PAL4D--RS013
8660,OMGDRS9400,General,SUL,0.0,-29.899247,-52.611329,aggregate-centroid,uf-centroid:RS,,,PAL8---RS069
8661,OMGDRS9408,General,SUL,0.0,-29.899247,-52.611329,aggregate-centroid,uf-centroid:RS,,,PMR----RS138
8662,OMGDRS9409,General,SUL,0.0,-29.899247,-52.611329,aggregate-centroid,uf-centroid:RS,,,PAL15--RS069
8663,OMGDRS9416,General,SUL,0.0,-29.899247,-52.611329,aggregate-centroid,uf-centroid:RS,,,PEL1---RS138
8664,OMGDRS9420,General,SUL,0.0,-29.899247,-52.611329,aggregate-centroid,uf-centroid:RS,,,PEL2---RS138
8665,OMGDRS9424,General,SUL,0.0,-29.899247,-52.611329,aggregate-centroid,uf-centroid:RS,,,PELOTA-RS138
8666,OMGDRS9428,General,SUL,0.0,-29.899247,-52.611329,aggregate-centroid,uf-centroid:RS,,,PEL4---RS069
8667,OMGDRS9431,General,SUL,0.0,-29.899247,-52.611329,aggregate-centroid,uf-centroid:RS,,,CHA2---RS069
8668,OMGDRS9448,General,SUL,0.0,-29.899247,-52.611329,aggregate-centroid,uf-centroid:RS,,,SJE----RS069
8669,OMGDRS9451,General,SUL,0.0,-29.899247,-52.611329,aggregate-centroid,uf-centroid:RS,,,GUAI1A-RS069
8670,OMGDRS9455,General,SUL,0.0,-29.899247,-52.611329,aggregate-centroid,uf-centroid:RS,,,GUAI1B-RS069
8671,OMGDSC43360,General,SUL,0.0,-27.132976,-50.582328,aggregate-centroid,uf-centroid:SC,,,JOINBV-SC138
8672,OMGDSC43860,General,SUL,0.0,-27.132976,-50.582328,aggregate-centroid,uf-centroid:SC,,,TREZTI-SC138
8673,OMGDSC6051,General,SUL,0.0,-27.132976,-50.582328,aggregate-centroid,uf-centroid:SC,,,BIGUQB-SC138
8674,OMGDSC6053,General,SUL,0.0,-27.132976,-50.582328,aggregate-centroid,uf-centroid:SC,,,BOMBIN-SC138
8675,OMGDSC6056,General,SUL,0.0,-27.132976,-50.582328,aggregate-centroid,uf-centroid:SC,,,GOVCRA-SC138
8676,OMGDSC6065,General,SUL,0.0,-27.132976,-50.582328,aggregate-centroid,uf-centroid:SC,,,COQUEI-SC069
8677,OMGDSC6067,General,SUL,0.0,-27.132976,-50.582328,aggregate-centroid,uf-centroid:SC,,,CAPOE--SC138
8678,OMGDSC6069,General,SUL,0.0,-27.132976,-50.582328,aggregate-centroid,uf-centroid:SC,,,FLAGRO-SC138
8679,OMGDSC6072,General,SUL,0.0,-27.132976,-50.582328,aggregate-centroid,uf-centroid:SC,,,FLMVER-SC138
8680,OMGDSC6073,General,SUL,0.0,-27.132976,-50.582328,aggregate-centroid,uf-centroid:SC,,,ILHACE-SC138
8681,OMGDSC6074,General,SUL,0.0,-27.132976,-50.582328,aggregate-centroid,uf-centroid:SC,,,ILHANO-SC138
8682,OMGDSC6075,General,SUL,0.0,-27.132976,-50.582328,aggregate-centroid,uf-centroid:SC,,,ILHASU-SC138
8683,OMGDSC6076,General,SUL,0.0,-27.132976,-50.582328,aggregate-centroid,uf-centroid:SC,,,PALHPI-SC138
8684,OMGDSC6077,General,SUL,0.0,-27.132976,-50.582328,aggregate-centroid,uf-centroid:SC,,,PALHOC-SC138
8685,OMGDSC6078,General,SUL,0.0,-27.132976,-50.582328,aggregate-centroid,uf-centroid:SC,,,INGLES-SC138
8686,OMGDSC6079,General,SUL,0.0,-27.132976,-50.582328,aggregate-centroid,uf-centroid:SC,,,PTOBEL-SC138
8687,OMGDSC6082,General,SUL,0.0,-27.132976,-50.582328,aggregate-centroid,uf-centroid:SC,,,ROCADO-SC138
8688,OMGDSC6083,General,SUL,0.0,-27.132976,-50.582328,aggregate-centroid,uf-centroid:SC,,,REPARQ-SC138
8689,OMGDSC6084,General,SUL,0.0,-27.132976,-50.582328,aggregate-centroid,uf-centroid:SC,,,STOAMA-SC138
8690,OMGDSC6085,General,SUL,0.0,-27.132976,-50.582328,aggregate-centroid,uf-centroid:SC,,,SLIMOE-SC138
8691,OMGDSC6086,General,SUL,0.0,-27.132976,-50.582328,aggregate-centroid,uf-centroid:SC,,,SAOJOS-SC138
8692,OMGDSC6087,General,SUL,0.0,-27.132976,-50.582328,aggregate-centroid,uf-centroid:SC,,,SJOBAT-SC138
8693,OMGDSC6088,General,SUL,0.0,-27.132976,-50.582328,aggregate-centroid,uf-centroid:SC,,,PACNOV-SC138
8694,OMGDSC6091,General,SUL,0.0,-27.132976,-50.582328,aggregate-centroid,uf-centroid:SC,,,TIJUCA-SC138
8695,OMGDSC6096,General,SUL,0.0,-27.132976,-50.582328,aggregate-centroid,uf-centroid:SC,,,TRINDA-SC138
8696,OMGDSC6097,General,SUL,0.0,-27.132976,-50.582328,aggregate-centroid,uf-centroid:SC,,,GARCIA-SC069
8697,OMGDSC6100,General,SUL,0.0,-27.132976,-50.582328,aggregate-centroid,uf-centroid:SC,,,CANOIN-SC138
8698,OMGDSC6102,General,SUL,0.0,-27.132976,-50.582328,aggregate-centroid,uf-centroid:SC,,,ARAQUA-SC069
8699,OMGDSC6104,General,SUL,0.0,-27.132976,-50.582328,aggregate-centroid,uf-centroid:SC,,,ARQCOR-SC138
8700,OMGDSC6108,General,SUL,0.0,-27.132976,-50.582328,aggregate-centroid,uf-centroid:SC,,,GARUVA-SC138
8701,OMGDSC6109,General,SUL,0.0,-27.132976,-50.582328,aggregate-centroid,uf-centroid:SC,,,PUNIAO-SC138
8702,OMGDSC6110,General,SUL,0.0,-27.132976,-50.582328,aggregate-centroid,uf-centroid:SC,,,GUARAM-SC138
8703,OMGDSC6111,General,SUL,0.0,-27.132976,-50.582328,aggregate-centroid,uf-centroid:SC,,,GUALOT-SC138
8704,OMGDSC6115,General,SUL,0.0,-27.132976,-50.582328,aggregate-centroid,uf-centroid:SC,,,ITAPOA-SC138
8705,OMGDSC6120,General,SUL,0.0,-27.132976,-50.582328,aggregate-centroid,uf-centroid:SC,,,JARAGU-SC138
8706,OMGDSC6121,General,SUL,0.0,-27.132976,-50.582328,aggregate-centroid,uf-centroid:SC,,,JARRLU-SC138
8707,OMGDSC6124,General,SUL,0.0,-27.132976,-50.582328,aggregate-centroid,uf-centroid:SC,,,JARTRR-SC138
8708,OMGDSC6125,General,SUL,0.0,-27.132976,-50.582328,aggregate-centroid,uf-centroid:SC,,,SCHROE-SC138
8709,OMGDSC6126,General,SUL,0.0,-27.132976,-50.582328,aggregate-centroid,uf-centroid:SC,,,JIRIRI-SC138
8710,OMGDSC6130,General,SUL,0.0,-27.132976,-50.582328,aggregate-centroid,uf-centroid:SC,,,JVVNOV-SC138
8711,OMGDSC6132,General,SUL,0.0,-27.132976,-50.582328,aggregate-centroid,uf-centroid:SC,,,JPARAN-SC138
8712,OMGDSC6133,General,SUL,0.0,-27.132976,-50.582328,aggregate-centroid,uf-centroid:SC,,,ITAIBJ-SC138
8713,OMGDSC6137,General,SUL,0.0,-27.132976,-50.582328,aggregate-centroid,uf-centroid:SC,,,JOINSC-SC138
8714,OMGDSC6142,General,SUL,0.0,-27.132976,-50.582328,aggregate-centroid,uf-centroid:SC,,,JOINVU-SC069
8715,OMGDSC6143,General,SUL,0.0,-27.132976,-50.582328,aggregate-centroid,uf-centroid:SC,,,JOINVU-SC138
8716,OMGDSC6146,General,SUL,0.0,-27.132976,-50.582328,aggregate-centroid,uf-centroid:SC,,,JOINV3-SC069
8717,OMGDSC6156,General,SUL,0.0,-27.132976,-50.582328,aggregate-centroid,uf-centroid:SC,,,JOIN4B-SC013
8718,OMGDSC6157,General,SUL,0.0,-27.132976,-50.582328,aggregate-centroid,uf-centroid:SC,,,JOIN4C-SC013
8719,OMGDSC6160,General,SUL,0.0,-27.132976,-50.582328,aggregate-centroid,uf-centroid:SC,,,JOINV4-SC138
8720,OMGDSC6161,General,SUL,0.0,-27.132976,-50.582328,aggregate-centroid,uf-centroid:SC,,,JOINV5-SC069
8721,OMGDSC6162,General,SUL,0.0,-27.132976,-50.582328,aggregate-centroid,uf-centroid:SC,,,JOINPE-SC138
8722,OMGDSC6165,General,SUL,0.0,-27.132976,-50.582328,aggregate-centroid,uf-centroid:SC,,,MAFRA--SC138
8723,OMGDSC6169,General,SUL,0.0,-27.132976,-50.582328,aggregate-centroid,uf-centroid:SC,,,PAPAND-SC138
8724,OMGDSC6171,General,SUL,0.0,-27.132976,-50.582328,aggregate-centroid,uf-centroid:SC,,,PIRABE-SC138
8725,OMGDSC6176,General,SUL,0.0,-27.132976,-50.582328,aggregate-centroid,uf-centroid:SC,,,RNEGRI-SC138
8726,OMGDSC6180,General,SUL,0.0,-27.132976,-50.582328,aggregate-centroid,uf-centroid:SC,,,SAOBEN-SC138
8727,OMGDSC6181,General,SUL,0.0,-27.132976,-50.582328,aggregate-centroid,uf-centroid:SC,,,SBENBR-SC138
8728,OMGDSC6183,General,SUL,0.0,-27.132976,-50.582328,aggregate-centroid,uf-centroid:SC,,,SFRANC-SC069
8729,OMGDSC6189,General,SUL,0.0,-27.132976,-50.582328,aggregate-centroid,uf-centroid:SC,,,UBATUB-SC069
8730,OMGDSC6200,General,SUL,0.0,-27.132976,-50.582328,aggregate-centroid,uf-centroid:SC,,,BGARCI-SC069
8731,OMGDSC6201,General,SUL,0.0,-27.132976,-50.582328,aggregate-centroid,uf-centroid:SC,,,BGARCI-SC138
8732,OMGDSC6206,General,SUL,0.0,-27.132976,-50.582328,aggregate-centroid,uf-centroid:SC,,,BSALTO-SC069
8733,OMGDSC6208,General,SUL,0.0,-27.132976,-50.582328,aggregate-centroid,uf-centroid:SC,,,BFORTA-SC138
8734,OMGDSC6211,General,SUL,0.0,-27.132976,-50.582328,aggregate-centroid,uf-centroid:SC,,,BLUME2-SC069
8735,OMGDSC6212,General,SUL,0.0,-27.132976,-50.582328,aggregate-centroid,uf-centroid:SC,,,BLUME2-SC138
8736,OMGDSC6217,General,SUL,0.0,-27.132976,-50.582328,aggregate-centroid,uf-centroid:SC,,,BVELHA-SC138
8737,OMGDSC6223,General,SUL,0.0,-27.132976,-50.582328,aggregate-centroid,uf-centroid:SC,,,BRUSQU-SC138
8738,OMGDSC6224,General,SUL,0.0,-27.132976,-50.582328,aggregate-centroid,uf-centroid:SC,,,BRUSQR-SC138
8739,OMGDSC6225,General,SUL,0.0,-27.132976,-50.582328,aggregate-centroid,uf-centroid:SC,,,BRUSPD-SC138
8740,OMGDSC6226,General,SUL,0.0,-27.132976,-50.582328,aggregate-centroid,uf-centroid:SC,,,BOTUVE-SC138
8741,OMGDSC6228,General,SUL,0.0,-27.132976,-50.582328,aggregate-centroid,uf-centroid:SC,,,CAMBOR-SC138
8742,OMGDSC6229,General,SUL,0.0,-27.132976,-50.582328,aggregate-centroid,uf-centroid:SC,,,CAMBMB-SC138
8743,OMGDSC6244,General,SUL,0.0,-27.132976,-50.582328,aggregate-centroid,uf-centroid:SC,,,GASPAR-SC138
8744,OMGDSC6249,General,SUL,0.0,-27.132976,-50.582328,aggregate-centroid,uf-centroid:SC,,,IBIRAM-SC069
8745,OMGDSC6252,General,SUL,0.0,-27.132976,-50.582328,aggregate-centroid,uf-centroid:SC,,,INDAIA-SC138
8746,OMGDSC6256,General,SUL,0.0,-27.132976,-50.582328,aggregate-centroid,uf-centroid:SC,,,MPRAIA-SC138
8747,OMGDSC6262,General,SUL,0.0,-27.132976,-50.582328,aggregate-centroid,uf-centroid:SC,,,ITUPOR-SC069
8748,OMGDSC6265,General,SUL,0.0,-27.132976,-50.582328,aggregate-centroid,uf-centroid:SC,,,ITAJSA-SC069
8749,OMGDSC6266,General,SUL,0.0,-27.132976,-50.582328,aggregate-centroid,uf-centroid:SC,,,ITAJSA-SC138
8750,OMGDSC6268,General,SUL,0.0,-27.132976,-50.582328,aggregate-centroid,uf-centroid:SC,,,ITAJIT-SC138
8751,OMGDSC6269,General,SUL,0.0,-27.132976,-50.582328,aggregate-centroid,uf-centroid:SC,,,ITAJFA-SC138
8752,OMGDSC6270,General,SUL,0.0,-27.132976,-50.582328,aggregate-centroid,uf-centroid:SC,,,NAVEGA-SC138
8753,OMGDSC6273,General,SUL,0.0,-27.132976,-50.582328,aggregate-centroid,uf-centroid:SC,,,VOLTAG-SC069
8754,OMGDSC6274,General,SUL,0.0,-27.132976,-50.582328,aggregate-centroid,uf-centroid:SC,,,POMERO-SC138
8755,OMGDSC6276,General,SUL,0.0,-27.132976,-50.582328,aggregate-centroid,uf-centroid:SC,,,PICARR-SC138
8756,OMGDSC6277,General,SUL,0.0,-27.132976,-50.582328,aggregate-centroid,uf-centroid:SC,,,PGETUL-SC138
8757,OMGDSC6279,General,SUL,0.0,-27.132976,-50.582328,aggregate-centroid,uf-centroid:SC,,,RIOSU1-SC069
8758,OMGDSC6281,General,SUL,0.0,-27.132976,-50.582328,aggregate-centroid,uf-centroid:SC,,,RIOSU2-SC138
8759,OMGDSC6283,General,SUL,0.0,-27.132976,-50.582328,aggregate-centroid,uf-centroid:SC,,,RSULCG-SC138
8760,OMGDSC6289,General,SUL,0.0,-27.132976,-50.582328,aggregate-centroid,uf-centroid:SC,,,TAIO---SC069
8761,OMGDSC6290,General,SUL,0.0,-27.132976,-50.582328,aggregate-centroid,uf-centroid:SC,,,TROMCE-SC138
8762,OMGDSC6293,General,SUL,0.0,-27.132976,-50.582328,aggregate-centroid,uf-centroid:SC,,,TIMBO--SC069
8763,OMGDSC6295,General,SUL,0.0,-27.132976,-50.582328,aggregate-centroid,uf-centroid:SC,,,TIMBO--SC138
8764,OMGDSC6297,General,SUL,0.0,-27.132976,-50.582328,aggregate-centroid,uf-centroid:SC,,,VIDALR-SC138
8765,OMGDSC6298,General,SUL,0.0,-27.132976,-50.582328,aggregate-centroid,uf-centroid:SC,,,BARVEL-SC138
8766,OMGDSC6301,General,SUL,0.0,-27.132976,-50.582328,aggregate-centroid,uf-centroid:SC,,,BRETIR-SC069
8767,OMGDSC6310,General,SUL,0.0,-27.132976,-50.582328,aggregate-centroid,uf-centroid:SC,,,LAGESI-SC138
8768,OMGDSC6320,General,SUL,0.0,-27.132976,-50.582328,aggregate-centroid,uf-centroid:SC,,,OTACIL-SC138
8769,OMGDSC6323,General,SUL,0.0,-27.132976,-50.582328,aggregate-centroid,uf-centroid:SC,,,PTEALT-SC069
8770,OMGDSC6325,General,SUL,0.0,-27.132976,-50.582328,aggregate-centroid,uf-centroid:SC,,,SCECIL-SC069
8771,OMGDSC6326,General,SUL,0.0,-27.132976,-50.582328,aggregate-centroid,uf-centroid:SC,,,SCRIST-SC069
8772,OMGDSC6327,General,SUL,0.0,-27.132976,-50.582328,aggregate-centroid,uf-centroid:SC,,,CURITI-SC138
8773,OMGDSC6328,General,SUL,0.0,-27.132976,-50.582328,aggregate-centroid,uf-centroid:SC,,,SJOAQU-SC138
8774,OMGDSC6335,General,SUL,0.0,-27.132976,-50.582328,aggregate-centroid,uf-centroid:SC,,,URUBIC-SC138
8775,OMGDSC6339,General,SUL,0.0,-27.132976,-50.582328,aggregate-centroid,uf-centroid:SC,,,VRAMJR-SC138
8776,OMGDSC6345,General,SUL,0.0,-27.132976,-50.582328,aggregate-centroid,uf-centroid:SC,,,CACADO-SC138
8777,OMGDSC6346,General,SUL,0.0,-27.132976,-50.582328,aggregate-centroid,uf-centroid:SC,,,CDCAST-SC138
8778,OMGDSC6350,General,SUL,0.0,-27.132976,-50.582328,aggregate-centroid,uf-centroid:SC,,,CNOVSA-SC138
8779,OMGDSC6356,General,SUL,0.0,-27.132976,-50.582328,aggregate-centroid,uf-centroid:SC,,,CAPINZ-SC069
8780,OMGDSC6365,General,SUL,0.0,-27.132976,-50.582328,aggregate-centroid,uf-centroid:SC,,,CATAND-SC138
8781,OMGDSC6367,General,SUL,0.0,-27.132976,-50.582328,aggregate-centroid,uf-centroid:SC,,,FRAIBU-SC069
8782,OMGDSC6386,General,SUL,0.0,-27.132976,-50.582328,aggregate-centroid,uf-centroid:SC,,,HERVAL-SC138
8783,OMGDSC6391,General,SUL,0.0,-27.132976,-50.582328,aggregate-centroid,uf-centroid:SC,,,VIDEIR-SC138
8784,OMGDSC6398,General,SUL,0.0,-27.132976,-50.582328,aggregate-centroid,uf-centroid:SC,,,TANGAR-SC138
8785,OMGDSC6400,General,SUL,0.0,-27.132976,-50.582328,aggregate-centroid,uf-centroid:SC,,,ARABUT-SC069
8786,OMGDSC6413,General,SUL,0.0,-27.132976,-50.582328,aggregate-centroid,uf-centroid:SC,,,CHAPSA-SC138
8787,OMGDSC6426,General,SUL,0.0,-27.132976,-50.582328,aggregate-centroid,uf-centroid:SC,,,CONCOR-SC069
8788,OMGDSC6427,General,SUL,0.0,-27.132976,-50.582328,aggregate-centroid,uf-centroid:SC,,,CONCSC-SC138
8789,OMGDSC6430,General,SUL,0.0,-27.132976,-50.582328,aggregate-centroid,uf-centroid:SC,,,CHAPE2-SC138
8790,OMGDSC6431,General,SUL,0.0,-27.132976,-50.582328,aggregate-centroid,uf-centroid:SC,,,CHAPEC-SC069
8791,OMGDSC6435,General,SUL,0.0,-27.132976,-50.582328,aggregate-centroid,uf-centroid:SC,,,IPUMIR-SC069
8792,OMGDSC6436,General,SUL,0.0,-27.132976,-50.582328,aggregate-centroid,uf-centroid:SC,,,ITAPIR-SC069
8793,OMGDSC6437,General,SUL,0.0,-27.132976,-50.582328,aggregate-centroid,uf-centroid:SC,,,FAXINA-SC069
8794,OMGDSC6438,General,SUL,0.0,-27.132976,-50.582328,aggregate-centroid,uf-centroid:SC,,,MARAVI-SC138
8795,OMGDSC6441,General,SUL,0.0,-27.132976,-50.582328,aggregate-centroid,uf-centroid:SC,,,PALMIT-SC138
8796,OMGDSC6442,General,SUL,0.0,-27.132976,-50.582328,aggregate-centroid,uf-centroid:SC,,,PINHAL-SC138
8797,OMGDSC6443,General,SUL,0.0,-27.132976,-50.582328,aggregate-centroid,uf-centroid:SC,,,MONDAI-SC138
8798,OMGDSC6445,General,SUL,0.0,-27.132976,-50.582328,aggregate-centroid,uf-centroid:SC,,,ABLLUZ-SC138
8799,OMGDSC6456,General,SUL,0.0,-27.132976,-50.582328,aggregate-centroid,uf-centroid:SC,,,QUILOM-SC138
8800,OMGDSC6465,General,SUL,0.0,-27.132976,-50.582328,aggregate-centroid,uf-centroid:SC,,,SMIGUE-SC138
8801,OMGDSC6470,General,SUL,0.0,-27.132976,-50.582328,aggregate-centroid,uf-centroid:SC,,,SJCEDR-SC069
8802,OMGDSC6471,General,SUL,0.0,-27.132976,-50.582328,aggregate-centroid,uf-centroid:SC,,,SLOEST-SC138
8803,OMGDSC6478,General,SUL,0.0,-27.132976,-50.582328,aggregate-centroid,uf-centroid:SC,,,SEARA--SC069
8804,OMGDSC6490,General,SUL,0.0,-27.132976,-50.582328,aggregate-centroid,uf-centroid:SC,,,XANXER-SC138
8805,OMGDSC6518,General,SUL,0.0,-27.132976,-50.582328,aggregate-centroid,uf-centroid:SC,,,IMBITU-SC138
8806,OMGDSC6520,General,SUL,0.0,-27.132976,-50.582328,aggregate-centroid,uf-centroid:SC,,,GAROPA-SC138
8807,OMGDSC6522,General,SUL,0.0,-27.132976,-50.582328,aggregate-centroid,uf-centroid:SC,,,JAGUAR-SC069
8808,OMGDSC6525,General,SUL,0.0,-27.132976,-50.582328,aggregate-centroid,uf-centroid:SC,,,LAGUNA-SC138
8809,OMGDSC6530,General,SUL,0.0,-27.132976,-50.582328,aggregate-centroid,uf-centroid:SC,,,ORLEAN-SC138
8810,OMGDSC6531,General,SUL,0.0,-27.132976,-50.582328,aggregate-centroid,uf-centroid:SC,,,TUBAR2-SC069
8811,OMGDSC6532,General,SUL,0.0,-27.132976,-50.582328,aggregate-centroid,uf-centroid:SC,,,TUBARA-SC069
8812,OMGDSC6533,General,SUL,0.0,-27.132976,-50.582328,aggregate-centroid,uf-centroid:SC,,,CAPIVB-SC138
8813,OMGDSC6535,General,SUL,0.0,-27.132976,-50.582328,aggregate-centroid,uf-centroid:SC,,,SANGAO-SC069
8814,OMGDSC6552,General,SUL,0.0,-27.132976,-50.582328,aggregate-centroid,uf-centroid:SC,,,ARARAN-SC069
8815,OMGDSC6553,General,SUL,0.0,-27.132976,-50.582328,aggregate-centroid,uf-centroid:SC,,,ARARLS-SC069
8816,OMGDSC6556,General,SUL,0.0,-27.132976,-50.582328,aggregate-centroid,uf-centroid:SC,,,CRIFLO-SC069
8817,OMGDSC6557,General,SUL,0.0,-27.132976,-50.582328,aggregate-centroid,uf-centroid:SC,,,CRICI3-SC069
8818,OMGDSC6561,General,SUL,0.0,-27.132976,-50.582328,aggregate-centroid,uf-centroid:SC,,,CRICIU-SC069
8819,OMGDSC6574,General,SUL,0.0,-27.132976,-50.582328,aggregate-centroid,uf-centroid:SC,,,FORQUI-SC069
8820,OMGDSC6576,General,SUL,0.0,-27.132976,-50.582328,aggregate-centroid,uf-centroid:SC,,,ICARA--SC069
8821,OMGDSC6577,General,SUL,0.0,-27.132976,-50.582328,aggregate-centroid,uf-centroid:SC,,,RINCAO-SC069
8822,OMGDSC6578,General,SUL,0.0,-27.132976,-50.582328,aggregate-centroid,uf-centroid:SC,,,LAUROM-SC069
8823,OMGDSC6579,General,SUL,0.0,-27.132976,-50.582328,aggregate-centroid,uf-centroid:SC,,,MARACA-SC069
8824,OMGDSC6585,General,SUL,0.0,-27.132976,-50.582328,aggregate-centroid,uf-centroid:SC,,,CERMOF-SC069
8825,OMGDSC6588,General,SUL,0.0,-27.132976,-50.582328,aggregate-centroid,uf-centroid:SC,,,CERMMV-SC069
8826,OMGDSC6590,General,SUL,0.0,-27.132976,-50.582328,aggregate-centroid,uf-centroid:SC,,,ERMO---SC069
8827,OMGDSC6593,General,SUL,0.0,-27.132976,-50.582328,aggregate-centroid,uf-centroid:SC,,,SOMBRI-SC069
8828,OMGDSC6594,General,SUL,0.0,-27.132976,-50.582328,aggregate-centroid,uf-centroid:SC,,,SIDEOA-SC069
8829,OMGDSC6595,General,SUL,0.0,-27.132976,-50.582328,aggregate-centroid,uf-centroid:SC,,,CEPRAG-SC069
8830,OMGDSC6596,General,SUL,0.0,-27.132976,-50.582328,aggregate-centroid,uf-centroid:SC,,,URUSSA-SC069
1,PCHAL030112,SmallHydro,NORDESTE,0.84,-9.491944,-35.848889,plant,reference,,,GUSPAIPCH013
2,PCHBA029697,SmallHydro,NORDESTE,0.4,-13.836944,-39.277500,plant,reference,,,JUL12VPCH013
3,PCHBA029698,SmallHydro,NORDESTE,0.144,-13.836974,-39.277566,plant,reference,,,JUL12VPCH013
4,PCHBA029699,SmallHydro,NORDESTE,0.3,-13.851069,-39.280233,plant,reference,,,JUL12VPCH013
5,PCHBA030590,SmallHydro,NORDESTE,0.534,-13.984937,-39.477067,plant,reference,,,POCOE3-BA500
103,PCHPE028091,SmallHydro,NORDESTE,4.5,-8.631075,-35.197592,plant,reference,,,RIBEIR-PE069
104,PCHPE028359,SmallHydro,NORDESTE,1.0,-8.509109,-35.597730,plant,reference,,,VALVERPCH013
105,PCHPE028693,SmallHydro,NORDESTE,0.144,-8.347632,-35.342401,plant,reference,,,PIRAPA-PE069
106,PCHPE028695,SmallHydro,NORDESTE,1.024,-8.353186,-35.402714,plant,reference,,,RIBEIR-PE069
332,EOLBA030283,Wind,NORDESTE,35.07,-12.351191,-42.338525,plant,reference,,,BROTASEOL034
333,EOLBA030288,Wind,NORDESTE,30.0,-9.517548,-40.886394,plant,reference,,,PREINOEOL034
334,EOLBA030305,Wind,NORDESTE,30.06,-12.312699,-42.350988,plant,reference,,,BROTASEOL034
335,EOLBA030306,Wind,NORDESTE,28.39,-12.278703,-42.362604,plant,reference,,,BROTASEOL034
336,EOLBA030314,Wind,NORDESTE,19.2,-14.155456,-42.638220,plant,reference,,,LICALMEOL034
337,EOLBA030315,Wind,NORDESTE,11.2,-13.882300,-42.663050,plant,reference,,,NSCONCEOL034
338,EOLBA030316,Wind,NORDESTE,9.6,-14.183147,-42.622749,plant,reference,,,LICALMEOL034
339,EOLBA030317,Wind,NORDESTE,24.0,-14.176944,-42.654063,plant,reference,,,LICALMEOL034
340,EOLBA030318,Wind,NORDESTE,28.8,-13.895694,-42.676889,plant,reference,,,NSCONCEOL034
341,EOLBA030319,Wind,NORDESTE,25.6,-14.014750,-42.633861,plant,reference,,,PLANALEOL034
342,EOLBA030320,Wind,NORDESTE,8.0,-14.185151,-42.591073,plant,reference,,,ALVORAEOL034
343,EOLBA030321,Wind,NORDESTE,30.4,-13.860574,-42.657342,plant,reference,,,NSCONCEOL034
344,EOLBA030322,Wind,NORDESTE,27.2,-13.987944,-42.638944,plant,reference,,,PLANALEOL034
345,EOLBA030323,Wind,NORDESTE,6.4,-13.862944,-42.672667,plant,reference,,,NSCONCEOL034
346,EOLBA030324,Wind,NORDESTE,24.0,-14.202139,-42.658899,plant,reference,,,GUIRAPEOL034
347,EOLBA030328,Wind,NORDESTE,20.8,-14.201708,-42.618310,plant,reference,,,LICALMEOL034
348,EOLBA030341,Wind,NORDESTE,30.4,-14.164028,-42.600556,plant,reference,,,ALVORAEOL034
349,EOLBA030342,Wind,NORDESTE,28.8,-14.218915,-42.641388,plant,reference,,,GUIRAPEOL034
350,EOLBA030437,Wind,NORDESTE,30.0,-14.185000,-42.503000,plant,reference,,,CAETITEOL034
351,EOLBA030443,Wind,NORDESTE,30.0,-9.874592,-41.095715,plant,reference,,,PEDBR1EOL034
352,EOLBA030448,Wind,NORDESTE,30.0,-14.219444,-42.507000,plant,reference,,,CAETITEOL034
353,EOLBA030455,Wind,NORDESTE,30.0,-9.863844,-41.104175,plant,reference,,,PEDBR1EOL034
354,EOLBA030456,Wind,NORDESTE,31.465,-9.874693,-41.093011,plant,reference,,,PEDBR1EOL034
355,EOLBA030476,Wind,NORDESTE,23.52,-14.119464,-42.614083,plant,reference,,,ARACASEOL034
356,EOLBA030490,Wind,NORDESTE,21.84,-13.964266,-42.638863,plant,reference,,,ARACASEOL034
357,EOLBA030495,Wind,NORDESTE,31.86,-14.129593,-42.559655,plant,reference,,,ARACASEOL034
358,EOLBA030506,Wind,NORDESTE,30.24,-14.088509,-42.682708,plant,reference,,,RENOV2EOL034
359,EOLBA030544,Wind,NORDESTE,30.0,-14.102598,-42.610657,plant,reference,,,ARACASEOL034
360,EOLBA030546,Wind,NORDESTE,30.24,-14.147273,-42.711851,plant,reference,,,RENOV2EOL034
361,EOLBA030608,Wind,NORDESTE,18.0,-9.498583,-40.879000,plant,reference,,,PREIN3EOL034
362,EOLBA030725,Wind,NORDESTE,29.9,-11.664250,-41.362000,plant,reference,,,CRISTAEOL034
363,EOLBA030726,Wind,NORDESTE,29.9,-11.733361,-41.373000,plant,reference,,,CRISTAEOL034
364,EOLBA030727,Wind,NORDESTE,29.9,-11.796463,-41.393384,plant,reference,,,CRISTAEOL034 034kV-2
365,EOLBA030731,Wind,NORDESTE,16.65,-14.338138,-42.591091,plant,reference,,,BWG1B2EOL034
366,EOLBA030732,Wind,NORDESTE,12.95,-14.346057,-42.613684,plant,reference,,,BWG1B2EOL034
367,EOLBA030738,Wind,NORDESTE,29.6,-14.419889,-42.628720,plant,reference,,,BWG2B1EOL034
368,EOLBA030739,Wind,NORDESTE,22.2,-14.452802,-42.640996,plant,reference,,,BWG2B1EOL034
369,EOLBA030751,Wind,NORDESTE,31.45,-14.391171,-42.593854,plant,reference,,,BWG1B1EOL034
370,EOLBA030752,Wind,NORDESTE,27.75,-14.292691,-42.585269,plant,reference,,,BWG1B1EOL034
371,EOLBA030753,Wind,NORDESTE,29.6,-14.377552,-42.609386,plant,reference,,,BWG2B2EOL034
372,EOLBA030768,Wind,NORDESTE,30.24,-14.133706,-42.602358,plant,reference,,,ARACASEOL034
373,EOLBA030776,Wind,NORDESTE,30.24,-14.029151,-42.616076,plant,reference,,,ARACASEOL034
374,EOLBA030778,Wind,NORDESTE,28.56,-14.152325,-42.681592,plant,reference,,,RENOV2EOL034
375,EOLBA030779,Wind,NORDESTE,28.56,-14.172033,-42.700224,plant,reference,,,RENOV2EOL034
376,EOLBA030792,Wind,NORDESTE,30.24,-14.468862,-42.583559,plant,reference,,,CAETB1EOL034
377,EOLBA030793,Wind,NORDESTE,21.84,-14.529235,-42.586731,plant,reference,,,PELOUREOL034
378,EOLBA030801,Wind,NORDESTE,28.2,-13.917985,-42.620446,plant,reference,,,CDVENTEOL034
379,EOLBA030802,Wind,NORDESTE,18.48,-14.495724,-42.582860,plant,reference,,,CAETB2EOL034
380,EOLBA030803,Wind,NORDESTE,10.08,-14.476963,-42.585251,plant,reference,,,CAETB2EOL034
381,EOLBA030807,Wind,NORDESTE,25.85,-13.910024,-42.624172,plant,reference,,,CDVENTEOL034
382,EOLBA030837,Wind,NORDESTE,20.16,-14.508401,-42.586651,plant,reference,,,PELOUREOL034
383,EOLBA030943,Wind,NORDESTE,30.0,-10.627702,-40.685535,plant,reference,,,CFORM1EOL034
384,EOLBA030944,Wind,NORDESTE,30.0,-10.583277,-40.637447,plant,reference,,,CFORM1EOL034
385,EOLBA030945,Wind,NORDESTE,30.0,-10.569562,-40.628583,plant,reference,,,CFORM2EOL034
386,EOLBA030946,Wind,NORDESTE,30.0,-10.556679,-40.568676,plant,reference,,,CFORM2EOL034
387,EOLBA030976,Wind,NORDESTE,30.0,-14.163217,-42.484490,plant,reference,,,CAETITEOL034
388,EOLBA031010,Wind,NORDESTE,30.0,-10.519560,-40.611384,plant,reference,,,CFORM2EOL034
389,EOLBA031120,Wind,NORDESTE,18.9,-13.837919,-42.648638,plant,reference,,,TAMBIIEOL034
390,EOLBA031121,Wind,NORDESTE,30.0,-11.822457,-41.459062,plant,reference,,,DRIDAMEOL034
391,EOLBA031335,Wind,NORDESTE,32.9,-9.886794,-41.120331,plant,reference,,,BARAU1EOL034
392,EOLBA031336,Wind,NORDESTE,32.9,-9.849705,-41.056519,plant,reference,,,PEDBR2EOL034
393,EOLBA031337,Wind,NORDESTE,30.0,-11.893431,-41.458331,plant,reference,,,MANESPEOL034
394,EOLBA031338,Wind,NORDESTE,30.0,-11.856718,-41.474222,plant,reference,,,DRIDAMEOL034
395,EOLBA031341,Wind,NORDESTE,20.0,-11.184107,-42.705313,plant,reference,,,G.OUR1EOL034
396,EOLBA031342,Wind,NORDESTE,22.1,-14.114634,-42.474949,plant,reference,,,CAEABCEOL034
397,EOLBA031343,Wind,NORDESTE,30.0,-11.163795,-42.670649,plant,reference,,,G.OUR1EOL034
398,EOLBA031344,Wind,NORDESTE,23.8,-14.141481,-42.478267,plant,reference,,,CAEABCEOL034
399,EOLBA031352,Wind,NORDESTE,32.9,-9.862764,-41.083417,plant,reference,,,PEDBR2EOL034
400,EOLBA031355,Wind,NORDESTE,28.0,-11.861620,-41.416144,plant,reference,,,MANESPEOL034
401,EOLBA031356,Wind,NORDESTE,18.0,-11.071039,-42.678815,plant,reference,,,G.OUR1EOL034
402,EOLBA031402,Wind,NORDESTE,23.7,-14.277823,-42.543459,plant,reference,,,ABILI1EOL034
403,EOLBA031403,Wind,NORDESTE,15.0,-14.315912,-42.572140,plant,reference,,,ABILI1EOL034
404,EOLBA031404,Wind,NORDESTE,8.1,-13.894795,-42.702698,plant,reference,,,TAMBIIEOL034
405,EOLBA031405,Wind,NORDESTE,9.0,-14.325693,-42.571852,plant,reference,,,ABILI1EOL034
406,EOLBA031406,Wind,NORDESTE,21.6,-13.907722,-42.705021,plant,reference,,,TAMBIIEOL034
407,EOLBA031407,Wind,NORDESTE,21.0,-14.549962,-42.580644,plant,reference,,,FSERR1EOL034
408,EOLBA031408,Wind,NORDESTE,21.0,-14.556181,-42.582048,plant,reference,,,FSERR1EOL034
409,EOLBA031418,Wind,NORDESTE,16.2,-13.915586,-42.697782,plant,reference,,,TAMBIIEOL034
410,EOLBA031424,Wind,NORDESTE,23.4,-14.259561,-42.554320,plant,reference,,,ABILI2EOL034
411,EOLBA031431,Wind,NORDESTE,8.0,-14.445209,-42.691719,plant,reference,,,GPEXPAEOL034 034kV-2
412,EOLBA031432,Wind,NORDESTE,10.0,-14.331822,-42.612802,plant,reference,,,GPEXPAEOL034
413,EOLBA031433,Wind,NORDESTE,6.0,-14.412776,-42.659942,plant,reference,,,GPEXPAEOL034 034kV-2
414,EOLBA031434,Wind,NORDESTE,4.0,-14.431883,-42.691894,plant,reference,,,GPEXPAEOL034 034kV-2
415,EOLBA031435,Wind,NORDESTE,10.0,-14.419038,-42.641929,plant,reference,,,GPEXPAEOL034 034kV-2
416,EOLBA031447,Wind,NORDESTE,10.0,-14.283559,-42.593245,plant,reference,,,GPEXPAEOL034
417,EOLBA031458,Wind,NORDESTE,10.0,-14.270171,-42.575490,plant,reference,,,GPEXPAEOL034 034kV-2
418,EOLBA031459,Wind,NORDESTE,10.0,-14.320177,-42.610275,plant,reference,,,GPEXPAEOL034
419,EOLBA031511,Wind,NORDESTE,10.0,-14.481477,-42.640872,plant,reference,,,GPEXPAEOL034
420,EOLBA031518,Wind,NORDESTE,16.0,-14.503058,-42.651364,plant,reference,,,GPEXPAEOL034
421,EOLBA031519,Wind,NORDESTE,32.9,-9.270551,-41.050094,plant,reference,,,CNOVA-EOL034
422,EOLBA031523,Wind,NORDESTE,8.5,-14.108207,-42.474611,plant,reference,,,CAEABCEOL034
423,EOLBA031524,Wind,NORDESTE,28.2,-9.314802,-41.117485,plant,reference,,,CNOVA-EOL034
424,EOLBA031563,Wind,NORDESTE,30.0,-10.606096,-40.654497,plant,reference,,,CFORM1EOL034
425,EOLBA031606,Wind,NORDESTE,16.0,-14.470953,-42.665527,plant,reference,,,GPEXPAEOL034 034kV-2
426,EOLBA031607,Wind,NORDESTE,32.9,-9.847750,-41.053891,plant,reference,,,PEDBR2EOL034
427,EOLBA031667,Wind,NORDESTE,25.85,-9.871747,-41.063110,plant,reference,,,PEDBR2EOL034
428,EOLBA031737,Wind,NORDESTE,17.5,-10.664992,-41.604518,plant,reference,,,UBN-B2EOL034
429,EOLBA031738,Wind,NORDESTE,25.0,-10.679477,-41.520631,plant,reference,,,UBN-B3EOL034
430,EOLBA031740,Wind,NORDESTE,25.0,-10.669916,-41.509507,plant,reference,,,UBN-B3EOL034
431,EOLBA031741,Wind,NORDESTE,20.0,-10.640248,-41.507583,plant,reference,,,UBN-B3EOL034
432,EOLBA031742,Wind,NORDESTE,20.0,-10.649883,-41.596086,plant,reference,,,UBN-B2EOL034
433,EOLBA031743,Wind,NORDESTE,17.5,-10.638644,-41.614341,plant,reference,,,UBN-B2EOL034
434,EOLBA031744,Wind,NORDESTE,15.0,-10.586323,-41.490183,plant,reference,,,UBN-B3EOL034
435,EOLBA031752,Wind,NORDESTE,20.0,-10.646925,-41.564666,plant,reference,,,UBN-B3EOL034
436,EOLBA031754,Wind,NORDESTE,20.0,-10.652819,-41.497254,plant,reference,,,UBN-B3EOL034
437,EOLBA031755,Wind,NORDESTE,25.0,-10.694148,-41.568716,plant,reference,,,UBN-B1EOL034
438,EOLBA031756,Wind,NORDESTE,7.5,-10.650271,-41.587366,plant,reference,,,UBN-B1EOL034
439,EOLBA031758,Wind,NORDESTE,27.0,-12.015583,-41.446262,plant,reference,,,VENBA2EOL034
440,EOLBA031770,Wind,NORDESTE,12.0,-11.984325,-41.444549,plant,reference,,,VENBA4EOL034
441,EOLBA031771,Wind,NORDESTE,27.0,-12.032426,-41.456540,plant,reference,,,VENBA8EOL034
442,EOLBA031796,Wind,NORDESTE,20.0,-10.673447,-41.604745,plant,reference,,,UBN-B2EOL034
443,EOLBA031832,Wind,NORDESTE,25.0,-10.697722,-41.582322,plant,reference,,,UBN-B1EOL034
444,EOLBA032081,Wind,NORDESTE,30.0,-13.931228,-41.560866,plant,reference,,,CRLANDEOL034
445,EOLBA032082,Wind,NORDESTE,30.0,-13.970133,-41.550179,plant,reference,,,CRLANDEOL034
446,EOLBA032083,Wind,NORDESTE,30.0,-14.009508,-41.533277,plant,reference,,,CRLANDEOL034
447,EOLBA032090,Wind,NORDESTE,13.5,-13.835063,-42.703777,plant,reference,,,TAMBOIEOL034
448,EOLBA032091,Wind,NORDESTE,21.6,-14.044056,-42.654293,plant,reference,,,QUINA1EOL034
449,EOLBA032093,Wind,NORDESTE,16.2,-13.826610,-42.704285,plant,reference,,,TAMBOIEOL034
450,EOLBA032098,Wind,NORDESTE,12.0,-14.328980,-42.572302,plant,reference,,,CEDRO-EOL034
451,EOLBA032101,Wind,NORDESTE,16.2,-13.994598,-42.690783,plant,reference,,,QUINA1EOL034
452,EOLBA032102,Wind,NORDESTE,8.1,-13.863558,-42.690898,plant,reference,,,TAMBOIEOL034
453,EOLBA032104,Wind,NORDESTE,16.2,-13.829375,-42.690823,plant,reference,,,TAMBOIEOL034
454,EOLBA032106,Wind,NORDESTE,18.9,-13.841875,-42.690565,plant,reference,,,TAMBOIEOL034
455,EOLBA032108,Wind,NORDESTE,13.5,-14.015460,-42.663303,plant,reference,,,QUINA1EOL034
456,EOLBA032111,Wind,NORDESTE,18.9,-13.979888,-42.665189,plant,reference,,,QUINA2EOL034
457,EOLBA032113,Wind,NORDESTE,16.5,-14.254035,-42.549050,plant,reference,,,VELLOZEOL034
458,EOLBA032245,Wind,NORDESTE,13.8,-14.016968,-42.676410,plant,reference,,,QUINA1EOL034
459,EOLBA032246,Wind,NORDESTE,18.0,-14.535573,-42.575839,plant,reference,,,PDAGUAEOL034
460,EOLBA032342,Wind,NORDESTE,12.5,-11.170556,-42.681321,plant,reference,,,G.OUR1EOL034 034kV-2
461,EOLBA032343,Wind,NORDESTE,30.0,-11.047474,-42.687599,plant,reference,,,G.OUR1EOL034
462,EOLBA032344,Wind,NORDESTE,27.5,-11.177425,-42.736905,plant,reference,,,G.OUR1EOL034 034kV-3
463,EOLBA032345,Wind,NORDESTE,20.0,-11.134978,-42.653473,plant,reference,,,G.OUR1EOL034 034kV-2
464,EOLBA032346,Wind,NORDESTE,27.5,-11.212712,-42.699851,plant,reference,,,G.OUR1EOL034 034kV-3
465,EOLBA032347,Wind,NORDESTE,17.5,-11.106516,-42.671498,plant,reference,,,G.OUR1EOL034 034kV-2
466,EOLBA032348,Wind,NORDESTE,17.5,-11.090365,-42.683008,plant,reference,,,G.OUR1EOL034 034kV-2
467,EOLBA032349,Wind,NORDESTE,27.5,-11.122780,-42.684070,plant,reference,,,G.OUR1EOL034 034kV-2
468,EOLBA032350,Wind,NORDESTE,30.0,-11.131075,-42.696798,plant,reference,,,G.OUR1EOL034 034kV-2
469,EOLBA032351,Wind,NORDESTE,25.0,-11.115297,-42.669900,plant,reference,,,G.OUR1EOL034 034kV-2
470,EOLBA032357,Wind,NORDESTE,28.0,-10.057509,-40.978680,plant,reference,,,DELFI2EOL034
471,EOLBA032358,Wind,NORDESTE,28.0,-10.036946,-40.958618,plant,reference,,,DELFI2EOL034
472,EOLBA032359,Wind,NORDESTE,28.0,-10.022876,-40.928364,plant,reference,,,DELFI2EOL034
473,EOLBA032362,Wind,NORDESTE,13.5,-14.005467,-42.667041,plant,reference,,,QUINA1EOL034
474,EOLBA032363,Wind,NORDESTE,18.9,-14.266978,-42.536433,plant,reference,,,ABILI3EOL034
475,EOLBA032364,Wind,NORDESTE,10.8,-13.980840,-42.678781,plant,reference,,,QUINA2EOL034
476,EOLBA032417,Wind,NORDESTE,31.185,-9.766024,-41.022670,plant,reference,,,ARI-2-EOL034
477,EOLBA032462,Wind,NORDESTE,28.2,-11.095466,-41.305670,plant,reference,,,SBABILEOL034 034kV-2
478,EOLBA032465,Wind,NORDESTE,28.2,-11.090140,-41.315365,plant,reference,,,SBABILEOL034
479,EOLBA032466,Wind,NORDESTE,25.85,-11.048995,-41.325203,plant,reference,,,SBABILEOL034 034kV-2
480,EOLBA032467,Wind,NORDESTE,28.2,-11.056587,-41.315487,plant,reference,,,SBABILEOL034
481,EOLBA032468,Wind,NORDESTE,28.2,-11.083844,-41.301060,plant,reference,,,SBABILEOL034 034kV-2
482,EOLBA032469,Wind,NORDESTE,28.2,-11.068103,-41.318787,plant,reference,,,SBABILEOL034
483,EOLBA032470,Wind,NORDESTE,28.2,-11.076978,-41.321587,plant,reference,,,SBABILEOL034
484,EOLBA032471,Wind,NORDESTE,28.2,-11.098866,-41.315867,plant,reference,,,SBABILEOL034 034kV-2
485,EOLBA032487,Wind,NORDESTE,16.45,-14.451362,-42.650472,plant,reference,,,PND12-EOL034
486,EOLBA032521,Wind,NORDESTE,28.0,-10.004919,-40.933794,plant,reference,,,DELFI2EOL034
487,EOLBA032522,Wind,NORDESTE,8.0,-10.065803,-40.980929,plant,reference,,,DELFI1EOL034
488,EOLBA032523,Wind,NORDESTE,30.0,-10.029238,-40.951969,plant,reference,,,DELFI2EOL034
489,EOLBA032524,Wind,NORDESTE,30.0,-9.986322,-40.910740,plant,reference,,,DELFI2EOL034
490,EOLBA032526,Wind,NORDESTE,28.6,-11.987675,-41.525857,plant,reference,,,VBAHI2EOL034
491,EOLBA032527,Wind,NORDESTE,30.8,-11.974740,-41.522136,plant,reference,,,VBAHI2EOL034
492,EOLBA032531,Wind,NORDESTE,28.6,-11.986171,-41.491425,plant,reference,,,VBAHI2EOL034
493,EOLBA032535,Wind,NORDESTE,49.5,-12.131297,-41.496662,plant,reference,,,VBAHI3EOL034
494,EOLBA032536,Wind,NORDESTE,33.0,-12.110180,-41.506776,plant,reference,,,VBAHI3EOL034
495,EOLBA032567,Wind,NORDESTE,24.8,-11.190138,-38.781705,plant,siga:Operação,EOL.CV.BA.032567-8.1,Tucano - BA,TCA-B3EOL034
496,EOLBA032568,Wind,NORDESTE,43.4,-11.329455,-38.804538,plant,siga:Operação,EOL.CV.BA.032568-6.1,Tucano - BA,TCA-B2EOL034
497,EOLBA032569,Wind,NORDESTE,43.4,-11.420052,-38.812891,plant,siga:Operação,EOL.CV.BA.032569-4.1,Biritinga - BA,TCA-B2EOL034
498,EOLBA032578,Wind,NORDESTE,49.6,-11.227957,-38.792010,plant,reference,,,TCA-B1EOL034
499,EOLBA032579,Wind,NORDESTE,55.8,-11.256467,-38.811248,plant,reference,,,TCA-B1EOL034
500,EOLBA032580,Wind,NORDESTE,49.6,-11.285933,-38.799070,plant,siga:Operação,EOL.CV.BA.032580-5.1,Tucano - BA,TCA-B1EOL034
501,EOLBA032584,Wind,NORDESTE,43.4,-11.298496,-38.801334,plant,siga:Operação,EOL.CV.BA.032584-8.1,Tucano - BA,TCA-B2EOL034
502,EOLBA032641,Wind,NORDESTE,29.4,-10.387003,-40.458851,plant,reference,,,VSJN1-EOL034
503,EOLBA032642,Wind,NORDESTE,72.0,-11.078763,-41.268079,plant,reference,,,BBSUL3EOL034
504,EOLBA032644,Wind,NORDESTE,42.0,-10.289825,-40.434053,plant,reference,,,VSJN2-EOL034
505,EOLBA032759,Wind,NORDESTE,30.0,-11.761353,-41.389287,plant,reference,,,MCSUL1EOL034
506,EOLBA032804,Wind,NORDESTE,36.0,-13.706919,-42.600118,plant,siga:Operação,EOL.CV.BA.032804-9.1,Tanque Novo - BA,A.CAETEOL034
507,EOLBA032805,Wind,NORDESTE,22.5,-13.625203,-42.550867,plant,siga:Operação,EOL.CV.BA.032805-7.1,Tanque Novo - BA,A.CAETEOL034
508,EOLBA032884,Wind,NORDESTE,28.0,-11.624949,-41.352131,plant,reference,,,MCSUL1EOL034
509,EOLBA033508,Wind,NORDESTE,33.6,-10.322671,-40.436722,plant,reference,,,VSJN1-EOL034
510,EOLBA033521,Wind,NORDESTE,33.6,-10.310530,-40.440365,plant,reference,,,VSJN2-EOL034
511,EOLBA033523,Wind,NORDESTE,37.8,-10.410982,-40.466443,plant,reference,,,VSJN2-EOL034
512,EOLBA033529,Wind,NORDESTE,42.0,-10.265075,-40.430619,plant,reference,,,VSJN2-EOL034
513,EOLBA033530,Wind,NORDESTE,42.0,-10.243095,-40.424477,plant,reference,,,VSJN2-EOL034
514,EOLBA033532,Wind,NORDESTE,42.0,-10.344756,-40.437754,plant,reference,,,VSJN1-EOL034
515,EOLBA033533,Wind,NORDESTE,42.0,-10.367828,-40.442233,plant,reference,,,VSJN1-EOL034
516,EOLBA033547,Wind,NORDESTE,72.0,-11.099362,-41.280884,plant,reference,,,BBSUL4EOL034
517,EOLBA033548,Wind,NORDESTE,72.0,-11.130735,-41.287332,plant,reference,,,BBSUL2EOL034
518,EOLBA033549,Wind,NORDESTE,72.0,-11.126474,-41.303340,plant,reference,,,BBSUL1EOL034
519,EOLBA033626,Wind,NORDESTE,25.0,-11.035395,-42.632111,plant,reference,,,LARANJEOL034
520,EOLBA033627,Wind,NORDESTE,25.0,-11.081228,-42.618002,plant,reference,,,LARANJEOL034
521,EOLBA033628,Wind,NORDESTE,29.7,-10.502903,-41.540087,plant,reference,,,CLARG2EOL034
522,EOLBA033629,Wind,NORDESTE,29.7,-10.489783,-41.511548,plant,reference,,,CLARG2EOL034
523,EOLBA033630,Wind,NORDESTE,29.7,-10.422970,-41.428507,plant,reference,,,CLARG1EOL034
524,EOLBA033631,Wind,NORDESTE,29.7,-10.421148,-41.395730,plant,reference,,,CLARG1EOL034
525,EOLBA033632,Wind,NORDESTE,29.7,-10.522943,-41.493618,plant,reference,,,CLARG2EOL034
526,EOLBA033633,Wind,NORDESTE,29.7,-10.449551,-41.448068,plant,reference,,,CLARG1EOL034
527,EOLBA033634,Wind,NORDESTE,22.5,-10.672349,-41.570451,plant,reference,,,UBN-B1EOL034
528,EOLBA033635,Wind,NORDESTE,25.0,-10.597610,-41.494659,plant,reference,,,UBN-B2EOL034
529,EOLBA033636,Wind,NORDESTE,22.5,-10.701005,-41.595077,plant,reference,,,UBN-B1EOL034
530,EOLBA033637,Wind,NORDESTE,15.0,-10.624528,-41.602795,plant,reference,,,UBN-B1EOL034
531,EOLBA033639,Wind,NORDESTE,17.5,-10.646764,-41.533369,plant,reference,,,UBN-B2EOL034
532,EOLBA033648,Wind,NORDESTE,28.0,-11.598539,-41.339426,plant,reference,,,MCSUL1EOL034
533,EOLBA033649,Wind,NORDESTE,28.0,-11.607504,-41.315742,plant,reference,,,MCSUL2EOL034
534,EOLBA033650,Wind,NORDESTE,30.0,-11.587414,-41.228529,plant,reference,,,MCSUL2EOL034
535,EOLBA033652,Wind,NORDESTE,28.0,-11.578676,-41.303424,plant,reference,,,MCSUL2EOL034
536,EOLBA034507,Wind,NORDESTE,46.2,-11.558338,-41.301728,plant,reference,,,VSEG15EOL034
537,EOLBA034508,Wind,NORDESTE,42.0,-11.530592,-41.320241,plant,reference,,,VSEG15EOL034
538,EOLBA034509,Wind,NORDESTE,42.0,-11.507978,-41.294582,plant,reference,,,VSEG17EOL034
539,EOLBA034511,Wind,NORDESTE,46.2,-11.499194,-41.291093,plant,reference,,,VSEG21EOL034
540,EOLBA034512,Wind,NORDESTE,46.2,-11.516939,-41.280067,plant,reference,,,VSEG17EOL034
541,EOLBA034513,Wind,NORDESTE,25.2,-11.559025,-41.330043,plant,reference,,,VSEG15EOL034
542,EOLBA034514,Wind,NORDESTE,46.2,-11.526127,-41.331714,plant,reference,,,VSEG21EOL034
543,EOLBA034613,Wind,NORDESTE,29.7,-10.465447,-41.493467,plant,reference,,,CLARG2EOL034
544,EOLBA034614,Wind,NORDESTE,33.6,-10.459999,-41.393161,plant,reference,,,CLARG4EOL034
545,EOLBA034622,Wind,NORDESTE,42.0,-10.402464,-41.493504,plant,reference,,,CLARG4EOL034
546,EOLBA034623,Wind,NORDESTE,54.6,-10.405412,-41.448645,plant,reference,,,CLARG4EOL034
547,EOLBA034625,Wind,NORDESTE,16.8,-10.402737,-41.446361,plant,reference,,,CLARG4EOL034
548,EOLBA034630,Wind,NORDESTE,33.6,-10.506687,-41.486767,plant,reference,,,CLARG4EOL034
549,EOLBA034631,Wind,NORDESTE,25.2,-10.462586,-41.394039,plant,reference,,,CLARG3EOL034
550,EOLBA034633,Wind,NORDESTE,29.7,-10.511031,-41.454514,plant,reference,,,CLARG1EOL034
551,EOLBA034634,Wind,NORDESTE,21.0,-10.446783,-41.500832,plant,reference,,,CLARG3EOL034
552,EOLBA034636,Wind,NORDESTE,29.7,-10.489091,-41.434454,plant,reference,,,CLARG1EOL034
553,EOLBA034637,Wind,NORDESTE,29.7,-10.440798,-41.467600,plant,reference,,,CLARG2EOL034
554,EOLBA034638,Wind,NORDESTE,29.4,-10.462954,-41.514053,plant,reference,,,CLARG3EOL034
555,EOLBA034643,Wind,NORDESTE,29.7,-10.420290,-41.478639,plant,reference,,,CLARG1EOL034
556,EOLBA034645,Wind,NORDESTE,33.6,-10.440902,-41.572307,plant,reference,,,CLARG3EOL034
557,EOLBA034647,Wind,NORDESTE,37.8,-10.480451,-41.576879,plant,reference,,,CLARG3EOL034
558,EOLBA034648,Wind,NORDESTE,33.6,-10.509424,-41.611686,plant,reference,,,CLARG3EOL034
559,EOLBA034656,Wind,NORDESTE,12.4,-10.941143,-42.561034,plant,siga:Operação,EOL.CV.BA.034656-0.1,Xique-Xique - BA,SVTOR2EOL034
560,EOLBA034659,Wind,NORDESTE,24.8,-10.990149,-42.516522,plant,siga:Operação,EOL.CV.BA.034659-4.1,Itaguaçu da Bahia - BA,SVTOR4EOL034
561,EOLBA034660,Wind,NORDESTE,31.0,-10.991699,-42.500642,plant,siga:Operação,EOL.CV.BA.034660-8.1,Itaguaçu da Bahia - BA,SVTOR3EOL034
562,EOLBA034661,Wind,NORDESTE,25.2,-11.586931,-41.338953,plant,reference,,,VSEG17EOL034
563,EOLBA034692,Wind,NORDESTE,33.6,-11.583424,-41.356796,plant,reference,,,VSES13EOL034
564,EOLBA034717,Wind,NORDESTE,27.3,-11.006360,-41.227128,plant,reference,,,BABIL2EOL034
565,EOLBA034736,Wind,NORDESTE,27.3,-10.913016,-41.221427,plant,reference,,,BABIL1EOL034
566,EOLBA034738,Wind,NORDESTE,27.3,-10.939695,-41.228897,plant,reference,,,BABIL1EOL034
567,EOLBA034739,Wind,NORDESTE,27.3,-10.958198,-41.233434,plant,reference,,,BABIL1EOL034
568,EOLBA034742,Wind,NORDESTE,27.3,-10.976119,-41.219950,plant,reference,,,BABIL2EOL034
569,EOLBA034777,Wind,NORDESTE,20.0,-9.502865,-40.914228,plant,reference,,,PREIN4EOL034
570,EOLBA034809,Wind,NORDESTE,31.0,-10.898042,-42.538647,plant,siga:Operação,EOL.CV.BA.034809-0.1,Xique-Xique - BA,SVTOR2EOL034
571,EOLBA034811,Wind,NORDESTE,6.2,-10.911539,-42.546207,plant,siga:Operação,EOL.CV.BA.034811-2.1,Xique-Xique - BA,SVTOR2EOL034
572,EOLBA034830,Wind,NORDESTE,12.4,-10.971710,-42.561780,plant,siga:Operação,EOL.CV.BA.034830-9.1,Xique-Xique - BA,SVTOR1EOL034
573,EOLBA034838,Wind,NORDESTE,18.6,-10.987372,-42.560892,plant,siga:Operação,EOL.CV.BA.034838-4.1,Xique-Xique - BA,SVTOR1EOL034
574,EOLBA034850,Wind,NORDESTE,31.0,-10.976181,-42.510155,plant,siga:Operação,EOL.CV.BA.034850-3.1,Itaguaçu da Bahia - BA,SVTOR4EOL034
575,EOLBA034883,Wind,NORDESTE,28.6,-12.015487,-41.495448,plant,reference,,,VBAHI2EOL034
576,EOLBA034889,Wind,NORDESTE,49.5,-12.062630,-41.486265,plant,reference,,,VBAHI3EOL034
577,EOLBA035172,Wind,NORDESTE,13.5,-13.649829,-42.577156,plant,siga:Operação,EOL.CV.BA.035172-5.1,Tanque Novo - BA,A.CAETEOL034 034kV-2
578,EOLBA035222,Wind,NORDESTE,31.185,-9.805084,-41.022709,plant,reference,,,ARI-1-EOL034
579,EOLBA035229,Wind,NORDESTE,31.185,-9.816030,-41.038889,plant,reference,,,ARI-2-EOL034
580,EOLBA035233,Wind,NORDESTE,13.86,-9.835541,-41.042697,plant,reference,,,ARI-1-EOL034
581,EOLBA035234,Wind,NORDESTE,49.5,-12.084231,-41.493626,plant,reference,,,VBAHI3EOL034
582,EOLBA035266,Wind,NORDESTE,29.4,-9.969845,-40.881555,plant,reference,,,DELFI2EOL034
583,EOLBA036989,Wind,NORDESTE,12.4,-11.359969,-38.804077,plant,siga:Operação,EOL.CV.BA.036989-6.1,Araci - BA,TCA-B2EOL034
584,EOLBA036993,Wind,NORDESTE,31.185,-9.789151,-41.012894,plant,reference,,,ARI-1-EOL034
585,EOLBA037001,Wind,NORDESTE,21.15,-14.412676,-42.649761,plant,reference,,,PND34-EOL034
586,EOLBA037019,Wind,NORDESTE,18.8,-14.415362,-42.641124,plant,reference,,,PND12-EOL034
587,EOLBA037069,Wind,NORDESTE,16.0,-9.549450,-40.895799,plant,reference,,,PREIN5EOL034
588,EOLBA037083,Wind,NORDESTE,21.2,-11.120358,-41.324220,plant,reference,,,SDBAF-EOL034
589,EOLBA037093,Wind,NORDESTE,23.5,-14.408796,-42.648646,plant,reference,,,PND34-EOL034
590,EOLBA037101,Wind,NORDESTE,72.0,-11.139890,-41.308488,plant,siga:Operação,EOL.CV.BA.037101-7.1,Morro do Chapéu - BA,BBSUL1EOL034
591,EOLBA037102,Wind,NORDESTE,50.4,-10.442022,-40.461658,plant,reference,,,VSJA22EOL034
592,EOLBA037103,Wind,NORDESTE,50.4,-10.428616,-40.506891,plant,reference,,,VSJA21EOL034
593,EOLBA037104,Wind,NORDESTE,50.4,-10.473618,-40.523964,plant,reference,,,VSJA22EOL034
594,EOLBA037209,Wind,NORDESTE,27.0,-9.260209,-41.016813,plant,reference,,,C.NOVAEOL034
595,EOLBA038031,Wind,NORDESTE,48.51,-9.750103,-40.975326,plant,reference,,,ARI-2-EOL034
596,EOLBA038032,Wind,NORDESTE,41.58,-9.674182,-41.110138,plant,reference,,,ARI-1-EOL034
597,EOLBA038077,Wind,NORDESTE,22.8,-11.388815,-42.147151,plant,siga:Operação,EOL.CV.BA.038077-6.1,Uibaí - BA,VSEUG1EOL034
598,EOLBA038078,Wind,NORDESTE,11.4,-11.374534,-42.177213,plant,reference,,,VSEUG1EOL034
599,EOLBA038079,Wind,NORDESTE,17.1,-11.409485,-42.159434,plant,siga:Operação,EOL.CV.BA.038079-2.1,Uibaí - BA,VSEUG1EOL034
600,EOLBA038081,Wind,NORDESTE,22.8,-11.454006,-42.169219,plant,siga:Operação,EOL.CV.BA.038081-4.1,Ibipeba - BA,VSEUG5EOL034
601,EOLBA038082,Wind,NORDESTE,17.1,-11.488278,-42.134038,plant,siga:Operação,EOL.CV.BA.038082-2.1,Uibaí - BA,VSEUG5EOL034
602,EOLBA038083,Wind,NORDESTE,17.1,-11.381257,-42.175581,plant,reference,,,VSEUG1EOL034
603,EOLBA038086,Wind,NORDESTE,22.8,-11.500621,-42.145344,plant,siga:Operação,EOL.CV.BA.038086-5.1,Ibipeba - BA,VSEUG9EOL034
604,EOLBA038087,Wind,NORDESTE,22.8,-11.443461,-42.159581,plant,siga:Operação,EOL.CV.BA.038087-3.1,Ibipeba - BA,VSEU11EOL034
605,EOLBA038088,Wind,NORDESTE,39.9,-11.427509,-42.157872,plant,siga:Operação,EOL.CV.BA.038088-1.1,Ibipeba - BA,VSEU11EOL034
606,EOLBA038089,Wind,NORDESTE,5.7,-11.520879,-42.144104,plant,siga:Operação,EOL.CV.BA.038089-0.1,Ibipeba - BA,VSEUG9EOL034
607,EOLBA040608,Wind,NORDESTE,31.8,-11.126576,-41.326419,plant,reference,,,SDBAF-EOL034
608,EOLBA040609,Wind,NORDESTE,26.5,-11.132785,-41.328628,plant,reference,,,SDBAF-EOL034
609,EOLBA040610,Wind,NORDESTE,31.8,-11.142658,-41.331553,plant,reference,,,SDBAF-EOL034
610,EOLBA040611,Wind,NORDESTE,26.5,-11.149370,-41.333034,plant,reference,,,SDBAF-EOL034
611,EOLBA040612,Wind,NORDESTE,21.2,-11.159387,-41.336070,plant,reference,,,SDBAF-EOL034
612,EOLBA044360,Wind,NORDESTE,44.0,-9.031601,-41.700590,plant,siga:Operação,EOL.CV.BA.044360-3.1,Casa Nova - BA,OITI3AEOL034
613,EOLBA044361,Wind,NORDESTE,49.5,-9.073836,-41.714804,plant,reference,,,OITI2AEOL034
614,EOLBA044940,Wind,NORDESTE,47.3,-10.786071,-41.442222,plant,siga:Operação,EOL.CV.BA.044940-7.1,Morro do Chapéu - BA,AROB1-EOL034
615,EOLBA044947,Wind,NORDESTE,43.0,-10.805149,-41.436271,plant,siga:Operação,EOL.CV.BA.044947-4.1,Morro do Chapéu - BA,AROB4-EOL034
616,EOLBA044948,Wind,NORDESTE,43.0,-10.827251,-41.451139,plant,siga:Operação,EOL.CV.BA.044948-2.1,Morro do Chapéu - BA,AROB4-EOL034
617,EOLBA044949,Wind,NORDESTE,43.0,-10.818598,-41.486889,plant,siga:Operação,EOL.CV.BA.044949-0.1,Morro do Chapéu - BA,AROB3-EOL034
618,EOLBA044950,Wind,NORDESTE,43.0,-10.785192,-41.493496,plant,siga:Operação,EOL.CV.BA.044950-4.1,Morro do Chapéu - BA,AROB3-EOL034
619,EOLBA044951,Wind,NORDESTE,38.7,-10.766796,-41.530109,plant,siga:Operação,EOL.CV.BA.044951-2.1,Morro do Chapéu - BA,AROB2-EOL034
620,EOLBA044952,Wind,NORDESTE,47.3,-10.759436,-41.498429,plant,siga:Operação,EOL.CV.BA.044952-0.1,Morro do Chapéu - BA,AROB2-EOL034
621,EOLBA044953,Wind,NORDESTE,43.0,-10.754813,-41.478789,plant,siga:Operação,EOL.CV.BA.044953-9.1,Morro do Chapéu - BA,AROB1-EOL034
622,EOLBA044959,Wind,NORDESTE,27.0,-13.658328,-42.576016,plant,siga:Operação,EOL.CV.BA.044959-8.1,Tanque Novo - BA,A.CAETEOL034 034kV-2
623,EOLBA044960,Wind,NORDESTE,36.0,-13.683710,-42.593858,plant,siga:Operação,EOL.CV.BA.044960-1.1,Tanque Novo - BA,A.CAETEOL034 034kV-2
624,EOLBA044961,Wind,NORDESTE,27.0,-13.640561,-42.547984,plant,siga:Operação,EOL.CV.BA.044961-0.1,Tanque Novo - BA,A.CAETEOL034
625,EOLBA044962,Wind,NORDESTE,18.0,-13.677157,-42.573218,plant,siga:Operação,EOL.CV.BA.044962-8.1,Caetité - BA,A.CAETEOL034 034kV-2
626,EOLBA046757,Wind,NORDESTE,49.7,-10.189229,-38.775070,plant,siga:Operação,EOL.CV.BA.046757-0.1,Canudos - BA,CANUD1EOL034
627,EOLBA046758,Wind,NORDESTE,49.7,-10.146645,-38.771320,plant,siga:Operação,EOL.CV.BA.046758-8.1,Canudos - BA,CANUD1EOL034
628,EOLBA050463,Wind,NORDESTE,36.0,-11.025392,-42.641051,plant,reference,,,ASSU4-EOL034 034kV-2
629,EOLBA050464,Wind,NORDESTE,31.5,-11.035961,-42.614520,plant,siga:Operação,EOL.CV.BA.050464-5.1,Xique-Xique - BA,ASSU4-EOL034 034kV-2
630,EOLBA050465,Wind,NORDESTE,36.0,-11.060369,-42.630624,plant,reference,,,ASSU4-EOL034 034kV-2
631,EOLBA050466,Wind,NORDESTE,36.0,-11.083934,-42.626630,plant,siga:Operação,EOL.CV.BA.050466-1.1,Gentio do Ouro - BA,ASSU4-EOL034
632,EOLBA050467,Wind,NORDESTE,36.0,-11.107349,-42.629241,plant,siga:Operação,EOL.CV.BA.050467-0.1,Gentio do Ouro - BA,ASSU4-EOL034
633,EOLBA050468,Wind,NORDESTE,36.0,-11.066169,-42.603002,plant,reference,,,ASSU4-EOL034
634,EOLBA051784,Wind,NORDESTE,40.6,-10.982197,-42.610102,plant,siga:Operação,EOL.CV.BA.051784-4.1,Xique-Xique - BA,ASSU5BEOL034
635,EOLBA051785,Wind,NORDESTE,46.4,-10.997407,-42.624202,plant,siga:Operação,EOL.CV.BA.051785-2.1,Xique-Xique - BA,ASSU5AEOL034
636,EOLBA051786,Wind,NORDESTE,40.6,-11.018552,-42.676492,plant,siga:Operação,EOL.CV.BA.051786-0.1,Gentio do Ouro - BA,ASSU5AEOL034
637,EOLBA051787,Wind,NORDESTE,46.4,-11.021880,-42.603709,plant,siga:Operação,EOL.CV.BA.051787-9.1,Xique-Xique - BA,ASSU5BEOL034
638,EOLBA051788,Wind,NORDESTE,34.8,-11.141336,-42.633912,plant,siga:Operação,EOL.CV.BA.051788-7.1,Gentio do Ouro - BA,ASSU5AEOL034
639,EOLBA051789,Wind,NORDESTE,34.8,-11.023761,-42.589031,plant,siga:Operação,EOL.CV.BA.051789-5.1,"Gentio do Ouro - BA, Xique-Xique - BA",ASSU5BEOL034
640,EOLCE002801,Wind,NORDESTE,5.0,-3.495278,-38.933889,plant,reference,,,ETAIBAEOL013
641,EOLCE028174,Wind,NORDESTE,25.6,-4.193631,-38.076560,plant,reference,,,BEBERIEOL034
642,EOLCE028440,Wind,NORDESTE,28.8,-2.815098,-40.234875,plant,reference,,,P.MORGEOL034
643,EOLCE028441,Wind,NORDESTE,42.0,-2.851343,-39.965937,plant,reference,,,V.RIO-EOL034
644,EOLCE028630,Wind,NORDESTE,25.2,-4.125556,-38.150278,plant,reference,,,FOZRCHEOL034
645,EOLCE028631,Wind,NORDESTE,104.4,-2.905097,-41.039248,plant,reference,,,PFORMOEOL034
646,EOLCE028649,Wind,NORDESTE,10.5,-4.535833,-37.695278,plant,reference,,,CQBRD2EOL034
647,EOLCE028652,Wind,NORDESTE,3.23,-4.589143,-37.637664,plant,reference,,,L.MATOEOL034
648,EOLCE028699,Wind,NORDESTE,54.6,-3.017865,-39.674071,plant,reference,,,ICAZINEOL034
649,EOLCE028706,Wind,NORDESTE,25.2,-3.431474,-38.961967,plant,reference,,,PARACUEOL013
650,EOLCE028724,Wind,NORDESTE,28.8,-4.363056,-37.883889,plant,reference,,,P.PARAEOL034
651,EOLCE028770,Wind,NORDESTE,31.5,-4.470000,-37.670000,bus-proxy,bus:CANOAQEOL034,,,CANOAQEOL034
652,EOLCE028788,Wind,NORDESTE,57.0,-4.467050,-37.757717,plant,reference,,,CANOAQEOL034
653,EOLCE028857,Wind,NORDESTE,23.1,-3.544760,-38.888743,plant,reference,,,TAIBA-EOL034
654,EOLCE028858,Wind,NORDESTE,16.5,-3.510289,-38.916392,plant,reference,,,T.ALBAEOL034
655,EOLCE028887,Wind,NORDESTE,50.0,-4.447197,-37.759557,plant,reference,,,CANOAQEOL034
656,EOLCE030279,Wind,NORDESTE,30.0,-2.885260,-39.983903,plant,reference,,,BURITIEOL034
657,EOLCE030282,Wind,NORDESTE,27.0,-2.885547,-39.972099,plant,reference,,,COQUEIEOL034
658,EOLCE030289,Wind,NORDESTE,16.8,-3.027409,-39.620907,plant,reference,,,ICARAIEOL034
659,EOLCE030294,Wind,NORDESTE,30.0,-2.915891,-39.954438,plant,reference,,,CAJUCOEOL034
660,EOLCE030295,Wind,NORDESTE,18.9,-3.542160,-38.878403,plant,reference,,,TAIBA-EOL034
661,EOLCE030299,Wind,NORDESTE,42.0,-3.436744,-38.985368,plant,reference,,,DNPARAEOL013
662,EOLCE030309,Wind,NORDESTE,29.4,-3.369945,-39.262098,plant,reference,,,FAISABEOL034
663,EOLCE030329,Wind,NORDESTE,25.2,-3.322065,-39.267054,plant,reference,,,FAISABEOL034
664,EOLCE030331,Wind,NORDESTE,27.3,-3.318764,-39.239596,plant,reference,,,FAISAAEOL034
665,EOLCE030332,Wind,NORDESTE,25.2,-3.347820,-39.265249,plant,reference,,,FAISAAEOL034
666,EOLCE030336,Wind,NORDESTE,27.3,-3.214709,-39.328842,plant,reference,,,FAISABEOL034
667,EOLCE030352,Wind,NORDESTE,29.4,-3.321800,-39.267146,plant,reference,,,FAISAAEOL034
668,EOLCE030356,Wind,NORDESTE,37.8,-3.066023,-39.596929,plant,reference,,,ICARAIEOL034 034kV-2
669,EOLCE030369,Wind,NORDESTE,25.5,-4.563389,-37.688472,plant,reference,,,QUIXABEOL034
670,EOLCE030372,Wind,NORDESTE,27.3,-3.081183,-39.594861,plant,reference,,,ICARAIEOL034 034kV-2
671,EOLCE030373,Wind,NORDESTE,14.7,-3.528310,-38.898460,plant,reference,,,TAIBA-EOL034
672,EOLCE030582,Wind,NORDESTE,27.51,-3.878097,-41.175095,plant,reference,,,S.ROS1EOL034
673,EOLCE030584,Wind,NORDESTE,29.12,-3.894430,-41.196946,plant,reference,,,S.ROS2EOL034
674,EOLCE030585,Wind,NORDESTE,27.75,-3.879527,-41.153371,plant,reference,,,S.ROS1EOL034
675,EOLCE030595,Wind,NORDESTE,27.51,-3.853007,-41.183384,plant,reference,,,S.ROS1EOL034
676,EOLCE030596,Wind,NORDESTE,29.12,-3.888773,-41.185626,plant,reference,,,S.ROS2EOL034
677,EOLCE030656,Wind,NORDESTE,30.004,-3.193587,-39.374643,plant,reference,,,TRAIT1EOL034
678,EOLCE030662,Wind,NORDESTE,25.388,-3.221667,-39.290000,plant,reference,,,TRAIT2EOL034
679,EOLCE030663,Wind,NORDESTE,30.004,-3.263152,-39.215887,plant,reference,,,TRAIT2EOL034
680,EOLCE030670,Wind,NORDESTE,30.004,-3.201070,-39.364715,plant,reference,,,TRAIT1EOL034
681,EOLCE030691,Wind,NORDESTE,29.7,-3.066556,-39.702588,plant,reference,,,BCIGRIEOL034
682,EOLCE030695,Wind,NORDESTE,21.6,-3.098249,-39.678552,plant,reference,,,BCIGRIEOL034
683,EOLCE030697,Wind,NORDESTE,24.3,-3.098412,-39.666283,plant,reference,,,BCIGRIEOL034
684,EOLCE030841,Wind,NORDESTE,23.1,-3.946613,-41.123035,plant,reference,,,MALHADEOL034
685,EOLCE030907,Wind,NORDESTE,24.0,-4.427429,-37.870857,plant,reference,,,JANDAIEOL034 034kV-2
686,EOLCE030911,Wind,NORDESTE,18.5,-3.247016,-39.250230,plant,reference,,,SANTOSEOL034
687,EOLCE030912,Wind,NORDESTE,24.0,-3.260296,-39.248343,plant,reference,,,SANTOSEOL034
688,EOLCE030916,Wind,NORDESTE,12.0,-3.273261,-39.224673,plant,reference,,,SANTOSEOL034
689,EOLCE030918,Wind,NORDESTE,12.6,-4.656561,-37.612293,plant,reference,,,PITOMBEOL034
690,EOLCE030920,Wind,NORDESTE,23.1,-4.592102,-37.713947,plant,reference,,,PITOMBEOL034
691,EOLCE030921,Wind,NORDESTE,21.0,-4.499836,-37.809335,plant,reference,,,JANDAIEOL034
692,EOLCE030924,Wind,NORDESTE,18.9,-4.594473,-37.682026,plant,reference,,,PITOMBEOL034
693,EOLCE030925,Wind,NORDESTE,16.8,-4.622811,-37.690357,plant,reference,,,PITOMBEOL034
694,EOLCE030926,Wind,NORDESTE,27.3,-4.600609,-37.648884,plant,reference,,,PITOMBEOL034
695,EOLCE030927,Wind,NORDESTE,21.0,-4.424276,-37.879665,plant,reference,,,JANDAIEOL034
696,EOLCE030929,Wind,NORDESTE,27.0,-4.432987,-37.816219,plant,reference,,,JANDAIEOL034
697,EOLCE030930,Wind,NORDESTE,30.0,-4.451213,-37.867730,plant,reference,,,JANDAIEOL034 034kV-2
698,EOLCE031482,Wind,NORDESTE,21.0,-2.966490,-39.879474,plant,reference,,,ITAREMEOL034
699,EOLCE031483,Wind,NORDESTE,27.0,-2.921129,-39.861651,plant,reference,,,ITAREMEOL034
700,EOLCE031484,Wind,NORDESTE,15.0,-2.947571,-39.836864,plant,reference,,,ITAREMEOL034
701,EOLCE031485,Wind,NORDESTE,27.0,-2.922547,-39.840652,plant,reference,,,ITAREMEOL034
702,EOLCE031579,Wind,NORDESTE,21.0,-3.923890,-41.028187,plant,reference,,,CACIMBEOL034
703,EOLCE031611,Wind,NORDESTE,16.8,-3.866123,-41.038182,plant,reference,,,CACIA-EOL034
704,EOLCE031621,Wind,NORDESTE,10.5,-3.932132,-41.026646,plant,reference,,,CACIA-EOL034
705,EOLCE031627,Wind,NORDESTE,14.7,-3.867378,-41.020258,plant,reference,,,CACIMBEOL034
706,EOLCE031644,Wind,NORDESTE,23.1,-3.888423,-41.040105,plant,reference,,,CACIA-EOL034
707,EOLCE031698,Wind,NORDESTE,23.1,-3.000767,-39.730655,plant,reference,,,PCHEIREOL034
708,EOLCE031736,Wind,NORDESTE,25.2,-2.997515,-39.733696,plant,reference,,,PCHEIREOL034
709,EOLCE031813,Wind,NORDESTE,21.0,-2.929141,-39.875664,plant,reference,,,ITAREMEOL034
710,EOLCE031814,Wind,NORDESTE,30.0,-2.948142,-39.901166,plant,reference,,,ITAREMEOL034 034kV-2
711,EOLCE031815,Wind,NORDESTE,24.0,-2.928827,-39.875746,plant,reference,,,ITAREMEOL034 034kV-2
712,EOLCE031816,Wind,NORDESTE,21.0,-2.953983,-39.877386,plant,reference,,,ITAREMEOL034 034kV-2
713,EOLCE031817,Wind,NORDESTE,21.0,-2.981204,-39.892791,plant,reference,,,ITAREMEOL034 034kV-2
714,EOLCE031866,Wind,NORDESTE,23.1,-4.747573,-37.307519,plant,reference,,,INACI-EOL034
715,EOLCE032010,Wind,NORDESTE,29.7,-3.247965,-39.294315,plant,reference,,,TRAIT3EOL034
716,EOLCE032011,Wind,NORDESTE,18.9,-3.253237,-39.280946,plant,reference,,,TRAIT3EOL034
717,EOLCE032012,Wind,NORDESTE,29.7,-3.279224,-39.306116,plant,reference,,,TRAIT3EOL034
718,EOLCE032013,Wind,NORDESTE,18.9,-3.259677,-39.281586,plant,reference,,,TRAIT3EOL034
719,EOLCE032375,Wind,NORDESTE,21.0,-3.270653,-39.396262,plant,reference,,,S.MATOEOL034
720,EOLCE032376,Wind,NORDESTE,21.0,-3.275989,-39.351267,plant,reference,,,S.MATOEOL034
721,EOLCE032377,Wind,NORDESTE,21.0,-3.262465,-39.348202,plant,reference,,,S.MATOEOL034
722,EOLCE032378,Wind,NORDESTE,21.0,-3.220148,-39.396182,plant,reference,,,S.MATOEOL034
723,EOLCE032379,Wind,NORDESTE,16.8,-3.245552,-39.407350,plant,reference,,,S.MATOEOL034
724,EOLCE032453,Wind,NORDESTE,21.0,-3.232201,-39.401971,plant,reference,,,S.MATOEOL034
725,EOLCE033756,Wind,NORDESTE,28.0,-2.841442,-40.066143,plant,reference,,,CATAVEEOL034
726,EOLCE035197,Wind,NORDESTE,23.1,-4.735911,-37.323718,plant,reference,,,INACI-EOL034
727,EOLCE035217,Wind,NORDESTE,27.3,-4.765953,-37.291430,plant,reference,,,INACI-EOL034
728,EOLCE035219,Wind,NORDESTE,23.1,-4.781288,-37.290725,plant,reference,,,INACI-EOL034
729,EOLCE040794,Wind,NORDESTE,71.4,-4.755266,-37.336272,plant,reference,,,GRAVIEEOL034
730,EOLCE040878,Wind,NORDESTE,25.2,-3.266678,-39.329877,plant,reference,,,SERRO1EOL034
731,EOLCE040879,Wind,NORDESTE,25.2,-3.288245,-39.332755,plant,reference,,,SERRO1EOL034
732,EOLCE040880,Wind,NORDESTE,21.0,-3.304396,-39.352150,plant,reference,,,SERRO1EOL034
733,EOLCE040881,Wind,NORDESTE,16.8,-3.307674,-39.390254,plant,reference,,,SERRO2EOL034
734,EOLCE040882,Wind,NORDESTE,29.4,-3.317362,-39.369536,plant,reference,,,SERRO1EOL034
735,EOLCE040883,Wind,NORDESTE,29.4,-3.227508,-39.372870,plant,reference,,,SERRO2EOL034
736,EOLCE040884,Wind,NORDESTE,29.4,-3.315723,-39.324384,plant,reference,,,SERRO2EOL034
737,EOLCE040885,Wind,NORDESTE,29.4,-3.338040,-39.329405,plant,reference,,,SERRO2EOL034
753,EOLPB029041,Wind,NORDESTE,10.2,-6.493889,-34.971944,plant,reference,,,MILLENEOL013
754,EOLPB029075,Wind,NORDESTE,4.25,-6.557296,-35.014694,plant,reference,,,VITORIEOL013
755,EOLPB029083,Wind,NORDESTE,4.5,-6.574674,-34.976039,plant,reference,,,PRESIDEOL013
756,EOLPB029084,Wind,NORDESTE,4.5,-6.557596,-34.972058,plant,reference,,,CAMURIEOL013
757,EOLPB029085,Wind,NORDESTE,4.5,-6.547517,-34.968012,plant,reference,,,ALBATREOL013
758,EOLPB029086,Wind,NORDESTE,4.5,-6.575797,-34.971815,plant,reference,,,COELH1EOL013
759,EOLPB029087,Wind,NORDESTE,4.5,-6.556590,-34.966430,plant,reference,,,COELH3EOL013
760,EOLPB029088,Wind,NORDESTE,4.5,-6.547366,-34.973711,plant,reference,,,ATLANTEOL013
761,EOLPB029089,Wind,NORDESTE,4.5,-6.555976,-34.969043,plant,reference,,,CARAVEEOL013
762,EOLPB029090,Wind,NORDESTE,4.5,-6.570110,-34.967369,plant,reference,,,COELH2EOL013
763,EOLPB029091,Wind,NORDESTE,4.5,-6.581408,-34.974652,plant,reference,,,COELH4EOL013
764,EOLPB029092,Wind,NORDESTE,4.5,-6.582255,-34.978462,plant,reference,,,MATARAEOL013
765,EOLPB033663,Wind,NORDESTE,31.5,-6.883351,-36.763737,plant,reference,,,CANOASEOL034
766,EOLPB033664,Wind,NORDESTE,31.5,-6.879041,-36.818431,plant,reference,,,LAGOA1EOL034
767,EOLPB033665,Wind,NORDESTE,31.5,-6.840913,-36.791068,plant,reference,,,LAGOA2EOL034
768,EOLPB034639,Wind,NORDESTE,34.65,-6.972885,-36.879275,plant,reference,,,CHFS2AEOL034
769,EOLPB034640,Wind,NORDESTE,34.65,-6.996853,-36.893951,plant,reference,,,CHFS2AEOL034
770,EOLPB034642,Wind,NORDESTE,34.65,-7.001597,-36.898279,plant,reference,,,CHFS2AEOL034
771,EOLPB034644,Wind,NORDESTE,34.65,-7.033728,-36.935487,plant,reference,,,CHFS1BEOL034
772,EOLPB034646,Wind,NORDESTE,34.65,-7.003914,-36.913089,plant,reference,,,CHFS1BEOL034
773,EOLPB035181,Wind,NORDESTE,34.65,-6.882510,-36.791359,plant,reference,,,CHFNB-EOL034
774,EOLPB035184,Wind,NORDESTE,31.185,-6.978608,-36.853932,plant,reference,,,CHFS2BEOL034
775,EOLPB035225,Wind,NORDESTE,16.5,-6.974250,-36.761795,plant,siga:Operação,EOL.CV.PB.035225-0.1,Junco do Seridó - PB,SSE-B1EOL034
776,EOLPB035226,Wind,NORDESTE,44.0,-6.968938,-36.793167,plant,siga:Operação,EOL.CV.PB.035226-8.1,Junco do Seridó - PB,SSE-B1EOL034
777,EOLPB035227,Wind,NORDESTE,44.0,-6.961329,-36.785884,plant,siga:Operação,EOL.CV.PB.035227-6.1,Junco do Seridó - PB,SSE-B2EOL034
778,EOLPB035240,Wind,NORDESTE,24.255,-7.048234,-36.952411,plant,reference,,,CHFS1AEOL034
779,EOLPB035241,Wind,NORDESTE,34.65,-7.029193,-36.962448,plant,reference,,,CHFS1AEOL034
780,EOLPB035242,Wind,NORDESTE,13.86,-7.050796,-36.967892,plant,reference,,,CHFS1AEOL034
781,EOLPB037952,Wind,NORDESTE,34.65,-6.872149,-36.759355,plant,reference,,,CHFNB-EOL034
782,EOLPB037953,Wind,NORDESTE,34.65,-6.843582,-36.735549,plant,reference,,,CHFNB-EOL034
783,EOLPB037958,Wind,NORDESTE,34.65,-6.923993,-36.860748,plant,reference,,,CHFS2BEOL034
784,EOLPB038029,Wind,NORDESTE,34.65,-6.871192,-36.826200,plant,reference,,,CHFNA-EOL034
785,EOLPB038030,Wind,NORDESTE,20.79,-6.882362,-36.841490,plant,reference,,,CHFNA-EOL034
786,EOLPB038304,Wind,NORDESTE,44.0,-6.973126,-36.801434,plant,reference,,,SSE-B1EOL034
787,EOLPB038305,Wind,NORDESTE,44.0,-7.008809,-36.783303,plant,siga:Operação,EOL.CV.PB.038305-8.1,Junco do Seridó - PB,SSE-B1EOL034
788,EOLPB040613,Wind,NORDESTE,49.5,-7.001874,-36.800132,plant,siga:Operação,EOL.CV.PB.040613-9.1,Junco do Seridó - PB,SSE-B2EOL034
789,EOLPB043275,Wind,NORDESTE,46.4,-6.974987,-36.834492,plant,siga:Operação,EOL.CV.PB.043275-0.1,Santa Luzia - PB,SSE-B4EOL034
790,EOLPB043276,Wind,NORDESTE,23.2,-7.037765,-36.804841,plant,siga:Operação,EOL.CV.PB.043276-8.1,Santa Luzia - PB,SSE-B4EOL034
791,EOLPB043277,Wind,NORDESTE,34.8,-6.933275,-36.788774,plant,siga:Operação,EOL.CV.PB.043277-6.1,Junco do Seridó - PB,SSE-B4EOL034
792,EOLPE028481,Wind,NORDESTE,4.25,-7.495335,-35.495521,plant,reference,,,PIRAUAEOL013
793,EOLPE029011,Wind,NORDESTE,4.25,-8.175000,-35.388889,plant,reference,,,XAVANTEOL013
794,EOLPE029015,Wind,NORDESTE,4.95,-8.278998,-35.596376,plant,reference,,,MANDACEOL013
795,EOLPE029019,Wind,NORDESTE,4.25,-8.294679,-35.595566,plant,reference,,,SMARIAEOL013
796,EOLPE029020,Wind,NORDESTE,4.25,-8.268161,-35.596405,plant,reference,,,GRAVFREOL013
797,EOLPE030789,Wind,NORDESTE,18.8,-9.018737,-38.056015,plant,reference,,,TACARAEOL034
798,EOLPE030805,Wind,NORDESTE,30.55,-9.062482,-38.118580,plant,reference,,,TACARAEOL034
799,EOLPE030806,Wind,NORDESTE,30.55,-9.067193,-38.144783,plant,reference,,,TACARAEOL034
800,EOLPE031346,Wind,NORDESTE,28.9,-8.846492,-36.730237,plant,reference,,,BRIGB1EOL034
801,EOLPE031353,Wind,NORDESTE,28.9,-8.868062,-36.747064,plant,reference,,,BRIGB1EOL034
802,EOLPE031354,Wind,NORDESTE,28.9,-8.845086,-36.769663,plant,reference,,,BRIGB1EOL034
803,EOLPE031363,Wind,NORDESTE,27.2,-8.796904,-36.733769,plant,reference,,,BRIGB2EOL034
804,EOLPE031365,Wind,NORDESTE,13.6,-8.809883,-36.748739,plant,reference,,,BRIGB2EOL034
805,EOLPE031370,Wind,NORDESTE,27.2,-8.833777,-36.760183,plant,reference,,,BRIGB2EOL034
806,EOLPE031422,Wind,NORDESTE,27.2,-8.802548,-36.757918,plant,reference,,,BRIGB2EOL034
807,EOLPE031537,Wind,NORDESTE,23.92,-8.911334,-36.747708,plant,reference,,,SVACASEOL034 034kV-2
808,EOLPE031540,Wind,NORDESTE,22.295,-8.895190,-36.725702,plant,reference,,,SVACASEOL034 034kV-2
809,EOLPE031560,Wind,NORDESTE,22.235,-8.903081,-36.757925,plant,reference,,,SVACASEOL034 034kV-2
810,EOLPE031574,Wind,NORDESTE,22.295,-8.913810,-36.729573,plant,reference,,,SVACASEOL034 034kV-2
811,EOLPE031761,Wind,NORDESTE,25.3,-7.744187,-40.620813,plant,reference,,,ARA3B-EOL034
812,EOLPE031762,Wind,NORDESTE,25.3,-7.748174,-40.629634,plant,reference,,,ARA3A-EOL034
813,EOLPE031763,Wind,NORDESTE,29.9,-7.728330,-40.658409,plant,reference,,,ARA3C-EOL034
814,EOLPE031764,Wind,NORDESTE,27.6,-7.759877,-40.673321,plant,reference,,,ARA3C-EOL034
815,EOLPE031807,Wind,NORDESTE,36.0,-8.187652,-36.750989,plant,reference,,,O.BRA1EOL034
816,EOLPE031808,Wind,NORDESTE,36.0,-8.177264,-36.737648,plant,siga:Operação,EOL.CV.PE.031808-6.1,Poção - PE,O.BRA2EOL034
817,EOLPE031809,Wind,NORDESTE,22.5,-7.485596,-35.493658,plant,siga:Operação,EOL.CV.PE.031809-4.1,Macaparana - PE,QUAVENEOL013
818,EOLPE031818,Wind,NORDESTE,31.365,-8.726320,-36.699933,plant,reference,,,CLEMNTEOL034 034kV-2
819,EOLPE031819,Wind,NORDESTE,31.365,-8.709304,-36.733656,plant,reference,,,CLEMNTEOL034
820,EOLPE031820,Wind,NORDESTE,31.365,-8.757651,-36.714150,plant,reference,,,CLEMNTEOL034 034kV-2
821,EOLPE031821,Wind,NORDESTE,31.365,-8.765080,-36.748080,plant,reference,,,CLEMNTEOL034 034kV-2
822,EOLPE031822,Wind,NORDESTE,31.365,-8.709887,-36.762817,plant,reference,,,CLEMNTEOL034
823,EOLPE031823,Wind,NORDESTE,27.675,-8.781045,-36.758324,plant,reference,,,CLEMNTEOL034 034kV-2
824,EOLPE031824,Wind,NORDESTE,25.83,-8.750240,-36.750124,plant,reference,,,CLEMNTEOL034
825,EOLPE031825,Wind,NORDESTE,22.14,-8.704541,-36.775685,plant,reference,,,CLEMNTEOL034
826,EOLPE032360,Wind,NORDESTE,25.3,-8.915572,-36.775604,plant,reference,,,SVACASEOL034
827,EOLPE032361,Wind,NORDESTE,25.3,-8.920961,-36.782241,plant,reference,,,SVACASEOL034
828,EOLPE032365,Wind,NORDESTE,29.9,-7.726598,-40.594145,plant,reference,,,ARA3A-EOL034
829,EOLPE035249,Wind,NORDESTE,49.5,-8.003669,-40.517675,plant,reference,,,VPIII-EOL034 034kV-2
830,EOLPE035250,Wind,NORDESTE,45.0,-7.996804,-40.513187,plant,reference,,,VPIII-EOL034 034kV-2
831,EOLPE044553,Wind,NORDESTE,44.0,-9.036459,-38.099878,plant,reference,,,FDVII-EOL034
832,EOLPE044554,Wind,NORDESTE,49.5,-9.016689,-38.074718,plant,reference,,,FDVII-EOL034
833,EOLPI028731,Wind,NORDESTE,18.0,-2.826247,-41.707086,plant,reference,,,PEDSALEOL013
834,EOLPI030639,Wind,NORDESTE,30.8,-2.842782,-41.697596,plant,reference,,,PDELTAEOL034
835,EOLPI030827,Wind,NORDESTE,20.0,-2.820651,-41.741758,plant,reference,,,PBARCAEOL034
836,EOLPI030830,Wind,NORDESTE,20.0,-2.839822,-41.726997,plant,reference,,,P.SALGEOL034
837,EOLPI030838,Wind,NORDESTE,30.0,-2.837140,-41.707362,plant,reference,,,DELTPAEOL034
838,EOLPI031270,Wind,NORDESTE,29.7,-7.306961,-40.554981,plant,reference,,,EDWIGEEOL034
839,EOLPI031271,Wind,NORDESTE,10.8,-7.330579,-40.579478,plant,reference,,,VERONIEOL034
840,EOLPI031272,Wind,NORDESTE,29.7,-7.352916,-40.600464,plant,reference,,,VERONIEOL034
841,EOLPI031273,Wind,NORDESTE,29.7,-7.300020,-40.554186,plant,reference,,,EDWIGEEOL034
842,EOLPI031274,Wind,NORDESTE,29.7,-7.303398,-40.536354,plant,reference,,,EDWIGEEOL034
843,EOLPI031275,Wind,NORDESTE,29.7,-7.304708,-40.530014,plant,reference,,,EDWIGEEOL034
844,EOLPI031276,Wind,NORDESTE,29.7,-7.330109,-40.589990,plant,reference,,,VERONIEOL034
845,EOLPI031361,Wind,NORDESTE,30.0,-7.569682,-40.703176,plant,reference,,,CHAP1BEOL034
846,EOLPI031362,Wind,NORDESTE,30.0,-7.594595,-40.730361,plant,reference,,,CHAP1BEOL034
847,EOLPI031364,Wind,NORDESTE,30.0,-7.553312,-40.725524,plant,reference,,,CHAP1AEOL034
848,EOLPI031366,Wind,NORDESTE,30.0,-7.597686,-40.732492,plant,reference,,,CHAP1BEOL034
849,EOLPI031367,Wind,NORDESTE,30.0,-7.526590,-40.744204,plant,reference,,,CHAP1AEOL034
850,EOLPI031368,Wind,NORDESTE,28.0,-7.510896,-40.734438,plant,reference,,,CHAP1AEOL034
851,EOLPI031388,Wind,NORDESTE,29.6,-7.482959,-40.799782,plant,reference,,,CP21.8EOL034
852,EOLPI031392,Wind,NORDESTE,28.9,-7.458821,-40.723670,plant,reference,,,CP21.7EOL034
853,EOLPI031393,Wind,NORDESTE,29.6,-7.438676,-40.708269,plant,reference,,,CP21.8EOL034
854,EOLPI031394,Wind,NORDESTE,29.6,-7.410352,-40.710881,plant,reference,,,CP21.8EOL034
855,EOLPI031414,Wind,NORDESTE,28.9,-7.485981,-40.754044,plant,reference,,,CP21.7EOL034
856,EOLPI031416,Wind,NORDESTE,28.9,-7.477781,-40.767392,plant,reference,,,CP21.7EOL034
857,EOLPI031417,Wind,NORDESTE,29.6,-7.451662,-40.744133,plant,reference,,,CP21.8EOL034
858,EOLPI031520,Wind,NORDESTE,27.2,-7.451334,-40.686372,plant,reference,,,CHAP3BEOL034
859,EOLPI031538,Wind,NORDESTE,28.9,-7.370888,-40.674174,plant,reference,,,AUGUSTEOL034
860,EOLPI031580,Wind,NORDESTE,29.6,-7.437728,-40.746451,plant,reference,,,CHAP3BEOL034
861,EOLPI031581,Wind,NORDESTE,28.9,-7.423658,-40.671529,plant,reference,,,CHAP3BEOL034
862,EOLPI031597,Wind,NORDESTE,28.9,-7.413018,-40.668572,plant,reference,,,AUGUSTEOL034
863,EOLPI031603,Wind,NORDESTE,28.9,-7.385818,-40.697762,plant,reference,,,AUGUSTEOL034
864,EOLPI031661,Wind,NORDESTE,29.6,-7.409292,-40.695116,plant,reference,,,CHAP3BEOL034
865,EOLPI031662,Wind,NORDESTE,29.6,-7.372345,-40.707175,plant,reference,,,AUGUSTEOL034
866,EOLPI031666,Wind,NORDESTE,23.0,-2.816603,-41.782222,plant,reference,,,TBRAN1EOL034
867,EOLPI031746,Wind,NORDESTE,18.4,-7.742957,-40.675218,plant,reference,,,ARA3C-EOL034
868,EOLPI031747,Wind,NORDESTE,27.6,-7.772552,-40.678575,plant,reference,,,ARA3D-EOL034
869,EOLPI031749,Wind,NORDESTE,18.4,-7.725210,-40.679302,plant,reference,,,ARA3A-EOL034
870,EOLPI031766,Wind,NORDESTE,29.9,-7.713969,-40.676155,plant,reference,,,ARA3B-EOL034
871,EOLPI031767,Wind,NORDESTE,18.4,-7.770705,-40.677724,plant,reference,,,ARA3C-EOL034
872,EOLPI031886,Wind,NORDESTE,30.0,-7.555008,-40.725680,plant,reference,,,CHAP1AEOL034
873,EOLPI032366,Wind,NORDESTE,27.6,-7.740925,-40.724352,plant,reference,,,ARA3D-EOL034
874,EOLPI032367,Wind,NORDESTE,29.9,-7.688146,-40.688344,plant,reference,,,ARA3B-EOL034
875,EOLPI032368,Wind,NORDESTE,19.8,-7.783501,-40.657394,plant,reference,,,ARA3A-EOL034
876,EOLPI032863,Wind,NORDESTE,32.2,-8.717668,-41.644612,plant,reference,,,LBARR3EOL034
877,EOLPI033005,Wind,NORDESTE,31.5,-8.519787,-41.558436,plant,reference,,,VSANG5EOL034
878,EOLPI033006,Wind,NORDESTE,31.5,-8.544166,-41.575102,plant,reference,,,VSANG5EOL034
879,EOLPI033007,Wind,NORDESTE,31.5,-8.576417,-41.577825,plant,reference,,,VSANG5EOL034
880,EOLPI033008,Wind,NORDESTE,31.5,-8.600178,-41.590751,plant,reference,,,VSANG5EOL034
881,EOLPI033009,Wind,NORDESTE,31.5,-8.462507,-41.445061,plant,reference,,,VSANG4EOL034
882,EOLPI033010,Wind,NORDESTE,31.5,-8.489108,-41.451647,plant,reference,,,VSANG4EOL034
883,EOLPI033011,Wind,NORDESTE,25.2,-8.530623,-41.480508,plant,reference,,,VSANG4EOL034
884,EOLPI033012,Wind,NORDESTE,31.5,-8.560800,-41.498353,plant,reference,,,VSANG4EOL034
885,EOLPI033013,Wind,NORDESTE,44.1,-8.595226,-41.479529,plant,reference,,,VSANG2EOL034
886,EOLPI033014,Wind,NORDESTE,40.95,-8.632897,-41.497109,plant,reference,,,VSANG1EOL034
887,EOLPI033015,Wind,NORDESTE,44.1,-8.667073,-41.509758,plant,reference,,,VSANG3EOL034
888,EOLPI033016,Wind,NORDESTE,30.0,-8.761648,-41.430295,plant,reference,,,VSANG1EOL034
889,EOLPI033017,Wind,NORDESTE,28.35,-8.766441,-41.408724,plant,reference,,,VSANG3EOL034
890,EOLPI033018,Wind,NORDESTE,42.6,-8.708777,-41.518101,plant,reference,,,VSANG3EOL034
891,EOLPI033019,Wind,NORDESTE,43.5,-8.722026,-41.474074,plant,reference,,,VSANG2EOL034
892,EOLPI033020,Wind,NORDESTE,31.5,-8.732587,-41.558988,plant,reference,,,VSANGEEOL034
893,EOLPI033021,Wind,NORDESTE,47.25,-8.715925,-41.420880,plant,reference,,,VSANG1EOL034
894,EOLPI033022,Wind,NORDESTE,31.5,-8.738869,-41.399902,plant,reference,,,VSANGEEOL034
895,EOLPI033023,Wind,NORDESTE,30.0,-8.746180,-41.471572,plant,reference,,,VSANG2EOL034
896,EOLPI033024,Wind,NORDESTE,30.0,-8.781770,-41.451975,plant,reference,,,VSANGEEOL034
897,EOLPI033025,Wind,NORDESTE,27.0,-8.806563,-41.465112,plant,reference,,,VSANGEEOL034
898,EOLPI033136,Wind,NORDESTE,29.4,-8.006501,-40.637838,plant,reference,,,VSVB1-EOL034
899,EOLPI033138,Wind,NORDESTE,29.4,-7.989533,-40.583424,plant,reference,,,VSVB2-EOL034
900,EOLPI033139,Wind,NORDESTE,29.4,-8.003106,-40.611470,plant,reference,,,VSVB2-EOL034
901,EOLPI033140,Wind,NORDESTE,29.4,-8.021373,-40.617756,plant,reference,,,VSVB2-EOL034
902,EOLPI033141,Wind,NORDESTE,29.4,-7.995662,-40.634907,plant,reference,,,VSVB2-EOL034
903,EOLPI033143,Wind,NORDESTE,29.4,-8.017323,-40.658524,plant,reference,,,VSVB1-EOL034
904,EOLPI033144,Wind,NORDESTE,29.4,-8.012105,-40.631653,plant,reference,,,VSVB1-EOL034
905,EOLPI033479,Wind,NORDESTE,24.0,-2.799801,-41.791986,plant,reference,,,TBRAN3EOL034
906,EOLPI033618,Wind,NORDESTE,27.0,-8.675603,-41.634492,plant,reference,,,LBARR2EOL034
907,EOLPI033619,Wind,NORDESTE,27.0,-8.613662,-41.551391,plant,reference,,,LBARR1EOL034
908,EOLPI033620,Wind,NORDESTE,27.0,-8.593391,-41.541985,plant,reference,,,LBARR1EOL034
909,EOLPI033621,Wind,NORDESTE,27.0,-8.698293,-41.635722,plant,reference,,,LBARR1EOL034
910,EOLPI033622,Wind,NORDESTE,27.0,-8.653790,-41.565364,plant,reference,,,LBARR1EOL034
911,EOLPI033623,Wind,NORDESTE,24.0,-8.684135,-41.623735,plant,reference,,,LBARR2EOL034
912,EOLPI033624,Wind,NORDESTE,27.0,-8.632982,-41.560774,plant,reference,,,LBARR1EOL034
913,EOLPI033625,Wind,NORDESTE,9.0,-8.667415,-41.630802,plant,reference,,,LBARR2EOL034
914,EOLPI033667,Wind,NORDESTE,29.9,-7.791700,-40.728040,plant,reference,,,ARA3D-EOL034
915,EOLPI038103,Wind,NORDESTE,49.5,-8.764600,-41.657532,plant,reference,,,VSRQG1EOL034
916,EOLPI038104,Wind,NORDESTE,49.5,-8.805588,-41.650384,plant,reference,,,VSRQG2EOL034
917,EOLPI038105,Wind,NORDESTE,17.1,-8.882247,-41.622505,plant,siga:Operação,EOL.CV.PI.038105-5.1,Dom Inocêncio - PI,VSRQG3EOL034
918,EOLPI038106,Wind,NORDESTE,49.5,-8.829936,-41.590799,plant,reference,,,VSRQG1EOL034
919,EOLPI038107,Wind,NORDESTE,45.6,-8.890350,-41.583227,plant,siga:Operação,EOL.CV.PI.038107-1.1,Dom Inocêncio - PI,VSRQG3EOL034
920,EOLPI038108,Wind,NORDESTE,45.6,-8.943943,-41.571763,plant,siga:Operação,EOL.CV.PI.038108-0.1,Dom Inocêncio - PI,VSRG19EOL034
921,EOLPI038109,Wind,NORDESTE,45.6,-8.945303,-41.545126,plant,siga:Operação,EOL.CV.PI.038109-8.1,Dom Inocêncio - PI,VSRG19EOL034
922,EOLPI038110,Wind,NORDESTE,49.5,-8.899757,-41.591134,plant,reference,,,VSRQG8EOL034
923,EOLPI038111,Wind,NORDESTE,49.5,-8.897491,-41.555462,plant,siga:Operação,EOL.CV.PI.038111-0.1,Dom Inocêncio - PI,VSRG17EOL034
924,EOLPI038112,Wind,NORDESTE,49.5,-8.915536,-41.557554,plant,siga:Operação,EOL.CV.PI.038112-8.1,Dom Inocêncio - PI,VSRG17EOL034
925,EOLPI038113,Wind,NORDESTE,45.6,-8.943636,-41.639409,plant,siga:Operação,EOL.CV.PI.038113-6.1,Dom Inocêncio - PI,VSRG19EOL034
926,EOLPI038116,Wind,NORDESTE,45.6,-8.963019,-41.676441,plant,siga:Operação,EOL.CV.PI.038116-0.1,Dom Inocêncio - PI,VSRG22EOL034
927,EOLPI040567,Wind,NORDESTE,50.6,-8.635038,-41.601694,plant,reference,,,LBARR3EOL034
928,EOLPI040626,Wind,NORDESTE,49.5,-8.935203,-41.604470,plant,reference,,,VSRQG8EOL034
929,EOLPI040629,Wind,NORDESTE,49.5,-8.826359,-41.626931,plant,reference,,,VSRQG2EOL034
930,EOLPI044358,Wind,NORDESTE,49.5,-9.050614,-41.772819,plant,siga:Operação,EOL.CV.PI.044358-1.1,Dom Inocêncio - PI,OITI1BEOL034
931,EOLPI044359,Wind,NORDESTE,27.5,-9.005101,-41.727449,plant,reference,,,OITI3AEOL034
932,EOLPI044362,Wind,NORDESTE,49.5,-9.006255,-41.748460,plant,reference,,,OITI3AEOL034
933,EOLPI044363,Wind,NORDESTE,49.5,-9.022434,-41.750009,plant,reference,,,OITI3BEOL034
934,EOLPI044364,Wind,NORDESTE,49.5,-9.039662,-41.752749,plant,reference,,,OITI1AEOL034
935,EOLPI044365,Wind,NORDESTE,49.5,-9.052650,-41.736396,plant,reference,,,OITI1AEOL034
936,EOLPI044366,Wind,NORDESTE,49.5,-9.071183,-41.734973,plant,reference,,,OITI2BEOL034
937,EOLPI044367,Wind,NORDESTE,44.0,-9.098210,-41.760940,plant,reference,,,OITI2BEOL034
938,EOLPI044368,Wind,NORDESTE,49.5,-9.053646,-41.773324,plant,siga:Operação,EOL.CV.PI.044368-9.1,Dom Inocêncio - PI,OITI1AEOL034
939,EOLPI044555,Wind,NORDESTE,49.5,-9.004351,-41.717691,plant,reference,,,OITI3AEOL034
940,EOLPI048511,Wind,NORDESTE,45.0,-7.985694,-40.580235,plant,reference,,,VPIII-EOL034
941,EOLPI048512,Wind,NORDESTE,40.5,-8.041749,-40.666452,plant,reference,,,VPII--EOL034
942,EOLPI048513,Wind,NORDESTE,36.0,-7.970510,-40.599596,plant,reference,,,VPIII-EOL034
943,EOLPI048514,Wind,NORDESTE,36.0,-7.995740,-40.769659,plant,reference,,,VPII--EOL034
944,EOLPI048515,Wind,NORDESTE,49.5,-8.047201,-40.684192,plant,reference,,,VPII--EOL034 034kV-2
945,EOLPI048516,Wind,NORDESTE,36.0,-8.037876,-40.741439,plant,reference,,,VPII--EOL034
946,EOLPI048517,Wind,NORDESTE,31.5,-7.986855,-40.560210,plant,reference,,,VPIII-EOL034
947,EOLPI048704,Wind,NORDESTE,49.5,-8.035750,-40.676379,plant,reference,,,VPII--EOL034 034kV-2
950,EOLRN028424,Wind,NORDESTE,49.3,-5.309701,-35.386705,plant,reference,,,RIOFOGEOL034
951,EOLRN028443,Wind,NORDESTE,100.65,-5.124306,-36.383306,plant,reference,,,ALEGRIEOL034
952,EOLRN028444,Wind,NORDESTE,51.0,-5.094353,-36.362875,plant,reference,,,ALEGRIEOL034
953,EOLRN030121,Wind,NORDESTE,14.4,-5.091948,-36.337656,plant,reference,,,ARATU1EOL034
954,EOLRN030281,Wind,NORDESTE,26.0,-5.185604,-36.360265,plant,reference,,,MSECO3EOL034
955,EOLRN030284,Wind,NORDESTE,26.0,-5.165934,-36.319260,plant,reference,,,MSECO2EOL034
956,EOLRN030285,Wind,NORDESTE,26.0,-5.173955,-36.302372,plant,reference,,,MSECO1EOL034
957,EOLRN030290,Wind,NORDESTE,26.0,-5.167320,-36.406751,plant,reference,,,MSECO5EOL034
958,EOLRN030292,Wind,NORDESTE,30.0,-5.243167,-35.898826,plant,reference,,,SCLAR1EOL034
959,EOLRN030293,Wind,NORDESTE,30.0,-5.268837,-35.903574,plant,reference,,,SCLAR2EOL034
960,EOLRN030300,Wind,NORDESTE,28.8,-5.343667,-35.878306,plant,reference,,,MVENTOEOL034
961,EOLRN030301,Wind,NORDESTE,28.8,-5.362833,-35.818973,plant,reference,,,MVENTOEOL034
962,EOLRN030302,Wind,NORDESTE,30.0,-5.305488,-35.913245,plant,reference,,,MVENTOEOL034
963,EOLRN030304,Wind,NORDESTE,30.0,-5.240301,-35.926969,plant,reference,,,SCLAR3EOL034
964,EOLRN030307,Wind,NORDESTE,30.0,-5.239444,-35.913532,plant,reference,,,SCLAR2EOL034
965,EOLRN030308,Wind,NORDESTE,30.0,-5.267487,-35.910234,plant,reference,,,SCLAR1EOL034
966,EOLRN030310,Wind,NORDESTE,28.8,-5.374361,-35.868250,plant,reference,,,MVENTOEOL034
967,EOLRN030311,Wind,NORDESTE,28.8,-5.382028,-35.880889,plant,reference,,,MVENTOEOL034
968,EOLRN030333,Wind,NORDESTE,19.8,-5.418711,-35.953975,plant,reference,,,C.PRETEOL034
969,EOLRN030339,Wind,NORDESTE,68.47,-5.127838,-36.453648,plant,reference,,,MIASS3EOL034
970,EOLRN030340,Wind,NORDESTE,27.3,-4.968617,-36.900937,plant,reference,,,ABMT-BEOL034
971,EOLRN030351,Wind,NORDESTE,8.0,-5.232919,-35.931755,plant,reference,,,SCLAR3EOL034
972,EOLRN030370,Wind,NORDESTE,14.4,-5.082579,-36.407402,plant,reference,,,MIASS2EOL034
973,EOLRN030378,Wind,NORDESTE,30.0,-5.259706,-35.921711,plant,reference,,,SCLAR3EOL034
974,EOLRN030389,Wind,NORDESTE,23.1,-4.963975,-36.914720,plant,reference,,,ABMT-AEOL034
975,EOLRN030416,Wind,NORDESTE,58.45,-5.100869,-36.202046,plant,reference,,,RVENT1EOL034
976,EOLRN030417,Wind,NORDESTE,56.78,-5.118992,-36.163199,plant,reference,,,RVENT3EOL034
977,EOLRN030454,Wind,NORDESTE,20.0,-4.946651,-36.964137,plant,reference,,,MEL02-EOL034
978,EOLRN030497,Wind,NORDESTE,30.0,-5.269819,-35.858906,plant,reference,,,RNASCVEOL034
979,EOLRN030498,Wind,NORDESTE,32.0,-5.329065,-35.991589,plant,reference,,,ASABRAEOL034 034kV-2
980,EOLRN030499,Wind,NORDESTE,30.0,-5.391922,-35.833057,plant,reference,,,EURUS2EOL034
981,EOLRN030500,Wind,NORDESTE,30.0,-5.320061,-35.932223,plant,reference,,,CVENT1EOL034
982,EOLRN030501,Wind,NORDESTE,19.8,-5.448380,-35.956095,plant,reference,,,C.PRE4EOL034
983,EOLRN030502,Wind,NORDESTE,20.0,-5.097025,-36.020351,plant,reference,,,ODAGUAEOL034
984,EOLRN030503,Wind,NORDESTE,30.0,-5.365117,-35.861853,plant,reference,,,MVENT2EOL034
985,EOLRN030504,Wind,NORDESTE,30.0,-5.397275,-35.874877,plant,reference,,,MVENT2EOL034
986,EOLRN030505,Wind,NORDESTE,27.0,-5.232349,-35.826610,plant,reference,,,BPOTB2EOL034
987,EOLRN030507,Wind,NORDESTE,32.0,-5.382762,-36.008791,plant,reference,,,ASABRAEOL034 034kV-2
988,EOLRN030508,Wind,NORDESTE,32.0,-5.281200,-35.980425,plant,reference,,,ASABRAEOL034
989,EOLRN030509,Wind,NORDESTE,27.0,-5.262229,-35.814451,plant,reference,,,BPOTB1EOL034
990,EOLRN030511,Wind,NORDESTE,30.0,-6.033889,-36.544000,plant,reference,,,CALAN1EOL034
991,EOLRN030512,Wind,NORDESTE,14.0,-5.110604,-35.927906,plant,reference,,,ODAGUAEOL034
992,EOLRN030513,Wind,NORDESTE,32.0,-5.252861,-35.943000,plant,reference,,,ASABRAEOL034
993,EOLRN030514,Wind,NORDESTE,30.0,-5.283908,-35.875473,plant,reference,,,RENASCEOL034
994,EOLRN030515,Wind,NORDESTE,30.0,-5.304474,-35.869160,plant,reference,,,RENASCEOL034
995,EOLRN030516,Wind,NORDESTE,30.0,-5.307010,-35.888680,plant,reference,,,RENASCEOL034
996,EOLRN030519,Wind,NORDESTE,30.0,-6.016627,-36.483498,plant,reference,,,CALAN2EOL034
997,EOLRN030520,Wind,NORDESTE,32.0,-5.359637,-35.998721,plant,reference,,,ASABRAEOL034
998,EOLRN030527,Wind,NORDESTE,30.0,-5.295299,-35.895721,plant,reference,,,RENASCEOL034
999,EOLRN030536,Wind,NORDESTE,30.0,-5.052952,-35.978443,plant,reference,,,ODAGUAEOL034
1000,EOLRN030537,Wind,NORDESTE,30.0,-6.023611,-36.472000,plant,reference,,,CALAN2EOL034
1001,EOLRN030545,Wind,NORDESTE,30.0,-6.048889,-36.546000,plant,reference,,,CALAN1EOL034
1002,EOLRN030547,Wind,NORDESTE,27.0,-5.228613,-35.880812,plant,reference,,,BPOTB2EOL034
1003,EOLRN030548,Wind,NORDESTE,24.3,-5.255074,-35.843647,plant,reference,,,BPOTB1EOL034
1004,EOLRN030549,Wind,NORDESTE,30.0,-5.054495,-35.968678,plant,reference,,,ODAGUAEOL034
1005,EOLRN030551,Wind,NORDESTE,30.0,-5.298123,-35.916401,plant,reference,,,RENASCEOL034
1006,EOLRN030552,Wind,NORDESTE,28.0,-6.030278,-36.488000,plant,reference,,,CALAN2EOL034
1007,EOLRN030562,Wind,NORDESTE,22.4,-5.077381,-35.839811,plant,reference,,,UVENT2EOL034
1008,EOLRN030563,Wind,NORDESTE,22.4,-5.080602,-35.825786,plant,reference,,,UVENT2EOL034
1009,EOLRN030564,Wind,NORDESTE,22.4,-5.082510,-35.810000,plant,reference,,,UVENT2EOL034
1010,EOLRN030565,Wind,NORDESTE,11.2,-5.090341,-35.798000,plant,reference,,,UVENT2EOL034
1011,EOLRN030566,Wind,NORDESTE,24.0,-5.090412,-35.782000,plant,reference,,,UVENT2EOL034
1012,EOLRN030567,Wind,NORDESTE,12.8,-5.094640,-35.767000,plant,reference,,,UVENT2EOL034
1013,EOLRN030568,Wind,NORDESTE,14.4,-5.097147,-35.752000,plant,reference,,,UVENT2EOL034
1014,EOLRN030569,Wind,NORDESTE,14.4,-5.072676,-35.888000,plant,reference,,,UVENT1EOL034
1015,EOLRN030570,Wind,NORDESTE,11.2,-5.087245,-35.887000,plant,reference,,,UVENT1EOL034
1016,EOLRN030571,Wind,NORDESTE,14.4,-5.107187,-35.889000,plant,reference,,,UVENT1EOL034
1017,EOLRN030609,Wind,NORDESTE,30.0,-6.101389,-36.578684,plant,reference,,,SSAN12EOL034
1018,EOLRN030615,Wind,NORDESTE,30.0,-6.024937,-36.512037,plant,reference,,,SS3PELEOL034
1019,EOLRN030622,Wind,NORDESTE,26.0,-5.304167,-35.382000,plant,reference,,,ARIZO1EOL034
1020,EOLRN030625,Wind,NORDESTE,20.0,-6.056612,-36.580619,plant,reference,,,SSAN12EOL034
1021,EOLRN030660,Wind,NORDESTE,16.1,-5.389810,-35.846271,plant,reference,,,MACAC1EOL034
1022,EOLRN030661,Wind,NORDESTE,20.7,-5.411991,-35.848331,plant,reference,,,MACAC1EOL034
1023,EOLRN030671,Wind,NORDESTE,20.7,-5.426822,-35.853386,plant,reference,,,MACAC2EOL034
1024,EOLRN030672,Wind,NORDESTE,20.7,-5.421531,-35.852568,plant,reference,,,MACAC2EOL034
1025,EOLRN030699,Wind,NORDESTE,21.0,-5.088018,-35.902240,plant,reference,,,CUTIAAEOL034
1026,EOLRN030700,Wind,NORDESTE,27.3,-5.054847,-36.011894,plant,reference,,,CUTIABEOL034
1027,EOLRN030701,Wind,NORDESTE,23.1,-5.105404,-35.901724,plant,reference,,,CUTIAAEOL034
1028,EOLRN030702,Wind,NORDESTE,27.3,-5.066152,-36.012362,plant,reference,,,CUTIABEOL034
1029,EOLRN030787,Wind,NORDESTE,30.55,-5.430773,-35.893051,plant,reference,,,MODELOEOL034
1030,EOLRN030788,Wind,NORDESTE,25.85,-5.414366,-35.900111,plant,reference,,,MODELOEOL034
1031,EOLRN030804,Wind,NORDESTE,27.0,-5.128717,-35.653833,plant,reference,,,CARNAUEOL034
1032,EOLRN030828,Wind,NORDESTE,16.2,-5.487279,-35.900089,plant,reference,,,BRPOT2EOL034
1033,EOLRN030831,Wind,NORDESTE,27.0,-5.152039,-35.662988,plant,reference,,,CARNAUEOL034
1034,EOLRN030832,Wind,NORDESTE,30.0,-4.943751,-36.991753,plant,reference,,,CARCAREOL034
1035,EOLRN030834,Wind,NORDESTE,29.7,-5.472056,-35.916155,plant,reference,,,BRPOT2EOL034
1036,EOLRN030843,Wind,NORDESTE,27.0,-5.128264,-35.688648,plant,reference,,,CARNAUEOL034
1037,EOLRN030849,Wind,NORDESTE,27.465,-5.135659,-35.620747,plant,reference,,,CARNAUEOL034
1038,EOLRN030856,Wind,NORDESTE,20.0,-6.004273,-36.435274,plant,reference,,,SS3PELEOL034
1039,EOLRN030860,Wind,NORDESTE,28.0,-6.135311,-36.721995,plant,reference,,,LANCHIEOL034
1040,EOLRN030864,Wind,NORDESTE,29.7,-5.442161,-35.923309,plant,reference,,,BRPOT2EOL034
1041,EOLRN030870,Wind,NORDESTE,29.7,-5.523005,-35.428529,plant,reference,,,RIACHAEOL034
1042,EOLRN030871,Wind,NORDESTE,27.0,-5.569432,-35.447289,plant,reference,,,RIACHAEOL034
1043,EOLRN030872,Wind,NORDESTE,29.7,-5.537553,-35.446718,plant,reference,,,RIACHAEOL034
1044,EOLRN030873,Wind,NORDESTE,29.7,-5.577778,-35.464000,plant,reference,,,RIACHAEOL034
1045,EOLRN030874,Wind,NORDESTE,29.7,-5.521111,-35.469000,plant,reference,,,RIACHAEOL034
1046,EOLRN030876,Wind,NORDESTE,26.0,-5.479929,-36.004402,plant,reference,,,CABPRAEOL034
1047,EOLRN030889,Wind,NORDESTE,29.16,-5.360131,-35.835540,plant,reference,,,MVENT2EOL034
1048,EOLRN030895,Wind,NORDESTE,27.0,-4.997721,-36.914709,plant,reference,,,AMAZONEOL034
1049,EOLRN030897,Wind,NORDESTE,30.0,-4.945668,-37.003584,plant,reference,,,CARCAREOL034
1050,EOLRN030898,Wind,NORDESTE,30.0,-4.961814,-37.035454,plant,reference,,,CARCAREOL034
1051,EOLRN030900,Wind,NORDESTE,18.0,-5.464357,-35.935276,plant,reference,,,CABPRAEOL034
1052,EOLRN030902,Wind,NORDESTE,24.0,-5.025102,-36.914616,plant,reference,,,AMAZONEOL034
1053,EOLRN030914,Wind,NORDESTE,24.0,-5.012350,-36.914574,plant,reference,,,AMAZONEOL034
1054,EOLRN030915,Wind,NORDESTE,18.0,-4.987667,-36.928750,plant,reference,,,AMAZONEOL034
1055,EOLRN030931,Wind,NORDESTE,30.0,-5.321963,-36.060635,plant,reference,,,BDF34-EOL034
1056,EOLRN030932,Wind,NORDESTE,30.0,-5.369770,-36.031680,plant,reference,,,BDF12-EOL034
1057,EOLRN030933,Wind,NORDESTE,30.0,-5.302249,-36.038107,plant,reference,,,BDF12-EOL034
1058,EOLRN030934,Wind,NORDESTE,30.0,-5.344929,-36.040038,plant,reference,,,BDF34-EOL034
1059,EOLRN031015,Wind,NORDESTE,26.0,-5.418302,-35.986131,plant,reference,,,CABPRAEOL034
1060,EOLRN031025,Wind,NORDESTE,18.0,-6.046299,-36.555133,plant,reference,,,MACAMBEOL034
1061,EOLRN031026,Wind,NORDESTE,18.0,-6.075388,-36.530172,plant,reference,,,MACAM2EOL034
1062,EOLRN031069,Wind,NORDESTE,25.2,-5.325160,-35.942620,plant,reference,,,CVENT1EOL034
1063,EOLRN031071,Wind,NORDESTE,25.2,-5.335631,-35.966899,plant,reference,,,CVENT1EOL034 034kV-2
1064,EOLRN031072,Wind,NORDESTE,25.2,-5.354349,-35.933547,plant,reference,,,CVENT1EOL034 034kV-2
1065,EOLRN031372,Wind,NORDESTE,29.4,-5.233701,-35.789925,plant,reference,,,BNORB2EOL034
1066,EOLRN031373,Wind,NORDESTE,29.4,-5.226207,-35.785231,plant,reference,,,BNORB1EOL034
1067,EOLRN031412,Wind,NORDESTE,14.7,-5.277932,-35.780902,plant,reference,,,BSULB1EOL034
1068,EOLRN031425,Wind,NORDESTE,27.3,-5.293660,-35.789317,plant,reference,,,BSULB2EOL034
1069,EOLRN031427,Wind,NORDESTE,29.4,-5.279830,-35.800559,plant,reference,,,BSULB1EOL034
1070,EOLRN031642,Wind,NORDESTE,31.5,-5.294195,-35.746599,plant,reference,,,UVENT-EOL034
1071,EOLRN031643,Wind,NORDESTE,21.0,-5.107478,-35.870285,plant,reference,,,UVENT2EOL034 034kV-2
1072,EOLRN031645,Wind,NORDESTE,25.2,-5.103346,-35.852149,plant,reference,,,UVENT2EOL034 034kV-2
1073,EOLRN031651,Wind,NORDESTE,28.6,-5.492820,-36.003630,plant,reference,,,CABPRBEOL034
1074,EOLRN031652,Wind,NORDESTE,28.875,-5.263725,-35.763805,plant,reference,,,UVENT-EOL034
1075,EOLRN031665,Wind,NORDESTE,16.8,-5.494878,-35.987854,plant,reference,,,CABPRBEOL034
1076,EOLRN031697,Wind,NORDESTE,18.9,-5.083670,-35.862348,plant,reference,,,UVENT2EOL034 034kV-2
1077,EOLRN031750,Wind,NORDESTE,24.0,-4.988149,-36.964564,plant,reference,,,AMAZONEOL034 034kV-2
1078,EOLRN031757,Wind,NORDESTE,24.0,-5.035704,-36.964417,plant,reference,,,AMAZONEOL034 034kV-2
1079,EOLRN031759,Wind,NORDESTE,27.0,-5.014775,-36.964482,plant,reference,,,AMAZONEOL034 034kV-2
1080,EOLRN031765,Wind,NORDESTE,24.0,-5.065611,-36.964324,plant,reference,,,AMAZONEOL034 034kV-2
1081,EOLRN031801,Wind,NORDESTE,32.9,-5.338677,-36.112924,plant,reference,,,JE-AR-EOL034
1082,EOLRN031802,Wind,NORDESTE,32.9,-5.371214,-36.090348,plant,reference,,,JE-AR-EOL034
1083,EOLRN031810,Wind,NORDESTE,30.0,-6.053532,-36.455572,plant,reference,,,CALAN3EOL034
1084,EOLRN031811,Wind,NORDESTE,24.0,-6.042754,-36.464000,plant,reference,,,CALAN3EOL034
1085,EOLRN031812,Wind,NORDESTE,30.0,-6.000546,-36.449834,plant,reference,,,CALAN3EOL034
1086,EOLRN031826,Wind,NORDESTE,32.9,-5.411510,-36.083223,plant,reference,,,UMBUZ-EOL034
1087,EOLRN031887,Wind,NORDESTE,28.2,-5.381410,-35.804864,plant,reference,,,AVENT-EOL034
1088,EOLRN032080,Wind,NORDESTE,25.2,-5.366268,-36.110468,plant,siga:Operação,EOL.CV.RN.032080-3.1,Jandaíra - RN,AGRPOTEOL034
1089,EOLRN032194,Wind,NORDESTE,37.8,-5.386859,-36.110488,plant,siga:Operação,EOL.CV.RN.032194-0.1,Jandaíra - RN,AGRPOTEOL034
1090,EOLRN032207,Wind,NORDESTE,42.0,-5.152555,-35.764593,plant,reference,,,CUMARUEOL034 034kV-2
1091,EOLRN032208,Wind,NORDESTE,42.0,-5.181274,-35.780589,plant,reference,,,CUMARUEOL034 034kV-2
1092,EOLRN032209,Wind,NORDESTE,42.0,-5.131890,-35.809781,plant,reference,,,CUMARUEOL034
1093,EOLRN032215,Wind,NORDESTE,25.2,-5.203619,-35.790953,plant,reference,,,BNORB1EOL034
1094,EOLRN032352,Wind,NORDESTE,20.0,-5.914208,-36.309225,plant,reference,,,PEDRAJEOL034
1095,EOLRN032353,Wind,NORDESTE,20.0,-5.886907,-36.288677,plant,reference,,,PEDRAJEOL034
1096,EOLRN032354,Wind,NORDESTE,27.3,-5.082772,-35.955184,plant,reference,,,CUTIABEOL034
1097,EOLRN032355,Wind,NORDESTE,27.3,-5.082074,-35.941931,plant,reference,,,CUTIAAEOL034
1098,EOLRN032356,Wind,NORDESTE,27.3,-5.064314,-35.901413,plant,reference,,,CUTIAAEOL034
1099,EOLRN032495,Wind,NORDESTE,60.35,-5.256867,-36.057487,plant,reference,,,TSANT2EOL034
1100,EOLRN032501,Wind,NORDESTE,31.95,-5.229839,-36.102928,plant,reference,,,TSANT2EOL034
1101,EOLRN032518,Wind,NORDESTE,67.2,-5.495552,-36.190838,plant,siga:Operação,EOL.CV.RN.032518-0.1,Pedro Avelino - RN,MVERB1EOL034
1102,EOLRN032519,Wind,NORDESTE,67.2,-5.459389,-36.197945,plant,siga:Operação,EOL.CV.RN.032519-8.1,Pedro Avelino - RN,MVERB2EOL034
1103,EOLRN032593,Wind,NORDESTE,67.5,-5.910739,-36.152157,plant,siga:Operação,EOL.CV.RN.032593-7.1,São Tomé - RN,RVT1-3EOL034
1104,EOLRN032870,Wind,NORDESTE,10.395,-5.419886,-36.016572,plant,reference,,,JDR-B1EOL034
1105,EOLRN033002,Wind,NORDESTE,21.0,-5.325670,-35.734084,plant,reference,,,AVENTDEOL034
1106,EOLRN033026,Wind,NORDESTE,25.2,-5.326568,-35.754347,plant,reference,,,AVENTDEOL034
1107,EOLRN033429,Wind,NORDESTE,39.05,-5.020685,-36.998939,plant,reference,,,FILGRAEOL034
1108,EOLRN033430,Wind,NORDESTE,28.4,-5.012681,-37.039570,plant,reference,,,FILGRAEOL034
1109,EOLRN033640,Wind,NORDESTE,23.1,-5.127397,-35.932606,plant,reference,,,CUTIACEOL034
1110,EOLRN033642,Wind,NORDESTE,23.1,-5.150656,-35.932359,plant,reference,,,CUTIACEOL034
1111,EOLRN033643,Wind,NORDESTE,23.1,-5.074290,-36.030688,plant,reference,,,CUTIABEOL034
1112,EOLRN033644,Wind,NORDESTE,21.0,-5.160202,-35.979694,plant,reference,,,CUTIACEOL034
1113,EOLRN033645,Wind,NORDESTE,21.0,-5.159326,-35.993491,plant,reference,,,CUTIACEOL034
1114,EOLRN033647,Wind,NORDESTE,21.0,-5.156064,-35.999368,plant,reference,,,CUTIACEOL034
1115,EOLRN033666,Wind,NORDESTE,30.8,-5.538735,-35.995791,plant,reference,,,CABPRBEOL034
1116,EOLRN033681,Wind,NORDESTE,67.5,-5.869454,-36.137570,plant,siga:Operação,EOL.CV.RN.033681-5.1,São Tomé - RN,RVT1-3EOL034
1117,EOLRN033690,Wind,NORDESTE,67.1,-5.808404,-36.102336,plant,siga:Operação,EOL.CV.RN.033690-4.1,Lajes - RN,RVT1-4EOL034
1118,EOLRN033691,Wind,NORDESTE,67.5,-5.785131,-36.072595,plant,siga:Operação,EOL.CV.RN.033691-2.1,Caiçara do Rio do Vento - RN,RVT1-2EOL034
1119,EOLRN033752,Wind,NORDESTE,27.3,-5.074178,-37.015357,plant,reference,,,VACREIEOL034
1120,EOLRN033753,Wind,NORDESTE,31.185,-5.075402,-37.042989,plant,reference,,,VACRIIEOL034
1121,EOLRN033831,Wind,NORDESTE,18.6,-5.518546,-36.229853,plant,siga:Operação,EOL.CV.RN.033831-1.1,Pedro Avelino - RN,SAGO-4EOL034
1122,EOLRN033833,Wind,NORDESTE,31.0,-5.539735,-36.229772,plant,siga:Operação,EOL.CV.RN.033833-8.1,Pedro Avelino - RN,SAGO-4EOL034
1123,EOLRN033853,Wind,NORDESTE,6.2,-5.647426,-36.246881,plant,siga:Operação,EOL.CV.RN.033853-2.1,Lajes - RN,SAGO-1EOL034
1124,EOLRN033854,Wind,NORDESTE,6.2,-5.644228,-36.247131,plant,siga:Operação,EOL.CV.RN.033854-0.1,Pedro Avelino - RN,SAGO-1EOL034
1125,EOLRN033857,Wind,NORDESTE,37.2,-5.588362,-36.261553,plant,siga:Operação,EOL.CV.RN.033857-5.1,Pedro Avelino - RN,SAGO-1EOL034
1126,EOLRN033864,Wind,NORDESTE,16.8,-6.097552,-36.629388,plant,siga:Operação,EOL.CV.RN.033864-8.1,"Lagoa Nova - RN, Santana do Matos - RN, São Vicente - RN",ACAUA-EOL034
1127,EOLRN033875,Wind,NORDESTE,31.0,-5.507548,-36.216739,plant,siga:Operação,EOL.CV.RN.033875-3.1,Pedro Avelino - RN,SAGO-4EOL034
1128,EOLRN033881,Wind,NORDESTE,58.8,-5.439847,-36.222003,plant,siga:Operação,EOL.CV.RN.033881-8.1,Lajes - RN,MVERB1EOL034
1129,EOLRN033964,Wind,NORDESTE,46.2,-6.091632,-36.647979,plant,siga:Operação,EOL.CV.RN.033964-4.1,"Santana do Matos - RN, São Vicente - RN, Tenente Laurentino Cruz - RN",ACAUA-EOL034
1130,EOLRN034498,Wind,NORDESTE,33.6,-6.154990,-36.620690,plant,siga:Operação,EOL.CV.RN.034498-2.1,"Currais Novos - RN, São Vicente - RN",ANEMUSEOL034 034kV-2
1131,EOLRN034499,Wind,NORDESTE,46.2,-6.148638,-36.629334,plant,siga:Operação,EOL.CV.RN.034499-0.1,"Currais Novos - RN, São Vicente - RN",ANEMUSEOL034
1132,EOLRN034937,Wind,NORDESTE,67.5,-5.845893,-36.115261,plant,siga:Operação,EOL.CV.RN.034937-2.1,Lajes - RN,RVT1-4EOL034
1133,EOLRN035008,Wind,NORDESTE,24.255,-5.426336,-36.020210,plant,reference,,,JDR-B1EOL034
1134,EOLRN035158,Wind,NORDESTE,29.4,-5.324612,-36.506188,plant,reference,,,AFBEZAEOL034
1135,EOLRN035159,Wind,NORDESTE,29.4,-5.361155,-36.472255,plant,reference,,,AFBEZAEOL034
1136,EOLRN035160,Wind,NORDESTE,29.4,-5.409117,-36.492484,plant,reference,,,AFBEZAEOL034
1137,EOLRN035161,Wind,NORDESTE,16.8,-5.350388,-36.469319,plant,reference,,,AFBEZAEOL034
1138,EOLRN035165,Wind,NORDESTE,25.2,-5.315098,-36.489182,plant,reference,,,AFBEZAEOL034
1139,EOLRN035166,Wind,NORDESTE,29.4,-5.356245,-36.497401,plant,reference,,,AFBEZAEOL034
1140,EOLRN035210,Wind,NORDESTE,33.6,-5.913732,-36.156221,plant,reference,,,SAROSAEOL034
1141,EOLRN035211,Wind,NORDESTE,29.4,-5.859159,-36.186752,plant,reference,,,SAROSAEOL034
1142,EOLRN035212,Wind,NORDESTE,33.6,-5.820179,-36.237761,plant,reference,,,SAROSAEOL034
1143,EOLRN035214,Wind,NORDESTE,24.8,-5.575647,-36.150936,plant,siga:Operação,EOL.CV.RN.035214-4.1,Lajes - RN,SAGO-2EOL034
1144,EOLRN035215,Wind,NORDESTE,12.4,-5.592879,-36.153162,plant,siga:Operação,EOL.CV.RN.035215-2.1,Lajes - RN,SAGO-2EOL034
1145,EOLRN035216,Wind,NORDESTE,37.2,-5.561471,-36.177446,plant,siga:Operação,EOL.CV.RN.035216-0.1,Lajes - RN,SAGO-2EOL034
1146,EOLRN035270,Wind,NORDESTE,27.72,-5.434540,-36.012723,plant,reference,,,JDR-B1EOL034
1147,EOLRN035271,Wind,NORDESTE,27.72,-5.450858,-36.012336,plant,reference,,,JDR-B2EOL034
1148,EOLRN036973,Wind,NORDESTE,37.8,-5.098039,-37.078051,plant,reference,,,ECH6-7EOL034
1149,EOLRN036974,Wind,NORDESTE,31.185,-5.127145,-37.036781,plant,reference,,,VSMEL1EOL034
1150,EOLRN036975,Wind,NORDESTE,37.8,-5.097306,-37.105339,plant,reference,,,ECH6-7EOL034
1151,EOLRN036976,Wind,NORDESTE,31.185,-5.105663,-37.036847,plant,reference,,,VSMEL1EOL034
1152,EOLRN036977,Wind,NORDESTE,21.0,-5.171754,-37.092819,plant,reference,,,ECH810EOL034
1153,EOLRN036979,Wind,NORDESTE,42.0,-5.102856,-37.062374,plant,reference,,,ECH6-7EOL034
1154,EOLRN036980,Wind,NORDESTE,31.95,-5.100949,-37.015139,plant,reference,,,VSMEL2EOL034
1155,EOLRN036981,Wind,NORDESTE,34.65,-5.129408,-36.976990,plant,reference,,,VSMEL1EOL034
1156,EOLRN036984,Wind,NORDESTE,58.905,-5.239838,-37.075495,plant,reference,,,VSM4--EOL034
1157,EOLRN036985,Wind,NORDESTE,34.65,-5.105540,-36.977065,plant,reference,,,VSMEL1EOL034
1158,EOLRN037020,Wind,NORDESTE,42.0,-5.159982,-35.783317,plant,reference,,,CUMARUEOL034
1159,EOLRN037021,Wind,NORDESTE,37.8,-5.145832,-35.798930,plant,reference,,,CUMARUEOL034
1160,EOLRN037073,Wind,NORDESTE,76.23,-5.176915,-36.011283,plant,reference,,,M.RONCEOL034
1161,EOLRN037075,Wind,NORDESTE,72.765,-5.180080,-36.028651,plant,reference,,,M.RONCEOL034
1162,EOLRN037076,Wind,NORDESTE,24.255,-5.152943,-36.042182,plant,reference,,,M.RONCEOL034
1163,EOLRN037077,Wind,NORDESTE,83.16,-5.128837,-36.015026,plant,reference,,,SFERN4EOL034
1164,EOLRN037294,Wind,NORDESTE,29.4,-5.610533,-36.105134,plant,siga:Operação,EOL.CV.RN.037294-3.1,Pedra Preta - RN,JERUB1EOL034
1165,EOLRN037295,Wind,NORDESTE,29.4,-5.632408,-36.110744,plant,siga:Operação,EOL.CV.RN.037295-1.1,Lajes - RN,JERUB2EOL034
1166,EOLRN037296,Wind,NORDESTE,29.4,-5.651267,-36.100558,plant,siga:Operação,EOL.CV.RN.037296-0.1,Lajes - RN,JERUB1EOL034
1167,EOLRN037297,Wind,NORDESTE,29.4,-5.675921,-36.101752,plant,siga:Operação,EOL.CV.RN.037297-8.1,Lajes - RN,JERUB2EOL034
1168,EOLRN037298,Wind,NORDESTE,29.4,-5.678939,-36.118089,plant,siga:Operação,EOL.CV.RN.037298-6.1,Lajes - RN,JERUB1EOL034
1169,EOLRN037299,Wind,NORDESTE,33.6,-5.687536,-36.124396,plant,siga:Operação,EOL.CV.RN.037299-4.1,Lajes - RN,JERUB2EOL034
1170,EOLRN037663,Wind,NORDESTE,33.6,-5.873180,-36.266349,plant,reference,,,SAROSAEOL034
1171,EOLRN037664,Wind,NORDESTE,25.2,-5.921951,-36.212569,plant,reference,,,SAROSAEOL034
1172,EOLRN037949,Wind,NORDESTE,29.4,-5.339594,-35.767449,plant,reference,,,AVENTDEOL034
1173,EOLRN037950,Wind,NORDESTE,29.4,-5.326261,-35.793987,plant,reference,,,AVENTDEOL034
1174,EOLRN037959,Wind,NORDESTE,28.4,-5.259560,-35.497214,plant,reference,,,GAMELEEOL034
1175,EOLRN037999,Wind,NORDESTE,24.85,-5.241828,-35.487993,plant,reference,,,GAMELEEOL034
1176,EOLRN038002,Wind,NORDESTE,10.65,-5.242394,-35.461524,plant,reference,,,GAMELEEOL034
1177,EOLRN038006,Wind,NORDESTE,17.75,-5.224845,-35.478883,plant,reference,,,GAMELEEOL034
1178,EOLRN038035,Wind,NORDESTE,46.2,-5.484136,-36.229323,plant,siga:Operação,EOL.CV.RN.038035-0.1,Lajes - RN,MVERB2EOL034
1179,EOLRN038140,Wind,NORDESTE,37.8,-5.132750,-37.022066,plant,reference,,,ECH3-6EOL034
1180,EOLRN038141,Wind,NORDESTE,25.2,-5.143599,-37.022032,plant,reference,,,ECH3-6EOL034
1181,EOLRN038142,Wind,NORDESTE,37.8,-5.139600,-37.062353,plant,reference,,,ECH3-6EOL034
1182,EOLRN038143,Wind,NORDESTE,37.8,-5.160221,-37.062108,plant,reference,,,ECH3-6EOL034
1183,EOLRN038144,Wind,NORDESTE,16.8,-5.176294,-37.079193,plant,reference,,,ECH6-7EOL034
1184,EOLRN038310,Wind,NORDESTE,63.0,-5.778034,-35.964876,plant,reference,,,RVEN-4EOL034
1185,EOLRN038318,Wind,NORDESTE,63.0,-5.819396,-35.922873,plant,reference,,,RVEN-2EOL034
1186,EOLRN038319,Wind,NORDESTE,63.0,-5.850457,-35.941907,plant,reference,,,RVEN-3EOL034
1187,EOLRN038320,Wind,NORDESTE,63.0,-5.783067,-35.905185,plant,reference,,,RVEN-2EOL034
1188,EOLRN038321,Wind,NORDESTE,63.0,-5.759176,-35.886165,plant,reference,,,RVEN-1EOL034
1189,EOLRN038322,Wind,NORDESTE,67.2,-5.726903,-35.904007,plant,reference,,,RVEN-1EOL034
1190,EOLRN038323,Wind,NORDESTE,63.0,-5.770943,-35.920927,plant,reference,,,RVEN-4EOL034
1191,EOLRN038325,Wind,NORDESTE,31.95,-5.076008,-36.993044,plant,reference,,,VSMEL2EOL034
1192,EOLRN038326,Wind,NORDESTE,31.95,-5.049133,-36.994471,plant,reference,,,VSMEL2EOL034
1193,EOLRN038327,Wind,NORDESTE,31.95,-5.129325,-37.005196,plant,reference,,,VSMEL2EOL034
1194,EOLRN040584,Wind,NORDESTE,33.6,-5.492384,-36.255313,plant,siga:Operação,EOL.CV.RN.040584-1.1,Pedro Avelino - RN,MVERB1EOL034
1195,EOLRN040585,Wind,NORDESTE,46.2,-5.522824,-36.276652,plant,siga:Operação,EOL.CV.RN.040585-0.1,Pedro Avelino - RN,MVERB2EOL034
1196,EOLRN040594,Wind,NORDESTE,33.6,-5.186942,-37.113209,plant,reference,,,ECH810EOL034
1197,EOLRN040595,Wind,NORDESTE,37.8,-5.187686,-37.135654,plant,reference,,,ECH8-9EOL034
1198,EOLRN040596,Wind,NORDESTE,37.8,-5.199439,-37.153586,plant,reference,,,ECH8-9EOL034
1199,EOLRN040597,Wind,NORDESTE,37.8,-5.225149,-37.154683,plant,reference,,,ECH8-9EOL034
1200,EOLRN040598,Wind,NORDESTE,37.8,-5.234673,-37.134226,plant,reference,,,ECH810EOL034
1201,EOLRN040600,Wind,NORDESTE,45.045,-5.271972,-37.113856,plant,reference,,,VSM32-EOL034
1202,EOLRN040601,Wind,NORDESTE,48.51,-5.288187,-37.129872,plant,reference,,,VSM31-EOL034
1203,EOLRN040602,Wind,NORDESTE,58.905,-5.292066,-37.154089,plant,reference,,,VSM31-EOL034
1204,EOLRN040625,Wind,NORDESTE,58.8,-5.890823,-35.960822,plant,reference,,,RVEN-3EOL034
1205,EOLRN040816,Wind,NORDESTE,42.0,-5.703062,-36.128693,plant,siga:Operação,EOL.CV.RN.040816-6.1,Lajes - RN,JERUB1EOL034
1206,EOLRN040818,Wind,NORDESTE,37.8,-5.703182,-36.064923,plant,siga:Operação,EOL.CV.RN.040818-2.1,Caiçara do Rio do Vento - RN,JERUB2EOL034
1207,EOLRN044974,Wind,NORDESTE,22.5,-6.760554,-36.665799,plant,siga:Operação,EOL.CV.RN.044974-1.1,Parelhas - RN,O.SERIEOL034 034kV-2
1208,EOLRN044975,Wind,NORDESTE,22.5,-6.711182,-36.644490,plant,siga:Operação,EOL.CV.RN.044975-0.1,Parelhas - RN,O.SERIEOL034
1209,EOLRN044976,Wind,NORDESTE,27.0,-6.716671,-36.637538,plant,siga:Operação,EOL.CV.RN.044976-8.1,Equador - RN,O.SERIEOL034 034kV-2
1210,EOLRN045010,Wind,NORDESTE,64.9,-5.761696,-36.095880,plant,siga:Operação,EOL.CV.RN.045010-3.1,Lajes - RN,RVT1-2EOL034
1211,EOLRN045011,Wind,NORDESTE,66.1,-5.792674,-36.116480,plant,siga:Operação,EOL.CV.RN.045011-1.1,Lajes - RN,RVT1-1EOL034
1212,EOLRN045012,Wind,NORDESTE,66.1,-5.809232,-36.149569,plant,siga:Operação,EOL.CV.RN.045012-0.1,Caiçara do Rio do Vento - RN,RVT1-1EOL034
1213,EOLRN046742,Wind,NORDESTE,27.72,-5.092207,-37.105544,plant,reference,,,TDENB1EOL034
1214,EOLRN047162,Wind,NORDESTE,22.5,-6.783093,-36.724096,plant,siga:Operação,EOL.CV.RN.047162-3.1,Parelhas - RN,O.SERIEOL034
1215,EOLRN047163,Wind,NORDESTE,18.0,-6.787055,-36.666458,plant,siga:Operação,EOL.CV.RN.047163-1.1,Parelhas - RN,O.SERIEOL034 034kV-2
1216,EOLRN047164,Wind,NORDESTE,27.0,-6.787904,-36.671237,plant,siga:Operação,EOL.CV.RN.047164-0.1,Parelhas - RN,O.SERIEOL034 034kV-2
1217,EOLRN047165,Wind,NORDESTE,27.0,-6.725308,-36.653126,plant,siga:Operação,EOL.CV.RN.047165-8.1,Parelhas - RN,O.SERIEOL034
1218,EOLRN047198,Wind,NORDESTE,45.6,-5.735829,-36.294816,plant,siga:Operação,EOL.CV.RN.047198-4.1,Fernando Pedroza - RN,CAJT22EOL034
1219,EOLRN047235,Wind,NORDESTE,39.9,-5.609535,-36.271394,plant,siga:Operação,EOL.CV.RN.047235-2.1,Pedro Avelino - RN,CAJT11EOL034
1220,EOLRN047236,Wind,NORDESTE,39.9,-5.622782,-36.279099,plant,siga:Operação,EOL.CV.RN.047236-0.1,Pedro Avelino - RN,CAJT11EOL034
1221,EOLRN047237,Wind,NORDESTE,45.6,-5.642696,-36.276697,plant,siga:Operação,EOL.CV.RN.047237-9.1,Pedro Avelino - RN,CAJT21EOL034
1222,EOLRN047238,Wind,NORDESTE,11.4,-5.772335,-36.251220,plant,siga:Operação,EOL.CV.RN.047238-7.1,Lajes - RN,CAJT31EOL034
1223,EOLRN047239,Wind,NORDESTE,45.6,-5.664958,-36.277819,plant,siga:Operação,EOL.CV.RN.047239-5.1,Angicos - RN,CAJT21EOL034
1224,EOLRN047241,Wind,NORDESTE,11.4,-5.829805,-36.271712,plant,siga:Operação,EOL.CV.RN.047241-7.1,"Fernando Pedroza - RN, Lajes - RN",CAJT31EOL034
1225,EOLRN047244,Wind,NORDESTE,51.3,-5.681363,-36.286457,plant,siga:Operação,EOL.CV.RN.047244-1.1,"Angicos - RN, Fernando Pedroza - RN",CAJT11EOL034
1226,EOLRN047247,Wind,NORDESTE,45.6,-5.718826,-36.286091,plant,siga:Operação,EOL.CV.RN.047247-6.1,Angicos - RN,CAJT12EOL034
1227,EOLRN049180,Wind,NORDESTE,34.2,-5.711894,-36.204772,plant,siga:Operação,EOL.CV.RN.049180-2.1,Lajes - RN,CAJT12EOL034
1318,EOLSE030296,Wind,NORDESTE,34.5,-10.809968,-36.929260,plant,reference,,,BARCOQEOL013
1319,PCHAL028557,SmallHydro,NORDESTE,1.25,-8.996230,-36.124342,plant,reference,,,RIO-LA-AL069
1320,PCHBA002146,SmallHydro,NORDESTE,8.0,-13.338903,-44.633047,plant,reference,,,PREGULPCH013
1321,PCHBA002754,SmallHydro,NORDESTE,25.0,-12.440829,-45.165558,plant,reference,,,SITGRAPCH013
1322,PCHBA028997,SmallHydro,NORDESTE,16.0,-17.072399,-40.106022,plant,reference,,,COLIN2PCH013
1323,PCHBA028999,SmallHydro,NORDESTE,14.8,-17.074798,-40.069347,plant,reference,,,CDLIXAPCH013
1324,PCHBA029004,SmallHydro,NORDESTE,11.0,-17.075421,-40.085557,plant,reference,,,COLIN1PCH013
1325,PCHBA033901,SmallHydro,NORDESTE,10.98,-13.346237,-39.103192,plant,reference,,,CANDENPCH013
1513,PCHPB027402,SmallHydro,NORDESTE,3.52,-7.023352,-37.948165,plant,reference,,,CUREMAPCH013
1514,PCHPE002008,SmallHydro,NORDESTE,1.224,-8.594862,-35.390681,plant,reference,,,RIBEIR-PE069
1515,PCHPE029666,SmallHydro,NORDESTE,6.5,-8.518056,-35.488611,plant,reference,,,PEDFURPCH013
1516,PCHPE030572,SmallHydro,NORDESTE,5.751,-8.653333,-35.218333,plant,reference,,,MANOPLPCH013
1576,PCHRN035096,SmallHydro,NORDESTE,4.7,-5.669075,-36.880481,plant,reference,,,ARMRIBPCH013
1749,UFVAL053686,Solar,NORDESTE,0.44,-10.289167,-36.528722,plant,reference,,,RIO-LA-AL069
1751,UFVBA032049,Solar,NORDESTE,27.213,-12.325297,-42.624142,plant,reference,,,SOLSE3UFV034
1752,UFVBA032050,Solar,NORDESTE,54.426,-12.311736,-42.619103,plant,reference,,,SOLSE2UFV034
1753,UFVBA032052,Solar,NORDESTE,74.836,-12.325008,-42.628083,plant,reference,,,SOLSE3UFV034
1754,UFVBA032053,Solar,NORDESTE,54.426,-12.314786,-42.618414,plant,reference,,,SOLSE2UFV034
1755,UFVBA032059,Solar,NORDESTE,47.622,-12.317386,-42.605408,plant,reference,,,SOLSE4UFV034
1756,UFVBA032065,Solar,NORDESTE,20.409,-12.328022,-42.637961,plant,reference,,,SOLSE4UFV034
1757,UFVBA032066,Solar,NORDESTE,95.245,-12.318850,-42.623786,plant,reference,,,SOLSE1UFV034
1758,UFVBA032067,Solar,NORDESTE,40.819,-12.324831,-42.613408,plant,reference,,,SOLSE4UFV034
1759,UFVBA032316,Solar,NORDESTE,28.0,-12.587325,-44.106878,plant,reference,,,ITUVERUFV034
1760,UFVBA032317,Solar,NORDESTE,28.0,-12.592600,-44.104636,plant,reference,,,ITUVERUFV034
1761,UFVBA032318,Solar,NORDESTE,28.0,-12.593394,-44.099534,plant,reference,,,ITUVERUFV034
1762,UFVBA032319,Solar,NORDESTE,28.0,-12.598967,-44.103781,plant,reference,,,ITUVERUFV034
1763,UFVBA032320,Solar,NORDESTE,28.0,-12.601495,-44.104147,plant,reference,,,ITUVERUFV034
1764,UFVBA032321,Solar,NORDESTE,28.0,-12.603461,-44.093292,plant,reference,,,ITUVERUFV034
1765,UFVBA032322,Solar,NORDESTE,28.0,-12.604236,-44.115750,plant,reference,,,ITUVERUFV034
1766,UFVBA032892,Solar,NORDESTE,30.0,-13.300211,-43.323529,plant,reference,,,BJLAP2-BA230
1767,UFVBA032893,Solar,NORDESTE,30.0,-13.297807,-43.324129,plant,reference,,,MIASS2EOL034
1768,UFVBA033469,Solar,NORDESTE,23.66,-12.032015,-45.072177,plant,reference,,,S.BARRUFV034
1769,UFVBA033470,Solar,NORDESTE,23.66,-12.034879,-45.070669,plant,reference,,,S.BARRUFV034
1770,UFVBA033471,Solar,NORDESTE,23.66,-12.037895,-45.069312,plant,reference,,,S.BARRUFV034
1771,UFVBA033473,Solar,NORDESTE,23.66,-12.049202,-45.070217,plant,reference,,,S.BARRUFV034
1772,UFVBA033588,Solar,NORDESTE,14.3,-14.149252,-42.727026,plant,reference,,,VVALE3UFV034
1773,UFVBA033757,Solar,NORDESTE,29.4,-12.609038,-44.085143,plant,reference,,,HO1211UFV034
1774,UFVBA033759,Solar,NORDESTE,29.4,-12.614065,-44.089619,plant,reference,,,HO1211UFV034
1775,UFVBA033777,Solar,NORDESTE,21.0,-12.639432,-44.084806,plant,reference,,,HO1211UFV034
1776,UFVBA033782,Solar,NORDESTE,27.0,-13.322731,-43.295141,plant,reference,,,SPEDROUFV034
1777,UFVBA033784,Solar,NORDESTE,27.0,-13.322731,-43.295141,plant,reference,,,SPEDROUFV034
1778,UFVBA033928,Solar,NORDESTE,30.0,-9.531903,-40.487846,plant,reference,,,JSOLARUFV034 034kV-2
1779,UFVBA033929,Solar,NORDESTE,30.0,-9.531903,-40.487846,plant,reference,,,JSOLARUFV034 034kV-2
1780,UFVBA033930,Solar,NORDESTE,30.0,-9.531903,-40.487846,plant,reference,,,JSOLARUFV034 034kV-2
1781,UFVBA033931,Solar,NORDESTE,30.0,-9.531903,-40.487846,plant,reference,,,JSOLARUFV034 034kV-2
1782,UFVBA034120,Solar,NORDESTE,30.52,-10.990006,-42.360371,plant,reference,,,ASSURUUFV013
1783,UFVBA034153,Solar,NORDESTE,20.0,-13.327172,-43.357192,plant,reference,,,BJL411UFV034
1784,UFVBA034158,Solar,NORDESTE,20.0,-13.320766,-43.342867,plant,reference,,,BJL411UFV034
1785,UFVBA034333,Solar,NORDESTE,30.004,-13.320314,-43.372303,plant,reference,,,LAPA23UFV034
1786,UFVBA034387,Solar,NORDESTE,30.0,-9.381152,-41.812091,plant,reference,,,SOBRD1UFV034
1787,UFVBA034406,Solar,NORDESTE,32.0,-7.971667,-38.619167,plant,siga:Operação,UFV.RS.PE.034406-0.1,São José do Belmonte - PE,XAXADOUFV034
1788,UFVBA034407,Solar,NORDESTE,32.0,-7.975556,-38.608889,plant,siga:Operação,UFV.RS.PE.034407-9.1,São José do Belmonte - PE,XAXADOUFV034
1789,UFVBA034437,Solar,NORDESTE,30.004,-13.316258,-43.353367,plant,reference,,,LAPA23UFV034
1790,UFVBA037479,Solar,NORDESTE,31.475,-9.659178,-40.678186,plant,siga:Operação,UFV.RS.BA.037479-2.1,Juazeiro - BA,FFUT2XUFV034
1791,UFVBA037480,Solar,NORDESTE,31.475,-9.662783,-40.677064,plant,siga:Operação,UFV.RS.BA.037480-6.1,Juazeiro - BA,FFUT2XUFV034
1792,UFVBA037481,Solar,NORDESTE,31.475,-9.668792,-40.675764,plant,siga:Operação,UFV.RS.BA.037481-4.1,Juazeiro - BA,FFUT2YUFV034
1793,UFVBA037482,Solar,NORDESTE,31.475,-9.674406,-40.675772,plant,siga:Operação,UFV.RS.BA.037482-2.1,Juazeiro - BA,FFUT1YUFV034
1794,UFVBA037483,Solar,NORDESTE,31.475,-9.680208,-40.674692,plant,siga:Operação,UFV.RS.BA.037483-0.1,Juazeiro - BA,FFUT1YUFV034
1795,UFVBA037484,Solar,NORDESTE,31.475,-9.686986,-40.673139,plant,siga:Operação,UFV.RS.BA.037484-9.1,Juazeiro - BA,FFUT1YUFV034
1796,UFVBA037485,Solar,NORDESTE,31.475,-9.681250,-40.660792,plant,siga:Operação,UFV.RS.BA.037485-7.1,Juazeiro - BA,FFUT2XUFV034
1797,UFVBA037486,Solar,NORDESTE,31.475,-9.686603,-40.664408,plant,siga:Operação,UFV.RS.BA.037486-5.1,Juazeiro - BA,FFUT1YUFV034
1798,UFVBA037487,Solar,NORDESTE,31.475,-9.691053,-40.662242,plant,siga:Operação,UFV.RS.BA.037487-3.1,Juazeiro - BA,FFUT2YUFV034
1799,UFVBA037488,Solar,NORDESTE,31.475,-9.692186,-40.673136,plant,siga:Operação,UFV.RS.BA.037488-1.1,Juazeiro - BA,FFUT1XUFV034
1800,UFVBA037489,Solar,NORDESTE,31.475,-9.694983,-40.664803,plant,siga:Operação,UFV.RS.BA.037489-0.1,Juazeiro - BA,FFUT1XUFV034
1801,UFVBA037490,Solar,NORDESTE,31.475,-9.698542,-40.671283,plant,siga:Operação,UFV.RS.BA.037490-3.1,Juazeiro - BA,FFUT1XUFV034
1802,UFVBA037491,Solar,NORDESTE,31.475,-9.702142,-40.671308,plant,siga:Operação,UFV.RS.BA.037491-1.1,Juazeiro - BA,FFUT2YUFV034
1803,UFVBA037492,Solar,NORDESTE,31.475,-9.667125,-40.689394,plant,siga:Operação,UFV.RS.BA.037492-0.1,Juazeiro - BA,FFUT1XUFV034
1804,UFVBA037493,Solar,NORDESTE,31.475,-9.672750,-40.687256,plant,siga:Operação,UFV.RS.BA.037493-8.1,Juazeiro - BA,FFUT1YUFV034
1805,UFVBA037494,Solar,NORDESTE,31.475,-9.675919,-40.689886,plant,siga:Operação,UFV.RS.BA.037494-6.1,Juazeiro - BA,FFUT1YUFV034
1806,UFVBA037495,Solar,NORDESTE,31.475,-9.679517,-40.688256,plant,siga:Operação,UFV.RS.BA.037495-4.1,Juazeiro - BA,FFUT1XUFV034
1807,UFVBA037496,Solar,NORDESTE,31.475,-9.682758,-40.691058,plant,siga:Operação,UFV.RS.BA.037496-2.1,Juazeiro - BA,FFUT2XUFV034
1808,UFVBA037497,Solar,NORDESTE,31.475,-9.686644,-40.687808,plant,siga:Operação,UFV.RS.BA.037497-0.1,Juazeiro - BA,FFUT2XUFV034
1809,UFVBA037498,Solar,NORDESTE,31.475,-9.690258,-40.686322,plant,siga:Operação,UFV.RS.BA.037498-9.1,Juazeiro - BA,FFUT2YUFV034
1810,UFVBA037499,Solar,NORDESTE,31.475,-9.693686,-40.691378,plant,siga:Operação,UFV.RS.BA.037499-7.1,Juazeiro - BA,FFUT2YUFV034
1811,UFVBA037500,Solar,NORDESTE,31.475,-9.695853,-40.682861,plant,siga:Operação,UFV.RS.BA.037500-4.1,Juazeiro - BA,FFUT2YUFV034
1812,UFVBA043284,Solar,NORDESTE,47.292,-9.526406,-40.481136,plant,reference,,,JSOLARUFV034
1813,UFVBA043285,Solar,NORDESTE,47.292,-9.521558,-40.465489,plant,reference,,,JSOLARUFV034
1814,UFVBA043286,Solar,NORDESTE,47.292,-9.536022,-40.486125,plant,reference,,,JSOLARUFV034
1815,UFVBA044754,Solar,NORDESTE,15.201,-9.545425,-40.477819,plant,reference,,,JSOLARUFV034
1816,UFVBA049251,Solar,NORDESTE,3.3,-12.913667,-38.336278,plant,reference,,,CABPRA-RN034
1817,UFVCE030060,Solar,NORDESTE,1.0,-6.003889,-40.274722,plant,reference,,,SOLTAUUFV013
1818,UFVCE033917,Solar,NORDESTE,33.0,-5.041339,-37.786539,plant,reference,,,CALCARUFV034
1819,UFVCE033918,Solar,NORDESTE,33.0,-5.052125,-37.790000,plant,reference,,,CALCARUFV034
1820,UFVCE033919,Solar,NORDESTE,33.0,-5.044508,-37.792872,plant,reference,,,CALCARUFV034
1821,UFVCE033920,Solar,NORDESTE,33.0,-5.044000,-37.797175,plant,reference,,,CALCARUFV034
1822,UFVCE034745,Solar,NORDESTE,27.0,-3.955333,-38.394980,plant,reference,,,SOLFUTUFV034
1823,UFVCE034746,Solar,NORDESTE,27.0,-3.962122,-38.397643,plant,reference,,,SOLFUTUFV034
1824,UFVCE034747,Solar,NORDESTE,27.0,-3.969387,-38.393920,plant,reference,,,SOLFUTUFV034
1825,UFVCE035699,Solar,NORDESTE,30.933,-5.261875,-37.968939,plant,reference,,,ALX-B1UFV034
1826,UFVCE035859,Solar,NORDESTE,30.933,-5.245836,-37.972503,plant,reference,,,ALX-B1UFV034
1827,UFVCE035860,Solar,NORDESTE,30.933,-5.258963,-37.977292,plant,reference,,,ALX-B1UFV034
1828,UFVCE035861,Solar,NORDESTE,30.933,-5.247308,-37.977472,plant,reference,,,ALX-B2UFV034
1829,UFVCE035862,Solar,NORDESTE,30.933,-5.256642,-37.981444,plant,reference,,,ALX-B2UFV034
1830,UFVCE035863,Solar,NORDESTE,30.933,-5.237911,-37.977092,plant,reference,,,ALX-B2UFV034
1831,UFVCE035864,Solar,NORDESTE,30.933,-5.235506,-37.983283,plant,reference,,,ALX-B2UFV034
1832,UFVCE035883,Solar,NORDESTE,30.933,-5.246869,-37.968883,plant,reference,,,ALX-B1UFV034
1833,UFVCE035884,Solar,NORDESTE,30.933,-5.260869,-37.973056,plant,reference,,,ALX-B1UFV034
1834,UFVCE037865,Solar,NORDESTE,27.0,-3.792375,-38.918219,plant,reference,,,LAVRASUFV034 034kV-2
1835,UFVCE037866,Solar,NORDESTE,27.0,-3.795117,-38.918209,plant,reference,,,LAVRASUFV034 034kV-2
1836,UFVCE037867,Solar,NORDESTE,27.0,-3.797858,-38.918209,plant,reference,,,LAVRASUFV034 034kV-2
1837,UFVCE037868,Solar,NORDESTE,27.0,-3.800600,-38.918209,plant,reference,,,LAVRASUFV034 034kV-2
1838,UFVCE037869,Solar,NORDESTE,27.0,-3.803329,-38.918216,plant,reference,,,LAVRASUFV034
1839,UFVCE037870,Solar,NORDESTE,26.0,-3.806081,-38.920078,plant,reference,,,LAVRASUFV034 034kV-3
1840,UFVCE037871,Solar,NORDESTE,20.0,-3.804989,-38.937503,plant,reference,,,LAVRASUFV034 034kV-3
1841,UFVCE037872,Solar,NORDESTE,20.0,-3.799397,-38.935639,plant,reference,,,LAVRASUFV034 034kV-3
1842,UFVCE044495,Solar,NORDESTE,47.362,-3.319214,-39.375333,plant,siga:Operação,UFV.RS.CE.044495-2.1,Trairi - CE,S.MATOUFV034
1843,UFVCE044496,Solar,NORDESTE,54.128,-3.314719,-39.394003,plant,siga:Operação,UFV.RS.CE.044496-0.1,Trairi - CE,S.MATOUFV034
1844,UFVCE044573,Solar,NORDESTE,32.74,-7.381828,-38.998550,plant,siga:Operação,UFV.RS.CE.044573-8.1,Abaiara - CE,MILG1-UFV034
1845,UFVCE044574,Solar,NORDESTE,32.74,-7.385917,-38.988193,plant,siga:Operação,UFV.RS.CE.044574-6.1,Abaiara - CE,MILG1-UFV034
1846,UFVCE044575,Solar,NORDESTE,32.74,-7.389047,-38.990268,plant,siga:Operação,UFV.RS.CE.044575-4.1,Abaiara - CE,MILG1-UFV034
1847,UFVCE044576,Solar,NORDESTE,32.74,-7.390593,-38.981080,plant,siga:Operação,UFV.RS.CE.044576-2.1,Abaiara - CE,MILG2-UFV034
1848,UFVCE044579,Solar,NORDESTE,32.74,-7.384180,-38.976830,plant,siga:Operação,UFV.RS.CE.044579-7.1,Abaiara - CE,MILG2-UFV034
1849,UFVCE047255,Solar,NORDESTE,1.03,-4.786389,-37.305556,plant,reference,,,INACI-EOL034
1965,UFVPB032311,Solar,NORDESTE,27.0,-6.956732,-37.997797,plant,reference,,,RIOALTUFV034
1966,UFVPB032544,Solar,NORDESTE,27.0,-6.947217,-37.993844,plant,reference,,,RIOALTUFV034 034kV-3
1967,UFVPB032843,Solar,NORDESTE,27.0,-6.957120,-37.989652,plant,reference,,,RIOALTUFV034 034kV-2
1968,UFVPB032865,Solar,NORDESTE,27.0,-6.949474,-37.983059,plant,reference,,,RIOALTUFV034 034kV-2
1969,UFVPB032882,Solar,NORDESTE,27.0,-6.948082,-37.995987,plant,reference,,,RIOALTUFV034 034kV-2
1970,UFVPB032888,Solar,NORDESTE,27.0,-6.952287,-37.995980,plant,reference,,,RIOALTUFV034 034kV-2
1971,UFVPB032926,Solar,NORDESTE,27.0,-6.962954,-38.001866,plant,reference,,,RIOALTUFV034
1972,UFVPB034085,Solar,NORDESTE,27.2,-6.917041,-37.560174,plant,reference,,,ANGIC1UFV034
1973,UFVPB034086,Solar,NORDESTE,27.2,-6.909754,-37.560142,plant,reference,,,MALTA-UFV034
1974,UFVPB037916,Solar,NORDESTE,27.0,-6.949812,-38.002406,plant,reference,,,RIOALTUFV034 034kV-2
1975,UFVPB043210,Solar,NORDESTE,32.74,-6.792959,-38.483975,plant,reference,,,UFRPX1UFV034
1976,UFVPB043215,Solar,NORDESTE,36.014,-6.801475,-38.476736,plant,reference,,,UFRPX2UFV034
1977,UFVPB044469,Solar,NORDESTE,58.932,-6.831925,-36.928881,plant,reference,,,LUZI23UFV034
1978,UFVPB044470,Solar,NORDESTE,55.658,-6.845706,-36.929914,plant,reference,,,LUZI23UFV034
1979,UFVPB049424,Solar,NORDESTE,2.34,-7.087333,-34.846750,plant,reference,,,AMZ-B1-RN034
1980,UFVPB050792,Solar,NORDESTE,0.226,-7.167410,-34.824410,plant,reference,,,ODAGUA-RN034
1981,UFVPB052044,Solar,NORDESTE,0.217,-7.163810,-34.823890,plant,reference,,,AÇU3---RN230
1982,UFVPE032372,Solar,NORDESTE,5.0,-9.070061,-38.147117,plant,reference,,,FSOLARUFV034
1983,UFVPE032373,Solar,NORDESTE,5.0,-9.071136,-38.145986,plant,reference,,,FSOLARUFV034
1984,UFVPE033606,Solar,NORDESTE,30.0,-8.080372,-39.344525,plant,reference,,,SSALG1UFV034
1985,UFVPE034105,Solar,NORDESTE,30.0,-8.083333,-39.355472,plant,reference,,,SSALG3UFV034
1986,UFVPE034160,Solar,NORDESTE,30.0,-8.085475,-39.353402,plant,reference,,,SSALG2UFV034
1987,UFVPE034169,Solar,NORDESTE,31.5,-7.893361,-38.696447,plant,reference,,,BRIGDAUFV034
1988,UFVPE034234,Solar,NORDESTE,31.5,-7.898006,-38.703250,plant,reference,,,BRIGDAUFV034
1989,UFVPE034305,Solar,NORDESTE,29.0,-8.415997,-35.958003,plant,reference,,,FAZESMUFV034
1990,UFVPE034405,Solar,NORDESTE,32.0,-7.979722,-38.622500,plant,siga:Operação,UFV.RS.PE.034405-2.1,São José do Belmonte - PE,XAXADOUFV034
1991,UFVPE037465,Solar,NORDESTE,49.5,-7.964786,-38.630675,plant,siga:Operação,UFV.RS.PE.037465-2.1,São José do Belmonte - PE,CIRANDUFV034
1992,UFVPE037466,Solar,NORDESTE,49.5,-7.953886,-38.629644,plant,siga:Operação,UFV.RS.PE.037466-0.1,São José do Belmonte - PE,CIRANDUFV034
1993,UFVPE037516,Solar,NORDESTE,49.5,-7.947414,-38.622847,plant,siga:Operação,UFV.RS.PE.037516-0.1,São José do Belmonte - PE,CIRANDUFV034
1994,UFVPE040725,Solar,NORDESTE,50.0,-7.855857,-38.827818,plant,siga:Operação,UFV.RS.PE.040725-9.1,São José do Belmonte - PE,BEL1-1UFV034
1995,UFVPE040726,Solar,NORDESTE,50.0,-7.859377,-38.812794,plant,siga:Operação,UFV.RS.PE.040726-7.1,São José do Belmonte - PE,BEL1-1UFV034
1996,UFVPE040727,Solar,NORDESTE,50.0,-7.863599,-38.832241,plant,siga:Operação,UFV.RS.PE.040727-5.1,São José do Belmonte - PE,BEL1-1UFV034
1997,UFVPE040728,Solar,NORDESTE,5.001,-7.864815,-38.822280,plant,siga:Operação,UFV.RS.PE.040728-3.1,São José do Belmonte - PE,BEL1-1UFV034
1998,UFVPE040735,Solar,NORDESTE,50.0,-7.844311,-38.833019,plant,siga:Operação,UFV.RS.PE.040735-6.1,São José do Belmonte - PE,BEL2-1UFV034
1999,UFVPE040736,Solar,NORDESTE,50.0,-7.855953,-38.845378,plant,siga:Operação,UFV.RS.PE.040736-4.1,São José do Belmonte - PE,BEL2-1UFV034
2000,UFVPE040737,Solar,NORDESTE,50.0,-7.851744,-38.837978,plant,siga:Operação,UFV.RS.PE.040737-2.1,São José do Belmonte - PE,BEL2-1UFV034
2001,UFVPE040738,Solar,NORDESTE,50.0,-7.851622,-38.817214,plant,siga:Operação,UFV.RS.PE.040738-0.1,São José do Belmonte - PE,BEL2-4UFV034
2002,UFVPE040739,Solar,NORDESTE,50.0,-7.863775,-38.844731,plant,siga:Operação,UFV.RS.PE.040739-9.1,São José do Belmonte - PE,BEL2-4UFV034
2003,UFVPE042927,Solar,NORDESTE,50.0,-7.884000,-38.694732,plant,reference,,,BNOME5UFV034
2004,UFVPE042928,Solar,NORDESTE,50.0,-7.885322,-38.705414,plant,reference,,,BNOME6UFV034
2005,UFVPE043267,Solar,NORDESTE,50.0,-7.875686,-38.843414,plant,siga:Operação,UFV.RS.PE.043267-9.1,São José do Belmonte - PE,BEL2-4UFV034
2006,UFVPE050605,Solar,NORDESTE,27.0,-7.487500,-34.991111,plant,siga:Operação,UFV.RS.PE.050605-2.1,Goiana - PE,GOIANI-PE069
2007,UFVPE050606,Solar,NORDESTE,27.0,-7.487500,-34.997222,plant,siga:Operação,UFV.RS.PE.050606-0.1,Goiana - PE,GOIANI-PE069
2008,UFVPE051965,Solar,NORDESTE,0.516,-7.922222,-34.904722,plant,siga:Operação,UFV.RS.PE.051965-0.1,Abreu e Lima - PE,MIRUE2-PE069
2009,UFVPE054877,Solar,NORDESTE,0.073,-7.506667,-37.269472,plant,siga:Operação,UFV.RS.PE.054877-4.1,São José do Egito - PE,B.NOME-PE138
2010,UFVPE055055,Solar,NORDESTE,1.5,-8.266622,-35.979033,plant,reference,,,TACAIM-PE069
2011,UFVPE062074,Solar,NORDESTE,1.16,-7.783228,-35.238860,plant,siga:Operação,UFV.RS.PE.062074-2.1,Nazaré da Mata - PE,TACAIM-PE069
2012,UFVPI031685,Solar,NORDESTE,30.933,-7.346326,-40.554700,plant,siga:Operação,UFV.RS.PI.031685-7.2,Caldeirão Grande do Piauí - PI,CG2B1-UFV034
2013,UFVPI031686,Solar,NORDESTE,30.933,-7.332665,-40.572205,plant,reference,,,CG2B2-UFV034
2014,UFVPI031687,Solar,NORDESTE,34.37,-7.346787,-40.541405,plant,reference,,,CG2B2-UFV034
2015,UFVPI031688,Solar,NORDESTE,27.496,-7.372831,-40.549022,plant,reference,,,CG2B1-UFV034
2016,UFVPI031689,Solar,NORDESTE,30.933,-7.394981,-40.583566,plant,reference,,,CG2B1-UFV034
2017,UFVPI031690,Solar,NORDESTE,30.933,-7.403997,-40.596090,plant,siga:Operação,UFV.RS.PI.031690-3.2,Caldeirão Grande do Piauí - PI,CG2B1-UFV034
2018,UFVPI031691,Solar,NORDESTE,27.496,-7.379120,-40.563702,plant,siga:Operação,UFV.RS.PI.031691-1.2,Caldeirão Grande do Piauí - PI,CG2B1-UFV034
2019,UFVPI033127,Solar,NORDESTE,30.0,-8.209607,-42.539430,plant,reference,,,NOLN08UFV034
2020,UFVPI033128,Solar,NORDESTE,30.0,-8.216531,-42.538181,plant,reference,,,NOLN08UFV034
2021,UFVPI033129,Solar,NORDESTE,30.0,-8.194122,-42.559563,plant,reference,,,NOLN08UFV034
2022,UFVPI033130,Solar,NORDESTE,30.0,-8.189791,-42.564261,plant,reference,,,NOLN08UFV034
2023,UFVPI033131,Solar,NORDESTE,30.0,-8.179952,-42.560891,plant,reference,,,NOLN12UFV034
2024,UFVPI033132,Solar,NORDESTE,30.0,-7.927220,-42.612720,plant,reference,,,NOLN12UFV034
2025,UFVPI033133,Solar,NORDESTE,30.0,-8.177438,-42.563883,plant,reference,,,NOLN12UFV034
2026,UFVPI033841,Solar,NORDESTE,45.68,-10.091574,-45.264353,plant,reference,,,SGON-1UFV034
2027,UFVPI033842,Solar,NORDESTE,50.0,-10.096507,-45.274419,plant,reference,,,SGON-1UFV034
2028,UFVPI033843,Solar,NORDESTE,45.68,-10.099103,-45.281511,plant,reference,,,SGON-2UFV034
2029,UFVPI033844,Solar,NORDESTE,48.2,-10.120498,-45.296937,plant,reference,,,SGON-2UFV034
2030,UFVPI033845,Solar,NORDESTE,50.0,-10.107653,-45.299664,plant,reference,,,SGON-3UFV034
2031,UFVPI033846,Solar,NORDESTE,45.68,-10.114633,-45.300600,plant,reference,,,SGON-3UFV034
2032,UFVPI033847,Solar,NORDESTE,34.542,-10.128441,-45.298516,plant,reference,,,SGON-1UFV034
2033,UFVPI033849,Solar,NORDESTE,34.542,-10.123428,-45.293117,plant,reference,,,SGON-2UFV034
2034,UFVPI034384,Solar,NORDESTE,30.0,-8.550401,-42.292657,plant,reference,,,SERTA1UFV034
2035,UFVPI034388,Solar,NORDESTE,30.0,-8.288948,-42.369667,plant,reference,,,SOBRA1UFV034
2036,UFVPI034785,Solar,NORDESTE,32.164,-8.278536,-42.163540,plant,reference,,,FVSJP-UFV034
2037,UFVPI034786,Solar,NORDESTE,32.164,-8.280108,-42.152164,plant,reference,,,FVSJP-UFV034
2038,UFVPI034787,Solar,NORDESTE,32.164,-8.268612,-42.155439,plant,reference,,,FVSJP-UFV034
2039,UFVPI034788,Solar,NORDESTE,28.84,-8.266435,-42.142811,plant,reference,,,FVSJP-UFV034
2040,UFVPI034789,Solar,NORDESTE,28.84,-8.273306,-42.143424,plant,reference,,,FVSJP-UFV034
2041,UFVPI034790,Solar,NORDESTE,31.878,-8.280265,-42.137524,plant,reference,,,FVSJP-UFV034
2042,UFVPI037577,Solar,NORDESTE,50.0,-10.112922,-45.291508,plant,reference,,,SGON-4UFV034
2043,UFVPI037578,Solar,NORDESTE,34.542,-10.123401,-45.288711,plant,reference,,,SGON-3UFV034
2044,UFVPI037579,Solar,NORDESTE,34.542,-10.120272,-45.283905,plant,reference,,,SGON-4UFV034
2045,UFVPI037581,Solar,NORDESTE,43.032,-10.110925,-45.279171,plant,reference,,,SGON-6UFV034
2046,UFVPI037582,Solar,NORDESTE,43.032,-10.111742,-45.265914,plant,reference,,,SGON-6UFV034
2047,UFVPI037584,Solar,NORDESTE,43.032,-10.116078,-45.273811,plant,reference,,,SGON-6UFV034
2048,UFVPI037585,Solar,NORDESTE,43.032,-10.106964,-45.269972,plant,reference,,,SGON-5UFV034
2049,UFVPI037586,Solar,NORDESTE,43.032,-10.119000,-45.281044,plant,reference,,,SGON-5UFV034
2050,UFVPI037588,Solar,NORDESTE,50.0,-10.105762,-45.278829,plant,reference,,,SGON-4UFV034
2051,UFVPI037589,Solar,NORDESTE,50.0,-10.097996,-45.263917,plant,reference,,,SGON-2UFV034
2052,UFVPI068301,Solar,NORDESTE,1.0,-5.207674,-42.752656,plant,siga:Operação,UFV.RS.PI.068301-9.1,Teresina - PI,PARNAI-PI500
2053,UFVRN031399,Solar,NORDESTE,0.419,-6.091558,-35.235400,plant,reference,,,AMZ-B1-RN034
2054,UFVRN031694,Solar,NORDESTE,1.1,-5.378583,-36.821086,plant,reference,,,RECIFE-PE230
2055,UFVRN033569,Solar,NORDESTE,22.0,-4.975872,-36.905180,plant,reference,,,FLORE-UFV034
2056,UFVRN034184,Solar,NORDESTE,34.0,-5.546004,-37.026390,plant,reference,,,ASSU5-UFV034
2057,UFVRN034309,Solar,NORDESTE,32.0,-4.961601,-36.906693,plant,reference,,,FLORE-UFV034
2058,UFVRN034310,Solar,NORDESTE,32.0,-4.964266,-36.910500,plant,reference,,,FLORE-UFV034
2059,UFVRN037811,Solar,NORDESTE,137.48,-5.121555,-37.030306,plant,reference,,,SSMEL1UFV034
2060,UFVRN037812,Solar,NORDESTE,103.11,-5.121824,-37.020873,plant,reference,,,SSMEL2UFV034
2061,UFVRN047422,Solar,NORDESTE,48.118,-5.256794,-37.126397,plant,siga:Operação,UFV.RS.RN.047422-3.1,Serra do Mel - RN,SMEL56UFV034
2062,UFVRN047423,Solar,NORDESTE,48.118,-5.277956,-37.127153,plant,siga:Operação,UFV.RS.RN.047423-1.1,Serra do Mel - RN,SMEL56UFV034
2063,UFVRN047424,Solar,NORDESTE,48.118,-5.278842,-37.125575,plant,siga:Operação,UFV.RS.RN.047424-0.1,Serra do Mel - RN,SMEL3-UFV034
2064,UFVRN047425,Solar,NORDESTE,48.118,-5.283361,-37.119586,plant,siga:Operação,UFV.RS.RN.047425-8.1,Serra do Mel - RN,SMEL34UFV034
2065,UFVRN048822,Solar,NORDESTE,0.96,-5.819479,-35.237544,plant,siga:Operação,UFV.RS.RN.048822-4.1,Natal - RN,CMRIM2-RN500
2066,UFVRN050250,Solar,NORDESTE,0.36,-5.885556,-35.278889,plant,siga:Operação,UFV.RS.RN.050250-2.1,Parnamirim - RN,CMRIM2-RN500
2067,UFVRN053852,Solar,NORDESTE,0.553,-5.889444,-35.302778,plant,siga:Operação,UFV.RS.RN.053852-3.1,Macaíba - RN,CMRIM2-RN500
2068,UFVRN068302,Solar,NORDESTE,0.7,-5.850278,-35.207222,plant,siga:Operação,UFV.RS.RN.068302-7.1,Natal - RN,CMRIM2-RN500
2096,UFVSE062878,Solar,NORDESTE,0.8,-10.946208,-37.075419,plant,siga:Operação,UFV.RS.SE.062878-6.1,Aracaju - SE,L.GONZ-PE500
2129,PCHBA027046,SmallHydro,NORDESTE,30.0,-14.229056,-39.462047,plant,reference,,,FUNIL1UHE013
2130,PCHBA027052,SmallHydro,NORDESTE,20.0,-13.868350,-40.235759,plant,reference,,,PEDRA-PCH013
2131,PCHBA027414,SmallHydro,NORDESTE,10.649,-12.452378,-45.190692,plant,reference,,,AFEMEAPCH013
2178,PCTAL028542,Biomass,NORDESTE,20.5,-10.150639,-36.542000,plant,reference,,,MARITUUTE013
2179,PCTAL028543,Biomass,NORDESTE,17.2,-9.011066,-36.057388,plant,reference,,,SERGRAUTE013
2180,PCTAL028708,Biomass,NORDESTE,15.0,-9.290709,-35.556585,plant,reference,,,JITITUUTE013
2181,PCTAL029161,Biomass,NORDESTE,32.0,-10.123387,-36.274221,plant,reference,,,CORURIUTE013
2182,PCTAL030048,Biomass,NORDESTE,53.0,-9.916391,-36.333972,plant,reference,,,BENBIOUTE013
2183,PCTAL031371,Biomass,NORDESTE,62.5,-9.777046,-36.085369,plant,reference,,,BIOFLEUTE013
2184,PCTAL049853,Biomass,NORDESTE,40.0,-10.112253,-36.275181,plant,siga:Operação,UTE.AI.AL.049853-0.1,Coruripe - AL,CVWENEUTE013
2186,PCTBA000182,Biomass,NORDESTE,108.6,-12.643082,-38.337171,plant,reference,,,B.PULPUTE013
2187,PCTBA000187,Biomass,NORDESTE,214.08,-18.042462,-39.919661,plant,reference,,,SUZMUCUTE013
2188,PCTBA002683,Biomass,NORDESTE,19.73,-12.860337,-38.352079,plant,reference,,,SALVADUTE013
2189,PCTBA028696,Biomass,NORDESTE,14.0,-9.497845,-40.365933,plant,reference,,,AGROV1UTE013
2190,PCTBA029014,Biomass,NORDESTE,126.6,-16.374010,-39.570535,plant,reference,,,VERACEUTE013
2191,PCTBA030174,Biomass,NORDESTE,5.0,-12.091667,-45.805833,plant,reference,,,GALVANUTE013
2192,PCTBA056665,Biomass,NORDESTE,9.36,-12.499602,-38.207352,plant,siga:Operação,UTE.GN.BA.056665-9.1,Camaçari - BA,PRO2E4UTE013
2193,PCTCE031241,Biomass,NORDESTE,218.0,-3.584714,-38.855933,plant,reference,,,CSP-G-UTE013
2308,PCTPB028515,Biomass,NORDESTE,28.8,-6.986910,-35.014335,plant,reference,,,JAPUNGUTE013
2309,PCTPB028957,Biomass,NORDESTE,20.0,-7.353278,-35.029670,plant,reference,,,GIASA2UTE013
2310,PCTPB030099,Biomass,NORDESTE,12.2,-7.508387,-34.875880,plant,siga:Operação,UTE.AI.PB.030099-3.1,Caaporã - PB,FIAT---PE069
2311,PCTPB034891,Biomass,NORDESTE,19.2,-6.683194,-35.148973,plant,reference,,,MONALEUTE013
2312,PCTPB034893,Biomass,NORDESTE,11.3,-6.957223,-35.135554,plant,reference,,,SRITA2-PB069
2313,PCTPB043199,Biomass,NORDESTE,5.704,-7.217583,-34.956469,plant,reference,,,JPSII--PB069
2314,PCTPE028392,Biomass,NORDESTE,30.0,-8.223889,-35.271778,plant,reference,,,ALCNACUTE013
2315,PCTPE028539,Biomass,NORDESTE,47.0,-7.905780,-35.284675,plant,reference,,,ITAENGUTE013
2316,PCTPE028692,Biomass,NORDESTE,30.0,-7.417620,-35.244135,plant,reference,,,GOIANI-PE069
2317,PCTPE028707,Biomass,NORDESTE,11.2,-8.393677,-35.089701,plant,reference,,,IPOJUCUTE013
2318,PCTPE029113,Biomass,NORDESTE,21.205,-7.817550,-35.001335,plant,reference,,,S.JOSEUTE013
2319,PCTPE029715,Biomass,NORDESTE,25.0,-8.247052,-37.012127,uf-centroid,uf-centroid:PE,,,PIRAPAUTE013
2320,PCTPE030438,Biomass,NORDESTE,150.0,-8.385944,-35.030002,plant,siga:Operação,UTE.PE.PE.030438-7.1,Ipojuca - PE,U-50--UTE069
2321,PCTPE040643,Biomass,NORDESTE,28.52,-8.172050,-34.977733,plant,reference,,,ASJABRUTE013
2322,PCTPE044864,Biomass,NORDESTE,12.0,-7.550833,-35.275556,plant,reference,,,GOIANI-PE069
2323,PCTPI029773,Biomass,NORDESTE,18.0,-4.854722,-42.886111,plant,reference,,,TERES3-PI069
2350,PCTRN028605,Biomass,NORDESTE,40.0,-6.416134,-35.055729,plant,reference,,,BAFORMUTE013
2351,PCTRN028660,Biomass,NORDESTE,17.0,-6.226640,-35.198025,plant,reference,,,GOIANI-PB069
2375,PCTSE029152,Biomass,NORDESTE,8.0,-10.506100,-37.054833,plant,reference,,,IOLLEIUTE013
2376,PCTSE029685,Biomass,NORDESTE,17.5,-10.764710,-37.204535,plant,reference,,,SJPINHUTE013
2377,PCTSE030396,Biomass,NORDESTE,25.0,-10.468123,-37.181535,plant,reference,,,CAMLINUTE013
2378,PCTSE030677,Biomass,NORDESTE,8.0,-10.506100,-37.054833,plant,reference,,,TAQUARUTE013
2515,EOLCE032485,Wind,NORDESTE,36.0,-4.722906,-37.411676,plant,siga:Operação,EOL.CV.CE.032485-0.1,Icapuí - CE,KAIROSEOL034
2516,EOLCE041921,Wind,NORDESTE,40.5,-4.746853,-37.354085,plant,siga:Operação,EOL.CV.CE.041921-4.1,Icapuí - CE,KAIROSEOL034
2517,EOLCE041922,Wind,NORDESTE,36.0,-4.740224,-37.388281,plant,siga:Operação,EOL.CV.CE.041922-2.1,Icapuí - CE,KAIROSEOL034
2518,EOLRN050082,Wind,NORDESTE,41.3,-5.052221,-37.042712,plant,siga:Operação,EOL.CV.RN.050082-8.1,Areia Branca - RN,CASQ1-EOL034
2519,EOLRN050083,Wind,NORDESTE,47.2,-5.024412,-37.056071,plant,siga:Operação,EOL.CV.RN.050083-6.1,Areia Branca - RN,CASQ2-EOL034
2520,ENE128544,Wind,NORDESTE,10.1665,-7.250000,-35.980000,bus-proxy,bus:CGRD3--PB500,,,CGRD3--PB500
2521,ENE12858508,Wind,NORDESTE,28.5326,-8.154752,-39.281336,system-centroid,system-centroid,,,S.SERI-PB500
2522,ENE129544,Wind,NORDESTE,10.1665,-7.250000,-35.980000,bus-proxy,bus:CGRD3--PB500,,,CGRD3--PB500
2523,ENE12958508,Wind,NORDESTE,28.5326,-8.154752,-39.281336,system-centroid,system-centroid,,,S.SERI-PB500
2524,ENE130544,Wind,NORDESTE,10.1665,-7.250000,-35.980000,bus-proxy,bus:CGRD3--PB500,,,CGRD3--PB500
2525,ENE13058508,Wind,NORDESTE,28.5326,-8.154752,-39.281336,system-centroid,system-centroid,,,O.SERI-PB500
2526,ENE131544,Wind,NORDESTE,10.1665,-7.250000,-35.980000,bus-proxy,bus:CGRD3--PB500,,,CGRD3--PB500
2527,ENE13158508,Wind,NORDESTE,28.5326,-8.154752,-39.281336,system-centroid,system-centroid,,,S.SERI-PB500
2528,ENE132544,Wind,NORDESTE,10.1665,-7.250000,-35.980000,bus-proxy,bus:CGRD3--PB500,,,CGRD3--PB500
2529,ENE13258508,Wind,NORDESTE,28.5326,-8.154752,-39.281336,system-centroid,system-centroid,,,S.SERI-PB500
2530,ENE133544,Wind,NORDESTE,10.1665,-7.250000,-35.980000,bus-proxy,bus:CGRD3--PB500,,,CGRD3--PB500
2531,ENE13358508,Wind,NORDESTE,28.5326,-8.154752,-39.281336,system-centroid,system-centroid,,,O.SERI-PB500
2532,ENE134544,Wind,NORDESTE,10.1665,-7.250000,-35.980000,bus-proxy,bus:CGRD3--PB500,,,CGRD3--PB500
2533,ENE13458508,Wind,NORDESTE,28.5326,-8.154752,-39.281336,system-centroid,system-centroid,,,S.SERI-PB500
2534,ENE135544,Wind,NORDESTE,10.1665,-7.250000,-35.980000,bus-proxy,bus:CGRD3--PB500,,,CGRD3--PB500
2535,ENE13558508,Wind,NORDESTE,28.5326,-8.154752,-39.281336,system-centroid,system-centroid,,,S.SERI-PB500
2536,ENE136544,Wind,NORDESTE,15.2497,-7.250000,-35.980000,bus-proxy,bus:CGRD3--PB500,,,CGRD3--PB500
2537,ENE13658508,Wind,NORDESTE,42.7989,-8.154752,-39.281336,system-centroid,system-centroid,,,O.SERI-PB500
2538,ENE137544,Wind,NORDESTE,15.2497,-7.250000,-35.980000,bus-proxy,bus:CGRD3--PB500,,,CGRD3--PB500
2539,ENE13758508,Wind,NORDESTE,42.7989,-8.154752,-39.281336,system-centroid,system-centroid,,,S.SERI-PB500
2540,ENE138544,Wind,NORDESTE,15.2497,-7.250000,-35.980000,bus-proxy,bus:CGRD3--PB500,,,CGRD3--PB500
2541,ENE13858508,Wind,NORDESTE,42.7989,-8.154752,-39.281336,system-centroid,system-centroid,,,S.SERI-PB500
2542,ENE139544,Wind,NORDESTE,15.2497,-7.250000,-35.980000,bus-proxy,bus:CGRD3--PB500,,,CGRD3--PB500
2543,ENE13958508,Wind,NORDESTE,42.7989,-8.154752,-39.281336,system-centroid,system-centroid,,,O.SERI-PB500
2544,ENE228544,Wind,NORDESTE,17.7914,-7.250000,-35.980000,bus-proxy,bus:CGRD3--PB500,,,CGRD3--PB500
2545,ENE22858508,Wind,NORDESTE,49.932,-8.154752,-39.281336,system-centroid,system-centroid,,,S.SERI-PB500
2546,ENE229544,Wind,NORDESTE,17.7914,-7.250000,-35.980000,bus-proxy,bus:CGRD3--PB500,,,CGRD3--PB500
2547,ENE22958508,Wind,NORDESTE,49.932,-8.154752,-39.281336,system-centroid,system-centroid,,,S.SERI-PB500
2548,ENE230544,Wind,NORDESTE,17.7914,-7.250000,-35.980000,bus-proxy,bus:CGRD3--PB500,,,CGRD3--PB500
2549,ENE23058508,Wind,NORDESTE,49.932,-8.154752,-39.281336,system-centroid,system-centroid,,,O.SERI-PB500
2550,ENE231544,Wind,NORDESTE,17.7914,-7.250000,-35.980000,bus-proxy,bus:CGRD3--PB500,,,CGRD3--PB500
2551,ENE23158508,Wind,NORDESTE,49.932,-8.154752,-39.281336,system-centroid,system-centroid,,,S.SERI-PB500
2552,ENE232544,Wind,NORDESTE,17.7914,-7.250000,-35.980000,bus-proxy,bus:CGRD3--PB500,,,CGRD3--PB500
2553,ENE23258508,Wind,NORDESTE,49.932,-8.154752,-39.281336,system-centroid,system-centroid,,,S.SERI-PB500
2554,ENE233544,Wind,NORDESTE,17.7914,-7.250000,-35.980000,bus-proxy,bus:CGRD3--PB500,,,CGRD3--PB500
2555,ENE23358508,Wind,NORDESTE,49.932,-8.154752,-39.281336,system-centroid,system-centroid,,,O.SERI-PB500
2556,ENE234544,Wind,NORDESTE,17.7914,-7.250000,-35.980000,bus-proxy,bus:CGRD3--PB500,,,CGRD3--PB500
2557,ENE23458508,Wind,NORDESTE,49.932,-8.154752,-39.281336,system-centroid,system-centroid,,,S.SERI-PB500
2558,ENE235544,Wind,NORDESTE,17.7914,-7.250000,-35.980000,bus-proxy,bus:CGRD3--PB500,,,CGRD3--PB500
2559,ENE23558508,Wind,NORDESTE,49.932,-8.154752,-39.281336,system-centroid,system-centroid,,,S.SERI-PB500
2560,ENE236544,Wind,NORDESTE,17.7914,-7.250000,-35.980000,bus-proxy,bus:CGRD3--PB500,,,CGRD3--PB500
2561,ENE23658508,Wind,NORDESTE,49.932,-8.154752,-39.281336,system-centroid,system-centroid,,,O.SERI-PB500
2562,ENE237544,Wind,NORDESTE,17.7914,-7.250000,-35.980000,bus-proxy,bus:CGRD3--PB500,,,CGRD3--PB500
2563,ENE23758508,Wind,NORDESTE,49.932,-8.154752,-39.281336,system-centroid,system-centroid,,,S.SERI-PB500
2564,ENE238544,Wind,NORDESTE,17.7914,-7.250000,-35.980000,bus-proxy,bus:CGRD3--PB500,,,CGRD3--PB500
2565,ENE23858508,Wind,NORDESTE,49.932,-8.154752,-39.281336,system-centroid,system-centroid,,,S.SERI-PB500
2566,ENE239544,Wind,NORDESTE,17.7914,-7.250000,-35.980000,bus-proxy,bus:CGRD3--PB500,,,CGRD3--PB500
2567,ENE23958508,Wind,NORDESTE,49.932,-8.154752,-39.281336,system-centroid,system-centroid,,,O.SERI-PB500
2568,ENE328544,Wind,NORDESTE,15.2497,-7.250000,-35.980000,bus-proxy,bus:CGRD3--PB500,,,CGRD3--PB500
2569,ENE32858508,Wind,NORDESTE,42.7989,-8.154752,-39.281336,system-centroid,system-centroid,,,S.SERI-PB500
2570,ENE329544,Wind,NORDESTE,15.2497,-7.250000,-35.980000,bus-proxy,bus:CGRD3--PB500,,,CGRD3--PB500
2571,ENE32958508,Wind,NORDESTE,42.7989,-8.154752,-39.281336,system-centroid,system-centroid,,,S.SERI-PB500
2572,ENE330544,Wind,NORDESTE,15.2497,-7.250000,-35.980000,bus-proxy,bus:CGRD3--PB500,,,CGRD3--PB500
2573,ENE33058508,Wind,NORDESTE,42.7989,-8.154752,-39.281336,system-centroid,system-centroid,,,O.SERI-PB500
2574,ENE331544,Wind,NORDESTE,15.2497,-7.250000,-35.980000,bus-proxy,bus:CGRD3--PB500,,,CGRD3--PB500
2575,ENE33158508,Wind,NORDESTE,42.7989,-8.154752,-39.281336,system-centroid,system-centroid,,,S.SERI-PB500
2576,ENE332544,Wind,NORDESTE,15.2497,-7.250000,-35.980000,bus-proxy,bus:CGRD3--PB500,,,CGRD3--PB500
2577,ENE33258508,Wind,NORDESTE,42.7989,-8.154752,-39.281336,system-centroid,system-centroid,,,S.SERI-PB500
2578,ENE333544,Wind,NORDESTE,15.2497,-7.250000,-35.980000,bus-proxy,bus:CGRD3--PB500,,,CGRD3--PB500
2579,ENE33358508,Wind,NORDESTE,42.7989,-8.154752,-39.281336,system-centroid,system-centroid,,,O.SERI-PB500
2580,ENE334544,Wind,NORDESTE,15.2497,-7.250000,-35.980000,bus-proxy,bus:CGRD3--PB500,,,CGRD3--PB500
2581,ENE33458508,Wind,NORDESTE,42.7989,-8.154752,-39.281336,system-centroid,system-centroid,,,S.SERI-PB500
2582,ENE335544,Wind,NORDESTE,15.2497,-7.250000,-35.980000,bus-proxy,bus:CGRD3--PB500,,,CGRD3--PB500
2583,ENE33558508,Wind,NORDESTE,42.7989,-8.154752,-39.281336,system-centroid,system-centroid,,,S.SERI-PB500
2584,ENE336544,Wind,NORDESTE,15.2497,-7.250000,-35.980000,bus-proxy,bus:CGRD3--PB500,,,CGRD3--PB500
2585,ENE33658508,Wind,NORDESTE,42.7989,-8.154752,-39.281336,system-centroid,system-centroid,,,O.SERI-PB500
2586,ENE337544,Wind,NORDESTE,15.2497,-7.250000,-35.980000,bus-proxy,bus:CGRD3--PB500,,,CGRD3--PB500
2587,ENE33758508,Wind,NORDESTE,42.7989,-8.154752,-39.281336,system-centroid,system-centroid,,,S.SERI-PB500
2588,ENE338544,Wind,NORDESTE,15.2497,-7.250000,-35.980000,bus-proxy,bus:CGRD3--PB500,,,CGRD3--PB500
2589,ENE33858508,Wind,NORDESTE,42.7989,-8.154752,-39.281336,system-centroid,system-centroid,,,S.SERI-PB500
2590,ENE339544,Wind,NORDESTE,15.2497,-7.250000,-35.980000,bus-proxy,bus:CGRD3--PB500,,,CGRD3--PB500
2591,ENE33958508,Wind,NORDESTE,42.7989,-8.154752,-39.281336,system-centroid,system-centroid,,,O.SERI-PB500
2592,EOLPB040615,Wind,NORDESTE,11.6,-7.045159,-36.753522,plant,siga:Operação,EOL.CV.PB.040615-5.1,Junco do Seridó - PB,SSE-B3EOL034
2593,EOLPB044988,Wind,NORDESTE,35.4,-7.034211,-35.981266,plant,siga:Construção,EOL.CV.PB.044988-1.1,Pocinhos - PB,SBORBOEOL034
2594,EOLPB044989,Wind,NORDESTE,47.2,-7.045760,-35.980661,plant,siga:Construção,EOL.CV.PB.044989-0.1,Pocinhos - PB,SBORBOEOL034
2595,EOLPB044990,Wind,NORDESTE,17.7,-7.036405,-35.964442,plant,siga:Construção,EOL.CV.PB.044990-3.1,Pocinhos - PB,SBORBOEOL034
2596,EOLPB044991,Wind,NORDESTE,23.6,-7.028454,-35.954653,plant,siga:Construção,EOL.CV.PB.044991-1.1,Pocinhos - PB,SBORBOEOL034
2597,EOLPB049818,Wind,NORDESTE,36.0,-6.786050,-36.469018,plant,siga:Construção,EOL.CV.PB.049818-1.1,Picuí - PB,SPALM2EOL034
2598,EOLPB049819,Wind,NORDESTE,30.0,-6.813093,-36.457710,plant,siga:Construção,EOL.CV.PB.049819-0.1,Pedra Lavrada - PB,SPALM2EOL034
2599,EOLPB049820,Wind,NORDESTE,24.0,-6.737921,-36.377378,plant,siga:Construção,EOL.CV.PB.049820-3.1,Nova Palmeira - PB,SPALM1EOL034
2600,EOLPB049821,Wind,NORDESTE,30.0,-6.737546,-36.403659,plant,siga:Construção,EOL.CV.PB.049821-1.1,Baraúna - PB,SPALM1EOL034
2601,EOLPB049822,Wind,NORDESTE,36.0,-6.716557,-36.394234,plant,siga:Construção,EOL.CV.PB.049822-0.1,Nova Palmeira - PB,SPALM1EOL034
2602,EOLPB049823,Wind,NORDESTE,24.0,-6.791141,-36.392948,plant,siga:Construção,EOL.CV.PB.049823-8.1,Picuí - PB,SPALM1EOL034
2603,EOLPB049824,Wind,NORDESTE,30.0,-6.763235,-36.440578,plant,siga:Construção,EOL.CV.PB.049824-6.1,Picuí - PB,SPALM1EOL034
2604,EOLPB049825,Wind,NORDESTE,24.0,-6.727414,-36.465355,plant,siga:Construção,EOL.CV.PB.049825-4.1,Picuí - PB,SPALM2EOL034
2605,EOLPB049826,Wind,NORDESTE,24.0,-6.715472,-36.429963,plant,siga:Construção,EOL.CV.PB.049826-2.1,Nova Palmeira - PB,SPALM1EOL034
2606,EOLPB049827,Wind,NORDESTE,30.0,-6.700319,-36.397917,plant,siga:Construção,EOL.CV.PB.049827-0.1,Nova Palmeira - PB,SPALM1EOL034
2607,EOLPB049828,Wind,NORDESTE,24.0,-6.697316,-36.414520,plant,siga:Construção,EOL.CV.PB.049828-9.1,Nova Palmeira - PB,SPALM1EOL034
2608,EOLPB049829,Wind,NORDESTE,24.0,-6.684973,-36.394257,plant,siga:Construção,EOL.CV.PB.049829-7.1,Nova Palmeira - PB,SPALM1EOL034
2609,EOLPB049830,Wind,NORDESTE,42.0,-6.727633,-36.376656,plant,siga:Construção,EOL.CV.PB.049830-0.1,Picuí - PB,SPALM1EOL034
2610,EOLPB049831,Wind,NORDESTE,24.0,-6.705663,-36.369561,plant,siga:Construção,EOL.CV.PB.049831-9.1,Nova Palmeira - PB,SPALM1EOL034
2611,EOLPB049832,Wind,NORDESTE,36.0,-6.758908,-36.434065,plant,siga:Construção,EOL.CV.PB.049832-7.1,Pedra Lavrada - PB,SPALM1EOL034
2612,EOLPB049833,Wind,NORDESTE,24.0,-6.764063,-36.370494,plant,siga:Construção,EOL.CV.PB.049833-5.1,Pedra Lavrada - PB,SPALM1EOL034
2613,EOLPB049834,Wind,NORDESTE,30.0,-6.754182,-36.403552,plant,siga:Construção,EOL.CV.PB.049834-3.1,"Nova Palmeira - PB, Pedra Lavrada - PB",SPALM1EOL034
2614,EOLPB049835,Wind,NORDESTE,18.0,-6.778960,-36.432132,plant,siga:Construção,EOL.CV.PB.049835-1.1,Pedra Lavrada - PB,SPALM1EOL034
2615,EOLPB049836,Wind,NORDESTE,30.0,-6.763802,-36.406104,plant,siga:Construção,EOL.CV.PB.049836-0.1,Pedra Lavrada - PB,SPALM1EOL034
2616,EOLPB049837,Wind,NORDESTE,24.0,-6.751632,-36.366158,plant,siga:Construção,EOL.CV.PB.049837-8.1,Pedra Lavrada - PB,SPALM1EOL034
2617,EOLPB049838,Wind,NORDESTE,24.0,-6.703051,-36.327789,plant,siga:Construção,EOL.CV.PB.049838-6.1,Pedra Lavrada - PB,SPALM1EOL034
2618,EOLPB049839,Wind,NORDESTE,24.0,-6.720527,-36.336028,plant,siga:Construção,EOL.CV.PB.049839-4.1,São Vicente do Seridó - PB,SPALM1EOL034
2619,EOLPB049840,Wind,NORDESTE,36.0,-6.679991,-36.351432,plant,siga:Construção,EOL.CV.PB.049840-8.1,São Vicente do Seridó - PB,SPALM1EOL034
2620,EOLPB051574,Wind,NORDESTE,46.4,-7.039446,-36.791369,plant,siga:Operação,EOL.CV.PB.051574-4.1,Junco do Seridó - PB,SSE-B3EOL034
2621,EOLPB051575,Wind,NORDESTE,5.8,-7.026015,-36.753632,plant,siga:Operação,EOL.CV.PB.051575-2.1,Junco do Seridó - PB,SSE-B3EOL034
2622,EOLRN033597,Wind,NORDESTE,4.2,-6.085343,-36.667258,plant,siga:Operação,EOL.CV.RN.033597-5.1,Santana do Matos - RN,ACAUA-EOL034
2623,EOLRN033598,Wind,NORDESTE,16.8,-6.078964,-36.674022,plant,siga:Operação,EOL.CV.RN.033598-3.1,Santana do Matos - RN,ACAUA-EOL034
2624,EOLRN034612,Wind,NORDESTE,51.3,-6.065759,-36.618285,plant,siga:Construção,EOL.CV.RN.034612-8.1,Santana do Matos - RN,PASSAGEOL034
2625,EOLRN047160,Wind,NORDESTE,31.5,-6.806287,-36.659583,plant,siga:Operação,EOL.CV.RN.047160-7.1,Parelhas - RN,O.SERIEOL034 034kV-2
2626,EOLRN047161,Wind,NORDESTE,27.0,-6.739536,-36.657635,plant,siga:Operação,EOL.CV.RN.047161-5.1,Parelhas - RN,O.SERIEOL034
2627,EOLRN047166,Wind,NORDESTE,22.5,-6.754749,-36.662980,plant,siga:Operação,EOL.CV.RN.047166-6.1,Parelhas - RN,O.SERIEOL034
2628,EOLRN047205,Wind,NORDESTE,36.0,-6.403662,-35.751190,plant,siga:Operação,EOL.CV.RN.047205-0.2,São José do Campestre - RN,UMARI2EOL034
2629,EOLRN047242,Wind,NORDESTE,17.1,-5.680853,-36.302985,plant,siga:Operação,EOL.CV.RN.047242-5.1,Lajes - RN,CAJT32EOL034
2630,EOLRN047246,Wind,NORDESTE,22.8,-5.887454,-36.388163,plant,siga:Operação,EOL.CV.RN.047246-8.1,Bodó - RN,CAST22EOL034
2631,EOLRN049170,Wind,NORDESTE,23.6,-5.898955,-36.379734,plant,siga:Operação,EOL.CV.RN.049170-5.1,Lajes - RN,CAST22EOL034
2632,EOLRN049171,Wind,NORDESTE,29.5,-5.878202,-36.359724,plant,siga:Operação,EOL.CV.RN.049171-3.1,Lajes - RN,CAST22EOL034
2633,EOLRN049172,Wind,NORDESTE,5.7,-5.816996,-36.281952,plant,siga:Operação,EOL.CV.RN.049172-1.1,Lajes - RN,CAJT11EOL034
2634,EOLRN049173,Wind,NORDESTE,5.7,-5.799235,-36.267980,plant,siga:Operação,EOL.CV.RN.049173-0.1,Lajes - RN,CAJT31EOL034
2635,EOLRN049179,Wind,NORDESTE,45.6,-5.754313,-36.305402,plant,siga:Operação,EOL.CV.RN.049179-9.1,Lajes - RN,CAJT22EOL034
2636,EOLRN049664,Wind,NORDESTE,63.0,-6.340826,-36.323142,plant,siga:Operação,EOL.CV.RN.049664-2.1,"Campo Redondo - RN, Currais Novos - RN, Picuí - PB",VSRFL1EOL034
2637,EOLRN049665,Wind,NORDESTE,63.0,-6.294849,-36.326711,plant,siga:Operação,EOL.CV.RN.049665-0.1,"Campo Redondo - RN, Picuí - PB",VSRFL2EOL034
2638,EOLRN049666,Wind,NORDESTE,63.0,-6.283947,-36.310186,plant,siga:Operação,EOL.CV.RN.049666-9.1,"Campo Redondo - RN, Currais Novos - RN",VSRFL3EOL034
2639,EOLRN049667,Wind,NORDESTE,63.0,-6.251385,-36.270891,plant,siga:Operação,EOL.CV.RN.049667-7.1,"Campo Redondo - RN, Currais Novos - RN",VSRFL4EOL034
2640,EOLRN049668,Wind,NORDESTE,63.0,-6.210936,-36.254531,plant,siga:Operação,EOL.CV.RN.049668-5.1,"Campo Redondo - RN, Currais Novos - RN, São Tomé - RN, Picuí - PB",VSRFL5EOL034
2641,EOLRN049669,Wind,NORDESTE,63.0,-6.166570,-36.290080,plant,siga:Operação,EOL.CV.RN.049669-3.1,"Lajes Pintadas - RN, São Tomé - RN",VSRFL6EOL034
2642,EOLRN049670,Wind,NORDESTE,63.0,-6.129905,-36.237705,plant,siga:Operação,EOL.CV.RN.049670-7.1,São Tomé - RN,VSRFL7EOL034
2643,EOLRN049671,Wind,NORDESTE,63.0,-6.108396,-36.212593,plant,siga:Operação,EOL.CV.RN.049671-5.1,São Tomé - RN,VSRFL8EOL034
2644,EOLRN050015,Wind,NORDESTE,63.0,-6.088528,-36.169485,plant,siga:Operação,EOL.CV.RN.050015-1.1,São Tomé - RN,VSRFL9EOL034
2645,EOLRN050016,Wind,NORDESTE,63.0,-6.052665,-36.141819,plant,siga:Operação,EOL.CV.RN.050016-0.1,São Tomé - RN,VSRF10EOL034
2646,EOLRN050017,Wind,NORDESTE,63.0,-6.037328,-36.132378,plant,siga:Construção,EOL.CV.PB.050017-8.1,"Coronel Ezequiel - RN, Picuí - PB",VSRF11EOL034
2647,EOLRN051067,Wind,NORDESTE,16.8,-6.188853,-36.617739,plant,siga:Operação,EOL.CV.RN.051067-0.1,"Currais Novos - RN, São Vicente - RN",ANEMUSEOL034 034kV-2
2648,EOLRN051585,Wind,NORDESTE,36.0,-6.453774,-35.789616,plant,siga:Operação,EOL.CV.RN.051585-0.2,"Monte das Gameleiras - RN, São José do Campestre - RN, Serra de São Bento - RN",UMARI1EOL034
2649,EOLRN051586,Wind,NORDESTE,18.0,-6.425244,-35.772154,plant,siga:Operação,EOL.CV.RN.051586-8.2,"Monte das Gameleiras - RN, São José do Campestre - RN, Serra de São Bento - RN",UMARI1EOL034
2650,ENE128523,Wind,NORDESTE,9.44652,-5.380000,-35.890000,bus-proxy,bus:JCMR3--RN500,,,JCMR3--RN500
2651,ENE12856895,Wind,NORDESTE,25.7402,-5.450000,-36.220000,bus-proxy,bus:MVERDE-RN500,,,MVERDE-RN500
2652,ENE12856750,Wind,NORDESTE,18.3885,-8.154752,-39.281336,system-centroid,system-centroid,,,RIOVT2-RN500
2653,ENE12856732,Wind,NORDESTE,9.71803,-8.154752,-39.281336,system-centroid,system-centroid,,,JERUSA-RN500
2654,ENE129523,Wind,NORDESTE,9.44652,-5.380000,-35.890000,bus-proxy,bus:JCMR3--RN500,,,JCMR3--RN500
2655,ENE12956895,Wind,NORDESTE,25.7402,-5.450000,-36.220000,bus-proxy,bus:MVERDE-RN500,,,MVERDE-RN500
2656,ENE12956750,Wind,NORDESTE,18.3885,-8.154752,-39.281336,system-centroid,system-centroid,,,RIOVT2-RN500
2657,ENE12956732,Wind,NORDESTE,9.71803,-8.154752,-39.281336,system-centroid,system-centroid,,,JERUSA-RN500
2658,ENE130523,Wind,NORDESTE,9.44652,-5.380000,-35.890000,bus-proxy,bus:JCMR3--RN500,,,JCMR3--RN500
2659,ENE13056895,Wind,NORDESTE,25.7402,-5.450000,-36.220000,bus-proxy,bus:MVERDE-RN500,,,MVERDE-RN500
2660,ENE13056750,Wind,NORDESTE,18.3885,-8.154752,-39.281336,system-centroid,system-centroid,,,RIOVT2-RN500
2661,ENE13056732,Wind,NORDESTE,9.71803,-8.154752,-39.281336,system-centroid,system-centroid,,,JERUSA-RN500
2662,ENE131523,Wind,NORDESTE,9.44652,-5.380000,-35.890000,bus-proxy,bus:JCMR3--RN500,,,JCMR3--RN500
2663,ENE13156895,Wind,NORDESTE,25.7402,-5.450000,-36.220000,bus-proxy,bus:MVERDE-RN500,,,MVERDE-RN500
2664,ENE13156750,Wind,NORDESTE,18.3885,-8.154752,-39.281336,system-centroid,system-centroid,,,RIOVT2-RN500
2665,ENE13156732,Wind,NORDESTE,9.71803,-8.154752,-39.281336,system-centroid,system-centroid,,,JERUSA-RN500
2666,ENE132523,Wind,NORDESTE,9.44652,-5.380000,-35.890000,bus-proxy,bus:JCMR3--RN500,,,JCMR3--RN500
2667,ENE13256895,Wind,NORDESTE,25.7402,-5.450000,-36.220000,bus-proxy,bus:MVERDE-RN500,,,MVERDE-RN500
2668,ENE13256750,Wind,NORDESTE,18.3885,-8.154752,-39.281336,system-centroid,system-centroid,,,RIOVT2-RN500
2669,ENE13256732,Wind,NORDESTE,9.71803,-8.154752,-39.281336,system-centroid,system-centroid,,,JERUSA-RN500
2670,ENE133523,Wind,NORDESTE,9.44652,-5.380000,-35.890000,bus-proxy,bus:JCMR3--RN500,,,JCMR3--RN500
2671,ENE13356895,Wind,NORDESTE,25.7402,-5.450000,-36.220000,bus-proxy,bus:MVERDE-RN500,,,MVERDE-RN500
2672,ENE13356750,Wind,NORDESTE,18.3885,-8.154752,-39.281336,system-centroid,system-centroid,,,RIOVT2-RN500
2673,ENE13356732,Wind,NORDESTE,9.71803,-8.154752,-39.281336,system-centroid,system-centroid,,,JERUSA-RN500
2674,ENE134523,Wind,NORDESTE,9.44652,-5.380000,-35.890000,bus-proxy,bus:JCMR3--RN500,,,JCMR3--RN500
2675,ENE13456895,Wind,NORDESTE,25.7402,-5.450000,-36.220000,bus-proxy,bus:MVERDE-RN500,,,MVERDE-RN500
2676,ENE13456750,Wind,NORDESTE,18.3885,-8.154752,-39.281336,system-centroid,system-centroid,,,RIOVT2-RN500
2677,ENE13456732,Wind,NORDESTE,9.71803,-8.154752,-39.281336,system-centroid,system-centroid,,,JERUSA-RN500
2678,ENE135523,Wind,NORDESTE,9.44652,-5.380000,-35.890000,bus-proxy,bus:JCMR3--RN500,,,JCMR3--RN500
2679,ENE13556895,Wind,NORDESTE,25.7402,-5.450000,-36.220000,bus-proxy,bus:MVERDE-RN500,,,MVERDE-RN500
2680,ENE13556750,Wind,NORDESTE,18.3885,-8.154752,-39.281336,system-centroid,system-centroid,,,RIOVT2-RN500
2681,ENE13556732,Wind,NORDESTE,9.71803,-8.154752,-39.281336,system-centroid,system-centroid,,,JERUSA-RN500
2682,ENE136523,Wind,NORDESTE,14.1698,-5.380000,-35.890000,bus-proxy,bus:JCMR3--RN500,,,JCMR3--RN500
2683,ENE13656895,Wind,NORDESTE,38.6102,-5.450000,-36.220000,bus-proxy,bus:MVERDE-RN500,,,MVERDE-RN500
2684,ENE13656750,Wind,NORDESTE,27.5827,-8.154752,-39.281336,system-centroid,system-centroid,,,RIOVT2-RN500
2685,ENE13656732,Wind,NORDESTE,14.577,-8.154752,-39.281336,system-centroid,system-centroid,,,JERUSA-RN500
2686,ENE137523,Wind,NORDESTE,14.1698,-5.380000,-35.890000,bus-proxy,bus:JCMR3--RN500,,,JCMR3--RN500
2687,ENE13756895,Wind,NORDESTE,38.6102,-5.450000,-36.220000,bus-proxy,bus:MVERDE-RN500,,,MVERDE-RN500
2688,ENE13756750,Wind,NORDESTE,27.5827,-8.154752,-39.281336,system-centroid,system-centroid,,,RIOVT2-RN500
2689,ENE13756732,Wind,NORDESTE,14.577,-8.154752,-39.281336,system-centroid,system-centroid,,,JERUSA-RN500
2690,ENE138523,Wind,NORDESTE,14.1698,-5.380000,-35.890000,bus-proxy,bus:JCMR3--RN500,,,JCMR3--RN500
2691,ENE13856895,Wind,NORDESTE,38.6102,-5.450000,-36.220000,bus-proxy,bus:MVERDE-RN500,,,MVERDE-RN500
2692,ENE13856750,Wind,NORDESTE,27.5827,-8.154752,-39.281336,system-centroid,system-centroid,,,RIOVT2-RN500
2693,ENE13856732,Wind,NORDESTE,14.577,-8.154752,-39.281336,system-centroid,system-centroid,,,JERUSA-RN500
2694,ENE139523,Wind,NORDESTE,14.1698,-5.380000,-35.890000,bus-proxy,bus:JCMR3--RN500,,,JCMR3--RN500
2695,ENE13956895,Wind,NORDESTE,38.6102,-5.450000,-36.220000,bus-proxy,bus:MVERDE-RN500,,,MVERDE-RN500
2696,ENE13956750,Wind,NORDESTE,27.5827,-8.154752,-39.281336,system-centroid,system-centroid,,,RIOVT2-RN500
2697,ENE13956732,Wind,NORDESTE,14.577,-8.154752,-39.281336,system-centroid,system-centroid,,,JERUSA-RN500
2698,ENE228523,Wind,NORDESTE,16.5314,-5.380000,-35.890000,bus-proxy,bus:JCMR3--RN500,,,JCMR3--RN500
2699,ENE22856895,Wind,NORDESTE,45.0453,-5.450000,-36.220000,bus-proxy,bus:MVERDE-RN500,,,MVERDE-RN500
2700,ENE22856750,Wind,NORDESTE,32.1798,-8.154752,-39.281336,system-centroid,system-centroid,,,RIOVT2-RN500
2701,ENE22856732,Wind,NORDESTE,17.0066,-8.154752,-39.281336,system-centroid,system-centroid,,,JERUSA-RN500
2702,ENE229523,Wind,NORDESTE,16.5314,-5.380000,-35.890000,bus-proxy,bus:JCMR3--RN500,,,JCMR3--RN500
2703,ENE22956895,Wind,NORDESTE,45.0453,-5.450000,-36.220000,bus-proxy,bus:MVERDE-RN500,,,MVERDE-RN500
2704,ENE22956750,Wind,NORDESTE,32.1798,-8.154752,-39.281336,system-centroid,system-centroid,,,RIOVT2-RN500
2705,ENE22956732,Wind,NORDESTE,17.0066,-8.154752,-39.281336,system-centroid,system-centroid,,,JERUSA-RN500
2706,ENE230523,Wind,NORDESTE,16.5314,-5.380000,-35.890000,bus-proxy,bus:JCMR3--RN500,,,JCMR3--RN500
2707,ENE23056895,Wind,NORDESTE,45.0453,-5.450000,-36.220000,bus-proxy,bus:MVERDE-RN500,,,MVERDE-RN500
2708,ENE23056750,Wind,NORDESTE,32.1798,-8.154752,-39.281336,system-centroid,system-centroid,,,RIOVT2-RN500
2709,ENE23056732,Wind,NORDESTE,17.0066,-8.154752,-39.281336,system-centroid,system-centroid,,,JERUSA-RN500
2710,ENE231523,Wind,NORDESTE,16.5314,-5.380000,-35.890000,bus-proxy,bus:JCMR3--RN500,,,JCMR3--RN500
2711,ENE23156895,Wind,NORDESTE,45.0453,-5.450000,-36.220000,bus-proxy,bus:MVERDE-RN500,,,MVERDE-RN500
2712,ENE23156750,Wind,NORDESTE,32.1798,-8.154752,-39.281336,system-centroid,system-centroid,,,RIOVT2-RN500
2713,ENE23156732,Wind,NORDESTE,17.0066,-8.154752,-39.281336,system-centroid,system-centroid,,,JERUSA-RN500
2714,ENE232523,Wind,NORDESTE,16.5314,-5.380000,-35.890000,bus-proxy,bus:JCMR3--RN500,,,JCMR3--RN500
2715,ENE23256895,Wind,NORDESTE,45.0453,-5.450000,-36.220000,bus-proxy,bus:MVERDE-RN500,,,MVERDE-RN500
2716,ENE23256750,Wind,NORDESTE,32.1798,-8.154752,-39.281336,system-centroid,system-centroid,,,RIOVT2-RN500
2717,ENE23256732,Wind,NORDESTE,17.0066,-8.154752,-39.281336,system-centroid,system-centroid,,,JERUSA-RN500
2718,ENE233523,Wind,NORDESTE,16.5314,-5.380000,-35.890000,bus-proxy,bus:JCMR3--RN500,,,JCMR3--RN500
2719,ENE23356895,Wind,NORDESTE,45.0453,-5.450000,-36.220000,bus-proxy,bus:MVERDE-RN500,,,MVERDE-RN500
2720,ENE23356750,Wind,NORDESTE,32.1798,-8.154752,-39.281336,system-centroid,system-centroid,,,RIOVT2-RN500
2721,ENE23356732,Wind,NORDESTE,17.0066,-8.154752,-39.281336,system-centroid,system-centroid,,,JERUSA-RN500
2722,ENE234523,Wind,NORDESTE,16.5314,-5.380000,-35.890000,bus-proxy,bus:JCMR3--RN500,,,JCMR3--RN500
2723,ENE23456895,Wind,NORDESTE,45.0453,-5.450000,-36.220000,bus-proxy,bus:MVERDE-RN500,,,MVERDE-RN500
2724,ENE23456750,Wind,NORDESTE,32.1798,-8.154752,-39.281336,system-centroid,system-centroid,,,RIOVT2-RN500
2725,ENE23456732,Wind,NORDESTE,17.0066,-8.154752,-39.281336,system-centroid,system-centroid,,,JERUSA-RN500
2726,ENE235523,Wind,NORDESTE,16.5314,-5.380000,-35.890000,bus-proxy,bus:JCMR3--RN500,,,JCMR3--RN500
2727,ENE23556895,Wind,NORDESTE,45.0453,-5.450000,-36.220000,bus-proxy,bus:MVERDE-RN500,,,MVERDE-RN500
2728,ENE23556750,Wind,NORDESTE,32.1798,-8.154752,-39.281336,system-centroid,system-centroid,,,RIOVT2-RN500
2729,ENE23556732,Wind,NORDESTE,17.0066,-8.154752,-39.281336,system-centroid,system-centroid,,,JERUSA-RN500
2730,ENE236523,Wind,NORDESTE,16.5314,-5.380000,-35.890000,bus-proxy,bus:JCMR3--RN500,,,JCMR3--RN500
2731,ENE23656895,Wind,NORDESTE,45.0453,-5.450000,-36.220000,bus-proxy,bus:MVERDE-RN500,,,MVERDE-RN500
2732,ENE23656750,Wind,NORDESTE,32.1798,-8.154752,-39.281336,system-centroid,system-centroid,,,RIOVT2-RN500
2733,ENE23656732,Wind,NORDESTE,17.0066,-8.154752,-39.281336,system-centroid,system-centroid,,,JERUSA-RN500
2734,ENE237523,Wind,NORDESTE,16.5314,-5.380000,-35.890000,bus-proxy,bus:JCMR3--RN500,,,JCMR3--RN500
2735,ENE23756895,Wind,NORDESTE,45.0453,-5.450000,-36.220000,bus-proxy,bus:MVERDE-RN500,,,MVERDE-RN500
2736,ENE23756750,Wind,NORDESTE,32.1798,-8.154752,-39.281336,system-centroid,system-centroid,,,RIOVT2-RN500
2737,ENE23756732,Wind,NORDESTE,17.0066,-8.154752,-39.281336,system-centroid,system-centroid,,,JERUSA-RN500
2738,ENE238523,Wind,NORDESTE,16.5314,-5.380000,-35.890000,bus-proxy,bus:JCMR3--RN500,,,JCMR3--RN500
2739,ENE23856895,Wind,NORDESTE,45.0453,-5.450000,-36.220000,bus-proxy,bus:MVERDE-RN500,,,MVERDE-RN500
2740,ENE23856750,Wind,NORDESTE,32.1798,-8.154752,-39.281336,system-centroid,system-centroid,,,RIOVT2-RN500
2741,ENE23856732,Wind,NORDESTE,17.0066,-8.154752,-39.281336,system-centroid,system-centroid,,,JERUSA-RN500
2742,ENE239523,Wind,NORDESTE,16.5314,-5.380000,-35.890000,bus-proxy,bus:JCMR3--RN500,,,JCMR3--RN500
2743,ENE23956895,Wind,NORDESTE,45.0453,-5.450000,-36.220000,bus-proxy,bus:MVERDE-RN500,,,MVERDE-RN500
2744,ENE23956750,Wind,NORDESTE,32.1798,-8.154752,-39.281336,system-centroid,system-centroid,,,RIOVT2-RN500
2745,ENE23956732,Wind,NORDESTE,17.0066,-8.154752,-39.281336,system-centroid,system-centroid,,,JERUSA-RN500
2746,ENE328523,Wind,NORDESTE,14.1698,-5.380000,-35.890000,bus-proxy,bus:JCMR3--RN500,,,JCMR3--RN500
2747,ENE32856895,Wind,NORDESTE,38.6102,-5.450000,-36.220000,bus-proxy,bus:MVERDE-RN500,,,MVERDE-RN500
2748,ENE32856750,Wind,NORDESTE,27.5827,-8.154752,-39.281336,system-centroid,system-centroid,,,RIOVT2-RN500
2749,ENE32856732,Wind,NORDESTE,14.577,-8.154752,-39.281336,system-centroid,system-centroid,,,JERUSA-RN500
2750,ENE329523,Wind,NORDESTE,14.1698,-5.380000,-35.890000,bus-proxy,bus:JCMR3--RN500,,,JCMR3--RN500
2751,ENE32956895,Wind,NORDESTE,38.6102,-5.450000,-36.220000,bus-proxy,bus:MVERDE-RN500,,,MVERDE-RN500
2752,ENE32956750,Wind,NORDESTE,27.5827,-8.154752,-39.281336,system-centroid,system-centroid,,,RIOVT2-RN500
2753,ENE32956732,Wind,NORDESTE,14.577,-8.154752,-39.281336,system-centroid,system-centroid,,,JERUSA-RN500
2754,ENE330523,Wind,NORDESTE,14.1698,-5.380000,-35.890000,bus-proxy,bus:JCMR3--RN500,,,JCMR3--RN500
2755,ENE33056895,Wind,NORDESTE,38.6102,-5.450000,-36.220000,bus-proxy,bus:MVERDE-RN500,,,MVERDE-RN500
2756,ENE33056750,Wind,NORDESTE,27.5827,-8.154752,-39.281336,system-centroid,system-centroid,,,RIOVT2-RN500
2757,ENE33056732,Wind,NORDESTE,14.577,-8.154752,-39.281336,system-centroid,system-centroid,,,JERUSA-RN500
2758,ENE331523,Wind,NORDESTE,14.1698,-5.380000,-35.890000,bus-proxy,bus:JCMR3--RN500,,,JCMR3--RN500
2759,ENE33156895,Wind,NORDESTE,38.6102,-5.450000,-36.220000,bus-proxy,bus:MVERDE-RN500,,,MVERDE-RN500
2760,ENE33156750,Wind,NORDESTE,27.5827,-8.154752,-39.281336,system-centroid,system-centroid,,,RIOVT2-RN500
2761,ENE33156732,Wind,NORDESTE,14.577,-8.154752,-39.281336,system-centroid,system-centroid,,,JERUSA-RN500
2762,ENE332523,Wind,NORDESTE,14.1698,-5.380000,-35.890000,bus-proxy,bus:JCMR3--RN500,,,JCMR3--RN500
2763,ENE33256895,Wind,NORDESTE,38.6102,-5.450000,-36.220000,bus-proxy,bus:MVERDE-RN500,,,MVERDE-RN500
2764,ENE33256750,Wind,NORDESTE,27.5827,-8.154752,-39.281336,system-centroid,system-centroid,,,RIOVT2-RN500
2765,ENE33256732,Wind,NORDESTE,14.577,-8.154752,-39.281336,system-centroid,system-centroid,,,JERUSA-RN500
2766,ENE333523,Wind,NORDESTE,14.1698,-5.380000,-35.890000,bus-proxy,bus:JCMR3--RN500,,,JCMR3--RN500
2767,ENE33356895,Wind,NORDESTE,38.6102,-5.450000,-36.220000,bus-proxy,bus:MVERDE-RN500,,,MVERDE-RN500
2768,ENE33356750,Wind,NORDESTE,27.5827,-8.154752,-39.281336,system-centroid,system-centroid,,,RIOVT2-RN500
2769,ENE33356732,Wind,NORDESTE,14.577,-8.154752,-39.281336,system-centroid,system-centroid,,,JERUSA-RN500
2770,ENE334523,Wind,NORDESTE,14.1698,-5.380000,-35.890000,bus-proxy,bus:JCMR3--RN500,,,JCMR3--RN500
2771,ENE33456895,Wind,NORDESTE,38.6102,-5.450000,-36.220000,bus-proxy,bus:MVERDE-RN500,,,MVERDE-RN500
2772,ENE33456750,Wind,NORDESTE,27.5827,-8.154752,-39.281336,system-centroid,system-centroid,,,RIOVT2-RN500
2773,ENE33456732,Wind,NORDESTE,14.577,-8.154752,-39.281336,system-centroid,system-centroid,,,JERUSA-RN500
2774,ENE335523,Wind,NORDESTE,14.1698,-5.380000,-35.890000,bus-proxy,bus:JCMR3--RN500,,,JCMR3--RN500
2775,ENE33556895,Wind,NORDESTE,38.6102,-5.450000,-36.220000,bus-proxy,bus:MVERDE-RN500,,,MVERDE-RN500
2776,ENE33556750,Wind,NORDESTE,27.5827,-8.154752,-39.281336,system-centroid,system-centroid,,,RIOVT2-RN500
2777,ENE33556732,Wind,NORDESTE,14.577,-8.154752,-39.281336,system-centroid,system-centroid,,,JERUSA-RN500
2778,ENE336523,Wind,NORDESTE,14.1698,-5.380000,-35.890000,bus-proxy,bus:JCMR3--RN500,,,JCMR3--RN500
2779,ENE33656895,Wind,NORDESTE,38.6102,-5.450000,-36.220000,bus-proxy,bus:MVERDE-RN500,,,MVERDE-RN500
2780,ENE33656750,Wind,NORDESTE,27.5827,-8.154752,-39.281336,system-centroid,system-centroid,,,RIOVT2-RN500
2781,ENE33656732,Wind,NORDESTE,14.577,-8.154752,-39.281336,system-centroid,system-centroid,,,JERUSA-RN500
2782,ENE337523,Wind,NORDESTE,14.1698,-5.380000,-35.890000,bus-proxy,bus:JCMR3--RN500,,,JCMR3--RN500
2783,ENE33756895,Wind,NORDESTE,38.6102,-5.450000,-36.220000,bus-proxy,bus:MVERDE-RN500,,,MVERDE-RN500
2784,ENE33756750,Wind,NORDESTE,27.5827,-8.154752,-39.281336,system-centroid,system-centroid,,,RIOVT2-RN500
2785,ENE33756732,Wind,NORDESTE,14.577,-8.154752,-39.281336,system-centroid,system-centroid,,,JERUSA-RN500
2786,ENE338523,Wind,NORDESTE,14.1698,-5.380000,-35.890000,bus-proxy,bus:JCMR3--RN500,,,JCMR3--RN500
2787,ENE33856895,Wind,NORDESTE,38.6102,-5.450000,-36.220000,bus-proxy,bus:MVERDE-RN500,,,MVERDE-RN500
2788,ENE33856750,Wind,NORDESTE,27.5827,-8.154752,-39.281336,system-centroid,system-centroid,,,RIOVT2-RN500
2789,ENE33856732,Wind,NORDESTE,14.577,-8.154752,-39.281336,system-centroid,system-centroid,,,JERUSA-RN500
2790,ENE339523,Wind,NORDESTE,14.1698,-5.380000,-35.890000,bus-proxy,bus:JCMR3--RN500,,,JCMR3--RN500
2791,ENE33956895,Wind,NORDESTE,38.6102,-5.450000,-36.220000,bus-proxy,bus:MVERDE-RN500,,,MVERDE-RN500
2792,ENE33956750,Wind,NORDESTE,27.5827,-8.154752,-39.281336,system-centroid,system-centroid,,,RIOVT2-RN500
2793,ENE33956732,Wind,NORDESTE,14.577,-8.154752,-39.281336,system-centroid,system-centroid,,,JERUSA-RN500
2794,EOLRN032404,Wind,NORDESTE,40.5,-5.221796,-35.658458,plant,siga:Operação,EOL.CV.RN.032404-3.1,São Miguel do Gostoso - RN,MNDNVOEOL034
2795,EOLRN032405,Wind,NORDESTE,40.5,-5.202639,-35.638808,plant,siga:Operação,EOL.CV.RN.032405-1.1,São Miguel do Gostoso - RN,MNDNVOEOL034 034kV-2
2796,EOLRN033552,Wind,NORDESTE,22.5,-5.198910,-35.691551,plant,siga:Operação,EOL.CV.RN.033552-5.1,São Miguel do Gostoso - RN,MNDNVOEOL034
2797,EOLRN033834,Wind,NORDESTE,12.4,-5.584803,-36.234792,plant,siga:Operação,EOL.CV.RN.033834-6.1,Pedro Avelino - RN,SAGO-1EOL034
2798,EOLRN033835,Wind,NORDESTE,6.2,-5.583280,-36.216473,plant,siga:Operação,EOL.CV.RN.033835-4.1,Lajes - RN,SAGO-2EOL034
2799,EOLRN033836,Wind,NORDESTE,12.4,-5.556848,-36.199048,plant,siga:Operação,EOL.CV.RN.033836-2.1,Lajes - RN,SAGO-3EOL034
2800,EOLRN033838,Wind,NORDESTE,6.2,-5.575243,-36.192846,plant,siga:Operação,EOL.CV.RN.033838-9.1,Lajes - RN,SAGO-3EOL034
2801,EOLRN033872,Wind,NORDESTE,6.2,-5.552011,-36.252162,plant,siga:Operação,EOL.CV.RN.033872-9.1,Pedro Avelino - RN,SAGO-4EOL034
2802,EOLRN043218,Wind,NORDESTE,49.5,-5.330986,-36.189133,plant,siga:Operação,EOL.CV.RN.043218-0.1,Jandaíra - RN,CATAB1EOL034
2803,EOLRN043219,Wind,NORDESTE,49.5,-5.367134,-36.203815,plant,siga:Operação,EOL.CV.RN.043219-9.1,Jandaíra - RN,CATAB2EOL034
2804,EOLRN050096,Wind,NORDESTE,31.0,-5.678926,-36.016186,plant,siga:Construção,EOL.CV.RN.050096-8.1,Caiçara do Rio do Vento - RN,SDO_ITEOL034
2805,EOLRN050097,Wind,NORDESTE,31.0,-5.677329,-36.047949,plant,siga:Construção,EOL.CV.RN.050097-6.1,Caiçara do Rio do Vento - RN,SDO_ITEOL034
2806,EOLRN050098,Wind,NORDESTE,18.6,-5.701042,-36.033397,plant,siga:Construção,EOL.CV.RN.050098-4.1,Caiçara do Rio do Vento - RN,SDO_ITEOL034
2807,EOLRN050099,Wind,NORDESTE,24.8,-5.709493,-36.038467,plant,siga:Construção,EOL.CV.RN.050099-2.1,Caiçara do Rio do Vento - RN,SDO_ITEOL034
2808,EOLRN050100,Wind,NORDESTE,12.4,-5.724849,-36.053942,plant,siga:Construção,EOL.CV.RN.050100-0.1,Caiçara do Rio do Vento - RN,SDO_ITEOL034
2809,EOLRN050124,Wind,NORDESTE,17.7,-5.580487,-36.113521,plant,siga:Construção,EOL.CV.RN.050124-7.1,Pedra Preta - RN,SDO_ITEOL034
2810,EOLRN050125,Wind,NORDESTE,23.6,-5.590891,-36.114536,plant,siga:Construção,EOL.CV.RN.050125-5.1,Pedra Preta - RN,SDO_ITEOL034
2811,EOLRN050126,Wind,NORDESTE,41.3,-5.584135,-36.090760,plant,siga:Construção,EOL.CV.RN.050126-3.1,Pedra Preta - RN,SDO_ITEOL034
2815,ENE12812902,Wind,NORDESTE,9.39365,-2.940000,-40.110000,bus-proxy,bus:ACARA3-CE500,,,ACARA3-CE500
2816,ENE12912902,Wind,NORDESTE,9.39365,-2.940000,-40.110000,bus-proxy,bus:ACARA3-CE500,,,ACARA3-CE500
2817,ENE13012902,Wind,NORDESTE,9.39365,-2.940000,-40.110000,bus-proxy,bus:ACARA3-CE500,,,ACARA3-CE500
2818,ENE13112902,Wind,NORDESTE,9.39365,-2.940000,-40.110000,bus-proxy,bus:ACARA3-CE500,,,ACARA3-CE500
2819,ENE13212902,Wind,NORDESTE,9.39365,-2.940000,-40.110000,bus-proxy,bus:ACARA3-CE500,,,ACARA3-CE500
2820,ENE13312902,Wind,NORDESTE,9.39365,-2.940000,-40.110000,bus-proxy,bus:ACARA3-CE500,,,ACARA3-CE500
2821,ENE13412902,Wind,NORDESTE,9.39365,-2.940000,-40.110000,bus-proxy,bus:ACARA3-CE500,,,ACARA3-CE500
2822,ENE13512902,Wind,NORDESTE,9.39365,-2.940000,-40.110000,bus-proxy,bus:ACARA3-CE500,,,ACARA3-CE500
2823,ENE13612902,Wind,NORDESTE,14.0905,-2.940000,-40.110000,bus-proxy,bus:ACARA3-CE500,,,ACARA3-CE500
2824,ENE13712902,Wind,NORDESTE,14.0905,-2.940000,-40.110000,bus-proxy,bus:ACARA3-CE500,,,ACARA3-CE500
2825,ENE13812902,Wind,NORDESTE,14.0905,-2.940000,-40.110000,bus-proxy,bus:ACARA3-CE500,,,ACARA3-CE500
2826,ENE13912902,Wind,NORDESTE,14.0905,-2.940000,-40.110000,bus-proxy,bus:ACARA3-CE500,,,ACARA3-CE500
2827,ENE22812902,Wind,NORDESTE,16.4389,-2.940000,-40.110000,bus-proxy,bus:ACARA3-CE500,,,ACARA3-CE500
2828,ENE22912902,Wind,NORDESTE,16.4389,-2.940000,-40.110000,bus-proxy,bus:ACARA3-CE500,,,ACARA3-CE500
2829,ENE23012902,Wind,NORDESTE,16.4389,-2.940000,-40.110000,bus-proxy,bus:ACARA3-CE500,,,ACARA3-CE500
2830,ENE23112902,Wind,NORDESTE,16.4389,-2.940000,-40.110000,bus-proxy,bus:ACARA3-CE500,,,ACARA3-CE500
2831,ENE23212902,Wind,NORDESTE,16.4389,-2.940000,-40.110000,bus-proxy,bus:ACARA3-CE500,,,ACARA3-CE500
2832,ENE23312902,Wind,NORDESTE,16.4389,-2.940000,-40.110000,bus-proxy,bus:ACARA3-CE500,,,ACARA3-CE500
2833,ENE23412902,Wind,NORDESTE,16.4389,-2.940000,-40.110000,bus-proxy,bus:ACARA3-CE500,,,ACARA3-CE500
2834,ENE23512902,Wind,NORDESTE,16.4389,-2.940000,-40.110000,bus-proxy,bus:ACARA3-CE500,,,ACARA3-CE500
2835,ENE23612902,Wind,NORDESTE,16.4389,-2.940000,-40.110000,bus-proxy,bus:ACARA3-CE500,,,ACARA3-CE500
2836,ENE23712902,Wind,NORDESTE,16.4389,-2.940000,-40.110000,bus-proxy,bus:ACARA3-CE500,,,ACARA3-CE500
2837,ENE23812902,Wind,NORDESTE,16.4389,-2.940000,-40.110000,bus-proxy,bus:ACARA3-CE500,,,ACARA3-CE500
2838,ENE23912902,Wind,NORDESTE,16.4389,-2.940000,-40.110000,bus-proxy,bus:ACARA3-CE500,,,ACARA3-CE500
2839,ENE32812902,Wind,NORDESTE,14.0905,-2.940000,-40.110000,bus-proxy,bus:ACARA3-CE500,,,ACARA3-CE500
2840,ENE32912902,Wind,NORDESTE,14.0905,-2.940000,-40.110000,bus-proxy,bus:ACARA3-CE500,,,ACARA3-CE500
2841,ENE33012902,Wind,NORDESTE,14.0905,-2.940000,-40.110000,bus-proxy,bus:ACARA3-CE500,,,ACARA3-CE500
2842,ENE33112902,Wind,NORDESTE,14.0905,-2.940000,-40.110000,bus-proxy,bus:ACARA3-CE500,,,ACARA3-CE500
2843,ENE33212902,Wind,NORDESTE,14.0905,-2.940000,-40.110000,bus-proxy,bus:ACARA3-CE500,,,ACARA3-CE500
2844,ENE33312902,Wind,NORDESTE,14.0905,-2.940000,-40.110000,bus-proxy,bus:ACARA3-CE500,,,ACARA3-CE500
2845,ENE33412902,Wind,NORDESTE,14.0905,-2.940000,-40.110000,bus-proxy,bus:ACARA3-CE500,,,ACARA3-CE500
2846,ENE33512902,Wind,NORDESTE,14.0905,-2.940000,-40.110000,bus-proxy,bus:ACARA3-CE500,,,ACARA3-CE500
2847,ENE33612902,Wind,NORDESTE,14.0905,-2.940000,-40.110000,bus-proxy,bus:ACARA3-CE500,,,ACARA3-CE500
2848,ENE33712902,Wind,NORDESTE,14.0905,-2.940000,-40.110000,bus-proxy,bus:ACARA3-CE500,,,ACARA3-CE500
2849,ENE33812902,Wind,NORDESTE,14.0905,-2.940000,-40.110000,bus-proxy,bus:ACARA3-CE500,,,ACARA3-CE500
2850,ENE33912902,Wind,NORDESTE,14.0905,-2.940000,-40.110000,bus-proxy,bus:ACARA3-CE500,,,ACARA3-CE500
2851,ENE12812501,Wind,NORDESTE,23.6902,-8.030000,-40.640000,bus-proxy,bus:CNOVO2-PI500,,,CNOVO2-PI500
2852,ENE12811575,Wind,NORDESTE,32.4383,-10.240000,-40.910000,bus-proxy,bus:CPOFR2-BA500,,,CPOFR2-BA500
2853,ENE12858787,Wind,NORDESTE,20.4872,-8.590000,-41.430000,bus-proxy,bus:QNOVA2-PI500,,,QNOVA2-PI500
2854,ENE12912501,Wind,NORDESTE,23.6902,-8.030000,-40.640000,bus-proxy,bus:CNOVO2-PI500,,,CNOVO2-PI500
2855,ENE12911575,Wind,NORDESTE,32.4383,-10.240000,-40.910000,bus-proxy,bus:CPOFR2-BA500,,,CPOFR2-BA500
2856,ENE12958787,Wind,NORDESTE,20.4872,-8.590000,-41.430000,bus-proxy,bus:QNOVA2-PI500,,,QNOVA2-PI500
2857,ENE13012501,Wind,NORDESTE,23.6902,-8.030000,-40.640000,bus-proxy,bus:CNOVO2-PI500,,,CNOVO2-PI500
2858,ENE13011575,Wind,NORDESTE,32.4383,-10.240000,-40.910000,bus-proxy,bus:CPOFR2-BA500,,,CPOFR2-BA500
2859,ENE13058787,Wind,NORDESTE,20.4872,-8.590000,-41.430000,bus-proxy,bus:QNOVA2-PI500,,,QNOVA2-PI500
2860,ENE13112501,Wind,NORDESTE,23.6902,-8.030000,-40.640000,bus-proxy,bus:CNOVO2-PI500,,,CNOVO2-PI500
2861,ENE13111575,Wind,NORDESTE,32.4383,-10.240000,-40.910000,bus-proxy,bus:CPOFR2-BA500,,,CPOFR2-BA500
2862,ENE13158787,Wind,NORDESTE,20.4872,-8.590000,-41.430000,bus-proxy,bus:QNOVA2-PI500,,,QNOVA2-PI500
2863,ENE13212501,Wind,NORDESTE,23.6902,-8.030000,-40.640000,bus-proxy,bus:CNOVO2-PI500,,,CNOVO2-PI500
2864,ENE13211575,Wind,NORDESTE,32.4383,-10.240000,-40.910000,bus-proxy,bus:CPOFR2-BA500,,,CPOFR2-BA500
2865,ENE13258787,Wind,NORDESTE,20.4872,-8.590000,-41.430000,bus-proxy,bus:QNOVA2-PI500,,,QNOVA2-PI500
2866,ENE13312501,Wind,NORDESTE,23.6902,-8.030000,-40.640000,bus-proxy,bus:CNOVO2-PI500,,,CNOVO2-PI500
2867,ENE13311575,Wind,NORDESTE,32.4383,-10.240000,-40.910000,bus-proxy,bus:CPOFR2-BA500,,,CPOFR2-BA500
2868,ENE13358787,Wind,NORDESTE,20.4872,-8.590000,-41.430000,bus-proxy,bus:QNOVA2-PI500,,,QNOVA2-PI500
2869,ENE13412501,Wind,NORDESTE,23.6902,-8.030000,-40.640000,bus-proxy,bus:CNOVO2-PI500,,,CNOVO2-PI500
2870,ENE13411575,Wind,NORDESTE,32.4383,-10.240000,-40.910000,bus-proxy,bus:CPOFR2-BA500,,,CPOFR2-BA500
2871,ENE13458787,Wind,NORDESTE,20.4872,-8.590000,-41.430000,bus-proxy,bus:QNOVA2-PI500,,,QNOVA2-PI500
2872,ENE13512501,Wind,NORDESTE,23.6902,-8.030000,-40.640000,bus-proxy,bus:CNOVO2-PI500,,,CNOVO2-PI500
2873,ENE13511575,Wind,NORDESTE,32.4383,-10.240000,-40.910000,bus-proxy,bus:CPOFR2-BA500,,,CPOFR2-BA500
2874,ENE13558787,Wind,NORDESTE,20.4872,-8.590000,-41.430000,bus-proxy,bus:QNOVA2-PI500,,,QNOVA2-PI500
2875,ENE13612501,Wind,NORDESTE,35.5353,-8.030000,-40.640000,bus-proxy,bus:CNOVO2-PI500,,,CNOVO2-PI500
2876,ENE13611575,Wind,NORDESTE,48.6575,-10.240000,-40.910000,bus-proxy,bus:CPOFR2-BA500,,,CPOFR2-BA500
2877,ENE13658787,Wind,NORDESTE,30.7308,-8.590000,-41.430000,bus-proxy,bus:QNOVA2-PI500,,,QNOVA2-PI500
2878,ENE13712501,Wind,NORDESTE,35.5353,-8.030000,-40.640000,bus-proxy,bus:CNOVO2-PI500,,,CNOVO2-PI500
2879,ENE13711575,Wind,NORDESTE,48.6575,-10.240000,-40.910000,bus-proxy,bus:CPOFR2-BA500,,,CPOFR2-BA500
2880,ENE13758787,Wind,NORDESTE,30.7308,-8.590000,-41.430000,bus-proxy,bus:QNOVA2-PI500,,,QNOVA2-PI500
2881,ENE13812501,Wind,NORDESTE,35.5353,-8.030000,-40.640000,bus-proxy,bus:CNOVO2-PI500,,,CNOVO2-PI500
2882,ENE13811575,Wind,NORDESTE,48.6575,-10.240000,-40.910000,bus-proxy,bus:CPOFR2-BA500,,,CPOFR2-BA500
2883,ENE13858787,Wind,NORDESTE,30.7308,-8.590000,-41.430000,bus-proxy,bus:QNOVA2-PI500,,,QNOVA2-PI500
2884,ENE13912501,Wind,NORDESTE,35.5353,-8.030000,-40.640000,bus-proxy,bus:CNOVO2-PI500,,,CNOVO2-PI500
2885,ENE13911575,Wind,NORDESTE,48.6575,-10.240000,-40.910000,bus-proxy,bus:CPOFR2-BA500,,,CPOFR2-BA500
2886,ENE13958787,Wind,NORDESTE,30.7308,-8.590000,-41.430000,bus-proxy,bus:QNOVA2-PI500,,,QNOVA2-PI500
2887,ENE22812501,Wind,NORDESTE,41.4578,-8.030000,-40.640000,bus-proxy,bus:CNOVO2-PI500,,,CNOVO2-PI500
2888,ENE22811575,Wind,NORDESTE,56.7671,-10.240000,-40.910000,bus-proxy,bus:CPOFR2-BA500,,,CPOFR2-BA500
2889,ENE22858787,Wind,NORDESTE,35.8526,-8.590000,-41.430000,bus-proxy,bus:QNOVA2-PI500,,,QNOVA2-PI500
2890,ENE22912501,Wind,NORDESTE,41.4578,-8.030000,-40.640000,bus-proxy,bus:CNOVO2-PI500,,,CNOVO2-PI500
2891,ENE22911575,Wind,NORDESTE,56.7671,-10.240000,-40.910000,bus-proxy,bus:CPOFR2-BA500,,,CPOFR2-BA500
2892,ENE22958787,Wind,NORDESTE,35.8526,-8.590000,-41.430000,bus-proxy,bus:QNOVA2-PI500,,,QNOVA2-PI500
2893,ENE23012501,Wind,NORDESTE,41.4578,-8.030000,-40.640000,bus-proxy,bus:CNOVO2-PI500,,,CNOVO2-PI500
2894,ENE23011575,Wind,NORDESTE,56.7671,-10.240000,-40.910000,bus-proxy,bus:CPOFR2-BA500,,,CPOFR2-BA500
2895,ENE23058787,Wind,NORDESTE,35.8526,-8.590000,-41.430000,bus-proxy,bus:QNOVA2-PI500,,,QNOVA2-PI500
2896,ENE23112501,Wind,NORDESTE,41.4578,-8.030000,-40.640000,bus-proxy,bus:CNOVO2-PI500,,,CNOVO2-PI500
2897,ENE23111575,Wind,NORDESTE,56.7671,-10.240000,-40.910000,bus-proxy,bus:CPOFR2-BA500,,,CPOFR2-BA500
2898,ENE23158787,Wind,NORDESTE,35.8526,-8.590000,-41.430000,bus-proxy,bus:QNOVA2-PI500,,,QNOVA2-PI500
2899,ENE23212501,Wind,NORDESTE,41.4578,-8.030000,-40.640000,bus-proxy,bus:CNOVO2-PI500,,,CNOVO2-PI500
2900,ENE23211575,Wind,NORDESTE,56.7671,-10.240000,-40.910000,bus-proxy,bus:CPOFR2-BA500,,,CPOFR2-BA500
2901,ENE23258787,Wind,NORDESTE,35.8526,-8.590000,-41.430000,bus-proxy,bus:QNOVA2-PI500,,,QNOVA2-PI500
2902,ENE23312501,Wind,NORDESTE,41.4578,-8.030000,-40.640000,bus-proxy,bus:CNOVO2-PI500,,,CNOVO2-PI500
2903,ENE23311575,Wind,NORDESTE,56.7671,-10.240000,-40.910000,bus-proxy,bus:CPOFR2-BA500,,,CPOFR2-BA500
2904,ENE23358787,Wind,NORDESTE,35.8526,-8.590000,-41.430000,bus-proxy,bus:QNOVA2-PI500,,,QNOVA2-PI500
2905,ENE23412501,Wind,NORDESTE,41.4578,-8.030000,-40.640000,bus-proxy,bus:CNOVO2-PI500,,,CNOVO2-PI500
2906,ENE23411575,Wind,NORDESTE,56.7671,-10.240000,-40.910000,bus-proxy,bus:CPOFR2-BA500,,,CPOFR2-BA500
2907,ENE23458787,Wind,NORDESTE,35.8526,-8.590000,-41.430000,bus-proxy,bus:QNOVA2-PI500,,,QNOVA2-PI500
2908,ENE23512501,Wind,NORDESTE,41.4578,-8.030000,-40.640000,bus-proxy,bus:CNOVO2-PI500,,,CNOVO2-PI500
2909,ENE23511575,Wind,NORDESTE,56.7671,-10.240000,-40.910000,bus-proxy,bus:CPOFR2-BA500,,,CPOFR2-BA500
2910,ENE23558787,Wind,NORDESTE,35.8526,-8.590000,-41.430000,bus-proxy,bus:QNOVA2-PI500,,,QNOVA2-PI500
2911,ENE23612501,Wind,NORDESTE,41.4578,-8.030000,-40.640000,bus-proxy,bus:CNOVO2-PI500,,,CNOVO2-PI500
2912,ENE23611575,Wind,NORDESTE,56.7671,-10.240000,-40.910000,bus-proxy,bus:CPOFR2-BA500,,,CPOFR2-BA500
2913,ENE23658787,Wind,NORDESTE,35.8526,-8.590000,-41.430000,bus-proxy,bus:QNOVA2-PI500,,,QNOVA2-PI500
2914,ENE23712501,Wind,NORDESTE,41.4578,-8.030000,-40.640000,bus-proxy,bus:CNOVO2-PI500,,,CNOVO2-PI500
2915,ENE23711575,Wind,NORDESTE,56.7671,-10.240000,-40.910000,bus-proxy,bus:CPOFR2-BA500,,,CPOFR2-BA500
2916,ENE23758787,Wind,NORDESTE,35.8526,-8.590000,-41.430000,bus-proxy,bus:QNOVA2-PI500,,,QNOVA2-PI500
2917,ENE23812501,Wind,NORDESTE,41.4578,-8.030000,-40.640000,bus-proxy,bus:CNOVO2-PI500,,,CNOVO2-PI500
2918,ENE23811575,Wind,NORDESTE,56.7671,-10.240000,-40.910000,bus-proxy,bus:CPOFR2-BA500,,,CPOFR2-BA500
2919,ENE23858787,Wind,NORDESTE,35.8526,-8.590000,-41.430000,bus-proxy,bus:QNOVA2-PI500,,,QNOVA2-PI500
2920,ENE23912501,Wind,NORDESTE,41.4578,-8.030000,-40.640000,bus-proxy,bus:CNOVO2-PI500,,,CNOVO2-PI500
2921,ENE23911575,Wind,NORDESTE,56.7671,-10.240000,-40.910000,bus-proxy,bus:CPOFR2-BA500,,,CPOFR2-BA500
2922,ENE23958787,Wind,NORDESTE,35.8526,-8.590000,-41.430000,bus-proxy,bus:QNOVA2-PI500,,,QNOVA2-PI500
2923,ENE32812501,Wind,NORDESTE,35.5353,-8.030000,-40.640000,bus-proxy,bus:CNOVO2-PI500,,,CNOVO2-PI500
2924,ENE32811575,Wind,NORDESTE,48.6575,-10.240000,-40.910000,bus-proxy,bus:CPOFR2-BA500,,,CPOFR2-BA500
2925,ENE32858787,Wind,NORDESTE,30.7308,-8.590000,-41.430000,bus-proxy,bus:QNOVA2-PI500,,,QNOVA2-PI500
2926,ENE32912501,Wind,NORDESTE,35.5353,-8.030000,-40.640000,bus-proxy,bus:CNOVO2-PI500,,,CNOVO2-PI500
2927,ENE32911575,Wind,NORDESTE,48.6575,-10.240000,-40.910000,bus-proxy,bus:CPOFR2-BA500,,,CPOFR2-BA500
2928,ENE32958787,Wind,NORDESTE,30.7308,-8.590000,-41.430000,bus-proxy,bus:QNOVA2-PI500,,,QNOVA2-PI500
2929,ENE33012501,Wind,NORDESTE,35.5353,-8.030000,-40.640000,bus-proxy,bus:CNOVO2-PI500,,,CNOVO2-PI500
2930,ENE33011575,Wind,NORDESTE,48.6575,-10.240000,-40.910000,bus-proxy,bus:CPOFR2-BA500,,,CPOFR2-BA500
2931,ENE33058787,Wind,NORDESTE,30.7308,-8.590000,-41.430000,bus-proxy,bus:QNOVA2-PI500,,,QNOVA2-PI500
2932,ENE33112501,Wind,NORDESTE,35.5353,-8.030000,-40.640000,bus-proxy,bus:CNOVO2-PI500,,,CNOVO2-PI500
2933,ENE33111575,Wind,NORDESTE,48.6575,-10.240000,-40.910000,bus-proxy,bus:CPOFR2-BA500,,,CPOFR2-BA500
2934,ENE33158787,Wind,NORDESTE,30.7308,-8.590000,-41.430000,bus-proxy,bus:QNOVA2-PI500,,,QNOVA2-PI500
2935,ENE33212501,Wind,NORDESTE,35.5353,-8.030000,-40.640000,bus-proxy,bus:CNOVO2-PI500,,,CNOVO2-PI500
2936,ENE33211575,Wind,NORDESTE,48.6575,-10.240000,-40.910000,bus-proxy,bus:CPOFR2-BA500,,,CPOFR2-BA500
2937,ENE33258787,Wind,NORDESTE,30.7308,-8.590000,-41.430000,bus-proxy,bus:QNOVA2-PI500,,,QNOVA2-PI500
2938,ENE33312501,Wind,NORDESTE,35.5353,-8.030000,-40.640000,bus-proxy,bus:CNOVO2-PI500,,,CNOVO2-PI500
2939,ENE33311575,Wind,NORDESTE,48.6575,-10.240000,-40.910000,bus-proxy,bus:CPOFR2-BA500,,,CPOFR2-BA500
2940,ENE33358787,Wind,NORDESTE,30.7308,-8.590000,-41.430000,bus-proxy,bus:QNOVA2-PI500,,,QNOVA2-PI500
2941,ENE33412501,Wind,NORDESTE,35.5353,-8.030000,-40.640000,bus-proxy,bus:CNOVO2-PI500,,,CNOVO2-PI500
2942,ENE33411575,Wind,NORDESTE,48.6575,-10.240000,-40.910000,bus-proxy,bus:CPOFR2-BA500,,,CPOFR2-BA500
2943,ENE33458787,Wind,NORDESTE,30.7308,-8.590000,-41.430000,bus-proxy,bus:QNOVA2-PI500,,,QNOVA2-PI500
2944,ENE33512501,Wind,NORDESTE,35.5353,-8.030000,-40.640000,bus-proxy,bus:CNOVO2-PI500,,,CNOVO2-PI500
2945,ENE33511575,Wind,NORDESTE,48.6575,-10.240000,-40.910000,bus-proxy,bus:CPOFR2-BA500,,,CPOFR2-BA500
2946,ENE33558787,Wind,NORDESTE,30.7308,-8.590000,-41.430000,bus-proxy,bus:QNOVA2-PI500,,,QNOVA2-PI500
2947,ENE33612501,Wind,NORDESTE,35.5353,-8.030000,-40.640000,bus-proxy,bus:CNOVO2-PI500,,,CNOVO2-PI500
2948,ENE33611575,Wind,NORDESTE,48.6575,-10.240000,-40.910000,bus-proxy,bus:CPOFR2-BA500,,,CPOFR2-BA500
2949,ENE33658787,Wind,NORDESTE,30.7308,-8.590000,-41.430000,bus-proxy,bus:QNOVA2-PI500,,,QNOVA2-PI500
2950,ENE33712501,Wind,NORDESTE,35.5353,-8.030000,-40.640000,bus-proxy,bus:CNOVO2-PI500,,,CNOVO2-PI500
2951,ENE33711575,Wind,NORDESTE,48.6575,-10.240000,-40.910000,bus-proxy,bus:CPOFR2-BA500,,,CPOFR2-BA500
2952,ENE33758787,Wind,NORDESTE,30.7308,-8.590000,-41.430000,bus-proxy,bus:QNOVA2-PI500,,,QNOVA2-PI500
2953,ENE33812501,Wind,NORDESTE,35.5353,-8.030000,-40.640000,bus-proxy,bus:CNOVO2-PI500,,,CNOVO2-PI500
2954,ENE33811575,Wind,NORDESTE,48.6575,-10.240000,-40.910000,bus-proxy,bus:CPOFR2-BA500,,,CPOFR2-BA500
2955,ENE33858787,Wind,NORDESTE,30.7308,-8.590000,-41.430000,bus-proxy,bus:QNOVA2-PI500,,,QNOVA2-PI500
2956,ENE33912501,Wind,NORDESTE,35.5353,-8.030000,-40.640000,bus-proxy,bus:CNOVO2-PI500,,,CNOVO2-PI500
2957,ENE33911575,Wind,NORDESTE,48.6575,-10.240000,-40.910000,bus-proxy,bus:CPOFR2-BA500,,,CPOFR2-BA500
2958,ENE33958787,Wind,NORDESTE,30.7308,-8.590000,-41.430000,bus-proxy,bus:QNOVA2-PI500,,,QNOVA2-PI500
2959,EOLBA037210,Wind,NORDESTE,25.5,-9.286123,-41.037818,plant,siga:Construção,EOL.CV.BA.037210-2.1,Casa Nova - BA,CNOVB-EOL034
2960,EOLPE038134,Wind,NORDESTE,45.6,-7.566766,-40.664535,plant,siga:Operação,EOL.CV.PE.038134-9.1,"Araripina - PE, Simões - PI",ZACA4-EOL034
2961,EOLPE038135,Wind,NORDESTE,39.9,-7.511588,-40.689059,plant,siga:Operação,EOL.CV.PE.038135-7.2,"Araripina - PE, Simões - PI",ZACA4-EOL034
2962,EOLPI038120,Wind,NORDESTE,45.6,-8.964740,-41.699532,plant,siga:Operação,EOL.CV.PI.038120-9.1,Dom Inocêncio - PI,VSRG13EOL034
2963,EOLPI038123,Wind,NORDESTE,34.2,-8.970227,-41.730560,plant,siga:Operação,EOL.CV.PI.038123-3.1,Dom Inocêncio - PI,VSRQG3EOL034
2964,EOLPI038126,Wind,NORDESTE,11.4,-7.720135,-40.715320,plant,siga:Operação,EOL.CV.PI.038126-8.1,Simões - PI,ZACA1-EOL034
2965,EOLPI038127,Wind,NORDESTE,11.4,-7.699249,-40.699329,plant,siga:Operação,EOL.CV.PI.038127-6.1,Simões - PI,ZACA1-EOL034
2966,EOLPI038128,Wind,NORDESTE,45.6,-7.658327,-40.668895,plant,siga:Operação,EOL.CV.PI.038128-4.1,Simões - PI,ZACA1-EOL034
2967,EOLPI038129,Wind,NORDESTE,45.6,-7.658444,-40.647832,plant,siga:Operação,EOL.CV.PI.038129-2.1,Simões - PI,ZACA3-EOL034
2968,EOLPI038130,Wind,NORDESTE,45.6,-7.643602,-40.665430,plant,siga:Operação,EOL.CV.PI.038130-6.1,Simões - PI,ZACA2-EOL034
2969,EOLPI038131,Wind,NORDESTE,45.6,-7.633724,-40.645199,plant,siga:Operação,EOL.CV.PI.038131-4.1,Simões - PI,ZACA3-EOL034
2970,EOLPI038132,Wind,NORDESTE,45.6,-7.616361,-40.659969,plant,siga:Operação,EOL.CV.PI.038132-2.1,Simões - PI,ZACA3-EOL034
2971,EOLPI038133,Wind,NORDESTE,45.6,-7.594704,-40.669745,plant,siga:Operação,EOL.CV.PI.038133-0.1,"Araripina - PE, Simões - PI",ZACA2-EOL034
2972,EOLPI040631,Wind,NORDESTE,45.6,-8.952478,-41.669895,plant,siga:Operação,EOL.CV.PI.040631-7.1,Dom Inocêncio - PI,VSRG22EOL034
2973,ENE12858691,Wind,NORDESTE,25.0941,-9.660000,-40.690000,bus-proxy,bus:FUTURA-BA500,,,FUTURA-BA500
2974,ENE12858121,Wind,NORDESTE,19.3563,-10.160000,-38.300000,bus-proxy,bus:JEREMO-BA500,,,JEREMO-BA500
2975,ENE12811584,Wind,NORDESTE,29.9491,-13.560000,-41.540000,bus-proxy,bus:JUSSIA-BA500,,,JUSSIA-BA500
2976,ENE128505,Wind,NORDESTE,18.5781,-9.140000,-38.310000,bus-proxy,bus:L.GONZ-PE500,,,L.GONZ-PE500
2977,ENE12958691,Wind,NORDESTE,25.0941,-9.660000,-40.690000,bus-proxy,bus:FUTURA-BA500,,,FUTURA-BA500
2978,ENE12958121,Wind,NORDESTE,19.3563,-10.160000,-38.300000,bus-proxy,bus:JEREMO-BA500,,,JEREMO-BA500
2979,ENE12911584,Wind,NORDESTE,29.9491,-13.560000,-41.540000,bus-proxy,bus:JUSSIA-BA500,,,JUSSIA-BA500
2980,ENE129505,Wind,NORDESTE,18.5781,-9.140000,-38.310000,bus-proxy,bus:L.GONZ-PE500,,,L.GONZ-PE500
2981,ENE13058691,Wind,NORDESTE,25.0941,-9.660000,-40.690000,bus-proxy,bus:FUTURA-BA500,,,FUTURA-BA500
2982,ENE13058121,Wind,NORDESTE,19.3563,-10.160000,-38.300000,bus-proxy,bus:JEREMO-BA500,,,JEREMO-BA500
2983,ENE13011584,Wind,NORDESTE,29.9491,-13.560000,-41.540000,bus-proxy,bus:JUSSIA-BA500,,,JUSSIA-BA500
2984,ENE130505,Wind,NORDESTE,18.5781,-9.140000,-38.310000,bus-proxy,bus:L.GONZ-PE500,,,L.GONZ-PE500
2985,ENE13158691,Wind,NORDESTE,25.0941,-9.660000,-40.690000,bus-proxy,bus:FUTURA-BA500,,,FUTURA-BA500
2986,ENE13158121,Wind,NORDESTE,19.3563,-10.160000,-38.300000,bus-proxy,bus:JEREMO-BA500,,,JEREMO-BA500
2987,ENE13111584,Wind,NORDESTE,29.9491,-13.560000,-41.540000,bus-proxy,bus:JUSSIA-BA500,,,JUSSIA-BA500
2988,ENE131505,Wind,NORDESTE,18.5781,-9.140000,-38.310000,bus-proxy,bus:L.GONZ-PE500,,,L.GONZ-PE500
2989,ENE13258691,Wind,NORDESTE,25.0941,-9.660000,-40.690000,bus-proxy,bus:FUTURA-BA500,,,FUTURA-BA500
2990,ENE13258121,Wind,NORDESTE,19.3563,-10.160000,-38.300000,bus-proxy,bus:JEREMO-BA500,,,JEREMO-BA500
2991,ENE13211584,Wind,NORDESTE,29.9491,-13.560000,-41.540000,bus-proxy,bus:JUSSIA-BA500,,,JUSSIA-BA500
2992,ENE132505,Wind,NORDESTE,18.5781,-9.140000,-38.310000,bus-proxy,bus:L.GONZ-PE500,,,L.GONZ-PE500
2993,ENE13358691,Wind,NORDESTE,25.0941,-9.660000,-40.690000,bus-proxy,bus:FUTURA-BA500,,,FUTURA-BA500
2994,ENE13358121,Wind,NORDESTE,19.3563,-10.160000,-38.300000,bus-proxy,bus:JEREMO-BA500,,,JEREMO-BA500
2995,ENE13311584,Wind,NORDESTE,29.9491,-13.560000,-41.540000,bus-proxy,bus:JUSSIA-BA500,,,JUSSIA-BA500
2996,ENE133505,Wind,NORDESTE,18.5781,-9.140000,-38.310000,bus-proxy,bus:L.GONZ-PE500,,,L.GONZ-PE500
2997,ENE13458691,Wind,NORDESTE,25.0941,-9.660000,-40.690000,bus-proxy,bus:FUTURA-BA500,,,FUTURA-BA500
2998,ENE13458121,Wind,NORDESTE,19.3563,-10.160000,-38.300000,bus-proxy,bus:JEREMO-BA500,,,JEREMO-BA500
2999,ENE13411584,Wind,NORDESTE,29.9491,-13.560000,-41.540000,bus-proxy,bus:JUSSIA-BA500,,,JUSSIA-BA500
3000,ENE134505,Wind,NORDESTE,18.5781,-9.140000,-38.310000,bus-proxy,bus:L.GONZ-PE500,,,L.GONZ-PE500
3001,ENE13558691,Wind,NORDESTE,25.0941,-9.660000,-40.690000,bus-proxy,bus:FUTURA-BA500,,,FUTURA-BA500
3002,ENE13558121,Wind,NORDESTE,19.3563,-10.160000,-38.300000,bus-proxy,bus:JEREMO-BA500,,,JEREMO-BA500
3003,ENE13511584,Wind,NORDESTE,29.9491,-13.560000,-41.540000,bus-proxy,bus:JUSSIA-BA500,,,JUSSIA-BA500
3004,ENE135505,Wind,NORDESTE,18.5781,-9.140000,-38.310000,bus-proxy,bus:L.GONZ-PE500,,,L.GONZ-PE500
3005,ENE13658691,Wind,NORDESTE,37.6411,-9.660000,-40.690000,bus-proxy,bus:FUTURA-BA500,,,FUTURA-BA500
3006,ENE13658121,Wind,NORDESTE,29.0344,-10.160000,-38.300000,bus-proxy,bus:JEREMO-BA500,,,JEREMO-BA500
3007,ENE13611584,Wind,NORDESTE,44.9236,-13.560000,-41.540000,bus-proxy,bus:JUSSIA-BA500,,,JUSSIA-BA500
3008,ENE136505,Wind,NORDESTE,27.8672,-9.140000,-38.310000,bus-proxy,bus:L.GONZ-PE500,,,L.GONZ-PE500
3009,ENE13758691,Wind,NORDESTE,37.6411,-9.660000,-40.690000,bus-proxy,bus:FUTURA-BA500,,,FUTURA-BA500
3010,ENE13758121,Wind,NORDESTE,29.0344,-10.160000,-38.300000,bus-proxy,bus:JEREMO-BA500,,,JEREMO-BA500
3011,ENE13711584,Wind,NORDESTE,44.9236,-13.560000,-41.540000,bus-proxy,bus:JUSSIA-BA500,,,JUSSIA-BA500
3012,ENE137505,Wind,NORDESTE,27.8672,-9.140000,-38.310000,bus-proxy,bus:L.GONZ-PE500,,,L.GONZ-PE500
3013,ENE13858691,Wind,NORDESTE,37.6411,-9.660000,-40.690000,bus-proxy,bus:FUTURA-BA500,,,FUTURA-BA500
3014,ENE13858121,Wind,NORDESTE,29.0344,-10.160000,-38.300000,bus-proxy,bus:JEREMO-BA500,,,JEREMO-BA500
3015,ENE13811584,Wind,NORDESTE,44.9236,-13.560000,-41.540000,bus-proxy,bus:JUSSIA-BA500,,,JUSSIA-BA500
3016,ENE138505,Wind,NORDESTE,27.8672,-9.140000,-38.310000,bus-proxy,bus:L.GONZ-PE500,,,L.GONZ-PE500
3017,ENE13958691,Wind,NORDESTE,37.6411,-9.660000,-40.690000,bus-proxy,bus:FUTURA-BA500,,,FUTURA-BA500
3018,ENE13958121,Wind,NORDESTE,29.0344,-10.160000,-38.300000,bus-proxy,bus:JEREMO-BA500,,,JEREMO-BA500
3019,ENE13911584,Wind,NORDESTE,44.9236,-13.560000,-41.540000,bus-proxy,bus:JUSSIA-BA500,,,JUSSIA-BA500
3020,ENE139505,Wind,NORDESTE,27.8672,-9.140000,-38.310000,bus-proxy,bus:L.GONZ-PE500,,,L.GONZ-PE500
3021,ENE22858691,Wind,NORDESTE,43.9146,-9.660000,-40.690000,bus-proxy,bus:FUTURA-BA500,,,FUTURA-BA500
3022,ENE22858121,Wind,NORDESTE,33.8735,-10.160000,-38.300000,bus-proxy,bus:JEREMO-BA500,,,JEREMO-BA500
3023,ENE22811584,Wind,NORDESTE,52.4109,-13.560000,-41.540000,bus-proxy,bus:JUSSIA-BA500,,,JUSSIA-BA500
3024,ENE228505,Wind,NORDESTE,32.5118,-9.140000,-38.310000,bus-proxy,bus:L.GONZ-PE500,,,L.GONZ-PE500
3025,ENE22958691,Wind,NORDESTE,43.9146,-9.660000,-40.690000,bus-proxy,bus:FUTURA-BA500,,,FUTURA-BA500
3026,ENE22958121,Wind,NORDESTE,33.8735,-10.160000,-38.300000,bus-proxy,bus:JEREMO-BA500,,,JEREMO-BA500
3027,ENE22911584,Wind,NORDESTE,52.4109,-13.560000,-41.540000,bus-proxy,bus:JUSSIA-BA500,,,JUSSIA-BA500
3028,ENE229505,Wind,NORDESTE,32.5118,-9.140000,-38.310000,bus-proxy,bus:L.GONZ-PE500,,,L.GONZ-PE500
3029,ENE23058691,Wind,NORDESTE,43.9146,-9.660000,-40.690000,bus-proxy,bus:FUTURA-BA500,,,FUTURA-BA500
3030,ENE23058121,Wind,NORDESTE,33.8735,-10.160000,-38.300000,bus-proxy,bus:JEREMO-BA500,,,JEREMO-BA500
3031,ENE23011584,Wind,NORDESTE,52.4109,-13.560000,-41.540000,bus-proxy,bus:JUSSIA-BA500,,,JUSSIA-BA500
3032,ENE230505,Wind,NORDESTE,32.5118,-9.140000,-38.310000,bus-proxy,bus:L.GONZ-PE500,,,L.GONZ-PE500
3033,ENE23158691,Wind,NORDESTE,43.9146,-9.660000,-40.690000,bus-proxy,bus:FUTURA-BA500,,,FUTURA-BA500
3034,ENE23158121,Wind,NORDESTE,33.8735,-10.160000,-38.300000,bus-proxy,bus:JEREMO-BA500,,,JEREMO-BA500
3035,ENE23111584,Wind,NORDESTE,52.4109,-13.560000,-41.540000,bus-proxy,bus:JUSSIA-BA500,,,JUSSIA-BA500
3036,ENE231505,Wind,NORDESTE,32.5118,-9.140000,-38.310000,bus-proxy,bus:L.GONZ-PE500,,,L.GONZ-PE500
3037,ENE23258691,Wind,NORDESTE,43.9146,-9.660000,-40.690000,bus-proxy,bus:FUTURA-BA500,,,FUTURA-BA500
3038,ENE23258121,Wind,NORDESTE,33.8735,-10.160000,-38.300000,bus-proxy,bus:JEREMO-BA500,,,JEREMO-BA500
3039,ENE23211584,Wind,NORDESTE,52.4109,-13.560000,-41.540000,bus-proxy,bus:JUSSIA-BA500,,,JUSSIA-BA500
3040,ENE232505,Wind,NORDESTE,32.5118,-9.140000,-38.310000,bus-proxy,bus:L.GONZ-PE500,,,L.GONZ-PE500
3041,ENE23358691,Wind,NORDESTE,43.9146,-9.660000,-40.690000,bus-proxy,bus:FUTURA-BA500,,,FUTURA-BA500
3042,ENE23358121,Wind,NORDESTE,33.8735,-10.160000,-38.300000,bus-proxy,bus:JEREMO-BA500,,,JEREMO-BA500
3043,ENE23311584,Wind,NORDESTE,52.4109,-13.560000,-41.540000,bus-proxy,bus:JUSSIA-BA500,,,JUSSIA-BA500
3044,ENE233505,Wind,NORDESTE,32.5118,-9.140000,-38.310000,bus-proxy,bus:L.GONZ-PE500,,,L.GONZ-PE500
3045,ENE23458691,Wind,NORDESTE,43.9146,-9.660000,-40.690000,bus-proxy,bus:FUTURA-BA500,,,FUTURA-BA500
3046,ENE23458121,Wind,NORDESTE,33.8735,-10.160000,-38.300000,bus-proxy,bus:JEREMO-BA500,,,JEREMO-BA500
3047,ENE23411584,Wind,NORDESTE,52.4109,-13.560000,-41.540000,bus-proxy,bus:JUSSIA-BA500,,,JUSSIA-BA500
3048,ENE234505,Wind,NORDESTE,32.5118,-9.140000,-38.310000,bus-proxy,bus:L.GONZ-PE500,,,L.GONZ-PE500
3049,ENE23558691,Wind,NORDESTE,43.9146,-9.660000,-40.690000,bus-proxy,bus:FUTURA-BA500,,,FUTURA-BA500
3050,ENE23558121,Wind,NORDESTE,33.8735,-10.160000,-38.300000,bus-proxy,bus:JEREMO-BA500,,,JEREMO-BA500
3051,ENE23511584,Wind,NORDESTE,52.4109,-13.560000,-41.540000,bus-proxy,bus:JUSSIA-BA500,,,JUSSIA-BA500
3052,ENE235505,Wind,NORDESTE,32.5118,-9.140000,-38.310000,bus-proxy,bus:L.GONZ-PE500,,,L.GONZ-PE500
3053,ENE23658691,Wind,NORDESTE,43.9146,-9.660000,-40.690000,bus-proxy,bus:FUTURA-BA500,,,FUTURA-BA500
3054,ENE23658121,Wind,NORDESTE,33.8735,-10.160000,-38.300000,bus-proxy,bus:JEREMO-BA500,,,JEREMO-BA500
3055,ENE23611584,Wind,NORDESTE,52.4109,-13.560000,-41.540000,bus-proxy,bus:JUSSIA-BA500,,,JUSSIA-BA500
3056,ENE236505,Wind,NORDESTE,32.5118,-9.140000,-38.310000,bus-proxy,bus:L.GONZ-PE500,,,L.GONZ-PE500
3057,ENE23758691,Wind,NORDESTE,43.9146,-9.660000,-40.690000,bus-proxy,bus:FUTURA-BA500,,,FUTURA-BA500
3058,ENE23758121,Wind,NORDESTE,33.8735,-10.160000,-38.300000,bus-proxy,bus:JEREMO-BA500,,,JEREMO-BA500
3059,ENE23711584,Wind,NORDESTE,52.4109,-13.560000,-41.540000,bus-proxy,bus:JUSSIA-BA500,,,JUSSIA-BA500
3060,ENE237505,Wind,NORDESTE,32.5118,-9.140000,-38.310000,bus-proxy,bus:L.GONZ-PE500,,,L.GONZ-PE500
3061,ENE23858691,Wind,NORDESTE,43.9146,-9.660000,-40.690000,bus-proxy,bus:FUTURA-BA500,,,FUTURA-BA500
3062,ENE23858121,Wind,NORDESTE,33.8735,-10.160000,-38.300000,bus-proxy,bus:JEREMO-BA500,,,JEREMO-BA500
3063,ENE23811584,Wind,NORDESTE,52.4109,-13.560000,-41.540000,bus-proxy,bus:JUSSIA-BA500,,,JUSSIA-BA500
3064,ENE238505,Wind,NORDESTE,32.5118,-9.140000,-38.310000,bus-proxy,bus:L.GONZ-PE500,,,L.GONZ-PE500
3065,ENE23958691,Wind,NORDESTE,43.9146,-9.660000,-40.690000,bus-proxy,bus:FUTURA-BA500,,,FUTURA-BA500
3066,ENE23958121,Wind,NORDESTE,33.8735,-10.160000,-38.300000,bus-proxy,bus:JEREMO-BA500,,,JEREMO-BA500
3067,ENE23911584,Wind,NORDESTE,52.4109,-13.560000,-41.540000,bus-proxy,bus:JUSSIA-BA500,,,JUSSIA-BA500
3068,ENE239505,Wind,NORDESTE,32.5118,-9.140000,-38.310000,bus-proxy,bus:L.GONZ-PE500,,,L.GONZ-PE500
3069,ENE32858691,Wind,NORDESTE,37.6411,-9.660000,-40.690000,bus-proxy,bus:FUTURA-BA500,,,FUTURA-BA500
3070,ENE32858121,Wind,NORDESTE,29.0344,-10.160000,-38.300000,bus-proxy,bus:JEREMO-BA500,,,JEREMO-BA500
3071,ENE32811584,Wind,NORDESTE,44.9236,-13.560000,-41.540000,bus-proxy,bus:JUSSIA-BA500,,,JUSSIA-BA500
3072,ENE328505,Wind,NORDESTE,27.8672,-9.140000,-38.310000,bus-proxy,bus:L.GONZ-PE500,,,L.GONZ-PE500
3073,ENE32958691,Wind,NORDESTE,37.6411,-9.660000,-40.690000,bus-proxy,bus:FUTURA-BA500,,,FUTURA-BA500
3074,ENE32958121,Wind,NORDESTE,29.0344,-10.160000,-38.300000,bus-proxy,bus:JEREMO-BA500,,,JEREMO-BA500
3075,ENE32911584,Wind,NORDESTE,44.9236,-13.560000,-41.540000,bus-proxy,bus:JUSSIA-BA500,,,JUSSIA-BA500
3076,ENE329505,Wind,NORDESTE,27.8672,-9.140000,-38.310000,bus-proxy,bus:L.GONZ-PE500,,,L.GONZ-PE500
3077,ENE33058691,Wind,NORDESTE,37.6411,-9.660000,-40.690000,bus-proxy,bus:FUTURA-BA500,,,FUTURA-BA500
3078,ENE33058121,Wind,NORDESTE,29.0344,-10.160000,-38.300000,bus-proxy,bus:JEREMO-BA500,,,JEREMO-BA500
3079,ENE33011584,Wind,NORDESTE,44.9236,-13.560000,-41.540000,bus-proxy,bus:JUSSIA-BA500,,,JUSSIA-BA500
3080,ENE330505,Wind,NORDESTE,27.8672,-9.140000,-38.310000,bus-proxy,bus:L.GONZ-PE500,,,L.GONZ-PE500
3081,ENE33158691,Wind,NORDESTE,37.6411,-9.660000,-40.690000,bus-proxy,bus:FUTURA-BA500,,,FUTURA-BA500
3082,ENE33158121,Wind,NORDESTE,29.0344,-10.160000,-38.300000,bus-proxy,bus:JEREMO-BA500,,,JEREMO-BA500
3083,ENE33111584,Wind,NORDESTE,44.9236,-13.560000,-41.540000,bus-proxy,bus:JUSSIA-BA500,,,JUSSIA-BA500
3084,ENE331505,Wind,NORDESTE,27.8672,-9.140000,-38.310000,bus-proxy,bus:L.GONZ-PE500,,,L.GONZ-PE500
3085,ENE33258691,Wind,NORDESTE,37.6411,-9.660000,-40.690000,bus-proxy,bus:FUTURA-BA500,,,FUTURA-BA500
3086,ENE33258121,Wind,NORDESTE,29.0344,-10.160000,-38.300000,bus-proxy,bus:JEREMO-BA500,,,JEREMO-BA500
3087,ENE33211584,Wind,NORDESTE,44.9236,-13.560000,-41.540000,bus-proxy,bus:JUSSIA-BA500,,,JUSSIA-BA500
3088,ENE332505,Wind,NORDESTE,27.8672,-9.140000,-38.310000,bus-proxy,bus:L.GONZ-PE500,,,L.GONZ-PE500
3089,ENE33358691,Wind,NORDESTE,37.6411,-9.660000,-40.690000,bus-proxy,bus:FUTURA-BA500,,,FUTURA-BA500
3090,ENE33358121,Wind,NORDESTE,29.0344,-10.160000,-38.300000,bus-proxy,bus:JEREMO-BA500,,,JEREMO-BA500
3091,ENE33311584,Wind,NORDESTE,44.9236,-13.560000,-41.540000,bus-proxy,bus:JUSSIA-BA500,,,JUSSIA-BA500
3092,ENE333505,Wind,NORDESTE,27.8672,-9.140000,-38.310000,bus-proxy,bus:L.GONZ-PE500,,,L.GONZ-PE500
3093,ENE33458691,Wind,NORDESTE,37.6411,-9.660000,-40.690000,bus-proxy,bus:FUTURA-BA500,,,FUTURA-BA500
3094,ENE33458121,Wind,NORDESTE,29.0344,-10.160000,-38.300000,bus-proxy,bus:JEREMO-BA500,,,JEREMO-BA500
3095,ENE33411584,Wind,NORDESTE,44.9236,-13.560000,-41.540000,bus-proxy,bus:JUSSIA-BA500,,,JUSSIA-BA500
3096,ENE334505,Wind,NORDESTE,27.8672,-9.140000,-38.310000,bus-proxy,bus:L.GONZ-PE500,,,L.GONZ-PE500
3097,ENE33558691,Wind,NORDESTE,37.6411,-9.660000,-40.690000,bus-proxy,bus:FUTURA-BA500,,,FUTURA-BA500
3098,ENE33558121,Wind,NORDESTE,29.0344,-10.160000,-38.300000,bus-proxy,bus:JEREMO-BA500,,,JEREMO-BA500
3099,ENE33511584,Wind,NORDESTE,44.9236,-13.560000,-41.540000,bus-proxy,bus:JUSSIA-BA500,,,JUSSIA-BA500
3100,ENE335505,Wind,NORDESTE,27.8672,-9.140000,-38.310000,bus-proxy,bus:L.GONZ-PE500,,,L.GONZ-PE500
3101,ENE33658691,Wind,NORDESTE,37.6411,-9.660000,-40.690000,bus-proxy,bus:FUTURA-BA500,,,FUTURA-BA500
3102,ENE33658121,Wind,NORDESTE,29.0344,-10.160000,-38.300000,bus-proxy,bus:JEREMO-BA500,,,JEREMO-BA500
3103,ENE33611584,Wind,NORDESTE,44.9236,-13.560000,-41.540000,bus-proxy,bus:JUSSIA-BA500,,,JUSSIA-BA500
3104,ENE336505,Wind,NORDESTE,27.8672,-9.140000,-38.310000,bus-proxy,bus:L.GONZ-PE500,,,L.GONZ-PE500
3105,ENE33758691,Wind,NORDESTE,37.6411,-9.660000,-40.690000,bus-proxy,bus:FUTURA-BA500,,,FUTURA-BA500
3106,ENE33758121,Wind,NORDESTE,29.0344,-10.160000,-38.300000,bus-proxy,bus:JEREMO-BA500,,,JEREMO-BA500
3107,ENE33711584,Wind,NORDESTE,44.9236,-13.560000,-41.540000,bus-proxy,bus:JUSSIA-BA500,,,JUSSIA-BA500
3108,ENE337505,Wind,NORDESTE,27.8672,-9.140000,-38.310000,bus-proxy,bus:L.GONZ-PE500,,,L.GONZ-PE500
3109,ENE33858691,Wind,NORDESTE,37.6411,-9.660000,-40.690000,bus-proxy,bus:FUTURA-BA500,,,FUTURA-BA500
3110,ENE33858121,Wind,NORDESTE,29.0344,-10.160000,-38.300000,bus-proxy,bus:JEREMO-BA500,,,JEREMO-BA500
3111,ENE33811584,Wind,NORDESTE,44.9236,-13.560000,-41.540000,bus-proxy,bus:JUSSIA-BA500,,,JUSSIA-BA500
3112,ENE338505,Wind,NORDESTE,27.8672,-9.140000,-38.310000,bus-proxy,bus:L.GONZ-PE500,,,L.GONZ-PE500
3113,ENE33958691,Wind,NORDESTE,37.6411,-9.660000,-40.690000,bus-proxy,bus:FUTURA-BA500,,,FUTURA-BA500
3114,ENE33958121,Wind,NORDESTE,29.0344,-10.160000,-38.300000,bus-proxy,bus:JEREMO-BA500,,,JEREMO-BA500
3115,ENE33911584,Wind,NORDESTE,44.9236,-13.560000,-41.540000,bus-proxy,bus:JUSSIA-BA500,,,JUSSIA-BA500
3116,ENE339505,Wind,NORDESTE,27.8672,-9.140000,-38.310000,bus-proxy,bus:L.GONZ-PE500,,,L.GONZ-PE500
3117,ENE12811560,Wind,NORDESTE,15.5709,-11.280000,-42.670000,bus-proxy,bus:GOURO2-BA500,,,GOURO2-BA500
3118,ENE12811594,Wind,NORDESTE,22.359,-13.980000,-42.610000,bus-proxy,bus:IGAPO3-BA500,,,IGAPO3-BA500
3119,ENE12811561,Wind,NORDESTE,36.052,-10.870000,-41.340000,bus-proxy,bus:OUROL2-BA500,,,OUROL2-BA500
3120,ENE12911560,Wind,NORDESTE,15.5709,-11.280000,-42.670000,bus-proxy,bus:GOURO2-BA500,,,GOURO2-BA500
3121,ENE12911594,Wind,NORDESTE,22.359,-13.980000,-42.610000,bus-proxy,bus:IGAPO3-BA500,,,IGAPO3-BA500
3122,ENE12911561,Wind,NORDESTE,36.052,-10.870000,-41.340000,bus-proxy,bus:OUROL2-BA500,,,OUROL2-BA500
3123,ENE13011560,Wind,NORDESTE,15.5709,-11.280000,-42.670000,bus-proxy,bus:GOURO2-BA500,,,GOURO2-BA500
3124,ENE13011594,Wind,NORDESTE,22.359,-13.980000,-42.610000,bus-proxy,bus:IGAPO3-BA500,,,IGAPO3-BA500
3125,ENE13011561,Wind,NORDESTE,36.052,-10.870000,-41.340000,bus-proxy,bus:OUROL2-BA500,,,OUROL2-BA500
3126,ENE13111560,Wind,NORDESTE,15.5709,-11.280000,-42.670000,bus-proxy,bus:GOURO2-BA500,,,GOURO2-BA500
3127,ENE13111594,Wind,NORDESTE,22.359,-13.980000,-42.610000,bus-proxy,bus:IGAPO3-BA500,,,IGAPO3-BA500
3128,ENE13111561,Wind,NORDESTE,36.052,-10.870000,-41.340000,bus-proxy,bus:OUROL2-BA500,,,OUROL2-BA500
3129,ENE13211560,Wind,NORDESTE,15.5709,-11.280000,-42.670000,bus-proxy,bus:GOURO2-BA500,,,GOURO2-BA500
3130,ENE13211594,Wind,NORDESTE,22.359,-13.980000,-42.610000,bus-proxy,bus:IGAPO3-BA500,,,IGAPO3-BA500
3131,ENE13211561,Wind,NORDESTE,36.052,-10.870000,-41.340000,bus-proxy,bus:OUROL2-BA500,,,OUROL2-BA500
3132,ENE13311560,Wind,NORDESTE,15.5709,-11.280000,-42.670000,bus-proxy,bus:GOURO2-BA500,,,GOURO2-BA500
3133,ENE13311594,Wind,NORDESTE,22.359,-13.980000,-42.610000,bus-proxy,bus:IGAPO3-BA500,,,IGAPO3-BA500
3134,ENE13311561,Wind,NORDESTE,36.052,-10.870000,-41.340000,bus-proxy,bus:OUROL2-BA500,,,OUROL2-BA500
3135,ENE13411560,Wind,NORDESTE,15.5709,-11.280000,-42.670000,bus-proxy,bus:GOURO2-BA500,,,GOURO2-BA500
3136,ENE13411594,Wind,NORDESTE,22.359,-13.980000,-42.610000,bus-proxy,bus:IGAPO3-BA500,,,IGAPO3-BA500
3137,ENE13411561,Wind,NORDESTE,36.052,-10.870000,-41.340000,bus-proxy,bus:OUROL2-BA500,,,OUROL2-BA500
3138,ENE13511560,Wind,NORDESTE,15.5709,-11.280000,-42.670000,bus-proxy,bus:GOURO2-BA500,,,GOURO2-BA500
3139,ENE13511594,Wind,NORDESTE,22.359,-13.980000,-42.610000,bus-proxy,bus:IGAPO3-BA500,,,IGAPO3-BA500
3140,ENE13511561,Wind,NORDESTE,36.052,-10.870000,-41.340000,bus-proxy,bus:OUROL2-BA500,,,OUROL2-BA500
3141,ENE13611560,Wind,NORDESTE,23.3564,-11.280000,-42.670000,bus-proxy,bus:GOURO2-BA500,,,GOURO2-BA500
3142,ENE13611594,Wind,NORDESTE,33.5385,-13.980000,-42.610000,bus-proxy,bus:IGAPO3-BA500,,,IGAPO3-BA500
3143,ENE13611561,Wind,NORDESTE,54.078,-10.870000,-41.340000,bus-proxy,bus:OUROL2-BA500,,,OUROL2-BA500
3144,ENE13711560,Wind,NORDESTE,23.3564,-11.280000,-42.670000,bus-proxy,bus:GOURO2-BA500,,,GOURO2-BA500
3145,ENE13711594,Wind,NORDESTE,33.5385,-13.980000,-42.610000,bus-proxy,bus:IGAPO3-BA500,,,IGAPO3-BA500
3146,ENE13711561,Wind,NORDESTE,54.078,-10.870000,-41.340000,bus-proxy,bus:OUROL2-BA500,,,OUROL2-BA500
3147,ENE13811560,Wind,NORDESTE,23.3564,-11.280000,-42.670000,bus-proxy,bus:GOURO2-BA500,,,GOURO2-BA500
3148,ENE13811594,Wind,NORDESTE,33.5385,-13.980000,-42.610000,bus-proxy,bus:IGAPO3-BA500,,,IGAPO3-BA500
3149,ENE13811561,Wind,NORDESTE,54.078,-10.870000,-41.340000,bus-proxy,bus:OUROL2-BA500,,,OUROL2-BA500
3150,ENE13911560,Wind,NORDESTE,23.3564,-11.280000,-42.670000,bus-proxy,bus:GOURO2-BA500,,,GOURO2-BA500
3151,ENE13911594,Wind,NORDESTE,33.5385,-13.980000,-42.610000,bus-proxy,bus:IGAPO3-BA500,,,IGAPO3-BA500
3152,ENE13911561,Wind,NORDESTE,54.078,-10.870000,-41.340000,bus-proxy,bus:OUROL2-BA500,,,OUROL2-BA500
3153,ENE22811560,Wind,NORDESTE,27.2491,-11.280000,-42.670000,bus-proxy,bus:GOURO2-BA500,,,GOURO2-BA500
3154,ENE22811594,Wind,NORDESTE,39.1283,-13.980000,-42.610000,bus-proxy,bus:IGAPO3-BA500,,,IGAPO3-BA500
3155,ENE22811561,Wind,NORDESTE,63.091,-10.870000,-41.340000,bus-proxy,bus:OUROL2-BA500,,,OUROL2-BA500
3156,ENE22911560,Wind,NORDESTE,27.2491,-11.280000,-42.670000,bus-proxy,bus:GOURO2-BA500,,,GOURO2-BA500
3157,ENE22911594,Wind,NORDESTE,39.1283,-13.980000,-42.610000,bus-proxy,bus:IGAPO3-BA500,,,IGAPO3-BA500
3158,ENE22911561,Wind,NORDESTE,63.091,-10.870000,-41.340000,bus-proxy,bus:OUROL2-BA500,,,OUROL2-BA500
3159,ENE23011560,Wind,NORDESTE,27.2491,-11.280000,-42.670000,bus-proxy,bus:GOURO2-BA500,,,GOURO2-BA500
3160,ENE23011594,Wind,NORDESTE,39.1283,-13.980000,-42.610000,bus-proxy,bus:IGAPO3-BA500,,,IGAPO3-BA500
3161,ENE23011561,Wind,NORDESTE,63.091,-10.870000,-41.340000,bus-proxy,bus:OUROL2-BA500,,,OUROL2-BA500
3162,ENE23111560,Wind,NORDESTE,27.2491,-11.280000,-42.670000,bus-proxy,bus:GOURO2-BA500,,,GOURO2-BA500
3163,ENE23111594,Wind,NORDESTE,39.1283,-13.980000,-42.610000,bus-proxy,bus:IGAPO3-BA500,,,IGAPO3-BA500
3164,ENE23111561,Wind,NORDESTE,63.091,-10.870000,-41.340000,bus-proxy,bus:OUROL2-BA500,,,OUROL2-BA500
3165,ENE23211560,Wind,NORDESTE,27.2491,-11.280000,-42.670000,bus-proxy,bus:GOURO2-BA500,,,GOURO2-BA500
3166,ENE23211594,Wind,NORDESTE,39.1283,-13.980000,-42.610000,bus-proxy,bus:IGAPO3-BA500,,,IGAPO3-BA500
3167,ENE23211561,Wind,NORDESTE,63.091,-10.870000,-41.340000,bus-proxy,bus:OUROL2-BA500,,,OUROL2-BA500
3168,ENE23311560,Wind,NORDESTE,27.2491,-11.280000,-42.670000,bus-proxy,bus:GOURO2-BA500,,,GOURO2-BA500
3169,ENE23311594,Wind,NORDESTE,39.1283,-13.980000,-42.610000,bus-proxy,bus:IGAPO3-BA500,,,IGAPO3-BA500
3170,ENE23311561,Wind,NORDESTE,63.091,-10.870000,-41.340000,bus-proxy,bus:OUROL2-BA500,,,OUROL2-BA500
3171,ENE23411560,Wind,NORDESTE,27.2491,-11.280000,-42.670000,bus-proxy,bus:GOURO2-BA500,,,GOURO2-BA500
3172,ENE23411594,Wind,NORDESTE,39.1283,-13.980000,-42.610000,bus-proxy,bus:IGAPO3-BA500,,,IGAPO3-BA500
3173,ENE23411561,Wind,NORDESTE,63.091,-10.870000,-41.340000,bus-proxy,bus:OUROL2-BA500,,,OUROL2-BA500
3174,ENE23511560,Wind,NORDESTE,27.2491,-11.280000,-42.670000,bus-proxy,bus:GOURO2-BA500,,,GOURO2-BA500
3175,ENE23511594,Wind,NORDESTE,39.1283,-13.980000,-42.610000,bus-proxy,bus:IGAPO3-BA500,,,IGAPO3-BA500
3176,ENE23511561,Wind,NORDESTE,63.091,-10.870000,-41.340000,bus-proxy,bus:OUROL2-BA500,,,OUROL2-BA500
3177,ENE23611560,Wind,NORDESTE,27.2491,-11.280000,-42.670000,bus-proxy,bus:GOURO2-BA500,,,GOURO2-BA500
3178,ENE23611594,Wind,NORDESTE,39.1283,-13.980000,-42.610000,bus-proxy,bus:IGAPO3-BA500,,,IGAPO3-BA500
3179,ENE23611561,Wind,NORDESTE,63.091,-10.870000,-41.340000,bus-proxy,bus:OUROL2-BA500,,,OUROL2-BA500
3180,ENE23711560,Wind,NORDESTE,27.2491,-11.280000,-42.670000,bus-proxy,bus:GOURO2-BA500,,,GOURO2-BA500
3181,ENE23711594,Wind,NORDESTE,39.1283,-13.980000,-42.610000,bus-proxy,bus:IGAPO3-BA500,,,IGAPO3-BA500
3182,ENE23711561,Wind,NORDESTE,63.091,-10.870000,-41.340000,bus-proxy,bus:OUROL2-BA500,,,OUROL2-BA500
3183,ENE23811560,Wind,NORDESTE,27.2491,-11.280000,-42.670000,bus-proxy,bus:GOURO2-BA500,,,GOURO2-BA500
3184,ENE23811594,Wind,NORDESTE,39.1283,-13.980000,-42.610000,bus-proxy,bus:IGAPO3-BA500,,,IGAPO3-BA500
3185,ENE23811561,Wind,NORDESTE,63.091,-10.870000,-41.340000,bus-proxy,bus:OUROL2-BA500,,,OUROL2-BA500
3186,ENE23911560,Wind,NORDESTE,27.2491,-11.280000,-42.670000,bus-proxy,bus:GOURO2-BA500,,,GOURO2-BA500
3187,ENE23911594,Wind,NORDESTE,39.1283,-13.980000,-42.610000,bus-proxy,bus:IGAPO3-BA500,,,IGAPO3-BA500
3188,ENE23911561,Wind,NORDESTE,63.091,-10.870000,-41.340000,bus-proxy,bus:OUROL2-BA500,,,OUROL2-BA500
3189,ENE32811560,Wind,NORDESTE,23.3564,-11.280000,-42.670000,bus-proxy,bus:GOURO2-BA500,,,GOURO2-BA500
3190,ENE32811594,Wind,NORDESTE,33.5385,-13.980000,-42.610000,bus-proxy,bus:IGAPO3-BA500,,,IGAPO3-BA500
3191,ENE32811561,Wind,NORDESTE,54.078,-10.870000,-41.340000,bus-proxy,bus:OUROL2-BA500,,,OUROL2-BA500
3192,ENE32911560,Wind,NORDESTE,23.3564,-11.280000,-42.670000,bus-proxy,bus:GOURO2-BA500,,,GOURO2-BA500
3193,ENE32911594,Wind,NORDESTE,33.5385,-13.980000,-42.610000,bus-proxy,bus:IGAPO3-BA500,,,IGAPO3-BA500
3194,ENE32911561,Wind,NORDESTE,54.078,-10.870000,-41.340000,bus-proxy,bus:OUROL2-BA500,,,OUROL2-BA500
3195,ENE33011560,Wind,NORDESTE,23.3564,-11.280000,-42.670000,bus-proxy,bus:GOURO2-BA500,,,GOURO2-BA500
3196,ENE33011594,Wind,NORDESTE,33.5385,-13.980000,-42.610000,bus-proxy,bus:IGAPO3-BA500,,,IGAPO3-BA500
3197,ENE33011561,Wind,NORDESTE,54.078,-10.870000,-41.340000,bus-proxy,bus:OUROL2-BA500,,,OUROL2-BA500
3198,ENE33111560,Wind,NORDESTE,23.3564,-11.280000,-42.670000,bus-proxy,bus:GOURO2-BA500,,,GOURO2-BA500
3199,ENE33111594,Wind,NORDESTE,33.5385,-13.980000,-42.610000,bus-proxy,bus:IGAPO3-BA500,,,IGAPO3-BA500
3200,ENE33111561,Wind,NORDESTE,54.078,-10.870000,-41.340000,bus-proxy,bus:OUROL2-BA500,,,OUROL2-BA500
3201,ENE33211560,Wind,NORDESTE,23.3564,-11.280000,-42.670000,bus-proxy,bus:GOURO2-BA500,,,GOURO2-BA500
3202,ENE33211594,Wind,NORDESTE,33.5385,-13.980000,-42.610000,bus-proxy,bus:IGAPO3-BA500,,,IGAPO3-BA500
3203,ENE33211561,Wind,NORDESTE,54.078,-10.870000,-41.340000,bus-proxy,bus:OUROL2-BA500,,,OUROL2-BA500
3204,ENE33311560,Wind,NORDESTE,23.3564,-11.280000,-42.670000,bus-proxy,bus:GOURO2-BA500,,,GOURO2-BA500
3205,ENE33311594,Wind,NORDESTE,33.5385,-13.980000,-42.610000,bus-proxy,bus:IGAPO3-BA500,,,IGAPO3-BA500
3206,ENE33311561,Wind,NORDESTE,54.078,-10.870000,-41.340000,bus-proxy,bus:OUROL2-BA500,,,OUROL2-BA500
3207,ENE33411560,Wind,NORDESTE,23.3564,-11.280000,-42.670000,bus-proxy,bus:GOURO2-BA500,,,GOURO2-BA500
3208,ENE33411594,Wind,NORDESTE,33.5385,-13.980000,-42.610000,bus-proxy,bus:IGAPO3-BA500,,,IGAPO3-BA500
3209,ENE33411561,Wind,NORDESTE,54.078,-10.870000,-41.340000,bus-proxy,bus:OUROL2-BA500,,,OUROL2-BA500
3210,ENE33511560,Wind,NORDESTE,23.3564,-11.280000,-42.670000,bus-proxy,bus:GOURO2-BA500,,,GOURO2-BA500
3211,ENE33511594,Wind,NORDESTE,33.5385,-13.980000,-42.610000,bus-proxy,bus:IGAPO3-BA500,,,IGAPO3-BA500
3212,ENE33511561,Wind,NORDESTE,54.078,-10.870000,-41.340000,bus-proxy,bus:OUROL2-BA500,,,OUROL2-BA500
3213,ENE33611560,Wind,NORDESTE,23.3564,-11.280000,-42.670000,bus-proxy,bus:GOURO2-BA500,,,GOURO2-BA500
3214,ENE33611594,Wind,NORDESTE,33.5385,-13.980000,-42.610000,bus-proxy,bus:IGAPO3-BA500,,,IGAPO3-BA500
3215,ENE33611561,Wind,NORDESTE,54.078,-10.870000,-41.340000,bus-proxy,bus:OUROL2-BA500,,,OUROL2-BA500
3216,ENE33711560,Wind,NORDESTE,23.3564,-11.280000,-42.670000,bus-proxy,bus:GOURO2-BA500,,,GOURO2-BA500
3217,ENE33711594,Wind,NORDESTE,33.5385,-13.980000,-42.610000,bus-proxy,bus:IGAPO3-BA500,,,IGAPO3-BA500
3218,ENE33711561,Wind,NORDESTE,54.078,-10.870000,-41.340000,bus-proxy,bus:OUROL2-BA500,,,OUROL2-BA500
3219,ENE33811560,Wind,NORDESTE,23.3564,-11.280000,-42.670000,bus-proxy,bus:GOURO2-BA500,,,GOURO2-BA500
3220,ENE33811594,Wind,NORDESTE,33.5385,-13.980000,-42.610000,bus-proxy,bus:IGAPO3-BA500,,,IGAPO3-BA500
3221,ENE33811561,Wind,NORDESTE,54.078,-10.870000,-41.340000,bus-proxy,bus:OUROL2-BA500,,,OUROL2-BA500
3222,ENE33911560,Wind,NORDESTE,23.3564,-11.280000,-42.670000,bus-proxy,bus:GOURO2-BA500,,,GOURO2-BA500
3223,ENE33911594,Wind,NORDESTE,33.5385,-13.980000,-42.610000,bus-proxy,bus:IGAPO3-BA500,,,IGAPO3-BA500
3224,ENE33911561,Wind,NORDESTE,54.078,-10.870000,-41.340000,bus-proxy,bus:OUROL2-BA500,,,OUROL2-BA500
3225,EOLBA034655,Wind,NORDESTE,6.2,-10.925449,-42.553317,plant,siga:Operação,EOL.CV.BA.034655-1.1,Xique-Xique - BA,SVTOR2EOL034
3226,EOLBA034657,Wind,NORDESTE,6.2,-10.948055,-42.529456,plant,siga:Operação,EOL.CV.BA.034657-8.1,"Itaguaçu da Bahia - BA, Xique-Xique - BA",SVTOR3EOL034
3227,EOLBA034658,Wind,NORDESTE,12.4,-10.930044,-42.537076,plant,siga:Operação,EOL.CV.BA.034658-6.1,"Itaguaçu da Bahia - BA, Xique-Xique - BA",SVTOR3EOL034
3228,EOLBA034778,Wind,NORDESTE,40.5,-14.770982,-42.567222,plant,siga:Operação,EOL.CV.BA.034778-7.1,Licínio de Almeida - BA,SDA1A3EOL034
3229,EOLBA034779,Wind,NORDESTE,45.0,-14.797983,-42.572140,plant,siga:Operação,EOL.CV.BA.034779-5.1,Licínio de Almeida - BA,SDA1A3EOL034
3230,EOLBA034780,Wind,NORDESTE,40.5,-14.819882,-42.562684,plant,siga:Operação,EOL.CV.BA.034780-9.1,"Jacaraci - BA, Urandi - BA",SDA1A3EOL034
3231,EOLBA034781,Wind,NORDESTE,45.0,-14.830930,-42.584905,plant,siga:Operação,EOL.CV.BA.034781-7.1,Urandi - BA,SDA4A6EOL034
3232,EOLBA034829,Wind,NORDESTE,6.2,-10.956298,-42.562181,plant,siga:Operação,EOL.CV.BA.034829-5.1,Xique-Xique - BA,SVTOR1EOL034
3233,EOLBA034848,Wind,NORDESTE,12.4,-10.986126,-42.539621,plant,siga:Operação,EOL.CV.BA.034848-1.1,Xique-Xique - BA,SVTOR4EOL034
3234,EOLBA034849,Wind,NORDESTE,6.2,-10.971194,-42.536919,plant,siga:Operação,EOL.CV.BA.034849-0.1,Xique-Xique - BA,SVTOR4EOL034
3235,EOLBA037004,Wind,NORDESTE,4.2,-14.114559,-42.499765,plant,siga:Operação,EOL.CV.BA.037004-5.1,Caetité - BA,CNORB1EOL034
3236,EOLBA037005,Wind,NORDESTE,12.6,-14.074360,-42.512328,plant,siga:Operação,EOL.CV.BA.037005-3.1,Caetité - BA,CNORB1EOL034
3237,EOLBA037006,Wind,NORDESTE,25.2,-14.075353,-42.526283,plant,siga:Operação,EOL.CV.BA.037006-1.1,Caetité - BA,CNORB1EOL034
3238,EOLBA037084,Wind,NORDESTE,45.0,-14.792290,-42.601323,plant,siga:Operação,EOL.CV.BA.037084-3.1,"Licínio de Almeida - BA, Urandi - BA",SDA4A6EOL034
3239,EOLBA037086,Wind,NORDESTE,45.0,-14.815076,-42.596215,plant,siga:Operação,EOL.CV.BA.037086-0.1,Urandi - BA,SDA4A6EOL034
3240,EOLBA038084,Wind,NORDESTE,5.7,-11.469077,-42.165827,plant,siga:Operação,EOL.CV.BA.038084-9.1,Ibipeba - BA,VSEUG5EOL034
3241,EOLBA038085,Wind,NORDESTE,5.7,-11.540411,-42.115968,plant,siga:Operação,EOL.CV.BA.038085-7.1,Ibipeba - BA,VSEUG9EOL034
3242,EOLBA038090,Wind,NORDESTE,5.7,-11.526787,-42.118470,plant,siga:Operação,EOL.CV.BA.038090-3.1,Ibipeba - BA,VSEUG5EOL034
3243,EOLBA040777,Wind,NORDESTE,12.6,-14.179860,-42.533024,plant,siga:Operação,EOL.CV.BA.040777-1.1,Caetité - BA,CNORB2EOL034
3244,EOLBA040778,Wind,NORDESTE,4.2,-14.206851,-42.532677,plant,siga:Operação,EOL.CV.BA.040778-0.1,Caetité - BA,CNORB2EOL034
3245,EOLBA044878,Wind,NORDESTE,5.7,-11.432522,-42.137430,plant,siga:Operação,EOL.CV.BA.044878-8.1,Uibaí - BA,VSEU11EOL034
3246,EOLBA047208,Wind,NORDESTE,67.5,-11.062931,-41.279851,plant,siga:Operação,EOL.CV.BA.047208-5.1,Morro do Chapéu - BA,VSNTG4EOL034
3247,EOLBA049142,Wind,NORDESTE,49.5,-10.779929,-41.213388,plant,siga:Operação,EOL.CV.BA.049142-0.1,Ourolândia - BA,P.PINTEOL034
3248,EOLBA049143,Wind,NORDESTE,49.5,-10.741721,-41.206939,plant,siga:Operação,EOL.CV.BA.049143-8.1,Ourolândia - BA,P.PINTEOL034 034kV-2
3249,EOLBA049144,Wind,NORDESTE,45.0,-10.705543,-41.207471,plant,siga:Operação,EOL.CV.BA.049144-6.1,Ourolândia - BA,P.PINTEOL034
3250,EOLBA049145,Wind,NORDESTE,49.5,-10.668627,-41.185073,plant,siga:Operação,EOL.CV.BA.049145-4.1,"Ourolândia - BA, Umburanas - BA",P.PINTEOL034 034kV-2
3251,EOLBA049371,Wind,NORDESTE,45.0,-11.370330,-42.607186,plant,siga:Operação,EOL.CV.BA.049371-6.1,Gentio do Ouro - BA,SERAS3EOL034
3252,EOLBA049372,Wind,NORDESTE,22.5,-11.409454,-42.621165,plant,siga:Operação,EOL.CV.BA.049372-4.1,Gentio do Ouro - BA,SERAS4EOL034
3253,EOLBA049373,Wind,NORDESTE,13.5,-11.416828,-42.606723,plant,siga:Operação,EOL.CV.BA.049373-2.1,Gentio do Ouro - BA,SERAS3EOL034
3254,EOLBA049374,Wind,NORDESTE,36.0,-11.418595,-42.591879,plant,siga:Operação,EOL.CV.BA.049374-0.1,Gentio do Ouro - BA,SERAS4EOL034
3255,EOLBA049375,Wind,NORDESTE,4.5,-11.499369,-42.588437,plant,siga:Operação,EOL.CV.BA.049375-9.1,Gentio do Ouro - BA,SERAS2EOL034
3256,EOLBA049376,Wind,NORDESTE,36.0,-11.527605,-42.576138,plant,siga:Operação,EOL.CV.BA.049376-7.1,Gentio do Ouro - BA,SERAS1EOL034
3257,EOLBA049377,Wind,NORDESTE,27.0,-11.549194,-42.594802,plant,siga:Operação,EOL.CV.BA.049377-5.1,Gentio do Ouro - BA,SERAS1EOL034
3258,EOLBA049378,Wind,NORDESTE,22.5,-11.536571,-42.554903,plant,siga:Operação,EOL.CV.BA.049378-3.1,Gentio do Ouro - BA,SERAS6EOL034
3259,EOLBA049379,Wind,NORDESTE,13.5,-11.507018,-42.598799,plant,siga:Operação,EOL.CV.BA.049379-1.1,Gentio do Ouro - BA,SERAS3EOL034
3260,EOLBA049380,Wind,NORDESTE,4.5,-11.512358,-42.579063,plant,siga:Operação,EOL.CV.BA.049380-5.1,Gentio do Ouro - BA,SERAS1EOL034
3261,EOLBA049381,Wind,NORDESTE,4.5,-11.522653,-42.548115,plant,siga:Operação,EOL.CV.BA.049381-3.1,Gentio do Ouro - BA,SERAS4EOL034
3262,EOLBA049382,Wind,NORDESTE,22.5,-11.568015,-42.587063,plant,siga:Operação,EOL.CV.BA.049382-1.1,Gentio do Ouro - BA,SERAS1EOL034
3263,EOLBA049383,Wind,NORDESTE,4.5,-11.587319,-42.588409,plant,siga:Operação,EOL.CV.BA.049383-0.1,Gentio do Ouro - BA,SERAS2EOL034
3264,EOLBA049387,Wind,NORDESTE,27.0,-11.595007,-42.589287,plant,siga:Operação,EOL.CV.BA.049387-2.1,Gentio do Ouro - BA,SERAS2EOL034
3265,EOLBA049388,Wind,NORDESTE,36.0,-11.472983,-42.617025,plant,siga:Operação,EOL.CV.BA.049388-0.1,Gentio do Ouro - BA,SERAS5EOL034
3266,EOLBA049389,Wind,NORDESTE,40.5,-11.462932,-42.572862,plant,siga:Operação,EOL.CV.BA.049389-9.1,Gentio do Ouro - BA,SERAS1EOL034
3267,EOLBA049390,Wind,NORDESTE,40.5,-11.465931,-42.558609,plant,siga:Operação,EOL.CV.BA.049390-2.1,Gentio do Ouro - BA,SERAS5EOL034
3268,EOLBA049391,Wind,NORDESTE,22.5,-11.466636,-42.536068,plant,siga:Operação,EOL.CV.BA.049391-0.1,Gentio do Ouro - BA,SERAS5EOL034
3269,EOLBA049392,Wind,NORDESTE,4.5,-11.485924,-42.567892,plant,siga:Operação,EOL.CV.BA.049392-9.1,Gentio do Ouro - BA,SERAS6EOL034
3270,EOLBA049393,Wind,NORDESTE,40.5,-11.529063,-42.623590,plant,siga:Operação,EOL.CV.BA.049393-7.1,Gentio do Ouro - BA,SERAS6EOL034
3271,EOLBA049394,Wind,NORDESTE,40.5,-11.495872,-42.546258,plant,siga:Operação,EOL.CV.BA.049394-5.1,Gentio do Ouro - BA,SERAS6EOL034
3272,EOLBA049395,Wind,NORDESTE,27.0,-11.566132,-42.560769,plant,siga:Operação,EOL.CV.BA.049395-3.1,Gentio do Ouro - BA,SERAS2EOL034
3273,EOLBA049396,Wind,NORDESTE,36.0,-11.539700,-42.527479,plant,siga:Operação,EOL.CV.BA.049396-1.1,Gentio do Ouro - BA,SERAS3EOL034
3274,EOLBA049397,Wind,NORDESTE,27.0,-11.603908,-42.556014,plant,siga:Operação,EOL.CV.BA.049397-0.1,Gentio do Ouro - BA,SERAS5EOL034
3275,EOLBA049398,Wind,NORDESTE,45.0,-12.619196,-42.057722,plant,siga:Operação,EOL.CV.BA.049398-8.1,Ibitiara - BA,VSLUZIEOL034 034kV-3
3276,EOLBA049399,Wind,NORDESTE,4.5,-12.639631,-42.054030,plant,siga:Operação,EOL.CV.BA.049399-6.1,Ibitiara - BA,VSLUZIEOL034 034kV-4
3277,EOLBA049416,Wind,NORDESTE,4.5,-12.660166,-42.052829,plant,siga:Operação,EOL.CV.BA.049416-0.1,Ibitiara - BA,VSLUZIEOL034 034kV-4
3278,EOLBA049417,Wind,NORDESTE,4.5,-12.681609,-42.049685,plant,siga:Operação,EOL.CV.BA.049417-8.1,"Ibitiara - BA, Novo Horizonte - BA",VSLUZIEOL034
3279,EOLBA049418,Wind,NORDESTE,4.5,-12.701997,-42.046680,plant,siga:Operação,EOL.CV.BA.049418-6.1,Novo Horizonte - BA,VSLUZIEOL034 034kV-2
3280,EOLBA049419,Wind,NORDESTE,40.5,-12.722416,-42.043233,plant,siga:Operação,EOL.CV.BA.049419-4.1,"Boninal - BA, Novo Horizonte - BA",VSLUZIEOL034
3281,EOLBA049420,Wind,NORDESTE,40.5,-12.746329,-42.033212,plant,siga:Operação,EOL.CV.BA.049420-8.1,"Boninal - BA, Novo Horizonte - BA",VSLUZIEOL034
3282,EOLBA049421,Wind,NORDESTE,9.0,-12.770904,-42.030745,plant,siga:Operação,EOL.CV.BA.049421-6.1,Novo Horizonte - BA,VSLUZIEOL034 034kV-2
3283,EOLBA049422,Wind,NORDESTE,18.0,-12.847698,-42.067419,plant,siga:Operação,EOL.CV.BA.049422-4.1,Novo Horizonte - BA,VSLUZIEOL034 034kV-3
3284,EOLBA049423,Wind,NORDESTE,9.0,-12.868041,-42.064430,plant,siga:Operação,EOL.CV.BA.049423-2.1,Novo Horizonte - BA,VSLUZIEOL034 034kV-2
3285,EOLBA050844,Wind,NORDESTE,39.9,-12.250904,-42.374216,plant,siga:Operação,EOL.CV.BA.050844-6.1,Brotas de Macaúbas - BA,MORRO-EOL034
3286,EOLBA050845,Wind,NORDESTE,5.7,-12.224532,-42.378040,plant,siga:Operação,EOL.CV.BA.050845-4.1,Brotas de Macaúbas - BA,MORRO-EOL034
3287,EOLBA051588,Wind,NORDESTE,72.0,-11.051634,-41.263104,plant,siga:Operação,EOL.CV.BA.051588-4.1,Várzea Nova - BA,VSTG14EOL034
3288,EOLBA051589,Wind,NORDESTE,72.0,-11.033739,-41.237690,plant,siga:Operação,EOL.CV.BA.051589-2.1,Morro do Chapéu - BA,VSNTG5EOL034
3289,EOLBA051590,Wind,NORDESTE,72.0,-11.006496,-41.256456,plant,siga:Operação,EOL.CV.BA.051590-6.1,Várzea Nova - BA,VSNTG7EOL034
3290,EOLBA051591,Wind,NORDESTE,74.4,-11.032149,-41.259469,plant,siga:Construção,EOL.CV.PB.051591-4.2,Picuí - PB,VSANT--BA500
3291,EOLBA051592,Wind,NORDESTE,67.5,-11.044646,-41.289828,plant,siga:Operação,EOL.CV.BA.051592-2.1,"Morro do Chapéu - BA, Várzea Nova - BA",VSNTG5EOL034
3292,EOLBA051593,Wind,NORDESTE,67.5,-11.019490,-41.294006,plant,siga:Operação,EOL.CV.BA.051593-0.1,"Morro do Chapéu - BA, Várzea Nova - BA",VSNTG4EOL034
3293,EOLBA051594,Wind,NORDESTE,72.0,-11.024283,-41.298461,plant,siga:Operação,EOL.CV.BA.051594-9.1,"Morro do Chapéu - BA, Várzea Nova - BA",VSNTG7EOL034
3294,EOLBA051595,Wind,NORDESTE,63.0,-11.048367,-41.305555,plant,siga:Operação,EOL.CV.BA.051595-7.1,"Morro do Chapéu - BA, Várzea Nova - BA",VSTG14EOL034
3295,EOLRN051587,Wind,NORDESTE,4.5,-12.757722,-42.026222,plant,siga:Operação,EOL.CV.RN.051587-6.2,"São José do Campestre - RN, Serra de São Bento - RN",UMARI2EOL034
3296,ENE128549,Wind,NORDESTE,17.9737,-8.880000,-36.400000,bus-proxy,bus:GARANH-PE500,,,GARANH-PE500
3297,ENE129549,Wind,NORDESTE,17.9737,-8.880000,-36.400000,bus-proxy,bus:GARANH-PE500,,,GARANH-PE500
3298,ENE130549,Wind,NORDESTE,17.9737,-8.880000,-36.400000,bus-proxy,bus:GARANH-PE500,,,GARANH-PE500
3299,ENE131549,Wind,NORDESTE,17.9737,-8.880000,-36.400000,bus-proxy,bus:GARANH-PE500,,,GARANH-PE500
3300,ENE132549,Wind,NORDESTE,17.9737,-8.880000,-36.400000,bus-proxy,bus:GARANH-PE500,,,GARANH-PE500
3301,ENE133549,Wind,NORDESTE,17.9737,-8.880000,-36.400000,bus-proxy,bus:GARANH-PE500,,,GARANH-PE500
3302,ENE134549,Wind,NORDESTE,17.9737,-8.880000,-36.400000,bus-proxy,bus:GARANH-PE500,,,GARANH-PE500
3303,ENE135549,Wind,NORDESTE,17.9737,-8.880000,-36.400000,bus-proxy,bus:GARANH-PE500,,,GARANH-PE500
3304,ENE136549,Wind,NORDESTE,26.9606,-8.880000,-36.400000,bus-proxy,bus:GARANH-PE500,,,GARANH-PE500
3305,ENE137549,Wind,NORDESTE,26.9606,-8.880000,-36.400000,bus-proxy,bus:GARANH-PE500,,,GARANH-PE500
3306,ENE138549,Wind,NORDESTE,26.9606,-8.880000,-36.400000,bus-proxy,bus:GARANH-PE500,,,GARANH-PE500
3307,ENE139549,Wind,NORDESTE,26.9606,-8.880000,-36.400000,bus-proxy,bus:GARANH-PE500,,,GARANH-PE500
3308,ENE228549,Wind,NORDESTE,31.454,-8.880000,-36.400000,bus-proxy,bus:GARANH-PE500,,,GARANH-PE500
3309,ENE229549,Wind,NORDESTE,31.454,-8.880000,-36.400000,bus-proxy,bus:GARANH-PE500,,,GARANH-PE500
3310,ENE230549,Wind,NORDESTE,31.454,-8.880000,-36.400000,bus-proxy,bus:GARANH-PE500,,,GARANH-PE500
3311,ENE231549,Wind,NORDESTE,31.454,-8.880000,-36.400000,bus-proxy,bus:GARANH-PE500,,,GARANH-PE500
3312,ENE232549,Wind,NORDESTE,31.454,-8.880000,-36.400000,bus-proxy,bus:GARANH-PE500,,,GARANH-PE500
3313,ENE233549,Wind,NORDESTE,31.454,-8.880000,-36.400000,bus-proxy,bus:GARANH-PE500,,,GARANH-PE500
3314,ENE234549,Wind,NORDESTE,31.454,-8.880000,-36.400000,bus-proxy,bus:GARANH-PE500,,,GARANH-PE500
3315,ENE235549,Wind,NORDESTE,31.454,-8.880000,-36.400000,bus-proxy,bus:GARANH-PE500,,,GARANH-PE500
3316,ENE236549,Wind,NORDESTE,31.454,-8.880000,-36.400000,bus-proxy,bus:GARANH-PE500,,,GARANH-PE500
3317,ENE237549,Wind,NORDESTE,31.454,-8.880000,-36.400000,bus-proxy,bus:GARANH-PE500,,,GARANH-PE500
3318,ENE238549,Wind,NORDESTE,31.454,-8.880000,-36.400000,bus-proxy,bus:GARANH-PE500,,,GARANH-PE500
3319,ENE239549,Wind,NORDESTE,31.454,-8.880000,-36.400000,bus-proxy,bus:GARANH-PE500,,,GARANH-PE500
3320,ENE328549,Wind,NORDESTE,26.9606,-8.880000,-36.400000,bus-proxy,bus:GARANH-PE500,,,GARANH-PE500
3321,ENE329549,Wind,NORDESTE,26.9606,-8.880000,-36.400000,bus-proxy,bus:GARANH-PE500,,,GARANH-PE500
3322,ENE330549,Wind,NORDESTE,26.9606,-8.880000,-36.400000,bus-proxy,bus:GARANH-PE500,,,GARANH-PE500
3323,ENE331549,Wind,NORDESTE,26.9606,-8.880000,-36.400000,bus-proxy,bus:GARANH-PE500,,,GARANH-PE500
3324,ENE332549,Wind,NORDESTE,26.9606,-8.880000,-36.400000,bus-proxy,bus:GARANH-PE500,,,GARANH-PE500
3325,ENE333549,Wind,NORDESTE,26.9606,-8.880000,-36.400000,bus-proxy,bus:GARANH-PE500,,,GARANH-PE500
3326,ENE334549,Wind,NORDESTE,26.9606,-8.880000,-36.400000,bus-proxy,bus:GARANH-PE500,,,GARANH-PE500
3327,ENE335549,Wind,NORDESTE,26.9606,-8.880000,-36.400000,bus-proxy,bus:GARANH-PE500,,,GARANH-PE500
3328,ENE336549,Wind,NORDESTE,26.9606,-8.880000,-36.400000,bus-proxy,bus:GARANH-PE500,,,GARANH-PE500
3329,ENE337549,Wind,NORDESTE,26.9606,-8.880000,-36.400000,bus-proxy,bus:GARANH-PE500,,,GARANH-PE500
3330,ENE338549,Wind,NORDESTE,26.9606,-8.880000,-36.400000,bus-proxy,bus:GARANH-PE500,,,GARANH-PE500
3331,ENE339549,Wind,NORDESTE,26.9606,-8.880000,-36.400000,bus-proxy,bus:GARANH-PE500,,,GARANH-PE500
3332,EOLPE049353,Wind,NORDESTE,45.0,-8.968322,-36.734336,plant,siga:Operação,EOL.CV.PE.049353-8.1,"Paranatama - PE, Saloá - PE",SVACASEOL034 034kV-3
3333,EOLPE049354,Wind,NORDESTE,40.5,-8.983787,-36.788086,plant,siga:Operação,EOL.CV.PE.049354-6.1,Saloá - PE,SVACASEOL034 034kV-3
3334,ENE12812905,Wind,NORDESTE,27.0651,-3.770000,-41.030000,bus-proxy,bus:TIANG2-CE500,,,TIANG2-CE500
3335,ENE12912905,Wind,NORDESTE,27.0651,-3.770000,-41.030000,bus-proxy,bus:TIANG2-CE500,,,TIANG2-CE500
3336,ENE13012905,Wind,NORDESTE,27.0651,-3.770000,-41.030000,bus-proxy,bus:TIANG2-CE500,,,TIANG2-CE500
3337,ENE13112905,Wind,NORDESTE,27.0651,-3.770000,-41.030000,bus-proxy,bus:TIANG2-CE500,,,TIANG2-CE500
3338,ENE13212905,Wind,NORDESTE,27.0651,-3.770000,-41.030000,bus-proxy,bus:TIANG2-CE500,,,TIANG2-CE500
3339,ENE13312905,Wind,NORDESTE,27.0651,-3.770000,-41.030000,bus-proxy,bus:TIANG2-CE500,,,TIANG2-CE500
3340,ENE13412905,Wind,NORDESTE,27.0651,-3.770000,-41.030000,bus-proxy,bus:TIANG2-CE500,,,TIANG2-CE500
3341,ENE13512905,Wind,NORDESTE,27.0651,-3.770000,-41.030000,bus-proxy,bus:TIANG2-CE500,,,TIANG2-CE500
3342,ENE13612905,Wind,NORDESTE,40.5977,-3.770000,-41.030000,bus-proxy,bus:TIANG2-CE500,,,TIANG2-CE500
3343,ENE13712905,Wind,NORDESTE,40.5977,-3.770000,-41.030000,bus-proxy,bus:TIANG2-CE500,,,TIANG2-CE500
3344,ENE13812905,Wind,NORDESTE,40.5977,-3.770000,-41.030000,bus-proxy,bus:TIANG2-CE500,,,TIANG2-CE500
3345,ENE13912905,Wind,NORDESTE,40.5977,-3.770000,-41.030000,bus-proxy,bus:TIANG2-CE500,,,TIANG2-CE500
3346,ENE22812905,Wind,NORDESTE,47.364,-3.770000,-41.030000,bus-proxy,bus:TIANG2-CE500,,,TIANG2-CE500
3347,ENE22912905,Wind,NORDESTE,47.364,-3.770000,-41.030000,bus-proxy,bus:TIANG2-CE500,,,TIANG2-CE500
3348,ENE23012905,Wind,NORDESTE,47.364,-3.770000,-41.030000,bus-proxy,bus:TIANG2-CE500,,,TIANG2-CE500
3349,ENE23112905,Wind,NORDESTE,47.364,-3.770000,-41.030000,bus-proxy,bus:TIANG2-CE500,,,TIANG2-CE500
3350,ENE23212905,Wind,NORDESTE,47.364,-3.770000,-41.030000,bus-proxy,bus:TIANG2-CE500,,,TIANG2-CE500
3351,ENE23312905,Wind,NORDESTE,47.364,-3.770000,-41.030000,bus-proxy,bus:TIANG2-CE500,,,TIANG2-CE500
3352,ENE23412905,Wind,NORDESTE,47.364,-3.770000,-41.030000,bus-proxy,bus:TIANG2-CE500,,,TIANG2-CE500
3353,ENE23512905,Wind,NORDESTE,47.364,-3.770000,-41.030000,bus-proxy,bus:TIANG2-CE500,,,TIANG2-CE500
3354,ENE23612905,Wind,NORDESTE,47.364,-3.770000,-41.030000,bus-proxy,bus:TIANG2-CE500,,,TIANG2-CE500
3355,ENE23712905,Wind,NORDESTE,47.364,-3.770000,-41.030000,bus-proxy,bus:TIANG2-CE500,,,TIANG2-CE500
3356,ENE23812905,Wind,NORDESTE,47.364,-3.770000,-41.030000,bus-proxy,bus:TIANG2-CE500,,,TIANG2-CE500
3357,ENE23912905,Wind,NORDESTE,47.364,-3.770000,-41.030000,bus-proxy,bus:TIANG2-CE500,,,TIANG2-CE500
3358,ENE32812905,Wind,NORDESTE,40.5977,-3.770000,-41.030000,bus-proxy,bus:TIANG2-CE500,,,TIANG2-CE500
3359,ENE32912905,Wind,NORDESTE,40.5977,-3.770000,-41.030000,bus-proxy,bus:TIANG2-CE500,,,TIANG2-CE500
3360,ENE33012905,Wind,NORDESTE,40.5977,-3.770000,-41.030000,bus-proxy,bus:TIANG2-CE500,,,TIANG2-CE500
3361,ENE33112905,Wind,NORDESTE,40.5977,-3.770000,-41.030000,bus-proxy,bus:TIANG2-CE500,,,TIANG2-CE500
3362,ENE33212905,Wind,NORDESTE,40.5977,-3.770000,-41.030000,bus-proxy,bus:TIANG2-CE500,,,TIANG2-CE500
3363,ENE33312905,Wind,NORDESTE,40.5977,-3.770000,-41.030000,bus-proxy,bus:TIANG2-CE500,,,TIANG2-CE500
3364,ENE33412905,Wind,NORDESTE,40.5977,-3.770000,-41.030000,bus-proxy,bus:TIANG2-CE500,,,TIANG2-CE500
3365,ENE33512905,Wind,NORDESTE,40.5977,-3.770000,-41.030000,bus-proxy,bus:TIANG2-CE500,,,TIANG2-CE500
3366,ENE33612905,Wind,NORDESTE,40.5977,-3.770000,-41.030000,bus-proxy,bus:TIANG2-CE500,,,TIANG2-CE500
3367,ENE33712905,Wind,NORDESTE,40.5977,-3.770000,-41.030000,bus-proxy,bus:TIANG2-CE500,,,TIANG2-CE500
3368,ENE33812905,Wind,NORDESTE,40.5977,-3.770000,-41.030000,bus-proxy,bus:TIANG2-CE500,,,TIANG2-CE500
3369,ENE33912905,Wind,NORDESTE,40.5977,-3.770000,-41.030000,bus-proxy,bus:TIANG2-CE500,,,TIANG2-CE500
3370,PCTBA043196,Biomass,NORDESTE,22.5,-12.278694,-43.323667,plant,siga:Construção,UTE.AI.BA.043196-6.1,Muquém de São Francisco - BA,BJLAPA-BA069
4453,UFVPE045056,Solar,NORDESTE,18.0,-8.094306,-39.337131,plant,siga:Operação,UFV.RS.PE.045056-1.1,Terra Nova - PE,L.GNZ1UFV034
4454,UFVPE045057,Solar,NORDESTE,18.0,-8.091800,-39.338752,plant,siga:Operação,UFV.RS.PE.045057-0.1,Terra Nova - PE,L.GNZ2UFV034
4455,UFVPE045058,Solar,NORDESTE,30.0,-8.104389,-39.340667,plant,siga:Operação,UFV.RS.PE.045058-8.1,Terra Nova - PE,L.GNZ3UFV034
4456,UFVPE046963,Solar,NORDESTE,30.0,-8.025000,-39.320556,plant,siga:Operação,UFV.RS.PE.046963-7.1,Salgueiro - PE,SERRT1UFV013
4457,UFVPE046964,Solar,NORDESTE,30.0,-8.023750,-39.328944,plant,siga:Operação,UFV.RS.PE.046964-5.1,Salgueiro - PE,SERRT2UFV013
4458,UFVPI046552,Solar,NORDESTE,48.118,-8.015008,-40.610328,plant,siga:Operação,UFV.RS.PI.046552-6.1,Curral Novo do Piauí - PI,SDP---UFV034
4459,UFVCE038364,Solar,NORDESTE,49.11,-7.354858,-38.766197,plant,siga:Operação,UFV.RS.CE.038364-3.1,Mauriti - CE,MAU-B1UFV034
4460,UFVCE038365,Solar,NORDESTE,24.555,-7.354447,-38.748531,plant,siga:Operação,UFV.RS.CE.038365-1.1,Mauriti - CE,MAU-B1UFV034
4461,UFVCE038366,Solar,NORDESTE,49.11,-7.363067,-38.765528,plant,siga:Operação,UFV.RS.CE.038366-0.1,Mauriti - CE,MAU-B2UFV034
4462,UFVCE038367,Solar,NORDESTE,49.11,-7.343367,-38.733347,plant,siga:Operação,UFV.RS.CE.038367-8.1,Mauriti - CE,MAU-B2UFV034
4463,UFVCE038368,Solar,NORDESTE,49.11,-7.352750,-38.742975,plant,siga:Operação,UFV.RS.CE.038368-6.1,Mauriti - CE,MAU-B3UFV034
4464,UFVCE038369,Solar,NORDESTE,49.11,-7.403242,-38.856369,plant,siga:Operação,UFV.RS.CE.038369-4.1,Mauriti - CE,MAU-B3UFV034
4465,UFVCE038370,Solar,NORDESTE,14.733,-7.396158,-38.845714,plant,siga:Operação,UFV.RS.CE.038370-8.1,Mauriti - CE,MAU-B4UFV034
4466,UFVCE038371,Solar,NORDESTE,49.11,-7.424864,-38.881136,plant,siga:Operação,UFV.RS.CE.038371-6.1,Milagres - CE,MAU-B4UFV034
4467,UFVCE038372,Solar,NORDESTE,9.822,-7.421839,-38.867547,plant,siga:Operação,UFV.RS.CE.038372-4.1,Milagres - CE,MAU-B4UFV034
4468,UFVCE043270,Solar,NORDESTE,30.0,-7.360000,-38.970000,bus-proxy,bus:ARATNGUFV034,,,ARATNGUFV034
4469,UFVCE043271,Solar,NORDESTE,30.0,-7.360000,-38.970000,bus-proxy,bus:ARATNGUFV034,,,ARATNGUFV034
4470,UFVCE043272,Solar,NORDESTE,30.0,-7.360000,-38.970000,bus-proxy,bus:ARATNGUFV034,,,ARATNGUFV034
4471,UFVCE043273,Solar,NORDESTE,30.0,-7.360000,-38.970000,bus-proxy,bus:ARATNGUFV034,,,ARATNGUFV034
4472,UFVCE043274,Solar,NORDESTE,30.0,-7.360000,-38.970000,bus-proxy,bus:ARATNGUFV034,,,ARATNGUFV034
4473,UFVCE051608,Solar,NORDESTE,48.118,-6.332861,-38.852861,plant,siga:Operação,UFV.RS.CE.051608-2.1,Icó - CE,B.JARDUFV034
4474,UFVCE051610,Solar,NORDESTE,48.118,-6.338556,-38.867639,plant,siga:Operação,UFV.RS.CE.051610-4.1,Icó - CE,B.JARDUFV034
4489,UFVBA044510,Solar,NORDESTE,50.0,-12.054008,-45.075600,plant,siga:Operação,UFV.RS.BA.044510-0.1,Barreiras - BA,SSBG19EOL034
4490,UFVBA044511,Solar,NORDESTE,50.0,-12.060992,-45.074967,plant,siga:Operação,UFV.RS.BA.044511-8.1,Barreiras - BA,SSBG15EOL034
4491,UFVBA044512,Solar,NORDESTE,50.0,-12.063233,-45.087306,plant,siga:Operação,UFV.RS.BA.044512-6.1,Barreiras - BA,SSBG15EOL034
4492,UFVBA044513,Solar,NORDESTE,50.0,-12.057403,-45.086114,plant,siga:Operação,UFV.RS.BA.044513-4.1,Barreiras - BA,SSBG15EOL034
4493,UFVBA044514,Solar,NORDESTE,50.0,-12.054219,-45.093442,plant,siga:Operação,UFV.RS.BA.044514-2.1,Barreiras - BA,SSBG15EOL034
4494,UFVBA044515,Solar,NORDESTE,50.0,-12.047494,-45.092908,plant,siga:Operação,UFV.RS.BA.044515-0.1,Barreiras - BA,SSBG19EOL034
4495,UFVBA049771,Solar,NORDESTE,50.0,-12.046664,-45.081914,plant,siga:Operação,UFV.RS.BA.049771-1.1,Barreiras - BA,SSBG19EOL034
4496,UFVCE049926,Solar,NORDESTE,90.0,-3.634508,-38.941803,plant,siga:Operação,UFV.RS.CE.049926-9.2,São Gonçalo do Amarante - CE,LINS--UFV034
4497,UFVCE049927,Solar,NORDESTE,92.0,-3.637456,-38.928664,plant,siga:Operação,UFV.RS.CE.049927-7.2,São Gonçalo do Amarante - CE,LINS--UFV034
4507,UFVPI037783,Solar,NORDESTE,30.0,-4.099503,-41.483294,plant,siga:Operação,UFV.RS.PI.037783-0.1,Brasileira - PI,MRGT-2UFV034
4508,UFVPI037784,Solar,NORDESTE,30.0,-4.114228,-41.497578,plant,siga:Operação,UFV.RS.PI.037784-8.1,Brasileira - PI,MRGT-2UFV034
4509,UFVPI037785,Solar,NORDESTE,30.0,-4.117739,-41.491703,plant,siga:Operação,UFV.RS.PI.037785-6.1,Brasileira - PI,MRGT-2UFV034
4510,UFVPI037786,Solar,NORDESTE,30.0,-4.099503,-41.483294,plant,siga:Operação,UFV.RS.PI.037786-4.1,Brasileira - PI,MRGT-1UFV034
4511,UFVPI037787,Solar,NORDESTE,30.0,-4.106228,-41.484278,plant,siga:Operação,UFV.RS.PI.037787-2.1,Brasileira - PI,MRGT-1UFV034
4512,UFVPI037788,Solar,NORDESTE,30.0,-4.109803,-41.492758,plant,siga:Operação,UFV.RS.PI.037788-0.1,Brasileira - PI,MRGT-1UFV034
4513,UFVPI038349,Solar,NORDESTE,29.79,-4.120383,-41.434964,plant,siga:Operação,UFV.RS.PI.038349-0.1,Brasileira - PI,MRGT-3UFV034
4514,UFVPI038350,Solar,NORDESTE,30.0,-4.126561,-41.445517,plant,siga:Operação,UFV.RS.PI.038350-3.1,Brasileira - PI,MRGT-3UFV034
4515,UFVPI038351,Solar,NORDESTE,30.0,-4.128197,-41.454278,plant,siga:Operação,UFV.RS.PI.038351-1.1,Brasileira - PI,MRGT-3UFV034
4516,UFVPI038352,Solar,NORDESTE,30.0,-4.134294,-41.452839,plant,siga:Operação,UFV.RS.PI.038352-0.1,Brasileira - PI,MRGT-4UFV034
4517,UFVPI038353,Solar,NORDESTE,30.0,-4.144436,-41.455183,plant,siga:Operação,UFV.RS.PI.038353-8.1,Brasileira - PI,MRGT-4UFV034
4518,UFVPI038354,Solar,NORDESTE,30.0,-4.141567,-41.445328,plant,siga:Operação,UFV.RS.PI.038354-6.1,Brasileira - PI,MRGT-4UFV034
4519,UFVPI041904,Solar,NORDESTE,16.929,-7.657856,-45.187008,plant,siga:Operação,UFV.RS.PI.041904-4.1,Ribeiro Gonçalves - PI,RGONCAUFV034 034kV-2
4520,UFVPI041905,Solar,NORDESTE,40.755,-7.666136,-45.179494,plant,siga:Operação,UFV.RS.PI.041905-2.1,Ribeiro Gonçalves - PI,RGONCAUFV034
4521,UFVPI041906,Solar,NORDESTE,40.755,-7.682139,-45.174053,plant,siga:Operação,UFV.RS.PI.041906-0.1,Ribeiro Gonçalves - PI,RGONCAUFV034
4522,UFVPI041907,Solar,NORDESTE,20.691,-7.675778,-45.178972,plant,siga:Operação,UFV.RS.PI.041907-9.1,Ribeiro Gonçalves - PI,RGONCAUFV034 034kV-2
4523,UFVPI041909,Solar,NORDESTE,36.993,-7.667867,-45.172542,plant,siga:Operação,UFV.RS.PI.041909-5.1,Ribeiro Gonçalves - PI,RGONCAUFV034 034kV-2
4524,UFVPI044295,Solar,NORDESTE,33.545,-7.675972,-45.165272,plant,siga:Operação,UFV.RS.PI.044295-0.1,Ribeiro Gonçalves - PI,RGONCAUFV034
4525,UFVPI044296,Solar,NORDESTE,33.545,-7.676839,-45.170950,plant,siga:Operação,UFV.RS.PI.044296-8.1,Ribeiro Gonçalves - PI,RGONCAUFV034 034kV-2
4526,UFVPI049401,Solar,NORDESTE,100.0,-7.630150,-45.218103,plant,siga:Operação,UFV.RS.PI.049401-1.2,Ribeiro Gonçalves - PI,PANOR-UFV034
4527,UFVPI049402,Solar,NORDESTE,100.0,-7.608147,-45.225914,plant,siga:Operação,UFV.RS.PI.049402-0.2,Ribeiro Gonçalves - PI,PANOR-UFV034
4528,UFVPI049403,Solar,NORDESTE,100.0,-7.631486,-45.213025,plant,siga:Operação,UFV.RS.PI.049403-8.2,Ribeiro Gonçalves - PI,PANOR-UFV034
4529,UFVPI049928,Solar,NORDESTE,100.0,-8.848056,-44.188056,plant,siga:Construção,UFV.RS.PI.049928-5.2,Cristino Castro - PI,CLINS-UFV034
4530,UFVPI049929,Solar,NORDESTE,100.0,-8.848056,-44.176944,plant,siga:Construção,UFV.RS.PI.049929-3.2,Cristino Castro - PI,CLINS-UFV034
4531,UFVPI049930,Solar,NORDESTE,100.0,-8.848056,-44.165556,plant,siga:Construção,UFV.RS.PI.049930-7.2,Cristino Castro - PI,CLINS-UFV034
4532,UFVPI049931,Solar,NORDESTE,100.0,-8.853889,-44.157222,plant,siga:Construção,UFV.RS.PI.049931-5.2,Cristino Castro - PI,CLINS-UFV034
4533,UFVPI049932,Solar,NORDESTE,100.0,-8.861389,-44.176667,plant,siga:Construção,UFV.RS.PI.049932-3.2,Cristino Castro - PI,CLINS-UFV034
4534,UFVPI049933,Solar,NORDESTE,100.0,-8.864722,-44.165833,plant,siga:Construção,UFV.RS.PI.049933-1.2,Cristino Castro - PI,CLINS-UFV034
4535,UFVPI051649,Solar,NORDESTE,30.0,-3.091076,-41.548789,plant,siga:Construção não iniciada,UFV.RS.PI.051649-0.1,Luís Correia - PI,RSFSC5UFV034
4536,UFVPI051650,Solar,NORDESTE,30.0,-3.096483,-41.555113,plant,siga:Construção não iniciada,UFV.RS.PI.051650-3.1,Luís Correia - PI,RSFSC6UFV034
4537,UFVPI072126,Solar,NORDESTE,0.51,-2.902500,-41.781944,plant,siga:Operação,UFV.RS.PI.072126-3.1,Parnaíba - PI,PARNAI-PI500
4538,UFVPE037814,Solar,NORDESTE,23.1,-8.334468,-36.238813,plant,siga:Construção não iniciada,UFV.RS.PE.037814-3.1,Tacaimbó - PE,BHORA4UFV034
4539,UFVPE037815,Solar,NORDESTE,23.1,-8.345542,-36.238336,plant,siga:Construção não iniciada,UFV.RS.PE.037815-1.1,Tacaimbó - PE,BHORA5UFV034
4540,UFVPE037816,Solar,NORDESTE,23.1,-8.352501,-36.237280,plant,siga:Construção não iniciada,UFV.RS.PE.037816-0.1,Tacaimbó - PE,BHORA6UFV034
4541,UFVPE044516,Solar,NORDESTE,43.29,-8.330544,-36.199814,plant,siga:Operação,UFV.RS.PE.044516-9.1,Tacaimbó - PE,SAGRE-UFV034
4542,UFVPE044517,Solar,NORDESTE,23.31,-8.342947,-36.199508,plant,siga:Operação,UFV.RS.PE.044517-7.1,São Caitano - PE,SAGRE-UFV034
4543,UFVPE052244,Solar,NORDESTE,23.31,-8.342956,-36.193139,plant,siga:Operação,UFV.RS.PE.052244-9.1,São Caitano - PE,SAGRE-UFV034
4544,UFVPE052282,Solar,NORDESTE,26.64,-8.304992,-36.221503,plant,siga:Operação,UFV.RS.PE.052282-1.1,Tacaimbó - PE,SAGRE-UFV034
4545,UFVPE052283,Solar,NORDESTE,33.3,-8.319575,-36.223894,plant,siga:Operação,UFV.RS.PE.052283-0.1,Tacaimbó - PE,SAGRE-UFV034
4546,UFVPE052284,Solar,NORDESTE,19.98,-8.303553,-36.215833,plant,siga:Operação,UFV.RS.PE.052284-8.1,São Caitano - PE,SAGRE-UFV034
4678,UFVPB034432,Solar,NORDESTE,32.89,-6.999387,-36.587535,uf-centroid,uf-centroid:PB,,,LAGOA1UFV034
4679,UFVPB034433,Solar,NORDESTE,32.89,-6.999387,-36.587535,uf-centroid,uf-centroid:PB,,,LAGOA2UFV034
4680,UFVPB049685,Solar,NORDESTE,50.0,-6.891569,-36.964172,plant,siga:Operação,UFV.RS.PB.049685-5.1,Santa Luzia - PB,ALTB12UFV034 034kV-2
4681,UFVPB049686,Solar,NORDESTE,50.0,-6.901679,-36.956967,plant,siga:Construção,UFV.RS.PB.049686-3.1,Santa Luzia - PB,ALTB12UFV034 034kV-2
4682,UFVPB049687,Solar,NORDESTE,50.0,-6.906418,-36.958673,plant,siga:Construção,UFV.RS.PB.049687-1.1,Santa Luzia - PB,ALTB12UFV034 034kV-2
4683,UFVPB049688,Solar,NORDESTE,50.0,-6.908827,-36.959481,plant,siga:Operação,UFV.RS.PB.049688-0.1,Santa Luzia - PB,ALTB12UFV034
4684,UFVPB049689,Solar,NORDESTE,50.0,-6.901184,-36.965181,plant,siga:Operação,UFV.RS.PB.049689-8.1,Santa Luzia - PB,ALTB11UFV034
4685,UFVPB049690,Solar,NORDESTE,50.0,-6.901869,-36.973013,plant,siga:Construção,UFV.RS.PB.049690-1.1,Santa Luzia - PB,ALTB31UFV034
4686,UFVPB049691,Solar,NORDESTE,50.0,-6.905295,-36.973034,plant,siga:Operação,UFV.RS.PB.049691-0.1,Santa Luzia - PB,ALTB11UFV034
4687,UFVPB049692,Solar,NORDESTE,50.0,-6.909771,-36.978296,plant,siga:Construção,UFV.RS.PB.049692-8.1,Santa Luzia - PB,ALTB31UFV034
4688,UFVPB049693,Solar,NORDESTE,50.0,-6.918060,-36.971000,plant,siga:Operação,UFV.RS.PB.049693-6.1,Santa Luzia - PB,ALTB11UFV034
4689,UFVPB049699,Solar,NORDESTE,50.0,-6.961344,-37.023865,plant,siga:Construção não iniciada,UFV.RS.PB.049699-5.1,São Mamede - PB,SLUZI-UFV034
4690,UFVPB050865,Solar,NORDESTE,50.0,-6.944803,-37.011528,plant,siga:Construção não iniciada,UFV.RS.PB.050865-9.1,São Mamede - PB,SLUZI-UFV034
4691,UFVPB050866,Solar,NORDESTE,50.0,-6.946825,-37.011367,plant,siga:Construção não iniciada,UFV.RS.PB.050866-7.1,São Mamede - PB,SLUZI-UFV034
4692,UFVPB050867,Solar,NORDESTE,50.0,-6.960392,-37.023058,plant,siga:Construção não iniciada,UFV.RS.PB.050867-5.1,São Mamede - PB,SLUZI-UFV034
4693,UFVPB050868,Solar,NORDESTE,50.0,-6.963108,-37.029669,plant,siga:Construção não iniciada,UFV.RS.PB.050868-3.1,São Mamede - PB,SLUZI-UFV034
4694,UFVPB050869,Solar,NORDESTE,50.0,-6.958086,-37.032064,plant,siga:Construção não iniciada,UFV.RS.PB.050869-1.1,São Mamede - PB,SLUZI-UFV034
4695,UFVPB055553,Solar,NORDESTE,50.0,-6.914067,-37.016836,plant,siga:Construção não iniciada,UFV.RS.PB.055553-3.1,São Mamede - PB,SLUZ2EIND034
4696,UFVPB055554,Solar,NORDESTE,50.0,-6.916556,-37.010611,plant,siga:Construção não iniciada,UFV.RS.PB.055554-1.1,São Mamede - PB,SLUZ2EIND034
4697,UFVPB073621,Solar,NORDESTE,1.845,-7.703333,-36.863611,plant,siga:Operação,UFV.RS.PB.073621-0.1,Sumé - PB,L.GONZ-PE500
4698,UFVPE031870,Solar,NORDESTE,27.4961,-7.878356,-37.982778,plant,siga:Operação,UFV.RS.PE.031870-1.1,Flores - PE,SPEPA1UFV034
4699,UFVPE034186,Solar,NORDESTE,27.4961,-7.890011,-37.935800,plant,siga:Operação,UFV.RS.PE.034186-0.1,Flores - PE,SPEPA5UFV034
4700,UFVPE034188,Solar,NORDESTE,23.123,-7.895600,-37.944600,plant,siga:Operação,UFV.RS.PE.034188-6.1,Flores - PE,SPEPA6UFV034
4701,UFVPE046834,Solar,NORDESTE,5.8,-7.878690,-37.985100,plant,siga:Operação,UFV.RS.PE.046834-7.1,Flores - PE,SPEPA7UFV034
4702,UFVPE054546,Solar,NORDESTE,4.994,-8.583889,-37.621944,plant,siga:Operação,UFV.RS.PE.054546-5.1,Ibimirim - PE,L.GONZ-PE500
4703,UFVPE054902,Solar,NORDESTE,4.994,-8.588244,-37.622328,plant,siga:Operação,UFV.RS.PE.054902-9.1,Ibimirim - PE,L.GONZ-PE500
4704,UFVPE057163,Solar,NORDESTE,4.994,-8.584444,-37.616667,plant,siga:Operação,UFV.RS.PE.057163-6.1,Ibimirim - PE,L.GONZ-PE500
4705,UFVPE057165,Solar,NORDESTE,4.994,-8.584722,-37.607778,plant,siga:Operação,UFV.RS.PE.057165-2.1,Ibimirim - PE,L.GONZ-PE500
4706,UFVPE060586,Solar,NORDESTE,4.994,-8.585572,-37.616678,plant,siga:Operação,UFV.RS.PE.060586-7.1,Ibimirim - PE,L.GONZ-PE500
4707,UFVPE060587,Solar,NORDESTE,4.994,-8.583781,-37.612428,plant,siga:Operação,UFV.RS.PE.060587-5.1,Ibimirim - PE,L.GONZ-PE500
4708,UFVPE060588,Solar,NORDESTE,4.994,-8.585556,-37.612500,plant,siga:Operação,UFV.RS.PE.060588-3.1,Ibimirim - PE,L.GONZ-PE500
4709,UFVPE060589,Solar,NORDESTE,4.994,-8.600000,-37.607778,plant,siga:Operação,UFV.RS.PE.060589-1.1,Ibimirim - PE,L.GONZ-PE500
4710,UFVPE060590,Solar,NORDESTE,2.951,-8.584444,-37.604444,plant,siga:Operação,UFV.RS.PE.060590-5.1,Ibimirim - PE,L.GONZ-PE500
4711,UFVCE034037,Solar,NORDESTE,47.25,-4.600983,-37.642122,plant,siga:Operação,UFV.RS.CE.034037-5.1,Aracati - CE,PITOM2UFV034
4712,UFVCE038389,Solar,NORDESTE,30.0,-5.325883,-38.823186,plant,siga:Operação,UFV.RS.CE.038389-9.1,Jaguaretama - CE,PANAT1UFV034
4713,UFVCE038390,Solar,NORDESTE,30.0,-5.332261,-38.821653,plant,siga:Operação,UFV.RS.CE.038390-2.1,Jaguaretama - CE,PANAT1UFV034
4714,UFVCE038392,Solar,NORDESTE,30.0,-5.334844,-38.814408,plant,siga:Operação,UFV.RS.CE.038392-9.1,Jaguaretama - CE,PANAT1UFV034
4715,UFVCE038393,Solar,NORDESTE,30.0,-5.339983,-38.815875,plant,siga:Operação,UFV.RS.CE.038393-7.1,Jaguaretama - CE,PANAT2UFV034
4716,UFVCE038394,Solar,NORDESTE,30.0,-5.339008,-38.807275,plant,siga:Operação,UFV.RS.CE.038394-5.1,Jaguaretama - CE,PANAT2UFV034
4717,UFVCE038395,Solar,NORDESTE,30.0,-5.345675,-38.806894,plant,siga:Operação,UFV.RS.CE.038395-3.1,Jaguaretama - CE,PANAT2UFV034
4718,UFVCE038396,Solar,NORDESTE,25.0,-5.347428,-38.801092,plant,siga:Operação,UFV.RS.CE.038396-1.1,Jaguaretama - CE,PANAT1UFV034
4719,UFVCE038397,Solar,NORDESTE,25.0,-5.349356,-38.796378,plant,siga:Operação,UFV.RS.CE.038397-0.1,Jaguaretama - CE,PANAT2UFV034
4720,UFVCE049620,Solar,NORDESTE,41.244,-4.867831,-38.007297,plant,siga:Operação,UFV.RS.CE.049620-0.1,Russas - CE,LAGOINUFV034
4721,UFVCE049621,Solar,NORDESTE,41.244,-4.864356,-37.998650,plant,siga:Operação,UFV.RS.CE.049621-9.1,Russas - CE,LAGOINUFV034
4722,UFVCE049622,Solar,NORDESTE,41.244,-4.857575,-38.009867,plant,siga:Operação,UFV.RS.CE.049622-7.1,Russas - CE,LAGOINUFV034
4723,UFVCE051015,Solar,NORDESTE,49.95,-4.937139,-37.715711,plant,siga:Operação,UFV.RS.CE.051015-7.1,Jaguaruana - CE,ARAPU1UFV034
4724,UFVCE051016,Solar,NORDESTE,49.95,-4.939175,-37.707881,plant,siga:Operação,UFV.RS.CE.051016-5.1,Jaguaruana - CE,ARAPU1UFV034
4725,UFVCE051636,Solar,NORDESTE,41.244,-4.861336,-38.010175,plant,siga:Operação,UFV.RS.CE.051636-8.1,Russas - CE,LAGOINUFV034
4726,UFVRN037749,Solar,NORDESTE,34.5004,-5.645842,-37.061097,plant,siga:Operação,UFV.RS.RN.037749-0.1,Açu - RN,MDB-B1UFV034
4727,UFVRN037750,Solar,NORDESTE,46.0006,-5.641314,-37.059136,plant,siga:Operação,UFV.RS.RN.037750-3.1,Açu - RN,MDB-B1UFV034
4728,UFVRN037751,Solar,NORDESTE,37.375,-5.637075,-37.062347,plant,siga:Operação,UFV.RS.RN.037751-1.1,Açu - RN,MDB-B1UFV034
4729,UFVRN037752,Solar,NORDESTE,31.6254,-5.641875,-37.048142,plant,siga:Operação,UFV.RS.RN.037752-0.1,Açu - RN,MDB-B2UFV034
4730,UFVRN037753,Solar,NORDESTE,22.24,-5.632994,-37.031550,plant,siga:Operação,UFV.RS.RN.037753-8.1,Açu - RN,MDB-B3UFV034
4731,UFVRN037754,Solar,NORDESTE,30.58,-5.626178,-37.028647,plant,siga:Operação,UFV.RS.RN.037754-6.1,Açu - RN,MDB-B3UFV034
4732,UFVRN037755,Solar,NORDESTE,36.14,-5.619025,-37.025883,plant,siga:Operação,UFV.RS.RN.037755-4.1,Açu - RN,MDB-B3UFV034
4733,UFVRN037769,Solar,NORDESTE,33.36,-5.611867,-37.024103,plant,siga:Operação,UFV.RS.RN.037769-4.1,Açu - RN,MDB-B3UFV034
4734,UFVRN037770,Solar,NORDESTE,40.2506,-5.624964,-37.055472,plant,siga:Operação,UFV.RS.RN.037770-8.1,Açu - RN,MDB-B2UFV034
4735,UFVRN037771,Solar,NORDESTE,30.58,-5.619633,-37.067269,plant,siga:Operação,UFV.RS.RN.037771-6.1,Açu - RN,MDB-B4UFV034
4736,UFVRN037772,Solar,NORDESTE,46.0006,-5.631786,-37.056661,plant,siga:Operação,UFV.RS.RN.037772-4.1,Açu - RN,MDB-B2UFV034
4737,UFVRN037773,Solar,NORDESTE,22.24,-5.618172,-37.040758,plant,siga:Operação,UFV.RS.RN.037773-2.1,Açu - RN,MDB-B4UFV034
4738,UFVRN037774,Solar,NORDESTE,41.7,-5.628981,-37.047589,plant,siga:Operação,UFV.RS.RN.037774-0.1,Açu - RN,MDB-B4UFV034
4739,UFVRN045016,Solar,NORDESTE,29.385,-5.814565,-36.640522,plant,siga:Operação,UFV.RS.RN.045016-2.1,Santana do Matos - RN,DUNAMSUFV034
4740,UFVRN045017,Solar,NORDESTE,29.385,-5.807074,-36.640839,plant,siga:Operação,UFV.RS.RN.045017-0.1,Santana do Matos - RN,DUNAMSUFV034
4741,UFVRN045018,Solar,NORDESTE,29.385,-5.791967,-36.641619,plant,siga:Operação,UFV.RS.RN.045018-9.1,Santana do Matos - RN,DUNAMSUFV034
4742,UFVRN045019,Solar,NORDESTE,29.385,-5.784342,-36.640658,plant,siga:Operação,UFV.RS.RN.045019-7.1,Santana do Matos - RN,DUNAMSUFV034
4743,UFVRN045020,Solar,NORDESTE,42.4711,-5.418526,-36.231125,plant,siga:Operação,UFV.RS.RN.045020-0.1,Pedro Avelino - RN,MVSOB2UFV034
4744,UFVRN045021,Solar,NORDESTE,42.4711,-5.413825,-36.203291,plant,siga:Operação,UFV.RS.RN.045021-9.1,Lajes - RN,MVSOB2UFV034
4745,UFVRN045154,Solar,NORDESTE,42.4711,-5.427129,-36.218646,plant,siga:Operação,UFV.RS.RN.045154-1.1,Jandaíra - RN,MVSOB1UFV034
4746,UFVRN045155,Solar,NORDESTE,42.4711,-5.416758,-36.218746,plant,siga:Operação,UFV.RS.RN.045155-0.1,Jandaíra - RN,MVSOB1UFV034
4747,UFVRN045156,Solar,NORDESTE,42.4711,-5.412011,-36.231149,plant,siga:Operação,UFV.RS.RN.045156-8.1,Jandaíra - RN,MVSOB1UFV034
4748,UFVRN046923,Solar,NORDESTE,40.536,-5.574986,-37.079794,plant,siga:Operação,UFV.RS.RN.046923-8.1,Açu - RN,A.SOL1UFV034
4749,UFVRN046924,Solar,NORDESTE,40.536,-5.595950,-37.057264,plant,siga:Operação,UFV.RS.RN.046924-6.1,Açu - RN,A.SOL3UFV034
4750,UFVRN046925,Solar,NORDESTE,40.536,-5.593358,-37.050317,plant,siga:Operação,UFV.RS.RN.046925-4.1,Açu - RN,A.SOL5UFV034
4751,UFVRN046926,Solar,NORDESTE,40.536,-5.607464,-37.046006,plant,siga:Operação,UFV.RS.RN.046926-2.1,Açu - RN,A.SOL2UFV034
4752,UFVRN046927,Solar,NORDESTE,40.536,-5.599600,-37.055903,plant,siga:Operação,UFV.RS.RN.046927-0.1,Açu - RN,A.SOL2UFV034
4753,UFVRN047378,Solar,NORDESTE,50.0,-5.558167,-37.036894,plant,siga:Operação,UFV.RS.RN.047378-2.1,Açu - RN,A.SOL3UFV034
4754,UFVRN047379,Solar,NORDESTE,50.0,-5.519661,-37.009600,plant,siga:Operação,UFV.RS.RN.047379-0.1,Açu - RN,A.SOL1UFV034
4755,UFVRN047380,Solar,NORDESTE,50.0,-5.519611,-37.009600,plant,siga:Operação,UFV.RS.RN.047380-4.1,Açu - RN,A.SOL2UFV034
4756,UFVRN047381,Solar,NORDESTE,50.0,-5.521153,-37.030800,plant,siga:Operação,UFV.RS.RN.047381-2.1,Açu - RN,A.SOL1UFV034
4757,UFVRN047382,Solar,NORDESTE,50.0,-5.526406,-37.038236,plant,siga:Operação,UFV.RS.RN.047382-0.1,Açu - RN,A.SOL4UFV034
4758,UFVRN047383,Solar,NORDESTE,50.0,-5.508308,-37.046200,plant,siga:Operação,UFV.RS.RN.047383-9.1,Açu - RN,A.SOL6UFV034
4759,UFVRN047384,Solar,NORDESTE,50.0,-5.529636,-37.025797,plant,siga:Operação,UFV.RS.RN.047384-7.1,Açu - RN,A.SOL4UFV034
4760,UFVRN047385,Solar,NORDESTE,50.0,-5.527764,-37.043633,plant,siga:Operação,UFV.RS.RN.047385-5.1,Açu - RN,A.SOL6UFV034
4761,UFVRN047386,Solar,NORDESTE,50.0,-5.526531,-37.044403,plant,siga:Operação,UFV.RS.RN.047386-3.1,Açu - RN,A.SOL5UFV034
4762,UFVRN047387,Solar,NORDESTE,50.0,-5.565181,-37.021022,plant,siga:Operação,UFV.RS.RN.047387-1.1,Açu - RN,A.SOL5UFV034
4763,UFVRN047388,Solar,NORDESTE,50.0,-5.565181,-37.021022,plant,siga:Operação,UFV.RS.RN.047388-0.1,Açu - RN,A.SOL3UFV034
4764,UFVBA037517,Solar,NORDESTE,73.6,-11.222000,-41.585750,plant,siga:Operação,UFV.RS.BA.037517-9.1,João Dourado - BA,OUROL2-BA500
4765,UFVBA037518,Solar,NORDESTE,59.8,-11.224133,-41.581033,plant,siga:Operação,UFV.RS.BA.037518-7.1,João Dourado - BA,OUROL2-BA500
4766,UFVBA047041,Solar,NORDESTE,32.5,-12.296741,-42.337444,plant,siga:Construção,UFV.RS.BA.047041-4.1,Brotas de Macaúbas - BA,SDSER3-BA500
4767,UFVBA047042,Solar,NORDESTE,32.5,-12.324525,-42.321106,plant,siga:Construção,UFV.RS.BA.047042-2.1,Brotas de Macaúbas - BA,SDSER3-BA500
4768,UFVBA047045,Solar,NORDESTE,32.5,-11.420397,-42.145994,plant,siga:Construção,UFV.RS.BA.047045-7.1,Ibipeba - BA,GOURO2-BA500
4769,UFVBA049939,Solar,NORDESTE,50.0,-11.086572,-42.397514,plant,siga:Operação,UFV.RS.BA.049939-0.1,Várzea Nova - BA,GOURO2-BA500
4770,UFVBA049940,Solar,NORDESTE,50.0,-11.078917,-42.403753,plant,siga:Operação,UFV.RS.BA.049940-4.1,Várzea Nova - BA,GOURO2-BA500
4771,UFVBA051678,Solar,NORDESTE,29.97,-14.144047,-42.484139,plant,siga:Construção não iniciada,UFV.RS.BA.051678-3.1,Caetité - BA,SDSER3-BA500
4772,UFVBA053502,Solar,NORDESTE,33.0,-11.137411,-41.335747,plant,siga:Operação,UFV.RS.BA.053502-8.1,Morro do Chapéu - BA,OUROL2-BA500
4773,UFVBA053503,Solar,NORDESTE,33.0,-11.147642,-41.337997,plant,siga:Operação,UFV.RS.BA.053503-6.1,Morro do Chapéu - BA,OUROL2-BA500
4774,UFVBA053504,Solar,NORDESTE,33.0,-11.153350,-41.339500,plant,siga:Operação,UFV.RS.BA.053504-4.1,Morro do Chapéu - BA,OUROL2-BA500
4775,UFVBA053505,Solar,NORDESTE,24.0,-11.140822,-41.327072,plant,siga:Operação,UFV.RS.BA.053505-2.1,Morro do Chapéu - BA,OUROL2-BA500
4776,UFVBA063846,Solar,NORDESTE,1.7,-14.820028,-40.807167,plant,siga:Operação,UFV.RS.BA.063846-3.1,Vitória da Conquista - BA,SDSER3-BA500
4863,MMGDAL11501,Solar,NORDESTE,0.0,-9.562974,-36.180830,aggregate-centroid,uf-centroid:AL,,,SANTA2-AL069
4864,MMGDAL17501,Solar,NORDESTE,0.0,-9.562974,-36.180830,aggregate-centroid,uf-centroid:AL,,,MACEII-AL069
4865,MMGDAL17502,Solar,NORDESTE,0.0,-9.562974,-36.180830,aggregate-centroid,uf-centroid:AL,,,ARAPI3-AL069
4866,MMGDAL17503,Solar,NORDESTE,0.0,-9.562974,-36.180830,aggregate-centroid,uf-centroid:AL,,,SLQUIT-AL069
4867,MMGDAL17504,Solar,NORDESTE,0.0,-9.562974,-36.180830,aggregate-centroid,uf-centroid:AL,,,ABX----AL069
4868,MMGDAL641,Solar,NORDESTE,0.0,-9.641369,-35.731659,plant,reference,,,ANGELI-AL069
4869,MMGDAL642,Solar,NORDESTE,0.0,-9.562974,-36.180830,aggregate-centroid,uf-centroid:AL,,,RIO-LA-AL069
4870,MMGDAL658,Solar,NORDESTE,0.0,-9.562974,-36.180830,aggregate-centroid,uf-centroid:AL,,,PENEDO-AL069
4871,MMGDAL659,Solar,NORDESTE,0.0,-9.562974,-36.180830,aggregate-centroid,uf-centroid:AL,,,MACEIO-AL069
4872,MMGDAL708,Solar,NORDESTE,0.0,-9.562974,-36.180830,aggregate-centroid,uf-centroid:AL,,,ZEBUII-AL069
4946,MMGDBA103,Solar,NORDESTE,0.0,-12.966953,-38.482227,plant,reference,,,S.BONF-BA138
4947,MMGDBA11473,Solar,NORDESTE,0.0,-11.808100,-41.817816,aggregate-centroid,uf-centroid:BA,,,OLINDI-BA069
4948,MMGDBA162,Solar,NORDESTE,0.0,-11.808100,-41.817816,aggregate-centroid,uf-centroid:BA,,,T.FREI-BA138
4949,MMGDBA169,Solar,NORDESTE,0.0,-11.808100,-41.817816,aggregate-centroid,uf-centroid:BA,,,EUNAPO-BA138
4950,MMGDBA183,Solar,NORDESTE,0.0,-11.808100,-41.817816,aggregate-centroid,uf-centroid:BA,,,IRECE--BA138
4951,MMGDBA18504,Solar,NORDESTE,0.0,-11.808100,-41.817816,aggregate-centroid,uf-centroid:BA,,,OLINDI-BA013
4952,MMGDBA18510,Solar,NORDESTE,0.0,-11.808100,-41.817816,aggregate-centroid,uf-centroid:BA,,,RGRAN2-BA138
4953,MMGDBA18530,Solar,NORDESTE,0.0,-11.808100,-41.817816,aggregate-centroid,uf-centroid:BA,,,RGRAN1-BA138
4954,MMGDBA18553,Solar,NORDESTE,0.0,-11.808100,-41.817816,aggregate-centroid,uf-centroid:BA,,,BRUMAD-BA138
4955,MMGDBA18554,Solar,NORDESTE,0.0,-11.808100,-41.817816,aggregate-centroid,uf-centroid:BA,,,ITAMAR-BA138
4956,MMGDBA18586,Solar,NORDESTE,0.0,-11.808100,-41.817816,aggregate-centroid,uf-centroid:BA,,,JUAZE3-BA069
4957,MMGDBA186,Solar,NORDESTE,0.0,-11.808100,-41.817816,aggregate-centroid,uf-centroid:BA,,,BARREI-BA138
4958,MMGDBA18600,Solar,NORDESTE,0.0,-11.808100,-41.817816,aggregate-centroid,uf-centroid:BA,,,ITAPEB-BA138
4959,MMGDBA18601,Solar,NORDESTE,0.0,-11.808100,-41.817816,aggregate-centroid,uf-centroid:BA,,,CAMACA-BA138
4960,MMGDBA18602,Solar,NORDESTE,0.0,-11.808100,-41.817816,aggregate-centroid,uf-centroid:BA,,,P.ASTE-BA138
4961,MMGDBA18630,Solar,NORDESTE,0.0,-11.808100,-41.817816,aggregate-centroid,uf-centroid:BA,,,PORSEG-BA138
4962,MMGDBA18636,Solar,NORDESTE,0.0,-11.808100,-41.817816,aggregate-centroid,uf-centroid:BA,,,TRANCO-BA138
4963,MMGDBA18640,Solar,NORDESTE,0.0,-11.808100,-41.817816,aggregate-centroid,uf-centroid:BA,,,RBRANC-BA138
4964,MMGDBA18641,Solar,NORDESTE,0.0,-11.808100,-41.817816,aggregate-centroid,uf-centroid:BA,,,RPEDRA-BA138
4965,MMGDBA18642,Solar,NORDESTE,0.0,-11.808100,-41.817816,aggregate-centroid,uf-centroid:BA,,,CICERR-BA138
4966,MMGDBA18643,Solar,NORDESTE,0.0,-11.808100,-41.817816,aggregate-centroid,uf-centroid:BA,,,MVERDE-BA138
4967,MMGDBA18644,Solar,NORDESTE,0.0,-11.808100,-41.817816,aggregate-centroid,uf-centroid:BA,,,LEMAGA-BA138
4968,MMGDBA18645,Solar,NORDESTE,0.0,-11.808100,-41.817816,aggregate-centroid,uf-centroid:BA,,,BAREI3-BA138
4969,MMGDBA18763,Solar,NORDESTE,0.0,-11.808100,-41.817816,aggregate-centroid,uf-centroid:BA,,,FSANT3-BA069
4970,MMGDBA18764,Solar,NORDESTE,0.0,-11.808100,-41.817816,aggregate-centroid,uf-centroid:BA,,,ITABU1-BA138
4971,MMGDBA18765,Solar,NORDESTE,0.0,-11.808100,-41.817816,aggregate-centroid,uf-centroid:BA,,,ITABN2-BA138
4972,MMGDBA18797,Solar,NORDESTE,0.0,-11.808100,-41.817816,aggregate-centroid,uf-centroid:BA,,,ALTO.F-BA138
4973,MMGDBA188,Solar,NORDESTE,0.0,-11.808100,-41.817816,aggregate-centroid,uf-centroid:BA,,,IBICOA-BA138
4974,MMGDBA207,Solar,NORDESTE,0.0,-11.808100,-41.817816,aggregate-centroid,uf-centroid:BA,,,JAGUAR-BA230
4975,MMGDBA600,Solar,NORDESTE,0.0,-11.808100,-41.817816,aggregate-centroid,uf-centroid:BA,,,ABAIXA-BA069
4976,MMGDBA601,Solar,NORDESTE,0.0,-11.808100,-41.817816,aggregate-centroid,uf-centroid:BA,,,MOXOTO-BA069
4977,MMGDBA602,Solar,NORDESTE,0.0,-11.808100,-41.817816,aggregate-centroid,uf-centroid:BA,,,JUAZE2-BA069
4978,MMGDBA603,Solar,NORDESTE,0.0,-11.808100,-41.817816,aggregate-centroid,uf-centroid:BA,,,S.BONF-BA069
4979,MMGDBA613,Solar,NORDESTE,0.0,-11.808100,-41.817816,aggregate-centroid,uf-centroid:BA,,,ZEBU---BA069
4980,MMGDBA664,Solar,NORDESTE,0.0,-11.808100,-41.817816,aggregate-centroid,uf-centroid:BA,,,S.A.JE-BA069
4981,MMGDBA666,Solar,NORDESTE,0.0,-11.808100,-41.817816,aggregate-centroid,uf-centroid:BA,,,TOMBA--BA069
4982,MMGDBA668,Solar,NORDESTE,0.0,-11.808100,-41.817816,aggregate-centroid,uf-centroid:BA,,,NARAND-BA069
4983,MMGDBA670,Solar,NORDESTE,0.0,-11.808100,-41.817816,aggregate-centroid,uf-centroid:BA,,,C.DANT-BA069
4984,MMGDBA672,Solar,NORDESTE,0.0,-11.808100,-41.817816,aggregate-centroid,uf-centroid:BA,,,CATU---BA069
4985,MMGDBA674,Solar,NORDESTE,0.0,-11.808100,-41.817816,aggregate-centroid,uf-centroid:BA,,,CAMAC2-BA069
4986,MMGDBA675,Solar,NORDESTE,0.0,-11.808100,-41.817816,aggregate-centroid,uf-centroid:BA,,,G.MANG-BA069
4987,MMGDBA676,Solar,NORDESTE,0.0,-11.808100,-41.817816,aggregate-centroid,uf-centroid:BA,,,BRUMAD-BA069
4988,MMGDBA677,Solar,NORDESTE,0.0,-11.808100,-41.817816,aggregate-centroid,uf-centroid:BA,,,MATATU-BA069
4989,MMGDBA678,Solar,NORDESTE,0.0,-11.808100,-41.817816,aggregate-centroid,uf-centroid:BA,,,PITUAC-BA069
4990,MMGDBA679,Solar,NORDESTE,0.0,-11.808100,-41.817816,aggregate-centroid,uf-centroid:BA,,,COTEGI-BA069
4991,MMGDBA680,Solar,NORDESTE,0.0,-11.808100,-41.817816,aggregate-centroid,uf-centroid:BA,,,JACARA-BA069
4992,MMGDBA681,Solar,NORDESTE,0.0,-11.808100,-41.817816,aggregate-centroid,uf-centroid:BA,,,POLO---BA069
4993,MMGDBA683,Solar,NORDESTE,0.0,-11.808100,-41.817816,aggregate-centroid,uf-centroid:BA,,,IRECE--BA069
4994,MMGDBA685,Solar,NORDESTE,0.0,-11.808100,-41.817816,aggregate-centroid,uf-centroid:BA,,,BJLAPA-BA069
4995,MMGDBA686,Solar,NORDESTE,0.0,-11.808100,-41.817816,aggregate-centroid,uf-centroid:BA,,,BARREI-BA069
4996,MMGDBA794,Solar,NORDESTE,0.0,-11.808100,-41.817816,aggregate-centroid,uf-centroid:BA,,,IGAPOR-BA069
4997,MMGDBA876,Solar,NORDESTE,0.0,-11.808100,-41.817816,aggregate-centroid,uf-centroid:BA,,,FUNIL--BA013
4998,MMGDBA909,Solar,NORDESTE,0.0,-11.808100,-41.817816,aggregate-centroid,uf-centroid:BA,,,POCOE2-BA138
4999,MMGDBA972,Solar,NORDESTE,0.0,-11.808100,-41.817816,aggregate-centroid,uf-centroid:BA,,,CATU-B-BA013
5000,MMGDBA976,Solar,NORDESTE,0.0,-11.808100,-41.817816,aggregate-centroid,uf-centroid:BA,,,FUNIL--BA138
5001,MMGDCE11517,Solar,NORDESTE,0.0,-4.481031,-38.884481,aggregate-centroid,uf-centroid:CE,,,CRATO2-CE069
5002,MMGDCE11618,Solar,NORDESTE,0.0,-4.481031,-38.884481,aggregate-centroid,uf-centroid:CE,,,MARACN-CE069
5003,MMGDCE11619,Solar,NORDESTE,0.0,-4.481031,-38.884481,aggregate-centroid,uf-centroid:CE,,,AQUIR2-CE069
5004,MMGDCE55431,Solar,NORDESTE,0.0,-4.481031,-38.884481,aggregate-centroid,uf-centroid:CE,,,ACA2B2-CE069
5005,MMGDCE616,Solar,NORDESTE,0.0,-3.798684,-38.562269,plant,reference,,,TAUA2--CE069
5006,MMGDCE617,Solar,NORDESTE,0.0,-4.481031,-38.884481,aggregate-centroid,uf-centroid:CE,,,ICO----CE069
5007,MMGDCE618,Solar,NORDESTE,0.0,-4.481031,-38.884481,aggregate-centroid,uf-centroid:CE,,,CAUIPE-CE069
5008,MMGDCE619,Solar,NORDESTE,0.0,-4.481031,-38.884481,aggregate-centroid,uf-centroid:CE,,,D.GOUV-CE069
5009,MMGDCE621,Solar,NORDESTE,0.0,-4.481031,-38.884481,aggregate-centroid,uf-centroid:CE,,,MILAGR-CE069
5010,MMGDCE622,Solar,NORDESTE,0.0,-4.481031,-38.884481,aggregate-centroid,uf-centroid:CE,,,BANABU-CE069
5011,MMGDCE623,Solar,NORDESTE,0.0,-4.481031,-38.884481,aggregate-centroid,uf-centroid:CE,,,RUSSAS-CE069
5012,MMGDCE625,Solar,NORDESTE,0.0,-4.481031,-38.884481,aggregate-centroid,uf-centroid:CE,,,FORTAL-CE069
5013,MMGDCE626,Solar,NORDESTE,0.0,-4.481031,-38.884481,aggregate-centroid,uf-centroid:CE,,,SOBRAL-CE069
5014,MMGDCE634,Solar,NORDESTE,0.0,-4.481031,-38.884481,aggregate-centroid,uf-centroid:CE,,,PICI2--CE069
5015,MMGDCE765,Solar,NORDESTE,0.0,-4.481031,-38.884481,aggregate-centroid,uf-centroid:CE,,,IBIAPI-CE069
5016,MMGDCE819,Solar,NORDESTE,0.0,-4.481031,-38.884481,aggregate-centroid,uf-centroid:CE,,,D.MAC2-CE069
5017,MMGDCE820,Solar,NORDESTE,0.0,-4.481031,-38.884481,aggregate-centroid,uf-centroid:CE,,,PACATB-CE069
5744,MMGDPB12699,Solar,NORDESTE,0.0,-6.999387,-36.587535,aggregate-centroid,uf-centroid:PB,,,JPSII--PB069
5745,MMGDPB16645,Solar,NORDESTE,0.0,-6.999387,-36.587535,aggregate-centroid,uf-centroid:PB,,,PILOS3-PB069
5746,MMGDPB633,Solar,NORDESTE,0.0,-6.999387,-36.587535,aggregate-centroid,uf-centroid:PB,,,COREM2-PB069
5747,MMGDPB644,Solar,NORDESTE,0.0,-6.999387,-36.587535,aggregate-centroid,uf-centroid:PB,,,CGRD2--PB069
5748,MMGDPB648,Solar,NORDESTE,0.0,-6.999387,-36.587535,aggregate-centroid,uf-centroid:PB,,,MUSSU2-PB069
5749,MMGDPB684,Solar,NORDESTE,0.0,-6.999387,-36.587535,aggregate-centroid,uf-centroid:PB,,,GOIANI-PB069
5750,MMGDPB694,Solar,NORDESTE,0.0,-6.999387,-36.587535,aggregate-centroid,uf-centroid:PB,,,S.CRUZ-PB069
5751,MMGDPB745,Solar,NORDESTE,0.0,-6.999387,-36.587535,aggregate-centroid,uf-centroid:PB,,,SRITA2-PB069
5752,MMGDPE120,Solar,NORDESTE,0.0,-8.053791,-34.898063,plant,reference,,,B.NOME-PE138
5753,MMGDPE12033,Solar,NORDESTE,0.0,-8.247052,-37.012127,aggregate-centroid,uf-centroid:PE,,,GARAN2-PE069
5754,MMGDPE122,Solar,NORDESTE,0.0,-8.247052,-37.012127,aggregate-centroid,uf-centroid:PE,,,BNOME2-PE138
5755,MMGDPE12602,Solar,NORDESTE,0.0,-8.247052,-37.012127,aggregate-centroid,uf-centroid:PE,,,JABOAT-PE069
5756,MMGDPE17001,Solar,NORDESTE,0.0,-8.247052,-37.012127,aggregate-centroid,uf-centroid:PE,,,ANGELI-PE013
5757,MMGDPE17002,Solar,NORDESTE,0.0,-8.247052,-37.012127,aggregate-centroid,uf-centroid:PE,,,B.NOME-PE013
5758,MMGDPE17007,Solar,NORDESTE,0.0,-8.247052,-37.012127,aggregate-centroid,uf-centroid:PE,,,ARCVER-PE069
5759,MMGDPE17105,Solar,NORDESTE,0.0,-8.247052,-37.012127,aggregate-centroid,uf-centroid:PE,,,JUAZE2-PE069
5760,MMGDPE17230,Solar,NORDESTE,0.0,-8.247052,-37.012127,aggregate-centroid,uf-centroid:PE,,,CHAPA1-PE138
5761,MMGDPE17447,Solar,NORDESTE,0.0,-8.247052,-37.012127,aggregate-centroid,uf-centroid:PE,,,MTNORT-PE069
5762,MMGDPE5876,Solar,NORDESTE,0.0,-8.247052,-37.012127,aggregate-centroid,uf-centroid:PE,,,SUAPE3-PE069
5763,MMGDPE609,Solar,NORDESTE,0.0,-8.247052,-37.012127,aggregate-centroid,uf-centroid:PE,,,ZEBU---PE069
5764,MMGDPE620,Solar,NORDESTE,0.0,-8.247052,-37.012127,aggregate-centroid,uf-centroid:PE,,,B.NOME-PE069
5765,MMGDPE640,Solar,NORDESTE,0.0,-8.247052,-37.012127,aggregate-centroid,uf-centroid:PE,,,ANGELI-PE069
5766,MMGDPE643,Solar,NORDESTE,0.0,-8.247052,-37.012127,aggregate-centroid,uf-centroid:PE,,,BONGIA-PE069
5767,MMGDPE647,Solar,NORDESTE,0.0,-8.247052,-37.012127,aggregate-centroid,uf-centroid:PE,,,GOIANI-PE069
5768,MMGDPE649,Solar,NORDESTE,0.0,-8.247052,-37.012127,aggregate-centroid,uf-centroid:PE,,,PIRAPA-PE069
5769,MMGDPE650,Solar,NORDESTE,0.0,-8.247052,-37.012127,aggregate-centroid,uf-centroid:PE,,,MIRUEI-PE069
5770,MMGDPE654,Solar,NORDESTE,0.0,-8.247052,-37.012127,aggregate-centroid,uf-centroid:PE,,,JOAIRA-PE069
5771,MMGDPE655,Solar,NORDESTE,0.0,-8.247052,-37.012127,aggregate-centroid,uf-centroid:PE,,,TACAIM-PE069
5772,MMGDPE656,Solar,NORDESTE,0.0,-8.247052,-37.012127,aggregate-centroid,uf-centroid:PE,,,LCARRO-PE069
5773,MMGDPE660,Solar,NORDESTE,0.0,-8.247052,-37.012127,aggregate-centroid,uf-centroid:PE,,,PAU-FE-PE069
5774,MMGDPE661,Solar,NORDESTE,0.0,-8.247052,-37.012127,aggregate-centroid,uf-centroid:PE,,,MIRUE2-PE069
5775,MMGDPE752,Solar,NORDESTE,0.0,-8.247052,-37.012127,aggregate-centroid,uf-centroid:PE,,,RIBEIR-PE069
5776,MMGDPI127,Solar,NORDESTE,0.0,-5.025767,-42.964453,plant,reference,,,PIRIPI-PI138
5777,MMGDPI12904,Solar,NORDESTE,0.0,-7.137163,-42.438360,aggregate-centroid,uf-centroid:PI,,,PARNAI-PI138
5778,MMGDPI15029,Solar,NORDESTE,0.0,-7.137163,-42.438360,aggregate-centroid,uf-centroid:PI,,,BESPER-PI069
5779,MMGDPI15056,Solar,NORDESTE,0.0,-7.137163,-42.438360,aggregate-centroid,uf-centroid:PI,,,TERES2-PI069
5780,MMGDPI15100,Solar,NORDESTE,0.0,-7.137163,-42.438360,aggregate-centroid,uf-centroid:PI,,,TERES3-PI069
5781,MMGDPI15203,Solar,NORDESTE,0.0,-7.137163,-42.438360,aggregate-centroid,uf-centroid:PI,,,B.JESU-PI069
5782,MMGDPI15205,Solar,NORDESTE,0.0,-7.137163,-42.438360,aggregate-centroid,uf-centroid:PI,,,GILBUE-PI069
5783,MMGDPI15230,Solar,NORDESTE,0.0,-7.137163,-42.438360,aggregate-centroid,uf-centroid:PI,,,CHAPA1-PI138
5784,MMGDPI627,Solar,NORDESTE,0.0,-7.137163,-42.438360,aggregate-centroid,uf-centroid:PI,,,PIRIPI-PI069
5785,MMGDPI628,Solar,NORDESTE,0.0,-7.137163,-42.438360,aggregate-centroid,uf-centroid:PI,,,TERES--PI069
5786,MMGDPI637,Solar,NORDESTE,0.0,-7.137163,-42.438360,aggregate-centroid,uf-centroid:PI,,,S.J.PI-PI069
5787,MMGDPI657,Solar,NORDESTE,0.0,-7.137163,-42.438360,aggregate-centroid,uf-centroid:PI,,,RGONCA-PI069
5788,MMGDPI687,Solar,NORDESTE,0.0,-7.137163,-42.438360,aggregate-centroid,uf-centroid:PI,,,E.MART-PI069
5789,MMGDPI695,Solar,NORDESTE,0.0,-7.137163,-42.438360,aggregate-centroid,uf-centroid:PI,,,PICOS--PI069
6149,MMGDRN12246,Solar,NORDESTE,0.0,-5.612384,-36.363568,aggregate-centroid,uf-centroid:RN,,,EXTREM-RN069
6150,MMGDRN16013,Solar,NORDESTE,0.0,-5.612384,-36.363568,aggregate-centroid,uf-centroid:RN,,,CARAU2-RN069
6151,MMGDRN56264,Solar,NORDESTE,0.0,-5.612384,-36.363568,aggregate-centroid,uf-centroid:RN,,,MOSSR4-RN069
6152,MMGDRN57700,Solar,NORDESTE,0.0,-5.612384,-36.363568,aggregate-centroid,uf-centroid:RN,,,LNOVA2-RN069
6153,MMGDRN624,Solar,NORDESTE,0.0,-5.824533,-35.321216,plant,reference,,,MOSSOR-RN069
6154,MMGDRN645,Solar,NORDESTE,0.0,-5.612384,-36.363568,aggregate-centroid,uf-centroid:RN,,,S.CRUZ-RN069
6155,MMGDRN646,Solar,NORDESTE,0.0,-5.612384,-36.363568,aggregate-centroid,uf-centroid:RN,,,NATAL2-RN069
6156,MMGDRN651,Solar,NORDESTE,0.0,-5.612384,-36.363568,aggregate-centroid,uf-centroid:RN,,,ACU----RN069
6157,MMGDRN652,Solar,NORDESTE,0.0,-5.612384,-36.363568,aggregate-centroid,uf-centroid:RN,,,S.MATO-RN069
6158,MMGDRN653,Solar,NORDESTE,0.0,-5.612384,-36.363568,aggregate-centroid,uf-centroid:RN,,,C.NOVO-RN069
6159,MMGDRN689,Solar,NORDESTE,0.0,-5.612384,-36.363568,aggregate-centroid,uf-centroid:RN,,,ICO----RN069
6160,MMGDRN746,Solar,NORDESTE,0.0,-5.612384,-36.363568,aggregate-centroid,uf-centroid:RN,,,NATAL3-RN069
6614,MMGDSE11673,Solar,NORDESTE,0.0,-10.732562,-37.140311,aggregate-centroid,uf-centroid:SE,,,NSSOCO-SE069
6615,MMGDSE18007,Solar,NORDESTE,0.0,-10.732562,-37.140311,aggregate-centroid,uf-centroid:SE,,,NSGLO2-SE069
6616,MMGDSE608,Solar,NORDESTE,0.0,-10.929029,-37.087120,plant,reference,,,ZEBU---SE069
6617,MMGDSE662,Solar,NORDESTE,0.0,-10.732562,-37.140311,aggregate-centroid,uf-centroid:SE,,,PENEDO-SE069
6618,MMGDSE665,Solar,NORDESTE,0.0,-11.251096,-37.529734,plant,reference,,,ITBANI-SE069
6619,MMGDSE671,Solar,NORDESTE,0.0,-10.732562,-37.140311,aggregate-centroid,uf-centroid:SE,,,ITABAI-SE069
6620,MMGDSE673,Solar,NORDESTE,0.0,-10.732562,-37.140311,aggregate-centroid,uf-centroid:SE,,,JARDIM-SE069
7183,OMGDAL11501,General,NORDESTE,0.0,-9.562974,-36.180830,aggregate-centroid,uf-centroid:AL,,,SANTA2-AL069
7184,OMGDAL17501,General,NORDESTE,0.0,-9.562974,-36.180830,aggregate-centroid,uf-centroid:AL,,,MACEII-AL069
7185,OMGDAL17502,General,NORDESTE,0.0,-9.562974,-36.180830,aggregate-centroid,uf-centroid:AL,,,ARAPI3-AL069
7186,OMGDAL17503,General,NORDESTE,0.0,-9.562974,-36.180830,aggregate-centroid,uf-centroid:AL,,,SLQUIT-AL069
7187,OMGDAL17504,General,NORDESTE,0.0,-9.562974,-36.180830,aggregate-centroid,uf-centroid:AL,,,ABX----AL069
7188,OMGDAL641,General,NORDESTE,0.0,-9.562974,-36.180830,aggregate-centroid,uf-centroid:AL,,,ANGELI-AL069
7189,OMGDAL642,General,NORDESTE,0.0,-9.562974,-36.180830,aggregate-centroid,uf-centroid:AL,,,RIO-LA-AL069
7190,OMGDAL658,General,NORDESTE,0.0,-9.562974,-36.180830,aggregate-centroid,uf-centroid:AL,,,PENEDO-AL069
7191,OMGDAL659,General,NORDESTE,0.0,-9.562974,-36.180830,aggregate-centroid,uf-centroid:AL,,,MACEIO-AL069
7192,OMGDAL708,General,NORDESTE,0.0,-9.562974,-36.180830,aggregate-centroid,uf-centroid:AL,,,ZEBUII-AL069
7193,OMGDBA103,General,NORDESTE,0.0,-11.808100,-41.817816,aggregate-centroid,uf-centroid:BA,,,S.BONF-BA138
7194,OMGDBA11473,General,NORDESTE,0.0,-11.808100,-41.817816,aggregate-centroid,uf-centroid:BA,,,OLINDI-BA069
7195,OMGDBA162,General,NORDESTE,0.0,-11.808100,-41.817816,aggregate-centroid,uf-centroid:BA,,,T.FREI-BA138
7196,OMGDBA169,General,NORDESTE,0.0,-11.808100,-41.817816,aggregate-centroid,uf-centroid:BA,,,EUNAPO-BA138
7197,OMGDBA183,General,NORDESTE,0.0,-11.808100,-41.817816,aggregate-centroid,uf-centroid:BA,,,IRECE--BA138
7198,OMGDBA18504,General,NORDESTE,0.0,-11.808100,-41.817816,aggregate-centroid,uf-centroid:BA,,,OLINDI-BA013
7199,OMGDBA18510,General,NORDESTE,0.0,-11.808100,-41.817816,aggregate-centroid,uf-centroid:BA,,,RGRAN2-BA138
7200,OMGDBA18530,General,NORDESTE,0.0,-11.808100,-41.817816,aggregate-centroid,uf-centroid:BA,,,RGRAN1-BA138
7201,OMGDBA18553,General,NORDESTE,0.0,-11.808100,-41.817816,aggregate-centroid,uf-centroid:BA,,,BRUMAD-BA138
7202,OMGDBA18554,General,NORDESTE,0.0,-11.808100,-41.817816,aggregate-centroid,uf-centroid:BA,,,ITAMAR-BA138
7203,OMGDBA18586,General,NORDESTE,0.0,-11.808100,-41.817816,aggregate-centroid,uf-centroid:BA,,,JUAZE3-BA069
7204,OMGDBA186,General,NORDESTE,0.0,-11.808100,-41.817816,aggregate-centroid,uf-centroid:BA,,,BARREI-BA138
7205,OMGDBA18600,General,NORDESTE,0.0,-11.808100,-41.817816,aggregate-centroid,uf-centroid:BA,,,ITAPEB-BA138
7206,OMGDBA18601,General,NORDESTE,0.0,-11.808100,-41.817816,aggregate-centroid,uf-centroid:BA,,,CAMACA-BA138
7207,OMGDBA18602,General,NORDESTE,0.0,-11.808100,-41.817816,aggregate-centroid,uf-centroid:BA,,,P.ASTE-BA138
7208,OMGDBA18630,General,NORDESTE,0.0,-11.808100,-41.817816,aggregate-centroid,uf-centroid:BA,,,PORSEG-BA138
7209,OMGDBA18636,General,NORDESTE,0.0,-11.808100,-41.817816,aggregate-centroid,uf-centroid:BA,,,TRANCO-BA138
7210,OMGDBA18640,General,NORDESTE,0.0,-11.808100,-41.817816,aggregate-centroid,uf-centroid:BA,,,RBRANC-BA138
7211,OMGDBA18641,General,NORDESTE,0.0,-11.808100,-41.817816,aggregate-centroid,uf-centroid:BA,,,RPEDRA-BA138
7212,OMGDBA18642,General,NORDESTE,0.0,-11.808100,-41.817816,aggregate-centroid,uf-centroid:BA,,,CICERR-BA138
7213,OMGDBA18643,General,NORDESTE,0.0,-11.808100,-41.817816,aggregate-centroid,uf-centroid:BA,,,MVERDE-BA138
7214,OMGDBA18644,General,NORDESTE,0.0,-11.808100,-41.817816,aggregate-centroid,uf-centroid:BA,,,LEMAGA-BA138
7215,OMGDBA18645,General,NORDESTE,0.0,-11.808100,-41.817816,aggregate-centroid,uf-centroid:BA,,,BAREI3-BA138
7216,OMGDBA18763,General,NORDESTE,0.0,-11.808100,-41.817816,aggregate-centroid,uf-centroid:BA,,,FSANT3-BA069
7217,OMGDBA18764,General,NORDESTE,0.0,-11.808100,-41.817816,aggregate-centroid,uf-centroid:BA,,,ITABU1-BA138
7218,OMGDBA18765,General,NORDESTE,0.0,-11.808100,-41.817816,aggregate-centroid,uf-centroid:BA,,,ITABN2-BA138
7219,OMGDBA18797,General,NORDESTE,0.0,-11.808100,-41.817816,aggregate-centroid,uf-centroid:BA,,,ALTO.F-BA138
7220,OMGDBA188,General,NORDESTE,0.0,-11.808100,-41.817816,aggregate-centroid,uf-centroid:BA,,,IBICOA-BA138
7221,OMGDBA207,General,NORDESTE,0.0,-11.808100,-41.817816,aggregate-centroid,uf-centroid:BA,,,JAGUAR-BA230
7222,OMGDBA600,General,NORDESTE,0.0,-11.808100,-41.817816,aggregate-centroid,uf-centroid:BA,,,ABAIXA-BA069
7223,OMGDBA601,General,NORDESTE,0.0,-11.808100,-41.817816,aggregate-centroid,uf-centroid:BA,,,MOXOTO-BA069
7224,OMGDBA602,General,NORDESTE,0.0,-11.808100,-41.817816,aggregate-centroid,uf-centroid:BA,,,JUAZE2-BA069
7225,OMGDBA603,General,NORDESTE,0.0,-11.808100,-41.817816,aggregate-centroid,uf-centroid:BA,,,S.BONF-BA069
7226,OMGDBA613,General,NORDESTE,0.0,-11.808100,-41.817816,aggregate-centroid,uf-centroid:BA,,,ZEBU---BA069
7227,OMGDBA664,General,NORDESTE,0.0,-11.808100,-41.817816,aggregate-centroid,uf-centroid:BA,,,S.A.JE-BA069
7228,OMGDBA666,General,NORDESTE,0.0,-11.808100,-41.817816,aggregate-centroid,uf-centroid:BA,,,TOMBA--BA069
7229,OMGDBA668,General,NORDESTE,0.0,-11.808100,-41.817816,aggregate-centroid,uf-centroid:BA,,,NARAND-BA069
7230,OMGDBA670,General,NORDESTE,0.0,-11.808100,-41.817816,aggregate-centroid,uf-centroid:BA,,,C.DANT-BA069
7231,OMGDBA672,General,NORDESTE,0.0,-11.808100,-41.817816,aggregate-centroid,uf-centroid:BA,,,CATU---BA069
7232,OMGDBA674,General,NORDESTE,0.0,-11.808100,-41.817816,aggregate-centroid,uf-centroid:BA,,,CAMAC2-BA069
7233,OMGDBA675,General,NORDESTE,0.0,-11.808100,-41.817816,aggregate-centroid,uf-centroid:BA,,,G.MANG-BA069
7234,OMGDBA676,General,NORDESTE,0.0,-11.808100,-41.817816,aggregate-centroid,uf-centroid:BA,,,BRUMAD-BA069
7235,OMGDBA677,General,NORDESTE,0.0,-11.808100,-41.817816,aggregate-centroid,uf-centroid:BA,,,MATATU-BA069
7236,OMGDBA678,General,NORDESTE,0.0,-11.808100,-41.817816,aggregate-centroid,uf-centroid:BA,,,PITUAC-BA069
7237,OMGDBA679,General,NORDESTE,0.0,-11.808100,-41.817816,aggregate-centroid,uf-centroid:BA,,,COTEGI-BA069
7238,OMGDBA680,General,NORDESTE,0.0,-11.808100,-41.817816,aggregate-centroid,uf-centroid:BA,,,JACARA-BA069
7239,OMGDBA681,General,NORDESTE,0.0,-11.808100,-41.817816,aggregate-centroid,uf-centroid:BA,,,POLO---BA069
7240,OMGDBA683,General,NORDESTE,0.0,-11.808100,-41.817816,aggregate-centroid,uf-centroid:BA,,,IRECE--BA069
7241,OMGDBA685,General,NORDESTE,0.0,-11.808100,-41.817816,aggregate-centroid,uf-centroid:BA,,,BJLAPA-BA069
7242,OMGDBA686,General,NORDESTE,0.0,-11.808100,-41.817816,aggregate-centroid,uf-centroid:BA,,,BARREI-BA069
7243,OMGDBA794,General,NORDESTE,0.0,-11.808100,-41.817816,aggregate-centroid,uf-centroid:BA,,,IGAPOR-BA069
7244,OMGDBA876,General,NORDESTE,0.0,-11.808100,-41.817816,aggregate-centroid,uf-centroid:BA,,,FUNIL--BA013
7245,OMGDBA909,General,NORDESTE,0.0,-11.808100,-41.817816,aggregate-centroid,uf-centroid:BA,,,POCOE2-BA138
7246,OMGDBA972,General,NORDESTE,0.0,-11.808100,-41.817816,aggregate-centroid,uf-centroid:BA,,,CATU-B-BA013
7247,OMGDBA976,General,NORDESTE,0.0,-11.808100,-41.817816,aggregate-centroid,uf-centroid:BA,,,FUNIL--BA138
7248,OMGDCE11517,General,NORDESTE,0.0,-4.481031,-38.884481,aggregate-centroid,uf-centroid:CE,,,CRATO2-CE069
7249,OMGDCE11618,General,NORDESTE,0.0,-4.481031,-38.884481,aggregate-centroid,uf-centroid:CE,,,MARACN-CE069
7250,OMGDCE11619,General,NORDESTE,0.0,-4.481031,-38.884481,aggregate-centroid,uf-centroid:CE,,,AQUIR2-CE069
7251,OMGDCE55431,General,NORDESTE,0.0,-4.481031,-38.884481,aggregate-centroid,uf-centroid:CE,,,ACA2B2-CE069
7252,OMGDCE616,General,NORDESTE,0.0,-4.481031,-38.884481,aggregate-centroid,uf-centroid:CE,,,TAUA2--CE069
7253,OMGDCE617,General,NORDESTE,0.0,-4.481031,-38.884481,aggregate-centroid,uf-centroid:CE,,,ICO----CE069
7254,OMGDCE618,General,NORDESTE,0.0,-4.481031,-38.884481,aggregate-centroid,uf-centroid:CE,,,CAUIPE-CE069
7255,OMGDCE619,General,NORDESTE,0.0,-4.481031,-38.884481,aggregate-centroid,uf-centroid:CE,,,D.GOUV-CE069
7256,OMGDCE621,General,NORDESTE,0.0,-4.481031,-38.884481,aggregate-centroid,uf-centroid:CE,,,MILAGR-CE069
7257,OMGDCE622,General,NORDESTE,0.0,-4.481031,-38.884481,aggregate-centroid,uf-centroid:CE,,,BANABU-CE069
7258,OMGDCE623,General,NORDESTE,0.0,-4.481031,-38.884481,aggregate-centroid,uf-centroid:CE,,,RUSSAS-CE069
7259,OMGDCE625,General,NORDESTE,0.0,-4.481031,-38.884481,aggregate-centroid,uf-centroid:CE,,,FORTAL-CE069
7260,OMGDCE626,General,NORDESTE,0.0,-4.481031,-38.884481,aggregate-centroid,uf-centroid:CE,,,SOBRAL-CE069
7261,OMGDCE634,General,NORDESTE,0.0,-4.481031,-38.884481,aggregate-centroid,uf-centroid:CE,,,PICI2--CE069
7262,OMGDCE765,General,NORDESTE,0.0,-4.481031,-38.884481,aggregate-centroid,uf-centroid:CE,,,IBIAPI-CE069
7263,OMGDCE819,General,NORDESTE,0.0,-4.481031,-38.884481,aggregate-centroid,uf-centroid:CE,,,D.MAC2-CE069
7264,OMGDCE820,General,NORDESTE,0.0,-4.481031,-38.884481,aggregate-centroid,uf-centroid:CE,,,PACATB-CE069
7991,OMGDPB12699,General,NORDESTE,0.0,-6.999387,-36.587535,aggregate-centroid,uf-centroid:PB,,,JPSII--PB069
7992,OMGDPB16645,General,NORDESTE,0.0,-6.999387,-36.587535,aggregate-centroid,uf-centroid:PB,,,PILOS3-PB069
7993,OMGDPB633,General,NORDESTE,0.0,-6.999387,-36.587535,aggregate-centroid,uf-centroid:PB,,,COREM2-PB069
7994,OMGDPB644,General,NORDESTE,0.0,-6.999387,-36.587535,aggregate-centroid,uf-centroid:PB,,,CGRD2--PB069
7995,OMGDPB648,General,NORDESTE,0.0,-6.999387,-36.587535,aggregate-centroid,uf-centroid:PB,,,MUSSU2-PB069
7996,OMGDPB684,General,NORDESTE,0.0,-6.999387,-36.587535,aggregate-centroid,uf-centroid:PB,,,GOIANI-PB069
7997,OMGDPB694,General,NORDESTE,0.0,-6.999387,-36.587535,aggregate-centroid,uf-centroid:PB,,,S.CRUZ-PB069
7998,OMGDPB745,General,NORDESTE,0.0,-6.999387,-36.587535,aggregate-centroid,uf-centroid:PB,,,SRITA2-PB069
7999,OMGDPE120,General,NORDESTE,0.0,-8.247052,-37.012127,aggregate-centroid,uf-centroid:PE,,,B.NOME-PE138
8000,OMGDPE12033,General,NORDESTE,0.0,-8.247052,-37.012127,aggregate-centroid,uf-centroid:PE,,,GARAN2-PE069
8001,OMGDPE122,General,NORDESTE,0.0,-8.247052,-37.012127,aggregate-centroid,uf-centroid:PE,,,BNOME2-PE138
8002,OMGDPE12602,General,NORDESTE,0.0,-8.247052,-37.012127,aggregate-centroid,uf-centroid:PE,,,JABOAT-PE069
8003,OMGDPE17001,General,NORDESTE,0.0,-8.247052,-37.012127,aggregate-centroid,uf-centroid:PE,,,ANGELI-PE013
8004,OMGDPE17002,General,NORDESTE,0.0,-8.247052,-37.012127,aggregate-centroid,uf-centroid:PE,,,B.NOME-PE013
8005,OMGDPE17007,General,NORDESTE,0.0,-8.247052,-37.012127,aggregate-centroid,uf-centroid:PE,,,ARCVER-PE069
8006,OMGDPE17105,General,NORDESTE,0.0,-8.247052,-37.012127,aggregate-centroid,uf-centroid:PE,,,JUAZE2-PE069
8007,OMGDPE17230,General,NORDESTE,0.0,-8.247052,-37.012127,aggregate-centroid,uf-centroid:PE,,,CHAPA1-PE138
8008,OMGDPE17447,General,NORDESTE,0.0,-8.247052,-37.012127,aggregate-centroid,uf-centroid:PE,,,MTNORT-PE069
8009,OMGDPE5876,General,NORDESTE,0.0,-8.247052,-37.012127,aggregate-centroid,uf-centroid:PE,,,SUAPE3-PE069
8010,OMGDPE609,General,NORDESTE,0.0,-8.247052,-37.012127,aggregate-centroid,uf-centroid:PE,,,ZEBU---PE069
8011,OMGDPE620,General,NORDESTE,0.0,-8.247052,-37.012127,aggregate-centroid,uf-centroid:PE,,,B.NOME-PE069
8012,OMGDPE640,General,NORDESTE,0.0,-8.247052,-37.012127,aggregate-centroid,uf-centroid:PE,,,ANGELI-PE069
8013,OMGDPE643,General,NORDESTE,0.0,-8.247052,-37.012127,aggregate-centroid,uf-centroid:PE,,,BONGIA-PE069
8014,OMGDPE647,General,NORDESTE,0.0,-8.247052,-37.012127,aggregate-centroid,uf-centroid:PE,,,GOIANI-PE069
8015,OMGDPE649,General,NORDESTE,0.0,-8.247052,-37.012127,aggregate-centroid,uf-centroid:PE,,,PIRAPA-PE069
8016,OMGDPE650,General,NORDESTE,0.0,-8.247052,-37.012127,aggregate-centroid,uf-centroid:PE,,,MIRUEI-PE069
8017,OMGDPE654,General,NORDESTE,0.0,-8.247052,-37.012127,aggregate-centroid,uf-centroid:PE,,,JOAIRA-PE069
8018,OMGDPE655,General,NORDESTE,0.0,-8.247052,-37.012127,aggregate-centroid,uf-centroid:PE,,,TACAIM-PE069
8019,OMGDPE656,General,NORDESTE,0.0,-8.247052,-37.012127,aggregate-centroid,uf-centroid:PE,,,LCARRO-PE069
8020,OMGDPE660,General,NORDESTE,0.0,-8.247052,-37.012127,aggregate-centroid,uf-centroid:PE,,,PAU-FE-PE069
8021,OMGDPE661,General,NORDESTE,0.0,-8.247052,-37.012127,aggregate-centroid,uf-centroid:PE,,,MIRUE2-PE069
8022,OMGDPE752,General,NORDESTE,0.0,-8.247052,-37.012127,aggregate-centroid,uf-centroid:PE,,,RIBEIR-PE069
8382,OMGDRN12246,General,NORDESTE,0.0,-5.612384,-36.363568,aggregate-centroid,uf-centroid:RN,,,EXTREM-RN069
8383,OMGDRN16013,General,NORDESTE,0.0,-5.612384,-36.363568,aggregate-centroid,uf-centroid:RN,,,CARAU2-RN069
8384,OMGDRN56264,General,NORDESTE,0.0,-5.612384,-36.363568,aggregate-centroid,uf-centroid:RN,,,MOSSR4-RN069
8385,OMGDRN57700,General,NORDESTE,0.0,-5.612384,-36.363568,aggregate-centroid,uf-centroid:RN,,,LNOVA2-RN069
8386,OMGDRN624,General,NORDESTE,0.0,-5.612384,-36.363568,aggregate-centroid,uf-centroid:RN,,,MOSSOR-RN069
8387,OMGDRN645,General,NORDESTE,0.0,-5.612384,-36.363568,aggregate-centroid,uf-centroid:RN,,,S.CRUZ-RN069
8388,OMGDRN646,General,NORDESTE,0.0,-5.612384,-36.363568,aggregate-centroid,uf-centroid:RN,,,NATAL2-RN069
8389,OMGDRN651,General,NORDESTE,0.0,-5.612384,-36.363568,aggregate-centroid,uf-centroid:RN,,,ACU----RN069
8390,OMGDRN652,General,NORDESTE,0.0,-5.612384,-36.363568,aggregate-centroid,uf-centroid:RN,,,S.MATO-RN069
8391,OMGDRN653,General,NORDESTE,0.0,-5.612384,-36.363568,aggregate-centroid,uf-centroid:RN,,,C.NOVO-RN069
8392,OMGDRN689,General,NORDESTE,0.0,-5.612384,-36.363568,aggregate-centroid,uf-centroid:RN,,,ICO----RN069
8393,OMGDRN746,General,NORDESTE,0.0,-5.612384,-36.363568,aggregate-centroid,uf-centroid:RN,,,NATAL3-RN069
8831,OMGDSE11673,General,NORDESTE,0.0,-10.732562,-37.140311,aggregate-centroid,uf-centroid:SE,,,NSSOCO-SE069
8832,OMGDSE18007,General,NORDESTE,0.0,-10.732562,-37.140311,aggregate-centroid,uf-centroid:SE,,,NSGLO2-SE069
8833,OMGDSE608,General,NORDESTE,0.0,-10.732562,-37.140311,aggregate-centroid,uf-centroid:SE,,,ZEBU---SE069
8834,OMGDSE662,General,NORDESTE,0.0,-10.732562,-37.140311,aggregate-centroid,uf-centroid:SE,,,PENEDO-SE069
8835,OMGDSE671,General,NORDESTE,0.0,-10.732562,-37.140311,aggregate-centroid,uf-centroid:SE,,,ITABAI-SE069
8836,OMGDSE673,General,NORDESTE,0.0,-10.732562,-37.140311,aggregate-centroid,uf-centroid:SE,,,JARDIM-SE069
320,PCHTO000184,SmallHydro,NORTE,0.48,-11.371389,-47.575556,plant,reference,,,PEIX-B-TO500
321,PCHTO001305,SmallHydro,NORTE,2.07,-6.781944,-48.150833,plant,reference,,,ESTREI-MA500
322,PCHTO002796,SmallHydro,NORTE,1.75,-12.469430,-46.444179,plant,reference,,,PEIX-B-TO500
323,PCHTO027013,SmallHydro,NORTE,1.776,-9.841628,-48.293130,plant,reference,,,LAJEAD-TO500
324,PCHTO027567,SmallHydro,NORTE,0.68,-7.212420,-48.235887,plant,reference,,,COLINA-TO500
325,PCHTO027569,SmallHydro,NORTE,0.28,-12.097222,-46.485000,plant,reference,,,PEIX-B-TO500
326,PCHTO029804,SmallHydro,NORTE,1.12,-11.926944,-46.297222,plant,reference,,,BRTRNAPCH013
327,PCHTO031902,SmallHydro,NORTE,1.3,-11.926658,-46.269003,plant,reference,,,PIABNHPCH013
328,PCHTO035426,SmallHydro,NORTE,1.8,-11.926767,-46.276443,plant,reference,,,TAPUIAPCH013
329,PCHTO035446,SmallHydro,NORTE,1.8,-11.924722,-46.277222,plant,reference,,,SIRIVEPCH013
330,PCHTO035733,SmallHydro,NORTE,2.75,-11.927955,-46.312907,plant,reference,,,SUCURIPCH013
331,PCHTO035747,SmallHydro,NORTE,2.75,-11.930968,-46.329158,plant,reference,,,PEIX-B-TO500
738,EOLMA033673,Wind,NORTE,27.6,-2.629307,-42.647269,plant,reference,,,DELT3BEOL034
739,EOLMA033675,Wind,NORTE,27.6,-2.639737,-42.636903,plant,reference,,,DELT3BEOL034
740,EOLMA033680,Wind,NORTE,27.6,-2.618922,-42.657598,plant,reference,,,DELT3AEOL034
741,EOLMA033682,Wind,NORTE,27.6,-2.672120,-42.620042,plant,reference,,,DELT3CEOL034
742,EOLMA033683,Wind,NORTE,27.6,-2.627142,-42.663875,plant,reference,,,DELT3BEOL034
743,EOLMA033684,Wind,NORTE,27.6,-2.660519,-42.632172,plant,reference,,,DELT3CEOL034
744,EOLMA033685,Wind,NORTE,27.6,-2.657240,-42.614821,plant,reference,,,DELT3AEOL034
745,EOLMA033686,Wind,NORTE,27.6,-2.666983,-42.642317,plant,reference,,,DELT3CEOL034
746,EOLMA037967,Wind,NORTE,24.3,-2.705852,-42.533569,plant,reference,,,DLT5-6EOL034
747,EOLMA037970,Wind,NORTE,29.7,-2.700371,-42.558235,plant,reference,,,DLT5-6EOL034
748,EOLMA037972,Wind,NORTE,27.0,-2.684750,-42.571012,plant,reference,,,DLT5-6EOL034
749,EOLMA037976,Wind,NORTE,27.0,-2.668970,-42.595024,plant,reference,,,DELTA5EOL034
750,EOLMA040572,Wind,NORTE,27.0,-2.680885,-42.600133,plant,reference,,,DLT7-8EOL034
751,EOLMA040573,Wind,NORTE,35.1,-2.698092,-42.589169,plant,reference,,,DLT7-8EOL034
752,EOLMA040574,Wind,NORTE,35.1,-2.701760,-42.570466,plant,reference,,,DLT7-8EOL034
1510,PCHPA028653,SmallHydro,NORTE,20.0,-8.749690,-55.034119,plant,reference,,,3MAIO-PCH013
1511,PCHPA028671,SmallHydro,NORTE,10.0,-8.768536,-54.951769,plant,reference,,,PALMAS-TO230
1512,PCHPA028672,SmallHydro,NORTE,30.0,-8.742278,-54.960657,plant,reference,,,CURUABPCH013
1735,PCHTO000031,SmallHydro,NORTE,14.04,-11.675639,-46.668158,plant,reference,,,AGROTRPCH013
1736,PCHTO001149,SmallHydro,NORTE,29.064,-10.698828,-47.793914,plant,reference,,,ISAMUIPCH013
1737,PCHTO002756,SmallHydro,NORTE,4.82,-12.528442,-46.267634,plant,reference,,,PALMAS-TO230
1738,PCHTO027227,SmallHydro,NORTE,5.5,-11.468210,-46.814844,plant,reference,,,DIANOPPCH034
1739,PCHTO027411,SmallHydro,NORTE,5.04,-11.738159,-46.752833,plant,reference,,,PALMAS-TO230
1740,PCHTO028446,SmallHydro,NORTE,11.4,-11.697517,-46.736711,plant,reference,,,AREIA-PCH013
1741,PCHTO028447,SmallHydro,NORTE,14.0,-11.691614,-46.704221,plant,reference,,,AGUALIPCH013
1742,PCHTO029057,SmallHydro,NORTE,21.51,-12.152508,-46.817661,plant,reference,,,LAGOAGPCH013
1743,PCHTO029058,SmallHydro,NORTE,9.3,-11.950461,-46.755542,plant,reference,,,RIACHOPCH013
1744,PCHTO029059,SmallHydro,NORTE,30.0,-11.814167,-46.783056,plant,reference,,,PORTOFPCH013
1745,PCHTO029060,SmallHydro,NORTE,16.0,-11.890989,-46.770050,plant,reference,,,BOASORPCH013
1746,PCHTO031244,SmallHydro,NORTE,6.0,-11.710052,-46.750328,plant,reference,,,DOIDO-PCH013
1747,PCHTO032551,SmallHydro,NORTE,10.0,-11.980878,-46.642031,plant,reference,,,PALMAS-TO230
1748,PCHTO034495,SmallHydro,NORTE,8.0,-11.542097,-46.989211,plant,reference,,,MANUELPCH034
2128,UFVTO033608,Solar,NORTE,5.0,-9.540570,-48.537824,plant,reference,,,SMAIO2UFV013
2225,PCTMA028917,Biomass,NORTE,12.2,-4.888607,-47.391927,plant,reference,,,IMPERA-MA069
2226,PCTMA030959,Biomass,NORTE,254.84,-5.335780,-47.565775,plant,reference,,,SUZANOUTE013
2307,PCTPA032116,Biomass,NORTE,20.0,-3.018201,-47.370800,plant,reference,,,PARAGO-PA138
2513,PCTTO030518,Biomass,NORTE,80.0,-9.198015,-48.143338,plant,reference,,,P.AFONUTE013
2514,PCTTO030893,Biomass,NORTE,8.02,-12.934420,-46.946107,plant,siga:Operação,UTE.OF.TO.030893-5.2,Arraias - TO,ARRAIA-TO138
3392,PCTPA067993,Biomass,NORTE,1.141,-1.396958,-48.336900,plant,siga:Operação,UTE.RA.PA.067993-3.1,Marituba - PA,MARITU-PA069
3444,PCHTO053909,SmallHydro,NORTE,4.4,-11.399803,-46.888128,plant,siga:Operação,CGH.PH.TO.053909-0.1,Rio da Conceição - TO,RCONCEPCH034
4498,UFVMA057143,Solar,NORTE,0.42,-5.449197,-47.473597,plant,siga:Operação,UFV.RS.MA.057143-1.1,Imperatriz - MA,SQUEBR-MA500
4499,UFVMA074608,Solar,NORTE,1.5,-2.680000,-44.310000,bus-proxy,bus:SLUIS4-MA500,,,SLUIS4-MA500
4505,UFVPA072279,Solar,NORTE,1.0,-4.182206,-47.548587,plant,siga:Operação,UFV.RS.PA.072279-0.1,Dom Eliseu - PA,ACAILA-MA500
4506,UFVPA073397,Solar,NORTE,0.405,-0.990710,-46.753611,plant,siga:Operação,UFV.RS.PA.073397-0.1,Bragança - PA,MARITU-PA500
5223,MMGDMA115,Solar,NORTE,0.0,-2.663193,-44.274945,plant,reference,,,P.FRAN-MA138
5224,MMGDMA131,Solar,NORTE,0.0,-4.430784,-44.267755,aggregate-centroid,uf-centroid:MA,,,MIRAND-MA138
5225,MMGDMA13102,Solar,NORTE,0.0,-4.430784,-44.267755,aggregate-centroid,uf-centroid:MA,,,SLUIS4-MA069
5226,MMGDMA14483,Solar,NORTE,0.0,-4.430784,-44.267755,aggregate-centroid,uf-centroid:MA,,,S.LUZ3-MA138
5227,MMGDMA19002,Solar,NORTE,0.0,-4.430784,-44.267755,aggregate-centroid,uf-centroid:MA,,,CHAPAD-MA069
5228,MMGDMA19069,Solar,NORTE,0.0,-4.430784,-44.267755,aggregate-centroid,uf-centroid:MA,,,ENCRUZ-MA069
5229,MMGDMA19090,Solar,NORTE,0.0,-4.430784,-44.267755,aggregate-centroid,uf-centroid:MA,,,TERES--MA069
5230,MMGDMA19110,Solar,NORTE,0.0,-4.430784,-44.267755,aggregate-centroid,uf-centroid:MA,,,CAXIA2-MA069
5231,MMGDMA19300,Solar,NORTE,0.0,-4.430784,-44.267755,aggregate-centroid,uf-centroid:MA,,,ACAIL--MA069
5232,MMGDMA19302,Solar,NORTE,0.0,-4.430784,-44.267755,aggregate-centroid,uf-centroid:MA,,,PIQUIA-MA069
5233,MMGDMA19310,Solar,NORTE,0.0,-4.430784,-44.267755,aggregate-centroid,uf-centroid:MA,,,ST.LUZ-MA138
5234,MMGDMA19317,Solar,NORTE,0.0,-4.430784,-44.267755,aggregate-centroid,uf-centroid:MA,,,S.INES-MA138
5235,MMGDMA19318,Solar,NORTE,0.0,-4.430784,-44.267755,aggregate-centroid,uf-centroid:MA,,,VITORI-MA069
5236,MMGDMA19322,Solar,NORTE,0.0,-4.430784,-44.267755,aggregate-centroid,uf-centroid:MA,,,BACAB1-MA069
5237,MMGDMA607,Solar,NORTE,0.0,-4.430784,-44.267755,aggregate-centroid,uf-centroid:MA,,,BALSAS-MA069
5238,MMGDMA615,Solar,NORTE,0.0,-4.430784,-44.267755,aggregate-centroid,uf-centroid:MA,,,P.FRAN-MA069
5239,MMGDMA630,Solar,NORTE,0.0,-4.430784,-44.267755,aggregate-centroid,uf-centroid:MA,,,PERITO-MA069
5240,MMGDMA631,Solar,NORTE,0.0,-4.430784,-44.267755,aggregate-centroid,uf-centroid:MA,,,MIRAND-MA069
5241,MMGDMA632,Solar,NORTE,0.0,-4.430784,-44.267755,aggregate-centroid,uf-centroid:MA,,,SLU1S1-MA069
5242,MMGDMA636,Solar,NORTE,0.0,-4.430784,-44.267755,aggregate-centroid,uf-centroid:MA,,,C.NETO-MA069
5243,MMGDMA638,Solar,NORTE,0.0,-4.430784,-44.267755,aggregate-centroid,uf-centroid:MA,,,P.DUTR-MA069
5244,MMGDMA639,Solar,NORTE,0.0,-4.430784,-44.267755,aggregate-centroid,uf-centroid:MA,,,IMPERA-MA069
5245,MMGDMA669,Solar,NORTE,0.0,-4.430784,-44.267755,aggregate-centroid,uf-centroid:MA,,,B.ESPE-MA069
5246,MMGDMA814,Solar,NORTE,0.0,-4.430784,-44.267755,aggregate-centroid,uf-centroid:MA,,,SLUIS3-MA069
5247,MMGDMA831,Solar,NORTE,0.0,-4.430784,-44.267755,aggregate-centroid,uf-centroid:MA,,,MIRNDT-MA013
5248,MMGDMA930,Solar,NORTE,0.0,-4.430784,-44.267755,aggregate-centroid,uf-centroid:MA,,,PERITO-MA013
5701,MMGDPA10001,Solar,NORTE,0.0,-2.194686,-50.989705,aggregate-centroid,uf-centroid:PA,,,JURUPA-PA069
5702,MMGDPA10998,Solar,NORTE,0.0,-2.194686,-50.989705,aggregate-centroid,uf-centroid:PA,,,ORIXIM-PA138
5703,MMGDPA13015,Solar,NORTE,0.0,-2.194686,-50.989705,aggregate-centroid,uf-centroid:PA,,,TAPAJO-PA138
5704,MMGDPA192,Solar,NORTE,0.0,-2.194686,-50.989705,aggregate-centroid,uf-centroid:PA,,,ST.MAR-PA138
5705,MMGDPA19507,Solar,NORTE,0.0,-2.194686,-50.989705,aggregate-centroid,uf-centroid:PA,,,R.VERM-PA138
5706,MMGDPA19508,Solar,NORTE,0.0,-2.194686,-50.989705,aggregate-centroid,uf-centroid:PA,,,ELDORA-PA138
5707,MMGDPA19513,Solar,NORTE,0.0,-2.194686,-50.989705,aggregate-centroid,uf-centroid:PA,,,MABCPA-PA013
5708,MMGDPA19515,Solar,NORTE,0.0,-2.194686,-50.989705,aggregate-centroid,uf-centroid:PA,,,MABCP2-PA138
5709,MMGDPA19516,Solar,NORTE,0.0,-2.194686,-50.989705,aggregate-centroid,uf-centroid:PA,,,ITACPA-PA138
5710,MMGDPA19519,Solar,NORTE,0.0,-2.194686,-50.989705,aggregate-centroid,uf-centroid:PA,,,SANTAN-PA138
5711,MMGDPA19523,Solar,NORTE,0.0,-2.194686,-50.989705,aggregate-centroid,uf-centroid:PA,,,JURUTI-PA138
5712,MMGDPA19525,Solar,NORTE,0.0,-2.194686,-50.989705,aggregate-centroid,uf-centroid:PA,,,AGUA_A-PA138
5713,MMGDPA19545,Solar,NORTE,0.0,-2.194686,-50.989705,aggregate-centroid,uf-centroid:PA,,,XINCPA-PA138
5714,MMGDPA19546,Solar,NORTE,0.0,-2.194686,-50.989705,aggregate-centroid,uf-centroid:PA,,,MOP----PA138
5715,MMGDPA19549,Solar,NORTE,0.0,-2.194686,-50.989705,aggregate-centroid,uf-centroid:PA,,,PARCPA-PA138
5716,MMGDPA19550,Solar,NORTE,0.0,-2.194686,-50.989705,aggregate-centroid,uf-centroid:PA,,,CANAA--PA138
5717,MMGDPA19564,Solar,NORTE,0.0,-2.194686,-50.989705,aggregate-centroid,uf-centroid:PA,,,NOPAP--PA138
5718,MMGDPA19566,Solar,NORTE,0.0,-2.194686,-50.989705,aggregate-centroid,uf-centroid:PA,,,BELTER-PA138
5719,MMGDPA19588,Solar,NORTE,0.0,-2.194686,-50.989705,aggregate-centroid,uf-centroid:PA,,,CASTSO-PA138
5720,MMGDPA19589,Solar,NORTE,0.0,-2.194686,-50.989705,aggregate-centroid,uf-centroid:PA,,,NOVPR1-PA138
5721,MMGDPA19658,Solar,NORTE,0.0,-2.194686,-50.989705,aggregate-centroid,uf-centroid:PA,,,RONDON-PA069
5722,MMGDPA19659,Solar,NORTE,0.0,-2.194686,-50.989705,aggregate-centroid,uf-centroid:PA,,,M.NOVA-PA069
5723,MMGDPA19660,Solar,NORTE,0.0,-2.194686,-50.989705,aggregate-centroid,uf-centroid:PA,,,D.ELIS-PA069
5724,MMGDPA19662,Solar,NORTE,0.0,-2.194686,-50.989705,aggregate-centroid,uf-centroid:PA,,,B.JESU-PA069
5725,MMGDPA19699,Solar,NORTE,0.0,-2.194686,-50.989705,aggregate-centroid,uf-centroid:PA,,,TOMEA2-PA138
5726,MMGDPA19751,Solar,NORTE,0.0,-2.194686,-50.989705,aggregate-centroid,uf-centroid:PA,,,S.MIGU-PA138
5727,MMGDPA19752,Solar,NORTE,0.0,-2.194686,-50.989705,aggregate-centroid,uf-centroid:PA,,,M.RIO--PA138
5728,MMGDPA19757,Solar,NORTE,0.0,-2.194686,-50.989705,aggregate-centroid,uf-centroid:PA,,,PARAGO-PA138
5729,MMGDPA19760,Solar,NORTE,0.0,-2.194686,-50.989705,aggregate-centroid,uf-centroid:PA,,,MARITU-PA069
5730,MMGDPA19787,Solar,NORTE,0.0,-2.194686,-50.989705,aggregate-centroid,uf-centroid:PA,,,LARANJ-PA069
5731,MMGDPA560,Solar,NORTE,0.0,-1.483053,-48.460634,plant,reference,,,RUROP--PA138
5732,MMGDPA561,Solar,NORTE,0.0,-2.194686,-50.989705,aggregate-centroid,uf-centroid:PA,,,TRANSA-PA034
5733,MMGDPA690,Solar,NORTE,0.0,-2.194686,-50.989705,aggregate-centroid,uf-centroid:PA,,,GUAMA--PA069
5734,MMGDPA691,Solar,NORTE,0.0,-2.194686,-50.989705,aggregate-centroid,uf-centroid:PA,,,UTINGA-PA069
5735,MMGDPA692,Solar,NORTE,0.0,-2.194686,-50.989705,aggregate-centroid,uf-centroid:PA,,,STMARI-PA069
5736,MMGDPA693,Solar,NORTE,0.0,-2.194686,-50.989705,aggregate-centroid,uf-centroid:PA,,,MIRAMA-PA069
5737,MMGDPA696,Solar,NORTE,0.0,-2.194686,-50.989705,aggregate-centroid,uf-centroid:PA,,,TUCURU-PA138
5738,MMGDPA697,Solar,NORTE,0.0,-2.194686,-50.989705,aggregate-centroid,uf-centroid:PA,,,TUCURU-PA069
5739,MMGDPA698,Solar,NORTE,0.0,-2.194686,-50.989705,aggregate-centroid,uf-centroid:PA,,,V.COND-PA069
5740,MMGDPA699,Solar,NORTE,0.0,-2.194686,-50.989705,aggregate-centroid,uf-centroid:PA,,,MARABA-PA069
5741,MMGDPA800,Solar,NORTE,0.0,-2.194686,-50.989705,aggregate-centroid,uf-centroid:PA,,,CASTAN-PA138
5742,MMGDPA862,Solar,NORTE,0.0,-2.194686,-50.989705,aggregate-centroid,uf-centroid:PA,,,ALTAMI-PA069
5743,MMGDPA948,Solar,NORTE,0.0,-2.194686,-50.989705,aggregate-centroid,uf-centroid:PA,,,CARAJA-PA138
7148,MMGDTO20505,Solar,NORTE,0.0,-10.515283,-47.382695,aggregate-centroid,uf-centroid:TO,,,ALMAS--TO034
7149,MMGDTO20506,Solar,NORTE,0.0,-10.515283,-47.382695,aggregate-centroid,uf-centroid:TO,,,ALMAS--TO013
7150,MMGDTO20511,Solar,NORTE,0.0,-10.515283,-47.382695,aggregate-centroid,uf-centroid:TO,,,GURUP2-TO013
7151,MMGDTO20518,Solar,NORTE,0.0,-10.515283,-47.382695,aggregate-centroid,uf-centroid:TO,,,SMIGUE-TO034
7152,MMGDTO20531,Solar,NORTE,0.0,-10.515283,-47.382695,aggregate-centroid,uf-centroid:TO,,,TOCANT-TO034
7153,MMGDTO20532,Solar,NORTE,0.0,-10.515283,-47.382695,aggregate-centroid,uf-centroid:TO,,,TOCANT-TO013
7154,MMGDTO20536,Solar,NORTE,0.0,-10.515283,-47.382695,aggregate-centroid,uf-centroid:TO,,,ARAGU1-TO034
7155,MMGDTO20537,Solar,NORTE,0.0,-10.515283,-47.382695,aggregate-centroid,uf-centroid:TO,,,ARAGU1-TO013
7156,MMGDTO20538,Solar,NORTE,0.0,-10.515283,-47.382695,aggregate-centroid,uf-centroid:TO,,,ARAGU2-TO013
7157,MMGDTO20542,Solar,NORTE,0.0,-10.515283,-47.382695,aggregate-centroid,uf-centroid:TO,,,NOVAOL-TO013
7158,MMGDTO20543,Solar,NORTE,0.0,-10.515283,-47.382695,aggregate-centroid,uf-centroid:TO,,,GUARA2-TO034
7159,MMGDTO20551,Solar,NORTE,0.0,-10.515283,-47.382695,aggregate-centroid,uf-centroid:TO,,,COLINA-TO034
7160,MMGDTO20552,Solar,NORTE,0.0,-10.515283,-47.382695,aggregate-centroid,uf-centroid:TO,,,COLINA-TO013
7161,MMGDTO20555,Solar,NORTE,0.0,-10.515283,-47.382695,aggregate-centroid,uf-centroid:TO,,,PALM2A-TO013
7162,MMGDTO20556,Solar,NORTE,0.0,-10.515283,-47.382695,aggregate-centroid,uf-centroid:TO,,,PALM2A-TO034
7163,MMGDTO20558,Solar,NORTE,0.0,-10.515283,-47.382695,aggregate-centroid,uf-centroid:TO,,,PALM3A-TO013
7164,MMGDTO20559,Solar,NORTE,0.0,-10.515283,-47.382695,aggregate-centroid,uf-centroid:TO,,,PALM4A-TO013
7165,MMGDTO20564,Solar,NORTE,0.0,-10.515283,-47.382695,aggregate-centroid,uf-centroid:TO,,,PARAI1-TO034
7166,MMGDTO20565,Solar,NORTE,0.0,-10.515283,-47.382695,aggregate-centroid,uf-centroid:TO,,,PARAI1-TO013
7167,MMGDTO20567,Solar,NORTE,0.0,-10.515283,-47.382695,aggregate-centroid,uf-centroid:TO,,,P.NACI-TO034
7168,MMGDTO20568,Solar,NORTE,0.0,-10.515283,-47.382695,aggregate-centroid,uf-centroid:TO,,,P.NACI-TO013
7169,MMGDTO20570,Solar,NORTE,0.0,-10.515283,-47.382695,aggregate-centroid,uf-centroid:TO,,,N.ROSA-TO034
7170,MMGDTO20571,Solar,NORTE,0.0,-10.515283,-47.382695,aggregate-centroid,uf-centroid:TO,,,N.ROSA-TO013
7171,MMGDTO20577,Solar,NORTE,0.0,-10.515283,-47.382695,aggregate-centroid,uf-centroid:TO,,,MIRANO-TO034
7172,MMGDTO20578,Solar,NORTE,0.0,-10.515283,-47.382695,aggregate-centroid,uf-centroid:TO,,,MIRANO-TO013
7173,MMGDTO20579,Solar,NORTE,0.0,-10.515283,-47.382695,aggregate-centroid,uf-centroid:TO,,,S.JOAO-TO034
7174,MMGDTO20581,Solar,NORTE,0.0,-10.515283,-47.382695,aggregate-centroid,uf-centroid:TO,,,P.ALTA-TO034
7175,MMGDTO20585,Solar,NORTE,0.0,-10.515283,-47.382695,aggregate-centroid,uf-centroid:TO,,,DIANOPPCH034
7176,MMGDTO20586,Solar,NORTE,0.0,-10.515283,-47.382695,aggregate-centroid,uf-centroid:TO,,,DIANOP-TO013
7177,MMGDTO20591,Solar,NORTE,0.0,-10.515283,-47.382695,aggregate-centroid,uf-centroid:TO,,,GURUP1-TO034
7178,MMGDTO20592,Solar,NORTE,0.0,-10.515283,-47.382695,aggregate-centroid,uf-centroid:TO,,,GURUP1-TO013
7179,MMGDTO20605,Solar,NORTE,0.0,-10.515283,-47.382695,aggregate-centroid,uf-centroid:TO,,,CASEAR-TO034
7180,MMGDTO911,Solar,NORTE,0.0,-10.217632,-48.339865,plant,reference,,,MIRACE-TO138
7181,MMGDTO9778,Solar,NORTE,0.0,-10.515283,-47.382695,aggregate-centroid,uf-centroid:TO,,,PEIXE--TO013
7182,MMGDTO9799,Solar,NORTE,0.0,-10.515283,-47.382695,aggregate-centroid,uf-centroid:TO,,,ARAGU1-TO138
7470,OMGDMA115,General,NORTE,0.0,-4.430784,-44.267755,aggregate-centroid,uf-centroid:MA,,,P.FRAN-MA138
7471,OMGDMA131,General,NORTE,0.0,-4.430784,-44.267755,aggregate-centroid,uf-centroid:MA,,,MIRAND-MA138
7472,OMGDMA13102,General,NORTE,0.0,-4.430784,-44.267755,aggregate-centroid,uf-centroid:MA,,,SLUIS4-MA069
7473,OMGDMA14483,General,NORTE,0.0,-4.430784,-44.267755,aggregate-centroid,uf-centroid:MA,,,S.LUZ3-MA138
7474,OMGDMA19002,General,NORTE,0.0,-4.430784,-44.267755,aggregate-centroid,uf-centroid:MA,,,CHAPAD-MA069
7475,OMGDMA19069,General,NORTE,0.0,-4.430784,-44.267755,aggregate-centroid,uf-centroid:MA,,,ENCRUZ-MA069
7476,OMGDMA19090,General,NORTE,0.0,-4.430784,-44.267755,aggregate-centroid,uf-centroid:MA,,,TERES--MA069
7477,OMGDMA19110,General,NORTE,0.0,-4.430784,-44.267755,aggregate-centroid,uf-centroid:MA,,,CAXIA2-MA069
7478,OMGDMA19300,General,NORTE,0.0,-4.430784,-44.267755,aggregate-centroid,uf-centroid:MA,,,ACAIL--MA069
7479,OMGDMA19302,General,NORTE,0.0,-4.430784,-44.267755,aggregate-centroid,uf-centroid:MA,,,PIQUIA-MA069
7480,OMGDMA19310,General,NORTE,0.0,-4.430784,-44.267755,aggregate-centroid,uf-centroid:MA,,,ST.LUZ-MA138
7481,OMGDMA19317,General,NORTE,0.0,-4.430784,-44.267755,aggregate-centroid,uf-centroid:MA,,,S.INES-MA138
7482,OMGDMA19318,General,NORTE,0.0,-4.430784,-44.267755,aggregate-centroid,uf-centroid:MA,,,VITORI-MA069
7483,OMGDMA19322,General,NORTE,0.0,-4.430784,-44.267755,aggregate-centroid,uf-centroid:MA,,,BACAB1-MA069
7484,OMGDMA607,General,NORTE,0.0,-4.430784,-44.267755,aggregate-centroid,uf-centroid:MA,,,BALSAS-MA069
7485,OMGDMA615,General,NORTE,0.0,-4.430784,-44.267755,aggregate-centroid,uf-centroid:MA,,,P.FRAN-MA069
7486,OMGDMA630,General,NORTE,0.0,-4.430784,-44.267755,aggregate-centroid,uf-centroid:MA,,,PERITO-MA069
7487,OMGDMA631,General,NORTE,0.0,-4.430784,-44.267755,aggregate-centroid,uf-centroid:MA,,,MIRAND-MA069
7488,OMGDMA632,General,NORTE,0.0,-4.430784,-44.267755,aggregate-centroid,uf-centroid:MA,,,SLU1S1-MA069
7489,OMGDMA636,General,NORTE,0.0,-4.430784,-44.267755,aggregate-centroid,uf-centroid:MA,,,C.NETO-MA069
7490,OMGDMA638,General,NORTE,0.0,-4.430784,-44.267755,aggregate-centroid,uf-centroid:MA,,,P.DUTR-MA069
7491,OMGDMA639,General,NORTE,0.0,-4.430784,-44.267755,aggregate-centroid,uf-centroid:MA,,,IMPERA-MA069
7492,OMGDMA669,General,NORTE,0.0,-4.430784,-44.267755,aggregate-centroid,uf-centroid:MA,,,B.ESPE-MA069
7493,OMGDMA814,General,NORTE,0.0,-4.430784,-44.267755,aggregate-centroid,uf-centroid:MA,,,SLUIS3-MA069
7494,OMGDMA831,General,NORTE,0.0,-4.430784,-44.267755,aggregate-centroid,uf-centroid:MA,,,MIRNDT-MA013
7495,OMGDMA930,General,NORTE,0.0,-4.430784,-44.267755,aggregate-centroid,uf-centroid:MA,,,PERITO-MA013
7948,OMGDPA10001,General,NORTE,0.0,-2.194686,-50.989705,aggregate-centroid,uf-centroid:PA,,,JURUPA-PA069
7949,OMGDPA10998,General,NORTE,0.0,-2.194686,-50.989705,aggregate-centroid,uf-centroid:PA,,,ORIXIM-PA138
7950,OMGDPA13015,General,NORTE,0.0,-2.194686,-50.989705,aggregate-centroid,uf-centroid:PA,,,TAPAJO-PA138
7951,OMGDPA192,General,NORTE,0.0,-2.194686,-50.989705,aggregate-centroid,uf-centroid:PA,,,ST.MAR-PA138
7952,OMGDPA19507,General,NORTE,0.0,-2.194686,-50.989705,aggregate-centroid,uf-centroid:PA,,,R.VERM-PA138
7953,OMGDPA19508,General,NORTE,0.0,-2.194686,-50.989705,aggregate-centroid,uf-centroid:PA,,,ELDORA-PA138
7954,OMGDPA19513,General,NORTE,0.0,-2.194686,-50.989705,aggregate-centroid,uf-centroid:PA,,,MABCPA-PA013
7955,OMGDPA19515,General,NORTE,0.0,-2.194686,-50.989705,aggregate-centroid,uf-centroid:PA,,,MABCP2-PA138
7956,OMGDPA19516,General,NORTE,0.0,-2.194686,-50.989705,aggregate-centroid,uf-centroid:PA,,,ITACPA-PA138
7957,OMGDPA19519,General,NORTE,0.0,-2.194686,-50.989705,aggregate-centroid,uf-centroid:PA,,,SANTAN-PA138
7958,OMGDPA19523,General,NORTE,0.0,-2.194686,-50.989705,aggregate-centroid,uf-centroid:PA,,,JURUTI-PA138
7959,OMGDPA19525,General,NORTE,0.0,-2.194686,-50.989705,aggregate-centroid,uf-centroid:PA,,,AGUA_A-PA138
7960,OMGDPA19545,General,NORTE,0.0,-2.194686,-50.989705,aggregate-centroid,uf-centroid:PA,,,XINCPA-PA138
7961,OMGDPA19546,General,NORTE,0.0,-2.194686,-50.989705,aggregate-centroid,uf-centroid:PA,,,MOP----PA138
7962,OMGDPA19549,General,NORTE,0.0,-2.194686,-50.989705,aggregate-centroid,uf-centroid:PA,,,PARCPA-PA138
7963,OMGDPA19550,General,NORTE,0.0,-2.194686,-50.989705,aggregate-centroid,uf-centroid:PA,,,CANAA--PA138
7964,OMGDPA19564,General,NORTE,0.0,-2.194686,-50.989705,aggregate-centroid,uf-centroid:PA,,,NOPAP--PA138
7965,OMGDPA19566,General,NORTE,0.0,-2.194686,-50.989705,aggregate-centroid,uf-centroid:PA,,,BELTER-PA138
7966,OMGDPA19588,General,NORTE,0.0,-2.194686,-50.989705,aggregate-centroid,uf-centroid:PA,,,CASTSO-PA138
7967,OMGDPA19589,General,NORTE,0.0,-2.194686,-50.989705,aggregate-centroid,uf-centroid:PA,,,NOVPR1-PA138
7968,OMGDPA19658,General,NORTE,0.0,-2.194686,-50.989705,aggregate-centroid,uf-centroid:PA,,,RONDON-PA069
7969,OMGDPA19659,General,NORTE,0.0,-2.194686,-50.989705,aggregate-centroid,uf-centroid:PA,,,M.NOVA-PA069
7970,OMGDPA19660,General,NORTE,0.0,-2.194686,-50.989705,aggregate-centroid,uf-centroid:PA,,,D.ELIS-PA069
7971,OMGDPA19662,General,NORTE,0.0,-2.194686,-50.989705,aggregate-centroid,uf-centroid:PA,,,B.JESU-PA069
7972,OMGDPA19699,General,NORTE,0.0,-2.194686,-50.989705,aggregate-centroid,uf-centroid:PA,,,TOMEA2-PA138
7973,OMGDPA19751,General,NORTE,0.0,-2.194686,-50.989705,aggregate-centroid,uf-centroid:PA,,,S.MIGU-PA138
7974,OMGDPA19752,General,NORTE,0.0,-2.194686,-50.989705,aggregate-centroid,uf-centroid:PA,,,M.RIO--PA138
7975,OMGDPA19757,General,NORTE,0.0,-2.194686,-50.989705,aggregate-centroid,uf-centroid:PA,,,PARAGO-PA138
7976,OMGDPA19760,General,NORTE,0.0,-2.194686,-50.989705,aggregate-centroid,uf-centroid:PA,,,MARITU-PA069
7977,OMGDPA19787,General,NORTE,0.0,-2.194686,-50.989705,aggregate-centroid,uf-centroid:PA,,,LARANJ-PA069
7978,OMGDPA560,General,NORTE,0.0,-2.194686,-50.989705,aggregate-centroid,uf-centroid:PA,,,RUROP--PA138
7979,OMGDPA561,General,NORTE,0.0,-2.194686,-50.989705,aggregate-centroid,uf-centroid:PA,,,TRANSA-PA034
7980,OMGDPA690,General,NORTE,0.0,-2.194686,-50.989705,aggregate-centroid,uf-centroid:PA,,,GUAMA--PA069
7981,OMGDPA691,General,NORTE,0.0,-2.194686,-50.989705,aggregate-centroid,uf-centroid:PA,,,UTINGA-PA069
7982,OMGDPA692,General,NORTE,0.0,-2.194686,-50.989705,aggregate-centroid,uf-centroid:PA,,,STMARI-PA069
7983,OMGDPA693,General,NORTE,0.0,-2.194686,-50.989705,aggregate-centroid,uf-centroid:PA,,,MIRAMA-PA069
7984,OMGDPA696,General,NORTE,0.0,-2.194686,-50.989705,aggregate-centroid,uf-centroid:PA,,,TUCURU-PA138
7985,OMGDPA697,General,NORTE,0.0,-2.194686,-50.989705,aggregate-centroid,uf-centroid:PA,,,TUCURU-PA069
7986,OMGDPA698,General,NORTE,0.0,-2.194686,-50.989705,aggregate-centroid,uf-centroid:PA,,,V.COND-PA069
7987,OMGDPA699,General,NORTE,0.0,-2.194686,-50.989705,aggregate-centroid,uf-centroid:PA,,,MARABA-PA069
7988,OMGDPA800,General,NORTE,0.0,-2.194686,-50.989705,aggregate-centroid,uf-centroid:PA,,,CASTAN-PA138
7989,OMGDPA862,General,NORTE,0.0,-2.194686,-50.989705,aggregate-centroid,uf-centroid:PA,,,ALTAMI-PA069
7990,OMGDPA948,General,NORTE,0.0,-2.194686,-50.989705,aggregate-centroid,uf-centroid:PA,,,CARAJA-PA138
9364,OMGDTO20505,General,NORTE,0.0,-10.515283,-47.382695,aggregate-centroid,uf-centroid:TO,,,ALMAS--TO034
9365,OMGDTO20506,General,NORTE,0.0,-10.515283,-47.382695,aggregate-centroid,uf-centroid:TO,,,ALMAS--TO013
9366,OMGDTO20511,General,NORTE,0.0,-10.515283,-47.382695,aggregate-centroid,uf-centroid:TO,,,GURUP2-TO013
9367,OMGDTO20518,General,NORTE,0.0,-10.515283,-47.382695,aggregate-centroid,uf-centroid:TO,,,SMIGUE-TO034
9368,OMGDTO20531,General,NORTE,0.0,-10.515283,-47.382695,aggregate-centroid,uf-centroid:TO,,,TOCANT-TO034
9369,OMGDTO20532,General,NORTE,0.0,-10.515283,-47.382695,aggregate-centroid,uf-centroid:TO,,,TOCANT-TO013
9370,OMGDTO20536,General,NORTE,0.0,-10.515283,-47.382695,aggregate-centroid,uf-centroid:TO,,,ARAGU1-TO034
9371,OMGDTO20537,General,NORTE,0.0,-10.515283,-47.382695,aggregate-centroid,uf-centroid:TO,,,ARAGU1-TO013
9372,OMGDTO20538,General,NORTE,0.0,-10.515283,-47.382695,aggregate-centroid,uf-centroid:TO,,,ARAGU2-TO013
9373,OMGDTO20542,General,NORTE,0.0,-10.515283,-47.382695,aggregate-centroid,uf-centroid:TO,,,NOVAOL-TO013
9374,OMGDTO20543,General,NORTE,0.0,-10.515283,-47.382695,aggregate-centroid,uf-centroid:TO,,,GUARA2-TO034
9375,OMGDTO20551,General,NORTE,0.0,-10.515283,-47.382695,aggregate-centroid,uf-centroid:TO,,,COLINA-TO034
9376,OMGDTO20552,General,NORTE,0.0,-10.515283,-47.382695,aggregate-centroid,uf-centroid:TO,,,COLINA-TO013
9377,OMGDTO20555,General,NORTE,0.0,-10.515283,-47.382695,aggregate-centroid,uf-centroid:TO,,,PALM2A-TO013
9378,OMGDTO20556,General,NORTE,0.0,-10.515283,-47.382695,aggregate-centroid,uf-centroid:TO,,,PALM2A-TO034
9379,OMGDTO20558,General,NORTE,0.0,-10.515283,-47.382695,aggregate-centroid,uf-centroid:TO,,,PALM3A-TO013
9380,OMGDTO20559,General,NORTE,0.0,-10.515283,-47.382695,aggregate-centroid,uf-centroid:TO,,,PALM4A-TO013
9381,OMGDTO20564,General,NORTE,0.0,-10.515283,-47.382695,aggregate-centroid,uf-centroid:TO,,,PARAI1-TO034
9382,OMGDTO20565,General,NORTE,0.0,-10.515283,-47.382695,aggregate-centroid,uf-centroid:TO,,,PARAI1-TO013
9383,OMGDTO20567,General,NORTE,0.0,-10.515283,-47.382695,aggregate-centroid,uf-centroid:TO,,,P.NACI-TO034
9384,OMGDTO20568,General,NORTE,0.0,-10.515283,-47.382695,aggregate-centroid,uf-centroid:TO,,,P.NACI-TO013
9385,OMGDTO20570,General,NORTE,0.0,-10.515283,-47.382695,aggregate-centroid,uf-centroid:TO,,,N.ROSA-TO034
9386,OMGDTO20571,General,NORTE,0.0,-10.515283,-47.382695,aggregate-centroid,uf-centroid:TO,,,N.ROSA-TO013
9387,OMGDTO20577,General,NORTE,0.0,-10.515283,-47.382695,aggregate-centroid,uf-centroid:TO,,,MIRANO-TO034
9388,OMGDTO20578,General,NORTE,0.0,-10.515283,-47.382695,aggregate-centroid,uf-centroid:TO,,,MIRANO-TO013
9389,OMGDTO20579,General,NORTE,0.0,-10.515283,-47.382695,aggregate-centroid,uf-centroid:TO,,,S.JOAO-TO034
9390,OMGDTO20581,General,NORTE,0.0,-10.515283,-47.382695,aggregate-centroid,uf-centroid:TO,,,P.ALTA-TO034
9391,OMGDTO20585,General,NORTE,0.0,-10.515283,-47.382695,aggregate-centroid,uf-centroid:TO,,,DIANOPPCH034
9392,OMGDTO20586,General,NORTE,0.0,-10.515283,-47.382695,aggregate-centroid,uf-centroid:TO,,,DIANOP-TO013
9393,OMGDTO20591,General,NORTE,0.0,-10.515283,-47.382695,aggregate-centroid,uf-centroid:TO,,,GURUP1-TO034
9394,OMGDTO20592,General,NORTE,0.0,-10.515283,-47.382695,aggregate-centroid,uf-centroid:TO,,,GURUP1-TO013
9395,OMGDTO20605,General,NORTE,0.0,-10.515283,-47.382695,aggregate-centroid,uf-centroid:TO,,,CASEAR-TO034
9396,OMGDTO911,General,NORTE,0.0,-10.515283,-47.382695,aggregate-centroid,uf-centroid:TO,,,MIRACE-TO138
9397,OMGDTO9778,General,NORTE,0.0,-10.515283,-47.382695,aggregate-centroid,uf-centroid:TO,,,PEIXE--TO013
9398,OMGDTO9799,General,NORTE,0.0,-10.515283,-47.382695,aggregate-centroid,uf-centroid:TO,,,ARAGU1-TO138
136,PCHRO001412,SmallHydro,AC RO,2.5,-12.845164,-60.322046,plant,reference,,,VILHENPCH034
137,PCHRO002530,SmallHydro,AC RO,2.56,-12.899642,-60.197072,plant,reference,,,VILHENPCH034
138,PCHRO026716,SmallHydro,AC RO,3.0,-12.350849,-61.759878,plant,reference,,,ROLI01PCH013
139,PCHRO027161,SmallHydro,AC RO,3.804,-12.574121,-61.490303,plant,reference,,,ROLI01PCH013
140,PCHRO027963,SmallHydro,AC RO,2.0,-13.084085,-60.622074,plant,reference,,,COLOR-PCH013
141,PCHRO028083,SmallHydro,AC RO,0.95,-13.127896,-60.641113,plant,reference,,,COLOR-PCH013
142,PCHRO028099,SmallHydro,AC RO,1.48,-13.151667,-60.656667,plant,reference,,,COLOR-PCH013
143,PCHRO029211,SmallHydro,AC RO,1.84,-12.823064,-60.292845,plant,reference,,,VILHENPCH034
144,PCHRO032220,SmallHydro,AC RO,2.0,-12.837778,-60.578056,plant,reference,,,COLOR-PCH013
1577,PCHRO000396,SmallHydro,AC RO,11.12,-12.492165,-60.472035,plant,reference,,,CACHO-PCH013
1578,PCHRO000775,SmallHydro,AC RO,1.26,-12.980000,-60.680000,bus-proxy,bus:COLOR-PCH013,,,COLOR-PCH013
1579,PCHRO002569,SmallHydro,AC RO,5.28,-11.985439,-62.179630,plant,reference,,,ROLI02PCH013
1580,PCHRO027072,SmallHydro,AC RO,4.8,-11.952900,-62.180244,plant,reference,,,ROLI01PCH013
1581,PCHRO028026,SmallHydro,AC RO,6.9,-11.910258,-62.181109,plant,reference,,,ROLI02PCH013
1582,PCHRO028840,SmallHydro,AC RO,25.7,-11.904420,-61.235284,plant,reference,,,PBUENOPCH013
1583,PCHRO028849,SmallHydro,AC RO,3.6,-11.931198,-62.103971,plant,reference,,,C.ALT-PCH006
1584,PCHRO029373,SmallHydro,AC RO,9.6,-12.704444,-60.884722,plant,reference,,,COLOR-PCH013
1585,PCHRO029434,SmallHydro,AC RO,17.01,-10.230417,-63.233750,plant,reference,,,ARIQUEPCH013
1586,PCHRO029435,SmallHydro,AC RO,20.0,-9.936944,-63.076389,plant,reference,,,ARIQUEPCH013
1587,PCHRO029436,SmallHydro,AC RO,17.0,-10.020278,-63.060278,plant,reference,,,ARIQUEPCH013
1588,PCHRO029758,SmallHydro,AC RO,1.4,-11.995556,-62.171389,plant,reference,,,FIGUE-PCH006
1589,PCHRO030573,SmallHydro,AC RO,9.801,-11.926381,-62.146247,plant,reference,,,C.ALT-PCH006
1590,PCHRO031050,SmallHydro,AC RO,7.0,-12.271225,-61.187500,plant,reference,,,PBUENOPCH013
2069,UFVRO053687,Solar,AC RO,1.25,-10.849806,-62.005844,plant,reference,,,PVELHO-RO230
2070,UFVRO056129,Solar,AC RO,5.2,-10.211530,-63.805205,plant,reference,,,ARIQUEPCH013
2071,UFVRO056130,Solar,AC RO,5.3,-9.454653,-62.026784,plant,reference,,,MACH--UFV013
2072,UFVRO072139,Solar,AC RO,1.0,-11.511389,-62.164444,plant,siga:Operação,UFV.RS.RO.072139-5.1,Nova Brasilândia d´Oeste - RO,ARIQUEPCH013
3929,PBIOM2942156,Biomass,AC RO,11.6996,-10.930000,-69.560000,bus-proxy,bus:ASSISB-AC069,,,ASSISB-AC069
3954,PBIOM3042156,Biomass,AC RO,11.6996,-10.930000,-69.560000,bus-proxy,bus:ASSISB-AC069,,,ASSISB-AC069
3979,PBIOM3142156,Biomass,AC RO,11.6996,-10.930000,-69.560000,bus-proxy,bus:ASSISB-AC069,,,ASSISB-AC069
4004,PBIOM3242156,Biomass,AC RO,11.6996,-10.930000,-69.560000,bus-proxy,bus:ASSISB-AC069,,,ASSISB-AC069
4029,PBIOM3342156,Biomass,AC RO,11.6996,-10.930000,-69.560000,bus-proxy,bus:ASSISB-AC069,,,ASSISB-AC069
4054,PBIOM3442156,Biomass,AC RO,11.6996,-10.930000,-69.560000,bus-proxy,bus:ASSISB-AC069,,,ASSISB-AC069
4079,PBIOM3542156,Biomass,AC RO,11.6996,-10.930000,-69.560000,bus-proxy,bus:ASSISB-AC069,,,ASSISB-AC069
4104,PBIOM3642156,Biomass,AC RO,11.6996,-10.930000,-69.560000,bus-proxy,bus:ASSISB-AC069,,,ASSISB-AC069
4129,PBIOM3742156,Biomass,AC RO,11.6996,-10.930000,-69.560000,bus-proxy,bus:ASSISB-AC069,,,ASSISB-AC069
4154,PBIOM3842156,Biomass,AC RO,11.6996,-10.930000,-69.560000,bus-proxy,bus:ASSISB-AC069,,,ASSISB-AC069
4179,PBIOM3942156,Biomass,AC RO,11.6996,-10.930000,-69.560000,bus-proxy,bus:ASSISB-AC069,,,ASSISB-AC069
4850,MMGDAC42151,Solar,AC RO,0.0,-9.168415,-69.817707,aggregate-centroid,uf-centroid:AC,,,ALTOAL-AC069
4851,MMGDAC42154,Solar,AC RO,0.0,-9.168415,-69.817707,aggregate-centroid,uf-centroid:AC,,,ACRELA-AC069
4852,MMGDAC42156,Solar,AC RO,0.0,-9.168415,-69.817707,aggregate-centroid,uf-centroid:AC,,,ASSISB-AC069
4853,MMGDAC42157,Solar,AC RO,0.0,-9.168415,-69.817707,aggregate-centroid,uf-centroid:AC,,,MANOEL-AC069
4854,MMGDAC42158,Solar,AC RO,0.0,-9.168415,-69.817707,aggregate-centroid,uf-centroid:AC,,,ENVIRA-AC069
4855,MMGDAC42159,Solar,AC RO,0.0,-9.168415,-69.817707,aggregate-centroid,uf-centroid:AC,,,TARAUA-AC069
4856,MMGDAC42160,Solar,AC RO,0.0,-9.168415,-69.817707,aggregate-centroid,uf-centroid:AC,,,JURUA--AC069
4857,MMGDAC42163,Solar,AC RO,0.0,-9.168415,-69.817707,aggregate-centroid,uf-centroid:AC,,,EPITAC-AC069
4858,MMGDAC42164,Solar,AC RO,0.0,-9.168415,-69.817707,aggregate-centroid,uf-centroid:AC,,,FLORES-AC069
4859,MMGDAC9551,Solar,AC RO,0.0,-9.990491,-67.829644,plant,reference,,,S-MADU-AC069
4860,MMGDAC9559,Solar,AC RO,0.0,-9.168415,-69.817707,aggregate-centroid,uf-centroid:AC,,,TAQUAR-AC069
4861,MMGDAC9659,Solar,AC RO,0.0,-9.168415,-69.817707,aggregate-centroid,uf-centroid:AC,,,S-FRAN-AC069
4862,MMGDAC9660,Solar,AC RO,0.0,-9.168415,-69.817707,aggregate-centroid,uf-centroid:AC,,,TANGAR-AC069
6161,MMGDRO9515,Solar,AC RO,0.0,-8.798141,-63.830599,plant,reference,,,ROLIM--RO013
6162,MMGDRO9536,Solar,AC RO,0.0,-11.341213,-61.692503,aggregate-centroid,uf-centroid:RO,,,MEDICE-RO138
6163,MMGDRO9591,Solar,AC RO,0.0,-11.341213,-61.692503,aggregate-centroid,uf-centroid:RO,,,G-MIRI-RO013
6164,MMGDRO9633,Solar,AC RO,0.0,-11.341213,-61.692503,aggregate-centroid,uf-centroid:RO,,,CACOAL-RO138
6165,MMGDRO9634,Solar,AC RO,0.0,-11.341213,-61.692503,aggregate-centroid,uf-centroid:RO,,,P-BUEN-RO138
6166,MMGDRO9635,Solar,AC RO,0.0,-11.341213,-61.692503,aggregate-centroid,uf-centroid:RO,,,G-MIRI-RO138
6167,MMGDRO9636,Solar,AC RO,0.0,-11.341213,-61.692503,aggregate-centroid,uf-centroid:RO,,,ABUNA--RO138
6168,MMGDRO9639,Solar,AC RO,0.0,-11.341213,-61.692503,aggregate-centroid,uf-centroid:RO,,,PVELHO-RO069
6169,MMGDRO9640,Solar,AC RO,0.0,-11.341213,-61.692503,aggregate-centroid,uf-centroid:RO,,,TIRADE-RO069
6170,MMGDRO9641,Solar,AC RO,0.0,-11.341213,-61.692503,aggregate-centroid,uf-centroid:RO,,,AREAL--RO069
6171,MMGDRO9642,Solar,AC RO,0.0,-11.341213,-61.692503,aggregate-centroid,uf-centroid:RO,,,ARIQUE-RO069
6172,MMGDRO9645,Solar,AC RO,0.0,-11.341213,-61.692503,aggregate-centroid,uf-centroid:RO,,,JARU---RO069
6173,MMGDRO9646,Solar,AC RO,0.0,-11.341213,-61.692503,aggregate-centroid,uf-centroid:RO,,,JIPARA-RO069
6174,MMGDRO9649,Solar,AC RO,0.0,-11.341213,-61.692503,aggregate-centroid,uf-centroid:RO,,,ALFAVI-RO069
6175,MMGDRO9652,Solar,AC RO,0.0,-11.341213,-61.692503,aggregate-centroid,uf-centroid:RO,,,VILHEN-RO069
6176,MMGDRO9653,Solar,AC RO,0.0,-11.341213,-61.692503,aggregate-centroid,uf-centroid:RO,,,RMADEI-RO069
6177,MMGDRO9655,Solar,AC RO,0.0,-11.341213,-61.692503,aggregate-centroid,uf-centroid:RO,,,CUJUBI-RO138
6178,MMGDRO9656,Solar,AC RO,0.0,-11.341213,-61.692503,aggregate-centroid,uf-centroid:RO,,,MACHAD-RO138
6179,MMGDRO9657,Solar,AC RO,0.0,-11.341213,-61.692503,aggregate-centroid,uf-centroid:RO,,,CENTRO-RO069
6180,MMGDRO9662,Solar,AC RO,0.0,-11.341213,-61.692503,aggregate-centroid,uf-centroid:RO,,,THEOBR-RO138
6181,MMGDRO9663,Solar,AC RO,0.0,-11.341213,-61.692503,aggregate-centroid,uf-centroid:RO,,,ANARY--RO138
8394,OMGDRO9515,General,AC RO,0.0,-11.341213,-61.692503,aggregate-centroid,uf-centroid:RO,,,ROLIM--RO013
8395,OMGDRO9536,General,AC RO,0.0,-11.341213,-61.692503,aggregate-centroid,uf-centroid:RO,,,MEDICE-RO138
8396,OMGDRO9591,General,AC RO,0.0,-11.341213,-61.692503,aggregate-centroid,uf-centroid:RO,,,G-MIRI-RO013
8397,OMGDRO9633,General,AC RO,0.0,-11.341213,-61.692503,aggregate-centroid,uf-centroid:RO,,,CACOAL-RO138
8398,OMGDRO9634,General,AC RO,0.0,-11.341213,-61.692503,aggregate-centroid,uf-centroid:RO,,,P-BUEN-RO138
8399,OMGDRO9635,General,AC RO,0.0,-11.341213,-61.692503,aggregate-centroid,uf-centroid:RO,,,G-MIRI-RO138
8400,OMGDRO9636,General,AC RO,0.0,-11.341213,-61.692503,aggregate-centroid,uf-centroid:RO,,,ABUNA--RO138
8401,OMGDRO9639,General,AC RO,0.0,-11.341213,-61.692503,aggregate-centroid,uf-centroid:RO,,,PVELHO-RO069
8402,OMGDRO9640,General,AC RO,0.0,-11.341213,-61.692503,aggregate-centroid,uf-centroid:RO,,,TIRADE-RO069
8403,OMGDRO9641,General,AC RO,0.0,-11.341213,-61.692503,aggregate-centroid,uf-centroid:RO,,,AREAL--RO069
8404,OMGDRO9642,General,AC RO,0.0,-11.341213,-61.692503,aggregate-centroid,uf-centroid:RO,,,ARIQUE-RO069
8405,OMGDRO9645,General,AC RO,0.0,-11.341213,-61.692503,aggregate-centroid,uf-centroid:RO,,,JARU---RO069
8406,OMGDRO9646,General,AC RO,0.0,-11.341213,-61.692503,aggregate-centroid,uf-centroid:RO,,,JIPARA-RO069
8407,OMGDRO9649,General,AC RO,0.0,-11.341213,-61.692503,aggregate-centroid,uf-centroid:RO,,,ALFAVI-RO069
8408,OMGDRO9652,General,AC RO,0.0,-11.341213,-61.692503,aggregate-centroid,uf-centroid:RO,,,VILHEN-RO069
8409,OMGDRO9653,General,AC RO,0.0,-11.341213,-61.692503,aggregate-centroid,uf-centroid:RO,,,RMADEI-RO069
8410,OMGDRO9655,General,AC RO,0.0,-11.341213,-61.692503,aggregate-centroid,uf-centroid:RO,,,CUJUBI-RO138
8411,OMGDRO9656,General,AC RO,0.0,-11.341213,-61.692503,aggregate-centroid,uf-centroid:RO,,,MACHAD-RO138
8412,OMGDRO9657,General,AC RO,0.0,-11.341213,-61.692503,aggregate-centroid,uf-centroid:RO,,,CENTRO-RO069
8413,OMGDRO9662,General,AC RO,0.0,-11.341213,-61.692503,aggregate-centroid,uf-centroid:RO,,,THEOBR-RO138
8414,OMGDRO9663,General,AC RO,0.0,-11.341213,-61.692503,aggregate-centroid,uf-centroid:RO,,,ANARY--RO138
1750,UFVAM062083,Solar,MAN AP BV,0.36,3.050912,-59.983688,plant,siga:Operação,UFV.RS.AM.062083-1.1,Manaus - AM,BVISTA-RR500
2185,PCTAM028348,Biomass,MAN AP BV,9.0,-3.053284,-58.729397,plant,siga:Operação,UTE.FL.AM.028348-7.1,Itacoatiara - AM,ITACO2-AM138
3419,PCHRR000076,SmallHydro,MAN AP BV,10.0,0.858479,-59.294649,plant,siga:Operação,UHE.PH.RR.000076-0.1,São João da Baliza - RR,JATAPUPCH006
3448,PCHAP026792,SmallHydro,MAN AP BV,3.4,-0.650000,-52.516667,plant,siga:Operação,UHE.PH.AP.026792-9.1,"Almeirim - PA, Laranjal do Jari - AP",MACAP3-AP069
4873,MMGDAM10300,Solar,MAN AP BV,0.0,-3.525331,-62.485958,aggregate-centroid,uf-centroid:AM,,,APAREC-AM069
4874,MMGDAM10304,Solar,MAN AP BV,0.0,-3.525331,-62.485958,aggregate-centroid,uf-centroid:AM,,,ITACO2-AM138
4875,MMGDAM10306,Solar,MAN AP BV,0.0,-3.525331,-62.485958,aggregate-centroid,uf-centroid:AM,,,IRANDU-AM138
4876,MMGDAM10308,Solar,MAN AP BV,0.0,-3.525331,-62.485958,aggregate-centroid,uf-centroid:AM,,,PARQ10-AM138
4877,MMGDAM10310,Solar,MAN AP BV,0.0,-3.525331,-62.485958,aggregate-centroid,uf-centroid:AM,,,DI-4---AM138
4878,MMGDAM10312,Solar,MAN AP BV,0.0,-3.525331,-62.485958,aggregate-centroid,uf-centroid:AM,,,RIOPTE-AM138
4879,MMGDAM10313,Solar,MAN AP BV,0.0,-3.525331,-62.485958,aggregate-centroid,uf-centroid:AM,,,J.PAUL-AM138
4880,MMGDAM10314,Solar,MAN AP BV,0.0,-3.525331,-62.485958,aggregate-centroid,uf-centroid:AM,,,PETROP-AM069
4881,MMGDAM10335,Solar,MAN AP BV,0.0,-3.525331,-62.485958,aggregate-centroid,uf-centroid:AM,,,MAUA2M-AM069
4882,MMGDAM10350,Solar,MAN AP BV,0.0,-3.525331,-62.485958,aggregate-centroid,uf-centroid:AM,,,CACHO2-AM069
4883,MMGDAM10351,Solar,MAN AP BV,0.0,-3.525331,-62.485958,aggregate-centroid,uf-centroid:AM,,,CACHO1-AM069
4884,MMGDAM10360,Solar,MAN AP BV,0.0,-3.525331,-62.485958,aggregate-centroid,uf-centroid:AM,,,VOITO--AM069
4885,MMGDAM10370,Solar,MAN AP BV,0.0,-3.275374,-59.908041,plant,reference,,,FLORES-AM069
4886,MMGDAM10380,Solar,MAN AP BV,0.0,-3.525331,-62.485958,aggregate-centroid,uf-centroid:AM,,,PNEGRA-AM069
4887,MMGDAM10395,Solar,MAN AP BV,0.0,-3.525331,-62.485958,aggregate-centroid,uf-centroid:AM,,,SERING-AM069
4888,MMGDAM10420,Solar,MAN AP BV,0.0,-3.525331,-62.485958,aggregate-centroid,uf-centroid:AM,,,DISTR1-AM069
4889,MMGDAM10430,Solar,MAN AP BV,0.0,-3.525331,-62.485958,aggregate-centroid,uf-centroid:AM,,,CIDNOV-AM069
4890,MMGDAM10437,Solar,MAN AP BV,0.0,-3.525331,-62.485958,aggregate-centroid,uf-centroid:AM,,,STAETE-AM069
4891,MMGDAM10440,Solar,MAN AP BV,0.0,-3.525331,-62.485958,aggregate-centroid,uf-centroid:AM,,,DISTR2-AM069
4892,MMGDAM10450,Solar,MAN AP BV,0.0,-3.525331,-62.485958,aggregate-centroid,uf-centroid:AM,,,SJOSE--AM069
4893,MMGDAM10460,Solar,MAN AP BV,0.0,-3.525331,-62.485958,aggregate-centroid,uf-centroid:AM,,,STOANT-AM069
4894,MMGDAM10461,Solar,MAN AP BV,0.0,-3.525331,-62.485958,aggregate-centroid,uf-centroid:AM,,,JARAQU-AM069
4895,MMGDAM10480,Solar,MAN AP BV,0.0,-3.525331,-62.485958,aggregate-centroid,uf-centroid:AM,,,MANACA-AM069
4896,MMGDAM10485,Solar,MAN AP BV,0.0,-3.525331,-62.485958,aggregate-centroid,uf-centroid:AM,,,IRANDU-AM069
4897,MMGDAM10490,Solar,MAN AP BV,0.0,-3.525331,-62.485958,aggregate-centroid,uf-centroid:AM,,,REDENC-AM069
4898,MMGDAM10492,Solar,MAN AP BV,0.0,-3.525331,-62.485958,aggregate-centroid,uf-centroid:AM,,,MARAPA-AM069
4899,MMGDAM10515,Solar,MAN AP BV,0.0,-3.525331,-62.485958,aggregate-centroid,uf-centroid:AM,,,J.PAUL-AM069
4900,MMGDAM10520,Solar,MAN AP BV,0.0,-3.525331,-62.485958,aggregate-centroid,uf-centroid:AM,,,MUTIRA-AM138
4901,MMGDAM10530,Solar,MAN AP BV,0.0,-3.525331,-62.485958,aggregate-centroid,uf-centroid:AM,,,CGRAND-AM138
4902,MMGDAM10540,Solar,MAN AP BV,0.0,-3.525331,-62.485958,aggregate-centroid,uf-centroid:AM,,,COMPEN-AM138
4903,MMGDAM10545,Solar,MAN AP BV,0.0,-3.525331,-62.485958,aggregate-centroid,uf-centroid:AM,,,CENTRO-AM138
4904,MMGDAM10550,Solar,MAN AP BV,0.0,-3.525331,-62.485958,aggregate-centroid,uf-centroid:AM,,,DISTR3-AM138
4905,MMGDAM10555,Solar,MAN AP BV,0.0,-3.525331,-62.485958,aggregate-centroid,uf-centroid:AM,,,ST.ETE-AM138
4906,MMGDAM10567,Solar,MAN AP BV,0.0,-3.525331,-62.485958,aggregate-centroid,uf-centroid:AM,,,PARINT-AM138
4907,MMGDAM10576,Solar,MAN AP BV,0.0,-3.525331,-62.485958,aggregate-centroid,uf-centroid:AM,,,HUMAIT-AM013
4908,MMGDAM10577,Solar,MAN AP BV,0.0,-3.525331,-62.485958,aggregate-centroid,uf-centroid:AM,,,ITAPIR-AM138
4909,MMGDAM10578,Solar,MAN AP BV,0.0,-3.525331,-62.485958,aggregate-centroid,uf-centroid:AM,,,BRASIL-AM138
4910,MMGDAM10700,Solar,MAN AP BV,0.0,-3.525331,-62.485958,aggregate-centroid,uf-centroid:AM,,,JARAQ2-AM138
4911,MMGDAM10701,Solar,MAN AP BV,0.0,-3.525331,-62.485958,aggregate-centroid,uf-centroid:AM,,,P.NEG2-AM138
4912,MMGDAM10722,Solar,MAN AP BV,0.0,-3.525331,-62.485958,aggregate-centroid,uf-centroid:AM,,,MANACU-AM138
4913,MMGDAM10723,Solar,MAN AP BV,0.0,-3.525331,-62.485958,aggregate-centroid,uf-centroid:AM,,,BRASPN-AM138
4914,MMGDAM10724,Solar,MAN AP BV,0.0,-3.525331,-62.485958,aggregate-centroid,uf-centroid:AM,,,C.ELIS-AM069
4915,MMGDAM10725,Solar,MAN AP BV,0.0,-3.525331,-62.485958,aggregate-centroid,uf-centroid:AM,,,PURAQU-AM138
4916,MMGDAM10726,Solar,MAN AP BV,0.0,-3.525331,-62.485958,aggregate-centroid,uf-centroid:AM,,,EP.SAL-AM138
4917,MMGDAM10727,Solar,MAN AP BV,0.0,-3.525331,-62.485958,aggregate-centroid,uf-centroid:AM,,,AD.DUC-AM138
4918,MMGDAM10728,Solar,MAN AP BV,0.0,-3.525331,-62.485958,aggregate-centroid,uf-centroid:AM,,,COLONI-AM138
4919,MMGDAM10729,Solar,MAN AP BV,0.0,-3.525331,-62.485958,aggregate-centroid,uf-centroid:AM,,,SETEMA-AM138
4920,MMGDAM10730,Solar,MAN AP BV,0.0,-3.525331,-62.485958,aggregate-centroid,uf-centroid:AM,,,DISTR5-AM138
4921,MMGDAM10731,Solar,MAN AP BV,0.0,-3.525331,-62.485958,aggregate-centroid,uf-centroid:AM,,,CAMSAL-AM138
4922,MMGDAM10733,Solar,MAN AP BV,0.0,-3.525331,-62.485958,aggregate-centroid,uf-centroid:AM,,,SAOJOR-AM138
4923,MMGDAM10735,Solar,MAN AP BV,0.0,-3.525331,-62.485958,aggregate-centroid,uf-centroid:AM,,,SAOLAZ-AM138
4924,MMGDAM10736,Solar,MAN AP BV,0.0,-3.525331,-62.485958,aggregate-centroid,uf-centroid:AM,,,T.NOVA-AM138
4925,MMGDAM10737,Solar,MAN AP BV,0.0,-3.525331,-62.485958,aggregate-centroid,uf-centroid:AM,,,SHANGR-AM138
4926,MMGDAM10801,Solar,MAN AP BV,0.0,-3.525331,-62.485958,aggregate-centroid,uf-centroid:AM,,,TURISM-AM138
4927,MMGDAM10802,Solar,MAN AP BV,0.0,-3.525331,-62.485958,aggregate-centroid,uf-centroid:AM,,,COROAD-AM069
4928,MMGDAM10803,Solar,MAN AP BV,0.0,-3.525331,-62.485958,aggregate-centroid,uf-centroid:AM,,,PLANAL-AM138
4929,MMGDAM10804,Solar,MAN AP BV,0.0,-3.525331,-62.485958,aggregate-centroid,uf-centroid:AM,,,SPNEGR-AM069
4930,MMGDAM10805,Solar,MAN AP BV,0.0,-3.525331,-62.485958,aggregate-centroid,uf-centroid:AM,,,AGUASM-AM069
4931,MMGDAM10807,Solar,MAN AP BV,0.0,-3.525331,-62.485958,aggregate-centroid,uf-centroid:AM,,,SIDOIS-AM138
4932,MMGDAM10808,Solar,MAN AP BV,0.0,-3.525331,-62.485958,aggregate-centroid,uf-centroid:AM,,,P.FIGU-AM069
4933,MMGDAP10026,Solar,MAN AP BV,0.0,0.033131,-51.064475,plant,reference,,,CNUNES-AP138
4934,MMGDAP10049,Solar,MAN AP BV,0.0,1.767190,-51.561652,aggregate-centroid,uf-centroid:AP,,,SANTTF-AP013
4935,MMGDAP10060,Solar,MAN AP BV,0.0,1.767190,-51.561652,aggregate-centroid,uf-centroid:AP,,,SRTF01-AP013
4936,MMGDAP10061,Solar,MAN AP BV,0.0,1.767190,-51.561652,aggregate-centroid,uf-centroid:AP,,,SRTF02-AP013
4937,MMGDAP10062,Solar,MAN AP BV,0.0,1.767190,-51.561652,aggregate-centroid,uf-centroid:AP,,,SRTF03-AP013
4938,MMGDAP10066,Solar,MAN AP BV,0.0,1.767190,-51.561652,aggregate-centroid,uf-centroid:AP,,,M2TR01-AP013
4939,MMGDAP10067,Solar,MAN AP BV,0.0,1.767190,-51.561652,aggregate-centroid,uf-centroid:AP,,,M2TR02-AP013
4940,MMGDAP10068,Solar,MAN AP BV,0.0,1.767190,-51.561652,aggregate-centroid,uf-centroid:AP,,,M2TR03-AP013
4941,MMGDAP10072,Solar,MAN AP BV,0.0,1.767190,-51.561652,aggregate-centroid,uf-centroid:AP,,,EQTR01-AP013
4942,MMGDAP10073,Solar,MAN AP BV,0.0,1.767190,-51.561652,aggregate-centroid,uf-centroid:AP,,,EQTR02-AP013
4943,MMGDAP10074,Solar,MAN AP BV,0.0,1.767190,-51.561652,aggregate-centroid,uf-centroid:AP,,,EQTR03-AP013
4944,MMGDAP10088,Solar,MAN AP BV,0.0,1.767190,-51.561652,aggregate-centroid,uf-centroid:AP,,,LJTR01-AP013
4945,MMGDAP10146,Solar,MAN AP BV,0.0,1.767190,-51.561652,aggregate-centroid,uf-centroid:AP,,,SANT01-AP013
6182,MMGDRR52227,Solar,MAN AP BV,0.0,2.675628,-60.687401,plant,reference,,,CENTRO-RR069
6183,MMGDRR52228,Solar,MAN AP BV,0.0,2.830687,-60.592799,aggregate-centroid,uf-centroid:RR,,,FLORES-RR069
6184,MMGDRR52229,Solar,MAN AP BV,0.0,2.830687,-60.592799,aggregate-centroid,uf-centroid:RR,,,DISTRI-RR069
6185,MMGDRR52230,Solar,MAN AP BV,0.0,2.830687,-60.592799,aggregate-centroid,uf-centroid:RR,,,EQUATO-RR069
6186,MMGDRR52231,Solar,MAN AP BV,0.0,2.830687,-60.592799,aggregate-centroid,uf-centroid:RR,,,SATELI-RR069
6187,MMGDRR52232,Solar,MAN AP BV,0.0,2.830687,-60.592799,aggregate-centroid,uf-centroid:RR,,,CENTEN-RR069
6188,MMGDRR52240,Solar,MAN AP BV,0.0,2.830687,-60.592799,aggregate-centroid,uf-centroid:RR,,,SUCUBA-RR069
6189,MMGDRR52244,Solar,MAN AP BV,0.0,2.830687,-60.592799,aggregate-centroid,uf-centroid:RR,,,MATAMA-RR069
6190,MMGDRR52248,Solar,MAN AP BV,0.0,2.830687,-60.592799,aggregate-centroid,uf-centroid:RR,,,BONFIM-RR069
6191,MMGDRR52252,Solar,MAN AP BV,0.0,2.830687,-60.592799,aggregate-centroid,uf-centroid:RR,,,MUCAJA-RR069
6192,MMGDRR52256,Solar,MAN AP BV,0.0,2.830687,-60.592799,aggregate-centroid,uf-centroid:RR,,,CARACA-RR069
6193,MMGDRR52260,Solar,MAN AP BV,0.0,2.830687,-60.592799,aggregate-centroid,uf-centroid:RR,,,N.PARA-RR069
6194,MMGDRR52264,Solar,MAN AP BV,0.0,2.830687,-60.592799,aggregate-centroid,uf-centroid:RR,,,SJBLZA-RR069
6195,MMGDRR52276,Solar,MAN AP BV,0.0,2.830687,-60.592799,aggregate-centroid,uf-centroid:RR,,,RORAIN-RR013
6196,MMGDRR52305,Solar,MAN AP BV,0.0,2.830687,-60.592799,aggregate-centroid,uf-centroid:RR,,,PARAVI-RR069
6197,MMGDRR52310,Solar,MAN AP BV,0.0,2.830687,-60.592799,aggregate-centroid,uf-centroid:RR,,,PEDRAP-RR069
