code,name,uf,plant_class,match_by,capacity_MW,lat,lon,turbine_matched,aneel_farm_name,n_turbines,unit_power_MW,hub_height_m,rotor_diameter_m,total_height_m,aneel_total_MW,operational,heterogeneous_hub,source
949,EOLRJ028730,RJ,identifiable-EOL,uf+num,28.05,-21.565722,-41.073107,Y,Gargaú,17,1.6,70.0,82.0,111.0,28.05,Sim,False,SIGEL/Aerogeradores
948,EOLPR027908,PR,identifiable-EOL,uf+num,2.5,-26.578127,-51.700380,Y,de Palmas,5,0.5,44.0,40.3,64.2,2.5,Sim,False,SIGEL/Aerogeradores
1228,EOLRS028712,RS,identifiable-EOL,uf+num,70.0,-30.079059,-50.172056,Y,Elebrás Cidreira 1,31,2.3,98.0,82.0,139.0,70.0,Sim,False,SIGEL/Aerogeradores
1229,EOLRS028810,RS,identifiable-EOL,uf+num,50.0,-29.963092,-50.282572,Y,Osório,25,2.0,98.0,70.0,133.0,50.0,Sim,False,SIGEL/Aerogeradores
1230,EOLRS028811,RS,identifiable-EOL,uf+num,50.0,-29.932446,-50.298431,Y,Sangradouro,25,2.0,98.0,70.0,133.0,50.0,Sim,False,SIGEL/Aerogeradores
1231,EOLRS028855,RS,identifiable-EOL,uf+num,9.2,-30.457961,-50.390640,Y,Palmares,4,2.3,98.0,82.0,139.0,9.2,Sim,False,SIGEL/Aerogeradores
1232,EOLRS028864,RS,identifiable-EOL,uf+num,50.0,-29.991452,-50.287964,Y,Índios,25,2.0,98.0,70.0,133.0,50.0,Sim,False,SIGEL/Aerogeradores
1233,EOLRS030286,RS,identifiable-EOL,uf+num,27.6,-29.944538,-50.251597,Y,Osório 2,12,2.3,108.0,82.0,149.0,27.6,Sim,False,SIGEL/Aerogeradores
1234,EOLRS030330,RS,identifiable-EOL,uf+num,27.6,-29.959532,-50.311392,Y,Sangradouro 3,12,2.3,108.0,82.0,149.0,27.6,Sim,False,SIGEL/Aerogeradores
1235,EOLRS030334,RS,identifiable-EOL,uf+num,16.1,-30.452480,-50.422641,Y,Fazenda Rosário 3,7,2.3,98.0,82.0,139.0,16.1,Sim,False,SIGEL/Aerogeradores
1236,EOLRS030343,RS,identifiable-EOL,uf+num,9.2,-30.446884,-50.388826,Y,Fazenda Rosário,4,2.3,98.0,82.0,139.0,9.2,Sim,False,SIGEL/Aerogeradores
1237,EOLRS030348,RS,identifiable-EOL,uf+num,30.0,-30.840661,-55.725111,Y,Cerro Chato I,15,2.0,108.0,82.0,149.4,30.0,Sim,False,SIGEL/Aerogeradores
1238,EOLRS030349,RS,identifiable-EOL,uf+num,30.0,-30.848473,-55.685552,Y,Cerro Chato II,15,2.0,108.0,82.0,149.4,30.0,Sim,False,SIGEL/Aerogeradores
1239,EOLRS030350,RS,identifiable-EOL,uf+num,30.0,-30.801842,-55.714248,Y,Cerro Chato III,15,2.0,108.0,82.0,149.4,30.0,Sim,False,SIGEL/Aerogeradores
1240,EOLRS030381,RS,identifiable-EOL,uf+num,29.9,-29.912049,-50.282331,Y,Sangradouro 2,13,2.3,108.0,82.0,149.0,29.9,Sim,False,SIGEL/Aerogeradores
1241,EOLRS030449,RS,identifiable-EOL,uf+num,29.9,-29.981480,-50.254944,Y,Osório 3,13,2.3,108.0,82.0,149.0,29.9,Sim,False,SIGEL/Aerogeradores
1242,EOLRS030457,RS,identifiable-EOL,uf+num,30.0,-30.318801,-50.316096,Y,Atlântica I,10,3.0,120.0,116.0,178.0,30.0,Sim,False,SIGEL/Aerogeradores
1243,EOLRS030460,RS,identifiable-EOL,uf+num,11.2,-30.277877,-50.797770,Y,Pontal 2B,7,1.6,80.0,100.0,130.0,11.2,Sim,False,SIGEL/Aerogeradores
1244,EOLRS030461,RS,identifiable-EOL,uf+num,30.0,-30.291890,-50.335013,Y,Atlântica IV,10,3.0,120.0,116.0,178.0,30.0,Sim,False,SIGEL/Aerogeradores
1245,EOLRS030462,RS,identifiable-EOL,uf+num,30.0,-30.326528,-50.323379,Y,Atlântica II,10,3.0,120.0,116.0,178.0,30.0,Sim,False,SIGEL/Aerogeradores
1246,EOLRS030468,RS,identifiable-EOL,uf+num,22.0,-32.200784,-52.220878,Y,REB Cassino III,11,2.0,78.0,97.0,126.5,22.0,Sim,False,SIGEL/Aerogeradores
1247,EOLRS030469,RS,identifiable-EOL,uf+num,22.0,-32.218813,-52.201823,Y,REB Cassino I,11,2.0,78.0,97.0,126.5,22.0,Sim,False,SIGEL/Aerogeradores
1248,EOLRS030477,RS,identifiable-EOL,uf+num,20.0,-32.210319,-52.211447,Y,REB Cassino II,10,2.0,78.0,97.0,126.5,20.0,Sim,False,SIGEL/Aerogeradores
1249,EOLRS030478,RS,identifiable-EOL,uf+num,23.0,-30.439761,-50.405286,Y,Fazenda Rosário 2,10,2.3,98.0,82.0,139.0,23.0,Sim,False,SIGEL/Aerogeradores
1250,EOLRS030480,RS,identifiable-EOL,uf+num,30.0,-30.291516,-50.305012,Y,Atlântica V,10,3.0,120.0,116.0,178.0,30.0,Sim,False,SIGEL/Aerogeradores
1251,EOLRS030734,RS,identifiable-EOL,uf+num,29.9,-30.019412,-50.336185,Y,Índios 2,13,2.3,108.0,92.0,154.0,29.9,Sim,False,SIGEL/Aerogeradores
1252,EOLRS030740,RS,identifiable-EOL,uf+num,18.0,-33.543068,-53.276881,Y,Verace VI,9,2.0,78.0,97.0,126.5,18.0,Sim,False,SIGEL/Aerogeradores
1253,EOLRS030741,RS,identifiable-EOL,uf+num,30.0,-33.551707,-53.227290,Y,Verace IV,15,2.0,78.0,97.0,126.5,30.0,Sim,False,SIGEL/Aerogeradores
1254,EOLRS030742,RS,identifiable-EOL,uf+num,20.0,-33.508733,-53.283203,Y,Verace II,10,2.0,78.0,97.0,126.5,20.0,Sim,False,SIGEL/Aerogeradores
1255,EOLRS030745,RS,identifiable-EOL,uf+num,20.0,-33.501720,-53.264338,Y,Verace I,10,2.0,100.0,90.0,145.0,20.0,Sim,False,SIGEL/Aerogeradores
1256,EOLRS030746,RS,identifiable-EOL,uf+num,26.0,-33.522147,-53.279002,Y,Verace III,13,2.0,78.0,97.0,126.5,26.0,Sim,False,SIGEL/Aerogeradores
1257,EOLRS030747,RS,identifiable-EOL,uf+num,30.0,-33.566806,-53.245999,Y,Verace VII,15,2.0,78.0,97.0,126.5,30.0,Sim,False,SIGEL/Aerogeradores
1258,EOLRS030748,RS,identifiable-EOL,uf+num,30.0,-33.576712,-53.295291,Y,Verace IX,15,2.0,78.0,97.0,126.5,30.0,Sim,False,SIGEL/Aerogeradores
1259,EOLRS030749,RS,identifiable-EOL,uf+num,28.0,-33.591297,-53.271608,Y,Verace X,14,2.0,78.0,97.0,126.5,28.0,Sim,False,SIGEL/Aerogeradores
1260,EOLRS030750,RS,identifiable-EOL,uf+num,25.2,-30.770889,-55.662925,Y,Ibirapuitã I,12,2.1,80.0,110.0,135.0,25.2,Sim,False,SIGEL/Aerogeradores
1261,EOLRS030754,RS,identifiable-EOL,uf+num,22.0,-33.664697,-53.416428,Y,Chuí IV,11,2.0,78.0,97.0,126.5,22.0,Sim,False,SIGEL/Aerogeradores
1262,EOLRS030755,RS,identifiable-EOL,uf+num,26.0,-33.553017,-53.310753,Y,Verace VIII,13,2.0,78.0,97.0,126.5,26.0,Sim,False,SIGEL/Aerogeradores
1263,EOLRS030760,RS,identifiable-EOL,uf+num,30.0,-33.668124,-53.421838,Y,Chuí V,15,2.0,78.0,97.0,126.5,30.0,Sim,False,SIGEL/Aerogeradores
1264,EOLRS030767,RS,identifiable-EOL,uf+num,24.0,-33.656518,-53.393571,Y,Chuí I,12,2.0,78.0,97.0,126.5,24.0,Sim,False,SIGEL/Aerogeradores
1265,EOLRS030790,RS,identifiable-EOL,uf+num,22.0,-33.659443,-53.400286,Y,Chuí II,11,2.0,78.0,97.0,126.5,22.0,Sim,False,SIGEL/Aerogeradores
1266,EOLRS030791,RS,identifiable-EOL,uf+num,24.0,-33.717374,-53.416703,Y,Minuano II,12,2.0,100.0,90.0,145.0,24.0,Sim,False,SIGEL/Aerogeradores
1267,EOLRS030819,RS,identifiable-EOL,uf+num,27.0,-32.412693,-52.355465,Y,Corredor do Senandes III,10,2.7,89.0,122.0,150.0,27.0,Sim,False,SIGEL/Aerogeradores
1268,EOLRS030829,RS,identifiable-EOL,uf+num,30.0,-33.535703,-53.301204,Y,Verace V,15,2.0,78.0,97.0,126.5,30.0,Sim,False,SIGEL/Aerogeradores
1269,EOLRS030833,RS,identifiable-EOL,uf+num,29.7,-32.414522,-52.372908,Y,Vento Aragano I,11,2.7,89.0,122.0,150.0,29.7,Sim,False,SIGEL/Aerogeradores
1270,EOLRS030840,RS,identifiable-EOL,uf+num,29.7,-32.368867,-52.342000,Y,Corredor do Senandes IV,11,2.7,89.0,122.0,150.0,29.7,Sim,False,SIGEL/Aerogeradores
1271,EOLRS030842,RS,identifiable-EOL,uf+num,21.6,-32.386208,-52.327000,Y,Corredor do Senandes II,8,2.7,89.0,122.0,150.0,21.6,Sim,False,SIGEL/Aerogeradores
1272,EOLRS030844,RS,identifiable-EOL,uf+num,22.0,-33.722806,-53.399002,Y,Minuano I,11,2.0,100.0,90.0,145.0,22.0,Sim,False,SIGEL/Aerogeradores
1273,EOLRS030894,RS,identifiable-EOL,uf+num,23.0,-29.983063,-50.332401,Y,Índios 3,10,2.3,108.0,92.0,154.0,23.0,Sim,False,SIGEL/Aerogeradores
1274,EOLRS030901,RS,identifiable-EOL,uf+num,27.0,-30.256059,-50.766132,Y,Pontal 3B,10,2.7,89.0,122.0,150.0,27.0,Sim,False,SIGEL/Aerogeradores
1275,EOLRS031302,RS,identifiable-EOL,uf+num,31.7,-29.772758,-50.080106,Y,Xangri-lá,10,3.2,94.0,112.0,150.0,31.7,Sim,True,SIGEL/Aerogeradores
1276,EOLRS031477,RS,identifiable-EOL,uf+num,8.0,-30.880728,-55.676541,Y,Galpões,4,2.0,80.0,114.0,137.0,8.0,Sim,False,SIGEL/Aerogeradores
1277,EOLRS031487,RS,identifiable-EOL,uf+num,30.0,-30.887969,-55.735225,Y,Coxilha Seca,15,2.0,80.0,114.0,137.0,30.0,Sim,False,SIGEL/Aerogeradores
1278,EOLRS031509,RS,identifiable-EOL,uf+num,21.6,-30.264848,-50.783383,Y,Pontal 2A,8,2.7,89.0,122.0,150.0,21.6,Sim,False,SIGEL/Aerogeradores
1279,EOLRS031510,RS,identifiable-EOL,uf+num,10.0,-30.916296,-55.708436,Y,Capão do Inglês,5,2.0,80.0,114.0,137.0,10.0,Sim,False,SIGEL/Aerogeradores
1280,EOLRS031517,RS,identifiable-EOL,uf+num,17.9,-33.687520,-53.380977,Y,Chuí 09,10,1.8,80.0,100.0,130.0,17.9,Sim,False,SIGEL/Aerogeradores
1281,EOLRS031539,RS,identifiable-EOL,uf+num,12.53,-33.585076,-53.359255,Y,Verace 35,13,1.8,80.0,100.0,130.0,39.53,Sim,True,SIGEL/Aerogeradores
1282,EOLRS031541,RS,identifiable-EOL,uf+num,7.16,-33.639855,-53.325061,Y,Verace 25,4,1.8,80.0,100.0,130.0,7.16,Sim,False,SIGEL/Aerogeradores
1283,EOLRS031557,RS,identifiable-EOL,uf+num,17.9,-33.618187,-53.357229,Y,Verace 29,10,1.8,80.0,100.0,130.0,17.9,Sim,False,SIGEL/Aerogeradores
1284,EOLRS031558,RS,identifiable-EOL,uf+num,8.95,-33.607160,-53.324821,Y,Verace 31,5,1.8,80.0,100.0,130.0,8.95,Sim,False,SIGEL/Aerogeradores
1285,EOLRS031559,RS,identifiable-EOL,uf+num,14.32,-33.653483,-53.304073,Y,Verace 26,8,1.8,80.0,100.0,130.0,14.32,Sim,False,SIGEL/Aerogeradores
1286,EOLRS031561,RS,identifiable-EOL,uf+num,19.69,-33.638749,-53.309389,Y,Verace 24,11,1.8,80.0,100.0,130.0,19.69,Sim,False,SIGEL/Aerogeradores
1287,EOLRS031578,RS,identifiable-EOL,uf+num,12.53,-33.634033,-53.353379,Y,Verace 28,7,1.8,80.0,100.0,130.0,12.53,Sim,False,SIGEL/Aerogeradores
1288,EOLRS031600,RS,identifiable-EOL,uf+num,16.11,-33.654306,-53.323719,Y,Verace 27,9,1.8,80.0,100.0,130.0,16.11,Sim,False,SIGEL/Aerogeradores
1289,EOLRS031601,RS,identifiable-EOL,uf+num,14.32,-33.562492,-53.352633,Y,Verace 34,8,1.8,80.0,100.0,130.0,14.32,Sim,False,SIGEL/Aerogeradores
1290,EOLRS031602,RS,identifiable-EOL,uf+num,17.9,-33.609944,-53.344106,Y,Verace 30,10,1.8,80.0,100.0,130.0,17.9,Sim,False,SIGEL/Aerogeradores
1291,EOLRS031610,RS,identifiable-EOL,uf+num,21.48,-33.596055,-53.367692,Y,Verace 36,12,1.8,80.0,100.0,130.0,21.48,Sim,False,SIGEL/Aerogeradores
1292,EOLRS031646,RS,identifiable-EOL,uf+num,15.0,-33.118461,-52.900035,Y,Aura Mangueira XIII,5,3.0,120.0,125.0,182.5,15.0,Sim,False,SIGEL/Aerogeradores
1293,EOLRS031647,RS,identifiable-EOL,uf+num,18.0,-33.163351,-52.893701,Y,Aura Mangueira XV,6,3.0,120.0,125.0,182.5,18.0,Sim,False,SIGEL/Aerogeradores
1294,EOLRS031653,RS,identifiable-EOL,uf+num,15.0,-33.107463,-52.870545,Y,Aura Mangueira XII,5,3.0,120.0,125.0,182.5,15.0,Sim,False,SIGEL/Aerogeradores
1295,EOLRS031663,RS,identifiable-EOL,uf+num,15.0,-33.207806,-52.929759,Y,Aura Mirim IV,5,3.0,120.0,125.0,182.5,15.0,Sim,False,SIGEL/Aerogeradores
1296,EOLRS031696,RS,identifiable-EOL,uf+num,27.0,-33.061162,-52.868237,Y,Aura Mangueira VI,9,3.0,120.0,125.0,182.5,27.0,Sim,False,SIGEL/Aerogeradores
1297,EOLRS031699,RS,identifiable-EOL,uf+num,9.0,-33.087135,-52.895697,Y,Aura Mirim VIII,3,3.0,120.0,125.0,182.5,9.0,Sim,False,SIGEL/Aerogeradores
1298,EOLRS031700,RS,identifiable-EOL,uf+num,21.0,-33.083946,-52.837630,Y,Aura Mangueira IV,7,3.0,120.0,125.0,182.5,21.0,Sim,False,SIGEL/Aerogeradores
1299,EOLRS031701,RS,identifiable-EOL,uf+num,9.0,-33.098466,-52.861922,Y,Aura Mirim VI,3,3.0,120.0,125.0,182.5,9.0,Sim,False,SIGEL/Aerogeradores
1300,EOLRS031705,RS,identifiable-EOL,uf+num,15.0,-33.095069,-52.843519,Y,Aura Mangueira XVII,5,3.0,120.0,125.0,182.5,15.0,Sim,False,SIGEL/Aerogeradores
1301,EOLRS031719,RS,identifiable-EOL,uf+num,9.0,-33.176176,-52.920690,Y,Aura Mangueira XI,3,3.0,120.0,125.0,182.5,9.0,Sim,False,SIGEL/Aerogeradores
1302,EOLRS031805,RS,identifiable-EOL,uf+num,24.0,-33.189584,-52.930164,Y,Aura Mangueira VII,8,3.0,120.0,125.0,182.5,24.0,Sim,False,SIGEL/Aerogeradores
1303,EOLRS031806,RS,identifiable-EOL,uf+num,30.0,-33.138043,-52.912052,Y,Aura Mirim II,10,3.0,120.0,125.0,182.5,30.0,Sim,False,SIGEL/Aerogeradores
1304,EOLSC028674,SC,identifiable-EOL,,4.8,-26.600000,-52.716700,N,,,,,,,,,,
1305,EOLSC028793,SC,identifiable-EOL,uf+num,9.0,-26.583919,-51.687587,Y,Água Doce,15,0.6,64.6,44.0,86.6,9.0,Sim,False,SIGEL/Aerogeradores
1306,EOLSC029051,SC,identifiable-EOL,uf+num,30.0,-28.471001,-49.605034,Y,Púlpito,20,1.5,100.0,77.0,138.5,30.0,Sim,False,SIGEL/Aerogeradores
1307,EOLSC029052,SC,identifiable-EOL,uf+num,30.0,-26.584831,-51.753170,Y,Aquibatã,20,1.5,100.0,77.0,138.5,30.0,Sim,False,SIGEL/Aerogeradores
1308,EOLSC029053,SC,identifiable-EOL,uf+num,3.0,-28.455147,-49.598367,Y,Santo Antônio,2,1.5,100.0,77.0,138.5,3.0,Sim,False,SIGEL/Aerogeradores
1309,EOLSC029054,SC,identifiable-EOL,uf+num,6.0,-26.588940,-51.742745,Y,Cascata,4,1.5,100.0,77.0,138.5,6.0,Sim,False,SIGEL/Aerogeradores
1310,EOLSC029055,SC,identifiable-EOL,uf+num,30.0,-28.446426,-49.607579,Y,Rio do Ouro,20,1.5,100.0,77.0,138.5,30.0,Sim,False,SIGEL/Aerogeradores
1311,EOLSC029056,SC,identifiable-EOL,uf+num,30.0,-26.588562,-51.813800,Y,Salto,20,1.5,100.0,77.0,138.5,30.0,Sim,False,SIGEL/Aerogeradores
1312,EOLSC029062,SC,identifiable-EOL,uf+num,30.0,-28.440258,-49.570307,Y,Bom Jardim,20,1.5,100.0,77.0,138.5,30.0,Sim,False,SIGEL/Aerogeradores
1313,EOLSC029065,SC,identifiable-EOL,uf+num,10.5,-26.612264,-51.740138,Y,Campo Belo,7,1.5,85.0,77.0,123.5,10.5,Sim,False,SIGEL/Aerogeradores
1314,EOLSC029069,SC,identifiable-EOL,uf+num,22.5,-26.618266,-51.564595,Y,Amparo,15,1.5,100.0,77.0,138.5,22.5,Sim,False,SIGEL/Aerogeradores
1315,EOLSC029070,SC,identifiable-EOL,uf+num,30.0,-26.599387,-51.725472,Y,Cruz Alta,20,1.5,100.0,77.0,138.5,30.0,Sim,False,SIGEL/Aerogeradores
1316,EOLSC032016,SC,identifiable-EOL,,2.099,-28.480925,-49.037159,N,,,,,,,,,,
1317,EOLSC050783,SC,identifiable-EOL,,4.2,-28.443670,-48.976270,N,,,,,,,,,,
2812,EOLRS032236,RS,identifiable-EOL,uf+num,4.2,-31.031295,-55.930850,Y,Coxilha Negra 2,24,4.2,125.0,147.0,198.5,100.8,Não,False,SIGEL/Aerogeradores
2813,EOLRS032237,RS,identifiable-EOL,uf+num,88.2,-31.075218,-55.886333,Y,Coxilha Negra 3,25,4.2,125.0,147.0,198.5,105.0,Não,False,SIGEL/Aerogeradores
2814,EOLRS033807,RS,identifiable-EOL,uf+num,33.6,-31.018973,-55.814473,Y,Coxilha Negra 4,23,4.2,125.0,147.0,198.5,96.6,Não,False,SIGEL/Aerogeradores
332,EOLBA030283,BA,identifiable-EOL,uf+num,35.07,-12.351191,-42.338525,Y,Macaúbas,21,1.7,80.0,86.0,123.0,35.07,Sim,False,SIGEL/Aerogeradores
333,EOLBA030288,BA,identifiable-EOL,uf+num,30.0,-9.517548,-40.886394,Y,Pedra do Reino,10,3.0,80.0,90.0,125.0,30.0,Sim,False,SIGEL/Aerogeradores
334,EOLBA030305,BA,identifiable-EOL,uf+num,30.06,-12.312699,-42.350988,Y,Novo Horizonte,18,1.6,80.0,86.0,123.0,28.8,Sim,False,SIGEL/Aerogeradores
335,EOLBA030306,BA,identifiable-EOL,uf+num,28.39,-12.278703,-42.362604,Y,Seabra,18,1.7,80.0,86.0,123.0,30.6,Sim,False,SIGEL/Aerogeradores
336,EOLBA030314,BA,identifiable-EOL,uf+num,19.2,-14.155456,-42.638220,Y,Serra do Salto,12,1.6,80.0,82.5,121.2,19.2,Sim,False,SIGEL/Aerogeradores
337,EOLBA030315,BA,identifiable-EOL,uf+num,11.2,-13.882300,-42.663050,Y,Ilhéus,7,1.6,80.0,82.5,121.2,11.2,Sim,False,SIGEL/Aerogeradores
338,EOLBA030316,BA,identifiable-EOL,uf+num,9.6,-14.183147,-42.622749,Y,Candiba,6,1.6,80.0,82.5,121.2,9.6,Sim,False,SIGEL/Aerogeradores
339,EOLBA030317,BA,identifiable-EOL,uf+num,24.0,-14.176944,-42.654063,Y,Licínio de Almeida,15,1.6,80.0,82.5,121.2,24.0,Sim,False,SIGEL/Aerogeradores
340,EOLBA030318,BA,identifiable-EOL,uf+num,28.8,-13.895694,-42.676889,Y,Nossa Senhora da Conceição,18,1.6,80.0,82.5,121.2,28.8,Sim,False,SIGEL/Aerogeradores
341,EOLBA030319,BA,identifiable-EOL,uf+num,25.6,-14.014750,-42.633861,Y,Pajeú do Vento,16,1.6,80.0,82.5,121.2,25.6,Sim,False,SIGEL/Aerogeradores
342,EOLBA030320,BA,identifiable-EOL,uf+num,8.0,-14.185151,-42.591073,Y,Alvorada,5,1.6,80.0,82.5,121.2,8.0,Sim,False,SIGEL/Aerogeradores
343,EOLBA030321,BA,identifiable-EOL,uf+num,30.4,-13.860574,-42.657342,Y,Igaporã,19,1.6,80.0,82.5,121.2,30.4,Sim,False,SIGEL/Aerogeradores
344,EOLBA030322,BA,identifiable-EOL,uf+num,27.2,-13.987944,-42.638944,Y,Planaltina,17,1.6,80.0,82.5,121.2,27.2,Sim,False,SIGEL/Aerogeradores
345,EOLBA030323,BA,identifiable-EOL,uf+num,6.4,-13.862944,-42.672667,Y,Porto Seguro,4,1.6,80.0,82.5,121.2,6.4,Sim,False,SIGEL/Aerogeradores
346,EOLBA030324,BA,identifiable-EOL,uf+num,24.0,-14.202139,-42.658899,Y,Pindaí,15,1.6,80.0,82.5,121.2,24.0,Sim,False,SIGEL/Aerogeradores
347,EOLBA030328,BA,identifiable-EOL,uf+num,20.8,-14.201708,-42.618310,Y,Guanambi,13,1.6,80.0,82.5,121.2,20.8,Sim,False,SIGEL/Aerogeradores
348,EOLBA030341,BA,identifiable-EOL,uf+num,30.4,-14.164028,-42.600556,Y,Rio Verde,19,1.6,80.0,82.5,121.2,30.4,Sim,False,SIGEL/Aerogeradores
349,EOLBA030342,BA,identifiable-EOL,uf+num,28.8,-14.218915,-42.641388,Y,Guirapá,18,1.6,80.0,82.5,121.2,28.8,Sim,False,SIGEL/Aerogeradores
350,EOLBA030437,BA,identifiable-EOL,uf+num,30.0,-14.185000,-42.503000,Y,Caetité 2,15,2.0,78.0,90.0,123.0,30.0,Sim,False,SIGEL/Aerogeradores
351,EOLBA030443,BA,identifiable-EOL,uf+num,30.0,-9.874592,-41.095715,Y,Pedra Branca,12,2.0,80.0,90.0,125.0,30.0,Sim,False,SIGEL/Aerogeradores
352,EOLBA030448,BA,identifiable-EOL,uf+num,30.0,-14.219444,-42.507000,Y,Caetité 3,15,2.0,78.0,90.0,123.0,30.0,Sim,False,SIGEL/Aerogeradores
353,EOLBA030455,BA,identifiable-EOL,uf+num,30.0,-9.863844,-41.104175,Y,Sete Gamelerias,15,2.0,80.0,100.0,130.0,30.0,Sim,False,SIGEL/Aerogeradores
354,EOLBA030456,BA,identifiable-EOL,uf+num,31.465,-9.874693,-41.093011,Y,São Pedro do Lago,13,2.4,80.0,100.0,130.0,31.46,Sim,False,SIGEL/Aerogeradores
355,EOLBA030476,BA,identifiable-EOL,uf+num,23.52,-14.119464,-42.614083,Y,Ventos do Nordeste,13,1.7,80.0,82.5,122.0,21.84,Sim,False,SIGEL/Aerogeradores
356,EOLBA030490,BA,identifiable-EOL,uf+num,21.84,-13.964266,-42.638863,Y,Da Prata,13,1.7,80.0,82.5,122.0,21.84,Sim,False,SIGEL/Aerogeradores
357,EOLBA030495,BA,identifiable-EOL,uf+num,31.86,-14.129593,-42.559655,Y,Dos Araçás,19,1.7,80.0,82.5,122.0,31.86,Sim,False,SIGEL/Aerogeradores
358,EOLBA030506,BA,identifiable-EOL,uf+num,30.24,-14.088509,-42.682708,Y,Morrão,18,1.7,80.0,82.5,122.0,30.24,Sim,False,SIGEL/Aerogeradores
359,EOLBA030544,BA,identifiable-EOL,uf+num,30.0,-14.102598,-42.610657,Y,Tanque,18,1.7,80.0,82.5,122.0,30.0,Sim,False,SIGEL/Aerogeradores
360,EOLBA030546,BA,identifiable-EOL,uf+num,30.24,-14.147273,-42.711851,Y,Seraíma,18,1.7,80.0,82.5,122.0,30.24,Sim,False,SIGEL/Aerogeradores
361,EOLBA030608,BA,identifiable-EOL,uf+num,18.0,-9.498583,-40.879000,Y,Pedra do Reino III,6,3.0,80.0,90.0,125.0,18.0,Sim,False,SIGEL/Aerogeradores
362,EOLBA030725,BA,identifiable-EOL,uf+num,29.9,-11.664250,-41.362000,Y,São Judas,13,2.3,80.0,84.0,122.0,29.9,Sim,False,SIGEL/Aerogeradores
363,EOLBA030726,BA,identifiable-EOL,uf+num,29.9,-11.733361,-41.373000,Y,Primavera,13,2.3,80.0,84.0,122.0,29.9,Sim,False,SIGEL/Aerogeradores
364,EOLBA030727,BA,identifiable-EOL,uf+num,29.9,-11.796463,-41.393384,Y,Cristal,13,2.3,80.0,101.0,130.5,29.9,Sim,False,SIGEL/Aerogeradores
365,EOLBA030731,BA,identifiable-EOL,uf+num,16.65,-14.338138,-42.591091,Y,Teiu,9,1.9,80.0,82.5,121.2,16.65,Sim,False,SIGEL/Aerogeradores
366,EOLBA030732,BA,identifiable-EOL,uf+num,12.95,-14.346057,-42.613684,Y,Angical,7,1.9,80.0,82.5,121.2,12.95,Sim,False,SIGEL/Aerogeradores
367,EOLBA030738,BA,identifiable-EOL,uf+num,29.6,-14.419889,-42.628720,Y,Coqueirinho,16,1.9,80.0,82.5,121.2,29.6,Sim,False,SIGEL/Aerogeradores
368,EOLBA030739,BA,identifiable-EOL,uf+num,22.2,-14.452802,-42.640996,Y,Caititu,12,1.9,80.0,82.5,121.2,22.2,Sim,False,SIGEL/Aerogeradores
369,EOLBA030751,BA,identifiable-EOL,uf+num,31.45,-14.391171,-42.593854,Y,Inhambu,17,1.9,80.0,82.5,121.2,31.45,Sim,False,SIGEL/Aerogeradores
370,EOLBA030752,BA,identifiable-EOL,uf+num,27.75,-14.292691,-42.585269,Y,Corrupião,15,1.9,80.0,82.5,121.2,27.75,Sim,False,SIGEL/Aerogeradores
371,EOLBA030753,BA,identifiable-EOL,uf+num,29.6,-14.377552,-42.609386,Y,Tamanduá Mirim,16,1.9,80.0,82.5,121.2,29.6,Sim,False,SIGEL/Aerogeradores
372,EOLBA030768,BA,identifiable-EOL,uf+num,30.24,-14.133706,-42.602358,Y,Maron,18,1.7,80.0,100.0,130.0,30.24,Sim,False,SIGEL/Aerogeradores
373,EOLBA030776,BA,identifiable-EOL,uf+num,30.24,-14.029151,-42.616076,Y,Pilões,18,1.7,80.0,82.5,122.0,30.24,Sim,False,SIGEL/Aerogeradores
374,EOLBA030778,BA,identifiable-EOL,uf+num,28.56,-14.152325,-42.681592,Y,Dourados,17,1.7,80.0,82.5,122.0,28.56,Sim,False,SIGEL/Aerogeradores
375,EOLBA030779,BA,identifiable-EOL,uf+num,28.56,-14.172033,-42.700224,Y,Ametista,17,1.7,80.0,82.5,121.2,28.56,Sim,False,SIGEL/Aerogeradores
376,EOLBA030792,BA,identifiable-EOL,uf+num,30.24,-14.468862,-42.583559,Y,Caetité,18,1.7,80.0,82.5,122.0,30.24,Sim,False,SIGEL/Aerogeradores
377,EOLBA030793,BA,identifiable-EOL,uf+num,21.84,-14.529235,-42.586731,Y,Pelourinho,13,1.7,80.0,82.5,122.0,21.84,Sim,False,SIGEL/Aerogeradores
378,EOLBA030801,BA,identifiable-EOL,uf+num,28.2,-13.917985,-42.620446,Y,Joana,12,2.4,80.0,100.0,130.0,28.2,Sim,False,SIGEL/Aerogeradores
379,EOLBA030802,BA,identifiable-EOL,uf+num,18.48,-14.495724,-42.582860,Y,Serra do Espinhaço,11,1.7,80.0,82.5,122.0,18.48,Sim,False,SIGEL/Aerogeradores
380,EOLBA030803,BA,identifiable-EOL,uf+num,10.08,-14.476963,-42.585251,Y,Espigão,6,1.7,83.8,82.5,125.0,10.08,Sim,False,SIGEL/Aerogeradores
381,EOLBA030807,BA,identifiable-EOL,uf+num,25.85,-13.910024,-42.624172,Y,Emiliana,12,2.4,99.5,108.0,153.5,28.2,Sim,False,SIGEL/Aerogeradores
382,EOLBA030837,BA,identifiable-EOL,uf+num,20.16,-14.508401,-42.586651,Y,Borgo,12,1.7,80.0,82.5,121.2,20.16,Sim,False,SIGEL/Aerogeradores
383,EOLBA030943,BA,identifiable-EOL,uf+num,30.0,-10.627702,-40.685535,Y,Ventos de Campo Formoso I,15,2.0,78.0,97.0,126.5,30.0,Sim,False,SIGEL/Aerogeradores
384,EOLBA030944,BA,identifiable-EOL,uf+num,30.0,-10.583277,-40.637447,Y,Ventos da Andorinha,15,2.0,78.0,97.0,126.5,30.0,Sim,False,SIGEL/Aerogeradores
385,EOLBA030945,BA,identifiable-EOL,uf+num,30.0,-10.569562,-40.628583,Y,Ventos de Morrinhos,15,2.0,78.0,97.0,126.5,30.0,Sim,False,SIGEL/Aerogeradores
386,EOLBA030946,BA,identifiable-EOL,uf+num,30.0,-10.556679,-40.568676,Y,Ventos do Sertão,15,2.0,78.0,97.0,126.5,30.0,Sim,False,SIGEL/Aerogeradores
387,EOLBA030976,BA,identifiable-EOL,uf+num,30.0,-14.163217,-42.484490,Y,Caetité 1,15,2.0,78.0,90.0,123.0,30.0,Sim,False,SIGEL/Aerogeradores
388,EOLBA031010,BA,identifiable-EOL,uf+num,30.0,-10.519560,-40.611384,Y,Ventos de Campo Formoso II,15,2.0,78.0,97.0,126.5,30.0,Sim,False,SIGEL/Aerogeradores
389,EOLBA031120,BA,identifiable-EOL,uf+num,18.9,-13.837919,-42.648638,Y,São Salvador,7,2.7,89.0,122.0,150.0,18.9,Sim,False,SIGEL/Aerogeradores
390,EOLBA031121,BA,identifiable-EOL,uf+num,30.0,-11.822457,-41.459062,Y,Dois Riachos,15,2.0,90.0,97.0,138.5,30.0,Sim,False,SIGEL/Aerogeradores
391,EOLBA031335,BA,identifiable-EOL,uf+num,32.9,-9.886794,-41.120331,Y,Baraúnas I,14,2.4,98.0,92.0,144.0,32.9,Sim,False,SIGEL/Aerogeradores
392,EOLBA031336,BA,identifiable-EOL,uf+num,32.9,-9.849705,-41.056519,Y,Morro Branco I,14,2.4,98.0,92.0,144.0,32.9,Sim,False,SIGEL/Aerogeradores
393,EOLBA031337,BA,identifiable-EOL,uf+num,30.0,-11.893431,-41.458331,Y,Maniçoba,15,2.0,78.0,97.0,126.5,30.0,Não,False,SIGEL/Aerogeradores
394,EOLBA031338,BA,identifiable-EOL,uf+num,30.0,-11.856718,-41.474222,Y,Damascena,15,2.0,90.0,97.0,138.5,30.0,Sim,False,SIGEL/Aerogeradores
395,EOLBA031341,BA,identifiable-EOL,uf+num,20.0,-11.184107,-42.705313,Y,Assuruá V,10,2.0,78.0,97.0,126.5,20.0,Sim,False,SIGEL/Aerogeradores
396,EOLBA031342,BA,identifiable-EOL,uf+num,22.1,-14.114634,-42.474949,Y,Caetité B,13,1.7,80.0,103.0,131.5,22.1,Sim,False,SIGEL/Aerogeradores
397,EOLBA031343,BA,identifiable-EOL,uf+num,30.0,-11.163795,-42.670649,Y,Assuruá II,15,2.0,78.0,97.0,126.5,30.0,Sim,False,SIGEL/Aerogeradores
398,EOLBA031344,BA,identifiable-EOL,uf+num,23.8,-14.141481,-42.478267,Y,Caetité A,14,1.7,80.0,103.0,131.5,23.8,Sim,False,SIGEL/Aerogeradores
399,EOLBA031352,BA,identifiable-EOL,uf+num,32.9,-9.862764,-41.083417,Y,Mussambê,14,2.4,98.0,92.0,144.0,32.9,Sim,False,SIGEL/Aerogeradores
400,EOLBA031355,BA,identifiable-EOL,uf+num,28.0,-11.861620,-41.416144,Y,Esperança,14,2.0,80.0,144.0,137.0,28.0,Sim,False,SIGEL/Aerogeradores
401,EOLBA031356,BA,identifiable-EOL,uf+num,18.0,-11.071039,-42.678815,Y,Assuruá VII,9,2.0,78.0,97.0,126.5,18.0,Sim,False,SIGEL/Aerogeradores
402,EOLBA031402,BA,identifiable-EOL,uf+num,23.7,-14.277823,-42.543459,Y,Abil,8,3.0,75.0,109.8,129.9,23.7,Sim,True,SIGEL/Aerogeradores
403,EOLBA031403,BA,identifiable-EOL,uf+num,15.0,-14.315912,-42.572140,Y,Tabua,5,3.0,75.0,109.8,129.9,15.0,Sim,False,SIGEL/Aerogeradores
404,EOLBA031404,BA,identifiable-EOL,uf+num,8.1,-13.894795,-42.702698,Y,Angico,3,2.7,89.0,122.0,150.0,8.1,Sim,False,SIGEL/Aerogeradores
405,EOLBA031405,BA,identifiable-EOL,uf+num,9.0,-14.325693,-42.571852,Y,Jabuticaba,3,3.0,75.0,100.0,125.0,9.0,Sim,False,SIGEL/Aerogeradores
406,EOLBA031406,BA,identifiable-EOL,uf+num,21.6,-13.907722,-42.705021,Y,Taboquinha,8,2.7,89.0,122.0,150.0,21.6,Sim,False,SIGEL/Aerogeradores
407,EOLBA031407,BA,identifiable-EOL,uf+num,21.0,-14.549962,-42.580644,Y,Folha de Serra,7,3.0,75.0,122.0,136.0,21.0,Sim,False,SIGEL/Aerogeradores
408,EOLBA031408,BA,identifiable-EOL,uf+num,21.0,-14.556181,-42.582048,Y,Jacarandá do Cerrado,7,3.0,75.0,100.0,125.0,21.0,Sim,False,SIGEL/Aerogeradores
409,EOLBA031418,BA,identifiable-EOL,uf+num,16.2,-13.915586,-42.697782,Y,Acácia,6,2.7,89.0,122.0,150.0,16.2,Sim,False,SIGEL/Aerogeradores
410,EOLBA031424,BA,identifiable-EOL,uf+num,23.4,-14.259561,-42.554320,Y,Vaqueta,8,3.0,75.0,110.0,130.0,23.4,Sim,True,SIGEL/Aerogeradores
411,EOLBA031431,BA,identifiable-EOL,uf+num,8.0,-14.445209,-42.691719,Y,Teiú 2,4,2.0,78.0,97.0,126.5,8.0,Sim,False,SIGEL/Aerogeradores
412,EOLBA031432,BA,identifiable-EOL,uf+num,10.0,-14.331822,-42.612802,Y,Caititu 2,5,2.0,78.0,97.0,126.5,10.0,Sim,False,SIGEL/Aerogeradores
413,EOLBA031433,BA,identifiable-EOL,uf+num,6.0,-14.412776,-42.659942,Y,Acauã,3,2.0,78.0,97.0,126.5,6.0,Sim,False,SIGEL/Aerogeradores
414,EOLBA031434,BA,identifiable-EOL,uf+num,4.0,-14.431883,-42.691894,Y,Arapapá,2,2.0,78.0,97.0,126.5,4.0,Sim,False,SIGEL/Aerogeradores
415,EOLBA031435,BA,identifiable-EOL,uf+num,10.0,-14.419038,-42.641929,Y,Angical 2,5,2.0,78.0,97.0,126.5,10.0,Sim,False,SIGEL/Aerogeradores
416,EOLBA031447,BA,identifiable-EOL,uf+num,10.0,-14.283559,-42.593245,Y,Carcará,5,2.0,78.0,97.0,126.5,10.0,Sim,False,SIGEL/Aerogeradores
417,EOLBA031458,BA,identifiable-EOL,uf+num,10.0,-14.270171,-42.575490,Y,Corrupião 3,5,2.0,78.0,97.0,126.5,10.0,Sim,False,SIGEL/Aerogeradores
418,EOLBA031459,BA,identifiable-EOL,uf+num,10.0,-14.320177,-42.610275,Y,Caititu 3,5,2.0,78.0,97.0,126.5,10.0,Sim,False,SIGEL/Aerogeradores
419,EOLBA031511,BA,identifiable-EOL,uf+num,10.0,-14.481477,-42.640872,Y,Papagaio,5,2.0,78.0,97.0,126.5,10.0,Sim,False,SIGEL/Aerogeradores
420,EOLBA031518,BA,identifiable-EOL,uf+num,16.0,-14.503058,-42.651364,Y,Coqueirinho 2,8,2.0,78.0,97.0,126.5,16.0,Sim,False,SIGEL/Aerogeradores
421,EOLBA031519,BA,identifiable-EOL,uf+num,32.9,-9.270551,-41.050094,Y,Casa Nova II,14,2.3,98.0,92.0,144.0,32.9,Sim,False,SIGEL/Aerogeradores
422,EOLBA031523,BA,identifiable-EOL,uf+num,8.5,-14.108207,-42.474611,Y,Caetité C,5,1.7,80.0,103.0,131.5,8.5,Sim,False,SIGEL/Aerogeradores
423,EOLBA031524,BA,identifiable-EOL,uf+num,28.2,-9.314802,-41.117485,Y,Casa Nova III,12,2.3,98.0,92.0,144.0,28.2,Sim,False,SIGEL/Aerogeradores
424,EOLBA031563,BA,identifiable-EOL,uf+num,30.0,-10.606096,-40.654497,Y,Ventos de Guarás I,15,2.0,76.5,97.0,125.5,30.0,Sim,False,SIGEL/Aerogeradores
425,EOLBA031606,BA,identifiable-EOL,uf+num,16.0,-14.470953,-42.665527,Y,Tamanduá Mirim 2,8,2.0,78.0,97.0,126.5,16.0,Sim,False,SIGEL/Aerogeradores
426,EOLBA031607,BA,identifiable-EOL,uf+num,32.9,-9.847750,-41.053891,Y,Banda de Couro,14,2.4,98.0,92.0,144.0,32.9,Sim,False,SIGEL/Aerogeradores
427,EOLBA031667,BA,identifiable-EOL,uf+num,25.85,-9.871747,-41.063110,Y,Baraúnas II,11,2.4,98.0,92.0,144.0,25.85,Sim,False,SIGEL/Aerogeradores
428,EOLBA031737,BA,identifiable-EOL,uf+num,17.5,-10.664992,-41.604518,Y,Umburanas 05,7,2.5,90.0,116.0,148.0,17.5,Sim,False,SIGEL/Aerogeradores
429,EOLBA031738,BA,identifiable-EOL,uf+num,25.0,-10.679477,-41.520631,Y,Umburanas 01,10,2.5,90.0,116.0,148.0,25.0,Sim,False,SIGEL/Aerogeradores
430,EOLBA031740,BA,identifiable-EOL,uf+num,25.0,-10.669916,-41.509507,Y,Umburanas 02,10,2.5,90.0,116.0,148.0,25.0,Sim,False,SIGEL/Aerogeradores
431,EOLBA031741,BA,identifiable-EOL,uf+num,20.0,-10.640248,-41.507583,Y,Umburanas 03,8,2.5,90.0,116.0,148.0,20.0,Sim,False,SIGEL/Aerogeradores
432,EOLBA031742,BA,identifiable-EOL,uf+num,20.0,-10.649883,-41.596086,Y,Umburanas 10,8,2.5,90.0,116.0,148.0,20.0,Sim,False,SIGEL/Aerogeradores
433,EOLBA031743,BA,identifiable-EOL,uf+num,17.5,-10.638644,-41.614341,Y,Umburanas 09,7,2.5,90.0,116.0,148.0,17.5,Sim,False,SIGEL/Aerogeradores
434,EOLBA031744,BA,identifiable-EOL,uf+num,15.0,-10.586323,-41.490183,Y,Umburanas 11,6,2.5,90.0,116.0,148.0,15.0,Sim,False,SIGEL/Aerogeradores
435,EOLBA031752,BA,identifiable-EOL,uf+num,20.0,-10.646925,-41.564666,Y,Umburanas 13,8,2.5,90.0,116.0,148.0,20.0,Sim,False,SIGEL/Aerogeradores
436,EOLBA031754,BA,identifiable-EOL,uf+num,20.0,-10.652819,-41.497254,Y,Umburanas 15,8,2.5,90.0,116.0,148.0,20.0,Sim,False,SIGEL/Aerogeradores
437,EOLBA031755,BA,identifiable-EOL,uf+num,25.0,-10.694148,-41.568716,Y,Umburanas 16,10,2.5,90.0,116.0,148.0,25.0,Sim,False,SIGEL/Aerogeradores
438,EOLBA031756,BA,identifiable-EOL,uf+num,7.5,-10.650271,-41.587366,Y,Umburanas 18,3,2.5,90.0,116.0,148.0,7.5,Sim,False,SIGEL/Aerogeradores
439,EOLBA031758,BA,identifiable-EOL,uf+num,27.0,-12.015583,-41.446262,Y,Ventos da Bahia II,9,3.0,120.0,125.0,182.5,27.0,Sim,True,SIGEL/Aerogeradores
440,EOLBA031770,BA,identifiable-EOL,uf+num,12.0,-11.984325,-41.444549,Y,Ventos da Bahia IV,4,3.0,120.0,125.0,182.5,12.0,Sim,False,SIGEL/Aerogeradores
441,EOLBA031771,BA,identifiable-EOL,uf+num,27.0,-12.032426,-41.456540,Y,Ventos da Bahia VIII,9,3.0,100.0,125.0,162.5,27.0,Sim,True,SIGEL/Aerogeradores
442,EOLBA031796,BA,identifiable-EOL,uf+num,20.0,-10.673447,-41.604745,Y,Umburanas 06,8,2.5,90.0,116.0,148.0,20.0,Sim,False,SIGEL/Aerogeradores
443,EOLBA031832,BA,identifiable-EOL,uf+num,25.0,-10.697722,-41.582322,Y,Umburanas 08,10,2.5,90.0,116.0,148.0,25.0,Sim,False,SIGEL/Aerogeradores
444,EOLBA032081,BA,identifiable-EOL,uf+num,30.0,-13.931228,-41.560866,Y,Cristalândia I,15,2.0,80.0,110.0,135.0,30.0,Sim,False,SIGEL/Aerogeradores
445,EOLBA032082,BA,identifiable-EOL,uf+num,30.0,-13.970133,-41.550179,Y,Cristalândia II,15,2.0,80.0,110.0,135.0,30.0,Sim,False,SIGEL/Aerogeradores
446,EOLBA032083,BA,identifiable-EOL,uf+num,30.0,-14.009508,-41.533277,Y,Cristalândia III,15,2.0,80.0,110.0,135.0,30.0,Sim,False,SIGEL/Aerogeradores
447,EOLBA032090,BA,identifiable-EOL,uf+num,13.5,-13.835063,-42.703777,Y,Amescla,5,2.7,90.0,122.0,151.0,13.5,Sim,False,SIGEL/Aerogeradores
448,EOLBA032091,BA,identifiable-EOL,uf+num,21.6,-14.044056,-42.654293,Y,Angelim,8,2.7,89.0,122.0,150.0,21.6,Sim,False,SIGEL/Aerogeradores
449,EOLBA032093,BA,identifiable-EOL,uf+num,16.2,-13.826610,-42.704285,Y,Barbatimão,6,2.7,89.0,122.0,150.0,16.2,Sim,False,SIGEL/Aerogeradores
450,EOLBA032098,BA,identifiable-EOL,uf+num,12.0,-14.328980,-42.572302,Y,Cedro,4,3.0,75.0,110.0,130.0,12.0,Sim,False,SIGEL/Aerogeradores
451,EOLBA032101,BA,identifiable-EOL,uf+num,16.2,-13.994598,-42.690783,Y,Facheio,6,2.7,89.0,122.0,150.0,16.2,Sim,False,SIGEL/Aerogeradores
452,EOLBA032102,BA,identifiable-EOL,uf+num,8.1,-13.863558,-42.690898,Y,Imburana Macho,6,2.7,89.0,122.0,150.0,16.2,Não,False,SIGEL/Aerogeradores
453,EOLBA032104,BA,identifiable-EOL,uf+num,16.2,-13.829375,-42.690823,Y,Jataí,6,2.7,90.0,122.0,151.0,16.2,Sim,False,SIGEL/Aerogeradores
454,EOLBA032106,BA,identifiable-EOL,uf+num,18.9,-13.841875,-42.690565,Y,Juazeiro,7,2.7,89.0,122.0,150.0,18.9,Sim,False,SIGEL/Aerogeradores
455,EOLBA032108,BA,identifiable-EOL,uf+num,13.5,-14.015460,-42.663303,Y,Sabiu,5,2.7,90.0,122.0,151.0,13.5,Sim,False,SIGEL/Aerogeradores
456,EOLBA032111,BA,identifiable-EOL,uf+num,18.9,-13.979888,-42.665189,Y,Umbuzeiro,14,2.7,89.0,122.0,150.0,37.8,Sim,False,SIGEL/Aerogeradores
457,EOLBA032113,BA,identifiable-EOL,uf+num,16.5,-14.254035,-42.549050,Y,Vellozia,12,2.7,89.0,122.0,150.0,33.0,Sim,True,SIGEL/Aerogeradores
458,EOLBA032245,BA,identifiable-EOL,uf+num,13.8,-14.016968,-42.676410,Y,Manineiro,10,2.7,89.0,122.0,150.0,27.6,Sim,True,SIGEL/Aerogeradores
459,EOLBA032246,BA,identifiable-EOL,uf+num,18.0,-14.535573,-42.575839,Y,Pau D'Água,6,3.0,75.0,100.0,125.0,18.0,Sim,False,SIGEL/Aerogeradores
460,EOLBA032342,BA,identifiable-EOL,uf+num,12.5,-11.170556,-42.681321,Y,Assuruá III,5,2.5,90.0,116.0,147.3,12.5,Sim,False,SIGEL/Aerogeradores
461,EOLBA032343,BA,identifiable-EOL,uf+num,30.0,-11.047474,-42.687599,Y,Assuruá IV,15,2.0,78.0,97.0,126.5,30.0,Sim,False,SIGEL/Aerogeradores
462,EOLBA032344,BA,identifiable-EOL,uf+num,27.5,-11.177425,-42.736905,Y,Capoeiras III,11,2.5,90.0,116.0,147.3,27.5,Sim,False,SIGEL/Aerogeradores
463,EOLBA032345,BA,identifiable-EOL,uf+num,20.0,-11.134978,-42.653473,Y,Curral de Pedras I,8,2.5,90.0,116.0,147.3,20.0,Sim,False,SIGEL/Aerogeradores
464,EOLBA032346,BA,identifiable-EOL,uf+num,27.5,-11.212712,-42.699851,Y,Curral de Pedras II,11,2.5,90.0,116.0,147.3,27.5,Sim,False,SIGEL/Aerogeradores
465,EOLBA032347,BA,identifiable-EOL,uf+num,17.5,-11.106516,-42.671498,Y,Diamante II,7,2.5,90.0,116.0,147.3,17.5,Sim,False,SIGEL/Aerogeradores
466,EOLBA032348,BA,identifiable-EOL,uf+num,17.5,-11.090365,-42.683008,Y,Diamante III,7,2.5,90.0,116.0,147.3,17.5,Sim,False,SIGEL/Aerogeradores
467,EOLBA032349,BA,identifiable-EOL,uf+num,27.5,-11.122780,-42.684070,Y,Laranjeiras I,11,2.5,90.0,116.0,147.3,27.5,Sim,False,SIGEL/Aerogeradores
468,EOLBA032350,BA,identifiable-EOL,uf+num,30.0,-11.131075,-42.696798,Y,Laranjeiras II,12,2.5,90.0,116.0,147.3,30.0,Sim,False,SIGEL/Aerogeradores
469,EOLBA032351,BA,identifiable-EOL,uf+num,25.0,-11.115297,-42.669900,Y,Laranjeiras V,10,2.5,90.0,116.0,147.3,25.0,Sim,False,SIGEL/Aerogeradores
470,EOLBA032357,BA,identifiable-EOL,uf+num,28.0,-10.057509,-40.978680,Y,Delfina I,14,2.0,80.0,110.0,135.0,28.0,Sim,False,SIGEL/Aerogeradores
471,EOLBA032358,BA,identifiable-EOL,uf+num,28.0,-10.036946,-40.958618,Y,Delfina II,14,2.0,80.0,110.0,135.0,28.0,Sim,False,SIGEL/Aerogeradores
472,EOLBA032359,BA,identifiable-EOL,uf+num,28.0,-10.022876,-40.928364,Y,Delfina V,14,2.0,80.0,110.0,135.0,28.0,Sim,False,SIGEL/Aerogeradores
473,EOLBA032362,BA,identifiable-EOL,uf+num,13.5,-14.005467,-42.667041,Y,Mulungu,5,2.7,89.0,122.0,150.0,13.5,Sim,False,SIGEL/Aerogeradores
474,EOLBA032363,BA,identifiable-EOL,uf+num,18.9,-14.266978,-42.536433,Y,Pau Santo,7,2.7,89.0,122.0,150.0,18.9,Sim,False,SIGEL/Aerogeradores
475,EOLBA032364,BA,identifiable-EOL,uf+num,10.8,-13.980840,-42.678781,Y,Quina,4,2.7,89.0,122.0,150.0,10.8,Sim,False,SIGEL/Aerogeradores
476,EOLBA032417,BA,identifiable-EOL,uf+num,31.185,-9.766024,-41.022670,Y,Morro Branco II,9,3.5,84.0,132.0,150.0,31.18,Sim,False,SIGEL/Aerogeradores
477,EOLBA032462,BA,identifiable-EOL,uf+num,28.2,-11.095466,-41.305670,Y,Serra da Babilônia II,12,2.4,98.0,92.0,144.0,28.2,Sim,False,SIGEL/Aerogeradores
478,EOLBA032465,BA,identifiable-EOL,uf+num,28.2,-11.090140,-41.315365,Y,Serra da Babilônia IX,12,2.4,98.0,92.0,144.0,28.2,Sim,False,SIGEL/Aerogeradores
479,EOLBA032466,BA,identifiable-EOL,uf+num,25.85,-11.048995,-41.325203,Y,Serra da Babilônia VI,22,2.4,98.0,92.0,144.0,51.7,Sim,False,SIGEL/Aerogeradores
480,EOLBA032467,BA,identifiable-EOL,uf+num,28.2,-11.056587,-41.315487,Y,Serra da Babilônia VII,12,2.4,98.0,92.0,144.0,28.2,Sim,False,SIGEL/Aerogeradores
481,EOLBA032468,BA,identifiable-EOL,uf+num,28.2,-11.083844,-41.301060,Y,Serra da Babilônia VIII,12,2.4,98.0,92.0,144.0,28.2,Sim,False,SIGEL/Aerogeradores
482,EOLBA032469,BA,identifiable-EOL,uf+num,28.2,-11.068103,-41.318787,Y,Serra da Babilônia X,12,2.4,98.0,92.0,144.0,28.2,Sim,False,SIGEL/Aerogeradores
483,EOLBA032470,BA,identifiable-EOL,uf+num,28.2,-11.076978,-41.321587,Y,Serra da Babilônia XI,12,2.4,98.0,92.0,144.0,28.2,Sim,False,SIGEL/Aerogeradores
484,EOLBA032471,BA,identifiable-EOL,uf+num,28.2,-11.098866,-41.315867,Y,Serra da Babilônia XII,12,2.4,98.0,92.0,144.0,28.2,Sim,False,SIGEL/Aerogeradores
485,EOLBA032487,BA,identifiable-EOL,uf+num,16.45,-14.451362,-42.650472,Y,Inhambu 2,7,2.4,98.0,92.0,144.0,16.45,Sim,False,SIGEL/Aerogeradores
486,EOLBA032521,BA,identifiable-EOL,uf+num,28.0,-10.004919,-40.933794,Y,Delfina III,14,2.0,80.0,110.0,135.0,28.0,Sim,False,SIGEL/Aerogeradores
487,EOLBA032522,BA,identifiable-EOL,uf+num,8.0,-10.065803,-40.980929,Y,Delfina IV,4,2.0,80.0,110.0,135.0,8.0,Sim,False,SIGEL/Aerogeradores
488,EOLBA032523,BA,identifiable-EOL,uf+num,30.0,-10.029238,-40.951969,Y,Delfina VI,15,2.0,80.0,110.0,135.0,30.0,Sim,False,SIGEL/Aerogeradores
489,EOLBA032524,BA,identifiable-EOL,uf+num,30.0,-9.986322,-40.910740,Y,Delfina VII,15,2.0,80.0,110.0,135.0,30.0,Sim,False,SIGEL/Aerogeradores
490,EOLBA032526,BA,identifiable-EOL,uf+num,28.6,-11.987675,-41.525857,Y,Ventos da Bahia I,13,2.2,80.0,110.0,135.0,28.6,Sim,False,SIGEL/Aerogeradores
491,EOLBA032527,BA,identifiable-EOL,uf+num,30.8,-11.974740,-41.522136,Y,Ventos da Bahia III,14,2.2,80.0,110.0,135.0,30.8,Sim,False,SIGEL/Aerogeradores
492,EOLBA032531,BA,identifiable-EOL,uf+num,28.6,-11.986171,-41.491425,Y,Ventos da Bahia IX,13,2.2,80.0,110.0,135.0,28.6,Sim,False,SIGEL/Aerogeradores
493,EOLBA032535,BA,identifiable-EOL,uf+num,49.5,-12.131297,-41.496662,Y,Ventos da Bahia XIII,9,5.5,101.0,158.0,180.0,49.5,Sim,True,SIGEL/Aerogeradores
494,EOLBA032536,BA,identifiable-EOL,uf+num,33.0,-12.110180,-41.506776,Y,Ventos da Bahia XIV,6,5.5,126.0,158.0,205.0,33.0,Sim,True,SIGEL/Aerogeradores
495,EOLBA032567,BA,identifiable-EOL,uf+num,24.8,-11.190138,-38.781705,Y,Tucano II,4,6.2,115.0,170.0,200.0,24.8,Sim,False,SIGEL/Aerogeradores
496,EOLBA032568,BA,identifiable-EOL,uf+num,43.4,-11.329455,-38.804538,Y,Tucano III,7,6.2,115.0,170.0,200.0,43.4,Sim,False,SIGEL/Aerogeradores
497,EOLBA032569,BA,identifiable-EOL,uf+num,43.4,-11.420052,-38.812891,Y,Tucano IV,7,6.2,115.0,170.0,200.0,43.4,Sim,False,SIGEL/Aerogeradores
498,EOLBA032578,BA,identifiable-EOL,uf+num,49.6,-11.227957,-38.792010,Y,Tucano VI,8,6.2,115.0,170.0,200.0,49.6,Sim,False,SIGEL/Aerogeradores
499,EOLBA032579,BA,identifiable-EOL,uf+num,55.8,-11.256467,-38.811248,Y,Tucano VII,9,6.2,115.0,170.0,200.0,55.8,Sim,False,SIGEL/Aerogeradores
500,EOLBA032580,BA,identifiable-EOL,uf+num,49.6,-11.285933,-38.799070,Y,Tucano VIII,8,6.2,115.0,170.0,200.0,49.6,Sim,False,SIGEL/Aerogeradores
501,EOLBA032584,BA,identifiable-EOL,uf+num,43.4,-11.298496,-38.801334,Y,Tucano X,7,6.2,115.0,170.0,200.0,43.4,Sim,False,SIGEL/Aerogeradores
502,EOLBA032641,BA,identifiable-EOL,uf+num,29.4,-10.387003,-40.458851,Y,Ventos de São Januário 04,7,4.2,105.0,150.0,180.0,29.4,Sim,False,SIGEL/Aerogeradores
503,EOLBA032642,BA,identifiable-EOL,uf+num,72.0,-11.078763,-41.268079,Y,Ventos de São Januário 15,16,4.5,105.0,150.0,180.0,72.0,Sim,False,SIGEL/Aerogeradores
504,EOLBA032644,BA,identifiable-EOL,uf+num,42.0,-10.289825,-40.434053,Y,Ventos de São Januário 05,10,4.2,105.0,150.0,180.0,42.0,Sim,False,SIGEL/Aerogeradores
505,EOLBA032759,BA,identifiable-EOL,uf+num,30.0,-11.761353,-41.389287,Y,Boa Vista da Lagoinha,15,2.0,80.0,110.0,135.0,30.0,Sim,True,SIGEL/Aerogeradores
506,EOLBA032804,BA,identifiable-EOL,uf+num,36.0,-13.706919,-42.600118,Y,Aura Caetité 03,16,4.5,110.0,155.0,188.0,72.0,Sim,False,SIGEL/Aerogeradores
507,EOLBA032805,BA,identifiable-EOL,uf+num,22.5,-13.625203,-42.550867,Y,Aura Caetité 04,5,4.5,110.0,155.0,188.0,22.5,Sim,False,SIGEL/Aerogeradores
508,EOLBA032884,BA,identifiable-EOL,uf+num,28.0,-11.624949,-41.352131,Y,Ventos do Santo Abraão,14,2.0,80.0,110.0,135.0,28.0,Sim,False,SIGEL/Aerogeradores
509,EOLBA033508,BA,identifiable-EOL,uf+num,33.6,-10.322671,-40.436722,Y,Ventos de São Januário 01,8,4.2,105.0,150.0,180.0,33.6,Sim,False,SIGEL/Aerogeradores
510,EOLBA033521,BA,identifiable-EOL,uf+num,33.6,-10.310530,-40.440365,Y,Ventos de São Januário 03,8,4.2,105.0,150.0,180.0,33.6,Sim,False,SIGEL/Aerogeradores
511,EOLBA033523,BA,identifiable-EOL,uf+num,37.8,-10.410982,-40.466443,Y,Ventos de São Januário 06,9,4.2,105.0,150.0,180.0,37.8,Sim,False,SIGEL/Aerogeradores
512,EOLBA033529,BA,identifiable-EOL,uf+num,42.0,-10.265075,-40.430619,Y,Ventos de São Januário 10,10,4.2,105.0,150.0,180.0,42.0,Sim,False,SIGEL/Aerogeradores
513,EOLBA033530,BA,identifiable-EOL,uf+num,42.0,-10.243095,-40.424477,Y,Ventos de São Januário 11,10,4.2,105.0,150.0,180.0,42.0,Sim,False,SIGEL/Aerogeradores
514,EOLBA033532,BA,identifiable-EOL,uf+num,42.0,-10.344756,-40.437754,Y,Ventos de São Januário 13,10,4.2,105.0,150.0,180.0,42.0,Sim,False,SIGEL/Aerogeradores
515,EOLBA033533,BA,identifiable-EOL,uf+num,42.0,-10.367828,-40.442233,Y,Ventos de São Januário 14,10,4.2,105.0,150.0,180.0,42.0,Sim,False,SIGEL/Aerogeradores
516,EOLBA033547,BA,identifiable-EOL,uf+num,72.0,-11.099362,-41.280884,Y,Ventos de São Januário 16,16,4.5,105.0,150.0,180.0,72.0,Sim,False,SIGEL/Aerogeradores
517,EOLBA033548,BA,identifiable-EOL,uf+num,72.0,-11.130735,-41.287332,Y,Ventos de São Januário 17,32,4.5,105.0,150.0,180.0,144.0,Sim,False,SIGEL/Aerogeradores
518,EOLBA033549,BA,identifiable-EOL,uf+num,72.0,-11.126474,-41.303340,Y,Ventos de São Januário 18,32,4.5,105.0,150.0,180.0,144.0,Sim,False,SIGEL/Aerogeradores
519,EOLBA033626,BA,identifiable-EOL,uf+num,25.0,-11.035395,-42.632111,Y,Laranjeiras III,10,2.5,90.0,116.0,148.0,25.0,Sim,False,SIGEL/Aerogeradores
520,EOLBA033627,BA,identifiable-EOL,uf+num,25.0,-11.081228,-42.618002,Y,Laranjeiras IX,10,2.5,90.0,116.0,148.0,25.0,Sim,False,SIGEL/Aerogeradores
521,EOLBA033628,BA,identifiable-EOL,uf+num,29.7,-10.502903,-41.540087,Y,Campo Largo III,11,2.7,89.0,122.0,150.0,29.7,Sim,False,SIGEL/Aerogeradores
522,EOLBA033629,BA,identifiable-EOL,uf+num,29.7,-10.489783,-41.511548,Y,Campo Largo IV,11,2.7,89.0,122.0,150.0,29.7,Sim,False,SIGEL/Aerogeradores
523,EOLBA033630,BA,identifiable-EOL,uf+num,29.7,-10.422970,-41.428507,Y,Campo Largo V,11,2.7,89.0,122.0,150.0,29.7,Sim,False,SIGEL/Aerogeradores
524,EOLBA033631,BA,identifiable-EOL,uf+num,29.7,-10.421148,-41.395730,Y,Campo Largo VI,11,2.7,89.0,122.0,150.0,29.7,Sim,False,SIGEL/Aerogeradores
525,EOLBA033632,BA,identifiable-EOL,uf+num,29.7,-10.522943,-41.493618,Y,Campo Largo VII,11,2.7,89.0,122.0,150.0,29.7,Sim,False,SIGEL/Aerogeradores
526,EOLBA033633,BA,identifiable-EOL,uf+num,29.7,-10.449551,-41.448068,Y,Campo Largo XXI,11,2.7,89.0,122.0,150.0,29.7,Sim,False,SIGEL/Aerogeradores
527,EOLBA033634,BA,identifiable-EOL,uf+num,22.5,-10.672349,-41.570451,Y,Umburanas 17,9,2.5,90.0,116.0,148.0,22.5,Sim,False,SIGEL/Aerogeradores
528,EOLBA033635,BA,identifiable-EOL,uf+num,25.0,-10.597610,-41.494659,Y,Umburanas 19,10,2.5,90.0,116.0,148.0,25.0,Sim,False,SIGEL/Aerogeradores
529,EOLBA033636,BA,identifiable-EOL,uf+num,22.5,-10.701005,-41.595077,Y,Umburanas 21,9,2.5,90.0,116.0,148.0,22.5,Sim,False,SIGEL/Aerogeradores
530,EOLBA033637,BA,identifiable-EOL,uf+num,15.0,-10.624528,-41.602795,Y,Umburanas 23,6,2.5,90.0,116.0,148.0,15.0,Sim,False,SIGEL/Aerogeradores
531,EOLBA033639,BA,identifiable-EOL,uf+num,17.5,-10.646764,-41.533369,Y,Umburanas 25,7,2.5,90.0,116.0,148.0,17.5,Sim,False,SIGEL/Aerogeradores
532,EOLBA033648,BA,identifiable-EOL,uf+num,28.0,-11.598539,-41.339426,Y,Ventos da Santa Dulce,14,2.0,80.0,110.0,135.0,28.0,Sim,False,SIGEL/Aerogeradores
533,EOLBA033649,BA,identifiable-EOL,uf+num,28.0,-11.607504,-41.315742,Y,Ventos da Santa Esperança,14,2.0,80.0,110.0,135.0,28.0,Sim,False,SIGEL/Aerogeradores
534,EOLBA033650,BA,identifiable-EOL,uf+num,30.0,-11.587414,-41.228529,Y,Ventos do São Mário,15,2.0,80.0,110.0,135.0,30.0,Sim,False,SIGEL/Aerogeradores
535,EOLBA033652,BA,identifiable-EOL,uf+num,28.0,-11.578676,-41.303424,Y,Ventos do São Paulo,14,2.0,80.0,110.0,135.0,28.0,Sim,False,SIGEL/Aerogeradores
536,EOLBA034507,BA,identifiable-EOL,uf+num,46.2,-11.558338,-41.301728,Y,Ventos de Santa Esperança 15,11,4.2,105.0,150.0,180.0,46.2,Sim,False,SIGEL/Aerogeradores
537,EOLBA034508,BA,identifiable-EOL,uf+num,42.0,-11.530592,-41.320241,Y,Ventos de Santa Esperança 16,10,4.2,105.0,150.0,180.0,42.0,Sim,False,SIGEL/Aerogeradores
538,EOLBA034509,BA,identifiable-EOL,uf+num,42.0,-11.507978,-41.294582,Y,Ventos de Santa Esperança 17,10,4.2,105.0,150.0,180.0,42.0,Sim,False,SIGEL/Aerogeradores
539,EOLBA034511,BA,identifiable-EOL,uf+num,46.2,-11.499194,-41.291093,Y,Ventos de Santa Esperança 21,11,4.2,105.0,150.0,180.0,46.2,Sim,False,SIGEL/Aerogeradores
540,EOLBA034512,BA,identifiable-EOL,uf+num,46.2,-11.516939,-41.280067,Y,Ventos de Santa Esperança 22,11,4.2,105.0,150.0,180.0,46.2,Sim,False,SIGEL/Aerogeradores
541,EOLBA034513,BA,identifiable-EOL,uf+num,25.2,-11.559025,-41.330043,Y,Ventos de Santa Esperança 25,6,4.2,105.0,150.0,180.0,25.2,Sim,False,SIGEL/Aerogeradores
542,EOLBA034514,BA,identifiable-EOL,uf+num,46.2,-11.526127,-41.331714,Y,Ventos de Santa Esperança 26,11,4.2,105.0,150.0,180.0,46.2,Sim,False,SIGEL/Aerogeradores
543,EOLBA034613,BA,identifiable-EOL,uf+num,29.7,-10.465447,-41.493467,Y,Campo Largo I,11,2.7,89.0,122.0,150.0,29.7,Sim,False,SIGEL/Aerogeradores
544,EOLBA034614,BA,identifiable-EOL,uf+num,33.6,-10.459999,-41.393161,Y,Campo Largo VIII,8,4.2,120.0,150.0,195.0,33.6,Sim,False,SIGEL/Aerogeradores
545,EOLBA034622,BA,identifiable-EOL,uf+num,42.0,-10.402464,-41.493504,Y,Campo Largo XIII,10,4.2,120.0,150.0,195.0,42.0,Sim,False,SIGEL/Aerogeradores
546,EOLBA034623,BA,identifiable-EOL,uf+num,54.6,-10.405412,-41.448645,Y,Campo Largo XII,13,4.2,120.0,150.0,195.0,54.6,Sim,False,SIGEL/Aerogeradores
547,EOLBA034625,BA,identifiable-EOL,uf+num,16.8,-10.402737,-41.446361,Y,Campo Largo XI,4,4.2,120.0,150.0,195.0,16.8,Sim,False,SIGEL/Aerogeradores
548,EOLBA034630,BA,identifiable-EOL,uf+num,33.6,-10.506687,-41.486767,Y,Campo Largo X,8,4.2,120.0,150.0,195.0,33.6,Sim,False,SIGEL/Aerogeradores
549,EOLBA034631,BA,identifiable-EOL,uf+num,25.2,-10.462586,-41.394039,Y,Campo Largo IX,6,4.2,120.0,150.0,195.0,25.2,Sim,False,SIGEL/Aerogeradores
550,EOLBA034633,BA,identifiable-EOL,uf+num,29.7,-10.511031,-41.454514,Y,Campo Largo II,11,2.7,89.0,122.0,150.0,29.7,Sim,False,SIGEL/Aerogeradores
551,EOLBA034634,BA,identifiable-EOL,uf+num,21.0,-10.446783,-41.500832,Y,Campo Largo XIV,5,4.2,120.0,150.0,195.0,21.0,Sim,False,SIGEL/Aerogeradores
552,EOLBA034636,BA,identifiable-EOL,uf+num,29.7,-10.489091,-41.434454,Y,Campo Largo XV,11,2.7,89.0,122.0,150.0,29.7,Sim,False,SIGEL/Aerogeradores
553,EOLBA034637,BA,identifiable-EOL,uf+num,29.7,-10.440798,-41.467600,Y,Campo Largo XVI,11,2.7,89.0,122.0,150.0,29.7,Sim,False,SIGEL/Aerogeradores
554,EOLBA034638,BA,identifiable-EOL,uf+num,29.4,-10.462954,-41.514053,Y,Campo Largo XVII,7,4.2,120.0,150.0,195.0,29.4,Não,False,SIGEL/Aerogeradores
555,EOLBA034643,BA,identifiable-EOL,uf+num,29.7,-10.420290,-41.478639,Y,Campo Largo XVIII,11,2.7,89.0,122.0,150.0,29.7,Sim,False,SIGEL/Aerogeradores
556,EOLBA034645,BA,identifiable-EOL,uf+num,33.6,-10.440902,-41.572307,Y,Campo Largo XIX,8,4.2,120.0,150.0,195.0,33.6,Sim,False,SIGEL/Aerogeradores
557,EOLBA034647,BA,identifiable-EOL,uf+num,37.8,-10.480451,-41.576879,Y,Campo Largo XX,9,4.2,120.0,150.0,195.0,37.8,Sim,False,SIGEL/Aerogeradores
558,EOLBA034648,BA,identifiable-EOL,uf+num,33.6,-10.509424,-41.611686,Y,Campo Largo XXII,8,4.2,120.0,150.0,195.0,33.6,Sim,False,SIGEL/Aerogeradores
559,EOLBA034656,BA,identifiable-EOL,uf+num,12.4,-10.941143,-42.561034,Y,Ventos de São Vitor 04,5,6.2,119.0,170.0,204.0,31.0,Não,False,SIGEL/Aerogeradores
560,EOLBA034659,BA,identifiable-EOL,uf+num,24.8,-10.990149,-42.516522,Y,Ventos de São Vitor 12,5,6.2,119.0,170.0,204.0,31.0,Sim,False,SIGEL/Aerogeradores
561,EOLBA034660,BA,identifiable-EOL,uf+num,31.0,-10.991699,-42.500642,Y,Ventos de São Vitor 14,6,6.2,119.0,170.0,204.0,37.2,Não,False,SIGEL/Aerogeradores
562,EOLBA034661,BA,identifiable-EOL,uf+num,25.2,-11.586931,-41.338953,Y,Ventos de Santa Esperança 08,6,4.2,105.0,150.0,180.0,25.2,Sim,False,SIGEL/Aerogeradores
563,EOLBA034692,BA,identifiable-EOL,uf+num,33.6,-11.583424,-41.356796,Y,Ventos de Santa Esperança 13,8,4.2,105.0,150.0,180.0,33.6,Sim,False,SIGEL/Aerogeradores
564,EOLBA034717,BA,identifiable-EOL,uf+num,27.3,-11.006360,-41.227128,Y,Ventos de Santa Emília,13,2.1,80.0,114.0,137.0,27.3,Sim,False,SIGEL/Aerogeradores
565,EOLBA034736,BA,identifiable-EOL,uf+num,27.3,-10.913016,-41.221427,Y,Ventos de Santa Aparecida,13,2.1,80.0,114.0,137.0,27.3,Sim,False,SIGEL/Aerogeradores
566,EOLBA034738,BA,identifiable-EOL,uf+num,27.3,-10.939695,-41.228897,Y,Ventos da Santa Beatriz,13,2.1,80.0,114.0,137.0,27.3,Sim,False,SIGEL/Aerogeradores
567,EOLBA034739,BA,identifiable-EOL,uf+num,27.3,-10.958198,-41.233434,Y,Ventos do São Gabriel,13,2.1,80.0,114.0,137.0,27.3,Sim,False,SIGEL/Aerogeradores
568,EOLBA034742,BA,identifiable-EOL,uf+num,27.3,-10.976119,-41.219950,Y,Ventos de Santa Aurora,13,2.1,80.0,114.0,137.0,27.3,Sim,False,SIGEL/Aerogeradores
569,EOLBA034777,BA,identifiable-EOL,uf+num,20.0,-9.502865,-40.914228,Y,Pedra do Reino IV,10,2.0,80.0,110.0,135.0,20.0,Sim,False,SIGEL/Aerogeradores
570,EOLBA034809,BA,identifiable-EOL,uf+num,31.0,-10.898042,-42.538647,Y,Ventos de São Vitor 01,5,6.2,119.0,170.0,204.0,31.0,Não,False,SIGEL/Aerogeradores
571,EOLBA034811,BA,identifiable-EOL,uf+num,6.2,-10.911539,-42.546207,Y,Ventos de São Vitor 02,5,6.2,119.0,170.0,204.0,31.0,Não,False,SIGEL/Aerogeradores
572,EOLBA034830,BA,identifiable-EOL,uf+num,12.4,-10.971710,-42.561780,Y,Ventos de São Vitor 06,5,6.2,119.0,170.0,204.0,31.0,Não,False,SIGEL/Aerogeradores
573,EOLBA034838,BA,identifiable-EOL,uf+num,18.6,-10.987372,-42.560892,Y,Ventos de São Vitor 07,7,6.2,119.0,170.0,204.0,43.4,Sim,False,SIGEL/Aerogeradores
574,EOLBA034850,BA,identifiable-EOL,uf+num,31.0,-10.976181,-42.510155,Y,Ventos de São Vitor 13,10,6.2,119.0,170.0,204.0,62.0,Não,False,SIGEL/Aerogeradores
575,EOLBA034883,BA,identifiable-EOL,uf+num,28.6,-12.015487,-41.495448,Y,Ventos da Bahia XVIII,13,2.2,80.0,110.0,135.0,28.6,Sim,False,SIGEL/Aerogeradores
576,EOLBA034889,BA,identifiable-EOL,uf+num,49.5,-12.062630,-41.486265,Y,Ventos da Bahia XXVII,9,5.5,126.0,158.0,205.0,49.5,Sim,False,SIGEL/Aerogeradores
577,EOLBA035172,BA,identifiable-EOL,uf+num,13.5,-13.649829,-42.577156,Y,Aura Tanque Novo 03,3,4.5,110.0,155.0,188.0,13.5,Sim,False,SIGEL/Aerogeradores
578,EOLBA035222,BA,identifiable-EOL,uf+num,31.185,-9.805084,-41.022709,Y,Serra do Fogo,9,3.5,84.0,132.0,150.0,31.18,Sim,False,SIGEL/Aerogeradores
579,EOLBA035229,BA,identifiable-EOL,uf+num,31.185,-9.816030,-41.038889,Y,Serra do Vento,9,3.5,84.0,132.0,150.0,31.18,Sim,False,SIGEL/Aerogeradores
580,EOLBA035233,BA,identifiable-EOL,uf+num,13.86,-9.835541,-41.042697,Y,Umburana de Cheiro,9,3.5,84.0,132.0,150.0,31.18,Sim,False,SIGEL/Aerogeradores
581,EOLBA035234,BA,identifiable-EOL,uf+num,49.5,-12.084231,-41.493626,Y,Ventos da Bahia XXIII,9,5.5,126.0,158.0,205.0,49.5,Sim,False,SIGEL/Aerogeradores
582,EOLBA035266,BA,identifiable-EOL,uf+num,29.4,-9.969845,-40.881555,Y,Zeus II,14,2.1,80.0,114.0,137.0,29.4,Sim,False,SIGEL/Aerogeradores
583,EOLBA036989,BA,identifiable-EOL,uf+num,12.4,-11.359969,-38.804077,Y,Tucano XVI,2,6.2,115.0,170.0,200.0,12.4,Sim,False,SIGEL/Aerogeradores
584,EOLBA036993,BA,identifiable-EOL,uf+num,31.185,-9.789151,-41.012894,Y,Baraúnas XX,9,3.5,84.0,132.0,150.0,31.18,Sim,False,SIGEL/Aerogeradores
585,EOLBA037001,BA,identifiable-EOL,uf+num,21.15,-14.412676,-42.649761,Y,Ararinha Azul,9,2.4,98.0,92.0,144.0,21.15,Sim,False,SIGEL/Aerogeradores
586,EOLBA037019,BA,identifiable-EOL,uf+num,18.8,-14.415362,-42.641124,Y,Corrupião 2,8,2.4,98.0,92.0,144.0,18.8,Sim,False,SIGEL/Aerogeradores
587,EOLBA037069,BA,identifiable-EOL,uf+num,16.0,-9.549450,-40.895799,Y,Pedra do Reino V,4,4.0,90.0,150.0,165.0,16.0,Sim,False,SIGEL/Aerogeradores
588,EOLBA037083,BA,identifiable-EOL,uf+num,21.2,-11.120358,-41.324220,Y,Serra da Babilônia A,4,5.3,121.0,158.0,200.0,21.2,Sim,False,SIGEL/Aerogeradores
589,EOLBA037093,BA,identifiable-EOL,uf+num,23.5,-14.408796,-42.648646,Y,Teiú 3,10,2.4,98.0,92.0,144.0,23.5,Sim,False,SIGEL/Aerogeradores
590,EOLBA037101,BA,identifiable-EOL,uf+num,72.0,-11.139890,-41.308488,Y,Ventos de São Januário 19,16,4.5,105.0,150.0,180.0,72.0,Sim,False,SIGEL/Aerogeradores
591,EOLBA037102,BA,identifiable-EOL,uf+num,50.4,-10.442022,-40.461658,Y,Ventos de São Januário 20,12,4.2,105.0,150.0,180.0,50.4,Sim,False,SIGEL/Aerogeradores
592,EOLBA037103,BA,identifiable-EOL,uf+num,50.4,-10.428616,-40.506891,Y,Ventos de São Januário 21,12,4.2,105.0,150.0,180.0,50.4,Sim,False,SIGEL/Aerogeradores
593,EOLBA037104,BA,identifiable-EOL,uf+num,50.4,-10.473618,-40.523964,Y,Ventos de São Januário 22,12,4.2,105.0,150.0,180.0,50.4,Sim,False,SIGEL/Aerogeradores
594,EOLBA037209,BA,identifiable-EOL,uf+num,27.0,-9.260209,-41.016813,Y,Casa Nova A,18,1.5,100.0,82.0,141.0,27.0,Sim,False,SIGEL/Aerogeradores
595,EOLBA038031,BA,identifiable-EOL,uf+num,48.51,-9.750103,-40.975326,Y,Baraúnas XV,14,3.5,84.0,132.0,150.0,48.51,Sim,False,SIGEL/Aerogeradores
596,EOLBA038032,BA,identifiable-EOL,uf+num,41.58,-9.674182,-41.110138,Y,Baraúnas IV,12,3.5,84.0,132.0,150.0,41.58,Sim,False,SIGEL/Aerogeradores
597,EOLBA038077,BA,identifiable-EOL,uf+num,22.8,-11.388815,-42.147151,Y,Ventos de Santa Eugênia 01,9,5.7,120.0,163.0,202.0,51.3,Não,False,SIGEL/Aerogeradores
598,EOLBA038078,BA,identifiable-EOL,uf+num,11.4,-11.374534,-42.177213,Y,Ventos de Santa Eugênia 02,2,5.7,120.0,163.0,202.0,11.4,Sim,False,SIGEL/Aerogeradores
599,EOLBA038079,BA,identifiable-EOL,uf+num,17.1,-11.409485,-42.159434,Y,Ventos de Santa Eugênia 03,7,5.7,120.0,163.0,202.0,39.9,Sim,False,SIGEL/Aerogeradores
600,EOLBA038081,BA,identifiable-EOL,uf+num,22.8,-11.454006,-42.169219,Y,Ventos de Santa Eugênia 05,6,5.7,120.0,163.0,202.0,34.2,Sim,False,SIGEL/Aerogeradores
601,EOLBA038082,BA,identifiable-EOL,uf+num,17.1,-11.488278,-42.134038,Y,Ventos de Santa Eugênia 06,6,5.7,120.0,163.0,202.0,34.2,Não,False,SIGEL/Aerogeradores
602,EOLBA038083,BA,identifiable-EOL,uf+num,17.1,-11.381257,-42.175581,Y,Ventos de Santa Eugênia 07,3,5.7,120.0,163.0,202.0,17.1,Sim,False,SIGEL/Aerogeradores
603,EOLBA038086,BA,identifiable-EOL,uf+num,22.8,-11.500621,-42.145344,Y,Ventos de Santa Eugênia 10,8,5.7,120.0,163.0,202.0,45.6,Sim,False,SIGEL/Aerogeradores
604,EOLBA038087,BA,identifiable-EOL,uf+num,22.8,-11.443461,-42.159581,Y,Ventos de Santa Eugênia 11,5,5.7,120.0,163.0,202.0,28.5,Não,False,SIGEL/Aerogeradores
605,EOLBA038088,BA,identifiable-EOL,uf+num,39.9,-11.427509,-42.157872,Y,Ventos de Santa Eugênia 12,7,5.7,120.0,163.0,202.0,39.9,Sim,False,SIGEL/Aerogeradores
606,EOLBA038089,BA,identifiable-EOL,uf+num,5.7,-11.520879,-42.144104,Y,Ventos de Santa Eugênia 13,8,5.7,120.0,163.0,202.0,45.6,Não,False,SIGEL/Aerogeradores
607,EOLBA040608,BA,identifiable-EOL,uf+num,31.8,-11.126576,-41.326419,Y,Serra da Babilônia B,6,5.3,121.0,158.0,200.0,31.8,Sim,False,SIGEL/Aerogeradores
608,EOLBA040609,BA,identifiable-EOL,uf+num,26.5,-11.132785,-41.328628,Y,Serra da Babilônia C,5,5.3,121.0,158.0,200.0,26.5,Sim,False,SIGEL/Aerogeradores
609,EOLBA040610,BA,identifiable-EOL,uf+num,31.8,-11.142658,-41.331553,Y,Serra da Babilônia D,6,5.3,121.0,158.0,200.0,31.8,Sim,False,SIGEL/Aerogeradores
610,EOLBA040611,BA,identifiable-EOL,uf+num,26.5,-11.149370,-41.333034,Y,Serra da Babilônia E,5,5.3,121.0,158.0,200.0,26.5,Sim,False,SIGEL/Aerogeradores
611,EOLBA040612,BA,identifiable-EOL,uf+num,21.2,-11.159387,-41.336070,Y,Serra da Babilônia F,4,5.3,121.0,158.0,200.0,21.2,Sim,False,SIGEL/Aerogeradores
612,EOLBA044360,BA,identifiable-EOL,uf+num,44.0,-9.031601,-41.700590,Y,Oitis 21,8,5.5,126.0,158.0,205.0,44.0,Sim,False,SIGEL/Aerogeradores
613,EOLBA044361,BA,identifiable-EOL,uf+num,49.5,-9.073836,-41.714804,Y,Oitis 22,9,5.5,126.0,158.0,205.0,49.5,Sim,False,SIGEL/Aerogeradores
614,EOLBA044940,BA,identifiable-EOL,uf+num,47.3,-10.786071,-41.442222,Y,Aroeira 01,11,4.3,90.0,150.0,165.0,47.3,Sim,False,SIGEL/Aerogeradores
615,EOLBA044947,BA,identifiable-EOL,uf+num,43.0,-10.805149,-41.436271,Y,Aroeira 02,10,4.3,90.0,150.0,165.0,43.0,Sim,False,SIGEL/Aerogeradores
616,EOLBA044948,BA,identifiable-EOL,uf+num,43.0,-10.827251,-41.451139,Y,Aroeira 03,10,4.3,90.0,150.0,165.0,43.0,Sim,False,SIGEL/Aerogeradores
617,EOLBA044949,BA,identifiable-EOL,uf+num,43.0,-10.818598,-41.486889,Y,Aroeira 04,10,4.3,90.0,150.0,165.0,43.0,Sim,False,SIGEL/Aerogeradores
618,EOLBA044950,BA,identifiable-EOL,uf+num,43.0,-10.785192,-41.493496,Y,Aroeira 05,10,4.3,90.0,150.0,165.0,43.0,Sim,False,SIGEL/Aerogeradores
619,EOLBA044951,BA,identifiable-EOL,uf+num,38.7,-10.766796,-41.530109,Y,Aroeira 06,9,4.3,90.0,150.0,165.0,38.7,Sim,False,SIGEL/Aerogeradores
620,EOLBA044952,BA,identifiable-EOL,uf+num,47.3,-10.759436,-41.498429,Y,Aroeira 07,11,4.3,90.0,150.0,165.0,47.3,Sim,False,SIGEL/Aerogeradores
621,EOLBA044953,BA,identifiable-EOL,uf+num,43.0,-10.754813,-41.478789,Y,Aroeira 08,10,4.3,90.0,150.0,165.0,43.0,Sim,False,SIGEL/Aerogeradores
622,EOLBA044959,BA,identifiable-EOL,uf+num,27.0,-13.658328,-42.576016,Y,Aura Caetité 01,6,4.5,110.0,155.0,188.0,27.0,Sim,False,SIGEL/Aerogeradores
623,EOLBA044960,BA,identifiable-EOL,uf+num,36.0,-13.683710,-42.593858,Y,Aura Caetité 02,8,4.5,110.0,155.0,188.0,36.0,Sim,False,SIGEL/Aerogeradores
624,EOLBA044961,BA,identifiable-EOL,uf+num,27.0,-13.640561,-42.547984,Y,Aura Tanque Novo 01,6,4.5,110.0,155.0,188.0,27.0,Sim,False,SIGEL/Aerogeradores
625,EOLBA044962,BA,identifiable-EOL,uf+num,18.0,-13.677157,-42.573218,Y,Aura Tanque Novo 02,4,4.5,110.0,155.0,188.0,18.0,Sim,False,SIGEL/Aerogeradores
626,EOLBA046757,BA,identifiable-EOL,uf+num,49.7,-10.189229,-38.775070,Y,Canudos I,14,3.5,90.0,132.0,156.0,49.0,Sim,False,SIGEL/Aerogeradores
627,EOLBA046758,BA,identifiable-EOL,uf+num,49.7,-10.146645,-38.771320,Y,Canudos II,14,3.5,90.0,132.0,156.0,49.0,Não,False,SIGEL/Aerogeradores
628,EOLBA050463,BA,identifiable-EOL,uf+num,36.0,-11.025392,-42.641051,Y,Assuruá 4 I,8,4.5,120.0,150.0,195.0,36.0,Sim,False,SIGEL/Aerogeradores
629,EOLBA050464,BA,identifiable-EOL,uf+num,31.5,-11.035961,-42.614520,Y,Assuruá 4 II,7,4.5,120.0,150.0,195.0,31.5,Sim,False,SIGEL/Aerogeradores
630,EOLBA050465,BA,identifiable-EOL,uf+num,36.0,-11.060369,-42.630624,Y,Assuruá 4 III,8,4.5,120.0,150.0,195.0,36.0,Sim,False,SIGEL/Aerogeradores
631,EOLBA050466,BA,identifiable-EOL,uf+num,36.0,-11.083934,-42.626630,Y,Assuruá 4 IV,8,4.5,120.0,150.0,195.0,36.0,Sim,False,SIGEL/Aerogeradores
632,EOLBA050467,BA,identifiable-EOL,uf+num,36.0,-11.107349,-42.629241,Y,Assuruá 4 V,8,4.5,120.0,150.0,195.0,36.0,Não,False,SIGEL/Aerogeradores
633,EOLBA050468,BA,identifiable-EOL,uf+num,36.0,-11.066169,-42.603002,Y,Assuruá 4 VI,8,4.5,120.0,150.0,195.0,36.0,Sim,False,SIGEL/Aerogeradores
634,EOLBA051784,BA,identifiable-EOL,uf+num,40.6,-10.982197,-42.610102,Y,Assuruá 5 I,14,5.8,101.0,158.0,180.0,81.2,Sim,False,SIGEL/Aerogeradores
635,EOLBA051785,BA,identifiable-EOL,uf+num,46.4,-10.997407,-42.624202,Y,Assuruá 5 II,8,5.8,101.0,158.0,180.0,46.4,Sim,False,SIGEL/Aerogeradores
636,EOLBA051786,BA,identifiable-EOL,uf+num,40.6,-11.018552,-42.676492,Y,Assuruá 5 III,7,5.8,101.0,158.0,180.0,40.6,Sim,False,SIGEL/Aerogeradores
637,EOLBA051787,BA,identifiable-EOL,uf+num,46.4,-11.021880,-42.603709,Y,Assuruá 5 IV,8,5.8,101.0,158.0,180.0,46.4,Sim,False,SIGEL/Aerogeradores
638,EOLBA051788,BA,identifiable-EOL,uf+num,34.8,-11.141336,-42.633912,Y,Assuruá 5 V,6,5.8,125.0,158.0,204.0,34.8,Não,False,SIGEL/Aerogeradores
639,EOLBA051789,BA,identifiable-EOL,uf+num,34.8,-11.023761,-42.589031,Y,Assuruá 5 VI,6,5.8,125.0,158.0,204.0,34.8,Sim,True,SIGEL/Aerogeradores
640,EOLCE002801,CE,identifiable-EOL,uf+num,5.0,-3.495278,-38.933889,Y,Taíba,10,0.5,46.0,40.0,66.0,5.0,Sim,False,SIGEL/Aerogeradores
641,EOLCE028174,CE,identifiable-EOL,uf+num,25.6,-4.193631,-38.076560,Y,Beberibe,32,0.8,75.0,48.0,99.0,25.6,Sim,False,SIGEL/Aerogeradores
642,EOLCE028440,CE,identifiable-EOL,uf+num,28.8,-2.815098,-40.234875,Y,Praia do Morgado,19,1.6,85.0,77.0,123.5,30.02,Sim,False,SIGEL/Aerogeradores
643,EOLCE028441,CE,identifiable-EOL,uf+num,42.0,-2.851343,-39.965937,Y,Volta do Rio,28,1.5,65.0,70.0,100.0,42.0,Sim,False,SIGEL/Aerogeradores
644,EOLCE028630,CE,identifiable-EOL,uf+num,25.2,-4.125556,-38.150278,Y,Foz do Rio Choró,12,2.1,80.0,88.0,124.0,25.2,Sim,False,SIGEL/Aerogeradores
645,EOLCE028631,CE,identifiable-EOL,uf+num,104.4,-2.905097,-41.039248,Y,Praia Formosa,50,2.1,80.0,88.0,124.0,105.0,Sim,False,SIGEL/Aerogeradores
646,EOLCE028649,CE,identifiable-EOL,uf+num,10.5,-4.535833,-37.695278,Y,Canoa Quebrada,5,2.1,80.0,88.0,124.0,10.5,Sim,False,SIGEL/Aerogeradores
647,EOLCE028652,CE,identifiable-EOL,uf+num,3.23,-4.589143,-37.637664,Y,Lagoa do Mato,2,1.6,80.0,88.0,124.0,3.23,Sim,False,SIGEL/Aerogeradores
648,EOLCE028699,CE,identifiable-EOL,uf+num,54.6,-3.017865,-39.674071,Y,Icaraizinho,26,2.1,80.0,88.0,124.0,54.6,Sim,False,SIGEL/Aerogeradores
649,EOLCE028706,CE,identifiable-EOL,uf+num,25.2,-3.431474,-38.961967,Y,Paracuru,12,2.1,80.0,88.0,124.0,25.2,Sim,False,SIGEL/Aerogeradores
650,EOLCE028724,CE,identifiable-EOL,uf+num,28.8,-4.363056,-37.883889,Y,Praias de Parajuru,19,1.5,85.0,77.0,123.5,28.8,Sim,False,SIGEL/Aerogeradores
651,EOLCE028770,CE,identifiable-EOL,uf+num,31.5,-4.470000,-37.670000,Y,Enacel,15,2.1,80.0,88.0,124.0,31.5,Sim,False,SIGEL/Aerogeradores
652,EOLCE028788,CE,identifiable-EOL,uf+num,57.0,-4.467050,-37.757717,Y,Canoa Quebrada,28,2.1,80.0,88.0,124.0,57.0,Sim,False,SIGEL/Aerogeradores
653,EOLCE028857,CE,identifiable-EOL,uf+num,23.1,-3.544760,-38.888743,Y,Taíba Águia,11,2.1,96.2,95.0,143.7,23.1,Sim,False,SIGEL/Aerogeradores
654,EOLCE028858,CE,identifiable-EOL,uf+num,16.5,-3.510289,-38.916392,Y,Taíba Albatroz,8,2.1,80.0,88.0,124.0,16.5,Sim,False,SIGEL/Aerogeradores
655,EOLCE028887,CE,identifiable-EOL,uf+num,50.0,-4.447197,-37.759557,Y,Bons Ventos,24,2.1,77.5,88.0,121.5,50.0,Sim,False,SIGEL/Aerogeradores
656,EOLCE030279,CE,identifiable-EOL,uf+num,30.0,-2.885260,-39.983903,Y,Buriti,20,1.5,85.0,77.0,123.5,30.0,Sim,False,SIGEL/Aerogeradores
657,EOLCE030282,CE,identifiable-EOL,uf+num,27.0,-2.885547,-39.972099,Y,Coqueiros,18,1.5,85.0,77.0,123.5,27.0,Sim,False,SIGEL/Aerogeradores
658,EOLCE030289,CE,identifiable-EOL,uf+num,16.8,-3.027409,-39.620907,Y,Icaraí,8,2.1,80.0,88.0,124.0,16.8,Sim,False,SIGEL/Aerogeradores
659,EOLCE030294,CE,identifiable-EOL,uf+num,30.0,-2.915891,-39.954438,Y,Cajucoco,20,1.5,85.0,77.0,123.5,30.0,Sim,False,SIGEL/Aerogeradores
660,EOLCE030295,CE,identifiable-EOL,uf+num,18.9,-3.542160,-38.878403,Y,Colônia,9,2.1,96.2,95.0,143.7,18.9,Sim,False,SIGEL/Aerogeradores
661,EOLCE030299,CE,identifiable-EOL,uf+num,42.0,-3.436744,-38.985368,Y,Dunas de Paracuru,21,2.0,78.0,87.0,121.5,42.0,Sim,False,SIGEL/Aerogeradores
662,EOLCE030309,CE,identifiable-EOL,uf+num,29.4,-3.369945,-39.262098,Y,Faísa V,14,2.1,90.0,95.0,137.5,29.4,Sim,False,SIGEL/Aerogeradores
663,EOLCE030329,CE,identifiable-EOL,uf+num,25.2,-3.322065,-39.267054,Y,Faísa IV,12,2.1,90.0,95.0,137.5,25.2,Sim,False,SIGEL/Aerogeradores
664,EOLCE030331,CE,identifiable-EOL,uf+num,27.3,-3.318764,-39.239596,Y,Faísa II,13,2.1,90.0,95.0,137.5,27.3,Sim,False,SIGEL/Aerogeradores
665,EOLCE030332,CE,identifiable-EOL,uf+num,25.2,-3.347820,-39.265249,Y,Faísa III,12,2.1,90.0,95.0,137.5,25.2,Sim,False,SIGEL/Aerogeradores
666,EOLCE030336,CE,identifiable-EOL,uf+num,27.3,-3.214709,-39.328842,Y,Embuaca,13,2.1,80.0,88.0,124.0,27.3,Sim,False,SIGEL/Aerogeradores
667,EOLCE030352,CE,identifiable-EOL,uf+num,29.4,-3.321800,-39.267146,Y,Faísa I,14,2.1,90.0,95.0,137.5,29.4,Sim,False,SIGEL/Aerogeradores
668,EOLCE030356,CE,identifiable-EOL,uf+num,37.8,-3.066023,-39.596929,Y,Icaraí II,18,2.1,100.0,95.0,147.5,37.8,Sim,False,SIGEL/Aerogeradores
669,EOLCE030369,CE,identifiable-EOL,uf+num,25.5,-4.563389,-37.688472,Y,Quixaba,17,1.5,85.0,77.0,123.5,25.5,Sim,False,SIGEL/Aerogeradores
670,EOLCE030372,CE,identifiable-EOL,uf+num,27.3,-3.081183,-39.594861,Y,Icaraí I,13,2.1,96.2,95.0,147.5,27.3,Sim,False,SIGEL/Aerogeradores
671,EOLCE030373,CE,identifiable-EOL,uf+num,14.7,-3.528310,-38.898460,Y,Taíba Andorinha,7,2.1,96.2,95.0,143.7,14.7,Sim,False,SIGEL/Aerogeradores
672,EOLCE030582,CE,identifiable-EOL,uf+num,27.51,-3.878097,-41.175095,Y,Ventos do Morro do Chapéu,15,1.9,80.0,100.0,130.0,27.51,Sim,False,SIGEL/Aerogeradores
673,EOLCE030584,CE,identifiable-EOL,uf+num,29.12,-3.894430,-41.196946,Y,Ventos de Tianguá Norte,16,1.9,80.0,100.0,130.0,29.12,Sim,False,SIGEL/Aerogeradores
674,EOLCE030585,CE,identifiable-EOL,uf+num,27.75,-3.879527,-41.153371,Y,Ventos de Tianguá,15,1.9,80.0,100.0,130.0,27.75,Sim,False,SIGEL/Aerogeradores
675,EOLCE030595,CE,identifiable-EOL,uf+num,27.51,-3.853007,-41.183384,Y,Vento Formoso,15,1.9,80.0,100.0,130.0,27.51,Sim,False,SIGEL/Aerogeradores
676,EOLCE030596,CE,identifiable-EOL,uf+num,29.12,-3.888773,-41.185626,Y,Ventos do Parazinho,16,1.8,80.0,100.0,130.0,29.12,Sim,False,SIGEL/Aerogeradores
677,EOLCE030656,CE,identifiable-EOL,uf+num,30.004,-3.193587,-39.374643,Y,Mundaú,13,2.3,80.0,101.0,130.5,30.0,Sim,False,SIGEL/Aerogeradores
678,EOLCE030662,CE,identifiable-EOL,uf+num,25.388,-3.221667,-39.290000,Y,Trairí,11,2.3,80.0,101.0,130.5,25.39,Sim,False,SIGEL/Aerogeradores
679,EOLCE030663,CE,identifiable-EOL,uf+num,30.004,-3.263152,-39.215887,Y,Guajirú,13,2.3,80.0,101.0,130.5,30.0,Sim,False,SIGEL/Aerogeradores
680,EOLCE030670,CE,identifiable-EOL,uf+num,30.004,-3.201070,-39.364715,Y,Fleixeiras I,13,2.3,80.0,101.0,130.5,30.0,Sim,False,SIGEL/Aerogeradores
681,EOLCE030691,CE,identifiable-EOL,uf+num,29.7,-3.066556,-39.702588,Y,Ilha Grande,11,2.7,89.0,122.0,150.0,29.7,Sim,False,SIGEL/Aerogeradores
682,EOLCE030695,CE,identifiable-EOL,uf+num,21.6,-3.098249,-39.678552,Y,Ribeirão,8,2.7,89.0,122.0,150.0,21.6,Sim,False,SIGEL/Aerogeradores
683,EOLCE030697,CE,identifiable-EOL,uf+num,24.3,-3.098412,-39.666283,Y,Boca do Córrego,9,2.7,89.0,122.0,150.0,24.3,Sim,False,SIGEL/Aerogeradores
684,EOLCE030841,CE,identifiable-EOL,uf+num,23.1,-3.946613,-41.123035,Y,Malhadinha I,11,2.1,80.0,110.0,135.0,23.1,Sim,False,SIGEL/Aerogeradores
685,EOLCE030907,CE,identifiable-EOL,uf+num,24.0,-4.427429,-37.870857,Y,Jandaia I,8,3.0,120.0,125.0,182.5,24.0,Sim,False,SIGEL/Aerogeradores
686,EOLCE030911,CE,identifiable-EOL,uf+num,18.5,-3.247016,-39.250230,Y,São Jorge,12,2.0,78.0,97.0,126.5,24.0,Sim,False,SIGEL/Aerogeradores
687,EOLCE030912,CE,identifiable-EOL,uf+num,24.0,-3.260296,-39.248343,Y,São Cristóvão,13,2.0,78.0,97.0,126.5,26.0,Sim,False,SIGEL/Aerogeradores
688,EOLCE030916,CE,identifiable-EOL,uf+num,12.0,-3.273261,-39.224673,Y,Santo Antônio de Pádua,7,2.0,78.0,97.0,126.5,14.0,Sim,False,SIGEL/Aerogeradores
689,EOLCE030918,CE,identifiable-EOL,uf+num,12.6,-4.656561,-37.612293,Y,Ubatuba,6,2.1,120.0,110.0,153.7,12.6,Sim,False,SIGEL/Aerogeradores
690,EOLCE030920,CE,identifiable-EOL,uf+num,23.1,-4.592102,-37.713947,Y,Goiabeira,11,2.1,120.0,110.0,153.7,23.1,Sim,False,SIGEL/Aerogeradores
691,EOLCE030921,CE,identifiable-EOL,uf+num,21.0,-4.499836,-37.809335,Y,São Januário,7,3.0,120.0,125.0,182.5,21.0,Sim,False,SIGEL/Aerogeradores
692,EOLCE030924,CE,identifiable-EOL,uf+num,18.9,-4.594473,-37.682026,Y,Santa Catarina,9,2.1,120.0,110.0,153.7,18.9,Sim,False,SIGEL/Aerogeradores
693,EOLCE030925,CE,identifiable-EOL,uf+num,16.8,-4.622811,-37.690357,Y,Ventos de Horizonte,8,2.1,120.0,110.0,153.7,16.8,Sim,False,SIGEL/Aerogeradores
694,EOLCE030926,CE,identifiable-EOL,uf+num,27.3,-4.600609,-37.648884,Y,Pitombeira,13,2.1,120.0,110.0,153.7,27.3,Sim,False,SIGEL/Aerogeradores
695,EOLCE030927,CE,identifiable-EOL,uf+num,21.0,-4.424276,-37.879665,Y,São Clemente,7,3.0,120.0,125.0,182.5,21.0,Sim,False,SIGEL/Aerogeradores
696,EOLCE030929,CE,identifiable-EOL,uf+num,27.0,-4.432987,-37.816219,Y,Jandaia,9,3.0,120.0,125.0,182.5,27.0,Sim,False,SIGEL/Aerogeradores
697,EOLCE030930,CE,identifiable-EOL,uf+num,30.0,-4.451213,-37.867730,Y,Nossa Senhora de Fátima,10,3.0,120.0,125.0,182.5,30.0,Sim,False,SIGEL/Aerogeradores
698,EOLCE031482,CE,identifiable-EOL,uf+num,21.0,-2.966490,-39.879474,Y,Itarema V,7,3.0,100.0,125.0,162.5,21.0,Sim,False,SIGEL/Aerogeradores
699,EOLCE031483,CE,identifiable-EOL,uf+num,27.0,-2.921129,-39.861651,Y,Itarema II,9,3.0,100.0,116.0,178.0,27.0,Sim,True,SIGEL/Aerogeradores
700,EOLCE031484,CE,identifiable-EOL,uf+num,15.0,-2.947571,-39.836864,Y,Itarema III,5,3.0,120.0,116.0,178.0,15.0,Sim,False,SIGEL/Aerogeradores
701,EOLCE031485,CE,identifiable-EOL,uf+num,27.0,-2.922547,-39.840652,Y,Itarema I,9,3.0,100.0,116.0,158.0,27.0,Sim,False,SIGEL/Aerogeradores
702,EOLCE031579,CE,identifiable-EOL,uf+num,21.0,-3.923890,-41.028187,Y,Bons Ventos Cacimbas 5,10,2.1,120.0,110.0,175.0,21.0,Sim,False,SIGEL/Aerogeradores
703,EOLCE031611,CE,identifiable-EOL,uf+num,16.8,-3.866123,-41.038182,Y,Bons Ventos Cacimbas 7,8,2.1,120.0,110.0,175.0,16.8,Sim,False,SIGEL/Aerogeradores
704,EOLCE031621,CE,identifiable-EOL,uf+num,10.5,-3.932132,-41.026646,Y,Bons Ventos Cacimbas 4,5,2.1,120.0,110.0,175.0,10.5,Sim,False,SIGEL/Aerogeradores
705,EOLCE031627,CE,identifiable-EOL,uf+num,14.7,-3.867378,-41.020258,Y,Bons Ventos Cacimbas 3,7,2.1,120.0,110.0,175.0,14.7,Sim,False,SIGEL/Aerogeradores
706,EOLCE031644,CE,identifiable-EOL,,23.1,-3.888423,-41.040105,N,,,,,,,,,,
707,EOLCE031698,CE,identifiable-EOL,uf+num,23.1,-3.000767,-39.730655,Y,Pedra Cheirosa II,11,2.1,93.0,114.0,150.0,23.1,Sim,False,SIGEL/Aerogeradores
708,EOLCE031736,CE,identifiable-EOL,uf+num,25.2,-2.997515,-39.733696,Y,Pedra Cheirosa,12,2.1,93.0,114.0,150.0,25.2,Sim,False,SIGEL/Aerogeradores
709,EOLCE031813,CE,identifiable-EOL,uf+num,21.0,-2.929141,-39.875664,Y,Itarema IV,7,3.0,100.0,125.0,162.5,21.0,Sim,True,SIGEL/Aerogeradores
710,EOLCE031814,CE,identifiable-EOL,uf+num,30.0,-2.948142,-39.901166,Y,Itarema IX,10,3.0,120.0,125.0,182.5,30.0,Sim,False,SIGEL/Aerogeradores
711,EOLCE031815,CE,identifiable-EOL,uf+num,24.0,-2.928827,-39.875746,Y,Itarema VI,8,3.0,120.0,125.0,182.5,24.0,Sim,False,SIGEL/Aerogeradores
712,EOLCE031816,CE,identifiable-EOL,uf+num,21.0,-2.953983,-39.877386,Y,Itarema VII,7,3.0,100.0,125.0,162.5,21.0,Sim,True,SIGEL/Aerogeradores
713,EOLCE031817,CE,identifiable-EOL,uf+num,21.0,-2.981204,-39.892791,Y,Itarema VIII,7,3.0,100.0,125.0,162.5,21.0,Sim,False,SIGEL/Aerogeradores
714,EOLCE031866,CE,identifiable-EOL,uf+num,23.1,-4.747573,-37.307519,Y,Santo Inácio IV,11,2.1,120.0,110.0,175.0,23.1,Sim,False,SIGEL/Aerogeradores
715,EOLCE032010,CE,identifiable-EOL,uf+num,29.7,-3.247965,-39.294315,Y,Estrela,11,2.7,119.0,122.0,180.0,29.7,Sim,False,SIGEL/Aerogeradores
716,EOLCE032011,CE,identifiable-EOL,uf+num,18.9,-3.253237,-39.280946,Y,Cacimbas 1,7,2.7,119.0,122.0,180.0,18.9,Sim,False,SIGEL/Aerogeradores
717,EOLCE032012,CE,identifiable-EOL,uf+num,29.7,-3.279224,-39.306116,Y,Ouro Verde,11,2.7,119.0,122.0,180.0,29.7,Sim,False,SIGEL/Aerogeradores
718,EOLCE032013,CE,identifiable-EOL,uf+num,18.9,-3.259677,-39.281586,Y,Santa Mônica I,7,2.7,119.0,122.0,180.0,18.9,Sim,False,SIGEL/Aerogeradores
719,EOLCE032375,CE,identifiable-EOL,num,21.0,-3.270653,-39.396262,Y,Serra do Mato I,5,4.2,125.0,150.0,200.0,21.0,Sim,False,SIGEL/Aerogeradores
720,EOLCE032376,CE,identifiable-EOL,num,21.0,-3.275989,-39.351267,Y,Serra do Mato II,5,4.2,125.0,150.0,200.0,21.0,Sim,False,SIGEL/Aerogeradores
721,EOLCE032377,CE,identifiable-EOL,num,21.0,-3.262465,-39.348202,Y,Serra do Mato III,5,4.2,125.0,150.0,200.0,21.0,Sim,False,SIGEL/Aerogeradores
722,EOLCE032378,CE,identifiable-EOL,num,21.0,-3.220148,-39.396182,Y,Serra do Mato IV,5,4.2,125.0,150.0,200.0,21.0,Sim,False,SIGEL/Aerogeradores
723,EOLCE032379,CE,identifiable-EOL,num,16.8,-3.245552,-39.407350,Y,Serra do Mato VI,4,4.2,125.0,150.0,200.0,16.8,Sim,False,SIGEL/Aerogeradores
724,EOLCE032453,CE,identifiable-EOL,num,21.0,-3.232201,-39.401971,Y,Serra do Mato V,5,4.2,125.0,150.0,200.0,21.0,Sim,False,SIGEL/Aerogeradores
725,EOLCE033756,CE,identifiable-EOL,uf+num,28.0,-2.841442,-40.066143,Y,Cataventos Acaraú I,14,2.0,78.0,97.0,126.5,28.0,Sim,False,SIGEL/Aerogeradores
726,EOLCE035197,CE,identifiable-EOL,uf+num,23.1,-4.735911,-37.323718,Y,Garrote,11,2.1,120.0,110.0,175.0,23.1,Sim,False,SIGEL/Aerogeradores
727,EOLCE035217,CE,identifiable-EOL,uf+num,27.3,-4.765953,-37.291430,Y,Santo Inácio III,14,2.1,120.0,110.0,175.0,29.4,Sim,False,SIGEL/Aerogeradores
728,EOLCE035219,CE,identifiable-EOL,uf+num,23.1,-4.781288,-37.290725,Y,São Raimundo,11,2.1,120.0,110.0,175.0,23.1,Sim,False,SIGEL/Aerogeradores
729,EOLCE040794,CE,identifiable-EOL,uf+num,71.4,-4.755266,-37.336272,Y,Gravier,17,4.2,125.0,147.0,198.0,71.4,Sim,False,SIGEL/Aerogeradores
730,EOLCE040878,CE,identifiable-EOL,uf+num,25.2,-3.266678,-39.329877,Y,Serrote I,6,4.2,125.0,150.0,200.0,25.2,Sim,False,SIGEL/Aerogeradores
731,EOLCE040879,CE,identifiable-EOL,uf+num,25.2,-3.288245,-39.332755,Y,Serrote II,6,4.2,125.0,150.0,200.0,25.2,Sim,False,SIGEL/Aerogeradores
732,EOLCE040880,CE,identifiable-EOL,uf+num,21.0,-3.304396,-39.352150,Y,Serrote III,5,4.2,125.0,150.0,200.0,21.0,Sim,False,SIGEL/Aerogeradores
733,EOLCE040881,CE,identifiable-EOL,uf+num,16.8,-3.307674,-39.390254,Y,Serrote IV,4,4.2,125.0,150.0,200.0,16.8,Não,False,SIGEL/Aerogeradores
734,EOLCE040882,CE,identifiable-EOL,uf+num,29.4,-3.317362,-39.369536,Y,Serrote V,7,4.2,125.0,150.0,200.0,29.4,Sim,False,SIGEL/Aerogeradores
735,EOLCE040883,CE,identifiable-EOL,uf+num,29.4,-3.227508,-39.372870,Y,Serrote VI,7,4.2,125.0,150.0,200.0,29.4,Sim,False,SIGEL/Aerogeradores
736,EOLCE040884,CE,identifiable-EOL,uf+num,29.4,-3.315723,-39.324384,Y,Serrote VII,7,4.2,125.0,150.0,200.0,29.4,Sim,False,SIGEL/Aerogeradores
737,EOLCE040885,CE,identifiable-EOL,uf+num,29.4,-3.338040,-39.329405,Y,Serrote VIII,7,4.2,125.0,150.0,200.0,29.4,Sim,False,SIGEL/Aerogeradores
753,EOLPB029041,PB,identifiable-EOL,uf+num,10.2,-6.493889,-34.971944,Y,Millennium,13,0.8,74.8,48.0,98.8,10.4,Sim,False,SIGEL/Aerogeradores
754,EOLPB029075,PB,identifiable-EOL,uf+num,4.25,-6.557296,-35.014694,Y,Vitória,3,1.5,85.0,77.0,123.5,4.5,Sim,False,SIGEL/Aerogeradores
755,EOLPB029083,PB,identifiable-EOL,uf+num,4.5,-6.574674,-34.976039,Y,Presidente,6,0.8,74.0,48.0,98.0,4.8,Sim,False,SIGEL/Aerogeradores
756,EOLPB029084,PB,identifiable-EOL,uf+num,4.5,-6.557596,-34.972058,Y,Camurim,6,0.8,75.6,48.0,99.6,4.8,Sim,False,SIGEL/Aerogeradores
757,EOLPB029085,PB,identifiable-EOL,uf+num,4.5,-6.547517,-34.968012,Y,Albatroz,6,0.8,75.6,48.0,99.6,4.8,Sim,False,SIGEL/Aerogeradores
758,EOLPB029086,PB,identifiable-EOL,uf+num,4.5,-6.575797,-34.971815,Y,Coelhos I,6,0.8,75.6,48.0,99.6,4.8,Sim,False,SIGEL/Aerogeradores
759,EOLPB029087,PB,identifiable-EOL,uf+num,4.5,-6.556590,-34.966430,Y,Coelhos III,6,0.8,75.6,48.0,99.6,4.8,Sim,False,SIGEL/Aerogeradores
760,EOLPB029088,PB,identifiable-EOL,uf+num,4.5,-6.547366,-34.973711,Y,Atlântica,6,0.8,75.6,48.0,99.6,4.8,Sim,False,SIGEL/Aerogeradores
761,EOLPB029089,PB,identifiable-EOL,uf+num,4.5,-6.555976,-34.969043,Y,Caravela,6,0.8,75.6,48.0,99.6,4.8,Sim,False,SIGEL/Aerogeradores
762,EOLPB029090,PB,identifiable-EOL,uf+num,4.5,-6.570110,-34.967369,Y,Coelhos II,6,0.8,75.6,48.0,99.6,4.8,Sim,False,SIGEL/Aerogeradores
763,EOLPB029091,PB,identifiable-EOL,uf+num,4.5,-6.581408,-34.974652,Y,Coelhos IV,6,0.8,75.6,48.0,99.6,4.8,Sim,False,SIGEL/Aerogeradores
764,EOLPB029092,PB,identifiable-EOL,uf+num,4.5,-6.582255,-34.978462,Y,Mataraca,6,0.8,75.6,48.0,99.6,4.8,Sim,False,SIGEL/Aerogeradores
765,EOLPB033663,PB,identifiable-EOL,uf+num,31.5,-6.883351,-36.763737,Y,Canoas,15,2.1,80.0,114.0,194.0,31.5,Sim,False,SIGEL/Aerogeradores
766,EOLPB033664,PB,identifiable-EOL,uf+num,31.5,-6.879041,-36.818431,Y,Lagoa 1,15,2.1,80.0,114.0,194.0,31.5,Sim,False,SIGEL/Aerogeradores
767,EOLPB033665,PB,identifiable-EOL,uf+num,31.5,-6.840913,-36.791068,Y,Lagoa 2,15,2.1,80.0,114.0,194.0,31.5,Sim,False,SIGEL/Aerogeradores
768,EOLPB034639,PB,identifiable-EOL,uf+num,34.65,-6.972885,-36.879275,Y,Chafariz 1,10,3.5,84.0,132.0,150.0,34.65,Sim,False,SIGEL/Aerogeradores
769,EOLPB034640,PB,identifiable-EOL,uf+num,34.65,-6.996853,-36.893951,Y,Chafariz 2,10,3.5,84.0,132.0,150.0,34.65,Sim,False,SIGEL/Aerogeradores
770,EOLPB034642,PB,identifiable-EOL,uf+num,34.65,-7.001597,-36.898279,Y,Chafariz 3,10,3.5,84.0,132.0,150.0,34.65,Sim,False,SIGEL/Aerogeradores
771,EOLPB034644,PB,identifiable-EOL,uf+num,34.65,-7.033728,-36.935487,Y,Chafariz 4,10,3.5,84.0,132.0,150.0,34.65,Sim,False,SIGEL/Aerogeradores
772,EOLPB034646,PB,identifiable-EOL,uf+num,34.65,-7.003914,-36.913089,Y,Chafariz 5,10,3.5,84.0,132.0,150.0,34.65,Sim,False,SIGEL/Aerogeradores
773,EOLPB035181,PB,identifiable-EOL,uf+num,34.65,-6.882510,-36.791359,Y,Canoas 2,10,3.5,84.0,132.0,150.0,34.65,Sim,False,SIGEL/Aerogeradores
774,EOLPB035184,PB,identifiable-EOL,uf+num,31.185,-6.978608,-36.853932,Y,Chafariz 6,9,3.5,84.0,132.0,150.0,31.18,Sim,False,SIGEL/Aerogeradores
775,EOLPB035225,PB,identifiable-EOL,uf+num,16.5,-6.974250,-36.761795,Y,Serra do Seridó II,6,5.5,125.0,158.0,204.0,33.0,Sim,False,SIGEL/Aerogeradores
776,EOLPB035226,PB,identifiable-EOL,uf+num,44.0,-6.968938,-36.793167,Y,Serra do Seridó III,8,5.5,125.0,158.0,204.0,44.0,Sim,False,SIGEL/Aerogeradores
777,EOLPB035227,PB,identifiable-EOL,uf+num,44.0,-6.961329,-36.785884,Y,Serra do Seridó IV,8,5.5,100.0,158.0,179.0,44.0,Sim,False,SIGEL/Aerogeradores
778,EOLPB035240,PB,identifiable-EOL,uf+num,24.255,-7.048234,-36.952411,Y,Ventos de Arapuá 1,7,3.5,84.0,132.0,150.0,24.25,Sim,False,SIGEL/Aerogeradores
779,EOLPB035241,PB,identifiable-EOL,uf+num,34.65,-7.029193,-36.962448,Y,Ventos de Arapuá 2,10,3.5,84.0,132.0,150.0,34.65,Sim,False,SIGEL/Aerogeradores
780,EOLPB035242,PB,identifiable-EOL,uf+num,13.86,-7.050796,-36.967892,Y,Ventos de Arapuá 3,4,3.5,84.0,132.0,150.0,13.86,Sim,False,SIGEL/Aerogeradores
781,EOLPB037952,PB,identifiable-EOL,uf+num,34.65,-6.872149,-36.759355,Y,Canoas 3,10,3.5,84.0,132.0,150.0,34.65,Sim,False,SIGEL/Aerogeradores
782,EOLPB037953,PB,identifiable-EOL,uf+num,34.65,-6.843582,-36.735549,Y,Canoas 4,10,3.5,84.0,132.0,150.0,34.65,Sim,False,SIGEL/Aerogeradores
783,EOLPB037958,PB,identifiable-EOL,uf+num,34.65,-6.923993,-36.860748,Y,Chafariz 7,10,3.5,84.0,132.0,150.0,34.65,Sim,False,SIGEL/Aerogeradores
784,EOLPB038029,PB,identifiable-EOL,uf+num,34.65,-6.871192,-36.826200,Y,Lagoa 3,10,3.5,84.0,132.0,150.0,34.65,Sim,False,SIGEL/Aerogeradores
785,EOLPB038030,PB,identifiable-EOL,uf+num,20.79,-6.882362,-36.841490,Y,Lagoa 4,6,3.5,84.0,132.0,150.0,20.79,Sim,False,SIGEL/Aerogeradores
786,EOLPB038304,PB,identifiable-EOL,uf+num,44.0,-6.973126,-36.801434,Y,Serra do Seridó VI,16,5.5,125.0,158.0,204.0,88.0,Não,False,SIGEL/Aerogeradores
787,EOLPB038305,PB,identifiable-EOL,uf+num,44.0,-7.008809,-36.783303,Y,Serra do Seridó VII,8,5.5,125.0,158.0,204.0,44.0,Sim,False,SIGEL/Aerogeradores
788,EOLPB040613,PB,identifiable-EOL,uf+num,49.5,-7.001874,-36.800132,Y,Serra do Seridó IX,9,5.5,125.0,158.0,204.0,49.5,Sim,False,SIGEL/Aerogeradores
789,EOLPB043275,PB,identifiable-EOL,uf+num,46.4,-6.974987,-36.834492,Y,Serra do Seridó XI,10,3.5,84.0,132.0,150.0,34.65,Não,False,SIGEL/Aerogeradores
790,EOLPB043276,PB,identifiable-EOL,uf+num,23.2,-7.037765,-36.804841,Y,Serra do Seridó XII,14,5.8,125.0,158.0,204.0,81.2,Sim,False,SIGEL/Aerogeradores
791,EOLPB043277,PB,identifiable-EOL,uf+num,34.8,-6.933275,-36.788774,Y,Serra do Seridó XIV,17,3.5,84.0,132.0,150.0,72.91,Não,True,SIGEL/Aerogeradores
792,EOLPE028481,PE,identifiable-EOL,uf+num,4.25,-7.495335,-35.495521,Y,Pirauá,3,1.6,70.0,82.0,111.0,4.95,Sim,False,SIGEL/Aerogeradores
793,EOLPE029011,PE,identifiable-EOL,uf+num,4.25,-8.175000,-35.388889,Y,Xavante,3,1.6,70.0,82.0,111.0,4.95,Sim,False,SIGEL/Aerogeradores
794,EOLPE029015,PE,identifiable-EOL,uf+num,4.95,-8.278998,-35.596376,Y,Mandacaru,3,1.6,70.0,82.0,111.0,4.95,Sim,False,SIGEL/Aerogeradores
795,EOLPE029019,PE,identifiable-EOL,uf+num,4.25,-8.294679,-35.595566,Y,Santa Maria,3,1.6,70.0,82.0,111.0,4.95,Sim,False,SIGEL/Aerogeradores
796,EOLPE029020,PE,identifiable-EOL,uf+num,4.25,-8.268161,-35.596405,Y,Gravatá Fruitrade,3,1.6,70.0,82.0,111.0,4.95,Sim,False,SIGEL/Aerogeradores
797,EOLPE030789,PE,identifiable-EOL,uf+num,18.8,-9.018737,-38.056015,Y,Tacaicó,8,2.4,80.0,100.0,130.0,18.8,Sim,False,SIGEL/Aerogeradores
798,EOLPE030805,PE,identifiable-EOL,uf+num,30.55,-9.062482,-38.118580,Y,Pau Ferro,13,2.4,80.0,100.0,130.0,30.55,Sim,False,SIGEL/Aerogeradores
799,EOLPE030806,PE,identifiable-EOL,uf+num,30.55,-9.067193,-38.144783,Y,Pedra do Gerônimo,13,2.4,80.0,100.0,130.0,30.55,Sim,False,SIGEL/Aerogeradores
800,EOLPE031346,PE,identifiable-EOL,uf+num,28.9,-8.846492,-36.730237,Y,Ventos de Santa Brígida V,17,1.7,80.0,100.0,130.0,28.9,Sim,False,SIGEL/Aerogeradores
801,EOLPE031353,PE,identifiable-EOL,uf+num,28.9,-8.868062,-36.747064,Y,Ventos de Santa Brígida VI,17,1.7,80.0,100.0,130.0,28.9,Sim,False,SIGEL/Aerogeradores
802,EOLPE031354,PE,identifiable-EOL,uf+num,28.9,-8.845086,-36.769663,Y,Ventos de Santa Brígida III,17,1.7,80.0,100.0,130.0,28.9,Sim,False,SIGEL/Aerogeradores
803,EOLPE031363,PE,identifiable-EOL,uf+num,27.2,-8.796904,-36.733769,Y,Ventos de Santa Brígida II,16,1.7,80.0,100.0,130.0,27.2,Sim,False,SIGEL/Aerogeradores
804,EOLPE031365,PE,identifiable-EOL,uf+num,13.6,-8.809883,-36.748739,Y,Ventos de Santa Brígida I,8,1.7,80.0,100.0,130.0,13.6,Sim,False,SIGEL/Aerogeradores
805,EOLPE031370,PE,identifiable-EOL,uf+num,27.2,-8.833777,-36.760183,Y,Ventos de Santa Brígida IV,16,1.7,80.0,100.0,130.0,27.2,Sim,False,SIGEL/Aerogeradores
806,EOLPE031422,PE,identifiable-EOL,uf+num,27.2,-8.802548,-36.757918,Y,Ventos de Santa Brígida VII,16,1.7,80.0,100.0,130.0,27.2,Sim,False,SIGEL/Aerogeradores
807,EOLPE031537,PE,identifiable-EOL,uf+num,23.92,-8.911334,-36.747708,Y,Serra das Vacas I,14,1.7,80.0,103.0,131.5,23.92,Sim,False,SIGEL/Aerogeradores
808,EOLPE031540,PE,identifiable-EOL,uf+num,22.295,-8.895190,-36.725702,Y,Serra das Vacas II,13,1.7,80.0,103.0,131.5,22.3,Sim,False,SIGEL/Aerogeradores
809,EOLPE031560,PE,identifiable-EOL,uf+num,22.235,-8.903081,-36.757925,Y,Serra das Vacas III,13,1.7,80.0,103.0,131.5,22.23,Sim,False,SIGEL/Aerogeradores
810,EOLPE031574,PE,identifiable-EOL,uf+num,22.295,-8.913810,-36.729573,Y,Serra das Vacas IV,13,1.7,80.0,103.0,131.5,22.3,Sim,False,SIGEL/Aerogeradores
811,EOLPE031761,PE,identifiable-EOL,uf+num,25.3,-7.744187,-40.620813,Y,Ventos de Santo Estevão I,11,2.3,80.0,116.0,138.0,25.3,Sim,False,SIGEL/Aerogeradores
812,EOLPE031762,PE,identifiable-EOL,uf+num,25.3,-7.748174,-40.629634,Y,Ventos de Santo Estevão II,11,2.3,80.0,116.0,138.0,25.3,Sim,False,SIGEL/Aerogeradores
813,EOLPE031763,PE,identifiable-EOL,uf+num,29.9,-7.728330,-40.658409,Y,Ventos de Santo Estevão III,13,2.3,80.0,116.0,138.0,29.9,Sim,False,SIGEL/Aerogeradores
814,EOLPE031764,PE,identifiable-EOL,uf+num,27.6,-7.759877,-40.673321,Y,Ventos de Santo Estevão V,12,2.3,80.0,107.0,133.5,27.6,Sim,False,SIGEL/Aerogeradores
815,EOLPE031807,PE,identifiable-EOL,uf+num,36.0,-8.187652,-36.750989,Y,Ouro Branco 1,8,4.5,125.0,150.0,200.0,36.0,Sim,False,SIGEL/Aerogeradores
816,EOLPE031808,PE,identifiable-EOL,uf+num,36.0,-8.177264,-36.737648,Y,Ouro Branco 2,8,4.2,125.0,150.0,200.0,33.6,Sim,False,SIGEL/Aerogeradores
817,EOLPE031809,PE,identifiable-EOL,uf+num,22.5,-7.485596,-35.493658,Y,Quatro Ventos,5,4.5,125.0,150.0,200.0,22.5,Sim,False,SIGEL/Aerogeradores
818,EOLPE031818,PE,identifiable-EOL,uf+num,31.365,-8.726320,-36.699933,Y,Ventos de São Clemente 1,17,1.8,80.0,103.0,131.5,31.36,Sim,False,SIGEL/Aerogeradores
819,EOLPE031819,PE,identifiable-EOL,uf+num,31.365,-8.709304,-36.733656,Y,Ventos de São Clemente 2,17,1.8,80.0,103.0,131.5,31.36,Sim,False,SIGEL/Aerogeradores
820,EOLPE031820,PE,identifiable-EOL,uf+num,31.365,-8.757651,-36.714150,Y,Ventos de São Clemente 3,17,1.8,80.0,103.0,131.5,31.36,Sim,False,SIGEL/Aerogeradores
821,EOLPE031821,PE,identifiable-EOL,uf+num,31.365,-8.765080,-36.748080,Y,Ventos de São Clemente 4,17,1.8,80.0,103.0,131.5,31.36,Sim,False,SIGEL/Aerogeradores
822,EOLPE031822,PE,identifiable-EOL,uf+num,31.365,-8.709887,-36.762817,Y,Ventos de São Clemente 5,17,1.8,80.0,103.0,131.5,31.36,Sim,False,SIGEL/Aerogeradores
823,EOLPE031823,PE,identifiable-EOL,uf+num,27.675,-8.781045,-36.758324,Y,Ventos de São Clemente 6,15,1.8,80.0,103.0,131.5,27.68,Sim,False,SIGEL/Aerogeradores
824,EOLPE031824,PE,identifiable-EOL,uf+num,25.83,-8.750240,-36.750124,Y,Ventos de São Clemente 7,14,1.8,80.0,103.0,131.5,25.83,Sim,False,SIGEL/Aerogeradores
825,EOLPE031825,PE,identifiable-EOL,uf+num,22.14,-8.704541,-36.775685,Y,Ventos de São Clemente 8,12,1.8,80.0,103.0,131.5,22.14,Sim,False,SIGEL/Aerogeradores
826,EOLPE032360,PE,identifiable-EOL,uf+num,25.3,-8.915572,-36.775604,Y,Serra das Vacas V,11,2.3,80.0,116.0,138.0,25.3,Sim,False,SIGEL/Aerogeradores
827,EOLPE032361,PE,identifiable-EOL,uf+num,25.3,-8.920961,-36.782241,Y,Serra das Vacas VII,11,2.3,80.0,116.0,138.0,25.3,Sim,False,SIGEL/Aerogeradores
828,EOLPE032365,PE,identifiable-EOL,uf+num,29.9,-7.726598,-40.594145,Y,Ventos de Santo Estevão IV,13,2.3,80.0,116.0,138.0,29.9,Sim,False,SIGEL/Aerogeradores
829,EOLPE035249,PE,identifiable-EOL,uf+num,49.5,-8.003669,-40.517675,Y,Ventos de Santo Antero,22,4.4,120.0,150.0,195.0,97.9,Sim,False,SIGEL/Aerogeradores
830,EOLPE035250,PE,identifiable-EOL,uf+num,45.0,-7.996804,-40.513187,Y,Ventos de São Bernardo,10,4.4,120.0,150.0,195.0,44.0,Sim,False,SIGEL/Aerogeradores
831,EOLPE044553,PE,identifiable-EOL,uf+num,44.0,-9.036459,-38.099878,Y,Pau Ferro II,9,5.5,101.0,158.0,180.0,49.5,Sim,False,SIGEL/Aerogeradores
832,EOLPE044554,PE,identifiable-EOL,uf+num,49.5,-9.016689,-38.074718,Y,Tacaicó II,9,5.5,101.0,158.0,180.0,49.5,Sim,False,SIGEL/Aerogeradores
833,EOLPI028731,PI,identifiable-EOL,uf+num,18.0,-2.826247,-41.707086,Y,Pedra do Sal,20,0.9,77.0,44.0,99.0,18.0,Sim,False,SIGEL/Aerogeradores
834,EOLPI030639,PI,identifiable-EOL,uf+num,30.8,-2.842782,-41.697596,Y,Porto do Delta,14,2.2,80.0,107.0,133.5,30.8,Sim,False,SIGEL/Aerogeradores
835,EOLPI030827,PI,identifiable-EOL,uf+num,20.0,-2.820651,-41.741758,Y,Porto das Barcas,10,2.0,90.0,97.0,138.5,20.0,Sim,False,SIGEL/Aerogeradores
836,EOLPI030830,PI,identifiable-EOL,uf+num,20.0,-2.839822,-41.726997,Y,Porto Salgado,10,2.0,90.0,97.0,138.5,20.0,Sim,False,SIGEL/Aerogeradores
837,EOLPI030838,PI,identifiable-EOL,uf+num,30.0,-2.837140,-41.707362,Y,Delta do Parnaíba,15,2.0,90.0,97.0,138.5,30.0,Sim,False,SIGEL/Aerogeradores
838,EOLPI031270,PI,identifiable-EOL,uf+num,29.7,-7.306961,-40.554981,Y,Ventos de Santa Edwiges,11,2.7,89.0,122.0,150.0,29.7,Sim,False,SIGEL/Aerogeradores
839,EOLPI031271,PI,identifiable-EOL,uf+num,10.8,-7.330579,-40.579478,Y,Ventos de Santo Adriano,11,2.7,89.0,122.0,150.0,29.7,Sim,False,SIGEL/Aerogeradores
840,EOLPI031272,PI,identifiable-EOL,uf+num,29.7,-7.352916,-40.600464,Y,Ventos de Santo Albano,11,2.7,89.0,122.0,150.0,29.7,Sim,False,SIGEL/Aerogeradores
841,EOLPI031273,PI,identifiable-EOL,uf+num,29.7,-7.300020,-40.554186,Y,Ventos de Santa Fátima,11,2.7,89.0,122.0,150.0,29.7,Sim,False,SIGEL/Aerogeradores
842,EOLPI031274,PI,identifiable-EOL,uf+num,29.7,-7.303398,-40.536354,Y,Ventos de Santa Bárbara,11,2.7,89.0,122.0,150.0,29.7,Sim,False,SIGEL/Aerogeradores
843,EOLPI031275,PI,identifiable-EOL,uf+num,29.7,-7.304708,-40.530014,Y,Ventos de Santa Angelina,11,2.7,89.0,122.0,150.0,29.7,Sim,False,SIGEL/Aerogeradores
844,EOLPI031276,PI,identifiable-EOL,uf+num,29.7,-7.330109,-40.589990,Y,Ventos de Santa Regina,11,2.7,89.0,122.0,150.0,29.7,Sim,False,SIGEL/Aerogeradores
845,EOLPI031361,PI,identifiable-EOL,uf+num,30.0,-7.569682,-40.703176,Y,Ventos de Santa Joana II,15,2.0,78.0,97.0,126.5,30.0,Sim,False,SIGEL/Aerogeradores
846,EOLPI031362,PI,identifiable-EOL,uf+num,30.0,-7.594595,-40.730361,Y,Ventos de Santo Onofre II,15,2.0,78.0,97.0,126.5,30.0,Sim,False,SIGEL/Aerogeradores
847,EOLPI031364,PI,identifiable-EOL,uf+num,30.0,-7.553312,-40.725524,Y,Ventos de Santo Onofre I,15,2.0,78.0,97.0,126.5,30.0,Sim,False,SIGEL/Aerogeradores
848,EOLPI031366,PI,identifiable-EOL,uf+num,30.0,-7.597686,-40.732492,Y,Ventos de Santa Joana VIII,15,2.0,78.0,97.0,126.5,30.0,Sim,False,SIGEL/Aerogeradores
849,EOLPI031367,PI,identifiable-EOL,uf+num,30.0,-7.526590,-40.744204,Y,Ventos de Santa Joana VI,15,2.0,78.0,97.0,126.5,30.0,Sim,False,SIGEL/Aerogeradores
850,EOLPI031368,PI,identifiable-EOL,uf+num,28.0,-7.510896,-40.734438,Y,Ventos de Santa Joana XIV,15,2.0,78.0,97.0,126.5,30.0,Sim,False,SIGEL/Aerogeradores
851,EOLPI031388,PI,identifiable-EOL,uf+num,29.6,-7.482959,-40.799782,Y,Ventos de Santa Joana XI,16,1.9,80.0,82.5,121.2,29.6,Sim,False,SIGEL/Aerogeradores
852,EOLPI031392,PI,identifiable-EOL,uf+num,28.9,-7.458821,-40.723670,Y,Ventos de Santa Joana XVI,17,1.7,80.0,100.0,130.0,28.9,Sim,False,SIGEL/Aerogeradores
853,EOLPI031393,PI,identifiable-EOL,uf+num,29.6,-7.438676,-40.708269,Y,Ventos de Santa Joana X,16,1.9,80.0,82.5,121.2,29.6,Sim,False,SIGEL/Aerogeradores
854,EOLPI031394,PI,identifiable-EOL,uf+num,29.6,-7.410352,-40.710881,Y,Ventos de Santa Joana XIII,16,1.9,80.0,82.5,121.2,29.6,Sim,False,SIGEL/Aerogeradores
855,EOLPI031414,PI,identifiable-EOL,uf+num,28.9,-7.485981,-40.754044,Y,Ventos de Santa Joana XII,17,1.7,80.0,100.0,130.0,28.9,Sim,False,SIGEL/Aerogeradores
856,EOLPI031416,PI,identifiable-EOL,uf+num,28.9,-7.477781,-40.767392,Y,Ventos de Santa Joana XV,17,1.7,80.0,100.0,130.0,28.9,Sim,False,SIGEL/Aerogeradores
857,EOLPI031417,PI,identifiable-EOL,uf+num,29.6,-7.451662,-40.744133,Y,Ventos de Santa Joana IX,16,1.9,80.0,82.5,121.2,29.6,Sim,False,SIGEL/Aerogeradores
858,EOLPI031520,PI,identifiable-EOL,uf+num,27.2,-7.451334,-40.686372,Y,Ventos de Santa Joana IV,16,1.7,80.0,100.0,130.0,27.2,Sim,False,SIGEL/Aerogeradores
859,EOLPI031538,PI,identifiable-EOL,uf+num,28.9,-7.370888,-40.674174,Y,Ventos de Santa Joana V,17,1.7,80.0,100.0,130.0,28.9,Sim,False,SIGEL/Aerogeradores
860,EOLPI031580,PI,identifiable-EOL,uf+num,29.6,-7.437728,-40.746451,Y,Ventos de Santa Joana III,16,1.9,80.0,82.5,121.2,29.6,Sim,False,SIGEL/Aerogeradores
861,EOLPI031581,PI,identifiable-EOL,uf+num,28.9,-7.423658,-40.671529,Y,Ventos de Santa Joana I,17,1.7,80.0,100.0,130.0,28.9,Sim,False,SIGEL/Aerogeradores
862,EOLPI031597,PI,identifiable-EOL,uf+num,28.9,-7.413018,-40.668572,Y,Ventos de Santa Joana VII,17,1.7,80.0,100.0,130.0,28.9,Sim,False,SIGEL/Aerogeradores
863,EOLPI031603,PI,identifiable-EOL,uf+num,28.9,-7.385818,-40.697762,Y,Ventos de Santo Augusto IV,17,1.7,80.0,100.0,130.0,28.9,Sim,False,SIGEL/Aerogeradores
864,EOLPI031661,PI,identifiable-EOL,uf+num,29.6,-7.409292,-40.695116,Y,Ventos de Santo Augusto V,16,1.9,80.0,82.5,121.2,29.6,Sim,False,SIGEL/Aerogeradores
865,EOLPI031662,PI,identifiable-EOL,uf+num,29.6,-7.372345,-40.707175,Y,Ventos de Santo Augusto III,16,1.9,80.0,82.5,121.2,29.6,Sim,False,SIGEL/Aerogeradores
866,EOLPI031666,PI,identifiable-EOL,uf+num,23.0,-2.816603,-41.782222,Y,Testa Branca I,10,2.3,80.0,107.0,133.5,23.0,Sim,False,SIGEL/Aerogeradores
867,EOLPI031746,PI,identifiable-EOL,num,18.4,-7.742957,-40.675218,Y,Ventos de Santo Augusto I,8,2.3,80.0,107.0,133.5,18.4,Sim,False,SIGEL/Aerogeradores
868,EOLPI031747,PI,identifiable-EOL,num,27.6,-7.772552,-40.678575,Y,Ventos de Santo Augusto II,12,2.3,80.0,116.0,138.0,27.6,Sim,False,SIGEL/Aerogeradores
869,EOLPI031749,PI,identifiable-EOL,uf+num,18.4,-7.725210,-40.679302,Y,Ventos de Santo Augusto VII,8,2.3,80.0,107.0,133.5,18.4,Sim,False,SIGEL/Aerogeradores
870,EOLPI031766,PI,identifiable-EOL,uf+num,29.9,-7.713969,-40.676155,Y,Ventos de Santo Augusto VI,13,2.3,80.0,107.0,133.5,29.9,Sim,False,SIGEL/Aerogeradores
871,EOLPI031767,PI,identifiable-EOL,uf+num,18.4,-7.770705,-40.677724,Y,Ventos de Santo Augusto VIII,8,2.3,80.0,107.0,133.5,18.4,Sim,False,SIGEL/Aerogeradores
872,EOLPI031886,PI,identifiable-EOL,num,30.0,-7.555008,-40.725680,Y,Ventos de Santo Onofre III,15,2.0,78.0,97.0,126.5,30.0,Sim,False,SIGEL/Aerogeradores
873,EOLPI032366,PI,identifiable-EOL,uf+num,27.6,-7.740925,-40.724352,Y,Ventos de Santo Onofre IV,12,2.3,80.0,116.0,138.0,27.6,Sim,False,SIGEL/Aerogeradores
874,EOLPI032367,PI,identifiable-EOL,uf+num,29.9,-7.688146,-40.688344,Y,Ventos de São Virgilio 01,13,2.3,80.0,107.0,133.5,29.9,Sim,False,SIGEL/Aerogeradores
875,EOLPI032368,PI,identifiable-EOL,uf+num,19.8,-7.783501,-40.657394,Y,Ventos de São Virgílio 03,9,2.2,80.0,116.0,138.0,19.8,Sim,False,SIGEL/Aerogeradores
876,EOLPI032863,PI,identifiable-EOL,uf+num,32.2,-8.717668,-41.644612,Y,Aura Queimada Nova 01,7,4.6,110.0,155.0,188.0,32.2,Sim,False,SIGEL/Aerogeradores
877,EOLPI033005,PI,identifiable-EOL,uf+num,31.5,-8.519787,-41.558436,Y,Ventos de Santa Ângela 01,10,3.1,120.0,125.0,182.5,31.5,Sim,False,SIGEL/Aerogeradores
878,EOLPI033006,PI,identifiable-EOL,uf+num,31.5,-8.544166,-41.575102,Y,Ventos de Santa Ângela 02,10,3.1,120.0,125.0,182.5,31.5,Sim,False,SIGEL/Aerogeradores
879,EOLPI033007,PI,identifiable-EOL,uf+num,31.5,-8.576417,-41.577825,Y,Ventos de Santa Ângela 03,10,3.1,120.0,125.0,182.5,31.5,Sim,False,SIGEL/Aerogeradores
880,EOLPI033008,PI,identifiable-EOL,uf+num,31.5,-8.600178,-41.590751,Y,Ventos de Santa Ângela 04,10,3.1,120.0,125.0,182.5,31.5,Sim,False,SIGEL/Aerogeradores
881,EOLPI033009,PI,identifiable-EOL,uf+num,31.5,-8.462507,-41.445061,Y,Ventos de Santa Angela 05,10,3.1,120.0,125.0,182.5,31.5,Sim,False,SIGEL/Aerogeradores
882,EOLPI033010,PI,identifiable-EOL,uf+num,31.5,-8.489108,-41.451647,Y,Ventos de Santa Angela 06,10,3.1,120.0,125.0,182.5,31.5,Sim,False,SIGEL/Aerogeradores
883,EOLPI033011,PI,identifiable-EOL,uf+num,25.2,-8.530623,-41.480508,Y,Ventos de Santa Angela 07,8,3.1,120.0,125.0,182.5,25.2,Sim,False,SIGEL/Aerogeradores
884,EOLPI033012,PI,identifiable-EOL,uf+num,31.5,-8.560800,-41.498353,Y,Ventos de Santa Angela 08,10,3.1,120.0,125.0,182.5,31.5,Sim,False,SIGEL/Aerogeradores
885,EOLPI033013,PI,identifiable-EOL,uf+num,44.1,-8.595226,-41.479529,Y,Ventos de Santa Angela 09,14,3.1,120.0,125.0,182.5,44.1,Sim,False,SIGEL/Aerogeradores
886,EOLPI033014,PI,identifiable-EOL,uf+num,40.95,-8.632897,-41.497109,Y,Ventos de Santa Angela 10,13,3.1,120.0,125.0,182.5,40.95,Sim,False,SIGEL/Aerogeradores
887,EOLPI033015,PI,identifiable-EOL,uf+num,44.1,-8.667073,-41.509758,Y,Ventos de Santa Angela 11,14,3.1,120.0,125.0,182.5,44.1,Sim,False,SIGEL/Aerogeradores
888,EOLPI033016,PI,identifiable-EOL,uf+num,30.0,-8.761648,-41.430295,Y,Ventos de Santa Ângela 12,10,3.0,120.0,125.0,182.5,30.0,Sim,False,SIGEL/Aerogeradores
889,EOLPI033017,PI,identifiable-EOL,uf+num,28.35,-8.766441,-41.408724,Y,Ventos de Santa Ângela 13,9,3.1,120.0,125.0,182.5,28.35,Sim,False,SIGEL/Aerogeradores
890,EOLPI033018,PI,identifiable-EOL,uf+num,42.6,-8.708777,-41.518101,Y,Ventos de Santa Angela 14,14,3.0,120.0,125.0,182.5,42.6,Sim,False,SIGEL/Aerogeradores
891,EOLPI033019,PI,identifiable-EOL,uf+num,43.5,-8.722026,-41.474074,Y,Ventos de Santa Angela 15,14,3.1,120.0,125.0,182.5,43.5,Sim,False,SIGEL/Aerogeradores
892,EOLPI033020,PI,identifiable-EOL,uf+num,31.5,-8.732587,-41.558988,Y,Ventos de Santa Ângela 16,10,3.1,120.0,125.0,182.5,31.5,Sim,False,SIGEL/Aerogeradores
893,EOLPI033021,PI,identifiable-EOL,uf+num,47.25,-8.715925,-41.420880,Y,Ventos de Santa Angela 17,15,3.1,120.0,125.0,182.5,47.25,Sim,False,SIGEL/Aerogeradores
894,EOLPI033022,PI,identifiable-EOL,uf+num,31.5,-8.738869,-41.399902,Y,Ventos de Santa Angela 18,10,3.1,120.0,125.0,182.5,31.5,Sim,False,SIGEL/Aerogeradores
895,EOLPI033023,PI,identifiable-EOL,uf+num,30.0,-8.746180,-41.471572,Y,Ventos de Santa Angela 19,10,3.0,120.0,125.0,182.5,30.0,Sim,False,SIGEL/Aerogeradores
896,EOLPI033024,PI,identifiable-EOL,uf+num,30.0,-8.781770,-41.451975,Y,Ventos de Santa Angela 20,10,3.0,120.0,125.0,182.5,30.0,Sim,False,SIGEL/Aerogeradores
897,EOLPI033025,PI,identifiable-EOL,uf+num,27.0,-8.806563,-41.465112,Y,Ventos de Santa Angela 21,9,3.0,120.0,125.0,182.5,27.0,Sim,False,SIGEL/Aerogeradores
898,EOLPI033136,PI,identifiable-EOL,uf+num,29.4,-8.006501,-40.637838,Y,Ventos de São Vicente 10,14,2.1,80.0,114.0,136.0,29.4,Sim,False,SIGEL/Aerogeradores
899,EOLPI033138,PI,identifiable-EOL,uf+num,29.4,-7.989533,-40.583424,Y,Ventos de São Vicente 14,14,2.1,80.0,114.0,136.0,29.4,Sim,False,SIGEL/Aerogeradores
900,EOLPI033139,PI,identifiable-EOL,uf+num,29.4,-8.003106,-40.611470,Y,Ventos de São Vicente 13,14,2.1,80.0,114.0,136.0,29.4,Sim,False,SIGEL/Aerogeradores
901,EOLPI033140,PI,identifiable-EOL,uf+num,29.4,-8.021373,-40.617756,Y,Ventos de São Vicente 12,14,2.1,80.0,114.0,136.0,29.4,Sim,False,SIGEL/Aerogeradores
902,EOLPI033141,PI,identifiable-EOL,uf+num,29.4,-7.995662,-40.634907,Y,Ventos de São Vicente 11,14,2.1,80.0,114.0,136.0,29.4,Sim,False,SIGEL/Aerogeradores
903,EOLPI033143,PI,identifiable-EOL,uf+num,29.4,-8.017323,-40.658524,Y,Ventos de São Vicente 09,14,2.1,80.0,114.0,136.0,29.4,Sim,False,SIGEL/Aerogeradores
904,EOLPI033144,PI,identifiable-EOL,uf+num,29.4,-8.012105,-40.631653,Y,Ventos de São Vicente 08,14,2.1,80.0,114.0,136.0,29.4,Sim,False,SIGEL/Aerogeradores
905,EOLPI033479,PI,identifiable-EOL,uf+num,24.0,-2.799801,-41.791986,Y,Testa Branca III,10,2.4,80.0,107.0,133.5,24.0,Sim,False,SIGEL/Aerogeradores
906,EOLPI033618,PI,identifiable-EOL,uf+num,27.0,-8.675603,-41.634492,Y,Aura Lagoa do Barro 7,9,3.0,120.0,125.0,182.5,27.0,Sim,False,SIGEL/Aerogeradores
907,EOLPI033619,PI,identifiable-EOL,uf+num,27.0,-8.613662,-41.551391,Y,Aura Lagoa do Barro 3,9,3.0,120.0,125.0,182.5,27.0,Sim,False,SIGEL/Aerogeradores
908,EOLPI033620,PI,identifiable-EOL,uf+num,27.0,-8.593391,-41.541985,Y,Aura Lagoa do Barro 4,9,3.0,120.0,125.0,182.5,27.0,Sim,False,SIGEL/Aerogeradores
909,EOLPI033621,PI,identifiable-EOL,uf+num,27.0,-8.698293,-41.635722,Y,Aura Lagoa do Barro 1,9,3.0,120.0,125.0,182.5,27.0,Sim,False,SIGEL/Aerogeradores
910,EOLPI033622,PI,identifiable-EOL,uf+num,27.0,-8.653790,-41.565364,Y,Aura Lagoa do Barro 2,9,3.0,120.0,125.0,182.5,27.0,Sim,False,SIGEL/Aerogeradores
911,EOLPI033623,PI,identifiable-EOL,uf+num,24.0,-8.684135,-41.623735,Y,Aura Lagoa do Barro 5,8,3.0,120.0,125.0,182.5,24.0,Sim,False,SIGEL/Aerogeradores
912,EOLPI033624,PI,identifiable-EOL,uf+num,27.0,-8.632982,-41.560774,Y,Aura Lagoa do Barro 6,9,3.0,120.0,125.0,182.5,27.0,Sim,False,SIGEL/Aerogeradores
913,EOLPI033625,PI,identifiable-EOL,uf+num,9.0,-8.667415,-41.630802,Y,Aura Queimada Nova 3,3,3.0,120.0,125.0,182.5,9.0,Sim,False,SIGEL/Aerogeradores
914,EOLPI033667,PI,identifiable-EOL,uf+num,29.9,-7.791700,-40.728040,Y,Ventos de São Virgílio 02,13,2.3,80.0,116.0,138.0,29.9,Sim,False,SIGEL/Aerogeradores
915,EOLPI038103,PI,identifiable-EOL,uf+num,49.5,-8.764600,-41.657532,Y,Ventos de São Roque 01,9,5.5,101.0,158.0,180.0,49.5,Sim,False,SIGEL/Aerogeradores
916,EOLPI038104,PI,identifiable-EOL,uf+num,49.5,-8.805588,-41.650384,Y,Ventos de São Roque 02,9,5.5,101.0,158.0,180.0,49.5,Sim,False,SIGEL/Aerogeradores
917,EOLPI038105,PI,identifiable-EOL,uf+num,17.1,-8.882247,-41.622505,Y,Ventos de São Roque 03,8,5.7,120.0,163.0,202.0,45.6,Sim,False,SIGEL/Aerogeradores
918,EOLPI038106,PI,identifiable-EOL,uf+num,49.5,-8.829936,-41.590799,Y,Ventos de São Roque 04,9,5.5,101.0,158.0,180.0,49.5,Sim,False,SIGEL/Aerogeradores
919,EOLPI038107,PI,identifiable-EOL,uf+num,45.6,-8.890350,-41.583227,Y,Ventos de São Roque 05,8,5.7,120.0,163.0,202.0,45.6,Sim,False,SIGEL/Aerogeradores
920,EOLPI038108,PI,identifiable-EOL,uf+num,45.6,-8.943943,-41.571763,Y,Ventos de São Roque 06,8,5.7,120.0,163.0,202.0,45.6,Sim,False,SIGEL/Aerogeradores
921,EOLPI038109,PI,identifiable-EOL,uf+num,45.6,-8.945303,-41.545126,Y,Ventos de São Roque 07,8,5.7,120.0,163.0,202.0,45.6,Não,False,SIGEL/Aerogeradores
922,EOLPI038110,PI,identifiable-EOL,uf+num,49.5,-8.899757,-41.591134,Y,Ventos de São Roque 16,9,5.5,101.0,158.0,180.0,49.5,Sim,True,SIGEL/Aerogeradores
923,EOLPI038111,PI,identifiable-EOL,uf+num,49.5,-8.897491,-41.555462,Y,Ventos de São Roque 17,9,5.5,125.0,158.0,204.0,49.5,Sim,True,SIGEL/Aerogeradores
924,EOLPI038112,PI,identifiable-EOL,uf+num,49.5,-8.915536,-41.557554,Y,Ventos de São Roque 18,9,5.5,101.0,158.0,180.0,49.5,Sim,True,SIGEL/Aerogeradores
925,EOLPI038113,PI,identifiable-EOL,uf+num,45.6,-8.943636,-41.639409,Y,Ventos de São Roque 19,8,5.7,120.0,163.0,202.0,45.6,Não,False,SIGEL/Aerogeradores
926,EOLPI038116,PI,identifiable-EOL,uf+num,45.6,-8.963019,-41.676441,Y,Ventos de São Roque 22,8,5.7,120.0,163.0,202.0,45.6,Não,False,SIGEL/Aerogeradores
927,EOLPI040567,PI,identifiable-EOL,uf+num,50.6,-8.635038,-41.601694,Y,Aura Queimada Nova 02,11,4.6,110.0,155.0,188.0,50.6,Sim,False,SIGEL/Aerogeradores
928,EOLPI040626,PI,identifiable-EOL,uf+num,49.5,-8.935203,-41.604470,Y,Ventos de São Roque 08,9,5.5,101.0,158.0,180.0,49.5,Sim,False,SIGEL/Aerogeradores
929,EOLPI040629,PI,identifiable-EOL,uf+num,49.5,-8.826359,-41.626931,Y,Ventos de São Roque 11,9,5.5,101.0,158.0,180.0,49.5,Sim,True,SIGEL/Aerogeradores
930,EOLPI044358,PI,identifiable-EOL,uf+num,49.5,-9.050614,-41.772819,Y,Oitis 10,9,5.5,126.0,158.0,205.0,49.5,Não,False,SIGEL/Aerogeradores
931,EOLPI044359,PI,identifiable-EOL,uf+num,27.5,-9.005101,-41.727449,Y,Oitis 2,5,5.5,126.0,158.0,205.0,27.5,Sim,False,SIGEL/Aerogeradores
932,EOLPI044362,PI,identifiable-EOL,uf+num,49.5,-9.006255,-41.748460,Y,Oitis 3,9,5.5,126.0,158.0,205.0,49.5,Sim,False,SIGEL/Aerogeradores
933,EOLPI044363,PI,identifiable-EOL,uf+num,49.5,-9.022434,-41.750009,Y,Oitis 4,9,5.5,126.0,158.0,205.0,49.5,Sim,False,SIGEL/Aerogeradores
934,EOLPI044364,PI,identifiable-EOL,uf+num,49.5,-9.039662,-41.752749,Y,Oitis 5,9,5.5,126.0,158.0,205.0,49.5,Sim,False,SIGEL/Aerogeradores
935,EOLPI044365,PI,identifiable-EOL,uf+num,49.5,-9.052650,-41.736396,Y,Oitis 6,9,5.5,126.0,158.0,205.0,49.5,Sim,False,SIGEL/Aerogeradores
936,EOLPI044366,PI,identifiable-EOL,uf+num,49.5,-9.071183,-41.734973,Y,Oitis 7,9,5.5,126.0,158.0,205.0,49.5,Sim,False,SIGEL/Aerogeradores
937,EOLPI044367,PI,identifiable-EOL,uf+num,44.0,-9.098210,-41.760940,Y,Oitis 8,9,5.5,126.0,158.0,205.0,49.5,Sim,False,SIGEL/Aerogeradores
938,EOLPI044368,PI,identifiable-EOL,uf+num,49.5,-9.053646,-41.773324,Y,Oitis 9,9,5.5,126.0,158.0,205.0,49.5,Sim,False,SIGEL/Aerogeradores
939,EOLPI044555,PI,identifiable-EOL,uf+num,49.5,-9.004351,-41.717691,Y,Oitis 1,9,5.5,126.0,158.0,205.0,49.5,Sim,False,SIGEL/Aerogeradores
940,EOLPI048511,PI,identifiable-EOL,uf+num,45.0,-7.985694,-40.580235,Y,Ventos de Santa Alexandrina,20,4.4,120.0,150.0,195.0,89.0,Sim,False,SIGEL/Aerogeradores
941,EOLPI048512,PI,identifiable-EOL,uf+num,40.5,-8.041749,-40.666452,Y,Ventos de Santo Alderico,9,4.4,120.0,150.0,195.0,39.6,Sim,False,SIGEL/Aerogeradores
942,EOLPI048513,PI,identifiable-EOL,uf+num,36.0,-7.970510,-40.599596,Y,Ventos de Santo Apolinário,16,4.4,120.0,150.0,195.0,70.4,Sim,False,SIGEL/Aerogeradores
943,EOLPI048514,PI,identifiable-EOL,uf+num,36.0,-7.995740,-40.769659,Y,Ventos de São Caio,8,4.4,120.0,150.0,195.0,35.2,Sim,False,SIGEL/Aerogeradores
944,EOLPI048515,PI,identifiable-EOL,uf+num,49.5,-8.047201,-40.684192,Y,Ventos de São Ciriaco,11,4.4,120.0,150.0,195.0,48.4,Sim,False,SIGEL/Aerogeradores
945,EOLPI048516,PI,identifiable-EOL,uf+num,36.0,-8.037876,-40.741439,Y,Ventos de São Ciro,16,4.4,120.0,150.0,195.0,71.2,Sim,False,SIGEL/Aerogeradores
946,EOLPI048517,PI,identifiable-EOL,uf+num,31.5,-7.986855,-40.560210,Y,Ventos de São João Paulo II,7,4.4,120.0,150.0,195.0,30.8,Sim,False,SIGEL/Aerogeradores
947,EOLPI048704,PI,identifiable-EOL,uf+num,49.5,-8.035750,-40.676379,Y,Ventos de São Crispim,22,4.4,120.0,150.0,195.0,97.9,Sim,False,SIGEL/Aerogeradores
950,EOLRN028424,RN,identifiable-EOL,uf+num,49.3,-5.309701,-35.386705,Y,RN 15 - Rio do Fogo,62,0.8,75.0,48.0,99.0,49.3,Sim,False,SIGEL/Aerogeradores
951,EOLRN028443,RN,identifiable-EOL,uf+num,100.65,-5.124306,-36.383306,Y,Alegria II,61,1.6,70.0,82.0,111.0,100.65,Sim,False,SIGEL/Aerogeradores
952,EOLRN028444,RN,identifiable-EOL,uf+num,51.0,-5.094353,-36.362875,Y,Alegria I,31,1.6,70.0,82.0,111.0,51.15,Sim,False,SIGEL/Aerogeradores
953,EOLRN030121,RN,identifiable-EOL,uf+num,14.4,-5.091948,-36.337656,Y,Aratuá I,9,1.6,80.0,82.5,121.2,14.4,Sim,False,SIGEL/Aerogeradores
954,EOLRN030281,RN,identifiable-EOL,uf+num,26.0,-5.185604,-36.360265,Y,Mangue Seco 3,13,2.0,108.4,82.0,149.4,26.0,Sim,False,SIGEL/Aerogeradores
955,EOLRN030284,RN,identifiable-EOL,uf+num,26.0,-5.165934,-36.319260,Y,Mangue Seco 2,13,2.0,108.4,82.0,149.4,26.0,Sim,False,SIGEL/Aerogeradores
956,EOLRN030285,RN,identifiable-EOL,uf+num,26.0,-5.173955,-36.302372,Y,Mangue Seco 1,13,2.0,108.4,82.0,149.4,26.0,Sim,False,SIGEL/Aerogeradores
957,EOLRN030290,RN,identifiable-EOL,uf+num,26.0,-5.167320,-36.406751,Y,Mangue Seco 5,13,2.0,108.4,82.0,149.4,26.0,Sim,False,SIGEL/Aerogeradores
958,EOLRN030292,RN,identifiable-EOL,uf+num,30.0,-5.243167,-35.898826,Y,Santa Clara I,15,2.0,98.0,82.0,139.0,30.0,Sim,False,SIGEL/Aerogeradores
959,EOLRN030293,RN,identifiable-EOL,uf+num,30.0,-5.268837,-35.903574,Y,Santa Clara III,15,2.0,98.0,82.0,139.0,30.0,Sim,False,SIGEL/Aerogeradores
960,EOLRN030300,RN,identifiable-EOL,uf+num,28.8,-5.343667,-35.878306,Y,Morro dos Ventos VI,18,1.6,80.0,82.0,121.0,28.8,Sim,False,SIGEL/Aerogeradores
961,EOLRN030301,RN,identifiable-EOL,uf+num,28.8,-5.362833,-35.818973,Y,Morro dos Ventos I,18,1.6,80.0,82.0,121.0,28.8,Sim,False,SIGEL/Aerogeradores
962,EOLRN030302,RN,identifiable-EOL,uf+num,30.0,-5.305488,-35.913245,Y,Morro dos Ventos IX,19,1.6,80.0,82.0,120.0,30.0,Sim,False,SIGEL/Aerogeradores
963,EOLRN030304,RN,identifiable-EOL,uf+num,30.0,-5.240301,-35.926969,Y,Santa Clara VI,15,2.0,98.0,82.0,139.0,30.0,Sim,False,SIGEL/Aerogeradores
964,EOLRN030307,RN,identifiable-EOL,uf+num,30.0,-5.239444,-35.913532,Y,Santa Clara IV,15,2.0,98.0,82.0,139.0,30.0,Sim,False,SIGEL/Aerogeradores
965,EOLRN030308,RN,identifiable-EOL,uf+num,30.0,-5.267487,-35.910234,Y,Santa Clara II,15,2.0,98.0,82.0,139.0,30.0,Sim,False,SIGEL/Aerogeradores
966,EOLRN030310,RN,identifiable-EOL,uf+num,28.8,-5.374361,-35.868250,Y,Morro dos Ventos III,18,1.6,80.0,82.0,121.0,28.8,Sim,False,SIGEL/Aerogeradores
967,EOLRN030311,RN,identifiable-EOL,uf+num,28.8,-5.382028,-35.880889,Y,Morro dos Ventos IV,18,1.6,80.0,82.0,121.0,28.8,Sim,False,SIGEL/Aerogeradores
968,EOLRN030333,RN,identifiable-EOL,uf+num,19.8,-5.418711,-35.953975,Y,Cabeço Preto,11,1.8,80.0,100.0,130.0,19.8,Sim,False,SIGEL/Aerogeradores
969,EOLRN030339,RN,identifiable-EOL,uf+num,68.47,-5.127838,-36.453648,Y,Miassaba 3,41,1.7,80.0,86.0,123.0,68.47,Sim,False,SIGEL/Aerogeradores
970,EOLRN030340,RN,identifiable-EOL,uf+num,27.3,-4.968617,-36.900937,Y,Areia Branca,13,2.1,89.0,95.0,136.5,27.3,Sim,True,SIGEL/Aerogeradores
971,EOLRN030351,RN,identifiable-EOL,uf+num,8.0,-5.232919,-35.931755,Y,Eurus VI,4,2.0,98.0,82.0,139.0,8.0,Sim,False,SIGEL/Aerogeradores
972,EOLRN030370,RN,identifiable-EOL,uf+num,14.4,-5.082579,-36.407402,Y,Miassaba II,9,1.6,80.0,82.5,121.2,14.4,Sim,False,SIGEL/Aerogeradores
973,EOLRN030378,RN,identifiable-EOL,uf+num,30.0,-5.259706,-35.921711,Y,Santa Clara V,15,2.0,98.0,82.0,139.0,30.0,Sim,False,SIGEL/Aerogeradores
974,EOLRN030389,RN,identifiable-EOL,uf+num,23.1,-4.963975,-36.914720,Y,Mar e Terra,11,2.1,93.0,88.0,137.0,23.1,Sim,True,SIGEL/Aerogeradores
975,EOLRN030416,RN,identifiable-EOL,uf+num,58.45,-5.100869,-36.202046,Y,Rei dos Ventos 1,35,1.7,80.0,86.0,123.0,58.45,Sim,False,SIGEL/Aerogeradores
976,EOLRN030417,RN,identifiable-EOL,uf+num,56.78,-5.118992,-36.163199,Y,Rei dos Ventos 3,36,1.7,80.0,86.0,123.0,60.12,Sim,False,SIGEL/Aerogeradores
977,EOLRN030454,RN,identifiable-EOL,uf+num,20.0,-4.946651,-36.964137,Y,Mel 02,10,2.0,78.0,90.0,123.0,20.0,Sim,False,SIGEL/Aerogeradores
978,EOLRN030497,RN,identifiable-EOL,uf+num,30.0,-5.269819,-35.858906,Y,Renascença V,15,2.0,95.0,100.0,145.0,30.0,Sim,False,SIGEL/Aerogeradores
979,EOLRN030498,RN,identifiable-EOL,uf+num,32.0,-5.329065,-35.991589,Y,Asa Branca IV,20,1.6,80.0,82.5,121.2,32.0,Sim,False,SIGEL/Aerogeradores
980,EOLRN030499,RN,identifiable-EOL,uf+num,30.0,-5.391922,-35.833057,Y,Eurus II,15,2.0,80.0,100.0,130.0,30.0,Sim,False,SIGEL/Aerogeradores
981,EOLRN030500,RN,identifiable-EOL,uf+num,30.0,-5.320061,-35.932223,Y,Campo dos Ventos II,15,2.0,98.0,82.0,139.0,30.0,Sim,False,SIGEL/Aerogeradores
982,EOLRN030501,RN,identifiable-EOL,uf+num,19.8,-5.448380,-35.956095,Y,Cabeço Preto IV,11,1.8,80.0,100.0,130.0,19.8,Sim,False,SIGEL/Aerogeradores
983,EOLRN030502,RN,identifiable-EOL,uf+num,20.0,-5.097025,-36.020351,Y,Farol,10,2.0,95.0,100.0,145.0,20.0,Sim,False,SIGEL/Aerogeradores
984,EOLRN030503,RN,identifiable-EOL,uf+num,30.0,-5.365117,-35.861853,Y,Eurus I,19,1.6,80.0,82.0,120.0,30.4,Sim,False,SIGEL/Aerogeradores
985,EOLRN030504,RN,identifiable-EOL,uf+num,30.0,-5.397275,-35.874877,Y,Eurus III,19,1.6,80.0,82.0,121.0,30.0,Sim,False,SIGEL/Aerogeradores
986,EOLRN030505,RN,identifiable-EOL,uf+num,27.0,-5.232349,-35.826610,Y,Asa Branca I,10,2.7,89.0,122.0,150.0,27.0,Sim,False,SIGEL/Aerogeradores
987,EOLRN030507,RN,identifiable-EOL,uf+num,32.0,-5.382762,-36.008791,Y,Asa Branca V,20,1.6,80.0,82.5,121.2,32.0,Sim,False,SIGEL/Aerogeradores
988,EOLRN030508,RN,identifiable-EOL,uf+num,32.0,-5.281200,-35.980425,Y,Asa Branca VIII,20,1.6,80.0,82.5,121.2,32.0,Sim,False,SIGEL/Aerogeradores
989,EOLRN030509,RN,identifiable-EOL,uf+num,27.0,-5.262229,-35.814451,Y,Eurus IV,10,2.7,89.0,122.0,150.0,27.0,Sim,False,SIGEL/Aerogeradores
990,EOLRN030511,RN,identifiable-EOL,uf+num,30.0,-6.033889,-36.544000,Y,Calango 1,15,2.0,78.0,87.0,121.5,30.0,Sim,False,SIGEL/Aerogeradores
991,EOLRN030512,RN,identifiable-EOL,uf+num,14.0,-5.110604,-35.927906,Y,Dreen Boa Vista,7,2.0,95.0,100.0,145.0,14.0,Sim,False,SIGEL/Aerogeradores
992,EOLRN030513,RN,identifiable-EOL,uf+num,32.0,-5.252861,-35.943000,Y,Asa Branca VII,20,1.6,80.0,82.5,121.2,32.0,Sim,False,SIGEL/Aerogeradores
993,EOLRN030514,RN,identifiable-EOL,uf+num,30.0,-5.283908,-35.875473,Y,Ventos de São Miguel,15,2.0,95.0,100.0,145.0,30.0,Sim,False,SIGEL/Aerogeradores
994,EOLRN030515,RN,identifiable-EOL,uf+num,30.0,-5.304474,-35.869160,Y,Renascença I,15,2.0,95.0,100.0,145.0,30.0,Sim,False,SIGEL/Aerogeradores
995,EOLRN030516,RN,identifiable-EOL,uf+num,30.0,-5.307010,-35.888680,Y,Renascença II,15,2.0,95.0,100.0,145.0,30.0,Sim,False,SIGEL/Aerogeradores
996,EOLRN030519,RN,identifiable-EOL,uf+num,30.0,-6.016627,-36.483498,Y,Calango 2,15,2.0,78.0,87.0,121.5,30.0,Sim,False,SIGEL/Aerogeradores
997,EOLRN030520,RN,identifiable-EOL,uf+num,32.0,-5.359637,-35.998721,Y,Asa Branca VI,20,1.6,80.0,82.5,121.2,32.0,Sim,False,SIGEL/Aerogeradores
998,EOLRN030527,RN,identifiable-EOL,uf+num,30.0,-5.295299,-35.895721,Y,Renascença III,15,2.0,95.0,100.0,145.0,30.0,Sim,False,SIGEL/Aerogeradores
999,EOLRN030536,RN,identifiable-EOL,uf+num,30.0,-5.052952,-35.978443,Y,Dreen São Bento do Norte,15,2.0,120.0,110.0,175.0,30.0,,False,SIGEL/Aerogeradores
1000,EOLRN030537,RN,identifiable-EOL,uf+num,30.0,-6.023611,-36.472000,Y,Calango 4,15,2.0,78.0,87.0,121.5,30.0,Sim,False,SIGEL/Aerogeradores
1001,EOLRN030545,RN,identifiable-EOL,uf+num,30.0,-6.048889,-36.546000,Y,Calango 3,15,2.0,78.0,90.0,123.0,30.0,Sim,False,SIGEL/Aerogeradores
1002,EOLRN030547,RN,identifiable-EOL,uf+num,27.0,-5.228613,-35.880812,Y,Asa Branca II,10,2.7,89.0,122.0,150.0,27.0,Sim,False,SIGEL/Aerogeradores
1003,EOLRN030548,RN,identifiable-EOL,uf+num,24.3,-5.255074,-35.843647,Y,Asa Branca III,10,2.7,89.0,122.0,150.0,27.0,Sim,False,SIGEL/Aerogeradores
1004,EOLRN030549,RN,identifiable-EOL,uf+num,30.0,-5.054495,-35.968678,Y,Dreen Olho D Água,15,2.0,120.0,110.0,175.0,30.0,Sim,False,SIGEL/Aerogeradores
1005,EOLRN030551,RN,identifiable-EOL,uf+num,30.0,-5.298123,-35.916401,Y,Renascença IV,15,2.0,95.0,100.0,145.0,30.0,Sim,False,SIGEL/Aerogeradores
1006,EOLRN030552,RN,identifiable-EOL,uf+num,28.0,-6.030278,-36.488000,Y,Calango 5,15,2.0,78.0,87.0,121.5,30.0,Sim,False,SIGEL/Aerogeradores
1007,EOLRN030562,RN,identifiable-EOL,uf+num,22.4,-5.077381,-35.839811,Y,União dos Ventos 1,14,1.6,80.0,100.0,130.0,22.4,Sim,False,SIGEL/Aerogeradores
1008,EOLRN030563,RN,identifiable-EOL,uf+num,22.4,-5.080602,-35.825786,Y,União dos Ventos 2,14,1.6,80.0,100.0,130.0,22.4,Sim,False,SIGEL/Aerogeradores
1009,EOLRN030564,RN,identifiable-EOL,uf+num,22.4,-5.082510,-35.810000,Y,União dos Ventos 3,14,1.6,80.0,100.0,130.0,22.4,Sim,False,SIGEL/Aerogeradores
1010,EOLRN030565,RN,identifiable-EOL,uf+num,11.2,-5.090341,-35.798000,Y,União dos Ventos 4,7,1.6,80.0,100.0,130.0,11.2,Sim,False,SIGEL/Aerogeradores
1011,EOLRN030566,RN,identifiable-EOL,uf+num,24.0,-5.090412,-35.782000,Y,União dos Ventos 5,15,1.6,80.0,100.0,130.0,24.0,Sim,False,SIGEL/Aerogeradores
1012,EOLRN030567,RN,identifiable-EOL,uf+num,12.8,-5.094640,-35.767000,Y,União dos Ventos 6,8,1.6,80.0,100.0,130.0,12.8,Sim,False,SIGEL/Aerogeradores
1013,EOLRN030568,RN,identifiable-EOL,uf+num,14.4,-5.097147,-35.752000,Y,União dos Ventos 7,9,1.6,80.0,100.0,130.0,14.4,Sim,False,SIGEL/Aerogeradores
1014,EOLRN030569,RN,identifiable-EOL,uf+num,14.4,-5.072676,-35.888000,Y,União dos Ventos 8,9,1.6,80.0,100.0,130.0,14.4,Sim,False,SIGEL/Aerogeradores
1015,EOLRN030570,RN,identifiable-EOL,uf+num,11.2,-5.087245,-35.887000,Y,União dos Ventos 9,7,1.6,80.0,100.0,130.0,11.2,Sim,False,SIGEL/Aerogeradores
1016,EOLRN030571,RN,identifiable-EOL,uf+num,14.4,-5.107187,-35.889000,Y,União dos Ventos 10,9,1.6,80.0,100.0,130.0,14.4,Sim,False,SIGEL/Aerogeradores
1017,EOLRN030609,RN,identifiable-EOL,uf+num,30.0,-6.101389,-36.578684,Y,Serra de Santana II,15,2.0,90.0,97.0,138.5,30.0,Sim,False,SIGEL/Aerogeradores
1018,EOLRN030615,RN,identifiable-EOL,uf+num,30.0,-6.024937,-36.512037,Y,Serra de Santana III,15,2.0,78.0,97.0,126.5,30.0,Sim,False,SIGEL/Aerogeradores
1019,EOLRN030622,RN,identifiable-EOL,uf+num,26.0,-5.304167,-35.382000,Y,Arizona 1,14,2.0,78.0,90.0,123.0,28.0,Sim,False,SIGEL/Aerogeradores
1020,EOLRN030625,RN,identifiable-EOL,uf+num,20.0,-6.056612,-36.580619,Y,Serra de Santana I,10,2.0,78.0,97.0,126.5,20.0,Sim,False,SIGEL/Aerogeradores
1021,EOLRN030660,RN,identifiable-EOL,uf+num,16.1,-5.389810,-35.846271,Y,Juremas,7,2.3,98.0,82.0,139.0,16.1,Sim,False,SIGEL/Aerogeradores
1022,EOLRN030661,RN,identifiable-EOL,uf+num,20.7,-5.411991,-35.848331,Y,Macacos,9,2.3,98.0,82.0,139.0,20.7,Sim,False,SIGEL/Aerogeradores
1023,EOLRN030671,RN,identifiable-EOL,uf+num,20.7,-5.426822,-35.853386,Y,Pedra Preta,9,2.3,80.0,101.0,130.5,20.7,Sim,False,SIGEL/Aerogeradores
1024,EOLRN030672,RN,identifiable-EOL,uf+num,20.7,-5.421531,-35.852568,Y,Costa Branca,9,2.3,80.0,101.0,130.5,20.7,Sim,False,SIGEL/Aerogeradores
1025,EOLRN030699,RN,identifiable-EOL,uf+num,21.0,-5.088018,-35.902240,Y,Dreen Guajiru,10,2.1,120.0,110.0,175.0,21.0,Sim,False,SIGEL/Aerogeradores
1026,EOLRN030700,RN,identifiable-EOL,uf+num,27.3,-5.054847,-36.011894,Y,GE Jangada,13,2.1,120.0,110.0,175.0,27.3,Sim,False,SIGEL/Aerogeradores
1027,EOLRN030701,RN,identifiable-EOL,uf+num,23.1,-5.105404,-35.901724,Y,Dreen Cutia,11,2.1,120.0,110.0,175.0,23.1,Sim,False,SIGEL/Aerogeradores
1028,EOLRN030702,RN,identifiable-EOL,uf+num,27.3,-5.066152,-36.012362,Y,GE Maria Helena,13,2.1,120.0,110.0,175.0,27.3,Sim,False,SIGEL/Aerogeradores
1029,EOLRN030787,RN,identifiable-EOL,uf+num,30.55,-5.430773,-35.893051,Y,Modelo I,13,2.4,99.5,108.0,153.5,30.55,Sim,False,SIGEL/Aerogeradores
1030,EOLRN030788,RN,identifiable-EOL,uf+num,25.85,-5.414366,-35.900111,Y,Modelo II,11,2.4,99.5,108.0,153.5,25.85,Sim,False,SIGEL/Aerogeradores
1031,EOLRN030804,RN,identifiable-EOL,uf+num,27.0,-5.128717,-35.653833,Y,São João,9,3.0,120.0,125.0,182.5,27.0,Sim,False,SIGEL/Aerogeradores
1032,EOLRN030828,RN,identifiable-EOL,uf+num,16.2,-5.487279,-35.900089,Y,Ventos de Santo Uriel,6,2.7,89.0,122.0,150.0,16.2,Sim,False,SIGEL/Aerogeradores
1033,EOLRN030831,RN,identifiable-EOL,uf+num,27.0,-5.152039,-35.662988,Y,Carnaúbas,9,3.0,120.0,125.0,182.5,27.0,Sim,False,SIGEL/Aerogeradores
1034,EOLRN030832,RN,identifiable-EOL,uf+num,30.0,-4.943751,-36.991753,Y,Carcará I,10,3.0,120.0,116.0,178.0,30.0,Sim,False,SIGEL/Aerogeradores
1035,EOLRN030834,RN,identifiable-EOL,uf+num,29.7,-5.472056,-35.916155,Y,Santa Helena,11,2.7,89.0,122.0,150.0,29.7,Sim,False,SIGEL/Aerogeradores
1036,EOLRN030843,RN,identifiable-EOL,uf+num,27.0,-5.128264,-35.688648,Y,Reduto,9,3.0,120.0,125.0,182.5,27.0,Sim,False,SIGEL/Aerogeradores
1037,EOLRN030849,RN,identifiable-EOL,uf+num,27.465,-5.135659,-35.620747,Y,Santo Cristo,9,3.0,120.0,125.0,182.0,27.46,Sim,False,SIGEL/Aerogeradores
1038,EOLRN030856,RN,identifiable-EOL,uf+num,20.0,-6.004273,-36.435274,Y,Pelado,10,2.0,78.0,97.0,127.5,20.0,Sim,False,SIGEL/Aerogeradores
1039,EOLRN030860,RN,identifiable-EOL,uf+num,28.0,-6.135311,-36.721995,Y,Lanchinha,14,2.0,90.0,97.0,139.5,28.0,Sim,False,SIGEL/Aerogeradores
1040,EOLRN030864,RN,identifiable-EOL,uf+num,29.7,-5.442161,-35.923309,Y,SM,11,2.7,89.0,122.0,150.0,29.7,Sim,False,SIGEL/Aerogeradores
1041,EOLRN030870,RN,identifiable-EOL,uf+num,29.7,-5.523005,-35.428529,Y,Riachão I,11,2.7,89.0,122.0,150.0,29.7,Sim,False,SIGEL/Aerogeradores
1042,EOLRN030871,RN,identifiable-EOL,uf+num,27.0,-5.569432,-35.447289,Y,Riachão II,10,2.7,89.0,122.0,150.0,27.0,Sim,False,SIGEL/Aerogeradores
1043,EOLRN030872,RN,identifiable-EOL,uf+num,29.7,-5.537553,-35.446718,Y,Riachão VI,11,2.7,89.0,122.0,150.0,29.7,Sim,False,SIGEL/Aerogeradores
1044,EOLRN030873,RN,identifiable-EOL,uf+num,29.7,-5.577778,-35.464000,Y,Riachão VII,11,2.7,89.0,122.0,150.0,29.7,Sim,False,SIGEL/Aerogeradores
1045,EOLRN030874,RN,identifiable-EOL,uf+num,29.7,-5.521111,-35.469000,Y,Riachão IV,11,2.7,89.0,122.0,150.0,29.7,Sim,False,SIGEL/Aerogeradores
1046,EOLRN030876,RN,identifiable-EOL,uf+num,26.0,-5.479929,-36.004402,Y,Cabeço Preto V,13,2.0,80.0,110.0,135.0,26.0,Sim,False,SIGEL/Aerogeradores
1047,EOLRN030889,RN,identifiable-EOL,uf+num,29.16,-5.360131,-35.835540,Y,Morro dos Ventos II,18,1.6,80.0,100.0,130.0,29.16,Sim,False,SIGEL/Aerogeradores
1048,EOLRN030895,RN,identifiable-EOL,num,27.0,-4.997721,-36.914709,Y,Caiçara I,9,3.0,120.0,125.0,182.5,27.0,Sim,False,SIGEL/Aerogeradores
1049,EOLRN030897,RN,identifiable-EOL,uf+num,30.0,-4.945668,-37.003584,Y,Carcará II,10,3.0,120.0,116.0,178.0,30.0,Sim,False,SIGEL/Aerogeradores
1050,EOLRN030898,RN,identifiable-EOL,uf+num,30.0,-4.961814,-37.035454,Y,Terral,10,3.0,120.0,116.0,178.0,30.0,Sim,False,SIGEL/Aerogeradores
1051,EOLRN030900,RN,identifiable-EOL,uf+num,18.0,-5.464357,-35.935276,Y,Cabeço Preto VI,9,2.0,95.0,110.0,150.0,18.0,Sim,False,SIGEL/Aerogeradores
1052,EOLRN030902,RN,identifiable-EOL,num,24.0,-5.025102,-36.914616,Y,Junco I,8,3.0,120.0,125.0,182.5,24.0,Sim,False,SIGEL/Aerogeradores
1053,EOLRN030914,RN,identifiable-EOL,num,24.0,-5.012350,-36.914574,Y,Junco II,8,3.0,120.0,125.0,182.5,24.0,Sim,False,SIGEL/Aerogeradores
1054,EOLRN030915,RN,identifiable-EOL,num,18.0,-4.987667,-36.928750,Y,Caiçara II,6,3.0,120.0,116.0,178.0,18.0,Sim,False,SIGEL/Aerogeradores
1055,EOLRN030931,RN,identifiable-EOL,uf+num,30.0,-5.321963,-36.060635,Y,Baixa do Feijão IV,15,2.0,100.0,97.0,148.5,30.0,Sim,False,SIGEL/Aerogeradores
1056,EOLRN030932,RN,identifiable-EOL,uf+num,30.0,-5.369770,-36.031680,Y,Baixa do Feijão I,15,2.0,100.0,97.0,148.5,30.0,Sim,False,SIGEL/Aerogeradores
1057,EOLRN030933,RN,identifiable-EOL,uf+num,30.0,-5.302249,-36.038107,Y,Baixa do Feijão II,15,2.0,100.0,97.0,148.5,30.0,Sim,False,SIGEL/Aerogeradores
1058,EOLRN030934,RN,identifiable-EOL,uf+num,30.0,-5.344929,-36.040038,Y,Baixa do Feijão III,15,2.0,100.0,97.0,148.5,30.0,Sim,False,SIGEL/Aerogeradores
1059,EOLRN031015,RN,identifiable-EOL,uf+num,26.0,-5.418302,-35.986131,Y,Cabeço Preto III,13,2.0,95.0,110.0,150.0,26.0,Sim,False,SIGEL/Aerogeradores
1060,EOLRN031025,RN,identifiable-EOL,uf+num,18.0,-6.046299,-36.555133,Y,Macambira I,9,2.0,80.0,110.0,135.0,18.0,Sim,False,SIGEL/Aerogeradores
1061,EOLRN031026,RN,identifiable-EOL,uf+num,18.0,-6.075388,-36.530172,Y,Macambira II,9,2.0,80.0,110.0,135.0,18.0,Sim,False,SIGEL/Aerogeradores
1062,EOLRN031069,RN,identifiable-EOL,uf+num,25.2,-5.325160,-35.942620,Y,Campo dos Ventos V,12,2.1,93.0,114.0,150.0,25.2,Sim,False,SIGEL/Aerogeradores
1063,EOLRN031071,RN,identifiable-EOL,uf+num,25.2,-5.335631,-35.966899,Y,Campo dos Ventos III,12,2.1,93.0,114.0,150.0,25.2,Sim,False,SIGEL/Aerogeradores
1064,EOLRN031072,RN,identifiable-EOL,uf+num,25.2,-5.354349,-35.933547,Y,Campo dos Ventos I,12,2.1,93.0,114.0,150.0,25.2,Sim,False,SIGEL/Aerogeradores
1065,EOLRN031372,RN,identifiable-EOL,uf+num,29.4,-5.233701,-35.789925,Y,Ventos de Santo Dimas,14,2.1,93.0,114.0,150.0,29.4,Sim,False,SIGEL/Aerogeradores
1066,EOLRN031373,RN,identifiable-EOL,uf+num,29.4,-5.226207,-35.785231,Y,Ventos de São Benedito,14,2.1,93.0,114.0,150.0,29.4,Sim,False,SIGEL/Aerogeradores
1067,EOLRN031412,RN,identifiable-EOL,uf+num,14.7,-5.277932,-35.780902,Y,Ventos de São Martinho,7,2.1,93.0,114.0,150.0,14.7,Sim,False,SIGEL/Aerogeradores
1068,EOLRN031425,RN,identifiable-EOL,uf+num,27.3,-5.293660,-35.789317,Y,Santa Úrsula,13,2.1,93.0,114.0,150.0,27.3,Sim,False,SIGEL/Aerogeradores
1069,EOLRN031427,RN,identifiable-EOL,uf+num,29.4,-5.279830,-35.800559,Y,Santa Mônica,14,2.1,93.0,114.0,150.0,29.4,Sim,False,SIGEL/Aerogeradores
1070,EOLRN031642,RN,identifiable-EOL,uf+num,31.5,-5.294195,-35.746599,Y,União dos Ventos 15,12,2.6,120.0,114.0,177.0,31.5,Sim,False,SIGEL/Aerogeradores
1071,EOLRN031643,RN,identifiable-EOL,uf+num,21.0,-5.107478,-35.870285,Y,União dos Ventos 14,20,2.1,120.0,114.0,177.0,42.0,Sim,False,SIGEL/Aerogeradores
1072,EOLRN031645,RN,identifiable-EOL,uf+num,25.2,-5.103346,-35.852149,Y,União dos Ventos 12,12,2.1,120.0,114.0,177.0,25.2,Sim,False,SIGEL/Aerogeradores
1073,EOLRN031651,RN,identifiable-EOL,uf+num,28.6,-5.492820,-36.003630,Y,Cabeço Vermelho,13,2.0,95.0,110.0,150.0,26.0,Sim,False,SIGEL/Aerogeradores
1074,EOLRN031652,RN,identifiable-EOL,uf+num,28.875,-5.263725,-35.763805,Y,União dos Ventos 16,11,2.6,120.0,114.0,177.0,28.88,Sim,False,SIGEL/Aerogeradores
1075,EOLRN031665,RN,identifiable-EOL,uf+num,16.8,-5.494878,-35.987854,Y,Cabeço Vermelho II,8,2.1,95.0,110.0,150.0,16.8,Sim,False,SIGEL/Aerogeradores
1076,EOLRN031697,RN,identifiable-EOL,uf+num,18.9,-5.083670,-35.862348,Y,União dos Ventos 13,9,2.1,120.0,114.0,177.0,18.9,Sim,False,SIGEL/Aerogeradores
1077,EOLRN031750,RN,identifiable-EOL,uf+num,24.0,-4.988149,-36.964564,Y,Vila Amazonas V,8,3.0,120.0,125.0,182.5,24.0,Sim,False,SIGEL/Aerogeradores
1078,EOLRN031757,RN,identifiable-EOL,uf+num,24.0,-5.035704,-36.964417,Y,Vila Pará II,8,3.0,120.0,125.0,182.5,24.0,Sim,False,SIGEL/Aerogeradores
1079,EOLRN031759,RN,identifiable-EOL,uf+num,27.0,-5.014775,-36.964482,Y,Vila Pará I,9,3.0,120.0,125.0,182.5,27.0,Sim,False,SIGEL/Aerogeradores
1080,EOLRN031765,RN,identifiable-EOL,uf+num,24.0,-5.065611,-36.964324,Y,Vila Pará III,8,3.0,120.0,125.0,182.5,24.0,Sim,False,SIGEL/Aerogeradores
1081,EOLRN031801,RN,identifiable-EOL,uf+num,32.9,-5.338677,-36.112924,Y,Aroeira,14,2.4,98.4,92.0,144.4,32.9,Sim,False,SIGEL/Aerogeradores
1082,EOLRN031802,RN,identifiable-EOL,uf+num,32.9,-5.371214,-36.090348,Y,Jericó,14,2.4,98.4,92.0,144.4,32.9,Sim,False,SIGEL/Aerogeradores
1083,EOLRN031810,RN,identifiable-EOL,uf+num,30.0,-6.053532,-36.455572,Y,Santana I,15,2.0,80.0,114.0,137.0,30.0,Sim,False,SIGEL/Aerogeradores
1084,EOLRN031811,RN,identifiable-EOL,uf+num,24.0,-6.042754,-36.464000,Y,Santana II,12,2.0,80.0,114.0,137.0,24.0,Sim,False,SIGEL/Aerogeradores
1085,EOLRN031812,RN,identifiable-EOL,uf+num,30.0,-6.000546,-36.449834,Y,Calango 6,15,2.0,80.0,114.0,137.0,30.0,Sim,False,SIGEL/Aerogeradores
1086,EOLRN031826,RN,identifiable-EOL,uf+num,32.9,-5.411510,-36.083223,Y,Umbuzeiros,14,2.4,98.4,92.0,144.4,32.9,Sim,False,SIGEL/Aerogeradores
1087,EOLRN031887,RN,identifiable-EOL,uf+num,28.2,-5.381410,-35.804864,Y,Aventura I,12,2.4,98.0,92.0,144.0,28.2,Sim,False,SIGEL/Aerogeradores
1088,EOLRN032080,RN,identifiable-EOL,uf+num,25.2,-5.366268,-36.110468,Y,AW São João,6,4.2,125.0,147.0,198.0,25.2,Sim,False,SIGEL/Aerogeradores
1089,EOLRN032194,RN,identifiable-EOL,uf+num,37.8,-5.386859,-36.110488,Y,AW Santa Régia,9,4.2,125.0,147.0,198.0,37.8,Sim,False,SIGEL/Aerogeradores
1090,EOLRN032207,RN,identifiable-EOL,uf+num,42.0,-5.152555,-35.764593,Y,Cumaru I,10,4.2,125.0,150.0,200.0,42.0,Sim,False,SIGEL/Aerogeradores
1091,EOLRN032208,RN,identifiable-EOL,uf+num,42.0,-5.181274,-35.780589,Y,Cumaru II,10,4.2,125.0,150.0,200.0,42.0,Sim,False,SIGEL/Aerogeradores
1092,EOLRN032209,RN,identifiable-EOL,uf+num,42.0,-5.131890,-35.809781,Y,Cumaru III,10,4.2,125.0,150.0,200.0,42.0,Sim,False,SIGEL/Aerogeradores
1093,EOLRN032215,RN,identifiable-EOL,uf+num,25.2,-5.203619,-35.790953,Y,São Domingos,12,2.1,93.0,114.0,150.0,25.2,Sim,False,SIGEL/Aerogeradores
1094,EOLRN032352,RN,identifiable-EOL,uf+num,20.0,-5.914208,-36.309225,Y,Pedra Rajada,10,2.0,80.0,110.0,135.0,20.0,Sim,False,SIGEL/Aerogeradores
1095,EOLRN032353,RN,identifiable-EOL,uf+num,20.0,-5.886907,-36.288677,Y,Pedra Rajada II,10,2.0,80.0,110.0,135.0,20.0,Sim,False,SIGEL/Aerogeradores
1096,EOLRN032354,RN,identifiable-EOL,uf+num,27.3,-5.082772,-35.955184,Y,Esperança do Nordeste,13,2.1,120.0,110.0,175.0,27.3,Sim,False,SIGEL/Aerogeradores
1097,EOLRN032355,RN,identifiable-EOL,uf+num,27.3,-5.082074,-35.941931,Y,Paraíso dos Ventos do Nordeste,13,2.1,120.0,110.0,175.0,27.3,Sim,False,SIGEL/Aerogeradores
1098,EOLRN032356,RN,identifiable-EOL,uf+num,27.3,-5.064314,-35.901413,Y,Potiguar,13,2.1,120.0,110.0,175.0,27.3,Sim,False,SIGEL/Aerogeradores
1099,EOLRN032495,RN,identifiable-EOL,uf+num,60.35,-5.256867,-36.057487,Y,Terra Santa I,17,3.5,120.0,132.0,183.0,60.35,Sim,False,SIGEL/Aerogeradores
1100,EOLRN032501,RN,identifiable-EOL,uf+num,31.95,-5.229839,-36.102928,Y,Terra Santa II,9,3.5,120.0,132.0,183.0,31.95,Sim,False,SIGEL/Aerogeradores
1101,EOLRN032518,RN,identifiable-EOL,uf+num,67.2,-5.495552,-36.190838,Y,Monte Verde I,16,4.2,125.0,150.0,200.0,67.2,Sim,False,SIGEL/Aerogeradores
1102,EOLRN032519,RN,identifiable-EOL,uf+num,67.2,-5.459389,-36.197945,Y,Monte Verde II,16,4.2,125.0,150.0,200.0,67.2,Sim,False,SIGEL/Aerogeradores
1103,EOLRN032593,RN,identifiable-EOL,uf+num,67.5,-5.910739,-36.152157,Y,Ventos de Santa Leia 01,30,4.5,90.0,150.0,165.0,135.0,Sim,False,SIGEL/Aerogeradores
1104,EOLRN032870,RN,identifiable-EOL,uf+num,10.395,-5.419886,-36.016572,Y,Jandaíra I,3,3.5,120.0,132.0,186.0,10.39,Sim,False,SIGEL/Aerogeradores
1105,EOLRN033002,RN,identifiable-EOL,uf+num,21.0,-5.325670,-35.734084,Y,Aventura II,5,4.2,110.0,150.0,185.0,21.0,Sim,True,SIGEL/Aerogeradores
1106,EOLRN033026,RN,identifiable-EOL,uf+num,25.2,-5.326568,-35.754347,Y,Aventura III,6,4.2,110.0,150.0,185.0,25.2,Sim,False,SIGEL/Aerogeradores
1107,EOLRN033429,RN,identifiable-EOL,uf+num,39.05,-5.020685,-36.998939,Y,Filgueira I,11,3.5,120.0,132.0,186.0,39.05,Sim,False,SIGEL/Aerogeradores
1108,EOLRN033430,RN,identifiable-EOL,uf+num,28.4,-5.012681,-37.039570,Y,Filgueira II,8,3.5,120.0,132.0,186.0,28.4,Sim,False,SIGEL/Aerogeradores
1109,EOLRN033640,RN,identifiable-EOL,uf+num,23.1,-5.127397,-35.932606,Y,São Bento do Norte I,11,2.1,120.0,110.0,175.0,23.1,Sim,False,SIGEL/Aerogeradores
1110,EOLRN033642,RN,identifiable-EOL,uf+num,23.1,-5.150656,-35.932359,Y,São Bento do Norte II,11,2.1,120.0,110.0,175.0,23.1,Sim,False,SIGEL/Aerogeradores
1111,EOLRN033643,RN,identifiable-EOL,uf+num,23.1,-5.074290,-36.030688,Y,São Bento do Norte III,11,2.1,120.0,110.0,175.0,23.1,Sim,False,SIGEL/Aerogeradores
1112,EOLRN033644,RN,identifiable-EOL,uf+num,21.0,-5.160202,-35.979694,Y,São Miguel I,10,2.1,120.0,110.0,175.0,21.0,Sim,False,SIGEL/Aerogeradores
1113,EOLRN033645,RN,identifiable-EOL,uf+num,21.0,-5.159326,-35.993491,Y,São Miguel II,10,2.1,120.0,110.0,175.0,21.0,Sim,False,SIGEL/Aerogeradores
1114,EOLRN033647,RN,identifiable-EOL,uf+num,21.0,-5.156064,-35.999368,Y,São Miguel III,10,2.1,120.0,110.0,175.0,21.0,Sim,False,SIGEL/Aerogeradores
1115,EOLRN033666,RN,identifiable-EOL,uf+num,30.8,-5.538735,-35.995791,Y,Boa Esperança I,14,2.2,95.0,110.0,150.0,30.8,Sim,False,SIGEL/Aerogeradores
1116,EOLRN033681,RN,identifiable-EOL,uf+num,67.5,-5.869454,-36.137570,Y,Ventos de Santa Leia 02,30,4.5,90.0,150.0,165.0,135.0,Sim,False,SIGEL/Aerogeradores
1117,EOLRN033690,RN,identifiable-EOL,uf+num,67.1,-5.808404,-36.102336,Y,Ventos de Santa Leia 04,15,4.5,90.0,150.0,165.0,67.1,Sim,False,SIGEL/Aerogeradores
1118,EOLRN033691,RN,identifiable-EOL,uf+num,67.5,-5.785131,-36.072595,Y,Ventos de Santa Leia 05,15,4.5,90.0,150.0,165.0,67.5,Sim,False,SIGEL/Aerogeradores
1119,EOLRN033752,RN,identifiable-EOL,uf+num,27.3,-5.074178,-37.015357,Y,Vila Acre I,13,2.1,93.0,114.0,150.0,27.3,Sim,False,SIGEL/Aerogeradores
1120,EOLRN033753,RN,identifiable-EOL,uf+num,31.185,-5.075402,-37.042989,Y,Ventos de Vila Acre II,9,3.5,132.0,132.0,186.0,31.18,Sim,False,SIGEL/Aerogeradores
1121,EOLRN033831,RN,identifiable-EOL,uf+num,18.6,-5.518546,-36.229853,Y,Santo Agostinho 1,3,6.2,115.0,170.0,200.0,18.6,Não,False,SIGEL/Aerogeradores
1122,EOLRN033833,RN,identifiable-EOL,uf+num,31.0,-5.539735,-36.229772,Y,Santo Agostinho 2,5,6.2,115.0,170.0,200.0,31.0,Não,False,SIGEL/Aerogeradores
1123,EOLRN033853,RN,identifiable-EOL,uf+num,6.2,-5.647426,-36.246881,Y,Santo Agostinho 13,6,6.2,115.0,170.0,200.0,37.2,Sim,False,SIGEL/Aerogeradores
1124,EOLRN033854,RN,identifiable-EOL,uf+num,6.2,-5.644228,-36.247131,Y,Santo Agostinho 14,1,6.2,115.0,170.0,200.0,6.2,Sim,False,SIGEL/Aerogeradores
1125,EOLRN033857,RN,identifiable-EOL,uf+num,37.2,-5.588362,-36.261553,Y,Santo Agostinho 17,7,6.2,115.0,170.0,200.0,43.4,Sim,False,SIGEL/Aerogeradores
1126,EOLRN033864,RN,identifiable-EOL,uf+num,16.8,-6.097552,-36.629388,Y,Acauã III,4,4.2,125.0,147.0,198.0,16.8,Sim,False,SIGEL/Aerogeradores
1127,EOLRN033875,RN,identifiable-EOL,uf+num,31.0,-5.507548,-36.216739,Y,Santo Agostinho 21,5,6.2,115.0,170.0,200.0,31.0,Não,False,SIGEL/Aerogeradores
1128,EOLRN033881,RN,identifiable-EOL,uf+num,58.8,-5.439847,-36.222003,Y,Monte Verde III,14,4.2,125.0,150.0,200.0,58.8,Sim,False,SIGEL/Aerogeradores
1129,EOLRN033964,RN,identifiable-EOL,uf+num,46.2,-6.091632,-36.647979,Y,Baixa do Sítio,11,4.2,125.0,147.0,198.5,46.2,Sim,False,SIGEL/Aerogeradores
1130,EOLRN034498,RN,identifiable-EOL,uf+num,33.6,-6.154990,-36.620690,Y,Anemus Wind 1 ,9,4.2,125.0,147.0,198.0,37.8,Sim,False,SIGEL/Aerogeradores
1131,EOLRN034499,RN,identifiable-EOL,uf+num,46.2,-6.148638,-36.629334,Y,Anemus Wind 2 ,11,4.2,125.0,147.0,198.0,46.2,Não,False,SIGEL/Aerogeradores
1132,EOLRN034937,RN,identifiable-EOL,uf+num,67.5,-5.845893,-36.115261,Y,Ventos de Santa Leia 03,30,4.5,90.0,150.0,165.0,135.0,Sim,False,SIGEL/Aerogeradores
1133,EOLRN035008,RN,identifiable-EOL,uf+num,24.255,-5.426336,-36.020210,Y,Jandaíra II,7,3.5,120.0,132.0,186.0,24.25,Sim,False,SIGEL/Aerogeradores
1134,EOLRN035158,RN,identifiable-EOL,uf+num,29.4,-5.324612,-36.506188,Y,Afonso Bezerra I,7,4.2,125.0,150.0,200.0,29.4,Sim,False,SIGEL/Aerogeradores
1135,EOLRN035159,RN,identifiable-EOL,uf+num,29.4,-5.361155,-36.472255,Y,Afonso Bezerra II,7,4.2,125.0,150.0,200.0,29.4,Sim,False,SIGEL/Aerogeradores
1136,EOLRN035160,RN,identifiable-EOL,uf+num,29.4,-5.409117,-36.492484,Y,Afonso Bezerra III,7,4.2,125.0,150.0,200.0,29.4,Sim,False,SIGEL/Aerogeradores
1137,EOLRN035161,RN,identifiable-EOL,uf+num,16.8,-5.350388,-36.469319,Y,Afonso Bezerra IV,4,4.2,125.0,150.0,200.0,16.8,Sim,False,SIGEL/Aerogeradores
1138,EOLRN035165,RN,identifiable-EOL,uf+num,25.2,-5.315098,-36.489182,Y,Angicos I,6,4.2,125.0,150.0,200.0,25.2,Sim,False,SIGEL/Aerogeradores
1139,EOLRN035166,RN,identifiable-EOL,uf+num,29.4,-5.356245,-36.497401,Y,Angicos II,7,4.2,125.0,150.0,200.0,29.4,Sim,False,SIGEL/Aerogeradores
1140,EOLRN035210,RN,identifiable-EOL,uf+num,33.6,-5.913732,-36.156221,Y,Santa Rosa e Mundo Novo I,8,4.2,90.0,150.0,165.0,33.6,Sim,False,SIGEL/Aerogeradores
1141,EOLRN035211,RN,identifiable-EOL,uf+num,29.4,-5.859159,-36.186752,Y,Santa Rosa e Mundo Novo II,7,4.2,90.0,150.0,165.0,29.4,Sim,False,SIGEL/Aerogeradores
1142,EOLRN035212,RN,identifiable-EOL,uf+num,33.6,-5.820179,-36.237761,Y,Santa Rosa e Mundo Novo III,8,4.2,90.0,150.0,165.0,33.6,Sim,False,SIGEL/Aerogeradores
1143,EOLRN035214,RN,identifiable-EOL,uf+num,24.8,-5.575647,-36.150936,Y,Santo Agostinho 25,4,6.2,115.0,170.0,200.0,24.8,Não,False,SIGEL/Aerogeradores
1144,EOLRN035215,RN,identifiable-EOL,uf+num,12.4,-5.592879,-36.153162,Y,Santo Agostinho 26,7,6.2,115.0,170.0,200.0,43.4,Sim,False,SIGEL/Aerogeradores
1145,EOLRN035216,RN,identifiable-EOL,uf+num,37.2,-5.561471,-36.177446,Y,Santo Agostinho 27,6,6.2,115.0,170.0,200.0,37.2,Sim,False,SIGEL/Aerogeradores
1146,EOLRN035270,RN,identifiable-EOL,uf+num,27.72,-5.434540,-36.012723,Y,Jandaíra III,8,3.5,120.0,132.0,186.0,27.72,Sim,False,SIGEL/Aerogeradores
1147,EOLRN035271,RN,identifiable-EOL,uf+num,27.72,-5.450858,-36.012336,Y,Jandaíra IV,8,3.5,120.0,132.0,186.0,27.72,1,False,SIGEL/Aerogeradores
1148,EOLRN036973,RN,identifiable-EOL,uf+num,37.8,-5.098039,-37.078051,Y,Vila Piauí II,9,4.2,120.0,150.0,195.0,37.8,Sim,False,SIGEL/Aerogeradores
1149,EOLRN036974,RN,identifiable-EOL,uf+num,31.185,-5.127145,-37.036781,Y,Ventos de Vila Ceará I,9,3.5,120.0,132.0,186.0,31.18,Sim,False,SIGEL/Aerogeradores
1150,EOLRN036975,RN,identifiable-EOL,uf+num,37.8,-5.097306,-37.105339,Y,Vila Piauí I,9,4.2,120.0,150.0,195.0,37.8,Sim,False,SIGEL/Aerogeradores
1151,EOLRN036976,RN,identifiable-EOL,uf+num,31.185,-5.105663,-37.036847,Y,Ventos de Vila Ceará II,9,3.5,120.0,132.0,186.0,31.18,Sim,False,SIGEL/Aerogeradores
1152,EOLRN036977,RN,identifiable-EOL,uf+num,21.0,-5.171754,-37.092819,Y,Vila Alagoas II,5,4.2,123.0,150.0,198.0,21.0,Sim,False,SIGEL/Aerogeradores
1153,EOLRN036979,RN,identifiable-EOL,uf+num,42.0,-5.102856,-37.062374,Y,Vila Piauí III,9,4.2,120.0,150.0,195.0,37.8,Sim,False,SIGEL/Aerogeradores
1154,EOLRN036980,RN,identifiable-EOL,uf+num,31.95,-5.100949,-37.015139,Y,Vila Ceará I,9,3.5,120.0,132.0,186.0,31.95,Sim,False,SIGEL/Aerogeradores
1155,EOLRN036981,RN,identifiable-EOL,uf+num,34.65,-5.129408,-36.976990,Y,Ventos de Vila Paraíba I,10,3.5,120.0,132.0,186.0,34.65,Sim,False,SIGEL/Aerogeradores
1156,EOLRN036984,RN,identifiable-EOL,uf+num,58.905,-5.239838,-37.075495,Y,Ventos de Vila Mato Grosso I,17,3.5,120.0,132.0,186.0,58.91,Sim,False,SIGEL/Aerogeradores
1157,EOLRN036985,RN,identifiable-EOL,uf+num,34.65,-5.105540,-36.977065,Y,Ventos de Vila Paraíba II,10,3.5,120.0,132.0,186.0,34.65,Sim,False,SIGEL/Aerogeradores
1158,EOLRN037020,RN,identifiable-EOL,uf+num,42.0,-5.159982,-35.783317,Y,Cumaru IV,10,4.2,125.0,150.0,200.0,42.0,Sim,False,SIGEL/Aerogeradores
1159,EOLRN037021,RN,identifiable-EOL,uf+num,37.8,-5.145832,-35.798930,Y,Cumaru V,9,4.2,125.0,150.0,200.0,37.8,Sim,False,SIGEL/Aerogeradores
1160,EOLRN037073,RN,identifiable-EOL,uf+num,76.23,-5.176915,-36.011283,Y,São Fernando 1,22,3.5,120.0,132.0,186.0,76.23,Sim,False,SIGEL/Aerogeradores
1161,EOLRN037075,RN,identifiable-EOL,uf+num,72.765,-5.180080,-36.028651,Y,São Fernando 2,21,3.5,120.0,132.0,186.0,72.77,Não,False,SIGEL/Aerogeradores
1162,EOLRN037076,RN,identifiable-EOL,uf+num,24.255,-5.152943,-36.042182,Y,São Fernando 3,7,3.5,120.0,132.0,186.0,24.25,Sim,False,SIGEL/Aerogeradores
1163,EOLRN037077,RN,identifiable-EOL,uf+num,83.16,-5.128837,-36.015026,Y,São Fernando 4,24,3.5,120.0,132.0,186.0,83.16,Sim,False,SIGEL/Aerogeradores
1164,EOLRN037294,RN,identifiable-EOL,uf+num,29.4,-5.610533,-36.105134,Y,Jerusalém I,7,4.2,125.0,150.0,200.0,29.4,Sim,False,SIGEL/Aerogeradores
1165,EOLRN037295,RN,identifiable-EOL,uf+num,29.4,-5.632408,-36.110744,Y,Jerusalém II,7,4.2,125.0,150.0,200.0,29.4,Sim,False,SIGEL/Aerogeradores
1166,EOLRN037296,RN,identifiable-EOL,uf+num,29.4,-5.651267,-36.100558,Y,Jerusalém III,7,4.2,125.0,150.0,200.0,29.4,Sim,False,SIGEL/Aerogeradores
1167,EOLRN037297,RN,identifiable-EOL,uf+num,29.4,-5.675921,-36.101752,Y,Jerusalém IV,7,4.2,125.0,150.0,200.0,29.4,Sim,False,SIGEL/Aerogeradores
1168,EOLRN037298,RN,identifiable-EOL,uf+num,29.4,-5.678939,-36.118089,Y,Jerusalém V,7,4.2,125.0,150.0,200.0,29.4,Sim,False,SIGEL/Aerogeradores
1169,EOLRN037299,RN,identifiable-EOL,uf+num,33.6,-5.687536,-36.124396,Y,Jerusalém VI,8,4.2,125.0,150.0,200.0,33.6,Sim,False,SIGEL/Aerogeradores
1170,EOLRN037663,RN,identifiable-EOL,uf+num,33.6,-5.873180,-36.266349,Y,Santa Rosa e Mundo Novo IV,8,4.2,90.0,150.0,165.0,33.6,Sim,False,SIGEL/Aerogeradores
1171,EOLRN037664,RN,identifiable-EOL,uf+num,25.2,-5.921951,-36.212569,Y,Santa Rosa e Mundo Novo V,6,4.2,90.0,150.0,165.0,25.2,Sim,False,SIGEL/Aerogeradores
1172,EOLRN037949,RN,identifiable-EOL,uf+num,29.4,-5.339594,-35.767449,Y,Aventura IV,7,4.2,125.0,150.0,195.0,29.4,Sim,True,SIGEL/Aerogeradores
1173,EOLRN037950,RN,identifiable-EOL,uf+num,29.4,-5.326261,-35.793987,Y,Aventura V,7,4.2,125.0,150.0,200.0,29.4,Sim,False,SIGEL/Aerogeradores
1174,EOLRN037959,RN,identifiable-EOL,uf+num,28.4,-5.259560,-35.497214,Y,Costa das Dunas,8,3.5,120.0,132.0,120.0,28.4,Sim,False,SIGEL/Aerogeradores
1175,EOLRN037999,RN,identifiable-EOL,uf+num,24.85,-5.241828,-35.487993,Y,Farol de Touros,7,3.5,120.0,132.0,120.0,24.85,Sim,False,SIGEL/Aerogeradores
1176,EOLRN038002,RN,identifiable-EOL,uf+num,10.65,-5.242394,-35.461524,Y,Figueira Branca,3,3.5,120.0,132.0,186.0,10.65,Sim,False,SIGEL/Aerogeradores
1177,EOLRN038006,RN,identifiable-EOL,uf+num,17.75,-5.224845,-35.478883,Y,Gameleira,5,3.5,120.0,132.0,120.0,17.75,Sim,False,SIGEL/Aerogeradores
1178,EOLRN038035,RN,identifiable-EOL,uf+num,46.2,-5.484136,-36.229323,Y,Monte Verde IV,11,4.2,125.0,150.0,200.0,46.2,Sim,False,SIGEL/Aerogeradores
1179,EOLRN038140,RN,identifiable-EOL,,37.8,-5.132750,-37.022066,N,,,,,,,,,,
1180,EOLRN038141,RN,identifiable-EOL,,25.2,-5.143599,-37.022032,N,,,,,,,,,,
1181,EOLRN038142,RN,identifiable-EOL,,37.8,-5.139600,-37.062353,N,,,,,,,,,,
1182,EOLRN038143,RN,identifiable-EOL,uf+num,37.8,-5.160221,-37.062108,Y,Vila Sergipe II,9,4.2,120.0,150.0,195.0,37.8,Sim,False,SIGEL/Aerogeradores
1183,EOLRN038144,RN,identifiable-EOL,uf+num,16.8,-5.176294,-37.079193,Y,Vila Sergipe III,4,4.2,120.0,150.0,195.0,16.8,Sim,False,SIGEL/Aerogeradores
1184,EOLRN038310,RN,identifiable-EOL,uf+num,63.0,-5.778034,-35.964876,Y,Ventos de Santa Martina 01,15,4.2,90.0,150.0,165.0,63.0,Sim,False,SIGEL/Aerogeradores
1185,EOLRN038318,RN,identifiable-EOL,uf+num,63.0,-5.819396,-35.922873,Y,Ventos de Santa Martina 09,15,4.2,90.0,150.0,165.0,63.0,Sim,False,SIGEL/Aerogeradores
1186,EOLRN038319,RN,identifiable-EOL,uf+num,63.0,-5.850457,-35.941907,Y,Ventos de Santa Martina 10,15,4.2,90.0,150.0,165.0,63.0,Sim,False,SIGEL/Aerogeradores
1187,EOLRN038320,RN,identifiable-EOL,uf+num,63.0,-5.783067,-35.905185,Y,Ventos de Santa Martina 11,15,4.2,90.0,150.0,165.0,63.0,Sim,False,SIGEL/Aerogeradores
1188,EOLRN038321,RN,identifiable-EOL,uf+num,63.0,-5.759176,-35.886165,Y,Ventos de Santa Martina 12,15,4.2,90.0,150.0,165.0,63.0,Sim,False,SIGEL/Aerogeradores
1189,EOLRN038322,RN,identifiable-EOL,uf+num,67.2,-5.726903,-35.904007,Y,Ventos de Santa Martina 13,16,4.2,90.0,150.0,165.0,67.2,Sim,False,SIGEL/Aerogeradores
1190,EOLRN038323,RN,identifiable-EOL,uf+num,63.0,-5.770943,-35.920927,Y,Ventos de Santa Martina 14,15,4.2,90.0,150.0,165.0,63.0,Sim,False,SIGEL/Aerogeradores
1191,EOLRN038325,RN,identifiable-EOL,uf+num,31.95,-5.076008,-36.993044,Y,Vila Maranhão I,9,3.5,120.0,132.0,186.0,31.95,Sim,False,SIGEL/Aerogeradores
1192,EOLRN038326,RN,identifiable-EOL,uf+num,31.95,-5.049133,-36.994471,Y,Vila Maranhão II,9,3.5,120.0,132.0,186.0,31.95,Sim,False,SIGEL/Aerogeradores
1193,EOLRN038327,RN,identifiable-EOL,uf+num,31.95,-5.129325,-37.005196,Y,Vila Maranhão III,9,3.5,120.0,132.0,186.0,31.95,Sim,False,SIGEL/Aerogeradores
1194,EOLRN040584,RN,identifiable-EOL,uf+num,33.6,-5.492384,-36.255313,Y,Monte Verde V,8,4.2,125.0,150.0,200.0,33.6,Sim,False,SIGEL/Aerogeradores
1195,EOLRN040585,RN,identifiable-EOL,uf+num,46.2,-5.522824,-36.276652,Y,Monte Verde VI,11,4.2,125.0,150.0,200.0,46.2,Sim,False,SIGEL/Aerogeradores
1196,EOLRN040594,RN,identifiable-EOL,uf+num,33.6,-5.186942,-37.113209,Y,Vila Espírito Santo I,8,4.2,123.0,150.0,198.0,33.6,Sim,False,SIGEL/Aerogeradores
1197,EOLRN040595,RN,identifiable-EOL,uf+num,37.8,-5.187686,-37.135654,Y,Vila Espírito Santo II,9,4.2,123.0,150.0,198.0,37.8,Sim,False,SIGEL/Aerogeradores
1198,EOLRN040596,RN,identifiable-EOL,uf+num,37.8,-5.199439,-37.153586,Y,Vila Espírito Santo III,9,4.2,123.0,150.0,198.0,37.8,Sim,False,SIGEL/Aerogeradores
1199,EOLRN040597,RN,identifiable-EOL,uf+num,37.8,-5.225149,-37.154683,Y,Vila Espírito Santo IV,9,4.2,123.0,150.0,198.0,37.8,Sim,False,SIGEL/Aerogeradores
1200,EOLRN040598,RN,identifiable-EOL,uf+num,37.8,-5.234673,-37.134226,Y,Vila Espírito Santo V,9,4.2,123.0,150.0,198.0,37.8,Sim,False,SIGEL/Aerogeradores
1201,EOLRN040600,RN,identifiable-EOL,uf+num,45.045,-5.271972,-37.113856,Y,Potiguar B 31,13,3.5,120.0,132.0,186.0,45.05,Sim,False,SIGEL/Aerogeradores
1202,EOLRN040601,RN,identifiable-EOL,uf+num,48.51,-5.288187,-37.129872,Y,Potiguar B 32,14,3.5,120.0,132.0,186.0,48.51,Sim,False,SIGEL/Aerogeradores
1203,EOLRN040602,RN,identifiable-EOL,uf+num,58.905,-5.292066,-37.154089,Y,Potiguar B 33,17,3.5,120.0,132.0,186.0,58.91,Não,False,SIGEL/Aerogeradores
1204,EOLRN040625,RN,identifiable-EOL,num,58.8,-5.890823,-35.960822,Y,Ventos de São Januário 23,14,4.2,90.0,150.0,165.0,58.8,Sim,False,SIGEL/Aerogeradores
1205,EOLRN040816,RN,identifiable-EOL,uf+num,42.0,-5.703062,-36.128693,Y,Boqueirão I,10,4.2,125.0,150.0,200.0,42.0,Sim,False,SIGEL/Aerogeradores
1206,EOLRN040818,RN,identifiable-EOL,uf+num,37.8,-5.703182,-36.064923,Y,Boqueirão II,9,4.2,125.0,150.0,200.0,37.8,Sim,False,SIGEL/Aerogeradores
1207,EOLRN044974,RN,identifiable-EOL,uf+num,22.5,-6.760554,-36.665799,Y,Oeste Seridó I,11,4.2,105.0,150.0,180.0,47.7,Não,True,SIGEL/Aerogeradores
1208,EOLRN044975,RN,identifiable-EOL,uf+num,22.5,-6.711182,-36.644490,Y,Oeste Seridó II,10,4.5,90.0,150.0,165.0,45.0,Sim,False,SIGEL/Aerogeradores
1209,EOLRN044976,RN,identifiable-EOL,uf+num,27.0,-6.716671,-36.637538,Y,Oeste Seridó III,6,4.5,90.0,150.0,165.0,27.0,Não,False,SIGEL/Aerogeradores
1210,EOLRN045010,RN,identifiable-EOL,uf+num,64.9,-5.761696,-36.095880,Y,Ventos de Santa Leia 12,15,4.3,90.0,150.0,165.0,64.9,Sim,False,SIGEL/Aerogeradores
1211,EOLRN045011,RN,identifiable-EOL,uf+num,66.1,-5.792674,-36.116480,Y,Ventos de Santa Leia 13,15,4.5,90.0,150.0,165.0,66.1,Sim,False,SIGEL/Aerogeradores
1212,EOLRN045012,RN,identifiable-EOL,uf+num,66.1,-5.809232,-36.149569,Y,Ventos de Santa Leia 14,15,4.5,90.0,150.0,165.0,66.1,Sim,False,SIGEL/Aerogeradores
1213,EOLRN046742,RN,identifiable-EOL,uf+num,27.72,-5.092207,-37.105544,Y,Toda Energia do Brasil,8,3.5,120.0,132.0,186.0,27.72,Sim,False,SIGEL/Aerogeradores
1214,EOLRN047162,RN,identifiable-EOL,uf+num,22.5,-6.783093,-36.724096,Y,Oeste Seridó IX,6,4.2,105.0,150.0,180.0,25.2,Não,False,SIGEL/Aerogeradores
1215,EOLRN047163,RN,identifiable-EOL,uf+num,18.0,-6.787055,-36.666458,Y,Oeste Seridó VI,4,4.5,90.0,150.0,165.0,18.0,Sim,False,SIGEL/Aerogeradores
1216,EOLRN047164,RN,identifiable-EOL,uf+num,27.0,-6.787904,-36.671237,Y,Oeste Seridó X,6,4.5,90.0,150.0,165.0,27.0,Não,False,SIGEL/Aerogeradores
1217,EOLRN047165,RN,identifiable-EOL,uf+num,27.0,-6.725308,-36.653126,Y,Oeste Seridó IV,6,4.5,90.0,150.0,165.0,27.0,Sim,False,SIGEL/Aerogeradores
1218,EOLRN047198,RN,identifiable-EOL,uf+num,45.6,-5.735829,-36.294816,Y,Cajuína A7,8,5.7,120.0,163.0,202.0,45.6,Sim,False,SIGEL/Aerogeradores
1219,EOLRN047235,RN,identifiable-EOL,uf+num,39.9,-5.609535,-36.271394,Y,Cajuína A1,14,5.7,120.0,163.0,202.0,79.8,Sim,False,SIGEL/Aerogeradores
1220,EOLRN047236,RN,identifiable-EOL,uf+num,39.9,-5.622782,-36.279099,Y,Cajuína A2,14,5.7,120.0,163.0,202.0,79.8,Sim,False,SIGEL/Aerogeradores
1221,EOLRN047237,RN,identifiable-EOL,uf+num,45.6,-5.642696,-36.276697,Y,Cajuína A3,8,5.7,120.0,163.0,202.0,45.6,Sim,False,SIGEL/Aerogeradores
1222,EOLRN047238,RN,identifiable-EOL,uf+num,11.4,-5.772335,-36.251220,Y,Cajuína B12,7,5.7,120.0,163.0,202.0,39.9,Sim,False,SIGEL/Aerogeradores
1223,EOLRN047239,RN,identifiable-EOL,uf+num,45.6,-5.664958,-36.277819,Y,Cajuína A4,8,5.7,120.0,163.0,202.0,45.6,Sim,False,SIGEL/Aerogeradores
1224,EOLRN047241,RN,identifiable-EOL,uf+num,11.4,-5.829805,-36.271712,Y,Cajuína B11,24,5.7,120.0,163.0,202.0,136.8,Não,False,SIGEL/Aerogeradores
1225,EOLRN047244,RN,identifiable-EOL,uf+num,51.3,-5.681363,-36.286457,Y,Cajuína A5,18,5.7,120.0,163.0,202.0,102.6,Não,False,SIGEL/Aerogeradores
1226,EOLRN047247,RN,identifiable-EOL,uf+num,45.6,-5.718826,-36.286091,Y,Cajuína A6,8,5.7,120.0,163.0,202.0,45.6,Sim,False,SIGEL/Aerogeradores
1227,EOLRN049180,RN,identifiable-EOL,uf+num,34.2,-5.711894,-36.204772,Y,Cajuína B9,6,5.7,120.0,163.0,202.0,34.2,Sim,False,SIGEL/Aerogeradores
1318,EOLSE030296,SE,identifiable-EOL,uf+num,34.5,-10.809968,-36.929260,Y,Barra dos Coqueiros,23,1.5,100.0,82.9,141.4,34.5,Sim,False,SIGEL/Aerogeradores
2515,EOLCE032485,CE,identifiable-EOL,uf+num,36.0,-4.722906,-37.411676,Y,Kairós Wind 1,8,4.5,123.0,150.0,198.0,36.0,Não,False,SIGEL/Aerogeradores
2516,EOLCE041921,CE,identifiable-EOL,uf+num,40.5,-4.746853,-37.354085,Y,Kairós Wind 6,9,4.5,123.0,150.0,198.0,40.5,Não,False,SIGEL/Aerogeradores
2517,EOLCE041922,CE,identifiable-EOL,uf+num,36.0,-4.740224,-37.388281,Y,Kairós Wind 2,8,4.5,123.0,150.0,198.0,36.0,Não,False,SIGEL/Aerogeradores
2518,EOLRN050082,RN,identifiable-EOL,uf+num,41.3,-5.052221,-37.042712,Y,Casqueira I,7,6.0,115.0,170.0,200.0,42.0,Não,False,SIGEL/Aerogeradores
2519,EOLRN050083,RN,identifiable-EOL,uf+num,47.2,-5.024412,-37.056071,Y,Casqueira II,16,6.0,115.0,170.0,200.0,95.2,Não,True,SIGEL/Aerogeradores
2520,ENE128544,,generic-expansion,,10.1665,-7.250000,-35.980000,N,,,,,,,,,,
2521,ENE12858508,,generic-expansion,,28.5326,-8.154752,-39.281336,N,,,,,,,,,,
2522,ENE129544,,generic-expansion,,10.1665,-7.250000,-35.980000,N,,,,,,,,,,
2523,ENE12958508,,generic-expansion,,28.5326,-8.154752,-39.281336,N,,,,,,,,,,
2524,ENE130544,,generic-expansion,,10.1665,-7.250000,-35.980000,N,,,,,,,,,,
2525,ENE13058508,,generic-expansion,,28.5326,-8.154752,-39.281336,N,,,,,,,,,,
2526,ENE131544,,generic-expansion,,10.1665,-7.250000,-35.980000,N,,,,,,,,,,
2527,ENE13158508,,generic-expansion,,28.5326,-8.154752,-39.281336,N,,,,,,,,,,
2528,ENE132544,,generic-expansion,,10.1665,-7.250000,-35.980000,N,,,,,,,,,,
2529,ENE13258508,,generic-expansion,,28.5326,-8.154752,-39.281336,N,,,,,,,,,,
2530,ENE133544,,generic-expansion,,10.1665,-7.250000,-35.980000,N,,,,,,,,,,
2531,ENE13358508,,generic-expansion,,28.5326,-8.154752,-39.281336,N,,,,,,,,,,
2532,ENE134544,,generic-expansion,,10.1665,-7.250000,-35.980000,N,,,,,,,,,,
2533,ENE13458508,,generic-expansion,,28.5326,-8.154752,-39.281336,N,,,,,,,,,,
2534,ENE135544,,generic-expansion,,10.1665,-7.250000,-35.980000,N,,,,,,,,,,
2535,ENE13558508,,generic-expansion,,28.5326,-8.154752,-39.281336,N,,,,,,,,,,
2536,ENE136544,,generic-expansion,,15.2497,-7.250000,-35.980000,N,,,,,,,,,,
2537,ENE13658508,,generic-expansion,,42.7989,-8.154752,-39.281336,N,,,,,,,,,,
2538,ENE137544,,generic-expansion,,15.2497,-7.250000,-35.980000,N,,,,,,,,,,
2539,ENE13758508,,generic-expansion,,42.7989,-8.154752,-39.281336,N,,,,,,,,,,
2540,ENE138544,,generic-expansion,,15.2497,-7.250000,-35.980000,N,,,,,,,,,,
2541,ENE13858508,,generic-expansion,,42.7989,-8.154752,-39.281336,N,,,,,,,,,,
2542,ENE139544,,generic-expansion,,15.2497,-7.250000,-35.980000,N,,,,,,,,,,
2543,ENE13958508,,generic-expansion,,42.7989,-8.154752,-39.281336,N,,,,,,,,,,
2544,ENE228544,,generic-expansion,,17.7914,-7.250000,-35.980000,N,,,,,,,,,,
2545,ENE22858508,,generic-expansion,,49.932,-8.154752,-39.281336,N,,,,,,,,,,
2546,ENE229544,,generic-expansion,,17.7914,-7.250000,-35.980000,N,,,,,,,,,,
2547,ENE22958508,,generic-expansion,,49.932,-8.154752,-39.281336,N,,,,,,,,,,
2548,ENE230544,,generic-expansion,,17.7914,-7.250000,-35.980000,N,,,,,,,,,,
2549,ENE23058508,,generic-expansion,,49.932,-8.154752,-39.281336,N,,,,,,,,,,
2550,ENE231544,,generic-expansion,,17.7914,-7.250000,-35.980000,N,,,,,,,,,,
2551,ENE23158508,,generic-expansion,,49.932,-8.154752,-39.281336,N,,,,,,,,,,
2552,ENE232544,,generic-expansion,,17.7914,-7.250000,-35.980000,N,,,,,,,,,,
2553,ENE23258508,,generic-expansion,,49.932,-8.154752,-39.281336,N,,,,,,,,,,
2554,ENE233544,,generic-expansion,,17.7914,-7.250000,-35.980000,N,,,,,,,,,,
2555,ENE23358508,,generic-expansion,,49.932,-8.154752,-39.281336,N,,,,,,,,,,
2556,ENE234544,,generic-expansion,,17.7914,-7.250000,-35.980000,N,,,,,,,,,,
2557,ENE23458508,,generic-expansion,,49.932,-8.154752,-39.281336,N,,,,,,,,,,
2558,ENE235544,,generic-expansion,,17.7914,-7.250000,-35.980000,N,,,,,,,,,,
2559,ENE23558508,,generic-expansion,,49.932,-8.154752,-39.281336,N,,,,,,,,,,
2560,ENE236544,,generic-expansion,,17.7914,-7.250000,-35.980000,N,,,,,,,,,,
2561,ENE23658508,,generic-expansion,,49.932,-8.154752,-39.281336,N,,,,,,,,,,
2562,ENE237544,,generic-expansion,,17.7914,-7.250000,-35.980000,N,,,,,,,,,,
2563,ENE23758508,,generic-expansion,,49.932,-8.154752,-39.281336,N,,,,,,,,,,
2564,ENE238544,,generic-expansion,,17.7914,-7.250000,-35.980000,N,,,,,,,,,,
2565,ENE23858508,,generic-expansion,,49.932,-8.154752,-39.281336,N,,,,,,,,,,
2566,ENE239544,,generic-expansion,,17.7914,-7.250000,-35.980000,N,,,,,,,,,,
2567,ENE23958508,,generic-expansion,,49.932,-8.154752,-39.281336,N,,,,,,,,,,
2568,ENE328544,,generic-expansion,,15.2497,-7.250000,-35.980000,N,,,,,,,,,,
2569,ENE32858508,,generic-expansion,,42.7989,-8.154752,-39.281336,N,,,,,,,,,,
2570,ENE329544,,generic-expansion,,15.2497,-7.250000,-35.980000,N,,,,,,,,,,
2571,ENE32958508,,generic-expansion,,42.7989,-8.154752,-39.281336,N,,,,,,,,,,
2572,ENE330544,,generic-expansion,,15.2497,-7.250000,-35.980000,N,,,,,,,,,,
2573,ENE33058508,,generic-expansion,,42.7989,-8.154752,-39.281336,N,,,,,,,,,,
2574,ENE331544,,generic-expansion,,15.2497,-7.250000,-35.980000,N,,,,,,,,,,
2575,ENE33158508,,generic-expansion,,42.7989,-8.154752,-39.281336,N,,,,,,,,,,
2576,ENE332544,,generic-expansion,,15.2497,-7.250000,-35.980000,N,,,,,,,,,,
2577,ENE33258508,,generic-expansion,,42.7989,-8.154752,-39.281336,N,,,,,,,,,,
2578,ENE333544,,generic-expansion,,15.2497,-7.250000,-35.980000,N,,,,,,,,,,
2579,ENE33358508,,generic-expansion,,42.7989,-8.154752,-39.281336,N,,,,,,,,,,
2580,ENE334544,,generic-expansion,,15.2497,-7.250000,-35.980000,N,,,,,,,,,,
2581,ENE33458508,,generic-expansion,,42.7989,-8.154752,-39.281336,N,,,,,,,,,,
2582,ENE335544,,generic-expansion,,15.2497,-7.250000,-35.980000,N,,,,,,,,,,
2583,ENE33558508,,generic-expansion,,42.7989,-8.154752,-39.281336,N,,,,,,,,,,
2584,ENE336544,,generic-expansion,,15.2497,-7.250000,-35.980000,N,,,,,,,,,,
2585,ENE33658508,,generic-expansion,,42.7989,-8.154752,-39.281336,N,,,,,,,,,,
2586,ENE337544,,generic-expansion,,15.2497,-7.250000,-35.980000,N,,,,,,,,,,
2587,ENE33758508,,generic-expansion,,42.7989,-8.154752,-39.281336,N,,,,,,,,,,
2588,ENE338544,,generic-expansion,,15.2497,-7.250000,-35.980000,N,,,,,,,,,,
2589,ENE33858508,,generic-expansion,,42.7989,-8.154752,-39.281336,N,,,,,,,,,,
2590,ENE339544,,generic-expansion,,15.2497,-7.250000,-35.980000,N,,,,,,,,,,
2591,ENE33958508,,generic-expansion,,42.7989,-8.154752,-39.281336,N,,,,,,,,,,
2592,EOLPB040615,PB,identifiable-EOL,uf+num,11.6,-7.045159,-36.753522,Y,Serra do Seridó X,13,5.5,125.0,158.0,204.0,73.3,Não,False,SIGEL/Aerogeradores
2593,EOLPB044988,PB,identifiable-EOL,uf+num,35.4,-7.034211,-35.981266,Y,Serra da Borborema I,7,6.2,135.0,170.0,220.0,43.4,Não,False,SIGEL/Aerogeradores
2594,EOLPB044989,PB,identifiable-EOL,uf+num,47.2,-7.045760,-35.980661,Y,Serra da Borborema II,8,6.2,135.0,170.0,220.0,49.6,Não,False,SIGEL/Aerogeradores
2595,EOLPB044990,PB,identifiable-EOL,uf+num,17.7,-7.036405,-35.964442,Y,Serra da Borborema III,3,5.9,120.0,163.0,202.0,17.7,Construção,False,SIGEL/Aerogeradores
2596,EOLPB044991,PB,identifiable-EOL,uf+num,23.6,-7.028454,-35.954653,Y,Serra da Borborema IV,4,5.9,120.0,163.0,202.0,23.6,Construção,False,SIGEL/Aerogeradores
2597,EOLPB049818,PB,identifiable-EOL,uf+num,36.0,-6.786050,-36.469018,Y,Serra da Palmeira I,12,6.0,115.0,170.0,200.0,72.0,Não,True,SIGEL/Aerogeradores
2598,EOLPB049819,PB,identifiable-EOL,uf+num,30.0,-6.813093,-36.457710,Y,Serra da Palmeira II,10,6.0,115.0,170.0,200.0,60.0,Não,False,SIGEL/Aerogeradores
2599,EOLPB049820,PB,identifiable-EOL,uf+num,24.0,-6.737921,-36.377378,Y,Serra da Palmeira III,8,6.0,115.0,170.0,200.0,48.0,Não,False,SIGEL/Aerogeradores
2600,EOLPB049821,PB,identifiable-EOL,uf+num,30.0,-6.737546,-36.403659,Y,Serra da Palmeira IV,10,6.0,115.0,170.0,200.0,60.0,Não,True,SIGEL/Aerogeradores
2601,EOLPB049822,PB,identifiable-EOL,uf+num,36.0,-6.716557,-36.394234,Y,Serra da Palmeira V,12,6.0,115.0,170.0,200.0,72.0,Não,True,SIGEL/Aerogeradores
2602,EOLPB049823,PB,identifiable-EOL,uf+num,24.0,-6.791141,-36.392948,Y,Serra da Palmeira VI,8,6.0,115.0,170.0,200.0,48.0,Não,True,SIGEL/Aerogeradores
2603,EOLPB049824,PB,identifiable-EOL,uf+num,30.0,-6.763235,-36.440578,Y,Serra da Palmeira VII,5,6.0,115.0,170.0,200.0,30.0,Não,False,SIGEL/Aerogeradores
2604,EOLPB049825,PB,identifiable-EOL,uf+num,24.0,-6.727414,-36.465355,Y,Serra da Palmeira VIII,8,6.0,115.0,170.0,200.0,48.0,Não,True,SIGEL/Aerogeradores
2605,EOLPB049826,PB,identifiable-EOL,uf+num,24.0,-6.715472,-36.429963,Y,Serra da Palmeira IX,8,6.0,115.0,170.0,200.0,48.0,Não,True,SIGEL/Aerogeradores
2606,EOLPB049827,PB,identifiable-EOL,uf+num,30.0,-6.700319,-36.397917,Y,Serra da Palmeira X,10,6.0,115.0,170.0,200.0,60.0,Não,True,SIGEL/Aerogeradores
2607,EOLPB049828,PB,identifiable-EOL,uf+num,24.0,-6.697316,-36.414520,Y,Serra da Palmeira XI,12,6.0,115.0,170.0,200.0,72.0,Não,True,SIGEL/Aerogeradores
2608,EOLPB049829,PB,identifiable-EOL,uf+num,24.0,-6.684973,-36.394257,Y,Serra da Palmeira XII,8,6.0,115.0,170.0,200.0,48.0,Não,False,SIGEL/Aerogeradores
2609,EOLPB049830,PB,identifiable-EOL,uf+num,42.0,-6.727633,-36.376656,Y,Serra da Palmeira XIII,14,6.0,115.0,170.0,200.0,84.0,Não,True,SIGEL/Aerogeradores
2610,EOLPB049831,PB,identifiable-EOL,uf+num,24.0,-6.705663,-36.369561,Y,Serra da Palmeira XIV,4,6.0,115.0,170.0,200.0,24.0,Não,False,SIGEL/Aerogeradores
2611,EOLPB049832,PB,identifiable-EOL,uf+num,36.0,-6.758908,-36.434065,Y,Serra da Palmeira XV,12,6.0,115.0,170.0,200.0,72.0,Não,True,SIGEL/Aerogeradores
2612,EOLPB049833,PB,identifiable-EOL,uf+num,24.0,-6.764063,-36.370494,Y,Serra da Palmeira XVI,12,6.0,115.0,170.0,200.0,72.0,Não,True,SIGEL/Aerogeradores
2613,EOLPB049834,PB,identifiable-EOL,uf+num,30.0,-6.754182,-36.403552,Y,Serra da Palmeira XVII,5,6.0,115.0,170.0,200.0,30.0,Não,False,SIGEL/Aerogeradores
2614,EOLPB049835,PB,identifiable-EOL,uf+num,18.0,-6.778960,-36.432132,Y,Serra da Palmeira XVIII,6,6.0,115.0,170.0,200.0,36.0,Não,False,SIGEL/Aerogeradores
2615,EOLPB049836,PB,identifiable-EOL,uf+num,30.0,-6.763802,-36.406104,Y,Serra da Palmeira XIX,10,6.0,115.0,170.0,200.0,60.0,Não,True,SIGEL/Aerogeradores
2616,EOLPB049837,PB,identifiable-EOL,uf+num,24.0,-6.751632,-36.366158,Y,Serra da Palmeira XX,8,6.0,115.0,170.0,200.0,48.0,Não,True,SIGEL/Aerogeradores
2617,EOLPB049838,PB,identifiable-EOL,uf+num,24.0,-6.703051,-36.327789,Y,Serra da Palmeira XXI,8,6.0,115.0,170.0,200.0,48.0,Não,True,SIGEL/Aerogeradores
2618,EOLPB049839,PB,identifiable-EOL,uf+num,24.0,-6.720527,-36.336028,Y,Serra da Palmeira XXII,8,6.0,115.0,170.0,200.0,48.0,Não,True,SIGEL/Aerogeradores
2619,EOLPB049840,PB,identifiable-EOL,uf+num,36.0,-6.679991,-36.351432,Y,Serra da Palmeira XXIII,12,6.0,115.0,170.0,200.0,72.0,Não,True,SIGEL/Aerogeradores
2620,EOLPB051574,PB,identifiable-EOL,uf+num,46.4,-7.039446,-36.791369,Y,Serra do Seridó XVI,9,5.5,125.0,158.0,204.0,49.5,Não,False,SIGEL/Aerogeradores
2621,EOLPB051575,PB,identifiable-EOL,uf+num,5.8,-7.026015,-36.753632,Y,Serra do Seridó XVII,7,5.5,125.0,158.0,204.0,38.5,Não,False,SIGEL/Aerogeradores
2622,EOLRN033597,RN,identifiable-EOL,uf+num,4.2,-6.085343,-36.667258,Y,Acauã I,6,4.2,125.0,147.0,198.5,25.2,Não,False,SIGEL/Aerogeradores
2623,EOLRN033598,RN,identifiable-EOL,uf+num,16.8,-6.078964,-36.674022,Y,Acauã II,5,4.2,125.0,147.0,198.5,21.0,Não,False,SIGEL/Aerogeradores
2624,EOLRN034612,RN,identifiable-EOL,uf+num,51.3,-6.065759,-36.618285,Y,Passagem,9,5.7,120.0,163.0,202.0,51.3,Não,False,SIGEL/Aerogeradores
2625,EOLRN047160,RN,identifiable-EOL,uf+num,31.5,-6.806287,-36.659583,Y,Oeste Seridó XII,14,4.5,90.0,150.0,165.0,63.0,Sim,False,SIGEL/Aerogeradores
2626,EOLRN047161,RN,identifiable-EOL,uf+num,27.0,-6.739536,-36.657635,Y,Oeste Seridó XI,6,4.5,90.0,150.0,165.0,27.0,Sim,False,SIGEL/Aerogeradores
2627,EOLRN047166,RN,identifiable-EOL,uf+num,22.5,-6.754749,-36.662980,Y,Oeste Seridó V,5,4.5,90.0,150.0,165.0,22.5,Sim,False,SIGEL/Aerogeradores
2628,EOLRN047205,RN,identifiable-EOL,num,36.0,-6.403662,-35.751190,Y,Ventos de Santo Antônio 01,10,4.5,105.0,150.0,180.0,45.0,Sim,False,SIGEL/Aerogeradores
2629,EOLRN047242,RN,identifiable-EOL,uf+num,17.1,-5.680853,-36.302985,Y,Ventos de Santa Tereza 08,7,5.6,120.0,150.0,195.0,39.2,Não,False,SIGEL/Aerogeradores
2630,EOLRN047246,RN,identifiable-EOL,uf+num,22.8,-5.887454,-36.388163,Y,Cajuína B18,8,5.7,120.0,163.0,202.0,45.6,Não,False,SIGEL/Aerogeradores
2631,EOLRN049170,RN,identifiable-EOL,uf+num,23.6,-5.898955,-36.379734,Y,Cajuína B19,4,5.9,120.0,163.0,202.0,23.6,Não,False,SIGEL/Aerogeradores
2632,EOLRN049171,RN,identifiable-EOL,uf+num,29.5,-5.878202,-36.359724,Y,Cajuína B20,5,5.9,120.0,163.0,202.0,29.5,Não,False,SIGEL/Aerogeradores
2633,EOLRN049172,RN,identifiable-EOL,uf+num,5.7,-5.816996,-36.281952,Y,Cajuína B14,9,5.7,120.0,163.0,202.0,51.3,Não,False,SIGEL/Aerogeradores
2634,EOLRN049173,RN,identifiable-EOL,uf+num,5.7,-5.799235,-36.267980,Y,Cajuína B15,14,5.7,120.0,163.0,202.0,79.8,Não,False,SIGEL/Aerogeradores
2635,EOLRN049179,RN,identifiable-EOL,uf+num,45.6,-5.754313,-36.305402,Y,Cajuína B13,16,5.7,120.0,163.0,202.0,91.2,Não,False,SIGEL/Aerogeradores
2636,EOLRN049664,RN,identifiable-EOL,uf+num,63.0,-6.340826,-36.323142,Y,Ventos de São Rafael 01,30,4.2,120.0,150.0,195.0,130.5,Não,True,SIGEL/Aerogeradores
2637,EOLRN049665,RN,identifiable-EOL,uf+num,63.0,-6.294849,-36.326711,Y,Ventos de São Rafael 02,31,4.2,120.0,150.0,195.0,134.4,Não,True,SIGEL/Aerogeradores
2638,EOLRN049666,RN,identifiable-EOL,uf+num,63.0,-6.283947,-36.310186,Y,Ventos de São Rafael 03,30,4.2,120.0,150.0,195.0,130.2,Não,True,SIGEL/Aerogeradores
2639,EOLRN049667,RN,identifiable-EOL,uf+num,63.0,-6.251385,-36.270891,Y,Ventos de São Rafael 04,29,4.2,120.0,150.0,195.0,126.0,Não,True,SIGEL/Aerogeradores
2640,EOLRN049668,RN,identifiable-EOL,uf+num,63.0,-6.210936,-36.254531,Y,Ventos de São Rafael 05,29,4.2,120.0,150.0,195.0,126.0,Não,True,SIGEL/Aerogeradores
2641,EOLRN049669,RN,identifiable-EOL,uf+num,63.0,-6.166570,-36.290080,Y,Ventos de São Rafael 06,28,4.2,120.0,150.0,195.0,121.5,Não,True,SIGEL/Aerogeradores
2642,EOLRN049670,RN,identifiable-EOL,uf+num,63.0,-6.129905,-36.237705,Y,Ventos de São Rafael 07,29,4.2,120.0,150.0,195.0,126.0,Não,True,SIGEL/Aerogeradores
2643,EOLRN049671,RN,identifiable-EOL,uf+num,63.0,-6.108396,-36.212593,Y,Ventos de São Rafael 08,29,4.2,120.0,150.0,195.0,126.0,Não,True,SIGEL/Aerogeradores
2644,EOLRN050015,RN,identifiable-EOL,uf+num,63.0,-6.088528,-36.169485,Y,Ventos de São Rafael 09,15,4.2,105.0,150.0,180.0,63.0,Não,False,SIGEL/Aerogeradores
2645,EOLRN050016,RN,identifiable-EOL,uf+num,63.0,-6.052665,-36.141819,Y,Ventos de São Rafael 10,28,4.2,105.0,150.0,180.0,121.5,Não,True,SIGEL/Aerogeradores
2646,EOLRN050017,RN,identifiable-EOL,uf+num,63.0,-6.037328,-36.132378,Y,Ventos de São Rafael 11,15,4.2,105.0,150.0,180.0,63.0,Não,False,SIGEL/Aerogeradores
2647,EOLRN051067,RN,identifiable-EOL,uf+num,16.8,-6.188853,-36.617739,Y,Anemus Wind 3,13,4.2,125.0,147.0,198.0,54.6,Não,False,SIGEL/Aerogeradores
2648,EOLRN051585,RN,identifiable-EOL,num,36.0,-6.453774,-35.789616,Y,Ventos de Santa Luzia 11,11,4.5,105.0,150.0,180.0,49.5,Não,False,SIGEL/Aerogeradores
2649,EOLRN051586,RN,identifiable-EOL,uf+num,18.0,-6.425244,-35.772154,Y,Ventos de Santa Luzia 12,24,4.5,105.0,150.0,180.0,108.0,Não,False,SIGEL/Aerogeradores
2650,ENE128523,,generic-expansion,,9.44652,-5.380000,-35.890000,N,,,,,,,,,,
2651,ENE12856895,,generic-expansion,,25.7402,-5.450000,-36.220000,N,,,,,,,,,,
2652,ENE12856750,,generic-expansion,,18.3885,-8.154752,-39.281336,N,,,,,,,,,,
2653,ENE12856732,,generic-expansion,,9.71803,-8.154752,-39.281336,N,,,,,,,,,,
2654,ENE129523,,generic-expansion,,9.44652,-5.380000,-35.890000,N,,,,,,,,,,
2655,ENE12956895,,generic-expansion,,25.7402,-5.450000,-36.220000,N,,,,,,,,,,
2656,ENE12956750,,generic-expansion,,18.3885,-8.154752,-39.281336,N,,,,,,,,,,
2657,ENE12956732,,generic-expansion,,9.71803,-8.154752,-39.281336,N,,,,,,,,,,
2658,ENE130523,,generic-expansion,,9.44652,-5.380000,-35.890000,N,,,,,,,,,,
2659,ENE13056895,,generic-expansion,,25.7402,-5.450000,-36.220000,N,,,,,,,,,,
2660,ENE13056750,,generic-expansion,,18.3885,-8.154752,-39.281336,N,,,,,,,,,,
2661,ENE13056732,,generic-expansion,,9.71803,-8.154752,-39.281336,N,,,,,,,,,,
2662,ENE131523,,generic-expansion,,9.44652,-5.380000,-35.890000,N,,,,,,,,,,
2663,ENE13156895,,generic-expansion,,25.7402,-5.450000,-36.220000,N,,,,,,,,,,
2664,ENE13156750,,generic-expansion,,18.3885,-8.154752,-39.281336,N,,,,,,,,,,
2665,ENE13156732,,generic-expansion,,9.71803,-8.154752,-39.281336,N,,,,,,,,,,
2666,ENE132523,,generic-expansion,,9.44652,-5.380000,-35.890000,N,,,,,,,,,,
2667,ENE13256895,,generic-expansion,,25.7402,-5.450000,-36.220000,N,,,,,,,,,,
2668,ENE13256750,,generic-expansion,,18.3885,-8.154752,-39.281336,N,,,,,,,,,,
2669,ENE13256732,,generic-expansion,,9.71803,-8.154752,-39.281336,N,,,,,,,,,,
2670,ENE133523,,generic-expansion,,9.44652,-5.380000,-35.890000,N,,,,,,,,,,
2671,ENE13356895,,generic-expansion,,25.7402,-5.450000,-36.220000,N,,,,,,,,,,
2672,ENE13356750,,generic-expansion,,18.3885,-8.154752,-39.281336,N,,,,,,,,,,
2673,ENE13356732,,generic-expansion,,9.71803,-8.154752,-39.281336,N,,,,,,,,,,
2674,ENE134523,,generic-expansion,,9.44652,-5.380000,-35.890000,N,,,,,,,,,,
2675,ENE13456895,,generic-expansion,,25.7402,-5.450000,-36.220000,N,,,,,,,,,,
2676,ENE13456750,,generic-expansion,,18.3885,-8.154752,-39.281336,N,,,,,,,,,,
2677,ENE13456732,,generic-expansion,,9.71803,-8.154752,-39.281336,N,,,,,,,,,,
2678,ENE135523,,generic-expansion,,9.44652,-5.380000,-35.890000,N,,,,,,,,,,
2679,ENE13556895,,generic-expansion,,25.7402,-5.450000,-36.220000,N,,,,,,,,,,
2680,ENE13556750,,generic-expansion,,18.3885,-8.154752,-39.281336,N,,,,,,,,,,
2681,ENE13556732,,generic-expansion,,9.71803,-8.154752,-39.281336,N,,,,,,,,,,
2682,ENE136523,,generic-expansion,,14.1698,-5.380000,-35.890000,N,,,,,,,,,,
2683,ENE13656895,,generic-expansion,,38.6102,-5.450000,-36.220000,N,,,,,,,,,,
2684,ENE13656750,,generic-expansion,,27.5827,-8.154752,-39.281336,N,,,,,,,,,,
2685,ENE13656732,,generic-expansion,,14.577,-8.154752,-39.281336,N,,,,,,,,,,
2686,ENE137523,,generic-expansion,,14.1698,-5.380000,-35.890000,N,,,,,,,,,,
2687,ENE13756895,,generic-expansion,,38.6102,-5.450000,-36.220000,N,,,,,,,,,,
2688,ENE13756750,,generic-expansion,,27.5827,-8.154752,-39.281336,N,,,,,,,,,,
2689,ENE13756732,,generic-expansion,,14.577,-8.154752,-39.281336,N,,,,,,,,,,
2690,ENE138523,,generic-expansion,,14.1698,-5.380000,-35.890000,N,,,,,,,,,,
2691,ENE13856895,,generic-expansion,,38.6102,-5.450000,-36.220000,N,,,,,,,,,,
2692,ENE13856750,,generic-expansion,,27.5827,-8.154752,-39.281336,N,,,,,,,,,,
2693,ENE13856732,,generic-expansion,,14.577,-8.154752,-39.281336,N,,,,,,,,,,
2694,ENE139523,,generic-expansion,,14.1698,-5.380000,-35.890000,N,,,,,,,,,,
2695,ENE13956895,,generic-expansion,,38.6102,-5.450000,-36.220000,N,,,,,,,,,,
2696,ENE13956750,,generic-expansion,,27.5827,-8.154752,-39.281336,N,,,,,,,,,,
2697,ENE13956732,,generic-expansion,,14.577,-8.154752,-39.281336,N,,,,,,,,,,
2698,ENE228523,,generic-expansion,,16.5314,-5.380000,-35.890000,N,,,,,,,,,,
2699,ENE22856895,,generic-expansion,,45.0453,-5.450000,-36.220000,N,,,,,,,,,,
2700,ENE22856750,,generic-expansion,,32.1798,-8.154752,-39.281336,N,,,,,,,,,,
2701,ENE22856732,,generic-expansion,,17.0066,-8.154752,-39.281336,N,,,,,,,,,,
2702,ENE229523,,generic-expansion,,16.5314,-5.380000,-35.890000,N,,,,,,,,,,
2703,ENE22956895,,generic-expansion,,45.0453,-5.450000,-36.220000,N,,,,,,,,,,
2704,ENE22956750,,generic-expansion,,32.1798,-8.154752,-39.281336,N,,,,,,,,,,
2705,ENE22956732,,generic-expansion,,17.0066,-8.154752,-39.281336,N,,,,,,,,,,
2706,ENE230523,,generic-expansion,,16.5314,-5.380000,-35.890000,N,,,,,,,,,,
2707,ENE23056895,,generic-expansion,,45.0453,-5.450000,-36.220000,N,,,,,,,,,,
2708,ENE23056750,,generic-expansion,,32.1798,-8.154752,-39.281336,N,,,,,,,,,,
2709,ENE23056732,,generic-expansion,,17.0066,-8.154752,-39.281336,N,,,,,,,,,,
2710,ENE231523,,generic-expansion,,16.5314,-5.380000,-35.890000,N,,,,,,,,,,
2711,ENE23156895,,generic-expansion,,45.0453,-5.450000,-36.220000,N,,,,,,,,,,
2712,ENE23156750,,generic-expansion,,32.1798,-8.154752,-39.281336,N,,,,,,,,,,
2713,ENE23156732,,generic-expansion,,17.0066,-8.154752,-39.281336,N,,,,,,,,,,
2714,ENE232523,,generic-expansion,,16.5314,-5.380000,-35.890000,N,,,,,,,,,,
2715,ENE23256895,,generic-expansion,,45.0453,-5.450000,-36.220000,N,,,,,,,,,,
2716,ENE23256750,,generic-expansion,,32.1798,-8.154752,-39.281336,N,,,,,,,,,,
2717,ENE23256732,,generic-expansion,,17.0066,-8.154752,-39.281336,N,,,,,,,,,,
2718,ENE233523,,generic-expansion,,16.5314,-5.380000,-35.890000,N,,,,,,,,,,
2719,ENE23356895,,generic-expansion,,45.0453,-5.450000,-36.220000,N,,,,,,,,,,
2720,ENE23356750,,generic-expansion,,32.1798,-8.154752,-39.281336,N,,,,,,,,,,
2721,ENE23356732,,generic-expansion,,17.0066,-8.154752,-39.281336,N,,,,,,,,,,
2722,ENE234523,,generic-expansion,,16.5314,-5.380000,-35.890000,N,,,,,,,,,,
2723,ENE23456895,,generic-expansion,,45.0453,-5.450000,-36.220000,N,,,,,,,,,,
2724,ENE23456750,,generic-expansion,,32.1798,-8.154752,-39.281336,N,,,,,,,,,,
2725,ENE23456732,,generic-expansion,,17.0066,-8.154752,-39.281336,N,,,,,,,,,,
2726,ENE235523,,generic-expansion,,16.5314,-5.380000,-35.890000,N,,,,,,,,,,
2727,ENE23556895,,generic-expansion,,45.0453,-5.450000,-36.220000,N,,,,,,,,,,
2728,ENE23556750,,generic-expansion,,32.1798,-8.154752,-39.281336,N,,,,,,,,,,
2729,ENE23556732,,generic-expansion,,17.0066,-8.154752,-39.281336,N,,,,,,,,,,
2730,ENE236523,,generic-expansion,,16.5314,-5.380000,-35.890000,N,,,,,,,,,,
2731,ENE23656895,,generic-expansion,,45.0453,-5.450000,-36.220000,N,,,,,,,,,,
2732,ENE23656750,,generic-expansion,,32.1798,-8.154752,-39.281336,N,,,,,,,,,,
2733,ENE23656732,,generic-expansion,,17.0066,-8.154752,-39.281336,N,,,,,,,,,,
2734,ENE237523,,generic-expansion,,16.5314,-5.380000,-35.890000,N,,,,,,,,,,
2735,ENE23756895,,generic-expansion,,45.0453,-5.450000,-36.220000,N,,,,,,,,,,
2736,ENE23756750,,generic-expansion,,32.1798,-8.154752,-39.281336,N,,,,,,,,,,
2737,ENE23756732,,generic-expansion,,17.0066,-8.154752,-39.281336,N,,,,,,,,,,
2738,ENE238523,,generic-expansion,,16.5314,-5.380000,-35.890000,N,,,,,,,,,,
2739,ENE23856895,,generic-expansion,,45.0453,-5.450000,-36.220000,N,,,,,,,,,,
2740,ENE23856750,,generic-expansion,,32.1798,-8.154752,-39.281336,N,,,,,,,,,,
2741,ENE23856732,,generic-expansion,,17.0066,-8.154752,-39.281336,N,,,,,,,,,,
2742,ENE239523,,generic-expansion,,16.5314,-5.380000,-35.890000,N,,,,,,,,,,
2743,ENE23956895,,generic-expansion,,45.0453,-5.450000,-36.220000,N,,,,,,,,,,
2744,ENE23956750,,generic-expansion,,32.1798,-8.154752,-39.281336,N,,,,,,,,,,
2745,ENE23956732,,generic-expansion,,17.0066,-8.154752,-39.281336,N,,,,,,,,,,
2746,ENE328523,,generic-expansion,,14.1698,-5.380000,-35.890000,N,,,,,,,,,,
2747,ENE32856895,,generic-expansion,,38.6102,-5.450000,-36.220000,N,,,,,,,,,,
2748,ENE32856750,,generic-expansion,,27.5827,-8.154752,-39.281336,N,,,,,,,,,,
2749,ENE32856732,,generic-expansion,,14.577,-8.154752,-39.281336,N,,,,,,,,,,
2750,ENE329523,,generic-expansion,,14.1698,-5.380000,-35.890000,N,,,,,,,,,,
2751,ENE32956895,,generic-expansion,,38.6102,-5.450000,-36.220000,N,,,,,,,,,,
2752,ENE32956750,,generic-expansion,,27.5827,-8.154752,-39.281336,N,,,,,,,,,,
2753,ENE32956732,,generic-expansion,,14.577,-8.154752,-39.281336,N,,,,,,,,,,
2754,ENE330523,,generic-expansion,,14.1698,-5.380000,-35.890000,N,,,,,,,,,,
2755,ENE33056895,,generic-expansion,,38.6102,-5.450000,-36.220000,N,,,,,,,,,,
2756,ENE33056750,,generic-expansion,,27.5827,-8.154752,-39.281336,N,,,,,,,,,,
2757,ENE33056732,,generic-expansion,,14.577,-8.154752,-39.281336,N,,,,,,,,,,
2758,ENE331523,,generic-expansion,,14.1698,-5.380000,-35.890000,N,,,,,,,,,,
2759,ENE33156895,,generic-expansion,,38.6102,-5.450000,-36.220000,N,,,,,,,,,,
2760,ENE33156750,,generic-expansion,,27.5827,-8.154752,-39.281336,N,,,,,,,,,,
2761,ENE33156732,,generic-expansion,,14.577,-8.154752,-39.281336,N,,,,,,,,,,
2762,ENE332523,,generic-expansion,,14.1698,-5.380000,-35.890000,N,,,,,,,,,,
2763,ENE33256895,,generic-expansion,,38.6102,-5.450000,-36.220000,N,,,,,,,,,,
2764,ENE33256750,,generic-expansion,,27.5827,-8.154752,-39.281336,N,,,,,,,,,,
2765,ENE33256732,,generic-expansion,,14.577,-8.154752,-39.281336,N,,,,,,,,,,
2766,ENE333523,,generic-expansion,,14.1698,-5.380000,-35.890000,N,,,,,,,,,,
2767,ENE33356895,,generic-expansion,,38.6102,-5.450000,-36.220000,N,,,,,,,,,,
2768,ENE33356750,,generic-expansion,,27.5827,-8.154752,-39.281336,N,,,,,,,,,,
2769,ENE33356732,,generic-expansion,,14.577,-8.154752,-39.281336,N,,,,,,,,,,
2770,ENE334523,,generic-expansion,,14.1698,-5.380000,-35.890000,N,,,,,,,,,,
2771,ENE33456895,,generic-expansion,,38.6102,-5.450000,-36.220000,N,,,,,,,,,,
2772,ENE33456750,,generic-expansion,,27.5827,-8.154752,-39.281336,N,,,,,,,,,,
2773,ENE33456732,,generic-expansion,,14.577,-8.154752,-39.281336,N,,,,,,,,,,
2774,ENE335523,,generic-expansion,,14.1698,-5.380000,-35.890000,N,,,,,,,,,,
2775,ENE33556895,,generic-expansion,,38.6102,-5.450000,-36.220000,N,,,,,,,,,,
2776,ENE33556750,,generic-expansion,,27.5827,-8.154752,-39.281336,N,,,,,,,,,,
2777,ENE33556732,,generic-expansion,,14.577,-8.154752,-39.281336,N,,,,,,,,,,
2778,ENE336523,,generic-expansion,,14.1698,-5.380000,-35.890000,N,,,,,,,,,,
2779,ENE33656895,,generic-expansion,,38.6102,-5.450000,-36.220000,N,,,,,,,,,,
2780,ENE33656750,,generic-expansion,,27.5827,-8.154752,-39.281336,N,,,,,,,,,,
2781,ENE33656732,,generic-expansion,,14.577,-8.154752,-39.281336,N,,,,,,,,,,
2782,ENE337523,,generic-expansion,,14.1698,-5.380000,-35.890000,N,,,,,,,,,,
2783,ENE33756895,,generic-expansion,,38.6102,-5.450000,-36.220000,N,,,,,,,,,,
2784,ENE33756750,,generic-expansion,,27.5827,-8.154752,-39.281336,N,,,,,,,,,,
2785,ENE33756732,,generic-expansion,,14.577,-8.154752,-39.281336,N,,,,,,,,,,
2786,ENE338523,,generic-expansion,,14.1698,-5.380000,-35.890000,N,,,,,,,,,,
2787,ENE33856895,,generic-expansion,,38.6102,-5.450000,-36.220000,N,,,,,,,,,,
2788,ENE33856750,,generic-expansion,,27.5827,-8.154752,-39.281336,N,,,,,,,,,,
2789,ENE33856732,,generic-expansion,,14.577,-8.154752,-39.281336,N,,,,,,,,,,
2790,ENE339523,,generic-expansion,,14.1698,-5.380000,-35.890000,N,,,,,,,,,,
2791,ENE33956895,,generic-expansion,,38.6102,-5.450000,-36.220000,N,,,,,,,,,,
2792,ENE33956750,,generic-expansion,,27.5827,-8.154752,-39.281336,N,,,,,,,,,,
2793,ENE33956732,,generic-expansion,,14.577,-8.154752,-39.281336,N,,,,,,,,,,
2794,EOLRN032404,RN,identifiable-EOL,uf+num,40.5,-5.221796,-35.658458,Y,Mundo Novo VII,9,4.2,125.0,147.0,198.0,37.8,Não,False,SIGEL/Aerogeradores
2795,EOLRN032405,RN,identifiable-EOL,uf+num,40.5,-5.202639,-35.638808,Y,Mundo Novo VI,9,4.2,125.0,147.0,198.0,37.8,Não,False,SIGEL/Aerogeradores
2796,EOLRN033552,RN,identifiable-EOL,uf+num,22.5,-5.198910,-35.691551,Y,Mundo Novo V,6,4.2,125.0,147.0,198.0,25.2,Não,False,SIGEL/Aerogeradores
2797,EOLRN033834,RN,identifiable-EOL,uf+num,12.4,-5.584803,-36.234792,Y,Santo Agostinho 3,2,6.2,115.0,170.0,200.0,12.4,Não,False,SIGEL/Aerogeradores
2798,EOLRN033835,RN,identifiable-EOL,uf+num,6.2,-5.583280,-36.216473,Y,Santo Agostinho 4,6,6.2,115.0,170.0,200.0,37.2,Não,False,SIGEL/Aerogeradores
2799,EOLRN033836,RN,identifiable-EOL,uf+num,12.4,-5.556848,-36.199048,Y,Santo Agostinho 5,9,6.2,115.0,170.0,200.0,55.8,Não,False,SIGEL/Aerogeradores
2800,EOLRN033838,RN,identifiable-EOL,uf+num,6.2,-5.575243,-36.192846,Y,Santo Agostinho 6,4,6.2,115.0,170.0,200.0,24.8,Não,False,SIGEL/Aerogeradores
2801,EOLRN033872,RN,identifiable-EOL,uf+num,6.2,-5.552011,-36.252162,Y,Santo Agostinho 18,5,6.2,115.0,170.0,200.0,31.0,Não,False,SIGEL/Aerogeradores
2802,EOLRN043218,RN,identifiable-EOL,uf+num,49.5,-5.330986,-36.189133,Y,Catanduba RN I,22,4.5,125.0,150.0,200.0,99.0,Não,False,SIGEL/Aerogeradores
2803,EOLRN043219,RN,identifiable-EOL,uf+num,49.5,-5.367134,-36.203815,Y,Catanduba RN II,11,4.5,125.0,150.0,200.0,49.5,Não,False,SIGEL/Aerogeradores
2804,EOLRN050096,RN,identifiable-EOL,uf+num,31.0,-5.678926,-36.016186,Y,São Domingos I,10,6.2,135.0,170.0,220.0,60.5,Não,True,SIGEL/Aerogeradores
2805,EOLRN050097,RN,identifiable-EOL,uf+num,31.0,-5.677329,-36.047949,Y,São Domingos II,11,5.9,120.0,163.0,202.0,66.4,Não,True,SIGEL/Aerogeradores
2806,EOLRN050098,RN,identifiable-EOL,uf+num,18.6,-5.701042,-36.033397,Y,São Domingos III,6,6.2,135.0,170.0,220.0,36.3,Não,True,SIGEL/Aerogeradores
2807,EOLRN050099,RN,identifiable-EOL,uf+num,24.8,-5.709493,-36.038467,Y,São Domingos IV,8,6.2,135.0,170.0,220.0,48.4,Não,True,SIGEL/Aerogeradores
2808,EOLRN050100,RN,identifiable-EOL,uf+num,12.4,-5.724849,-36.053942,Y,São Domingos V,4,6.2,135.0,170.0,220.0,24.2,Não,True,SIGEL/Aerogeradores
2809,EOLRN050124,RN,identifiable-EOL,uf+num,17.7,-5.580487,-36.113521,Y,Itaúna I,6,6.2,115.0,170.0,200.0,36.3,Não,True,SIGEL/Aerogeradores
2810,EOLRN050125,RN,identifiable-EOL,uf+num,23.6,-5.590891,-36.114536,Y,Itaúna II,8,6.2,115.0,170.0,200.0,48.4,Não,True,SIGEL/Aerogeradores
2811,EOLRN050126,RN,identifiable-EOL,uf+num,41.3,-5.584135,-36.090760,Y,Itaúna III,14,6.2,135.0,170.0,220.0,84.7,Não,True,SIGEL/Aerogeradores
2815,ENE12812902,,generic-expansion,,9.39365,-2.940000,-40.110000,N,,,,,,,,,,
2816,ENE12912902,,generic-expansion,,9.39365,-2.940000,-40.110000,N,,,,,,,,,,
2817,ENE13012902,,generic-expansion,,9.39365,-2.940000,-40.110000,N,,,,,,,,,,
2818,ENE13112902,,generic-expansion,,9.39365,-2.940000,-40.110000,N,,,,,,,,,,
2819,ENE13212902,,generic-expansion,,9.39365,-2.940000,-40.110000,N,,,,,,,,,,
2820,ENE13312902,,generic-expansion,,9.39365,-2.940000,-40.110000,N,,,,,,,,,,
2821,ENE13412902,,generic-expansion,,9.39365,-2.940000,-40.110000,N,,,,,,,,,,
2822,ENE13512902,,generic-expansion,,9.39365,-2.940000,-40.110000,N,,,,,,,,,,
2823,ENE13612902,,generic-expansion,,14.0905,-2.940000,-40.110000,N,,,,,,,,,,
2824,ENE13712902,,generic-expansion,,14.0905,-2.940000,-40.110000,N,,,,,,,,,,
2825,ENE13812902,,generic-expansion,,14.0905,-2.940000,-40.110000,N,,,,,,,,,,
2826,ENE13912902,,generic-expansion,,14.0905,-2.940000,-40.110000,N,,,,,,,,,,
2827,ENE22812902,,generic-expansion,,16.4389,-2.940000,-40.110000,N,,,,,,,,,,
2828,ENE22912902,,generic-expansion,,16.4389,-2.940000,-40.110000,N,,,,,,,,,,
2829,ENE23012902,,generic-expansion,,16.4389,-2.940000,-40.110000,N,,,,,,,,,,
2830,ENE23112902,,generic-expansion,,16.4389,-2.940000,-40.110000,N,,,,,,,,,,
2831,ENE23212902,,generic-expansion,,16.4389,-2.940000,-40.110000,N,,,,,,,,,,
2832,ENE23312902,,generic-expansion,,16.4389,-2.940000,-40.110000,N,,,,,,,,,,
2833,ENE23412902,,generic-expansion,,16.4389,-2.940000,-40.110000,N,,,,,,,,,,
2834,ENE23512902,,generic-expansion,,16.4389,-2.940000,-40.110000,N,,,,,,,,,,
2835,ENE23612902,,generic-expansion,,16.4389,-2.940000,-40.110000,N,,,,,,,,,,
2836,ENE23712902,,generic-expansion,,16.4389,-2.940000,-40.110000,N,,,,,,,,,,
2837,ENE23812902,,generic-expansion,,16.4389,-2.940000,-40.110000,N,,,,,,,,,,
2838,ENE23912902,,generic-expansion,,16.4389,-2.940000,-40.110000,N,,,,,,,,,,
2839,ENE32812902,,generic-expansion,,14.0905,-2.940000,-40.110000,N,,,,,,,,,,
2840,ENE32912902,,generic-expansion,,14.0905,-2.940000,-40.110000,N,,,,,,,,,,
2841,ENE33012902,,generic-expansion,,14.0905,-2.940000,-40.110000,N,,,,,,,,,,
2842,ENE33112902,,generic-expansion,,14.0905,-2.940000,-40.110000,N,,,,,,,,,,
2843,ENE33212902,,generic-expansion,,14.0905,-2.940000,-40.110000,N,,,,,,,,,,
2844,ENE33312902,,generic-expansion,,14.0905,-2.940000,-40.110000,N,,,,,,,,,,
2845,ENE33412902,,generic-expansion,,14.0905,-2.940000,-40.110000,N,,,,,,,,,,
2846,ENE33512902,,generic-expansion,,14.0905,-2.940000,-40.110000,N,,,,,,,,,,
2847,ENE33612902,,generic-expansion,,14.0905,-2.940000,-40.110000,N,,,,,,,,,,
2848,ENE33712902,,generic-expansion,,14.0905,-2.940000,-40.110000,N,,,,,,,,,,
2849,ENE33812902,,generic-expansion,,14.0905,-2.940000,-40.110000,N,,,,,,,,,,
2850,ENE33912902,,generic-expansion,,14.0905,-2.940000,-40.110000,N,,,,,,,,,,
2851,ENE12812501,,generic-expansion,,23.6902,-8.030000,-40.640000,N,,,,,,,,,,
2852,ENE12811575,,generic-expansion,,32.4383,-10.240000,-40.910000,N,,,,,,,,,,
2853,ENE12858787,,generic-expansion,,20.4872,-8.590000,-41.430000,N,,,,,,,,,,
2854,ENE12912501,,generic-expansion,,23.6902,-8.030000,-40.640000,N,,,,,,,,,,
2855,ENE12911575,,generic-expansion,,32.4383,-10.240000,-40.910000,N,,,,,,,,,,
2856,ENE12958787,,generic-expansion,,20.4872,-8.590000,-41.430000,N,,,,,,,,,,
2857,ENE13012501,,generic-expansion,,23.6902,-8.030000,-40.640000,N,,,,,,,,,,
2858,ENE13011575,,generic-expansion,,32.4383,-10.240000,-40.910000,N,,,,,,,,,,
2859,ENE13058787,,generic-expansion,,20.4872,-8.590000,-41.430000,N,,,,,,,,,,
2860,ENE13112501,,generic-expansion,,23.6902,-8.030000,-40.640000,N,,,,,,,,,,
2861,ENE13111575,,generic-expansion,,32.4383,-10.240000,-40.910000,N,,,,,,,,,,
2862,ENE13158787,,generic-expansion,,20.4872,-8.590000,-41.430000,N,,,,,,,,,,
2863,ENE13212501,,generic-expansion,,23.6902,-8.030000,-40.640000,N,,,,,,,,,,
2864,ENE13211575,,generic-expansion,,32.4383,-10.240000,-40.910000,N,,,,,,,,,,
2865,ENE13258787,,generic-expansion,,20.4872,-8.590000,-41.430000,N,,,,,,,,,,
2866,ENE13312501,,generic-expansion,,23.6902,-8.030000,-40.640000,N,,,,,,,,,,
2867,ENE13311575,,generic-expansion,,32.4383,-10.240000,-40.910000,N,,,,,,,,,,
2868,ENE13358787,,generic-expansion,,20.4872,-8.590000,-41.430000,N,,,,,,,,,,
2869,ENE13412501,,generic-expansion,,23.6902,-8.030000,-40.640000,N,,,,,,,,,,
2870,ENE13411575,,generic-expansion,,32.4383,-10.240000,-40.910000,N,,,,,,,,,,
2871,ENE13458787,,generic-expansion,,20.4872,-8.590000,-41.430000,N,,,,,,,,,,
2872,ENE13512501,,generic-expansion,,23.6902,-8.030000,-40.640000,N,,,,,,,,,,
2873,ENE13511575,,generic-expansion,,32.4383,-10.240000,-40.910000,N,,,,,,,,,,
2874,ENE13558787,,generic-expansion,,20.4872,-8.590000,-41.430000,N,,,,,,,,,,
2875,ENE13612501,,generic-expansion,,35.5353,-8.030000,-40.640000,N,,,,,,,,,,
2876,ENE13611575,,generic-expansion,,48.6575,-10.240000,-40.910000,N,,,,,,,,,,
2877,ENE13658787,,generic-expansion,,30.7308,-8.590000,-41.430000,N,,,,,,,,,,
2878,ENE13712501,,generic-expansion,,35.5353,-8.030000,-40.640000,N,,,,,,,,,,
2879,ENE13711575,,generic-expansion,,48.6575,-10.240000,-40.910000,N,,,,,,,,,,
2880,ENE13758787,,generic-expansion,,30.7308,-8.590000,-41.430000,N,,,,,,,,,,
2881,ENE13812501,,generic-expansion,,35.5353,-8.030000,-40.640000,N,,,,,,,,,,
2882,ENE13811575,,generic-expansion,,48.6575,-10.240000,-40.910000,N,,,,,,,,,,
2883,ENE13858787,,generic-expansion,,30.7308,-8.590000,-41.430000,N,,,,,,,,,,
2884,ENE13912501,,generic-expansion,,35.5353,-8.030000,-40.640000,N,,,,,,,,,,
2885,ENE13911575,,generic-expansion,,48.6575,-10.240000,-40.910000,N,,,,,,,,,,
2886,ENE13958787,,generic-expansion,,30.7308,-8.590000,-41.430000,N,,,,,,,,,,
2887,ENE22812501,,generic-expansion,,41.4578,-8.030000,-40.640000,N,,,,,,,,,,
2888,ENE22811575,,generic-expansion,,56.7671,-10.240000,-40.910000,N,,,,,,,,,,
2889,ENE22858787,,generic-expansion,,35.8526,-8.590000,-41.430000,N,,,,,,,,,,
2890,ENE22912501,,generic-expansion,,41.4578,-8.030000,-40.640000,N,,,,,,,,,,
2891,ENE22911575,,generic-expansion,,56.7671,-10.240000,-40.910000,N,,,,,,,,,,
2892,ENE22958787,,generic-expansion,,35.8526,-8.590000,-41.430000,N,,,,,,,,,,
2893,ENE23012501,,generic-expansion,,41.4578,-8.030000,-40.640000,N,,,,,,,,,,
2894,ENE23011575,,generic-expansion,,56.7671,-10.240000,-40.910000,N,,,,,,,,,,
2895,ENE23058787,,generic-expansion,,35.8526,-8.590000,-41.430000,N,,,,,,,,,,
2896,ENE23112501,,generic-expansion,,41.4578,-8.030000,-40.640000,N,,,,,,,,,,
2897,ENE23111575,,generic-expansion,,56.7671,-10.240000,-40.910000,N,,,,,,,,,,
2898,ENE23158787,,generic-expansion,,35.8526,-8.590000,-41.430000,N,,,,,,,,,,
2899,ENE23212501,,generic-expansion,,41.4578,-8.030000,-40.640000,N,,,,,,,,,,
2900,ENE23211575,,generic-expansion,,56.7671,-10.240000,-40.910000,N,,,,,,,,,,
2901,ENE23258787,,generic-expansion,,35.8526,-8.590000,-41.430000,N,,,,,,,,,,
2902,ENE23312501,,generic-expansion,,41.4578,-8.030000,-40.640000,N,,,,,,,,,,
2903,ENE23311575,,generic-expansion,,56.7671,-10.240000,-40.910000,N,,,,,,,,,,
2904,ENE23358787,,generic-expansion,,35.8526,-8.590000,-41.430000,N,,,,,,,,,,
2905,ENE23412501,,generic-expansion,,41.4578,-8.030000,-40.640000,N,,,,,,,,,,
2906,ENE23411575,,generic-expansion,,56.7671,-10.240000,-40.910000,N,,,,,,,,,,
2907,ENE23458787,,generic-expansion,,35.8526,-8.590000,-41.430000,N,,,,,,,,,,
2908,ENE23512501,,generic-expansion,,41.4578,-8.030000,-40.640000,N,,,,,,,,,,
2909,ENE23511575,,generic-expansion,,56.7671,-10.240000,-40.910000,N,,,,,,,,,,
2910,ENE23558787,,generic-expansion,,35.8526,-8.590000,-41.430000,N,,,,,,,,,,
2911,ENE23612501,,generic-expansion,,41.4578,-8.030000,-40.640000,N,,,,,,,,,,
2912,ENE23611575,,generic-expansion,,56.7671,-10.240000,-40.910000,N,,,,,,,,,,
2913,ENE23658787,,generic-expansion,,35.8526,-8.590000,-41.430000,N,,,,,,,,,,
2914,ENE23712501,,generic-expansion,,41.4578,-8.030000,-40.640000,N,,,,,,,,,,
2915,ENE23711575,,generic-expansion,,56.7671,-10.240000,-40.910000,N,,,,,,,,,,
2916,ENE23758787,,generic-expansion,,35.8526,-8.590000,-41.430000,N,,,,,,,,,,
2917,ENE23812501,,generic-expansion,,41.4578,-8.030000,-40.640000,N,,,,,,,,,,
2918,ENE23811575,,generic-expansion,,56.7671,-10.240000,-40.910000,N,,,,,,,,,,
2919,ENE23858787,,generic-expansion,,35.8526,-8.590000,-41.430000,N,,,,,,,,,,
2920,ENE23912501,,generic-expansion,,41.4578,-8.030000,-40.640000,N,,,,,,,,,,
2921,ENE23911575,,generic-expansion,,56.7671,-10.240000,-40.910000,N,,,,,,,,,,
2922,ENE23958787,,generic-expansion,,35.8526,-8.590000,-41.430000,N,,,,,,,,,,
2923,ENE32812501,,generic-expansion,,35.5353,-8.030000,-40.640000,N,,,,,,,,,,
2924,ENE32811575,,generic-expansion,,48.6575,-10.240000,-40.910000,N,,,,,,,,,,
2925,ENE32858787,,generic-expansion,,30.7308,-8.590000,-41.430000,N,,,,,,,,,,
2926,ENE32912501,,generic-expansion,,35.5353,-8.030000,-40.640000,N,,,,,,,,,,
2927,ENE32911575,,generic-expansion,,48.6575,-10.240000,-40.910000,N,,,,,,,,,,
2928,ENE32958787,,generic-expansion,,30.7308,-8.590000,-41.430000,N,,,,,,,,,,
2929,ENE33012501,,generic-expansion,,35.5353,-8.030000,-40.640000,N,,,,,,,,,,
2930,ENE33011575,,generic-expansion,,48.6575,-10.240000,-40.910000,N,,,,,,,,,,
2931,ENE33058787,,generic-expansion,,30.7308,-8.590000,-41.430000,N,,,,,,,,,,
2932,ENE33112501,,generic-expansion,,35.5353,-8.030000,-40.640000,N,,,,,,,,,,
2933,ENE33111575,,generic-expansion,,48.6575,-10.240000,-40.910000,N,,,,,,,,,,
2934,ENE33158787,,generic-expansion,,30.7308,-8.590000,-41.430000,N,,,,,,,,,,
2935,ENE33212501,,generic-expansion,,35.5353,-8.030000,-40.640000,N,,,,,,,,,,
2936,ENE33211575,,generic-expansion,,48.6575,-10.240000,-40.910000,N,,,,,,,,,,
2937,ENE33258787,,generic-expansion,,30.7308,-8.590000,-41.430000,N,,,,,,,,,,
2938,ENE33312501,,generic-expansion,,35.5353,-8.030000,-40.640000,N,,,,,,,,,,
2939,ENE33311575,,generic-expansion,,48.6575,-10.240000,-40.910000,N,,,,,,,,,,
2940,ENE33358787,,generic-expansion,,30.7308,-8.590000,-41.430000,N,,,,,,,,,,
2941,ENE33412501,,generic-expansion,,35.5353,-8.030000,-40.640000,N,,,,,,,,,,
2942,ENE33411575,,generic-expansion,,48.6575,-10.240000,-40.910000,N,,,,,,,,,,
2943,ENE33458787,,generic-expansion,,30.7308,-8.590000,-41.430000,N,,,,,,,,,,
2944,ENE33512501,,generic-expansion,,35.5353,-8.030000,-40.640000,N,,,,,,,,,,
2945,ENE33511575,,generic-expansion,,48.6575,-10.240000,-40.910000,N,,,,,,,,,,
2946,ENE33558787,,generic-expansion,,30.7308,-8.590000,-41.430000,N,,,,,,,,,,
2947,ENE33612501,,generic-expansion,,35.5353,-8.030000,-40.640000,N,,,,,,,,,,
2948,ENE33611575,,generic-expansion,,48.6575,-10.240000,-40.910000,N,,,,,,,,,,
2949,ENE33658787,,generic-expansion,,30.7308,-8.590000,-41.430000,N,,,,,,,,,,
2950,ENE33712501,,generic-expansion,,35.5353,-8.030000,-40.640000,N,,,,,,,,,,
2951,ENE33711575,,generic-expansion,,48.6575,-10.240000,-40.910000,N,,,,,,,,,,
2952,ENE33758787,,generic-expansion,,30.7308,-8.590000,-41.430000,N,,,,,,,,,,
2953,ENE33812501,,generic-expansion,,35.5353,-8.030000,-40.640000,N,,,,,,,,,,
2954,ENE33811575,,generic-expansion,,48.6575,-10.240000,-40.910000,N,,,,,,,,,,
2955,ENE33858787,,generic-expansion,,30.7308,-8.590000,-41.430000,N,,,,,,,,,,
2956,ENE33912501,,generic-expansion,,35.5353,-8.030000,-40.640000,N,,,,,,,,,,
2957,ENE33911575,,generic-expansion,,48.6575,-10.240000,-40.910000,N,,,,,,,,,,
2958,ENE33958787,,generic-expansion,,30.7308,-8.590000,-41.430000,N,,,,,,,,,,
2959,EOLBA037210,BA,identifiable-EOL,uf+num,25.5,-9.286123,-41.037818,Y,Casa Nova B,18,1.5,100.0,82.0,141.0,27.0,Não,False,SIGEL/Aerogeradores
2960,EOLPE038134,PE,identifiable-EOL,uf+num,45.6,-7.566766,-40.664535,Y,Ventos de São Zacarias 09,8,5.7,115.0,170.0,200.0,45.6,,False,SIGEL/Aerogeradores
2961,EOLPE038135,PE,identifiable-EOL,uf+num,39.9,-7.511588,-40.689059,Y,Ventos de São Zacarias 10,8,5.7,115.0,170.0,200.0,45.6,,False,SIGEL/Aerogeradores
2962,EOLPI038120,PI,identifiable-EOL,uf+num,45.6,-8.964740,-41.699532,Y,Ventos de São Roque 26,8,5.7,120.0,163.0,202.0,45.6,Não,False,SIGEL/Aerogeradores
2963,EOLPI038123,PI,identifiable-EOL,uf+num,34.2,-8.970227,-41.730560,Y,Ventos de São Roque 29,6,5.7,120.0,163.0,202.0,34.2,Não,False,SIGEL/Aerogeradores
2964,EOLPI038126,PI,identifiable-EOL,uf+num,11.4,-7.720135,-40.715320,Y,Ventos de São Zacarias 01,8,5.7,120.0,163.0,200.0,45.6,,False,SIGEL/Aerogeradores
2965,EOLPI038127,PI,identifiable-EOL,uf+num,11.4,-7.699249,-40.699329,Y,Ventos de São Zacarias 02,8,5.7,120.0,163.0,200.0,45.6,,False,SIGEL/Aerogeradores
2966,EOLPI038128,PI,identifiable-EOL,uf+num,45.6,-7.658327,-40.668895,Y,Ventos de São Zacarias 03,16,5.7,115.0,170.0,200.0,91.2,,True,SIGEL/Aerogeradores
2967,EOLPI038129,PI,identifiable-EOL,uf+num,45.6,-7.658444,-40.647832,Y,Ventos de São Zacarias 04,8,5.7,120.0,163.0,200.0,45.6,,False,SIGEL/Aerogeradores
2968,EOLPI038130,PI,identifiable-EOL,uf+num,45.6,-7.643602,-40.665430,Y,Ventos de São Zacarias 05,8,5.7,120.0,163.0,200.0,45.6,,False,SIGEL/Aerogeradores
2969,EOLPI038131,PI,identifiable-EOL,uf+num,45.6,-7.633724,-40.645199,Y,Ventos de São Zacarias 06,16,5.7,115.0,170.0,200.0,91.2,,True,SIGEL/Aerogeradores
2970,EOLPI038132,PI,identifiable-EOL,uf+num,45.6,-7.616361,-40.659969,Y,Ventos de São Zacarias 07,8,5.7,120.0,163.0,200.0,45.6,,False,SIGEL/Aerogeradores
2971,EOLPI038133,PI,identifiable-EOL,uf+num,45.6,-7.594704,-40.669745,Y,Ventos de São Zacarias 08,8,5.7,120.0,163.0,200.0,45.6,,False,SIGEL/Aerogeradores
2972,EOLPI040631,PI,identifiable-EOL,uf+num,45.6,-8.952478,-41.669895,Y,Ventos de São Roque 13,8,5.7,120.0,163.0,202.0,45.6,Não,False,SIGEL/Aerogeradores
2973,ENE12858691,,generic-expansion,,25.0941,-9.660000,-40.690000,N,,,,,,,,,,
2974,ENE12858121,,generic-expansion,,19.3563,-10.160000,-38.300000,N,,,,,,,,,,
2975,ENE12811584,,generic-expansion,,29.9491,-13.560000,-41.540000,N,,,,,,,,,,
2976,ENE128505,,generic-expansion,,18.5781,-9.140000,-38.310000,N,,,,,,,,,,
2977,ENE12958691,,generic-expansion,,25.0941,-9.660000,-40.690000,N,,,,,,,,,,
2978,ENE12958121,,generic-expansion,,19.3563,-10.160000,-38.300000,N,,,,,,,,,,
2979,ENE12911584,,generic-expansion,,29.9491,-13.560000,-41.540000,N,,,,,,,,,,
2980,ENE129505,,generic-expansion,,18.5781,-9.140000,-38.310000,N,,,,,,,,,,
2981,ENE13058691,,generic-expansion,,25.0941,-9.660000,-40.690000,N,,,,,,,,,,
2982,ENE13058121,,generic-expansion,,19.3563,-10.160000,-38.300000,N,,,,,,,,,,
2983,ENE13011584,,generic-expansion,,29.9491,-13.560000,-41.540000,N,,,,,,,,,,
2984,ENE130505,,generic-expansion,,18.5781,-9.140000,-38.310000,N,,,,,,,,,,
2985,ENE13158691,,generic-expansion,,25.0941,-9.660000,-40.690000,N,,,,,,,,,,
2986,ENE13158121,,generic-expansion,,19.3563,-10.160000,-38.300000,N,,,,,,,,,,
2987,ENE13111584,,generic-expansion,,29.9491,-13.560000,-41.540000,N,,,,,,,,,,
2988,ENE131505,,generic-expansion,,18.5781,-9.140000,-38.310000,N,,,,,,,,,,
2989,ENE13258691,,generic-expansion,,25.0941,-9.660000,-40.690000,N,,,,,,,,,,
2990,ENE13258121,,generic-expansion,,19.3563,-10.160000,-38.300000,N,,,,,,,,,,
2991,ENE13211584,,generic-expansion,,29.9491,-13.560000,-41.540000,N,,,,,,,,,,
2992,ENE132505,,generic-expansion,,18.5781,-9.140000,-38.310000,N,,,,,,,,,,
2993,ENE13358691,,generic-expansion,,25.0941,-9.660000,-40.690000,N,,,,,,,,,,
2994,ENE13358121,,generic-expansion,,19.3563,-10.160000,-38.300000,N,,,,,,,,,,
2995,ENE13311584,,generic-expansion,,29.9491,-13.560000,-41.540000,N,,,,,,,,,,
2996,ENE133505,,generic-expansion,,18.5781,-9.140000,-38.310000,N,,,,,,,,,,
2997,ENE13458691,,generic-expansion,,25.0941,-9.660000,-40.690000,N,,,,,,,,,,
2998,ENE13458121,,generic-expansion,,19.3563,-10.160000,-38.300000,N,,,,,,,,,,
2999,ENE13411584,,generic-expansion,,29.9491,-13.560000,-41.540000,N,,,,,,,,,,
3000,ENE134505,,generic-expansion,,18.5781,-9.140000,-38.310000,N,,,,,,,,,,
3001,ENE13558691,,generic-expansion,,25.0941,-9.660000,-40.690000,N,,,,,,,,,,
3002,ENE13558121,,generic-expansion,,19.3563,-10.160000,-38.300000,N,,,,,,,,,,
3003,ENE13511584,,generic-expansion,,29.9491,-13.560000,-41.540000,N,,,,,,,,,,
3004,ENE135505,,generic-expansion,,18.5781,-9.140000,-38.310000,N,,,,,,,,,,
3005,ENE13658691,,generic-expansion,,37.6411,-9.660000,-40.690000,N,,,,,,,,,,
3006,ENE13658121,,generic-expansion,,29.0344,-10.160000,-38.300000,N,,,,,,,,,,
3007,ENE13611584,,generic-expansion,,44.9236,-13.560000,-41.540000,N,,,,,,,,,,
3008,ENE136505,,generic-expansion,,27.8672,-9.140000,-38.310000,N,,,,,,,,,,
3009,ENE13758691,,generic-expansion,,37.6411,-9.660000,-40.690000,N,,,,,,,,,,
3010,ENE13758121,,generic-expansion,,29.0344,-10.160000,-38.300000,N,,,,,,,,,,
3011,ENE13711584,,generic-expansion,,44.9236,-13.560000,-41.540000,N,,,,,,,,,,
3012,ENE137505,,generic-expansion,,27.8672,-9.140000,-38.310000,N,,,,,,,,,,
3013,ENE13858691,,generic-expansion,,37.6411,-9.660000,-40.690000,N,,,,,,,,,,
3014,ENE13858121,,generic-expansion,,29.0344,-10.160000,-38.300000,N,,,,,,,,,,
3015,ENE13811584,,generic-expansion,,44.9236,-13.560000,-41.540000,N,,,,,,,,,,
3016,ENE138505,,generic-expansion,,27.8672,-9.140000,-38.310000,N,,,,,,,,,,
3017,ENE13958691,,generic-expansion,,37.6411,-9.660000,-40.690000,N,,,,,,,,,,
3018,ENE13958121,,generic-expansion,,29.0344,-10.160000,-38.300000,N,,,,,,,,,,
3019,ENE13911584,,generic-expansion,,44.9236,-13.560000,-41.540000,N,,,,,,,,,,
3020,ENE139505,,generic-expansion,,27.8672,-9.140000,-38.310000,N,,,,,,,,,,
3021,ENE22858691,,generic-expansion,,43.9146,-9.660000,-40.690000,N,,,,,,,,,,
3022,ENE22858121,,generic-expansion,,33.8735,-10.160000,-38.300000,N,,,,,,,,,,
3023,ENE22811584,,generic-expansion,,52.4109,-13.560000,-41.540000,N,,,,,,,,,,
3024,ENE228505,,generic-expansion,,32.5118,-9.140000,-38.310000,N,,,,,,,,,,
3025,ENE22958691,,generic-expansion,,43.9146,-9.660000,-40.690000,N,,,,,,,,,,
3026,ENE22958121,,generic-expansion,,33.8735,-10.160000,-38.300000,N,,,,,,,,,,
3027,ENE22911584,,generic-expansion,,52.4109,-13.560000,-41.540000,N,,,,,,,,,,
3028,ENE229505,,generic-expansion,,32.5118,-9.140000,-38.310000,N,,,,,,,,,,
3029,ENE23058691,,generic-expansion,,43.9146,-9.660000,-40.690000,N,,,,,,,,,,
3030,ENE23058121,,generic-expansion,,33.8735,-10.160000,-38.300000,N,,,,,,,,,,
3031,ENE23011584,,generic-expansion,,52.4109,-13.560000,-41.540000,N,,,,,,,,,,
3032,ENE230505,,generic-expansion,,32.5118,-9.140000,-38.310000,N,,,,,,,,,,
3033,ENE23158691,,generic-expansion,,43.9146,-9.660000,-40.690000,N,,,,,,,,,,
3034,ENE23158121,,generic-expansion,,33.8735,-10.160000,-38.300000,N,,,,,,,,,,
3035,ENE23111584,,generic-expansion,,52.4109,-13.560000,-41.540000,N,,,,,,,,,,
3036,ENE231505,,generic-expansion,,32.5118,-9.140000,-38.310000,N,,,,,,,,,,
3037,ENE23258691,,generic-expansion,,43.9146,-9.660000,-40.690000,N,,,,,,,,,,
3038,ENE23258121,,generic-expansion,,33.8735,-10.160000,-38.300000,N,,,,,,,,,,
3039,ENE23211584,,generic-expansion,,52.4109,-13.560000,-41.540000,N,,,,,,,,,,
3040,ENE232505,,generic-expansion,,32.5118,-9.140000,-38.310000,N,,,,,,,,,,
3041,ENE23358691,,generic-expansion,,43.9146,-9.660000,-40.690000,N,,,,,,,,,,
3042,ENE23358121,,generic-expansion,,33.8735,-10.160000,-38.300000,N,,,,,,,,,,
3043,ENE23311584,,generic-expansion,,52.4109,-13.560000,-41.540000,N,,,,,,,,,,
3044,ENE233505,,generic-expansion,,32.5118,-9.140000,-38.310000,N,,,,,,,,,,
3045,ENE23458691,,generic-expansion,,43.9146,-9.660000,-40.690000,N,,,,,,,,,,
3046,ENE23458121,,generic-expansion,,33.8735,-10.160000,-38.300000,N,,,,,,,,,,
3047,ENE23411584,,generic-expansion,,52.4109,-13.560000,-41.540000,N,,,,,,,,,,
3048,ENE234505,,generic-expansion,,32.5118,-9.140000,-38.310000,N,,,,,,,,,,
3049,ENE23558691,,generic-expansion,,43.9146,-9.660000,-40.690000,N,,,,,,,,,,
3050,ENE23558121,,generic-expansion,,33.8735,-10.160000,-38.300000,N,,,,,,,,,,
3051,ENE23511584,,generic-expansion,,52.4109,-13.560000,-41.540000,N,,,,,,,,,,
3052,ENE235505,,generic-expansion,,32.5118,-9.140000,-38.310000,N,,,,,,,,,,
3053,ENE23658691,,generic-expansion,,43.9146,-9.660000,-40.690000,N,,,,,,,,,,
3054,ENE23658121,,generic-expansion,,33.8735,-10.160000,-38.300000,N,,,,,,,,,,
3055,ENE23611584,,generic-expansion,,52.4109,-13.560000,-41.540000,N,,,,,,,,,,
3056,ENE236505,,generic-expansion,,32.5118,-9.140000,-38.310000,N,,,,,,,,,,
3057,ENE23758691,,generic-expansion,,43.9146,-9.660000,-40.690000,N,,,,,,,,,,
3058,ENE23758121,,generic-expansion,,33.8735,-10.160000,-38.300000,N,,,,,,,,,,
3059,ENE23711584,,generic-expansion,,52.4109,-13.560000,-41.540000,N,,,,,,,,,,
3060,ENE237505,,generic-expansion,,32.5118,-9.140000,-38.310000,N,,,,,,,,,,
3061,ENE23858691,,generic-expansion,,43.9146,-9.660000,-40.690000,N,,,,,,,,,,
3062,ENE23858121,,generic-expansion,,33.8735,-10.160000,-38.300000,N,,,,,,,,,,
3063,ENE23811584,,generic-expansion,,52.4109,-13.560000,-41.540000,N,,,,,,,,,,
3064,ENE238505,,generic-expansion,,32.5118,-9.140000,-38.310000,N,,,,,,,,,,
3065,ENE23958691,,generic-expansion,,43.9146,-9.660000,-40.690000,N,,,,,,,,,,
3066,ENE23958121,,generic-expansion,,33.8735,-10.160000,-38.300000,N,,,,,,,,,,
3067,ENE23911584,,generic-expansion,,52.4109,-13.560000,-41.540000,N,,,,,,,,,,
3068,ENE239505,,generic-expansion,,32.5118,-9.140000,-38.310000,N,,,,,,,,,,
3069,ENE32858691,,generic-expansion,,37.6411,-9.660000,-40.690000,N,,,,,,,,,,
3070,ENE32858121,,generic-expansion,,29.0344,-10.160000,-38.300000,N,,,,,,,,,,
3071,ENE32811584,,generic-expansion,,44.9236,-13.560000,-41.540000,N,,,,,,,,,,
3072,ENE328505,,generic-expansion,,27.8672,-9.140000,-38.310000,N,,,,,,,,,,
3073,ENE32958691,,generic-expansion,,37.6411,-9.660000,-40.690000,N,,,,,,,,,,
3074,ENE32958121,,generic-expansion,,29.0344,-10.160000,-38.300000,N,,,,,,,,,,
3075,ENE32911584,,generic-expansion,,44.9236,-13.560000,-41.540000,N,,,,,,,,,,
3076,ENE329505,,generic-expansion,,27.8672,-9.140000,-38.310000,N,,,,,,,,,,
3077,ENE33058691,,generic-expansion,,37.6411,-9.660000,-40.690000,N,,,,,,,,,,
3078,ENE33058121,,generic-expansion,,29.0344,-10.160000,-38.300000,N,,,,,,,,,,
3079,ENE33011584,,generic-expansion,,44.9236,-13.560000,-41.540000,N,,,,,,,,,,
3080,ENE330505,,generic-expansion,,27.8672,-9.140000,-38.310000,N,,,,,,,,,,
3081,ENE33158691,,generic-expansion,,37.6411,-9.660000,-40.690000,N,,,,,,,,,,
3082,ENE33158121,,generic-expansion,,29.0344,-10.160000,-38.300000,N,,,,,,,,,,
3083,ENE33111584,,generic-expansion,,44.9236,-13.560000,-41.540000,N,,,,,,,,,,
3084,ENE331505,,generic-expansion,,27.8672,-9.140000,-38.310000,N,,,,,,,,,,
3085,ENE33258691,,generic-expansion,,37.6411,-9.660000,-40.690000,N,,,,,,,,,,
3086,ENE33258121,,generic-expansion,,29.0344,-10.160000,-38.300000,N,,,,,,,,,,
3087,ENE33211584,,generic-expansion,,44.9236,-13.560000,-41.540000,N,,,,,,,,,,
3088,ENE332505,,generic-expansion,,27.8672,-9.140000,-38.310000,N,,,,,,,,,,
3089,ENE33358691,,generic-expansion,,37.6411,-9.660000,-40.690000,N,,,,,,,,,,
3090,ENE33358121,,generic-expansion,,29.0344,-10.160000,-38.300000,N,,,,,,,,,,
3091,ENE33311584,,generic-expansion,,44.9236,-13.560000,-41.540000,N,,,,,,,,,,
3092,ENE333505,,generic-expansion,,27.8672,-9.140000,-38.310000,N,,,,,,,,,,
3093,ENE33458691,,generic-expansion,,37.6411,-9.660000,-40.690000,N,,,,,,,,,,
3094,ENE33458121,,generic-expansion,,29.0344,-10.160000,-38.300000,N,,,,,,,,,,
3095,ENE33411584,,generic-expansion,,44.9236,-13.560000,-41.540000,N,,,,,,,,,,
3096,ENE334505,,generic-expansion,,27.8672,-9.140000,-38.310000,N,,,,,,,,,,
3097,ENE33558691,,generic-expansion,,37.6411,-9.660000,-40.690000,N,,,,,,,,,,
3098,ENE33558121,,generic-expansion,,29.0344,-10.160000,-38.300000,N,,,,,,,,,,
3099,ENE33511584,,generic-expansion,,44.9236,-13.560000,-41.540000,N,,,,,,,,,,
3100,ENE335505,,generic-expansion,,27.8672,-9.140000,-38.310000,N,,,,,,,,,,
3101,ENE33658691,,generic-expansion,,37.6411,-9.660000,-40.690000,N,,,,,,,,,,
3102,ENE33658121,,generic-expansion,,29.0344,-10.160000,-38.300000,N,,,,,,,,,,
3103,ENE33611584,,generic-expansion,,44.9236,-13.560000,-41.540000,N,,,,,,,,,,
3104,ENE336505,,generic-expansion,,27.8672,-9.140000,-38.310000,N,,,,,,,,,,
3105,ENE33758691,,generic-expansion,,37.6411,-9.660000,-40.690000,N,,,,,,,,,,
3106,ENE33758121,,generic-expansion,,29.0344,-10.160000,-38.300000,N,,,,,,,,,,
3107,ENE33711584,,generic-expansion,,44.9236,-13.560000,-41.540000,N,,,,,,,,,,
3108,ENE337505,,generic-expansion,,27.8672,-9.140000,-38.310000,N,,,,,,,,,,
3109,ENE33858691,,generic-expansion,,37.6411,-9.660000,-40.690000,N,,,,,,,,,,
3110,ENE33858121,,generic-expansion,,29.0344,-10.160000,-38.300000,N,,,,,,,,,,
3111,ENE33811584,,generic-expansion,,44.9236,-13.560000,-41.540000,N,,,,,,,,,,
3112,ENE338505,,generic-expansion,,27.8672,-9.140000,-38.310000,N,,,,,,,,,,
3113,ENE33958691,,generic-expansion,,37.6411,-9.660000,-40.690000,N,,,,,,,,,,
3114,ENE33958121,,generic-expansion,,29.0344,-10.160000,-38.300000,N,,,,,,,,,,
3115,ENE33911584,,generic-expansion,,44.9236,-13.560000,-41.540000,N,,,,,,,,,,
3116,ENE339505,,generic-expansion,,27.8672,-9.140000,-38.310000,N,,,,,,,,,,
3117,ENE12811560,,generic-expansion,,15.5709,-11.280000,-42.670000,N,,,,,,,,,,
3118,ENE12811594,,generic-expansion,,22.359,-13.980000,-42.610000,N,,,,,,,,,,
3119,ENE12811561,,generic-expansion,,36.052,-10.870000,-41.340000,N,,,,,,,,,,
3120,ENE12911560,,generic-expansion,,15.5709,-11.280000,-42.670000,N,,,,,,,,,,
3121,ENE12911594,,generic-expansion,,22.359,-13.980000,-42.610000,N,,,,,,,,,,
3122,ENE12911561,,generic-expansion,,36.052,-10.870000,-41.340000,N,,,,,,,,,,
3123,ENE13011560,,generic-expansion,,15.5709,-11.280000,-42.670000,N,,,,,,,,,,
3124,ENE13011594,,generic-expansion,,22.359,-13.980000,-42.610000,N,,,,,,,,,,
3125,ENE13011561,,generic-expansion,,36.052,-10.870000,-41.340000,N,,,,,,,,,,
3126,ENE13111560,,generic-expansion,,15.5709,-11.280000,-42.670000,N,,,,,,,,,,
3127,ENE13111594,,generic-expansion,,22.359,-13.980000,-42.610000,N,,,,,,,,,,
3128,ENE13111561,,generic-expansion,,36.052,-10.870000,-41.340000,N,,,,,,,,,,
3129,ENE13211560,,generic-expansion,,15.5709,-11.280000,-42.670000,N,,,,,,,,,,
3130,ENE13211594,,generic-expansion,,22.359,-13.980000,-42.610000,N,,,,,,,,,,
3131,ENE13211561,,generic-expansion,,36.052,-10.870000,-41.340000,N,,,,,,,,,,
3132,ENE13311560,,generic-expansion,,15.5709,-11.280000,-42.670000,N,,,,,,,,,,
3133,ENE13311594,,generic-expansion,,22.359,-13.980000,-42.610000,N,,,,,,,,,,
3134,ENE13311561,,generic-expansion,,36.052,-10.870000,-41.340000,N,,,,,,,,,,
3135,ENE13411560,,generic-expansion,,15.5709,-11.280000,-42.670000,N,,,,,,,,,,
3136,ENE13411594,,generic-expansion,,22.359,-13.980000,-42.610000,N,,,,,,,,,,
3137,ENE13411561,,generic-expansion,,36.052,-10.870000,-41.340000,N,,,,,,,,,,
3138,ENE13511560,,generic-expansion,,15.5709,-11.280000,-42.670000,N,,,,,,,,,,
3139,ENE13511594,,generic-expansion,,22.359,-13.980000,-42.610000,N,,,,,,,,,,
3140,ENE13511561,,generic-expansion,,36.052,-10.870000,-41.340000,N,,,,,,,,,,
3141,ENE13611560,,generic-expansion,,23.3564,-11.280000,-42.670000,N,,,,,,,,,,
3142,ENE13611594,,generic-expansion,,33.5385,-13.980000,-42.610000,N,,,,,,,,,,
3143,ENE13611561,,generic-expansion,,54.078,-10.870000,-41.340000,N,,,,,,,,,,
3144,ENE13711560,,generic-expansion,,23.3564,-11.280000,-42.670000,N,,,,,,,,,,
3145,ENE13711594,,generic-expansion,,33.5385,-13.980000,-42.610000,N,,,,,,,,,,
3146,ENE13711561,,generic-expansion,,54.078,-10.870000,-41.340000,N,,,,,,,,,,
3147,ENE13811560,,generic-expansion,,23.3564,-11.280000,-42.670000,N,,,,,,,,,,
3148,ENE13811594,,generic-expansion,,33.5385,-13.980000,-42.610000,N,,,,,,,,,,
3149,ENE13811561,,generic-expansion,,54.078,-10.870000,-41.340000,N,,,,,,,,,,
3150,ENE13911560,,generic-expansion,,23.3564,-11.280000,-42.670000,N,,,,,,,,,,
3151,ENE13911594,,generic-expansion,,33.5385,-13.980000,-42.610000,N,,,,,,,,,,
3152,ENE13911561,,generic-expansion,,54.078,-10.870000,-41.340000,N,,,,,,,,,,
3153,ENE22811560,,generic-expansion,,27.2491,-11.280000,-42.670000,N,,,,,,,,,,
3154,ENE22811594,,generic-expansion,,39.1283,-13.980000,-42.610000,N,,,,,,,,,,
3155,ENE22811561,,generic-expansion,,63.091,-10.870000,-41.340000,N,,,,,,,,,,
3156,ENE22911560,,generic-expansion,,27.2491,-11.280000,-42.670000,N,,,,,,,,,,
3157,ENE22911594,,generic-expansion,,39.1283,-13.980000,-42.610000,N,,,,,,,,,,
3158,ENE22911561,,generic-expansion,,63.091,-10.870000,-41.340000,N,,,,,,,,,,
3159,ENE23011560,,generic-expansion,,27.2491,-11.280000,-42.670000,N,,,,,,,,,,
3160,ENE23011594,,generic-expansion,,39.1283,-13.980000,-42.610000,N,,,,,,,,,,
3161,ENE23011561,,generic-expansion,,63.091,-10.870000,-41.340000,N,,,,,,,,,,
3162,ENE23111560,,generic-expansion,,27.2491,-11.280000,-42.670000,N,,,,,,,,,,
3163,ENE23111594,,generic-expansion,,39.1283,-13.980000,-42.610000,N,,,,,,,,,,
3164,ENE23111561,,generic-expansion,,63.091,-10.870000,-41.340000,N,,,,,,,,,,
3165,ENE23211560,,generic-expansion,,27.2491,-11.280000,-42.670000,N,,,,,,,,,,
3166,ENE23211594,,generic-expansion,,39.1283,-13.980000,-42.610000,N,,,,,,,,,,
3167,ENE23211561,,generic-expansion,,63.091,-10.870000,-41.340000,N,,,,,,,,,,
3168,ENE23311560,,generic-expansion,,27.2491,-11.280000,-42.670000,N,,,,,,,,,,
3169,ENE23311594,,generic-expansion,,39.1283,-13.980000,-42.610000,N,,,,,,,,,,
3170,ENE23311561,,generic-expansion,,63.091,-10.870000,-41.340000,N,,,,,,,,,,
3171,ENE23411560,,generic-expansion,,27.2491,-11.280000,-42.670000,N,,,,,,,,,,
3172,ENE23411594,,generic-expansion,,39.1283,-13.980000,-42.610000,N,,,,,,,,,,
3173,ENE23411561,,generic-expansion,,63.091,-10.870000,-41.340000,N,,,,,,,,,,
3174,ENE23511560,,generic-expansion,,27.2491,-11.280000,-42.670000,N,,,,,,,,,,
3175,ENE23511594,,generic-expansion,,39.1283,-13.980000,-42.610000,N,,,,,,,,,,
3176,ENE23511561,,generic-expansion,,63.091,-10.870000,-41.340000,N,,,,,,,,,,
3177,ENE23611560,,generic-expansion,,27.2491,-11.280000,-42.670000,N,,,,,,,,,,
3178,ENE23611594,,generic-expansion,,39.1283,-13.980000,-42.610000,N,,,,,,,,,,
3179,ENE23611561,,generic-expansion,,63.091,-10.870000,-41.340000,N,,,,,,,,,,
3180,ENE23711560,,generic-expansion,,27.2491,-11.280000,-42.670000,N,,,,,,,,,,
3181,ENE23711594,,generic-expansion,,39.1283,-13.980000,-42.610000,N,,,,,,,,,,
3182,ENE23711561,,generic-expansion,,63.091,-10.870000,-41.340000,N,,,,,,,,,,
3183,ENE23811560,,generic-expansion,,27.2491,-11.280000,-42.670000,N,,,,,,,,,,
3184,ENE23811594,,generic-expansion,,39.1283,-13.980000,-42.610000,N,,,,,,,,,,
3185,ENE23811561,,generic-expansion,,63.091,-10.870000,-41.340000,N,,,,,,,,,,
3186,ENE23911560,,generic-expansion,,27.2491,-11.280000,-42.670000,N,,,,,,,,,,
3187,ENE23911594,,generic-expansion,,39.1283,-13.980000,-42.610000,N,,,,,,,,,,
3188,ENE23911561,,generic-expansion,,63.091,-10.870000,-41.340000,N,,,,,,,,,,
3189,ENE32811560,,generic-expansion,,23.3564,-11.280000,-42.670000,N,,,,,,,,,,
3190,ENE32811594,,generic-expansion,,33.5385,-13.980000,-42.610000,N,,,,,,,,,,
3191,ENE32811561,,generic-expansion,,54.078,-10.870000,-41.340000,N,,,,,,,,,,
3192,ENE32911560,,generic-expansion,,23.3564,-11.280000,-42.670000,N,,,,,,,,,,
3193,ENE32911594,,generic-expansion,,33.5385,-13.980000,-42.610000,N,,,,,,,,,,
3194,ENE32911561,,generic-expansion,,54.078,-10.870000,-41.340000,N,,,,,,,,,,
3195,ENE33011560,,generic-expansion,,23.3564,-11.280000,-42.670000,N,,,,,,,,,,
3196,ENE33011594,,generic-expansion,,33.5385,-13.980000,-42.610000,N,,,,,,,,,,
3197,ENE33011561,,generic-expansion,,54.078,-10.870000,-41.340000,N,,,,,,,,,,
3198,ENE33111560,,generic-expansion,,23.3564,-11.280000,-42.670000,N,,,,,,,,,,
3199,ENE33111594,,generic-expansion,,33.5385,-13.980000,-42.610000,N,,,,,,,,,,
3200,ENE33111561,,generic-expansion,,54.078,-10.870000,-41.340000,N,,,,,,,,,,
3201,ENE33211560,,generic-expansion,,23.3564,-11.280000,-42.670000,N,,,,,,,,,,
3202,ENE33211594,,generic-expansion,,33.5385,-13.980000,-42.610000,N,,,,,,,,,,
3203,ENE33211561,,generic-expansion,,54.078,-10.870000,-41.340000,N,,,,,,,,,,
3204,ENE33311560,,generic-expansion,,23.3564,-11.280000,-42.670000,N,,,,,,,,,,
3205,ENE33311594,,generic-expansion,,33.5385,-13.980000,-42.610000,N,,,,,,,,,,
3206,ENE33311561,,generic-expansion,,54.078,-10.870000,-41.340000,N,,,,,,,,,,
3207,ENE33411560,,generic-expansion,,23.3564,-11.280000,-42.670000,N,,,,,,,,,,
3208,ENE33411594,,generic-expansion,,33.5385,-13.980000,-42.610000,N,,,,,,,,,,
3209,ENE33411561,,generic-expansion,,54.078,-10.870000,-41.340000,N,,,,,,,,,,
3210,ENE33511560,,generic-expansion,,23.3564,-11.280000,-42.670000,N,,,,,,,,,,
3211,ENE33511594,,generic-expansion,,33.5385,-13.980000,-42.610000,N,,,,,,,,,,
3212,ENE33511561,,generic-expansion,,54.078,-10.870000,-41.340000,N,,,,,,,,,,
3213,ENE33611560,,generic-expansion,,23.3564,-11.280000,-42.670000,N,,,,,,,,,,
3214,ENE33611594,,generic-expansion,,33.5385,-13.980000,-42.610000,N,,,,,,,,,,
3215,ENE33611561,,generic-expansion,,54.078,-10.870000,-41.340000,N,,,,,,,,,,
3216,ENE33711560,,generic-expansion,,23.3564,-11.280000,-42.670000,N,,,,,,,,,,
3217,ENE33711594,,generic-expansion,,33.5385,-13.980000,-42.610000,N,,,,,,,,,,
3218,ENE33711561,,generic-expansion,,54.078,-10.870000,-41.340000,N,,,,,,,,,,
3219,ENE33811560,,generic-expansion,,23.3564,-11.280000,-42.670000,N,,,,,,,,,,
3220,ENE33811594,,generic-expansion,,33.5385,-13.980000,-42.610000,N,,,,,,,,,,
3221,ENE33811561,,generic-expansion,,54.078,-10.870000,-41.340000,N,,,,,,,,,,
3222,ENE33911560,,generic-expansion,,23.3564,-11.280000,-42.670000,N,,,,,,,,,,
3223,ENE33911594,,generic-expansion,,33.5385,-13.980000,-42.610000,N,,,,,,,,,,
3224,ENE33911561,,generic-expansion,,54.078,-10.870000,-41.340000,N,,,,,,,,,,
3225,EOLBA034655,BA,identifiable-EOL,uf+num,6.2,-10.925449,-42.553317,Y,Ventos de São Vitor 03,5,6.2,119.0,170.0,204.0,31.0,Não,False,SIGEL/Aerogeradores
3226,EOLBA034657,BA,identifiable-EOL,uf+num,6.2,-10.948055,-42.529456,Y,Ventos de São Vitor 10,7,6.2,119.0,170.0,204.0,43.4,Não,False,SIGEL/Aerogeradores
3227,EOLBA034658,BA,identifiable-EOL,uf+num,12.4,-10.930044,-42.537076,Y,Ventos de São Vitor 11,10,6.2,119.0,170.0,204.0,62.0,Não,False,SIGEL/Aerogeradores
3228,EOLBA034778,BA,identifiable-EOL,uf+num,40.5,-14.770982,-42.567222,Y,Serra das Almas I,18,4.5,90.0,150.0,165.0,81.0,Não,False,SIGEL/Aerogeradores
3229,EOLBA034779,BA,identifiable-EOL,uf+num,45.0,-14.797983,-42.572140,Y,Serra das Almas II,8,5.7,120.0,163.0,202.0,45.6,Não,False,SIGEL/Aerogeradores
3230,EOLBA034780,BA,identifiable-EOL,uf+num,40.5,-14.819882,-42.562684,Y,Serra das Almas III,8,5.7,120.0,163.0,202.0,45.6,Não,False,SIGEL/Aerogeradores
3231,EOLBA034781,BA,identifiable-EOL,uf+num,45.0,-14.830930,-42.584905,Y,Serra das Almas VI,8,5.7,120.0,163.0,202.0,45.6,Não,False,SIGEL/Aerogeradores
3232,EOLBA034829,BA,identifiable-EOL,uf+num,6.2,-10.956298,-42.562181,Y,Ventos de São Vitor 05,5,6.2,119.0,170.0,204.0,31.0,Não,False,SIGEL/Aerogeradores
3233,EOLBA034848,BA,identifiable-EOL,uf+num,12.4,-10.986126,-42.539621,Y,Ventos de São Vitor 08,5,6.2,119.0,170.0,204.0,31.0,Não,False,SIGEL/Aerogeradores
3234,EOLBA034849,BA,identifiable-EOL,uf+num,6.2,-10.971194,-42.536919,Y,Ventos de São Vitor 09,5,6.2,119.0,170.0,204.0,31.0,Não,False,SIGEL/Aerogeradores
3235,EOLBA037004,BA,identifiable-EOL,uf+num,4.2,-14.114559,-42.499765,Y,Caetité D,12,4.2,125.0,147.0,198.0,50.4,Não,False,SIGEL/Aerogeradores
3236,EOLBA037005,BA,identifiable-EOL,uf+num,12.6,-14.074360,-42.512328,Y,Caetité E,9,4.2,125.0,147.0,198.0,37.8,Não,False,SIGEL/Aerogeradores
3237,EOLBA037006,BA,identifiable-EOL,uf+num,25.2,-14.075353,-42.526283,Y,Caetité F,6,4.2,125.0,147.0,198.0,25.2,Não,False,SIGEL/Aerogeradores
3238,EOLBA037084,BA,identifiable-EOL,uf+num,45.0,-14.792290,-42.601323,Y,Serra das Almas IV,8,5.7,120.0,163.0,202.0,45.6,Não,False,SIGEL/Aerogeradores
3239,EOLBA037086,BA,identifiable-EOL,uf+num,45.0,-14.815076,-42.596215,Y,Serra das Almas V,8,5.7,120.0,163.0,202.0,45.6,Não,False,SIGEL/Aerogeradores
3240,EOLBA038084,BA,identifiable-EOL,uf+num,5.7,-11.469077,-42.165827,Y,Ventos de Santa Eugênia 08,5,5.7,120.0,163.0,202.0,28.5,Não,False,SIGEL/Aerogeradores
3241,EOLBA038085,BA,identifiable-EOL,uf+num,5.7,-11.540411,-42.115968,Y,Ventos de Santa Eugênia 09,7,5.7,120.0,163.0,202.0,39.9,Não,False,SIGEL/Aerogeradores
3242,EOLBA038090,BA,identifiable-EOL,uf+num,5.7,-11.526787,-42.118470,Y,Ventos de Santa Eugênia 14,4,5.7,120.0,163.0,202.0,22.8,Não,False,SIGEL/Aerogeradores
3243,EOLBA040777,BA,identifiable-EOL,uf+num,12.6,-14.179860,-42.533024,Y,Brejinhos A,9,4.2,125.0,147.0,198.0,37.8,Não,False,SIGEL/Aerogeradores
3244,EOLBA040778,BA,identifiable-EOL,uf+num,4.2,-14.206851,-42.532677,Y,Brejinhos B,10,4.2,125.0,147.0,198.0,42.0,Não,False,SIGEL/Aerogeradores
3245,EOLBA044878,BA,identifiable-EOL,uf+num,5.7,-11.432522,-42.137430,Y,Serra da Mangabeira,14,5.7,120.0,163.0,202.0,79.8,Não,False,SIGEL/Aerogeradores
3246,EOLBA047208,BA,identifiable-EOL,uf+num,67.5,-11.062931,-41.279851,Y,Ventos de Santo Antônio 04,26,4.5,120.0,150.0,195.0,135.7,Não,True,SIGEL/Aerogeradores
3247,EOLBA049142,BA,identifiable-EOL,uf+num,49.5,-10.779929,-41.213388,Y,Pedra Pintada I,11,4.5,120.0,150.0,195.0,49.5,Não,False,SIGEL/Aerogeradores
3248,EOLBA049143,BA,identifiable-EOL,uf+num,49.5,-10.741721,-41.206939,Y,Pedra Pintada II,11,4.5,120.0,150.0,195.0,49.5,Não,False,SIGEL/Aerogeradores
3249,EOLBA049144,BA,identifiable-EOL,uf+num,45.0,-10.705543,-41.207471,Y,Pedra Pintada III,10,4.5,120.0,150.0,195.0,45.0,Não,False,SIGEL/Aerogeradores
3250,EOLBA049145,BA,identifiable-EOL,uf+num,49.5,-10.668627,-41.185073,Y,Pedra Pintada IV,22,4.5,120.0,150.0,195.0,99.0,Não,False,SIGEL/Aerogeradores
3251,EOLBA049371,BA,identifiable-EOL,uf+num,45.0,-11.370330,-42.607186,Y,Serra do Assuruá I,8,6.0,115.0,170.0,200.0,48.0,Não,False,SIGEL/Aerogeradores
3252,EOLBA049372,BA,identifiable-EOL,uf+num,22.5,-11.409454,-42.621165,Y,Serra do Assuruá II,4,6.0,115.0,170.0,200.0,24.0,Não,False,SIGEL/Aerogeradores
3253,EOLBA049373,BA,identifiable-EOL,uf+num,13.5,-11.416828,-42.606723,Y,Serra do Assuruá III,7,6.0,115.0,170.0,200.0,42.0,Não,False,SIGEL/Aerogeradores
3254,EOLBA049374,BA,identifiable-EOL,uf+num,36.0,-11.418595,-42.591879,Y,Serra do Assuruá IV,16,4.5,90.0,150.0,165.0,81.0,Não,True,SIGEL/Aerogeradores
3255,EOLBA049375,BA,identifiable-EOL,uf+num,4.5,-11.499369,-42.588437,Y,Serra do Assuruá V,6,6.0,115.0,170.0,200.0,36.0,Não,False,SIGEL/Aerogeradores
3256,EOLBA049376,BA,identifiable-EOL,uf+num,36.0,-11.527605,-42.576138,Y,Serra do Assuruá VI,14,4.5,90.0,150.0,165.0,72.0,Não,True,SIGEL/Aerogeradores
3257,EOLBA049377,BA,identifiable-EOL,uf+num,27.0,-11.549194,-42.594802,Y,Serra do Assuruá VII,11,4.5,90.0,150.0,165.0,57.0,Não,True,SIGEL/Aerogeradores
3258,EOLBA049378,BA,identifiable-EOL,uf+num,22.5,-11.536571,-42.554903,Y,Serra do Assuruá VIII,9,4.5,90.0,150.0,165.0,46.5,Não,True,SIGEL/Aerogeradores
3259,EOLBA049379,BA,identifiable-EOL,uf+num,13.5,-11.507018,-42.598799,Y,Serra do Assuruá IX,16,4.5,90.0,150.0,165.0,82.5,Não,True,SIGEL/Aerogeradores
3260,EOLBA049380,BA,identifiable-EOL,uf+num,4.5,-11.512358,-42.579063,Y,Serra do Assuruá X,16,4.5,90.0,150.0,165.0,82.5,Não,True,SIGEL/Aerogeradores
3261,EOLBA049381,BA,identifiable-EOL,uf+num,4.5,-11.522653,-42.548115,Y,Serra do Assuruá XI,16,4.5,90.0,150.0,165.0,82.5,Não,True,SIGEL/Aerogeradores
3262,EOLBA049382,BA,identifiable-EOL,uf+num,22.5,-11.568015,-42.587063,Y,Serra do Assuruá XII,11,4.5,90.0,150.0,165.0,57.0,Não,True,SIGEL/Aerogeradores
3263,EOLBA049383,BA,identifiable-EOL,uf+num,4.5,-11.587319,-42.588409,Y,Serra do Assuruá XIII,14,4.5,90.0,150.0,165.0,72.0,Não,True,SIGEL/Aerogeradores
3264,EOLBA049387,BA,identifiable-EOL,uf+num,27.0,-11.595007,-42.589287,Y,Serra do Assuruá XIV,11,4.5,90.0,150.0,165.0,57.0,Não,True,SIGEL/Aerogeradores
3265,EOLBA049388,BA,identifiable-EOL,uf+num,36.0,-11.472983,-42.617025,Y,Serra do Assuruá XV,14,4.5,90.0,150.0,165.0,72.0,Não,True,SIGEL/Aerogeradores
3266,EOLBA049389,BA,identifiable-EOL,uf+num,40.5,-11.462932,-42.572862,Y,Serra do Assuruá XVI,7,6.0,115.0,170.0,200.0,42.0,Não,False,SIGEL/Aerogeradores
3267,EOLBA049390,BA,identifiable-EOL,uf+num,40.5,-11.465931,-42.558609,Y,Serra do Assuruá XVII,16,4.5,90.0,150.0,165.0,82.5,Não,True,SIGEL/Aerogeradores
3268,EOLBA049391,BA,identifiable-EOL,uf+num,22.5,-11.466636,-42.536068,Y,Serra do Assuruá XVIII,16,4.5,90.0,150.0,165.0,82.5,Não,True,SIGEL/Aerogeradores
3269,EOLBA049392,BA,identifiable-EOL,uf+num,4.5,-11.485924,-42.567892,Y,Serra do Assuruá XIX,16,4.5,90.0,150.0,165.0,82.5,Não,True,SIGEL/Aerogeradores
3270,EOLBA049393,BA,identifiable-EOL,uf+num,40.5,-11.529063,-42.623590,Y,Serra do Assuruá XX,16,4.5,90.0,150.0,165.0,82.5,Não,True,SIGEL/Aerogeradores
3271,EOLBA049394,BA,identifiable-EOL,uf+num,40.5,-11.495872,-42.546258,Y,Serra do Assuruá XXI,16,4.5,90.0,150.0,165.0,82.5,Não,True,SIGEL/Aerogeradores
3272,EOLBA049395,BA,identifiable-EOL,uf+num,27.0,-11.566132,-42.560769,Y,Serra do Assuruá XXII,5,6.0,115.0,170.0,200.0,30.0,Não,False,SIGEL/Aerogeradores
3273,EOLBA049396,BA,identifiable-EOL,uf+num,36.0,-11.539700,-42.527479,Y,Serra do Assuruá XXIII,14,4.5,90.0,150.0,165.0,72.0,Não,True,SIGEL/Aerogeradores
3274,EOLBA049397,BA,identifiable-EOL,uf+num,27.0,-11.603908,-42.556014,Y,Serra do Assuruá XXIV,11,4.5,90.0,150.0,165.0,57.0,Não,True,SIGEL/Aerogeradores
3275,EOLBA049398,BA,identifiable-EOL,uf+num,45.0,-12.619196,-42.057722,Y,Ventos de Santa Luzia 01,10,4.2,120.0,150.0,195.0,42.0,Não,False,SIGEL/Aerogeradores
3276,EOLBA049399,BA,identifiable-EOL,uf+num,4.5,-12.639631,-42.054030,Y,Ventos de Santa Luzia 02,10,4.2,120.0,150.0,195.0,42.0,Não,False,SIGEL/Aerogeradores
3277,EOLBA049416,BA,identifiable-EOL,uf+num,4.5,-12.660166,-42.052829,Y,Ventos de Santa Luzia 03,10,4.2,120.0,150.0,195.0,42.0,Não,False,SIGEL/Aerogeradores
3278,EOLBA049417,BA,identifiable-EOL,uf+num,4.5,-12.681609,-42.049685,Y,Ventos de Santa Luzia 04,10,4.2,120.0,150.0,195.0,42.0,Não,False,SIGEL/Aerogeradores
3279,EOLBA049418,BA,identifiable-EOL,uf+num,4.5,-12.701997,-42.046680,Y,Ventos de Santa Luzia 05,10,4.2,120.0,150.0,195.0,42.0,Não,False,SIGEL/Aerogeradores
3280,EOLBA049419,BA,identifiable-EOL,uf+num,40.5,-12.722416,-42.043233,Y,Ventos de Santa Luzia 06,10,4.2,120.0,150.0,195.0,42.0,Não,False,SIGEL/Aerogeradores
3281,EOLBA049420,BA,identifiable-EOL,uf+num,40.5,-12.746329,-42.033212,Y,Ventos de Santa Luzia 07,10,4.2,120.0,150.0,195.0,42.0,Não,False,SIGEL/Aerogeradores
3282,EOLBA049421,BA,identifiable-EOL,uf+num,9.0,-12.770904,-42.030745,Y,Ventos de Santa Luzia 08,10,4.2,120.0,150.0,195.0,42.0,Não,False,SIGEL/Aerogeradores
3283,EOLBA049422,BA,identifiable-EOL,uf+num,18.0,-12.847698,-42.067419,Y,Ventos de Santa Luzia 09,10,4.2,120.0,150.0,195.0,42.0,Não,False,SIGEL/Aerogeradores
3284,EOLBA049423,BA,identifiable-EOL,uf+num,9.0,-12.868041,-42.064430,Y,Ventos de Santa Luzia 10,10,4.2,120.0,150.0,195.0,42.0,Não,False,SIGEL/Aerogeradores
3285,EOLBA050844,BA,identifiable-EOL,uf+num,39.9,-12.250904,-42.374216,Y,Morro 1,8,5.7,120.0,163.0,202.0,45.6,Não,False,SIGEL/Aerogeradores
3286,EOLBA050845,BA,identifiable-EOL,uf+num,5.7,-12.224532,-42.378040,Y,Morro 2,6,5.7,120.0,163.0,202.0,34.2,Não,False,SIGEL/Aerogeradores
3287,EOLBA051588,BA,identifiable-EOL,uf+num,72.0,-11.051634,-41.263104,Y,Ventos de Santa Luzia 14,12,6.0,115.0,170.0,200.0,72.0,,False,SIGEL/Aerogeradores
3288,EOLBA051589,BA,identifiable-EOL,uf+num,72.0,-11.033739,-41.237690,Y,Ventos de Santa Luzia 15,12,6.0,115.0,170.0,200.0,72.0,,False,SIGEL/Aerogeradores
3289,EOLBA051590,BA,identifiable-EOL,uf+num,72.0,-11.006496,-41.256456,Y,Ventos de Santa Luzia 16,28,4.5,120.0,150.0,195.0,146.4,Não,True,SIGEL/Aerogeradores
3290,EOLBA051591,BA,identifiable-EOL,uf+num,74.4,-11.032149,-41.259469,Y,Ventos de Santa Luzia 17,24,6.2,115.0,170.0,200.0,148.8,Não,False,SIGEL/Aerogeradores
3291,EOLBA051592,BA,identifiable-EOL,uf+num,67.5,-11.044646,-41.289828,Y,Ventos de Santo Antônio 05,11,6.2,115.0,170.0,200.0,68.2,Não,False,SIGEL/Aerogeradores
3292,EOLBA051593,BA,identifiable-EOL,uf+num,67.5,-11.019490,-41.294006,Y,Ventos de Santo Antônio 06,11,6.2,115.0,170.0,200.0,68.2,Não,False,SIGEL/Aerogeradores
3293,EOLBA051594,BA,identifiable-EOL,uf+num,72.0,-11.024283,-41.298461,Y,Ventos de Santo Antônio 07,12,6.2,115.0,170.0,200.0,74.4,Não,False,SIGEL/Aerogeradores
3294,EOLBA051595,BA,identifiable-EOL,uf+num,63.0,-11.048367,-41.305555,Y,Ventos de Santo Antônio 08,12,6.2,115.0,170.0,200.0,74.4,Não,False,SIGEL/Aerogeradores
3295,EOLRN051587,RN,identifiable-EOL,uf+num,4.5,-12.757722,-42.026222,Y,Ventos de Santa Luzia 13,12,4.5,105.0,150.0,180.0,54.0,Não,False,SIGEL/Aerogeradores
3296,ENE128549,,generic-expansion,,17.9737,-8.880000,-36.400000,N,,,,,,,,,,
3297,ENE129549,,generic-expansion,,17.9737,-8.880000,-36.400000,N,,,,,,,,,,
3298,ENE130549,,generic-expansion,,17.9737,-8.880000,-36.400000,N,,,,,,,,,,
3299,ENE131549,,generic-expansion,,17.9737,-8.880000,-36.400000,N,,,,,,,,,,
3300,ENE132549,,generic-expansion,,17.9737,-8.880000,-36.400000,N,,,,,,,,,,
3301,ENE133549,,generic-expansion,,17.9737,-8.880000,-36.400000,N,,,,,,,,,,
3302,ENE134549,,generic-expansion,,17.9737,-8.880000,-36.400000,N,,,,,,,,,,
3303,ENE135549,,generic-expansion,,17.9737,-8.880000,-36.400000,N,,,,,,,,,,
3304,ENE136549,,generic-expansion,,26.9606,-8.880000,-36.400000,N,,,,,,,,,,
3305,ENE137549,,generic-expansion,,26.9606,-8.880000,-36.400000,N,,,,,,,,,,
3306,ENE138549,,generic-expansion,,26.9606,-8.880000,-36.400000,N,,,,,,,,,,
3307,ENE139549,,generic-expansion,,26.9606,-8.880000,-36.400000,N,,,,,,,,,,
3308,ENE228549,,generic-expansion,,31.454,-8.880000,-36.400000,N,,,,,,,,,,
3309,ENE229549,,generic-expansion,,31.454,-8.880000,-36.400000,N,,,,,,,,,,
3310,ENE230549,,generic-expansion,,31.454,-8.880000,-36.400000,N,,,,,,,,,,
3311,ENE231549,,generic-expansion,,31.454,-8.880000,-36.400000,N,,,,,,,,,,
3312,ENE232549,,generic-expansion,,31.454,-8.880000,-36.400000,N,,,,,,,,,,
3313,ENE233549,,generic-expansion,,31.454,-8.880000,-36.400000,N,,,,,,,,,,
3314,ENE234549,,generic-expansion,,31.454,-8.880000,-36.400000,N,,,,,,,,,,
3315,ENE235549,,generic-expansion,,31.454,-8.880000,-36.400000,N,,,,,,,,,,
3316,ENE236549,,generic-expansion,,31.454,-8.880000,-36.400000,N,,,,,,,,,,
3317,ENE237549,,generic-expansion,,31.454,-8.880000,-36.400000,N,,,,,,,,,,
3318,ENE238549,,generic-expansion,,31.454,-8.880000,-36.400000,N,,,,,,,,,,
3319,ENE239549,,generic-expansion,,31.454,-8.880000,-36.400000,N,,,,,,,,,,
3320,ENE328549,,generic-expansion,,26.9606,-8.880000,-36.400000,N,,,,,,,,,,
3321,ENE329549,,generic-expansion,,26.9606,-8.880000,-36.400000,N,,,,,,,,,,
3322,ENE330549,,generic-expansion,,26.9606,-8.880000,-36.400000,N,,,,,,,,,,
3323,ENE331549,,generic-expansion,,26.9606,-8.880000,-36.400000,N,,,,,,,,,,
3324,ENE332549,,generic-expansion,,26.9606,-8.880000,-36.400000,N,,,,,,,,,,
3325,ENE333549,,generic-expansion,,26.9606,-8.880000,-36.400000,N,,,,,,,,,,
3326,ENE334549,,generic-expansion,,26.9606,-8.880000,-36.400000,N,,,,,,,,,,
3327,ENE335549,,generic-expansion,,26.9606,-8.880000,-36.400000,N,,,,,,,,,,
3328,ENE336549,,generic-expansion,,26.9606,-8.880000,-36.400000,N,,,,,,,,,,
3329,ENE337549,,generic-expansion,,26.9606,-8.880000,-36.400000,N,,,,,,,,,,
3330,ENE338549,,generic-expansion,,26.9606,-8.880000,-36.400000,N,,,,,,,,,,
3331,ENE339549,,generic-expansion,,26.9606,-8.880000,-36.400000,N,,,,,,,,,,
3332,EOLPE049353,PE,identifiable-EOL,uf+num,45.0,-8.968322,-36.734336,Y,Serra das Vacas A,8,5.8,101.0,158.0,180.0,46.4,,False,SIGEL/Aerogeradores
3333,EOLPE049354,PE,identifiable-EOL,uf+num,40.5,-8.983787,-36.788086,Y,Serra das Vacas B,9,4.5,120.0,150.0,195.0,40.5,Não,False,SIGEL/Aerogeradores
3334,ENE12812905,,generic-expansion,,27.0651,-3.770000,-41.030000,N,,,,,,,,,,
3335,ENE12912905,,generic-expansion,,27.0651,-3.770000,-41.030000,N,,,,,,,,,,
3336,ENE13012905,,generic-expansion,,27.0651,-3.770000,-41.030000,N,,,,,,,,,,
3337,ENE13112905,,generic-expansion,,27.0651,-3.770000,-41.030000,N,,,,,,,,,,
3338,ENE13212905,,generic-expansion,,27.0651,-3.770000,-41.030000,N,,,,,,,,,,
3339,ENE13312905,,generic-expansion,,27.0651,-3.770000,-41.030000,N,,,,,,,,,,
3340,ENE13412905,,generic-expansion,,27.0651,-3.770000,-41.030000,N,,,,,,,,,,
3341,ENE13512905,,generic-expansion,,27.0651,-3.770000,-41.030000,N,,,,,,,,,,
3342,ENE13612905,,generic-expansion,,40.5977,-3.770000,-41.030000,N,,,,,,,,,,
3343,ENE13712905,,generic-expansion,,40.5977,-3.770000,-41.030000,N,,,,,,,,,,
3344,ENE13812905,,generic-expansion,,40.5977,-3.770000,-41.030000,N,,,,,,,,,,
3345,ENE13912905,,generic-expansion,,40.5977,-3.770000,-41.030000,N,,,,,,,,,,
3346,ENE22812905,,generic-expansion,,47.364,-3.770000,-41.030000,N,,,,,,,,,,
3347,ENE22912905,,generic-expansion,,47.364,-3.770000,-41.030000,N,,,,,,,,,,
3348,ENE23012905,,generic-expansion,,47.364,-3.770000,-41.030000,N,,,,,,,,,,
3349,ENE23112905,,generic-expansion,,47.364,-3.770000,-41.030000,N,,,,,,,,,,
3350,ENE23212905,,generic-expansion,,47.364,-3.770000,-41.030000,N,,,,,,,,,,
3351,ENE23312905,,generic-expansion,,47.364,-3.770000,-41.030000,N,,,,,,,,,,
3352,ENE23412905,,generic-expansion,,47.364,-3.770000,-41.030000,N,,,,,,,,,,
3353,ENE23512905,,generic-expansion,,47.364,-3.770000,-41.030000,N,,,,,,,,,,
3354,ENE23612905,,generic-expansion,,47.364,-3.770000,-41.030000,N,,,,,,,,,,
3355,ENE23712905,,generic-expansion,,47.364,-3.770000,-41.030000,N,,,,,,,,,,
3356,ENE23812905,,generic-expansion,,47.364,-3.770000,-41.030000,N,,,,,,,,,,
3357,ENE23912905,,generic-expansion,,47.364,-3.770000,-41.030000,N,,,,,,,,,,
3358,ENE32812905,,generic-expansion,,40.5977,-3.770000,-41.030000,N,,,,,,,,,,
3359,ENE32912905,,generic-expansion,,40.5977,-3.770000,-41.030000,N,,,,,,,,,,
3360,ENE33012905,,generic-expansion,,40.5977,-3.770000,-41.030000,N,,,,,,,,,,
3361,ENE33112905,,generic-expansion,,40.5977,-3.770000,-41.030000,N,,,,,,,,,,
3362,ENE33212905,,generic-expansion,,40.5977,-3.770000,-41.030000,N,,,,,,,,,,
3363,ENE33312905,,generic-expansion,,40.5977,-3.770000,-41.030000,N,,,,,,,,,,
3364,ENE33412905,,generic-expansion,,40.5977,-3.770000,-41.030000,N,,,,,,,,,,
3365,ENE33512905,,generic-expansion,,40.5977,-3.770000,-41.030000,N,,,,,,,,,,
3366,ENE33612905,,generic-expansion,,40.5977,-3.770000,-41.030000,N,,,,,,,,,,
3367,ENE33712905,,generic-expansion,,40.5977,-3.770000,-41.030000,N,,,,,,,,,,
3368,ENE33812905,,generic-expansion,,40.5977,-3.770000,-41.030000,N,,,,,,,,,,
3369,ENE33912905,,generic-expansion,,40.5977,-3.770000,-41.030000,N,,,,,,,,,,
738,EOLMA033673,MA,identifiable-EOL,uf+num,27.6,-2.629307,-42.647269,Y,Delta 3 VI,12,2.3,80.0,116.0,138.0,27.6,Sim,False,SIGEL/Aerogeradores
739,EOLMA033675,MA,identifiable-EOL,uf+num,27.6,-2.639737,-42.636903,Y,Delta 3 V,12,2.3,80.0,116.0,138.0,27.6,Sim,False,SIGEL/Aerogeradores
740,EOLMA033680,MA,identifiable-EOL,uf+num,27.6,-2.618922,-42.657598,Y,Delta 3 VII,12,2.3,80.0,116.0,138.0,27.6,Sim,False,SIGEL/Aerogeradores
741,EOLMA033682,MA,identifiable-EOL,uf+num,27.6,-2.672120,-42.620042,Y,Delta 3 I,12,2.3,80.0,116.0,138.0,27.6,Sim,False,SIGEL/Aerogeradores
742,EOLMA033683,MA,identifiable-EOL,uf+num,27.6,-2.627142,-42.663875,Y,Delta 3 II,12,2.3,80.0,116.0,138.0,27.6,Sim,False,SIGEL/Aerogeradores
743,EOLMA033684,MA,identifiable-EOL,uf+num,27.6,-2.660519,-42.632172,Y,Delta 3 III,12,2.3,80.0,116.0,138.0,27.6,Sim,False,SIGEL/Aerogeradores
744,EOLMA033685,MA,identifiable-EOL,uf+num,27.6,-2.657240,-42.614821,Y,Delta 3 IV,12,2.3,80.0,116.0,138.0,27.6,Sim,False,SIGEL/Aerogeradores
745,EOLMA033686,MA,identifiable-EOL,uf+num,27.6,-2.666983,-42.642317,Y,Delta 3 VIII,12,2.3,80.0,116.0,138.0,27.6,Sim,False,SIGEL/Aerogeradores
746,EOLMA037967,MA,identifiable-EOL,uf+num,24.3,-2.705852,-42.533569,Y,Delta 6 II,9,2.7,90.0,116.0,148.0,24.3,Não,False,SIGEL/Aerogeradores
747,EOLMA037970,MA,identifiable-EOL,uf+num,29.7,-2.700371,-42.558235,Y,Delta 6 I,11,2.7,90.0,116.0,148.0,29.7,Não,False,SIGEL/Aerogeradores
748,EOLMA037972,MA,identifiable-EOL,uf+num,27.0,-2.684750,-42.571012,Y,Delta 5 II,10,2.7,90.0,116.0,148.0,27.0,Não,False,SIGEL/Aerogeradores
749,EOLMA037976,MA,identifiable-EOL,uf+num,27.0,-2.668970,-42.595024,Y,Delta 5 I,10,2.7,90.0,116.0,148.0,27.0,Não,False,SIGEL/Aerogeradores
750,EOLMA040572,MA,identifiable-EOL,uf+num,27.0,-2.680885,-42.600133,Y,Delta 7 I,10,2.7,90.0,116.0,148.0,27.0,Sim,False,SIGEL/Aerogeradores
751,EOLMA040573,MA,identifiable-EOL,uf+num,35.1,-2.698092,-42.589169,Y,Delta 7 II,13,2.7,90.0,116.0,148.0,35.1,Sim,False,SIGEL/Aerogeradores
752,EOLMA040574,MA,identifiable-EOL,uf+num,35.1,-2.701760,-42.570466,Y,Delta 8 I,13,2.7,90.0,116.0,148.0,35.1,Sim,False,SIGEL/Aerogeradores
